DESIGN,CELL,LOGIC-TYPE,PATH-OCURENCE,PATHS-OCURENCE,FA-IN,FA-OUT,LOGIC-LEVEL,DEEP,LOADED-CELLS,DIF-ARRIVAL,CELL-AREA,COST-AREA,POWER
c1355,_143_,XNOR2,0,0,2,1,1,9,86,0.0,2.66,1.063999999999993,0.000421
c1355,_144_,XNOR2,0,0,2,1,1,9,86,0.0,2.66,1.063999999999993,0.000421
c1355,_145_,XNOR2,0,0,2,2,2,8,85,0.0,2.66,1.063999999999993,0.000422
c1355,_146_,NAND2,0,0,2,1,1,8,78,0.0,1.33,0.5320000000000107,0.00042
c1355,_147_,XNOR2,0,0,2,1,3,7,77,0.0,2.66,1.063999999999993,0.000422
c1355,_148_,XNOR2,0,0,2,1,1,9,86,0.0,2.66,1.063999999999993,0.000421
c1355,_149_,XNOR2,0,0,2,1,1,9,86,0.0,2.66,1.063999999999993,0.000421
c1355,_150_,XNOR2,0,0,2,2,2,8,85,0.0,2.66,1.063999999999993,0.000422
c1355,_151_,XNOR2,0,0,2,1,1,9,79,0.0,2.66,1.063999999999993,0.000421
c1355,_152_,XNOR2,0,0,2,1,1,9,79,0.0,2.66,1.063999999999993,0.000421
c1355,_153_,XNOR2,0,0,2,1,2,8,78,0.0,2.66,1.063999999999993,0.000422
c1355,_154_,XNOR2,0,0,2,1,3,7,77,0.0,2.66,1.063999999999993,0.000423
c1355,_155_,XNOR2,0,0,2,6,4,6,76,0.0,2.66,1.063999999999993,0.000425
c1355,_156_,NAND2,0,0,2,1,1,9,80,0.0,1.33,0.5320000000000107,0.00042
c1355,_157_,XOR2,0,0,2,1,1,9,80,0.0,2.394,0.7980000000000018,0.000421
c1355,_158_,XNOR2,0,0,2,1,2,8,79,0.0,2.66,1.063999999999993,0.000421
c1355,_159_,XNOR2,0,0,2,1,1,8,79,0.0,2.66,1.063999999999993,0.000421
c1355,_160_,XNOR2,0,0,2,1,3,7,78,0.0,2.66,1.063999999999993,0.000422
c1355,_161_,XNOR2,0,0,2,1,1,9,86,0.0,2.66,1.063999999999993,0.000421
c1355,_162_,XNOR2,0,0,2,1,1,9,86,0.0,2.66,1.063999999999993,0.000421
c1355,_163_,XNOR2,0,0,2,2,2,8,85,0.0,2.66,1.063999999999993,0.000422
c1355,_164_,XNOR2,0,0,2,1,1,9,86,0.0,2.66,1.063999999999993,0.000421
c1355,_165_,XNOR2,0,0,2,1,1,9,86,0.0,2.66,1.063999999999993,0.000421
c1355,_166_,XNOR2,0,0,2,2,2,8,85,0.0,2.66,1.063999999999993,0.000422
c1355,_167_,XOR2,0,0,2,1,3,7,78,1.5625000000518696e-06,2.394,0.7980000000000018,0.000423
c1355,_168_,XNOR2,0,0,2,7,4,6,77,1.093750000003002e-05,2.66,1.063999999999993,0.000424
c1355,_169_,NAND2,0,0,2,1,1,9,80,0.0,1.33,0.5320000000000107,0.00042
c1355,_170_,XOR2,0,0,2,1,1,9,80,0.0,2.394,0.7980000000000018,0.000421
c1355,_171_,XNOR2,0,0,2,1,2,8,79,0.0,2.66,1.063999999999993,0.000421
c1355,_172_,XNOR2,0,0,2,1,1,8,79,-0.0005140624999999,2.66,1.063999999999993,0.000421
c1355,_173_,XNOR2,0,0,2,1,3,7,78,0.0,2.66,1.063999999999993,0.000422
c1355,_174_,XNOR2,0,0,2,1,1,9,86,0.0,2.66,1.063999999999993,0.000421
c1355,_175_,XNOR2,0,0,2,1,1,9,86,0.0,2.66,1.063999999999993,0.000421
c1355,_176_,XNOR2,0,0,2,2,2,8,85,0.0002234374999999,2.66,1.063999999999993,0.000422
c1355,_177_,XNOR2,0,0,2,1,1,9,86,0.0,2.66,1.063999999999993,0.000421
c1355,_178_,XNOR2,1,16,2,1,1,9,86,0.00117,2.66,1.063999999999993,0.000421
c1355,_179_,XNOR2,1,16,2,2,2,8,85,0.0005465625,2.66,1.063999999999993,0.000422
c1355,_180_,XOR2,1,16,2,1,3,7,78,-0.0024121875,2.394,0.7980000000000018,0.000423
c1355,_181_,XNOR2,1,16,2,7,4,6,77,0.0038390624999999,2.66,1.063999999999993,0.000424
c1355,_182_,INV,1,16,1,4,5,5,56,0.0009553125,0.798,0.2659999999999911,0.000423
c1355,_183_,NOR2,0,0,2,1,6,4,9,-0.002550625,1.33,0.5320000000000107,0.000424
c1355,_184_,NAND2,0,0,2,1,1,9,78,0.0,1.33,0.5320000000000107,0.00042
c1355,_185_,XOR2,0,0,2,1,1,9,78,0.0,2.394,0.7980000000000018,0.000421
c1355,_186_,XNOR2,0,0,2,1,2,8,77,0.0,2.66,1.063999999999993,0.000421
c1355,_187_,XNOR2,0,0,2,1,1,8,77,0.0,2.66,1.063999999999993,0.000421
c1355,_188_,XNOR2,0,0,2,1,3,7,76,0.0,2.66,1.063999999999993,0.000422
c1355,_189_,XOR2,0,0,2,1,3,7,76,-0.002930625,2.394,0.7980000000000018,0.000423
c1355,_190_,XNOR2,0,0,2,7,4,6,75,7.500000000049134e-06,2.66,1.063999999999993,0.000424
c1355,_191_,NAND2,0,0,2,1,1,9,78,0.0,1.33,0.5320000000000107,0.00042
c1355,_192_,XOR2,0,0,2,1,1,9,78,0.0,2.394,0.7980000000000018,0.000421
c1355,_193_,XNOR2,0,0,2,1,2,8,77,0.0,2.66,1.063999999999993,0.000421
c1355,_194_,XNOR2,0,0,2,1,1,8,77,0.0,2.66,1.063999999999993,0.000421
c1355,_195_,XNOR2,0,0,2,1,3,7,76,0.0,2.66,1.063999999999993,0.000422
c1355,_196_,XOR2,0,0,2,1,3,7,76,-0.0006103124999999,2.394,0.7980000000000018,0.000423
c1355,_197_,XNOR2,0,0,2,5,4,6,75,2.1875000000282085e-06,2.66,1.063999999999993,0.000425
c1355,_198_,INV,0,0,1,4,5,5,73,3.124999999992717e-06,0.798,0.2659999999999911,0.000423
c1355,_199_,NOR2,0,0,2,2,6,4,18,-1.4999999999987246e-05,1.33,0.5320000000000107,0.000424
c1355,_200_,NAND2,0,0,2,1,1,9,81,0.0,1.33,0.5320000000000107,0.00042
c1355,_201_,XNOR2,0,0,2,1,1,9,81,0.0,2.66,1.063999999999993,0.000421
c1355,_202_,XNOR2,0,0,2,1,2,8,80,0.0,2.66,1.063999999999993,0.000421
c1355,_203_,XNOR2,0,0,2,1,1,8,80,0.0,2.66,1.063999999999993,0.000421
c1355,_204_,XNOR2,0,0,2,2,3,7,79,0.0,2.66,1.063999999999993,0.000422
c1355,_205_,XNOR2,0,0,2,1,1,9,85,0.0,2.66,1.063999999999993,0.000421
c1355,_206_,XNOR2,0,0,2,1,1,9,85,0.0,2.66,1.063999999999993,0.000421
c1355,_207_,XNOR2,0,0,2,2,2,8,84,0.0,2.66,1.063999999999993,0.000422
c1355,_208_,XOR2,0,0,2,2,3,7,79,-0.0007259375,2.394,0.7980000000000018,0.000423
c1355,_209_,XNOR2,0,0,2,3,4,6,57,-3.1249999998816946e-07,2.66,1.063999999999993,0.000425
c1355,_210_,NAND2,0,0,2,1,1,9,81,0.0,1.33,0.5320000000000107,0.00042
c1355,_211_,XOR2,0,0,2,1,1,9,81,-0.0006099999999999,2.394,0.7980000000000018,0.000421
c1355,_212_,XNOR2,0,0,2,1,2,8,80,0.0,2.66,1.063999999999993,0.000421
c1355,_213_,XOR2,0,0,2,1,1,8,80,0.0,2.394,0.7980000000000018,0.000421
c1355,_214_,XNOR2,0,0,2,2,3,7,79,0.0,2.66,1.063999999999993,0.000422
c1355,_215_,XNOR2,0,0,2,1,1,9,85,0.0,2.66,1.063999999999993,0.000421
c1355,_216_,XNOR2,0,16,2,1,1,9,85,0.001194375,2.66,1.063999999999993,0.000421
c1355,_217_,XNOR2,0,16,2,2,2,8,84,0.000596875,2.66,1.063999999999993,0.000422
c1355,_218_,XOR2,0,0,2,2,3,7,79,-0.00353,2.394,0.7980000000000018,0.000423
c1355,_219_,XNOR2,0,0,2,3,4,6,57,-0.00026875,2.66,1.063999999999993,0.000425
c1355,_220_,NAND2,0,0,2,1,1,8,79,0.0,1.33,0.5319999999999823,0.00042
c1355,_221_,XNOR2,0,0,2,1,3,7,78,0.0,2.66,1.063999999999993,0.000422
c1355,_222_,XNOR2,0,0,2,1,1,9,80,0.0,2.66,1.063999999999993,0.000421
c1355,_223_,XNOR2,0,0,2,1,1,9,80,0.0,2.66,1.063999999999993,0.000421
c1355,_224_,XNOR2,0,0,2,1,2,8,79,0.0,2.66,1.063999999999993,0.000422
c1355,_225_,XNOR2,0,16,2,1,3,7,78,-0.0003487499999998,2.66,1.063999999999993,0.000423
c1355,_226_,XNOR2,0,16,2,10,4,6,77,0.00809,2.66,1.063999999999993,0.000425
c1355,_227_,XNOR2,0,16,2,1,5,5,36,-0.0040728125,2.66,1.063999999999993,0.00043
c1355,_228_,NOR3,0,16,3,3,6,4,35,0.006831875,1.862,0.7979999999999734,0.000428
c1355,_229_,INV,0,0,1,4,5,5,73,-4.375000000056417e-06,0.798,0.2659999999999911,0.000423
c1355,_230_,XOR2,0,0,2,6,4,6,56,0.0,2.394,0.7980000000000018,0.000425
c1355,_231_,NAND3,0,0,3,1,5,5,36,-0.00518375,1.862,0.7980000000000018,0.000426
c1355,_232_,XOR2,0,0,2,6,4,6,56,0.0,2.394,0.7980000000000018,0.000425
c1355,_233_,NAND3,0,0,3,1,5,5,36,-0.0051849999999999,1.862,0.7980000000000018,0.000426
c1355,_234_,AOI21,0,0,3,3,6,4,35,0.0,1.862,0.7980000000000018,0.000425
c1355,_235_,OAI211,0,4,4,4,7,3,8,-0.0052874999999998,2.394,1.063999999999993,0.000425
c1355,_236_,NOR2,0,1,2,1,8,2,1,-0.0005371874999999,1.33,0.5319999999999823,0.000422
c1355,_237_,XNOR2,0,1,2,0,9,1,0,-0.0003343749999999,2.66,1.063999999999993,0.000421
c1355,_238_,NOR2,0,0,2,2,5,4,18,-1.8749999999290168e-06,1.33,0.5319999999999823,0.000424
c1355,_239_,NOR2,0,0,2,2,6,4,18,-0.0046043749999999,1.33,0.5319999999999823,0.000424
c1355,_240_,INV,0,0,1,2,5,5,37,-5.000000000032756e-06,0.798,0.2659999999999911,0.000423
c1355,_241_,XNOR2,0,0,2,1,5,5,37,-0.00634,2.66,1.063999999999993,0.00043
c1355,_242_,XNOR2,0,0,2,1,5,5,37,-1.4062499999911717e-05,2.66,1.063999999999993,0.00043
c1355,_243_,INV,0,0,1,4,5,5,56,3.124999999992717e-06,0.798,0.2659999999999911,0.000423
c1355,_245_,NAND3,0,4,3,4,7,3,8,-0.00653,1.862,0.7979999999999734,0.000425
c1355,_246_,NOR2,0,1,2,1,8,2,1,-0.0012912499999999,1.33,0.5319999999999823,0.000422
c1355,_247_,XNOR2,0,1,2,0,9,1,0,-0.0003321874999999,2.66,1.063999999999993,0.000421
c1355,_248_,NOR2,0,1,2,1,8,2,1,-0.0005340624999999,1.33,0.5319999999999823,0.000422
c1355,_249_,XNOR2,0,1,2,0,9,1,0,-0.0003343749999999,2.66,1.063999999999993,0.000421
c1355,_250_,NOR2,0,0,2,1,6,4,9,-0.0048146874999999,1.33,0.5319999999999823,0.000424
c1355,_251_,OAI211,0,4,4,4,7,3,8,-0.0065109374999999,2.394,1.063999999999993,0.000425
c1355,_252_,NOR2,0,1,2,1,8,2,1,-0.0005299999999999,1.33,0.5319999999999823,0.000422
c1355,_253_,XNOR2,0,1,2,0,9,1,0,-0.0003346874999999,2.66,1.063999999999993,0.000421
c1355,_254_,NOR2,0,1,2,1,8,2,1,-0.005101875,1.33,0.5319999999999823,0.000422
c1355,_255_,XNOR2,0,1,2,0,9,1,0,-0.0008459375,2.66,1.063999999999993,0.000421
c1355,_256_,NOR2,0,0,2,2,5,4,18,-9.374999999645084e-07,1.33,0.5319999999999823,0.000424
c1355,_257_,NAND3,0,4,3,4,7,3,8,-0.00653,1.862,0.7980000000000018,0.000425
c1355,_258_,NOR2,0,1,2,1,8,2,1,-0.005101875,1.33,0.5320000000000107,0.000422
c1355,_259_,XNOR2,0,1,2,0,9,1,0,-0.0003318749999999,2.66,1.063999999999993,0.000421
c1355,_260_,NOR2,0,1,2,1,8,2,1,-0.0005299999999999,1.33,0.5320000000000107,0.000422
c1355,_261_,XNOR2,0,1,2,0,9,1,0,-0.0008331249999999,2.66,1.063999999999993,0.000421
c1355,_262_,NOR2,0,1,2,1,8,2,1,-0.0048284375,1.33,0.5320000000000107,0.000422
c1355,_263_,XNOR2,0,1,2,0,9,1,0,-0.000328125,2.66,1.063999999999993,0.000421
c1355,_264_,NOR2,0,1,2,1,8,2,1,-0.000633125,1.33,0.5320000000000107,0.000422
c1355,_265_,XNOR2,0,1,2,0,9,1,0,-0.0003321874999999,2.66,1.063999999999993,0.000421
c1355,_266_,NAND4,0,4,4,4,7,3,8,-0.0119678125,2.394,1.0640000000000214,0.000427
c1355,_267_,NOR2,0,1,2,1,8,2,1,-0.0007690625,1.33,0.5320000000000107,0.000422
c1355,_268_,XNOR2,0,1,2,0,9,1,0,-0.0003365625,2.66,1.063999999999993,0.000421
c1355,_269_,NOR2,0,1,2,1,8,2,1,-0.0048221875,1.33,0.5320000000000107,0.000422
c1355,_270_,XNOR2,0,1,2,0,9,1,0,-0.0003290624999999,2.66,1.063999999999993,0.000421
c1355,_271_,NOR2,0,1,2,1,8,2,1,-0.0014278125,1.33,0.5320000000000107,0.000422
c1355,_272_,XNOR2,0,1,2,0,9,1,0,-0.0003365625,2.66,1.063999999999993,0.000421
c1355,_273_,NOR2,0,1,2,1,8,2,1,-0.0005315624999999,1.33,0.5320000000000107,0.000422
c1355,_274_,XNOR2,0,1,2,0,9,1,0,-0.0003346874999999,2.66,1.063999999999993,0.000421
c1355,_275_,NOR2,0,1,2,1,8,2,1,-0.0006271875,1.33,0.5320000000000107,0.000422
c1355,_276_,XNOR2,0,1,2,0,9,1,0,-0.0003343749999999,2.66,1.063999999999993,0.000421
c1355,_277_,NAND2,0,0,2,4,6,3,8,-0.0050709374999999,1.33,0.5320000000000107,0.000424
c1355,_278_,NOR2,0,8,2,8,7,3,16,-0.0049649999999998,1.33,0.5320000000000107,0.000425
c1355,_279_,NAND2,0,0,2,8,6,3,16,-1.6249999999939924e-05,1.33,0.5320000000000107,0.000424
c1355,_280_,NOR4,0,1,4,1,8,2,1,-0.0004028124999999,2.394,1.063999999999993,0.000427
c1355,_281_,XNOR2,0,1,2,0,9,1,0,-0.0007437499999999,2.66,1.063999999999993,0.000421
c1355,_282_,NOR2,0,1,2,1,8,2,1,-0.0006271875,1.33,0.5320000000000107,0.000422
c1355,_283_,XNOR2,0,1,2,0,9,1,0,-0.0003343749999999,2.66,1.063999999999993,0.000421
c1355,_284_,NOR4,0,1,4,1,8,2,1,-0.0004031249999999,2.394,1.063999999999993,0.000427
c1355,_285_,XNOR2,0,1,2,0,9,1,0,-0.0007437499999999,2.66,1.063999999999993,0.000421
c1355,_286_,AND4,1,4,4,4,7,3,8,-0.0033196875,1.862,0.2659999999999911,0.000423
c1355,_287_,NAND2,1,1,2,1,8,2,1,-0.0028546875,1.33,0.5320000000000107,0.000422
c1355,_288_,XOR2,1,1,2,0,9,1,0,-0.0001943749999999,2.394,0.7980000000000018,0.000421
c1355,_289_,NOR4,0,1,4,1,8,2,1,-0.0051174999999999,2.394,1.063999999999993,0.000427
c1355,_290_,XNOR2,0,1,2,0,9,1,0,-0.0007437499999999,2.66,1.063999999999993,0.000421
c1355,_291_,NOR2,0,1,2,1,8,2,1,-0.0007678125,1.33,0.5320000000000107,0.000422
c1355,_292_,XNOR2,0,1,2,0,9,1,0,-0.0003365625,2.66,1.063999999999993,0.000421
c1355,_293_,NOR4,0,1,4,1,8,2,1,-0.0004053124999999,2.394,1.063999999999993,0.000427
c1355,_294_,XNOR2,0,1,2,0,9,1,0,-0.0007437499999999,2.66,1.063999999999993,0.000421
c1355,_295_,NAND2,0,1,2,1,8,2,1,-0.0006049999999999,1.33,0.5320000000000107,0.000422
c1355,_296_,XOR2,0,1,2,0,9,1,0,-0.0001946874999999,2.394,0.7980000000000018,0.000421
c1355,_297_,NAND2,0,0,2,4,6,3,8,-0.0025846874999999,1.33,0.5320000000000107,0.000424
c1355,_298_,NOR4,0,1,4,1,8,2,1,-0.00029875,2.394,1.063999999999993,0.000427
c1355,_299_,XNOR2,0,1,2,0,9,1,0,-0.0007437499999999,2.66,1.063999999999993,0.000421
c1355,_300_,NOR2,0,1,2,1,8,2,1,-0.000633125,1.33,0.5320000000000107,0.000422
c1355,_301_,XNOR2,0,1,2,0,9,1,0,-0.0003321874999999,2.66,1.063999999999993,0.000421
c1355,_302_,NOR4,0,1,4,1,8,2,1,-0.0002990624999998,2.394,1.063999999999993,0.000427
c1355,_303_,XNOR2,0,1,2,0,9,1,0,-0.0007437499999999,2.66,1.063999999999993,0.000421
c1355,_304_,NAND2,0,1,2,1,8,2,1,-0.0005949999999999,1.33,0.5320000000000107,0.000422
c1355,_305_,XOR2,0,1,2,0,9,1,0,-0.0002003124999999,2.394,0.7980000000000018,0.000421
c1355,_306_,NOR4,0,1,4,1,8,2,1,-0.0047884375,2.394,1.063999999999993,0.000427
c1355,_307_,XNOR2,0,1,2,0,9,1,0,-0.0007437499999999,2.66,1.063999999999993,0.000421
c1355,_308_,NOR2,0,1,2,1,8,2,1,-0.0052381249999999,1.33,0.5320000000000107,0.000422
c1355,_309_,XNOR2,0,1,2,0,9,1,0,-0.0003365625,2.66,1.063999999999993,0.000421
c1355,_310_,NOR4,0,1,4,1,8,2,1,-0.0003018749999998,2.394,1.063999999999993,0.000427
c1355,_311_,XNOR2,0,1,2,0,9,1,0,-0.0007437499999999,2.66,1.063999999999993,0.000421
c1355,_312_,NAND2,0,1,2,1,8,2,1,-0.0006053124999999,1.33,0.5320000000000107,0.000422
c1355,_313_,XOR2,0,1,2,0,9,1,0,-0.0001943749999999,2.394,0.7980000000000018,0.000421
c1355,_314_,NOR2,0,1,2,1,8,2,1,-0.0005340624999999,1.33,0.5320000000000107,0.000422
c1355,_315_,XNOR2,0,1,2,0,9,1,0,-0.0003343749999999,2.66,1.063999999999993,0.000421
c1355,_316_,NOR2,0,1,2,1,8,2,1,-0.0012912499999999,1.33,0.5320000000000107,0.000422
c1355,_317_,XNOR2,0,1,2,0,9,1,0,-0.0003321874999999,2.66,1.063999999999993,0.000421
c17,_4_,NAND2,0,0,2,1,1,2,1,0.0,1.33,0.532,2.11e-06
c17,_5_,AND2,1,2,2,2,1,2,2,0.00447,1.33,0.266,2.2e-06
c17,_6_,INV,0,0,1,2,1,2,2,0.0,0.798,0.266,2.06e-06
c17,_7_,OAI21,0,1,3,0,2,1,0,-0.0012599999999999,1.862,0.798,2.54e-06
c17,_8_,INV,0,0,1,1,1,2,1,0.0,0.798,0.266,2.06e-06
c17,_9_,AOI21,1,1,3,0,2,1,0,-0.0012549999999999,1.862,0.798,2.55e-06
c1908,_179_,XNOR2,0,0,2,2,1,14,125,0.0,2.66,1.063999999999993,0.000241
c1908,_180_,XNOR2,0,0,2,2,2,13,110,0.0,2.66,1.063999999999993,0.000241
c1908,_181_,XOR2,0,0,2,1,1,14,104,0.0,2.394,0.7980000000000018,0.000241
c1908,_182_,XNOR2,0,0,2,1,2,13,103,0.0,2.66,1.063999999999993,0.000241
c1908,_183_,XNOR2,0,0,2,5,3,12,102,0.0,2.66,1.063999999999993,0.000242
c1908,_184_,XOR2,0,0,2,1,1,14,98,0.0,2.394,0.7980000000000018,0.000241
c1908,_185_,XNOR2,0,0,2,3,2,13,97,0.0,2.66,1.063999999999993,0.000241
c1908,_186_,INV,0,0,1,3,1,14,91,0.0,0.798,0.2659999999999911,0.00024
c1908,_187_,XOR2,1,25,2,2,1,14,90,0.0005519999999999,2.394,0.7980000000000018,0.000241
c1908,_188_,OR3,1,25,3,2,2,13,88,0.0074940000000001,1.596,0.2659999999999911,0.000241
c1908,_189_,BUF,0,0,1,10,1,15,155,4.400000000015503e-06,1.064,0.2659999999999911,0.000241
c1908,_190_,OAI21,0,0,3,2,2,13,88,-0.0030991999999999,1.862,0.7980000000000018,0.000241
c1908,_191_,AND3,1,25,3,2,3,12,86,0.0019348000000001,1.596,0.2659999999999911,0.000241
c1908,_192_,AOI21,0,0,3,2,3,12,86,-0.0044351999999999,1.862,0.7980000000000018,0.000241
c1908,_193_,OR3,1,25,3,2,4,11,84,0.008282,1.596,0.2659999999999911,0.000242
c1908,_194_,OAI21,0,0,3,2,4,11,84,-0.002896,1.862,0.7980000000000018,0.000242
c1908,_195_,AOI21,1,25,3,2,5,10,82,0.0124412,1.862,0.7980000000000018,0.000242
c1908,_196_,XNOR2,1,16,2,4,6,9,59,-0.0077367999999999,2.66,1.063999999999993,0.000242
c1908,_197_,INV,0,0,1,8,1,13,114,0.0,0.798,0.2659999999999911,0.00024
c1908,_198_,NAND2,0,0,2,2,2,12,97,0.0,1.33,0.5320000000000107,0.000241
c1908,_199_,NAND2,0,0,2,3,3,10,82,0.0,1.33,0.5320000000000107,0.000241
c1908,_200_,OAI21,0,0,3,3,1,10,82,0.0,1.862,0.7980000000000018,0.000241
c1908,_201_,NAND2,0,0,2,4,4,9,57,0.0,1.33,0.5320000000000107,0.000241
c1908,_202_,OAI21,0,0,3,3,1,11,85,0.0,1.862,0.7980000000000018,0.000241
c1908,_203_,INV,0,0,1,2,2,10,82,0.0,0.798,0.2659999999999911,0.000241
c1908,_204_,INV,0,0,1,2,1,14,90,0.0,0.798,0.2659999999999911,0.00024
c1908,_205_,NOR2,0,0,2,1,2,13,88,-2.3999999999579917e-06,1.33,0.5320000000000107,0.000241
c1908,_206_,XNOR2,0,0,2,1,3,12,87,0.0,2.66,1.063999999999993,0.000241
c1908,_207_,XNOR2,0,0,2,2,4,11,86,0.0,2.66,1.063999999999993,0.000242
c1908,_208_,XOR2,0,0,2,1,1,14,105,0.0,2.394,0.7980000000000018,0.000241
c1908,_209_,XNOR2,0,0,2,3,2,13,104,0.0,2.66,1.063999999999993,0.000241
c1908,_210_,XNOR2,0,0,2,1,1,13,89,-0.0010704,2.66,1.063999999999993,0.000241
c1908,_211_,XNOR2,0,0,2,1,3,12,88,0.0,2.66,1.063999999999993,0.000242
c1908,_212_,XNOR2,0,0,2,3,4,11,87,0.0,2.66,1.063999999999993,0.000243
c1908,_213_,XNOR2,0,0,2,4,5,10,82,1.2000000000345068e-06,2.66,1.063999999999993,0.000245
c1908,_214_,NAND3,0,0,3,3,6,9,53,-2.3999999999579917e-06,1.862,0.7980000000000018,0.000243
c1908,_215_,XOR2,0,0,2,2,5,10,82,0.0,2.394,0.7980000000000018,0.000246
c1908,_216_,OAI21,0,0,3,3,6,9,53,1.360000000005801e-05,1.862,0.7980000000000018,0.000242
c1908,_217_,AOI211,0,2,4,3,7,8,31,-0.0010911999999999,2.394,1.063999999999993,0.000242
c1908,_218_,INV,0,0,1,2,1,14,89,0.0,0.798,0.2659999999999911,0.00024
c1908,_219_,NOR2,0,0,2,2,2,14,102,-3.199999999980996e-06,1.33,0.5320000000000107,0.000241
c1908,_220_,NAND3,0,0,3,2,3,13,88,0.0,1.862,0.7980000000000018,0.000241
c1908,_221_,INV,0,0,1,1,1,14,89,0.0,0.798,0.2659999999999911,0.00024
c1908,_222_,OR2,0,0,2,1,1,14,89,0.0,1.33,0.2660000000000195,0.000241
c1908,_223_,OAI21,0,0,3,2,2,13,88,0.0,1.862,0.7980000000000018,0.000241
c1908,_224_,AND3,0,0,3,2,4,12,86,0.0,1.596,0.2659999999999911,0.000241
c1908,_225_,AOI21,0,0,3,2,4,12,86,0.0,1.862,0.7980000000000018,0.000241
c1908,_226_,OR3,0,0,3,2,5,11,84,0.0,1.596,0.2659999999999911,0.000242
c1908,_227_,OAI21,0,0,3,2,5,11,84,0.0,1.862,0.7980000000000018,0.000242
c1908,_228_,AOI21,0,0,3,2,6,10,82,0.0,1.862,0.7980000000000018,0.000242
c1908,_229_,XOR2,0,0,2,4,7,9,72,8.000000000230045e-07,2.394,0.7980000000000018,0.000242
c1908,_230_,NAND2,0,0,2,3,3,11,85,0.0,1.33,0.5320000000000107,0.000241
c1908,_231_,INV,0,0,1,2,4,10,82,0.0,0.798,0.2659999999999911,0.000241
c1908,_232_,INV,0,0,1,6,2,14,107,-2.3999999999579917e-06,0.798,0.2659999999999911,0.000241
c1908,_233_,NAND3,0,0,3,1,3,13,88,0.0,1.862,0.7980000000000018,0.000241
c1908,_234_,XOR2,0,0,2,1,4,12,87,0.0,2.394,0.7980000000000018,0.000241
c1908,_235_,XOR2,0,0,2,2,1,14,102,-4.0000000001150237e-07,2.394,0.7980000000000018,0.000241
c1908,_236_,XNOR2,0,0,2,2,2,13,99,0.0,2.66,1.063999999999993,0.000241
c1908,_237_,XNOR2,0,0,2,2,5,11,86,0.0,2.66,1.063999999999993,0.000242
c1908,_238_,XNOR2,0,0,2,1,1,12,87,0.0,2.66,1.063999999999993,0.000241
c1908,_239_,XNOR2,0,0,2,2,2,11,86,-0.0008755999999999,2.66,1.063999999999993,0.000241
c1908,_240_,XOR2,0,0,2,2,6,10,82,-4.0000000001150237e-07,2.394,0.7980000000000018,0.000243
c1908,_241_,OAI21,0,0,3,3,7,9,64,0.0,1.862,0.7980000000000018,0.000241
c1908,_242_,XNOR2,0,0,2,4,6,10,82,2.160000000006601e-05,2.66,1.063999999999993,0.000243
c1908,_243_,NAND3,0,0,3,3,7,9,64,-2.759999999990548e-05,1.862,0.7980000000000018,0.000242
c1908,_244_,AOI21,0,0,3,3,8,8,37,-2.0000000000575118e-06,1.862,0.7980000000000018,0.000242
c1908,_245_,NAND2,0,0,2,2,1,12,78,0.0,1.33,0.5320000000000107,0.00024
c1908,_246_,AND2,0,0,2,2,2,11,76,0.0,1.33,0.2660000000000195,0.000241
c1908,_247_,NAND2,0,0,2,3,3,10,74,0.0,1.33,0.5320000000000107,0.000241
c1908,_248_,INV,0,0,1,2,1,11,51,0.0,0.798,0.2659999999999911,0.00024
c1908,_249_,NAND2,0,0,2,2,2,10,49,-2.3999999999579917e-06,1.33,0.5320000000000107,0.000241
c1908,_250_,NAND2,0,0,2,2,2,10,72,0.0,1.33,0.5320000000000107,0.000241
c1908,_251_,OAI21,0,0,3,7,4,9,47,7.7600000000011e-05,1.862,0.7980000000000018,0.000241
c1908,_252_,NAND2,0,0,2,1,3,13,83,0.0,1.33,0.5320000000000107,0.000241
c1908,_253_,XOR2,0,0,2,1,1,14,84,0.0,2.394,0.7980000000000018,0.000241
c1908,_254_,XNOR2,0,0,2,1,1,14,84,0.0,2.66,1.063999999999993,0.000241
c1908,_255_,XNOR2,0,0,2,1,2,13,83,0.0,2.66,1.063999999999993,0.000242
c1908,_256_,XNOR2,0,0,2,1,4,12,82,0.0,2.66,1.063999999999993,0.000242
c1908,_257_,XOR2,0,0,2,1,3,12,82,0.0,2.394,0.7980000000000018,0.000242
c1908,_258_,XNOR2,0,0,2,3,5,11,81,0.0,2.66,1.063999999999993,0.000244
c1908,_259_,NAND2,0,0,2,1,6,10,80,-2.520000000005851e-05,1.33,0.5320000000000107,0.000242
c1908,_260_,XOR2,0,0,2,5,7,9,79,3.199999999980996e-06,2.394,0.7980000000000018,0.000243
c1908,_261_,XNOR2,0,0,2,1,1,13,84,0.0,2.66,1.063999999999993,0.000241
c1908,_262_,XNOR2,0,0,2,1,2,12,83,0.0,2.66,1.063999999999993,0.000241
c1908,_263_,NAND3,0,0,3,1,3,13,84,0.0,1.862,0.7980000000000018,0.000241
c1908,_264_,XOR2,0,0,2,1,2,13,84,0.0,2.394,0.7980000000000018,0.000241
c1908,_265_,XNOR2,0,0,2,1,4,12,83,0.0,2.66,1.063999999999993,0.000242
c1908,_266_,XNOR2,0,0,2,3,5,11,82,0.0,2.66,1.063999999999993,0.000243
c1908,_267_,AND2,0,0,2,2,6,10,81,0.0,1.33,0.2660000000000195,0.000242
c1908,_268_,XOR2,0,0,2,3,7,9,56,0.0,2.394,0.7980000000000018,0.000242
c1908,_269_,NOR2,0,0,2,5,8,8,45,-1.5999999999349868e-06,1.33,0.5320000000000107,0.000242
c1908,_270_,AND4,0,1,4,2,9,7,28,-8.399999999997299e-05,1.862,0.2659999999999911,0.000241
c1908,_271_,XOR2,0,1,2,0,10,1,0,-0.0002115999999999,2.394,0.7980000000000018,0.000241
c1908,_272_,XOR2,0,9,2,3,6,9,55,-0.0089063999999998,2.394,0.7980000000000018,0.000242
c1908,_273_,AND2,0,0,2,3,4,9,53,0.0,1.33,0.2660000000000195,0.000241
c1908,_274_,NAND4,0,3,4,2,7,8,37,-0.0028279999999999,2.394,1.063999999999993,0.000242
c1908,_275_,AOI21,0,0,3,2,7,9,48,-2.199999999996649e-05,1.862,0.7980000000000018,0.000242
c1908,_276_,NOR3,0,0,3,2,7,9,48,0.0,1.862,0.7980000000000018,0.000242
c1908,_277_,OAI21,0,0,3,2,8,8,32,-2.0000000000575118e-06,1.862,0.7980000000000018,0.000242
c1908,_278_,NAND3,0,0,3,2,8,8,31,-2.8400000000039505e-05,1.862,0.7980000000000018,0.000242
c1908,_279_,NOR3,0,1,3,2,9,7,28,0.0002915999999999,1.862,0.7980000000000018,0.000241
c1908,_280_,NOR3,0,0,3,4,6,9,61,0.0001392,1.862,0.7980000000000018,0.000242
c1908,_281_,AOI21,0,0,3,4,6,9,61,-1.999999999946489e-06,1.862,0.7980000000000018,0.000243
c1908,_282_,NOR4,1,12,4,3,7,8,41,0.0054319999999999,2.394,1.063999999999993,0.000242
c1908,_283_,XNOR2,0,0,2,1,7,9,40,-4.799999999915983e-06,2.66,1.063999999999993,0.000242
c1908,_284_,AOI21,0,0,3,3,8,8,39,0.0,1.862,0.7980000000000018,0.000242
c1908,_285_,AND4,1,8,4,2,9,7,28,-0.0007159999999999,1.862,0.2659999999999911,0.000241
c1908,_286_,NAND3,0,0,3,4,8,8,46,8.000000000230045e-07,1.862,0.7980000000000018,0.000242
c1908,_287_,NOR2,0,2,2,3,9,7,34,0.0002147999999999,1.33,0.5320000000000107,0.000241
c1908,_288_,XNOR2,0,0,2,2,7,9,54,0.0,2.66,1.063999999999993,0.000242
c1908,_289_,NOR2,0,0,2,3,8,8,38,-1.5999999999349868e-06,1.33,0.5320000000000107,0.000242
c1908,_290_,AND2,0,0,2,2,9,7,29,-1.3999999999847468e-05,1.33,0.2660000000000195,0.000241
c1908,_291_,AOI211,1,7,4,1,10,6,26,-0.0032215999999999,2.394,1.0640000000000214,0.000241
c1908,_292_,NOR4,0,4,4,3,7,8,37,-5.4399999999898974e-05,2.394,1.0640000000000214,0.000242
c1908,_293_,AND4,0,2,4,2,9,7,28,-0.0005071999999999,1.862,0.2659999999999911,0.000241
c1908,_294_,AND2,0,0,2,6,8,8,45,-8.000000000230045e-07,1.33,0.2660000000000195,0.000242
c1908,_295_,AND3,0,0,3,2,9,7,29,-1.3999999999847468e-05,1.596,0.2660000000000195,0.000241
c1908,_296_,AOI211,0,1,4,1,10,6,26,-0.0039932,2.394,1.0640000000000214,0.000241
c1908,_297_,OAI211,0,2,4,3,7,8,33,-0.0029007999999999,2.394,1.0640000000000214,0.000242
c1908,_298_,OR3,0,1,3,2,9,6,27,0.00021,1.596,0.2660000000000195,0.000241
c1908,_299_,NOR2,0,1,2,1,9,7,28,-0.0002176,1.33,0.5320000000000107,0.000241
c1908,_300_,NAND3,0,1,3,2,10,6,27,-0.0002284,1.862,0.7980000000000018,0.000241
c1908,_301_,AND4,1,8,4,3,11,5,25,0.0015275999999999,1.862,0.2659999999999911,0.000241
c1908,_302_,NAND4,0,2,4,2,7,8,34,-0.0027919999999999,2.394,1.063999999999993,0.000242
c1908,_303_,OR2,0,2,2,3,9,7,31,0.0003663999999999,1.33,0.2659999999999911,0.000241
c1908,_304_,NOR3,0,0,3,4,8,8,40,-2.800000000080516e-06,1.862,0.7980000000000018,0.000242
c1908,_305_,NAND2,0,2,2,3,9,7,31,-0.0082671999999999,1.33,0.5319999999999823,0.000241
c1908,_306_,INV,0,0,1,2,1,10,50,0.0,0.798,0.2659999999999911,0.00024
c1908,_307_,NAND2,0,0,2,2,2,9,48,-2.3999999999579917e-06,1.33,0.5319999999999823,0.000241
c1908,_308_,OAI21,0,0,3,6,4,8,46,2.800000000080516e-06,1.862,0.7980000000000018,0.000241
c1908,_309_,NAND2,0,0,2,3,9,7,31,-1.1999999999234845e-06,1.33,0.5320000000000107,0.000241
c1908,_310_,NAND3,0,0,3,3,8,7,31,1.600000000046009e-06,1.862,0.7980000000000018,0.000242
c1908,_311_,AOI22,0,0,4,1,10,6,26,-0.0007572,2.394,1.063999999999993,0.000241
c1908,_312_,AND3,0,1,3,2,10,6,27,-3.199999999980996e-06,1.596,0.2659999999999911,0.000241
c1908,_313_,NAND4,0,1,4,2,9,7,28,-0.0046696,2.394,1.063999999999993,0.000242
c1908,_314_,NAND4,0,1,4,2,9,7,28,-0.004552,2.394,1.063999999999993,0.000242
c1908,_315_,NAND4,0,2,4,2,9,7,28,-0.0097671999999999,2.394,1.063999999999993,0.000242
c1908,_316_,NAND3,0,1,3,1,10,6,26,-0.0014087999999999,1.862,0.7980000000000018,0.00024
c1908,_317_,NOR3,0,1,3,3,11,5,25,-0.0003159999999999,1.862,0.7980000000000018,0.000241
c1908,_318_,AOI21,1,6,3,3,12,4,19,0.0009928,1.862,0.7980000000000018,0.000241
c1908,_319_,BUF,1,6,1,10,13,3,16,0.0036872,1.064,0.2659999999999911,0.000241
c1908,_320_,AOI21,0,0,3,1,14,2,1,-0.0010236,1.862,0.7980000000000018,0.000244
c1908,_321_,NOR2,0,0,2,6,3,2,6,0.0,1.33,0.5319999999999823,0.000241
c1908,_322_,AND3,0,1,3,1,14,2,1,-0.0002976,1.596,0.2659999999999911,0.000241
c1908,_323_,NOR3,0,1,3,0,15,1,0,-0.0002612,1.862,0.7980000000000018,0.000243
c1908,_324_,NAND2,0,0,2,2,5,3,3,-0.0043123999999999,1.33,0.5320000000000107,0.000242
c1908,_325_,AOI21,0,1,3,1,14,2,1,-0.0009263999999999,1.862,0.7980000000000018,0.000243
c1908,_326_,AND3,0,0,3,1,14,2,1,-0.0005064,1.596,0.2659999999999911,0.000241
c1908,_327_,NOR3,0,1,3,0,15,1,0,-0.0001703999999999,1.862,0.7979999999999734,0.000242
c1908,_328_,AND3,0,0,3,1,14,2,1,-0.0005064,1.596,0.2659999999999911,0.000241
c1908,_329_,AOI21,1,1,3,1,14,2,1,-0.0008947999999999,1.862,0.7980000000000018,0.000243
c1908,_330_,NOR3,1,1,3,0,15,1,0,-0.0001316,1.862,0.7980000000000018,0.000243
c1908,_331_,AOI21,0,1,3,1,14,2,1,-0.0008903999999999,1.862,0.7980000000000018,0.000242
c1908,_332_,AND3,0,0,3,1,13,2,1,-0.001074,1.596,0.2659999999999911,0.000241
c1908,_333_,NOR3,0,1,3,0,15,1,0,-0.0001027999999999,1.862,0.7980000000000018,0.000242
c1908,_334_,AOI21,0,1,3,1,14,2,1,-0.0009152,1.862,0.7980000000000018,0.000243
c1908,_335_,AND3,0,0,3,1,13,2,1,-0.0010859999999999,1.596,0.2659999999999911,0.000241
c1908,_336_,NOR3,0,1,3,0,15,1,0,-8.840000000009951e-05,1.862,0.7980000000000018,0.000242
c1908,_337_,NAND2,0,0,2,1,5,2,1,0.0,1.33,0.5320000000000107,0.000242
c1908,_338_,OAI21,0,0,3,1,2,3,2,-2.3999999999579917e-06,1.862,0.7980000000000018,0.000241
c1908,_339_,OAI21,0,1,3,1,12,2,1,0.0002064,1.862,0.7980000000000018,0.000241
c1908,_340_,XNOR2,0,1,2,0,13,1,0,-0.0004252,2.66,1.0640000000000214,0.000243
c1908,_341_,NAND2,0,1,2,1,12,3,2,-0.0010147999999999,1.33,0.5320000000000107,0.000241
c1908,_342_,OAI21,0,0,3,2,7,5,6,-0.0026864,1.862,0.7980000000000018,0.000243
c1908,_343_,XNOR2,0,0,2,1,4,5,4,0.0,2.66,1.0640000000000214,0.000241
c1908,_344_,OAI211,0,0,4,1,8,4,3,-0.0011427999999998,2.394,1.0640000000000214,0.000243
c1908,_345_,AND2,0,0,2,2,9,4,4,0.0,1.33,0.2660000000000195,0.000241
c1908,_346_,AND4,0,0,4,1,10,3,2,0.0,1.862,0.2660000000000195,0.000241
c1908,_347_,OAI21,0,1,3,1,13,2,1,3.520000000012402e-05,1.862,0.7980000000000018,0.000241
c1908,_348_,AOI21,0,0,3,1,9,4,3,0.0,1.862,0.7980000000000018,0.000243
c1908,_349_,NOR3,0,0,3,1,10,3,2,0.0,1.862,0.7980000000000018,0.000242
c1908,_350_,NOR2,0,0,2,1,9,3,2,0.0,1.33,0.5320000000000107,0.000241
c1908,_351_,OAI21,0,0,3,1,11,2,1,0.0,1.862,0.7980000000000018,0.000241
c1908,_352_,NAND3,0,1,3,0,14,1,0,-0.0003431999999999,1.862,0.7980000000000018,0.000241
c1908,_353_,OAI21,0,0,3,1,2,3,2,-2.3999999999579917e-06,1.862,0.7980000000000018,0.000241
c1908,_354_,OAI21,0,1,3,1,12,2,1,-0.0006148,1.862,0.7980000000000018,0.000241
c1908,_355_,XNOR2,0,0,2,1,4,3,2,0.0,2.66,1.063999999999993,0.000243
c1908,_356_,NAND2,0,0,2,1,5,2,1,0.0,1.33,0.5320000000000107,0.000242
c1908,_357_,XNOR2,0,1,2,0,13,1,0,-0.0003287999999999,2.66,1.063999999999993,0.000243
c1908,_358_,XOR2,0,1,2,0,10,1,0,-0.0010352,2.394,0.7980000000000018,0.000241
c1908,_359_,NAND2,0,0,2,2,6,3,3,0.0,1.33,0.5320000000000107,0.000242
c1908,_360_,AND3,0,0,3,1,14,2,1,-0.0005064,1.596,0.2660000000000195,0.000241
c1908,_361_,AOI21,0,1,3,1,14,2,1,-0.000878,1.862,0.7980000000000018,0.000242
c1908,_362_,NOR3,0,1,3,0,15,1,0,-0.0001316,1.862,0.7980000000000018,0.000242
c1908,_363_,NAND2,0,1,2,1,10,2,1,-0.0010324,1.33,0.5320000000000107,0.000241
c1908,_364_,XNOR2,0,1,2,0,11,1,0,-0.0002463999999999,2.66,1.0640000000000214,0.000241
c1908,_365_,NAND2,0,1,2,1,10,2,1,-0.0005543999999999,1.33,0.5320000000000107,0.000241
c1908,_366_,XNOR2,0,1,2,0,11,1,0,-0.0001647999999999,2.66,1.0640000000000214,0.000241
c1908,_367_,XOR2,0,1,2,0,10,1,0,-0.0021299999999999,2.394,0.7980000000000018,0.000241
c1908,_368_,NOR2,0,1,2,1,10,2,1,6.68000000000335e-05,1.33,0.5320000000000107,0.000241
c1908,_369_,XOR2,0,1,2,0,11,1,0,-0.0004283999999999,2.394,0.7980000000000018,0.000241
c1908,_370_,NOR2,0,1,2,1,10,2,1,5.48000000000215e-05,1.33,0.5320000000000107,0.000241
c1908,_371_,XOR2,0,1,2,0,11,1,0,-0.0004252,2.394,0.7980000000000018,0.000241
c1908,_372_,XNOR2,0,1,2,0,11,1,0,-0.0001703999999999,2.66,1.0640000000000214,0.000241
c1908,_373_,XNOR2,0,1,2,0,10,1,0,-0.000352,2.66,1.0640000000000214,0.000241
c1908,_374_,NOR2,0,1,2,1,10,2,1,-0.0001347999999999,1.33,0.5320000000000107,0.000241
c1908,_375_,XOR2,0,1,2,0,11,1,0,-0.0004248,2.394,0.7980000000000018,0.000241
c1908,_376_,XNOR2,0,1,2,0,10,1,0,-0.0003615999999999,2.66,1.0640000000000214,0.000241
c1908,_377_,NOR2,0,1,2,1,10,2,1,-0.0001359999999999,1.33,0.5320000000000107,0.000241
c1908,_378_,XOR2,0,1,2,0,11,1,0,-0.0004248,2.394,0.7980000000000018,0.000241
c1908,_379_,XOR2,0,1,2,0,10,1,0,-0.0003883999999999,2.394,0.7980000000000018,0.000241
c1908,_380_,XNOR2,0,1,2,0,10,1,0,-0.0017135999999999,2.66,1.0640000000000214,0.000241
c1908,_381_,XNOR2,0,1,2,0,11,1,0,-0.0002023999999999,2.66,1.0640000000000214,0.000241
c1908,_382_,XNOR2,0,1,2,0,10,1,0,-0.0001307999999999,2.66,1.0640000000000214,0.000241
c2670,_207_,INV,0,0,1,2,1,3,6,0.0,0.798,0.2660000000000195,0.000233
c2670,_208_,BUF,0,3,1,10,1,9,50,0.0015132653061224,1.064,0.2660000000000195,0.000233
c2670,_209_,MUX2,0,0,3,1,2,8,15,-0.000434693877551,2.394,0.5319999999999823,0.000234
c2670,_210_,MUX2,0,1,3,1,2,8,15,-0.0004412244897958,2.394,0.5319999999999823,0.000234
c2670,_211_,MUX2,0,1,3,3,3,7,14,0.0001597959183674,2.394,0.5319999999999823,0.000234
c2670,_212_,MUX2,0,0,3,1,2,8,15,-0.0010367346938775,2.394,0.5319999999999823,0.000234
c2670,_213_,MUX2,0,1,3,1,2,8,15,-0.0010565306122448,2.394,0.5319999999999823,0.000234
c2670,_214_,MUX2,0,1,3,3,3,7,14,0.0001326530612245,2.394,0.5319999999999823,0.000234
c2670,_215_,MUX2,0,0,3,1,1,10,47,-0.0003242857142856,2.394,0.5319999999999823,0.000234
c2670,_216_,MUX2,0,1,3,1,1,10,47,-0.0003310204081632,2.394,0.5319999999999823,0.000234
c2670,_217_,MUX2,0,1,3,5,2,9,46,0.0001871428571428,2.394,0.5319999999999823,0.000234
c2670,_218_,XNOR2,0,0,2,1,4,4,5,-0.0002165306122448,2.66,1.0640000000000214,0.000235
c2670,_219_,XNOR2,0,0,2,2,5,3,4,-9.428571428568566e-05,2.66,1.0640000000000214,0.000236
c2670,_220_,MUX2,0,0,3,1,2,7,22,-0.0001077551020408,2.394,0.5319999999999823,0.000234
c2670,_221_,MUX2,0,0,3,1,2,7,22,-0.0001077551020408,2.394,0.5319999999999823,0.000234
c2670,_222_,MUX2,0,0,3,4,3,6,21,0.0,2.394,0.5319999999999823,0.000234
c2670,_223_,MUX2,0,0,3,1,2,6,7,-0.0001077551020408,2.394,0.5319999999999823,0.000234
c2670,_224_,MUX2,0,0,3,1,2,6,7,-0.0001077551020408,2.394,0.5319999999999823,0.000234
c2670,_225_,MUX2,0,0,3,1,3,5,6,0.0,2.394,0.5319999999999823,0.000234
c2670,_226_,XOR2,0,0,2,1,4,4,5,0.0,2.394,0.7980000000000018,0.000235
c2670,_227_,MUX2,0,0,3,1,1,8,23,-5.775510204081291e-05,2.394,0.5319999999999823,0.000234
c2670,_228_,MUX2,0,0,3,1,1,8,23,-5.775510204081291e-05,2.394,0.5319999999999823,0.000234
c2670,_229_,MUX2,0,0,3,5,2,7,22,0.0,2.394,0.5319999999999823,0.000234
c2670,_230_,MUX2,0,0,3,1,1,8,23,-5.775510204081291e-05,2.394,0.5319999999999823,0.000234
c2670,_231_,MUX2,0,0,3,1,1,8,23,-5.775510204081291e-05,2.394,0.5319999999999823,0.000234
c2670,_232_,MUX2,0,0,3,4,2,7,22,0.0,2.394,0.5319999999999823,0.000234
c2670,_233_,XNOR2,0,0,2,1,3,5,6,0.0,2.66,1.0640000000000214,0.000235
c2670,_234_,MUX2,0,0,3,1,1,10,49,-0.0003244897959183,2.394,0.5319999999999823,0.000234
c2670,_235_,MUX2,0,1,3,1,1,10,49,-0.0003310204081632,2.394,0.5319999999999823,0.000234
c2670,_236_,MUX2,0,1,3,5,2,9,48,0.0001810204081633,2.394,0.5319999999999823,0.000234
c2670,_237_,MUX2,0,0,3,1,2,7,14,-0.000434693877551,2.394,0.5319999999999823,0.000234
c2670,_238_,MUX2,0,1,3,1,2,7,14,-0.0004414285714285,2.394,0.5319999999999823,0.000234
c2670,_239_,MUX2,0,1,3,2,3,6,13,0.0001038775510204,2.394,0.5319999999999823,0.000234
c2670,_240_,XNOR2,0,1,2,1,4,5,6,-2.653061224486275e-05,2.66,1.0640000000000214,0.000235
c2670,_241_,XNOR2,0,1,2,1,5,4,5,-0.0001544897959183,2.66,1.0640000000000214,0.000236
c2670,_242_,XNOR2,0,1,2,2,6,3,4,-5.5102040816296105e-05,2.66,1.0640000000000214,0.000238
c2670,_243_,OAI21,0,1,3,1,7,2,3,-7.795918367342614e-05,1.862,0.7980000000000018,0.000236
c2670,_244_,AOI21,0,1,3,2,8,1,2,-5.918367346924303e-06,1.862,0.7980000000000018,0.000237
c2670,_245_,BUF,1,22,1,10,1,9,113,0.0034955102040816,1.064,0.2660000000000195,0.000234
c2670,_246_,INV,0,1,1,4,1,9,98,8.38775510204337e-05,0.798,0.2660000000000195,0.000233
c2670,_247_,NOR2,0,17,2,9,2,8,92,0.0004428571428571,1.33,0.5319999999999823,0.000234
c2670,_248_,INV,0,0,1,5,1,9,101,-0.0005114285714285,0.798,0.2660000000000195,0.000233
c2670,_249_,NOR2,0,1,2,10,2,8,96,0.0012283673469388,1.33,0.5319999999999823,0.000233
c2670,_250_,AOI22,0,2,4,1,3,2,23,-0.0026473469387754,2.394,1.0640000000000214,0.000234
c2670,_251_,MUX2,0,0,3,1,2,3,24,-0.0007467346938775,2.394,0.5319999999999823,0.000234
c2670,_252_,INV,0,0,1,1,3,2,23,0.0,0.798,0.2660000000000195,0.000234
c2670,_253_,OAI21,0,2,3,6,4,1,22,0.0001589795918367,1.862,0.7980000000000018,0.000234
c2670,_254_,AOI22,0,2,4,1,3,2,23,-0.0026475510204081,2.394,1.0640000000000214,0.000234
c2670,_255_,MUX2,0,0,3,1,2,3,24,-0.0007467346938775,2.394,0.5319999999999823,0.000234
c2670,_256_,INV,0,0,1,1,3,2,23,0.0,0.798,0.2660000000000195,0.000234
c2670,_257_,OAI21,0,2,3,6,4,1,22,0.0002024489795918,1.862,0.7980000000000018,0.000234
c2670,_258_,XNOR2,0,0,2,1,5,5,6,-0.0004089795918367,2.66,1.0640000000000214,0.000235
c2670,_259_,AOI22,0,2,4,1,3,2,23,-0.0026530612244897,2.394,1.0640000000000214,0.000234
c2670,_260_,MUX2,0,0,3,1,2,3,24,-0.0007467346938775,2.394,0.5320000000000391,0.000234
c2670,_261_,INV,0,0,1,1,3,2,23,0.0,0.798,0.2660000000000195,0.000234
c2670,_262_,OAI21,0,2,3,6,4,1,22,0.0003083673469387,1.862,0.7980000000000018,0.000234
c2670,_263_,MUX2,0,0,3,1,1,8,34,-0.0009555102040816,2.394,0.5320000000000391,0.000234
c2670,_264_,AOI222,0,7,6,6,3,7,33,0.0004483673469387,3.724,1.5960000000000036,0.000234
c2670,_265_,INV,0,4,1,3,4,6,10,-0.0005626530612244,0.798,0.2660000000000195,0.000234
c2670,_266_,XNOR2,0,2,2,1,5,5,6,-0.000668775510204,2.66,1.0640000000000214,0.000235
c2670,_267_,XNOR2,0,2,2,1,6,4,5,-0.000142857142857,2.66,1.0640000000000214,0.000236
c2670,_268_,MUX2,1,5,3,1,2,8,26,-0.0024755102040816,2.394,0.5320000000000391,0.000234
c2670,_269_,AOI222,1,5,6,5,3,7,25,-2.6734693877511484e-05,3.724,1.5960000000000036,0.000234
c2670,_270_,AOI22,0,0,4,1,3,7,12,-0.0028204081632652,2.394,1.0639999999999643,0.000234
c2670,_271_,AND2,0,0,2,1,2,8,13,-0.0007606122448979,1.33,0.2660000000000195,0.000234
c2670,_272_,AOI21,0,0,3,1,3,7,12,0.0,1.862,0.7980000000000018,0.000234
c2670,_273_,OAI21,0,0,3,3,4,6,11,-3.163265306119212e-05,1.862,0.7980000000000018,0.000234
c2670,_274_,XNOR2,1,3,2,2,5,5,10,-0.000914081632653,2.66,1.0639999999999643,0.000235
c2670,_275_,XNOR2,0,3,2,2,7,3,4,-0.0002959183673469,2.66,1.0639999999999643,0.000238
c2670,_276_,AOI22,0,1,4,1,3,2,23,-0.0027338775510204,2.394,1.0639999999999643,0.000234
c2670,_277_,AND2,0,0,2,1,2,3,24,-0.0007606122448979,1.33,0.2660000000000195,0.000234
c2670,_278_,AOI21,0,0,3,1,3,2,23,0.0,1.862,0.7980000000000018,0.000234
c2670,_279_,OAI21,0,1,3,4,4,1,22,2.6326530612269528e-05,1.862,0.7980000000000018,0.000234
c2670,_280_,AOI22,0,1,4,1,3,2,20,-0.0027336734693877,2.394,1.0639999999999643,0.000234
c2670,_281_,AND2,0,0,2,1,2,3,21,-0.0007606122448979,1.33,0.2660000000000195,0.000234
c2670,_282_,AOI21,0,0,3,1,3,2,20,0.0,1.862,0.7980000000000018,0.000234
c2670,_283_,OAI21,0,1,3,4,4,1,19,1.122448979593016e-05,1.862,0.7980000000000018,0.000234
c2670,_284_,XOR2,0,0,2,1,5,4,7,-0.0002020408163264,2.394,0.7980000000000018,0.000235
c2670,_285_,AOI22,0,2,4,1,3,2,20,-0.0026473469387754,2.394,1.0639999999999643,0.000234
c2670,_286_,MUX2,0,0,3,1,2,3,21,-0.0007467346938775,2.394,0.5319999999999823,0.000234
c2670,_287_,INV,0,0,1,1,3,2,20,0.0,0.798,0.2659999999999627,0.000234
c2670,_288_,OAI21,0,2,3,5,4,1,19,0.0001195918367347,1.862,0.7980000000000018,0.000234
c2670,_289_,INV,0,0,1,1,1,2,19,0.0,0.798,0.2659999999999627,0.000233
c2670,_290_,NAND2,0,0,2,1,2,2,19,0.0,1.33,0.5319999999999823,0.000234
c2670,_291_,AOI21,0,0,3,1,2,2,19,-0.0017544897959183,1.862,0.7980000000000018,0.000234
c2670,_292_,AOI22,0,1,4,4,3,1,18,-0.0012702040816326,2.394,1.0639999999999643,0.000234
c2670,_293_,XOR2,0,0,2,1,5,4,7,-0.0003159183673469,2.394,0.7980000000000018,0.000235
c2670,_294_,XNOR2,0,0,2,3,6,3,6,8.224489795918832e-05,2.66,1.0639999999999643,0.000236
c2670,_295_,OAI21,0,3,3,1,8,2,3,-2.0408163265150936e-06,1.862,0.7980000000000018,0.000236
c2670,_296_,AOI21,0,3,3,2,9,1,2,-0.0004459183673469,1.862,0.7980000000000018,0.000237
c2670,_297_,XNOR2,0,0,2,1,1,5,6,-3.4081632653032434e-05,2.66,1.0639999999999643,0.000234
c2670,_298_,XOR2,0,0,2,1,1,5,6,-2.4081632653022437e-05,2.394,0.7980000000000018,0.000234
c2670,_299_,XNOR2,0,0,2,1,2,4,5,-4.836734693874911e-05,2.66,1.0639999999999643,0.000235
c2670,_300_,XOR2,0,0,2,1,1,5,6,0.0,2.394,0.7980000000000018,0.000234
c2670,_301_,XOR2,0,1,2,1,1,5,6,4.653061224491051e-05,2.394,0.7980000000000018,0.000234
c2670,_302_,XNOR2,0,1,2,1,2,4,5,-0.0001444897959183,2.66,1.0639999999999643,0.000235
c2670,_303_,XNOR2,0,1,2,2,3,3,4,-3.938775510198278e-05,2.66,1.0639999999999643,0.000236
c2670,_304_,NAND4,0,0,4,2,1,2,8,-8.959183673470927e-05,2.394,1.0639999999999643,0.000233
c2670,_305_,NAND4,0,5,4,2,1,2,8,0.0002763265306122,2.394,1.0639999999999643,0.000233
c2670,_306_,AOI22,0,3,4,3,2,1,5,0.0002477551020408,2.394,1.0639999999999643,0.000234
c2670,_307_,XNOR2,0,0,2,1,1,5,8,0.0,2.66,1.0639999999999643,0.000234
c2670,_308_,XNOR2,0,1,2,1,1,5,8,2.8979591836758575e-05,2.66,1.0639999999999643,0.000234
c2670,_309_,XNOR2,0,1,2,1,2,4,7,-4.612244897958528e-05,2.66,1.0639999999999643,0.000235
c2670,_310_,XOR2,0,0,2,1,1,4,7,0.0,2.394,0.7980000000000018,0.000234
c2670,_311_,XNOR2,0,1,2,2,3,3,6,4.4897959184109215e-06,2.66,1.0639999999999643,0.000236
c2670,_312_,XNOR2,0,0,2,1,1,4,7,0.0,2.66,1.0639999999999643,0.000234
c2670,_313_,XNOR2,0,0,2,1,1,4,7,0.0,2.66,1.0639999999999643,0.000234
c2670,_314_,XNOR2,0,0,2,2,2,3,6,9.3877551020638e-06,2.66,1.0639999999999643,0.000235
c2670,_315_,OAI21,0,1,3,1,4,2,5,-4.163265306120212e-05,1.862,0.7980000000000018,0.000235
c2670,_316_,AOI21,0,1,3,1,5,1,4,-7.877551020407658e-05,1.862,0.7980000000000018,0.000235
c2670,_317_,XOR2,0,0,2,1,1,3,6,0.0,2.394,0.7980000000000018,0.000234
c2670,_318_,XNOR2,0,0,2,1,1,3,6,0.0,2.66,1.0639999999999643,0.000234
c2670,_319_,XNOR2,0,0,2,1,2,2,5,0.0,2.66,1.0639999999999643,0.000235
c2670,_320_,XOR2,0,1,2,1,1,4,7,8.367346938778497e-05,2.394,0.7980000000000018,0.000234
c2670,_321_,XNOR2,0,0,2,1,1,4,7,0.0,2.66,1.0639999999999643,0.000234
c2670,_322_,XNOR2,0,1,2,1,2,3,6,-0.0001010204081632,2.66,1.0639999999999643,0.000235
c2670,_323_,XNOR2,0,0,2,1,1,3,6,0.0,2.66,1.0639999999999643,0.000234
c2670,_324_,XNOR2,0,1,2,1,3,2,5,-8.97959183671082e-06,2.66,1.0639999999999643,0.000236
c2670,_325_,XNOR2,0,1,2,1,4,1,4,-5.2448979591807054e-05,2.66,1.0639999999999643,0.000237
c2670,_326_,NOR2,0,0,2,1,6,3,3,-0.0002518367346938,1.33,0.5319999999999823,0.000236
c2670,_327_,NAND3,0,0,3,2,7,2,2,-0.0006206122448979,1.862,0.7980000000000018,0.000235
c2670,_328_,NOR3,0,1,3,0,10,1,0,-0.000508775510204,1.862,0.7980000000000018,0.000235
c2670,_329_,OR3,0,1,3,0,10,1,0,-8.448979591835215e-05,1.596,0.2659999999999627,0.000235
c2670,_331_,NAND2,0,1,2,0,1,1,0,-7.204081632647408e-05,1.33,0.5319999999999823,0.000233
c2670,_332_,NAND3,0,1,3,0,1,1,0,-6.795918367344389e-05,1.862,0.7980000000000018,0.000233
c2670,_333_,NAND2,0,1,2,0,4,1,0,-0.0017369387755102,1.33,0.5319999999999823,0.000234
c2670,_334_,MUX2,0,1,3,0,5,1,0,-0.0002063265306122,2.394,0.5319999999999823,0.000234
c2670,_335_,MUX2,0,1,3,0,5,1,0,-0.0002610204081632,2.394,0.5319999999999823,0.000234
c2670,_336_,INV,0,0,1,1,1,2,1,0.0,0.798,0.2659999999999627,0.000233
c2670,_337_,OAI21,0,1,3,0,4,1,0,-0.0015259183673469,1.862,0.7980000000000018,0.000234
c2670,_338_,OAI21,0,1,3,1,5,2,1,-0.0004973469387754,1.862,0.7980000000000018,0.000234
c2670,_339_,OAI21,0,1,3,0,6,1,0,-0.0015897959183673,1.862,0.7980000000000018,0.000234
c2670,_340_,NAND4,0,1,4,0,1,1,0,-4.693877550976389e-06,2.394,1.0639999999999643,0.000233
c2670,_341_,NAND3,0,1,3,0,1,1,0,-6.775510204079516e-05,1.862,0.7980000000000018,0.000233
c2670,_342_,MUX2,0,0,3,2,3,4,5,-2.918367346937956e-05,2.394,0.5319999999999823,0.000234
c2670,_343_,BUF,0,0,1,10,1,8,28,1.224489795947914e-06,1.064,0.2659999999999627,0.000233
c2670,_344_,NOR2,0,0,2,1,2,7,8,-4.081632652974676e-07,1.33,0.5319999999999823,0.000234
c2670,_345_,AOI21,0,2,3,2,4,6,7,-0.0012581632653061,1.862,0.7980000000000018,0.000234
c2670,_346_,MUX2,0,0,3,2,5,4,5,-3.8775510204064334e-05,2.394,0.5319999999999823,0.000234
c2670,_347_,AOI222,0,0,6,2,6,2,2,-0.000334693877551,3.724,1.5960000000000036,0.000235
c2670,_348_,NOR2,0,0,2,1,2,5,6,-4.081632652974676e-07,1.33,0.5320000000000391,0.000234
c2670,_349_,AOI21,0,0,3,2,4,4,5,-0.0014812244897958,1.862,0.7980000000000018,0.000234
c2670,_350_,MUX2,0,0,3,2,5,4,4,-0.0001118367346938,2.394,0.5320000000000391,0.000234
c2670,_351_,OAI22,0,0,4,1,6,3,3,0.0,2.394,1.0640000000000214,0.000234
c2670,_352_,NOR2,0,0,2,1,6,3,3,0.0,1.33,0.5320000000000391,0.000234
c2670,_353_,AOI211,0,0,4,2,7,2,2,0.0,2.394,1.0640000000000214,0.000235
c2670,_354_,MUX2,0,0,3,1,3,4,4,-2.6938775510187973e-05,2.394,0.5320000000000391,0.000234
c2670,_355_,XNOR2,0,0,2,1,4,3,3,0.0,2.66,1.0640000000000214,0.000234
c2670,_356_,NOR2,0,0,2,1,4,3,3,0.0,1.33,0.5320000000000391,0.000234
c2670,_357_,AOI211,0,0,4,2,5,2,2,0.0,2.394,1.0640000000000214,0.000235
c2670,_358_,MUX2,0,0,3,1,4,5,5,-3.4081632653032434e-05,2.394,0.5320000000000391,0.000234
c2670,_359_,XOR2,0,0,2,1,5,4,4,-3.163265306119212e-05,2.394,0.7980000000000018,0.000234
c2670,_360_,MUX2,0,0,3,1,4,5,5,0.0,2.394,0.5320000000000391,0.000234
c2670,_361_,XOR2,0,0,2,1,5,4,4,0.0,2.394,0.7980000000000018,0.000234
c2670,_362_,MUX2,0,0,3,1,5,5,5,-3.8775510204064334e-05,2.394,0.5320000000000391,0.000234
c2670,_363_,XOR2,0,0,2,1,6,4,4,0.0,2.394,0.7980000000000018,0.000234
c2670,_364_,NAND3,0,0,3,1,7,3,3,0.0,1.862,0.7980000000000018,0.000235
c2670,_365_,MUX2,0,0,3,1,4,6,6,-3.3265306122409743e-05,2.394,0.5320000000000391,0.000234
c2670,_366_,MUX2,0,0,3,2,4,6,6,-2.918367346937956e-05,2.394,0.5320000000000391,0.000234
c2670,_367_,OAI211,0,0,4,1,5,5,5,-3.653061224490051e-05,2.394,1.0640000000000214,0.000234
c2670,_368_,NOR2,0,2,2,1,5,5,5,-0.0002889795918367,1.33,0.5320000000000391,0.000234
c2670,_369_,AOI211,0,2,4,1,6,4,4,0.0001383673469387,2.394,1.0640000000000214,0.000234
c2670,_370_,MUX2,0,0,3,1,3,5,5,0.0,2.394,0.5320000000000391,0.000234
c2670,_371_,XOR2,0,0,2,1,4,4,4,-3.448979591835766e-05,2.394,0.7980000000000018,0.000234
c2670,_372_,MUX2,0,0,3,1,5,5,5,-7.367346938771946e-05,2.394,0.5320000000000391,0.000234
c2670,_373_,XOR2,0,0,2,1,6,4,4,0.0,2.394,0.7980000000000018,0.000234
c2670,_374_,NAND3,0,2,3,1,7,3,3,-0.0004138775510204,1.862,0.7980000000000018,0.000234
c2670,_375_,MUX2,0,0,3,2,5,5,6,-7.387755102039595e-05,2.394,0.5320000000000391,0.000234
c2670,_376_,NAND2,0,0,2,1,6,4,4,0.0,1.33,0.5319999999999823,0.000234
c2670,_377_,INV,0,0,1,2,1,7,11,0.0,0.798,0.2660000000000195,0.000233
c2670,_378_,MUX2,0,0,3,1,3,5,5,0.0,2.394,0.5320000000000391,0.000234
c2670,_379_,XNOR2,0,0,2,1,4,4,4,0.0,2.66,1.0640000000000214,0.000234
c2670,_380_,MUX2,0,0,3,2,5,5,6,-7.367346938771946e-05,2.394,0.5320000000000391,0.000234
c2670,_381_,OAI211,0,0,4,1,7,3,3,0.0,2.394,1.0640000000000214,0.000235
c2670,_382_,NAND2,0,0,2,1,6,4,4,0.0,1.33,0.5319999999999823,0.000234
c2670,_383_,MUX2,0,0,3,1,4,5,5,-3.346938775505848e-05,2.394,0.5320000000000391,0.000234
c2670,_384_,XOR2,0,0,2,1,5,4,4,-3.448979591835766e-05,2.394,0.7980000000000018,0.000234
c2670,_385_,OAI211,0,0,4,1,7,3,3,0.0,2.394,1.0640000000000214,0.000235
c2670,_386_,NOR4,0,2,4,2,8,2,2,0.0003279591836734,2.394,1.0640000000000214,0.000234
c2670,_387_,AND4,0,1,4,0,9,1,0,-0.0002418367346938,1.862,0.2660000000000195,0.000234
c2670,_388_,NAND4,0,1,4,0,9,1,0,-0.0009824489795918,2.394,1.0640000000000214,0.000234
c2670,_389_,NAND3,0,1,3,0,1,1,0,-7.224489795912281e-05,1.862,0.7980000000000018,0.000233
c2670,_390_,OR2,0,2,2,1,2,1,1,-0.0001181632653061,1.33,0.2660000000000195,0.000233
c2670,_391_,INV,0,1,1,0,3,1,0,-0.0001089795918367,0.798,0.2660000000000195,0.000233
c2670,_392_,XNOR2,0,1,2,1,4,2,1,-5.571428571427006e-05,2.66,1.0640000000000214,0.000234
c2670,_393_,OR2,0,1,2,0,5,1,0,3.734693877555095e-05,1.33,0.2660000000000195,0.000234
c2670,_394_,INV,0,1,1,0,3,1,0,-2.6122448979565283e-05,0.798,0.2660000000000195,0.000234
c2670,_395_,INV,0,1,1,0,3,1,0,-2.2857142857157783e-05,0.798,0.2660000000000195,0.000234
c2670,_396_,INV,0,1,1,0,4,1,0,-5.224489795915832e-05,0.798,0.2660000000000195,0.000234
c2670,_397_,NAND4,0,1,4,0,3,1,0,-0.0007753061224489,2.394,1.0640000000000214,0.000234
c2670,_398_,NAND2,0,0,2,1,1,2,1,0.0,1.33,0.5320000000000391,0.000233
c2670,_399_,NAND4,0,1,4,0,3,1,0,-0.0006659183673469,2.394,1.0640000000000214,0.000234
c2670,_400_,INV,0,0,1,2,1,9,34,0.0,0.798,0.2660000000000195,0.000233
c2670,_401_,NAND2,0,0,2,4,3,8,18,-7.387755102039595e-05,1.33,0.5320000000000391,0.000234
c2670,_402_,INV,0,0,1,2,1,9,34,0.0,0.798,0.2660000000000195,0.000233
c2670,_403_,NOR2,0,0,2,5,3,8,30,-6.938775510201278e-05,1.33,0.5320000000000391,0.000234
c2670,_404_,NAND2,0,0,2,3,4,5,7,0.0,1.33,0.5320000000000391,0.000234
c2670,_405_,AOI22,0,0,4,1,3,5,5,-2.4081632653022437e-05,2.394,1.0640000000000214,0.000234
c2670,_406_,OAI22,0,0,4,1,3,6,7,-2.4081632653022437e-05,2.394,1.0640000000000214,0.000234
c2670,_407_,INV,0,0,1,2,4,5,6,0.0,0.798,0.2660000000000195,0.000234
c2670,_408_,AOI21,0,0,3,2,5,4,4,0.0,1.862,0.7980000000000018,0.000234
c2670,_409_,AND2,0,0,2,2,4,5,6,0.0,1.33,0.2660000000000195,0.000234
c2670,_410_,OAI22,0,0,4,1,5,5,6,-7.306122448977326e-05,2.394,1.0640000000000214,0.000234
c2670,_411_,NAND3,0,0,3,2,6,4,5,0.0,1.862,0.7980000000000018,0.000234
c2670,_412_,NOR3,0,0,3,1,7,3,2,0.0,1.862,0.7980000000000018,0.000234
c2670,_413_,AOI211,0,0,4,1,5,3,2,-2.489795918367288e-05,2.394,1.0640000000000214,0.000234
c2670,_414_,NOR2,0,0,2,1,8,2,1,0.0,1.33,0.5320000000000391,0.000234
c2670,_415_,INV,0,0,1,3,1,6,9,0.0,0.798,0.2660000000000195,0.000233
c2670,_416_,AND2,0,0,2,3,3,8,23,-3.346938775505848e-05,1.33,0.2660000000000195,0.000234
c2670,_417_,AOI21,0,0,3,3,4,4,5,0.0,1.862,0.7980000000000018,0.000234
c2670,_418_,AND3,0,0,3,1,5,3,2,-3.530612244895259e-05,1.596,0.2660000000000195,0.000234
c2670,_419_,AOI21,0,0,3,1,5,4,3,-7.24489795917993e-05,1.862,0.7980000000000018,0.000234
c2670,_420_,OAI21,0,0,3,1,7,3,2,0.0,1.862,0.7980000000000018,0.000234
c2670,_421_,OR3,0,0,3,1,8,2,1,0.0,1.596,0.2660000000000195,0.000234
c2670,_422_,NAND3,0,0,3,1,5,3,2,-0.0001136734693877,1.862,0.7980000000000018,0.000234
c2670,_423_,NAND2,0,0,2,5,4,7,15,0.0,1.33,0.5320000000000391,0.000234
c2670,_424_,MUX2,0,0,3,2,5,5,4,-2.2448979591638274e-06,2.394,0.5320000000000391,0.000234
c2670,_425_,MUX2,0,0,3,2,5,6,6,0.0,2.394,0.5320000000000391,0.000234
c2670,_426_,NOR2,0,0,2,1,6,5,4,-0.0001469387755101,1.33,0.5320000000000391,0.000234
c2670,_427_,MUX2,0,0,3,2,5,6,6,0.0,2.394,0.5320000000000391,0.000234
c2670,_428_,NOR3,0,0,3,1,6,5,4,-0.0001975510204081,1.862,0.7980000000000018,0.000234
c2670,_429_,AOI21,0,0,3,2,4,7,7,0.0,1.862,0.7980000000000018,0.000234
c2670,_430_,OR2,0,0,2,2,3,8,10,-3.204081632651734e-05,1.33,0.2660000000000195,0.000234
c2670,_431_,NOR3,0,0,3,2,4,7,7,-2.6326530612214016e-05,1.862,0.7980000000000018,0.000234
c2670,_432_,OAI21,0,0,3,1,5,6,5,-0.0015859183673469,1.862,0.7980000000000018,0.000234
c2670,_433_,NOR3,0,0,3,1,5,6,5,-0.0016626530612244,1.862,0.7980000000000018,0.000234
c2670,_434_,OAI21,0,0,3,1,4,7,6,0.0,1.862,0.7980000000000018,0.000234
c2670,_435_,OAI211,0,1,4,1,5,6,5,-0.0016422448979591,2.394,1.0640000000000214,0.000234
c2670,_436_,MUX2,0,0,3,2,5,6,6,-9.795918367333512e-06,2.394,0.5320000000000391,0.000234
c2670,_437_,OAI221,0,1,5,1,6,5,4,-0.0003230612244897,2.926,1.330000000000041,0.000235
c2670,_438_,AOI22,0,0,4,1,6,5,4,-0.0003757142857142,2.394,1.0640000000000214,0.000235
c2670,_439_,AOI211,0,1,4,1,7,4,3,-0.0001283673469387,2.394,1.0640000000000214,0.000235
c2670,_440_,AND3,0,0,3,1,6,4,3,-6.714285714284896e-05,1.596,0.2660000000000195,0.000234
c2670,_441_,AND3,0,0,3,1,6,4,3,-6.693877551017247e-05,1.596,0.2660000000000195,0.000234
c2670,_443_,OAI22,0,0,4,1,5,3,2,-0.0001857142857142,2.394,1.0640000000000214,0.000234
c2670,_444_,AOI22,0,1,4,1,9,2,1,-0.000244081632653,2.394,1.0640000000000214,0.000235
c2670,_445_,OAI21,0,1,3,0,10,1,0,-8.30612244897555e-05,1.862,0.7980000000000018,0.000235
c2670,_446_,INV,0,1,1,0,5,1,0,-0.0001175510204081,0.798,0.2660000000000195,0.000234
c2670,_447_,INV,0,1,1,0,5,1,0,-9.959183673469152e-05,0.798,0.2660000000000195,0.000234
c2670,_448_,NAND2,0,0,2,1,4,5,5,-0.0019002040816326,1.33,0.5320000000000391,0.000234
c2670,_449_,XOR2,1,2,2,2,6,4,4,-0.0002453061224489,2.394,0.7980000000000018,0.000236
c2670,_450_,MUX2,0,1,3,0,7,1,0,-0.0002161224489795,2.394,0.5320000000000391,0.000235
c2670,_451_,INV,0,1,1,0,4,1,0,-4.408163265307019e-05,0.798,0.2660000000000195,0.000235
c2670,_452_,INV,0,1,1,0,1,1,0,6.32653061222177e-06,0.798,0.2660000000000195,0.000233
c2670,_453_,INV,0,1,1,0,1,1,0,6.326530612249526e-06,0.798,0.2660000000000195,0.000233
c2670,_454_,INV,0,1,1,0,1,1,0,-0.0001197959183673,0.798,0.2660000000000195,0.000233
c2670,_455_,INV,0,1,1,0,1,1,0,6.122448979628548e-06,0.798,0.2660000000000195,0.000233
c2670,_456_,INV,0,1,1,0,1,1,0,6.122448979628548e-06,0.798,0.2660000000000195,0.000233
c2670,_457_,INV,0,1,1,0,5,1,0,-9.673469387755372e-05,0.798,0.2660000000000195,0.000234
c2670,_458_,INV,0,1,1,0,1,1,0,-1.5102040816283855e-05,0.798,0.2660000000000195,0.000233
c2670,_459_,INV,0,1,1,0,1,1,0,6.122448979628548e-06,0.798,0.2660000000000195,0.000233
c2670,_460_,INV,0,1,1,0,1,1,0,6.326530612249526e-06,0.798,0.2660000000000195,0.000233
c2670,_461_,XNOR2,1,1,2,1,7,3,2,-0.0007281632653061,2.66,1.0640000000000214,0.000236
c2670,_462_,XNOR2,1,1,2,1,8,2,1,-0.0001565306122448,2.66,1.0640000000000214,0.000239
c2670,_463_,MUX2,1,1,3,0,9,1,0,4.612244897961304e-05,2.394,0.5320000000000391,0.000236
c3540,_0508_,INV,0,0,1,4,1,17,124,0.0,0.798,0.2659999999999627,0.000505
c3540,_0509_,NOR3,0,1,3,2,1,16,54,0.0004449999999999,1.862,0.7980000000000018,0.000505
c3540,_0510_,AND2,0,1,2,0,2,1,0,-0.0001886363636363,1.33,0.2660000000000764,0.000505
c3540,_0511_,BUF,0,0,1,10,1,18,280,0.0,1.064,0.2659999999999627,0.000505
c3540,_0512_,INV,0,0,1,9,2,17,237,0.0,0.798,0.2659999999999627,0.000505
c3540,_0513_,BUF,0,2,1,10,1,18,349,0.0007631818181818,1.064,0.2659999999999627,0.000505
c3540,_0514_,BUF,0,2,1,10,2,17,279,0.0008318181818182,1.064,0.2659999999999627,0.000505
c3540,_0515_,INV,0,0,1,3,1,17,158,-0.0008854545454544,0.798,0.2659999999999627,0.000505
c3540,_0516_,NOR2,0,0,2,4,3,16,143,-0.0004240909090907,1.33,0.5320000000000391,0.000505
c3540,_0517_,AOI21,0,0,3,3,4,10,39,-6.636363636358666e-05,1.862,0.7980000000000018,0.000505
c3540,_0518_,NOR2,0,0,2,2,3,12,60,-0.000900909090909,1.33,0.5320000000000391,0.000505
c3540,_0519_,NAND2,0,1,2,5,4,11,57,-0.0001031818181818,1.33,0.5320000000000391,0.000505
c3540,_0520_,OR2,0,0,2,7,5,10,42,-0.0001013636363635,1.33,0.2660000000000764,0.000505
c3540,_0521_,NAND2,0,0,2,10,6,9,37,1.3636363637159477e-06,1.33,0.5320000000000391,0.000505
c3540,_0522_,AND2,1,15,2,8,1,17,256,0.013690909090909,1.33,0.2660000000000764,0.000505
c3540,_0523_,BUF,0,0,1,10,1,18,312,0.0,1.064,0.2659999999999627,0.000505
c3540,_0524_,AND3,0,0,3,4,2,17,208,-5.9090909090842025e-05,1.596,0.2659999999999627,0.000505
c3540,_0525_,AOI211,0,0,4,4,3,16,113,-0.0035999999999999,2.394,1.0639999999999643,0.000505
c3540,_0526_,NAND2,0,0,2,1,4,15,65,0.0,1.33,0.5320000000000391,0.000505
c3540,_0527_,INV,0,0,1,2,1,17,119,-4.090909090925798e-06,0.798,0.2659999999999627,0.000505
c3540,_0528_,INV,0,0,1,9,1,18,264,0.0,0.798,0.2659999999999627,0.000504
c3540,_0529_,NOR3,0,0,3,1,2,16,66,-0.0004454545454545,1.862,0.7980000000000018,0.000505
c3540,_0530_,NOR2,0,0,2,4,2,17,186,-0.0001245454545454,1.33,0.5320000000000391,0.000505
c3540,_0531_,XNOR2,0,0,2,2,1,16,68,-1.2272727272777397e-05,2.66,1.0639999999999643,0.000505
c3540,_0532_,AOI221,0,0,5,1,3,15,65,-0.0003845454545454,2.926,1.330000000000041,0.000505
c3540,_0533_,NOR2,0,0,2,10,3,16,186,-0.0033954545454544,1.33,0.5320000000000391,0.000505
c3540,_0534_,NAND3,0,0,3,6,3,16,171,-0.001060909090909,1.862,0.7980000000000018,0.000505
c3540,_0535_,OAI221,0,0,5,3,5,14,64,-9.090909091069576e-07,2.926,1.330000000000041,0.000506
c3540,_0536_,INV,0,0,1,1,6,13,61,0.0,0.798,0.2659999999999627,0.000505
c3540,_0537_,INV,0,0,1,3,1,17,204,0.0,0.798,0.2659999999999627,0.000505
c3540,_0538_,NAND2,0,0,2,3,1,17,216,0.0,1.33,0.5320000000000391,0.000505
c3540,_0539_,AND2,0,0,2,4,2,16,203,-0.0015895454545454,1.33,0.2660000000000764,0.000505
c3540,_0540_,OAI21,0,0,3,2,3,16,114,-5.272727272720434e-05,1.862,0.7980000000000018,0.000505
c3540,_0541_,NOR3,0,0,3,4,4,15,112,0.0,1.862,0.7980000000000018,0.000505
c3540,_0542_,NAND2,0,0,2,10,2,16,201,-0.00313,1.33,0.5320000000000391,0.000505
c3540,_0543_,NAND3,0,0,3,1,2,16,66,0.0,1.862,0.7980000000000018,0.000505
c3540,_0544_,BUF,0,0,1,10,2,17,224,0.0,1.064,0.2659999999999627,0.000505
c3540,_0545_,NOR2,0,0,2,7,1,17,205,0.0,1.33,0.5320000000000391,0.000505
c3540,_0546_,AOI22,0,0,4,1,3,16,66,0.0,2.394,1.0639999999999643,0.000505
c3540,_0547_,AOI21,0,0,3,1,4,15,65,0.0,1.862,0.7980000000000018,0.000505
c3540,_0548_,AND2,0,0,2,4,4,15,112,0.0,1.33,0.2660000000000764,0.000505
c3540,_0549_,AOI211,0,0,4,4,5,14,64,0.0,2.394,1.0639999999999643,0.000505
c3540,_0550_,NOR2,0,0,2,1,6,13,61,0.0,1.33,0.5320000000000391,0.000505
c3540,_0551_,BUF,0,0,1,10,1,16,274,0.0,1.064,0.2659999999999627,0.000505
c3540,_0552_,INV,0,0,1,4,2,15,120,0.0,0.798,0.2659999999999627,0.000505
c3540,_0553_,AOI211,0,0,4,3,7,12,60,0.0,2.394,1.0639999999999643,0.000506
c3540,_0554_,INV,0,0,1,6,1,15,127,0.0,0.798,0.2659999999999627,0.000505
c3540,_0555_,NOR2,0,0,2,1,6,13,57,0.0,1.33,0.5320000000000391,0.000505
c3540,_0556_,BUF,0,0,1,10,1,15,225,0.0,1.064,0.2659999999999627,0.000505
c3540,_0557_,AOI211,0,0,4,1,7,12,56,0.0,2.394,1.0639999999999643,0.000506
c3540,_0558_,OR2,0,0,2,3,8,11,55,0.0,1.33,0.2660000000000764,0.000505
c3540,_0559_,AND3,0,0,3,2,4,13,90,0.0,1.596,0.2659999999999627,0.000505
c3540,_0560_,NAND2,0,0,2,1,6,11,36,0.0,1.33,0.5320000000000391,0.000505
c3540,_0561_,XNOR2,0,0,2,4,9,10,35,0.0,2.66,1.0639999999999643,0.000506
c3540,_0562_,NOR2,0,0,2,5,2,17,162,-0.0009681818181818,1.33,0.5320000000000391,0.000505
c3540,_0563_,AOI21,0,0,3,1,10,8,12,-4.545454544979677e-07,1.862,0.7980000000000018,0.000505
c3540,_0564_,BUF,0,1,1,10,1,11,72,0.000105909090909,1.064,0.2659999999999627,0.000505
c3540,_0565_,NAND3,0,0,3,2,3,13,101,-0.0003731818181818,1.862,0.7980000000000018,0.000505
c3540,_0566_,NOR2,0,0,2,7,4,12,81,4.5454545460899e-07,1.33,0.5320000000000391,0.000505
c3540,_0567_,CLKBUF,0,0,1,10,5,11,58,5.409090909092029e-05,1.064,0.2659999999999627,0.000505
c3540,_0568_,INV,0,0,1,7,1,15,201,0.0,0.798,0.2659999999999627,0.000505
c3540,_0569_,NOR2,0,0,2,7,4,12,87,0.0,1.33,0.5320000000000391,0.000505
c3540,_0570_,BUF,0,0,1,10,5,11,67,0.0,1.064,0.2659999999999627,0.000505
c3540,_0571_,NAND2,0,1,2,3,3,15,128,1.090909090917247e-05,1.33,0.5320000000000391,0.000505
c3540,_0572_,NAND2,0,0,2,3,3,15,130,-0.0003909090909091,1.33,0.5320000000000391,0.000505
c3540,_0573_,NAND2,0,0,2,2,4,14,105,-0.0002109090909091,1.33,0.5320000000000391,0.000505
c3540,_0574_,AOI21,0,0,3,5,5,12,83,-0.0004836363636363,1.862,0.7980000000000018,0.000505
c3540,_0575_,BUF,0,0,1,10,6,11,66,0.0,1.064,0.2659999999999627,0.000505
c3540,_0576_,BUF,0,0,1,10,1,11,77,0.0,1.064,0.2659999999999627,0.000505
c3540,_0577_,AOI222,0,0,6,1,7,9,13,-0.0002136363636363,3.724,1.5960000000000036,0.000505
c3540,_0578_,BUF,0,0,1,10,2,17,141,0.0,1.064,0.2659999999999627,0.000505
c3540,_0579_,CLKBUF,0,1,1,10,1,12,68,5.454545454541826e-05,1.064,0.2659999999999627,0.000505
c3540,_0580_,NOR3,0,1,3,7,4,12,86,0.0003436363636363,1.862,0.7980000000000018,0.000505
c3540,_0581_,NOR3,0,0,3,6,4,13,86,0.0,1.862,0.7980000000000018,0.000505
c3540,_0582_,BUF,0,0,1,10,5,12,68,0.0,1.064,0.2659999999999627,0.000505
c3540,_0583_,BUF,0,0,1,10,1,12,69,0.0,1.064,0.2659999999999627,0.000505
c3540,_0584_,AOI22,0,0,4,1,6,11,15,-0.0008795454545453,2.394,1.0639999999999643,0.000505
c3540,_0585_,BUF,0,0,1,10,1,17,154,0.0,1.064,0.2659999999999627,0.000505
c3540,_0586_,NOR3,0,0,3,7,4,13,87,-0.0002668181818181,1.862,0.7980000000000018,0.000505
c3540,_0587_,BUF,0,0,1,10,5,12,67,0.0,1.064,0.2659999999999627,0.000505
c3540,_0588_,INV,0,0,1,2,1,18,213,-0.0001227272727272,0.798,0.2659999999999627,0.000505
c3540,_0589_,BUF,0,0,1,10,2,17,211,0.0,1.064,0.2659999999999627,0.000505
c3540,_0590_,NOR3,0,0,3,7,5,13,86,0.0,1.862,0.7980000000000018,0.000505
c3540,_0591_,BUF,0,0,1,10,6,12,62,0.0,1.064,0.2659999999999627,0.000505
c3540,_0592_,AOI22,0,0,4,1,7,11,15,0.0,2.394,1.0639999999999643,0.000505
c3540,_0593_,NAND2,0,0,2,1,8,10,14,0.0,1.33,0.5320000000000391,0.000505
c3540,_0594_,NOR3,0,0,3,6,4,12,84,0.0,1.862,0.7980000000000018,0.000505
c3540,_0595_,BUF,0,0,1,10,5,10,66,0.0,1.064,0.2659999999999627,0.000505
c3540,_0596_,BUF,0,0,1,10,1,10,68,0.0,1.064,0.2659999999999627,0.000505
c3540,_0597_,AOI211,0,0,4,1,9,9,13,-0.0001427272727272,2.394,1.0639999999999643,0.000505
c3540,_0598_,BUF,0,1,1,10,5,11,65,0.0006072727272727,1.064,0.2659999999999627,0.000505
c3540,_0599_,AOI222,0,0,6,1,7,9,13,-0.0002077272727272,3.724,1.5960000000000036,0.000505
c3540,_0600_,AOI222,0,0,6,1,6,10,14,-3.818181818182609e-05,3.724,1.5960000000000036,0.000505
c3540,_0601_,BUF,0,0,1,10,3,11,65,0.0,1.064,0.2659999999999627,0.000505
c3540,_0602_,AOI221,0,0,5,1,6,10,14,0.0,2.926,1.330000000000041,0.000505
c3540,_0603_,AND2,0,0,2,1,7,9,13,0.0,1.33,0.2660000000000764,0.000505
c3540,_0604_,AOI22,0,0,4,1,10,8,12,0.0,2.394,1.0639999999999643,0.000506
c3540,_0605_,OAI21,0,0,3,6,3,9,38,-0.0032499999999999,1.862,0.7980000000000018,0.000505
c3540,_0606_,BUF,0,0,1,10,1,9,68,0.0,1.064,0.2659999999999627,0.000505
c3540,_0607_,NAND2,0,0,2,5,3,10,53,0.0,1.33,0.5320000000000391,0.000505
c3540,_0608_,NAND2,0,0,2,4,4,8,25,0.0,1.33,0.5320000000000391,0.000505
c3540,_0609_,OAI221,0,0,5,1,11,7,11,-2.2272727272731885e-05,2.926,1.330000000000041,0.000506
c3540,_0610_,INV,0,0,1,1,12,6,10,0.0,0.798,0.2659999999999627,0.000505
c3540,_0611_,INV,0,0,1,2,1,15,116,0.0,0.798,0.2659999999999627,0.000505
c3540,_0612_,NAND3,0,0,3,3,4,15,121,0.0,1.862,0.7980000000000018,0.000505
c3540,_0613_,NOR2,0,0,2,4,5,14,114,0.0,1.33,0.5320000000000391,0.000505
c3540,_0614_,NAND3,0,0,3,1,2,16,107,-7.727272727353629e-06,1.862,0.7980000000000018,0.000505
c3540,_0615_,AOI22,0,0,4,1,2,16,107,0.0,2.394,1.0639999999999643,0.000505
c3540,_0616_,AOI21,0,0,3,4,3,15,106,0.0,1.862,0.7980000000000018,0.000505
c3540,_0617_,INV,0,1,1,2,1,17,152,5.181818181820841e-05,0.798,0.2659999999999627,0.000505
c3540,_0618_,OR3,0,1,3,4,2,16,140,0.0004613636363637,1.596,0.2659999999999627,0.000505
c3540,_0619_,NOR3,0,1,3,8,3,15,136,0.0005622727272728,1.862,0.7980000000000018,0.000505
c3540,_0620_,AND3,0,0,3,4,3,15,106,-8.363636363639682e-05,1.596,0.2659999999999627,0.000505
c3540,_0621_,OR3,0,0,3,4,4,14,100,-0.0002745454545454,1.596,0.2659999999999627,0.000505
c3540,_0622_,NAND3,0,0,3,1,2,16,107,-4.999999999999449e-05,1.862,0.7980000000000018,0.000505
c3540,_0623_,AOI22,0,0,4,1,3,16,107,0.0,2.394,1.0639999999999643,0.000505
c3540,_0624_,AOI21,0,0,3,1,4,15,106,0.0,1.862,0.7980000000000018,0.000505
c3540,_0625_,AND3,0,0,3,1,3,15,106,-8.363636363639682e-05,1.596,0.2659999999999627,0.000505
c3540,_0626_,OR3,0,1,3,5,5,14,105,0.000295,1.596,0.2659999999999627,0.000505
c3540,_0627_,INV,0,0,1,2,1,17,104,-1.363636363638232e-05,0.798,0.2659999999999627,0.000505
c3540,_0628_,AOI21,0,0,3,1,3,16,101,-5.454545454541826e-05,1.862,0.7980000000000018,0.000505
c3540,_0629_,NOR3,0,0,3,1,2,16,101,-0.0002286363636363,1.862,0.7980000000000018,0.000505
c3540,_0630_,AND3,0,0,3,1,2,16,101,0.0,1.596,0.2659999999999627,0.000505
c3540,_0631_,NAND2,0,0,2,2,1,17,123,-4.2272727272751887e-05,1.33,0.5319999999999254,0.000505
c3540,_0632_,INV,0,0,1,1,2,16,101,0.0,0.798,0.2659999999999627,0.000505
c3540,_0633_,OR2,0,0,2,1,1,17,102,0.0,1.33,0.2659999999999627,0.000505
c3540,_0634_,INV,0,0,1,1,1,17,102,-3.409090909090029e-05,0.798,0.2659999999999627,0.000505
c3540,_0635_,OAI211,1,15,4,1,2,16,101,-0.0016440909090907,2.394,1.0639999999999643,0.000505
c3540,_0637_,NAND3,0,0,3,1,2,16,109,0.0,1.862,0.7980000000000018,0.000505
c3540,_0638_,AOI22,0,0,4,1,2,16,109,-2.2727272727340875e-05,2.394,1.0639999999999643,0.000505
c3540,_0639_,AOI21,0,0,3,3,3,15,108,0.0,1.862,0.7980000000000018,0.000505
c3540,_0640_,AND3,0,0,3,3,3,15,108,-0.0001095454545454,1.596,0.2659999999999627,0.000505
c3540,_0641_,NOR3,0,0,3,3,4,14,100,-0.0005840909090908,1.862,0.7980000000000018,0.000505
c3540,_0642_,NOR3,0,0,3,1,5,13,61,-0.0093963636363636,1.862,0.7980000000000018,0.000505
c3540,_0643_,NAND3,0,0,3,1,6,12,60,-0.0001986363636362,1.862,0.7980000000000018,0.000505
c3540,_0644_,NOR4,0,0,4,2,4,14,91,-0.0007654545454545,2.394,1.0639999999999643,0.000505
c3540,_0645_,NAND3,0,0,3,1,5,12,60,-0.0088590909090909,1.862,0.7980000000000018,0.000505
c3540,_0646_,OAI211,0,0,4,1,7,11,59,-0.0001954545454544,2.394,1.0639999999999643,0.000505
c3540,_0647_,MUX2,0,0,3,1,3,16,104,0.0,2.394,0.5319999999999254,0.000505
c3540,_0648_,NAND3,0,0,3,1,4,15,103,-0.0035840909090908,1.862,0.7980000000000018,0.000505
c3540,_0649_,OR2,0,0,2,1,4,15,103,-1.863636363641508e-05,1.33,0.2659999999999627,0.000505
c3540,_0650_,INV,0,0,1,2,1,15,111,-4.2272727272751887e-05,0.798,0.2659999999999627,0.000505
c3540,_0651_,NAND2,0,0,2,4,2,17,133,-0.000370909090909,1.33,0.5319999999999254,0.000505
c3540,_0652_,NOR2,0,0,2,2,3,16,122,0.0,1.33,0.5319999999999254,0.000505
c3540,_0653_,OR3,0,0,3,5,3,16,138,0.0,1.596,0.2659999999999627,0.000505
c3540,_0654_,AOI21,0,0,3,1,4,15,103,-9.090909091069576e-07,1.862,0.7980000000000018,0.000505
c3540,_0655_,OAI211,0,0,4,4,5,14,102,4.5454545460899e-07,2.394,1.0639999999999643,0.000505
c3540,_0656_,MUX2,0,1,3,2,6,13,100,-0.0006640909090909,2.394,0.5319999999999254,0.000505
c3540,_0657_,OR2,0,0,2,1,6,13,74,-9.00000000000345e-05,1.33,0.2659999999999627,0.000505
c3540,_0658_,AOI21,0,0,3,1,6,13,74,-0.0001795454545453,1.862,0.7980000000000018,0.000505
c3540,_0659_,AOI22,0,1,4,2,7,12,73,0.0002490909090909,2.394,1.0639999999999643,0.000506
c3540,_0660_,NOR4,0,0,4,1,4,14,99,-0.0006581818181817,2.394,1.0639999999999643,0.000505
c3540,_0661_,NAND3,0,0,3,1,4,14,99,-5.36363636363113e-05,1.862,0.7980000000000018,0.000505
c3540,_0662_,AOI21,0,0,3,3,3,16,120,-0.0013009090909089,1.862,0.7980000000000018,0.000505
c3540,_0663_,NOR2,0,0,2,2,4,15,103,-5.999999999994898e-05,1.33,0.5319999999999254,0.000505
c3540,_0664_,NAND2,0,0,2,1,2,16,104,0.0,1.33,0.5319999999999254,0.000505
c3540,_0665_,AOI211,0,0,4,2,4,15,103,-0.000380909090909,2.394,1.0639999999999643,0.000505
c3540,_0666_,NOR2,0,0,2,1,5,14,99,0.0,1.33,0.5319999999999254,0.000505
c3540,_0667_,OR3,0,0,3,2,4,14,100,-0.0002877272727271,1.596,0.2659999999999627,0.000505
c3540,_0668_,INV,0,0,1,4,1,15,132,0.0,0.798,0.2659999999999627,0.000505
c3540,_0669_,AOI221,0,0,5,4,6,13,98,4.5454545460899e-07,2.926,1.3299999999999272,0.000506
c3540,_0670_,NAND2,0,0,2,1,5,13,95,0.0,1.33,0.5319999999999254,0.000505
c3540,_0671_,AND3,0,0,3,1,4,15,98,-2.8181818181760576e-05,1.596,0.2659999999999627,0.000505
c3540,_0672_,OR3,0,0,3,2,5,14,97,0.0,1.596,0.2659999999999627,0.000505
c3540,_0673_,AOI21,0,0,3,1,6,13,95,0.0,1.862,0.7980000000000018,0.000505
c3540,_0674_,AOI21,0,0,3,6,7,12,94,1.409090909099131e-05,1.862,0.7980000000000018,0.000506
c3540,_0675_,MUX2,0,0,3,1,5,14,82,-0.0103763636363636,2.394,0.5319999999999254,0.000505
c3540,_0676_,MUX2,1,15,3,3,5,14,84,-0.0144113636363636,2.394,0.5319999999999254,0.000505
c3540,_0677_,NAND3,0,0,3,1,4,15,94,-9.090909091069576e-07,1.862,0.7980000000000018,0.000505
c3540,_0678_,NOR3,0,0,3,2,1,17,104,-6.090909090905594e-05,1.862,0.7980000000000018,0.000505
c3540,_0679_,NOR2,0,0,2,1,2,16,95,0.0,1.33,0.5319999999999254,0.000505
c3540,_0680_,NAND2,0,0,2,2,2,17,115,0.0,1.33,0.5319999999999254,0.000505
c3540,_0681_,OAI21,0,0,3,1,3,16,95,0.0,1.862,0.7980000000000018,0.000505
c3540,_0682_,AOI21,0,0,3,1,4,15,94,0.0,1.862,0.7980000000000018,0.000505
c3540,_0683_,OAI221,0,0,5,6,5,14,93,4.999999999921734e-06,2.926,1.3299999999999272,0.000506
c3540,_0684_,MUX2,1,15,3,1,6,13,81,0.0024686363636363,2.394,0.5319999999999254,0.000506
c3540,_0685_,NAND2,0,0,2,3,2,17,134,-0.0009504545454545,1.33,0.5319999999999254,0.000505
c3540,_0686_,NAND3,0,0,3,2,2,17,127,-0.0003545454545453,1.862,0.7980000000000018,0.000505
c3540,_0687_,NAND2,0,0,2,2,3,16,117,0.0,1.33,0.5319999999999254,0.000505
c3540,_0688_,XOR2,0,0,2,2,1,17,103,-7.954545454547102e-05,2.394,0.7980000000000018,0.000505
c3540,_0689_,NAND2,0,0,2,1,2,16,101,-0.000370909090909,1.33,0.5319999999999254,0.000505
c3540,_0690_,AOI21,0,0,3,1,2,17,102,-0.0004531818181817,1.862,0.7980000000000018,0.000505
c3540,_0691_,OAI21,0,0,3,1,3,16,101,0.0,1.862,0.7980000000000018,0.000505
c3540,_0692_,NAND3,0,0,3,2,4,15,100,0.0,1.862,0.7980000000000018,0.000505
c3540,_0693_,NAND3,0,0,3,2,4,15,100,-9.090909091069576e-07,1.862,0.7980000000000018,0.000505
c3540,_0694_,OR2,0,0,2,2,4,15,100,0.0,1.33,0.2659999999999627,0.000505
c3540,_0695_,NAND3,0,0,3,5,5,14,94,0.0,1.862,0.7980000000000018,0.000505
c3540,_0696_,AOI21,0,0,3,1,6,13,81,0.0,1.862,0.7980000000000018,0.000505
c3540,_0697_,OR4,0,0,4,2,4,14,93,-0.0002645454545453,1.862,0.2659999999999627,0.000505
c3540,_0698_,MUX2,0,0,3,3,5,13,87,0.0,2.394,0.5319999999999254,0.000505
c3540,_0699_,AOI221,1,15,5,4,7,12,80,0.0121018181818182,2.926,1.3299999999999272,0.000506
c3540,_0700_,AND3,1,12,3,2,8,11,60,-0.0007568181818181,1.596,0.2659999999999627,0.000505
c3540,_0701_,CLKBUF,0,0,1,10,6,13,102,0.0002395454545454,1.064,0.2659999999999627,0.000504
c3540,_0702_,OAI211,1,11,4,5,9,10,58,0.0035931818181818,2.394,1.0639999999999643,0.000505
c3540,_0703_,OAI21,0,0,3,1,4,15,74,0.0,1.862,0.7980000000000018,0.000505
c3540,_0704_,AND2,0,0,2,1,3,16,75,0.0,1.33,0.2659999999999627,0.000505
c3540,_0705_,AOI22,0,0,4,1,4,15,74,0.0,2.394,1.0639999999999643,0.000505
c3540,_0706_,OAI221,0,0,5,4,5,14,73,-9.090909091069576e-07,2.926,1.3299999999999272,0.000505
c3540,_0707_,NAND3,0,0,3,1,2,16,75,-2.8181818181760576e-05,1.862,0.7980000000000018,0.000505
c3540,_0708_,AOI22,0,0,4,1,3,16,75,-5.545454545452522e-05,2.394,1.0639999999999643,0.000505
c3540,_0709_,AOI21,0,0,3,1,4,15,74,0.0,1.862,0.7980000000000018,0.000505
c3540,_0710_,AOI211,0,0,4,3,5,14,73,0.0,2.394,1.0639999999999643,0.000505
c3540,_0711_,MUX2,0,0,3,2,6,13,70,0.0,2.394,0.5319999999999254,0.000505
c3540,_0712_,NAND2,0,0,2,3,7,12,67,0.0,1.33,0.5319999999999254,0.000505
c3540,_0713_,AOI21,0,0,3,1,6,13,66,0.0,1.862,0.7980000000000018,0.000506
c3540,_0714_,OAI21,0,0,3,2,7,12,65,0.0,1.862,0.7980000000000018,0.000505
c3540,_0715_,NAND2,0,0,2,2,8,11,49,0.0,1.33,0.5319999999999254,0.000505
c3540,_0716_,AND3,0,0,3,4,5,14,87,0.0,1.596,0.2659999999999627,0.000505
c3540,_0717_,AOI21,0,0,3,3,5,13,86,0.0,1.862,0.7980000000000018,0.000505
c3540,_0718_,MUX2,0,0,3,2,5,14,83,-0.0037636363636363,2.394,0.5319999999999254,0.000505
c3540,_0719_,NOR2,0,0,2,2,6,13,76,-2.181818181812289e-05,1.33,0.5319999999999254,0.000505
c3540,_0720_,NOR3,0,0,3,1,7,12,41,0.0,1.862,0.7980000000000018,0.000505
c3540,_0721_,AOI221,0,0,5,1,8,11,40,-0.0136727272727272,2.926,1.3299999999999272,0.000507
c3540,_0722_,AND2,0,0,2,3,7,12,88,-9.18181818181374e-05,1.33,0.2659999999999627,0.000505
c3540,_0723_,NAND3,0,1,3,1,8,11,40,-0.0113699999999998,1.862,0.7980000000000018,0.000505
c3540,_0724_,AOI211,0,1,4,3,9,10,39,0.0005931818181817,2.394,1.0639999999999643,0.000506
c3540,_0725_,NAND2,0,0,2,1,6,11,45,-4.545454544979677e-07,1.33,0.5319999999999254,0.000505
c3540,_0726_,XNOR2,0,0,2,4,9,10,44,0.0,2.66,1.0639999999999643,0.000506
c3540,_0727_,NAND2,0,0,2,5,5,12,77,0.0,1.33,0.5319999999999254,0.000505
c3540,_0728_,AND3,0,2,3,3,8,11,69,-0.0038977272727271,1.596,0.2659999999999627,0.000505
c3540,_0729_,INV,0,0,1,1,7,12,70,-7.954545454547102e-05,0.798,0.2659999999999627,0.000505
c3540,_0730_,NOR3,0,0,3,1,4,14,81,-0.0006809090909091,1.862,0.7980000000000018,0.000505
c3540,_0731_,OAI211,0,0,4,2,6,13,80,0.0,2.394,1.0639999999999643,0.000506
c3540,_0732_,MUX2,0,0,3,1,5,14,76,-0.0037636363636363,2.394,0.5319999999999254,0.000505
c3540,_0733_,MUX2,0,0,3,2,6,13,75,-3.1818181818188407e-06,2.394,0.5319999999999254,0.000506
c3540,_0734_,OAI211,0,0,4,1,7,12,70,0.0,2.394,1.0639999999999643,0.000506
c3540,_0735_,AOI22,0,0,4,1,6,12,70,-0.0029031818181818,2.394,1.0639999999999643,0.000506
c3540,_0736_,OAI22,0,0,4,3,8,11,69,6.545454545459073e-05,2.394,1.0639999999999643,0.000506
c3540,_0737_,OAI21,0,0,3,3,9,10,53,-0.0005259090909089,1.862,0.7980000000000018,0.000506
c3540,_0738_,AOI211,1,7,4,3,10,9,32,0.0025227272727273,2.394,1.0639999999999643,0.000506
c3540,_0739_,INV,0,0,1,2,1,17,79,-3.2727272727295365e-05,0.798,0.2659999999999627,0.000505
c3540,_0740_,MUX2,0,0,3,1,3,16,69,0.0,2.394,0.5319999999999254,0.000505
c3540,_0741_,NOR3,0,0,3,1,4,15,68,-0.000430909090909,1.862,0.7980000000000018,0.000505
c3540,_0742_,AOI21,0,0,3,2,5,14,67,-1.363636363638232e-05,1.862,0.7980000000000018,0.000505
c3540,_0743_,OAI21,0,0,3,2,6,13,65,-1.1818181818168403e-05,1.862,0.7980000000000018,0.000505
c3540,_0744_,NAND2,0,0,2,1,2,16,70,0.0,1.33,0.5319999999999254,0.000505
c3540,_0745_,NAND3,0,0,3,1,3,16,70,0.0,1.862,0.7980000000000018,0.000505
c3540,_0746_,NAND3,0,0,3,1,4,15,69,0.0,1.862,0.7980000000000018,0.000505
c3540,_0747_,AOI221,0,0,5,4,5,14,68,-3.2727272727295365e-05,2.926,1.3299999999999272,0.000506
c3540,_0748_,AND2,0,0,2,1,6,13,64,0.0,1.33,0.2659999999999627,0.000505
c3540,_0749_,NOR2,0,0,2,1,6,13,64,0.0,1.33,0.5319999999999254,0.000505
c3540,_0750_,OAI21,0,0,3,3,7,12,63,0.0,1.862,0.7980000000000018,0.000505
c3540,_0751_,AND2,0,0,2,1,6,12,60,0.0,1.33,0.2659999999999627,0.000505
c3540,_0752_,OAI221,0,0,5,1,6,12,60,-6.818181818246671e-06,2.926,1.3299999999999272,0.000506
c3540,_0753_,OAI21,0,0,3,3,8,11,59,0.0,1.862,0.7980000000000018,0.000506
c3540,_0754_,NAND2,0,0,2,2,7,11,50,-4.545454544979677e-07,1.33,0.5319999999999254,0.000505
c3540,_0755_,XOR2,0,0,2,2,9,10,36,0.0,2.394,0.7980000000000018,0.000506
c3540,_0756_,NOR2,0,0,2,2,8,11,44,-6.636363636358666e-05,1.33,0.5319999999999254,0.000505
c3540,_0757_,OAI21,0,0,3,4,10,9,34,-0.0007072727272726,1.862,0.7980000000000018,0.000506
c3540,_0758_,AND2,0,0,2,4,8,11,51,0.0,1.33,0.2659999999999627,0.000505
c3540,_0759_,OAI211,0,0,4,2,9,10,40,-0.0005745454545454,2.394,1.0639999999999643,0.000506
c3540,_0760_,XNOR2,0,0,2,3,9,10,44,0.0,2.66,1.0639999999999643,0.000506
c3540,_0761_,INV,0,0,1,2,9,10,40,0.0,0.798,0.2659999999999627,0.000505
c3540,_0762_,NAND3,0,0,3,3,10,9,32,0.0,1.862,0.7980000000000018,0.000506
c3540,_0763_,AND3,0,1,3,4,11,8,24,-0.0016204545454545,1.596,0.2659999999999627,0.000505
c3540,_0764_,AOI21,0,1,3,4,11,8,24,-0.0041318181818182,1.862,0.7980000000000018,0.000506
c3540,_0765_,NOR2,0,0,2,1,4,15,52,-2.999999999997449e-05,1.33,0.5319999999999254,0.000505
c3540,_0766_,NAND2,0,0,2,1,3,16,53,0.0,1.33,0.5319999999999254,0.000505
c3540,_0767_,NAND3,0,0,3,1,3,16,53,0.0,1.862,0.7980000000000018,0.000505
c3540,_0768_,OAI211,0,0,4,1,4,15,52,-0.0007027272727272,2.394,1.0639999999999643,0.000505
c3540,_0769_,AOI221,0,0,5,3,5,14,51,-2.9545454545476524e-05,2.926,1.3299999999999272,0.000506
c3540,_0770_,NAND3,0,0,3,1,3,16,53,0.0,1.862,0.7980000000000018,0.000505
c3540,_0771_,AOI22,0,0,4,1,3,16,53,0.0,2.394,1.0639999999999643,0.000505
c3540,_0772_,AOI21,0,0,3,1,4,15,52,0.0,1.862,0.7980000000000018,0.000505
c3540,_0773_,AOI211,0,0,4,4,5,14,51,0.0,2.394,1.0639999999999643,0.000505
c3540,_0774_,AOI21,0,0,3,1,6,13,47,0.0,1.862,0.7980000000000018,0.000505
c3540,_0775_,OAI21,0,0,3,2,7,12,46,0.0,1.862,0.7980000000000018,0.000505
c3540,_0776_,NAND2,0,0,2,1,6,13,48,0.0,1.33,0.5319999999999254,0.000505
c3540,_0777_,OAI211,0,0,4,2,7,12,47,0.0,2.394,1.0639999999999643,0.000506
c3540,_0778_,NAND2,0,0,2,3,8,11,44,0.0,1.33,0.5319999999999254,0.000505
c3540,_0779_,NOR3,0,0,3,1,9,10,30,0.0,1.862,0.7980000000000018,0.000506
c3540,_0780_,NAND2,0,0,2,1,8,11,31,0.0,1.33,0.5319999999999254,0.000505
c3540,_0781_,NAND2,0,0,2,1,9,10,30,0.0,1.33,0.5319999999999254,0.000505
c3540,_0782_,AND2,0,0,2,1,7,10,30,0.0,1.33,0.2659999999999627,0.000505
c3540,_0783_,NOR3,0,0,3,4,9,10,35,0.0,1.862,0.7980000000000018,0.000506
c3540,_0784_,AOI211,0,0,4,3,10,9,29,0.0,2.394,1.0639999999999643,0.000506
c3540,_0785_,OAI211,0,2,4,3,10,9,29,0.0001604545454545,2.394,1.0639999999999643,0.000506
c3540,_0786_,NAND2,0,0,2,2,10,9,29,0.0,1.33,0.5319999999999254,0.000505
c3540,_0787_,OAI221,0,0,5,4,11,8,23,-0.0030736363636362,2.926,1.3299999999999272,0.000507
c3540,_0788_,OR3,0,1,3,1,12,7,11,0.0001449999999999,1.596,0.2659999999999627,0.000507
c3540,_0789_,NAND3,1,5,3,2,11,8,17,-0.0033481818181818,1.862,0.7980000000000018,0.000505
c3540,_0790_,OR2,0,0,2,2,8,10,28,-2.6363636363657683e-05,1.33,0.2659999999999627,0.000505
c3540,_0791_,AOI21,0,0,3,4,11,8,20,0.0,1.862,0.7980000000000018,0.000506
c3540,_0792_,AOI21,0,0,3,2,10,9,25,0.0,1.862,0.7980000000000018,0.000506
c3540,_0793_,INV,0,0,1,2,10,9,25,-4.545454544979677e-07,0.798,0.2659999999999627,0.000505
c3540,_0794_,INV,0,0,1,2,9,9,25,0.0,0.798,0.2659999999999627,0.000505
c3540,_0795_,NOR3,0,0,3,3,11,8,19,-0.0001590909090908,1.862,0.7980000000000018,0.000506
c3540,_0796_,OR3,1,5,3,4,12,7,15,0.0008118181818181,1.596,0.2659999999999627,0.000505
c3540,_0797_,OAI21,0,0,3,2,12,7,12,-0.0017036363636363,1.862,0.7980000000000018,0.000507
c3540,_0798_,AOI211,0,1,4,1,13,6,10,-0.0006640909090909,2.394,1.0639999999999643,0.000506
c3540,_0799_,AND2,0,2,2,1,13,6,10,-0.000185909090909,1.33,0.2659999999999627,0.000506
c3540,_0800_,NOR3,0,0,3,1,12,7,16,-0.0006236363636363,1.862,0.7980000000000018,0.000507
c3540,_0801_,OAI21,0,0,3,2,13,6,15,0.0,1.862,0.7980000000000018,0.000506
c3540,_0802_,AOI211,0,3,4,2,14,5,9,0.0005340909090908,2.394,1.0639999999999643,0.000506
c3540,_0803_,INV,0,3,1,1,15,1,3,-0.0007322727272727,0.798,0.2659999999999627,0.000506
c3540,_0804_,NOR2,0,0,2,1,6,6,16,-4.545454544979677e-07,1.33,0.5319999999999254,0.000505
c3540,_0805_,XNOR2,0,0,2,3,9,5,15,0.0,2.66,1.0639999999999643,0.000506
c3540,_0806_,INV,0,0,1,1,10,4,12,0.0,0.798,0.2659999999999627,0.000505
c3540,_0807_,AND2,0,0,2,2,8,5,17,-4.545454544979677e-07,1.33,0.2659999999999627,0.000505
c3540,_0808_,OAI21,0,0,3,2,12,3,11,-4.545454544979677e-07,1.862,0.7980000000000018,0.000506
c3540,_0809_,OAI21,0,0,3,2,11,4,15,0.0,1.862,0.7980000000000018,0.000506
c3540,_0810_,INV,0,0,1,2,9,4,15,0.0,0.798,0.2659999999999627,0.000505
c3540,_0811_,NAND3,0,0,3,2,12,3,11,0.0,1.862,0.7980000000000018,0.000506
c3540,_0812_,AOI21,0,0,3,1,13,2,9,-0.0009159090909091,1.862,0.7980000000000018,0.000505
c3540,_0813_,AND3,1,3,3,1,13,2,9,-1.2272727272777397e-05,1.596,0.2659999999999627,0.000506
c3540,_0814_,NOR4,0,0,4,1,12,3,10,-0.0006727272727272,2.394,1.0639999999999643,0.000508
c3540,_0815_,NAND2,0,0,2,1,4,9,23,-5.36363636363113e-05,1.33,0.5319999999999254,0.000505
c3540,_0816_,NAND2,0,0,2,4,5,8,22,-7.00000000000145e-05,1.33,0.5319999999999254,0.000505
c3540,_0817_,OR2,0,0,2,1,12,3,10,0.0,1.33,0.2659999999999627,0.000505
c3540,_0818_,OAI21,0,0,3,1,13,2,9,-0.0012004545454544,1.862,0.7980000000000018,0.000506
c3540,_0819_,BUF,0,0,1,10,1,9,54,-1.681818181820116e-05,1.064,0.2659999999999627,0.000505
c3540,_0820_,NOR2,0,0,2,1,5,2,9,0.0,1.33,0.5319999999999254,0.000505
c3540,_0821_,AND2,0,0,2,1,2,3,10,0.0,1.33,0.2659999999999627,0.000505
c3540,_0822_,AOI21,0,0,3,4,3,9,34,-0.0004836363636363,1.862,0.7980000000000018,0.000505
c3540,_0823_,AOI222,0,0,6,1,7,6,13,-0.0005386363636362,3.724,1.5960000000000036,0.000505
c3540,_0824_,AOI221,0,0,5,1,5,6,13,0.0,2.926,1.3299999999999272,0.000505
c3540,_0825_,AOI222,0,0,6,1,5,6,13,-4.545454544979677e-07,3.724,1.5960000000000036,0.000505
c3540,_0826_,NAND3,0,0,3,1,8,5,12,0.0,1.862,0.7980000000000018,0.000505
c3540,_0827_,NAND2,0,0,2,2,7,6,22,-0.0001222727272728,1.33,0.5319999999999254,0.000505
c3540,_0828_,NAND2,0,0,2,2,6,8,23,0.0,1.33,0.5319999999999254,0.000505
c3540,_0829_,AOI22,0,0,4,1,6,6,13,-0.0004436363636363,2.394,1.0639999999999643,0.000505
c3540,_0830_,NAND3,0,0,3,1,8,5,12,0.0,1.862,0.7980000000000018,0.000505
c3540,_0831_,AOI22,0,0,4,1,6,6,13,-0.000285909090909,2.394,1.0639999999999643,0.000505
c3540,_0832_,AOI22,0,0,4,1,7,6,13,-2.5909090909048693e-05,2.394,1.0639999999999643,0.000505
c3540,_0833_,NAND3,0,0,3,1,8,5,12,0.0,1.862,0.7980000000000018,0.000505
c3540,_0834_,OAI21,0,0,3,1,9,4,11,0.0,1.862,0.7980000000000018,0.000505
c3540,_0835_,OAI21,0,0,3,1,10,3,10,0.0,1.862,0.7980000000000018,0.000505
c3540,_0836_,OAI22,0,0,4,1,11,2,9,0.0,2.394,1.0639999999999643,0.000506
c3540,_0838_,OR2,0,2,2,2,16,2,2,-0.0006531818181817,1.33,0.2659999999999627,0.000506
c3540,_0839_,NOR2,0,1,2,2,12,7,12,-0.0004318181818181,1.33,0.5319999999999254,0.000506
c3540,_0840_,NOR2,0,0,2,1,10,7,12,0.0,1.33,0.5319999999999254,0.000505
c3540,_0841_,AOI222,0,0,6,1,6,9,14,-5.181818181820841e-05,3.724,1.5960000000000036,0.000505
c3540,_0842_,AOI22,0,0,4,1,5,11,16,0.0,2.394,1.0639999999999643,0.000505
c3540,_0843_,AOI22,0,0,4,1,5,11,16,-0.0006654545454544,2.394,1.0639999999999643,0.000505
c3540,_0844_,NAND2,0,0,2,1,6,10,15,0.0,1.33,0.5320000000000391,0.000505
c3540,_0845_,AOI211,0,0,4,1,7,9,14,0.0,2.394,1.0639999999999643,0.000505
c3540,_0846_,AOI22,0,0,4,1,7,9,14,-0.0003777272727272,2.394,1.0639999999999643,0.000505
c3540,_0847_,AOI22,0,0,4,1,5,10,15,0.0,2.394,1.0639999999999643,0.000505
c3540,_0848_,AOI22,0,0,4,1,6,10,15,-0.0002449999999999,2.394,1.0639999999999643,0.000505
c3540,_0849_,AOI221,0,0,5,1,5,10,15,-0.000560909090909,2.926,1.3299999999999272,0.000505
c3540,_0850_,AND3,0,0,3,1,7,9,14,0.0,1.596,0.2659999999999627,0.000505
c3540,_0851_,AOI22,0,0,4,1,8,8,13,0.0,2.394,1.0639999999999643,0.000506
c3540,_0852_,OAI22,0,0,4,1,9,7,12,-0.0001231818181818,2.394,1.0639999999999643,0.000505
c3540,_0854_,AOI21,0,1,3,2,14,5,10,-0.0005022727272726,1.862,0.7980000000000018,0.000506
c3540,_0855_,INV,0,1,1,1,15,1,3,-2.7272727272098507e-06,0.798,0.2659999999999627,0.000505
c3540,_0856_,AOI222,0,0,6,1,6,7,15,-0.0005986363636363,3.724,1.5960000000000036,0.000505
c3540,_0857_,AOI221,0,0,5,1,6,7,15,-1.3181818181884353e-05,2.926,1.3299999999999272,0.000505
c3540,_0858_,AOI222,0,0,6,1,5,7,15,-4.545454544979677e-07,3.724,1.5960000000000036,0.000505
c3540,_0859_,AND3,0,0,3,1,7,6,14,0.0,1.596,0.2659999999999627,0.000505
c3540,_0860_,AOI222,0,0,6,1,6,6,14,-0.0004331818181817,3.724,1.5960000000000036,0.000505
c3540,_0861_,NAND2,0,0,2,2,6,8,24,0.0,1.33,0.5320000000000391,0.000505
c3540,_0862_,AOI22,0,0,4,1,5,8,16,-5.090909090910145e-05,2.394,1.0639999999999643,0.000505
c3540,_0863_,NAND3,0,0,3,1,7,7,15,0.0,1.862,0.7980000000000018,0.000505
c3540,_0864_,AOI221,0,0,5,1,8,6,14,0.0,2.926,1.3299999999999272,0.000505
c3540,_0865_,AOI21,0,0,3,1,9,5,13,0.0,1.862,0.7980000000000018,0.000505
c3540,_0866_,OAI22,0,0,4,1,10,4,12,0.0,2.394,1.0639999999999643,0.000505
c3540,_0867_,AOI21,0,0,3,1,11,3,11,0.0,1.862,0.7980000000000018,0.000506
c3540,_0868_,NOR2,0,0,2,1,12,2,10,-4.545454544979677e-07,1.33,0.5320000000000391,0.000505
c3540,_0869_,AOI21,0,1,3,1,10,3,11,-0.0004004545454545,1.862,0.7980000000000018,0.000507
c3540,_0870_,XOR2,0,1,2,1,11,2,10,-0.0045390909090908,2.394,0.7980000000000018,0.000507
c3540,_0871_,AOI21,0,1,3,2,13,1,9,0.0003772727272728,1.862,0.7980000000000018,0.000506
c3540,_0872_,OR2,0,0,2,1,16,2,2,-0.0002768181818181,1.33,0.2659999999999627,0.000506
c3540,_0873_,AOI222,0,0,6,1,7,5,11,-1.4090909090880288e-05,3.724,1.5960000000000036,0.000505
c3540,_0874_,AOI222,0,0,6,1,6,5,11,-0.0002454545454545,3.724,1.5960000000000036,0.000505
c3540,_0875_,AOI221,0,0,5,1,7,5,11,0.0,2.926,1.3299999999999272,0.000505
c3540,_0876_,AND3,0,0,3,1,8,4,10,0.0,1.596,0.2659999999999627,0.000505
c3540,_0877_,AOI21,0,0,3,1,7,6,12,0.0,1.862,0.7980000000000018,0.000505
c3540,_0878_,AOI22,0,0,4,1,6,6,12,-0.0002368181818181,2.394,1.0639999999999643,0.000505
c3540,_0879_,AOI22,0,1,4,1,6,6,12,-0.0002563636363636,2.394,1.0639999999999643,0.000505
c3540,_0880_,NAND4,0,1,4,1,8,5,11,-0.0002377272727271,2.394,1.0639999999999643,0.000505
c3540,_0881_,AOI221,0,1,5,1,9,4,10,-0.0003440909090909,2.926,1.3299999999999272,0.000505
c3540,_0882_,OAI21,0,1,3,1,10,3,9,9.090909090914144e-05,1.862,0.7980000000000018,0.000505
c3540,_0883_,NOR2,0,0,2,2,4,9,25,-0.0004240909090907,1.33,0.5320000000000391,0.000505
c3540,_0884_,NOR2,0,0,2,4,5,8,24,0.0,1.33,0.5320000000000391,0.000505
c3540,_0885_,NOR2,0,0,2,2,3,6,19,-0.000900909090909,1.33,0.5320000000000391,0.000505
c3540,_0886_,XOR2,0,0,2,1,2,8,15,-4.727272727267362e-05,2.394,0.7980000000000018,0.000505
c3540,_0887_,XOR2,0,0,2,1,2,8,15,0.0,2.394,0.7980000000000018,0.000505
c3540,_0888_,XNOR2,0,0,2,2,3,7,14,-0.0002072727272727,2.66,1.0639999999999643,0.000506
c3540,_0889_,NAND2,0,0,2,1,4,6,12,-0.0002581818181817,1.33,0.5320000000000391,0.000505
c3540,_0890_,OAI21,0,0,3,3,2,6,15,-0.0001595454545454,1.862,0.7980000000000018,0.000505
c3540,_0891_,OAI211,0,0,4,1,5,5,11,-5.999999999994898e-05,2.394,1.0639999999999643,0.000505
c3540,_0892_,NOR2,0,0,2,3,3,6,16,-0.000900909090909,1.33,0.5320000000000391,0.000505
c3540,_0893_,OAI21,0,1,3,1,2,1,12,-2.000000000002e-05,1.862,0.7980000000000018,0.000505
c3540,_0894_,NAND3,0,0,3,1,4,5,11,-0.0002636363636363,1.862,0.7980000000000018,0.000505
c3540,_0895_,OAI211,0,0,4,1,6,4,10,-0.0002113636363636,2.394,1.0639999999999643,0.000505
c3540,_0896_,AOI21,0,0,3,1,7,3,9,-4.545454544979677e-07,1.862,0.7980000000000018,0.000505
c3540,_0897_,NAND2,0,0,2,3,3,3,16,0.0,1.33,0.5320000000000391,0.000505
c3540,_0898_,NAND2,0,0,2,1,7,12,31,-5.681818181813014e-05,1.33,0.5320000000000391,0.000505
c3540,_0899_,XNOR2,0,1,2,3,8,11,30,-5.045454545449246e-05,2.66,1.0639999999999643,0.000506
c3540,_0900_,OAI211,0,1,4,1,11,2,8,-0.0006772727272726,2.394,1.0639999999999643,0.000506
c3540,_0901_,AND2,0,1,2,3,9,10,27,0.0003013636363637,1.33,0.2659999999999627,0.000505
c3540,_0902_,OAI21,0,0,3,1,9,2,8,-0.0002677272727271,1.862,0.7980000000000018,0.000505
c3540,_0903_,OAI21,0,1,3,2,12,1,7,-0.0002372727272725,1.862,0.7980000000000018,0.000506
c3540,_0904_,AOI222,0,0,6,1,6,6,12,-0.0002077272727272,3.724,1.5960000000000036,0.000505
c3540,_0905_,AOI222,0,0,6,1,7,6,12,-0.0002718181818182,3.724,1.5960000000000036,0.000505
c3540,_0906_,AOI221,0,0,5,1,7,6,12,-4.545454544979677e-07,2.926,1.3299999999999272,0.000505
c3540,_0907_,NAND3,0,0,3,1,8,5,11,0.0,1.862,0.7980000000000018,0.000505
c3540,_0908_,AOI22,0,0,4,1,7,6,12,-0.0003059090909091,2.394,1.0639999999999643,0.000505
c3540,_0909_,NAND2,0,0,2,2,6,8,21,0.0,1.33,0.5319999999999254,0.000505
c3540,_0910_,NAND2,0,0,2,1,7,7,13,0.0,1.33,0.5319999999999254,0.000505
c3540,_0911_,AOI221,0,0,5,1,8,6,12,-0.0001445454545454,2.926,1.3299999999999272,0.000505
c3540,_0912_,AOI221,0,0,5,1,7,6,12,0.0,2.926,1.3299999999999272,0.000505
c3540,_0913_,NAND3,0,0,3,1,9,5,11,0.0,1.862,0.7980000000000018,0.000505
c3540,_0914_,AOI21,0,0,3,1,10,4,10,0.0,1.862,0.7980000000000018,0.000505
c3540,_0915_,AND2,0,0,2,3,2,7,16,0.0,1.33,0.2659999999999627,0.000505
c3540,_0916_,AOI21,0,0,3,1,2,7,13,-0.0001813636363636,1.862,0.7980000000000018,0.000505
c3540,_0917_,NAND4,0,0,4,1,3,6,12,-1.9090909090913044e-05,2.394,1.0639999999999643,0.000505
c3540,_0918_,NAND2,0,0,2,2,3,8,20,0.0,1.33,0.5319999999999254,0.000505
c3540,_0919_,XNOR2,0,0,2,1,1,8,15,0.0,2.66,1.0639999999999643,0.000505
c3540,_0920_,XNOR2,0,0,2,1,1,8,15,0.0,2.66,1.0639999999999643,0.000505
c3540,_0921_,XNOR2,0,0,2,2,2,7,14,0.0,2.66,1.0639999999999643,0.000506
c3540,_0922_,AOI21,0,0,3,1,4,6,12,-0.0002954545454545,1.862,0.7980000000000018,0.000505
c3540,_0923_,NOR3,0,0,3,1,4,6,12,0.0,1.862,0.7980000000000018,0.000505
c3540,_0924_,OAI21,0,0,3,1,5,5,11,0.0,1.862,0.7980000000000018,0.000505
c3540,_0925_,OAI21,0,0,3,1,6,4,10,-0.0002290909090909,1.862,0.7980000000000018,0.000505
c3540,_0926_,AOI211,0,0,4,1,11,3,9,-4.545454544979677e-07,2.394,1.0639999999999643,0.000505
c3540,_0927_,NAND2,0,0,2,1,7,12,30,-5.409090909092029e-05,1.33,0.5319999999999254,0.000505
c3540,_0928_,XNOR2,0,0,2,3,8,11,29,-2.4999999999941732e-05,2.66,1.0639999999999643,0.000506
c3540,_0929_,OAI21,0,0,3,1,12,2,8,-9.090909090847532e-06,1.862,0.7980000000000018,0.000505
c3540,_0930_,NAND2,0,1,2,4,10,9,25,0.0001854545454545,1.33,0.5319999999999254,0.000505
c3540,_0931_,AND2,0,0,2,3,8,11,31,0.0,1.33,0.2659999999999627,0.000505
c3540,_0932_,NOR2,0,0,2,1,9,10,22,-1.0454545454452456e-05,1.33,0.5319999999999254,0.000505
c3540,_0933_,AOI21,0,0,3,1,10,9,21,-4.999999999999449e-05,1.862,0.7980000000000018,0.000506
c3540,_0934_,OAI21,0,0,3,4,11,8,20,-0.0003704545454544,1.862,0.7980000000000018,0.000506
c3540,_0935_,AND2,0,4,2,4,10,7,20,0.0001713636363636,1.33,0.2659999999999627,0.000506
c3540,_0936_,XOR2,0,1,2,1,12,2,8,-0.0006963636363636,2.394,0.7980000000000018,0.000509
c3540,_0937_,OAI221,0,1,5,2,13,1,7,0.0002904545454545,2.926,1.3299999999999272,0.000507
c3540,_0938_,OR2,0,0,2,1,14,2,2,-0.0002640909090908,1.33,0.2659999999999627,0.000506
c3540,_0939_,NOR2,0,0,2,3,5,8,15,-0.0001699999999998,1.33,0.5319999999999254,0.000505
c3540,_0940_,NOR2,0,0,2,1,6,7,11,-3.2272727272686375e-05,1.33,0.5319999999999254,0.000505
c3540,_0941_,AOI222,0,0,6,1,7,10,14,-0.0004236363636364,3.724,1.5960000000000036,0.000505
c3540,_0942_,AOI22,0,0,4,1,6,10,14,-1.636363636359217e-05,2.394,1.0639999999999643,0.000505
c3540,_0943_,AOI221,0,0,5,1,6,10,14,-6.818181818180058e-05,2.926,1.3299999999999272,0.000505
c3540,_0944_,NAND3,0,0,3,1,8,9,13,0.0,1.862,0.7980000000000018,0.000505
c3540,_0945_,AOI21,0,0,3,1,9,8,12,0.0,1.862,0.7980000000000018,0.000505
c3540,_0946_,AOI22,0,0,4,1,6,10,14,0.0,2.394,1.0639999999999643,0.000505
c3540,_0947_,AOI22,0,0,4,1,6,10,14,-0.0005222727272726,2.394,1.0639999999999643,0.000505
c3540,_0948_,AOI221,0,0,5,1,5,10,14,-2.272727272711883e-06,2.926,1.3299999999999272,0.000505
c3540,_0949_,NAND3,0,0,3,1,7,9,13,0.0,1.862,0.7980000000000018,0.000505
c3540,_0950_,AOI221,0,0,5,1,8,8,12,-0.0001254545454545,2.926,1.3299999999999272,0.000505
c3540,_0951_,OAI21,0,0,3,1,10,7,11,0.0,1.862,0.7980000000000018,0.000505
c3540,_0952_,NAND2,0,0,2,1,5,8,12,-0.0002190909090908,1.33,0.5319999999999254,0.000505
c3540,_0953_,XOR2,0,0,2,1,2,9,14,-0.0001740909090908,2.394,0.7980000000000018,0.000505
c3540,_0954_,XNOR2,0,1,2,1,2,9,14,-0.0002945454545455,2.66,1.0639999999999643,0.000505
c3540,_0955_,XNOR2,0,1,2,2,3,8,13,1.5909090909094203e-05,2.66,1.0639999999999643,0.000506
c3540,_0956_,OAI211,0,0,4,1,6,7,11,-0.0001622727272727,2.394,1.0639999999999643,0.000506
c3540,_0957_,NAND3,0,0,3,1,11,6,10,0.0,1.862,0.7980000000000018,0.000505
c3540,_0958_,OAI21,0,0,3,1,7,9,22,0.0,1.862,0.7980000000000018,0.000506
c3540,_0959_,NAND2,0,0,2,1,7,9,22,-5.409090909092029e-05,1.33,0.5319999999999254,0.000505
c3540,_0960_,XNOR2,0,0,2,3,8,8,21,0.0,2.66,1.0639999999999643,0.000506
c3540,_0961_,AOI21,0,0,3,1,12,5,9,0.0,1.862,0.7980000000000018,0.000505
c3540,_0962_,AOI22,0,0,4,3,9,8,21,-0.0004190909090908,2.394,1.0639999999999643,0.000506
c3540,_0963_,XNOR2,0,0,2,4,10,7,17,3.1818181818188407e-06,2.66,1.0639999999999643,0.000507
c3540,_0964_,XOR2,0,0,2,2,11,6,10,-0.0002413636363636,2.394,0.7980000000000018,0.000508
c3540,_0965_,INV,0,0,1,1,12,7,11,-2.272727272722985e-05,0.798,0.2659999999999627,0.000506
c3540,_0966_,NAND2,0,1,2,1,13,6,10,-0.0004222727272726,1.33,0.5319999999999254,0.000506
c3540,_0967_,MUX2,0,1,3,1,14,5,9,-0.0006463636363635,2.394,0.5319999999999254,0.000508
c3540,_0968_,AOI221,0,1,5,3,15,4,8,0.000695,2.926,1.3299999999999272,0.000508
c3540,_0969_,XNOR2,0,0,2,1,1,6,14,0.0,2.66,1.0639999999999643,0.000505
c3540,_0970_,XNOR2,0,1,2,1,1,6,14,2.181818181812289e-05,2.66,1.0639999999999643,0.000505
c3540,_0971_,XNOR2,0,1,2,2,2,5,13,2.181818181812289e-05,2.66,1.0639999999999643,0.000506
c3540,_0972_,NAND2,0,0,2,1,4,4,11,-0.0002809090909091,1.33,0.5319999999999254,0.000505
c3540,_0973_,NAND2,0,0,2,1,5,4,11,-0.0003222727272726,1.33,0.5319999999999254,0.000505
c3540,_0974_,NAND3,0,0,3,1,6,3,10,0.0,1.862,0.7980000000000018,0.000505
c3540,_0975_,NAND2,0,0,2,1,7,5,13,-8.72727272726026e-05,1.33,0.5319999999999254,0.000505
c3540,_0976_,XNOR2,0,0,2,2,8,4,12,0.0,2.66,1.0639999999999643,0.000506
c3540,_0977_,AOI21,0,0,3,1,7,6,13,0.0,1.862,0.7980000000000018,0.000505
c3540,_0978_,AOI22,0,0,4,1,6,6,13,-2.5909090909048693e-05,2.394,1.0639999999999643,0.000505
c3540,_0979_,AOI22,0,0,4,1,6,6,13,-1.636363636359217e-05,2.394,1.0639999999999643,0.000505
c3540,_0980_,NAND4,0,0,4,1,8,5,12,0.0,2.394,1.0639999999999643,0.000505
c3540,_0981_,AOI221,0,0,5,1,9,4,11,-0.0002340909090908,2.926,1.3299999999999272,0.000505
c3540,_0982_,AOI22,0,0,4,1,6,5,12,0.0,2.394,1.0639999999999643,0.000505
c3540,_0983_,AOI22,0,0,4,1,7,5,12,-0.0003922727272726,2.394,1.0639999999999643,0.000505
c3540,_0984_,AND4,0,0,4,1,8,4,11,0.0,1.862,0.2659999999999627,0.000505
c3540,_0985_,AOI222,0,0,6,1,7,4,11,-0.000285909090909,3.724,1.5960000000000036,0.000505
c3540,_0986_,AOI21,0,0,3,1,10,3,10,0.0,1.862,0.7980000000000018,0.000505
c3540,_0987_,OAI221,0,0,5,1,11,2,9,0.0,2.926,1.3299999999999272,0.000506
c3540,_0988_,NOR2,0,0,2,1,11,3,10,-0.0001518181818181,1.33,0.5319999999999254,0.000506
c3540,_0989_,NAND3,0,0,3,1,6,5,12,0.0,1.862,0.7980000000000018,0.000505
c3540,_0990_,OAI21,0,0,3,1,10,4,11,-1.818181818102893e-06,1.862,0.7979999999998881,0.000506
c3540,_0991_,XNOR2,0,0,2,1,11,3,10,0.0,2.66,1.0639999999999643,0.000507
c3540,_0992_,XOR2,0,0,2,1,12,2,9,0.0,2.394,0.7979999999998881,0.000508
c3540,_0993_,OAI21,0,1,3,1,12,3,10,-0.0003672727272726,1.862,0.7979999999998881,0.000507
c3540,_0994_,AOI21,0,1,3,1,13,2,9,-0.0001504545454544,1.862,0.7979999999998881,0.000506
c3540,_0995_,OAI22,0,1,4,2,14,1,8,0.000385,2.394,1.0639999999999643,0.000507
c3540,_0996_,INV,0,0,1,1,15,3,3,-0.0003599999999999,0.798,0.2659999999999627,0.000506
c3540,_0997_,NAND2,0,0,2,1,16,2,2,-0.0004999999999999,1.33,0.5319999999999254,0.000507
c3540,_0998_,OR4,0,2,4,1,17,1,1,0.0009195454545455,1.862,0.2659999999999627,0.000505
c3540,_0999_,XOR2,0,0,2,1,14,3,3,-0.0007040909090908,2.394,0.7979999999998881,0.000508
c3540,_1000_,XNOR2,0,0,2,1,16,3,3,-0.0011318181818181,2.66,1.0639999999999643,0.000509
c3540,_1001_,XNOR2,0,0,2,2,17,2,2,0.0,2.66,1.0639999999999643,0.000512
c3540,_1002_,XNOR2,0,0,2,2,15,4,5,-0.0007236363636362,2.66,1.0639999999999643,0.000508
c3540,_1003_,XNOR2,0,0,2,1,16,3,2,-9.090909091069576e-07,2.66,1.0639999999999643,0.000509
c3540,_1004_,XNOR2,1,2,2,1,15,4,4,-0.0034704545454545,2.66,1.0639999999999643,0.000509
c3540,_1005_,XNOR2,1,2,2,2,16,3,3,-0.0001268181818181,2.66,1.0639999999999643,0.000512
c3540,_1006_,NAND2,0,0,2,1,2,3,2,0.0,1.33,0.5319999999999254,0.000505
c3540,_1007_,MUX2,1,1,3,1,17,2,1,6.500000000009276e-05,2.394,0.5319999999999254,0.00051
c3540,_1008_,XNOR2,1,1,2,0,18,1,0,-0.000205909090909,2.66,1.0639999999999643,0.000519
c3540,_1009_,XNOR2,0,1,2,0,18,1,0,-0.0005836363636363,2.66,1.0639999999999643,0.00052
c3540,_1010_,NOR2,0,0,2,1,1,3,2,-5.6818181818241165e-05,1.33,0.5319999999999254,0.000505
c3540,_1012_,AOI22,0,0,4,1,2,3,2,-0.0002545454545453,2.394,1.0639999999999643,0.000505
c3540,_1013_,AOI222,0,0,6,1,2,3,2,-0.0001636363636363,3.724,1.59599999999989,0.000505
c3540,_1014_,AOI222,0,0,6,1,2,3,2,-0.0002068181818182,3.724,1.59599999999989,0.000505
c3540,_1015_,NAND3,0,0,3,1,3,2,1,0.0,1.862,0.7979999999998881,0.000505
c3540,_1016_,AOI21,0,1,3,0,6,1,0,-0.0004654545454545,1.862,0.7979999999998881,0.000505
c3540,_1017_,OAI21,0,0,3,1,2,3,2,0.0,1.862,0.7979999999998881,0.000505
c3540,_1018_,OAI211,0,0,4,1,4,2,1,-0.0004536363636363,2.394,1.0639999999999643,0.000505
c3540,_1019_,NAND4,0,0,4,1,3,2,1,-0.0046431818181816,2.394,1.0639999999999643,0.000505
c3540,_1020_,AOI21,0,0,3,1,3,2,1,-0.0008463636363635,1.862,0.7979999999998881,0.000505
c3540,_1021_,NAND2,0,0,2,1,12,3,2,-4.545454544979677e-07,1.33,0.5319999999999254,0.000506
c3540,_1022_,OAI21,0,1,3,1,11,4,3,-0.00023,1.862,0.7979999999998881,0.000506
c3540,_1023_,NOR3,0,0,3,1,10,6,5,-4.545454544979677e-07,1.862,0.7979999999998881,0.000506
c3540,_1024_,XOR2,0,0,2,1,11,5,4,0.0,2.394,0.7979999999998881,0.000507
c3540,_1025_,NOR2,0,0,2,1,12,4,3,-0.0025004545454545,1.33,0.5319999999999254,0.000505
c3540,_1026_,XOR2,0,1,2,1,13,3,2,-0.0002563636363636,2.394,0.7979999999998881,0.000507
c3540,_1027_,XNOR2,0,1,2,1,14,2,1,-0.0003968181818181,2.66,1.0639999999999643,0.000508
c3540,_1028_,OAI211,0,1,4,0,15,1,0,-0.0002254545454545,2.394,1.0639999999999643,0.000507
c3540,_1029_,XNOR2,0,1,2,0,3,1,0,-0.0002036363636364,2.66,1.0639999999999643,0.000507
c3540,_1030_,NAND2,0,1,2,0,11,1,0,-0.0004795454545454,1.33,0.5319999999999254,0.000506
c3540,_1031_,INV,0,1,1,0,16,1,0,-0.0004168181818181,0.798,0.2659999999999627,0.000506
c3540,_1032_,XOR2,0,1,2,0,4,1,0,-0.0002654545454545,2.394,0.7979999999998881,0.000508
c3540,_1033_,AND3,0,1,3,0,10,1,0,-0.0014795454545454,1.596,0.2659999999999627,0.000505
c3540,_1034_,OAI211,0,1,4,0,18,1,0,-0.0006886363636362,2.394,1.0639999999999643,0.000506
c3540,_1035_,NAND3,0,0,3,1,6,2,1,-5.9545454545451015e-05,1.862,0.7979999999998881,0.000505
c3540,_1036_,OAI221,0,1,5,0,11,1,0,-0.0005377272727272,2.926,1.3299999999999272,0.000506
c3540,_1037_,NAND2,0,1,2,0,11,1,0,-8.454545454539275e-05,1.33,0.5319999999999254,0.000506
c432,_090_,INV,0,0,1,3,1,13,71,0.0,0.798,0.2660000000000053,5.85e-05
c432,_091_,INV,0,0,1,3,1,13,71,0.0,0.798,0.2660000000000053,5.85e-05
c432,_092_,OAI22,0,0,4,1,2,12,70,0.0,2.394,1.0640000000000072,5.89e-05
c432,_093_,INV,0,0,1,3,1,13,71,0.0,0.798,0.2660000000000053,5.85e-05
c432,_094_,INV,0,0,1,3,1,13,71,0.0,0.798,0.2660000000000053,5.85e-05
c432,_095_,OAI22,0,0,4,1,2,12,70,0.0,2.394,1.0640000000000072,5.89e-05
c432,_096_,INV,0,0,1,3,1,13,71,0.0,0.798,0.2660000000000053,5.85e-05
c432,_097_,INV,0,0,1,3,1,13,71,0.0,0.798,0.2660000000000053,5.85e-05
c432,_098_,OAI22,0,0,4,1,2,12,70,0.0,2.394,1.0640000000000072,5.89e-05
c432,_099_,INV,0,0,1,3,1,13,71,0.0,0.798,0.2660000000000053,5.85e-05
c432,_100_,INV,1,7,1,3,1,13,71,0.0021442857142855,0.798,0.2660000000000053,5.85e-05
c432,_101_,OAI22,1,7,4,1,2,12,70,-0.0027342857142859,2.394,1.0640000000000072,5.89e-05
c432,_102_,NOR4,1,7,4,10,3,11,69,0.0810057142857143,2.394,1.0640000000000072,5.92e-05
c432,_103_,INV,0,0,1,2,1,12,70,0.0,0.798,0.2660000000000053,5.85e-05
c432,_104_,NAND2,0,0,2,9,2,11,66,0.0,1.33,0.5319999999999965,5.87e-05
c432,_105_,AND2,0,1,2,1,4,2,1,-0.0071771428571429,1.33,0.2660000000000053,5.88e-05
c432,_106_,INV,0,1,1,0,5,1,0,-0.0006714285714286,0.798,0.2660000000000195,5.86e-05
c432,_107_,INV,0,0,1,1,1,11,47,-1.0000000000176534e-05,0.798,0.2660000000000195,5.85e-05
c432,_108_,AOI21,0,0,3,2,4,10,46,-0.016157142857143,1.862,0.7980000000000018,5.9e-05
c432,_109_,INV,0,0,1,1,1,11,47,0.0,0.798,0.2659999999999911,5.85e-05
c432,_110_,AOI21,0,0,3,2,4,10,46,-0.016157142857143,1.862,0.7979999999999734,5.9e-05
c432,_112_,INV,0,0,1,1,1,11,47,0.0,0.798,0.2659999999999911,5.85e-05
c432,_113_,AOI21,0,0,3,2,4,10,46,-0.016157142857143,1.862,0.7979999999999734,5.9e-05
c432,_114_,INV,0,0,1,1,1,11,47,0.0,0.798,0.2659999999999911,5.85e-05
c432,_115_,AOI21,0,0,3,2,4,10,46,-0.016157142857143,1.862,0.7979999999999734,5.9e-05
c432,_117_,INV,0,0,1,1,1,11,47,0.0,0.798,0.2659999999999911,5.85e-05
c432,_118_,AOI21,0,0,3,2,4,10,46,-0.016157142857143,1.862,0.7979999999999734,5.9e-05
c432,_119_,INV,0,0,1,1,1,11,47,0.0,0.798,0.2659999999999911,5.85e-05
c432,_120_,AOI21,0,0,3,2,4,10,46,-0.016157142857143,1.862,0.7979999999999734,5.9e-05
c432,_122_,INV,0,0,1,1,1,11,47,0.0,0.798,0.2659999999999911,5.85e-05
c432,_123_,AOI21,0,0,3,2,4,10,46,-0.016157142857143,1.862,0.7979999999999734,5.9e-05
c432,_124_,INV,0,0,1,1,1,11,47,0.0,0.798,0.2659999999999911,5.85e-05
c432,_125_,AOI21,1,6,3,2,4,10,46,-0.015857142857143,1.862,0.7979999999999734,5.9e-05
c432,_127_,NOR4,1,6,4,5,6,8,43,-0.0072428571428572,2.394,1.063999999999993,5.95e-05
c432,_128_,INV,0,0,1,2,1,9,44,0.0,0.798,0.2659999999999911,5.85e-05
c432,_129_,OAI21,0,0,3,1,4,10,45,-0.0191457142857144,1.862,0.7980000000000018,5.89e-05
c432,_130_,INV,0,0,1,2,5,9,44,0.0,0.798,0.2659999999999911,5.87e-05
c432,_131_,NAND2,0,0,2,4,6,8,41,0.0,1.33,0.5319999999999823,5.88e-05
c432,_132_,NAND2,1,6,2,2,7,7,35,0.0012171428571428,1.33,0.5319999999999823,5.92e-05
c432,_133_,BUF,1,6,1,9,8,1,33,0.0173814285714285,1.064,0.2659999999999911,5.91e-05
c432,_134_,OR2,0,0,2,2,5,7,27,-0.0044228571428571,1.33,0.2659999999999911,5.88e-05
c432,_135_,AOI211,0,0,4,1,9,6,26,-0.0035657142857142,2.394,1.063999999999993,5.9e-05
c432,_136_,OR2,0,0,2,2,5,7,27,0.0,1.33,0.2659999999999911,5.88e-05
c432,_137_,AOI211,0,0,4,1,9,6,26,-0.0035657142857142,2.394,1.063999999999993,5.9e-05
c432,_138_,OR2,0,0,2,2,5,7,27,0.0,1.33,0.2659999999999911,5.88e-05
c432,_139_,AOI211,1,5,4,1,9,6,26,-0.00119,2.394,1.063999999999993,5.9e-05
c432,_140_,OAI21,0,0,3,2,7,7,27,-0.0025742857142857,1.862,0.7980000000000018,5.91e-05
c432,_141_,NOR2,0,0,2,1,8,6,26,0.0,1.33,0.5319999999999823,5.87e-05
c432,_142_,NOR4,1,5,4,2,10,5,25,0.0093685714285715,2.394,1.063999999999993,5.93e-05
c432,_143_,OR2,0,0,2,3,5,7,27,-0.0047228571428571,1.33,0.2659999999999911,5.88e-05
c432,_144_,INV,0,0,1,1,1,8,28,0.0,0.798,0.2659999999999911,5.85e-05
c432,_145_,AOI21,0,0,3,3,7,7,27,-0.0026557142857143,1.862,0.7980000000000018,5.93e-05
c432,_146_,NOR3,0,0,3,2,8,6,26,0.0,1.862,0.7980000000000018,5.89e-05
c432,_147_,OR2,0,0,2,2,5,7,29,0.0,1.33,0.2659999999999911,5.88e-05
c432,_148_,AOI211,0,0,4,1,9,6,26,-0.0035657142857142,2.394,1.063999999999993,5.9e-05
c432,_149_,OR2,0,0,2,2,5,7,27,-0.0016071428571428,1.33,0.2659999999999911,5.88e-05
c432,_150_,AOI211,0,0,4,1,8,6,26,-0.0044057142857142,2.394,1.063999999999993,5.9e-05
c432,_151_,OR2,0,0,2,2,5,7,27,-0.0059857142857143,1.33,0.2659999999999911,5.88e-05
c432,_152_,INV,0,0,1,1,1,8,28,0.0,0.798,0.2659999999999911,5.85e-05
c432,_153_,AOI21,0,0,3,2,7,7,27,-0.0026557142857143,1.862,0.7980000000000018,5.93e-05
c432,_154_,INV,0,0,1,1,1,8,28,0.0,0.798,0.2659999999999911,5.85e-05
c432,_155_,AOI21,0,0,3,2,7,7,27,-0.0026557142857143,1.862,0.7980000000000018,5.93e-05
c432,_156_,OR2,0,0,2,2,5,7,27,-0.0005500000000001,1.33,0.2659999999999911,5.88e-05
c432,_158_,NOR4,0,0,4,2,10,5,25,0.0,2.394,1.063999999999993,5.96e-05
c432,_159_,NAND2,1,5,2,9,11,1,21,0.00151,1.33,0.5319999999999823,5.95e-05
c432,_160_,AOI221,0,0,5,1,12,2,1,-0.0065171428571429,2.926,1.329999999999984,5.95e-05
c432,_161_,AOI221,0,0,5,2,12,3,4,-0.0065171428571429,2.926,1.329999999999984,5.95e-05
c432,_162_,AOI21,0,0,3,1,12,3,2,-0.0026971428571429,1.862,0.7980000000000018,5.92e-05
c432,_163_,AOI21,0,0,3,1,9,5,8,-0.0035042857142858,1.862,0.7980000000000018,5.9e-05
c432,_164_,INV,0,0,1,2,10,4,7,0.0,0.798,0.2659999999999911,5.87e-05
c432,_165_,INV,0,0,1,1,1,5,8,0.0,0.798,0.2659999999999911,5.85e-05
c432,_166_,AOI21,0,0,3,2,11,4,7,-0.0154271428571428,1.862,0.7980000000000018,5.95e-05
c432,_167_,NOR2,0,0,2,1,12,3,2,0.0,1.33,0.5319999999999823,5.89e-05
c432,_168_,AOI211,0,0,4,1,12,3,2,-0.0026357142857142,2.394,1.063999999999993,5.94e-05
c432,_169_,NOR4,0,0,4,1,13,2,1,0.0,2.394,1.063999999999993,5.98e-05
c432,_170_,AOI211,0,0,4,4,12,3,8,-0.0026357142857142,2.394,1.063999999999993,5.94e-05
c432,_171_,AOI221,0,0,5,3,12,3,7,-0.0065171428571429,2.926,1.329999999999984,5.94e-05
c432,_172_,AOI221,0,2,5,3,12,3,7,-0.0058828571428573,2.926,1.329999999999984,5.94e-05
c432,_173_,AOI211,1,2,4,4,12,3,7,0.0002014285714285,2.394,1.063999999999993,5.94e-05
c432,_174_,NOR4,0,2,4,2,13,2,2,-0.0080757142857144,2.394,1.063999999999993,5.99e-05
c432,_175_,AOI21,0,1,3,0,14,1,0,-0.0009642857142857,1.862,0.7979999999999734,6.02e-05
c432,_176_,INV,0,1,1,0,14,1,0,-0.00097,0.798,0.2659999999999911,5.93e-05
c432,_177_,NOR2,0,0,2,1,13,2,1,-0.0082371428571429,1.33,0.5319999999999823,5.91e-05
c432,_178_,OR3,1,2,3,2,13,2,2,-0.0011785714285714,1.596,0.2659999999999911,5.94e-05
c432,_179_,NOR3,0,0,3,1,12,3,3,-0.00363,1.862,0.7979999999999734,5.93e-05
c432,_180_,NOR2,0,0,2,2,13,2,2,0.0,1.33,0.5319999999999823,5.89e-05
c432,_181_,OR2,0,0,2,2,12,3,3,0.0,1.33,0.2659999999999911,5.89e-05
c432,_182_,OR2,0,0,2,1,13,2,1,0.0,1.33,0.2659999999999911,5.91e-05
c432,_183_,OAI221,1,1,5,0,14,1,0,-0.0014257142857142,2.926,1.329999999999984,6.06e-05
c432,_184_,INV,0,0,1,1,13,2,1,-0.0037557142857144,0.798,0.2659999999999911,5.88e-05
c432,_185_,AOI21,0,0,3,1,13,2,1,-0.0009228571428571,1.862,0.7979999999999734,5.94e-05
c432,_186_,OAI221,0,1,5,0,14,1,0,-0.0090028571428572,2.926,1.329999999999984,6.04e-05
c499,_146_,XOR2,0,0,2,1,1,9,88,0.0,2.394,0.7980000000000018,0.000396
c499,_147_,XNOR2,0,0,2,1,1,9,88,0.0,2.66,1.063999999999993,0.000396
c499,_148_,XNOR2,0,0,2,2,2,8,87,0.0,2.66,1.063999999999993,0.000397
c499,_149_,NAND2,0,0,2,1,1,8,82,0.0,1.33,0.5320000000000107,0.000396
c499,_150_,XNOR2,0,0,2,1,3,7,81,0.0,2.66,1.063999999999993,0.000398
c499,_151_,XNOR2,0,0,2,1,1,9,88,0.0,2.66,1.063999999999993,0.000396
c499,_152_,XNOR2,0,0,2,1,1,9,88,0.0,2.66,1.063999999999993,0.000396
c499,_153_,XNOR2,0,0,2,2,2,8,87,0.0,2.66,1.063999999999993,0.000397
c499,_154_,XNOR2,0,0,2,1,1,9,83,0.0,2.66,1.063999999999993,0.000396
c499,_155_,XNOR2,0,0,2,1,1,9,83,0.0,2.66,1.063999999999993,0.000396
c499,_156_,XNOR2,0,0,2,1,2,8,82,0.0,2.66,1.063999999999993,0.000397
c499,_157_,XNOR2,0,0,2,1,3,7,81,0.0,2.66,1.063999999999993,0.000399
c499,_158_,XNOR2,0,0,2,10,4,6,80,0.00056875,2.66,1.063999999999993,0.0004
c499,_159_,NAND2,0,0,2,1,1,9,84,0.0,1.33,0.5320000000000107,0.000396
c499,_160_,XNOR2,0,0,2,1,1,9,84,-0.000903125,2.66,1.063999999999993,0.000396
c499,_161_,XNOR2,0,0,2,1,2,8,83,0.0,2.66,1.063999999999993,0.000397
c499,_162_,XNOR2,0,0,2,1,1,8,83,-0.0006606249999999,2.66,1.063999999999993,0.000396
c499,_163_,XNOR2,0,0,2,2,3,7,82,0.0,2.66,1.063999999999993,0.000398
c499,_164_,XOR2,1,16,2,1,1,9,88,0.00014125,2.394,0.7980000000000018,0.000396
c499,_165_,XNOR2,0,0,2,1,1,9,88,0.0002375,2.66,1.063999999999993,0.000396
c499,_166_,XNOR2,1,16,2,2,2,8,87,0.000515,2.66,1.063999999999993,0.000397
c499,_167_,XNOR2,0,0,2,1,1,9,89,0.0,2.66,1.063999999999993,0.000396
c499,_168_,XNOR2,0,0,2,1,1,9,89,0.0,2.66,1.063999999999993,0.000396
c499,_169_,XNOR2,0,0,2,2,2,8,88,2.500000000016378e-06,2.66,1.063999999999993,0.000397
c499,_170_,XNOR2,0,0,2,2,3,7,82,-0.0036699999999999,2.66,1.063999999999993,0.000399
c499,_171_,XNOR2,0,0,2,6,4,6,58,9.875000000003632e-05,2.66,1.063999999999993,0.000401
c499,_172_,NAND2,0,0,2,1,1,9,84,0.0,1.33,0.5320000000000107,0.000396
c499,_173_,XNOR2,0,0,2,1,1,9,84,-0.0001849999999999,2.66,1.063999999999993,0.000396
c499,_174_,XNOR2,0,0,2,1,2,8,83,0.0,2.66,1.063999999999993,0.000397
c499,_175_,XNOR2,0,0,2,1,1,8,83,0.0,2.66,1.063999999999993,0.000396
c499,_176_,XNOR2,0,0,2,2,3,7,82,0.0,2.66,1.063999999999993,0.000398
c499,_177_,XNOR2,0,0,2,1,1,9,88,0.0,2.66,1.063999999999993,0.000396
c499,_178_,XNOR2,0,0,2,1,1,9,88,0.0,2.66,1.063999999999993,0.000396
c499,_179_,XNOR2,0,0,2,2,2,8,87,0.000315,2.66,1.063999999999993,0.000397
c499,_180_,XNOR2,0,0,2,1,1,9,89,0.0,2.66,1.063999999999993,0.000396
c499,_181_,XNOR2,0,0,2,1,1,9,89,0.0,2.66,1.063999999999993,0.000396
c499,_182_,XNOR2,0,0,2,2,2,8,88,0.0,2.66,1.063999999999993,0.000397
c499,_183_,XOR2,0,0,2,2,3,7,82,-0.0027537499999999,2.394,0.7980000000000018,0.000399
c499,_184_,XOR2,0,0,2,3,4,6,59,0.0,2.394,0.7980000000000018,0.000401
c499,_185_,NAND2,0,0,2,2,5,5,19,-7.374999999998355e-05,1.33,0.5320000000000107,0.0004
c499,_186_,NAND2,0,0,2,1,1,9,83,0.0,1.33,0.5320000000000107,0.000396
c499,_187_,XNOR2,0,0,2,1,1,9,83,0.0,2.66,1.063999999999993,0.000396
c499,_188_,XNOR2,0,0,2,1,2,8,82,0.0,2.66,1.063999999999993,0.000397
c499,_189_,XNOR2,0,0,2,1,1,8,82,0.0,2.66,1.063999999999993,0.000396
c499,_190_,XNOR2,0,0,2,1,3,7,81,0.0,2.66,1.063999999999993,0.000398
c499,_191_,XNOR2,1,16,2,1,3,7,81,-0.0004024999999999,2.66,1.063999999999993,0.000399
c499,_192_,XNOR2,1,16,2,10,4,6,80,0.0010775,2.66,1.063999999999993,0.0004
c499,_193_,OR2,0,0,2,1,6,4,9,-0.0021387499999999,1.33,0.2660000000000195,0.000399
c499,_194_,NAND2,0,0,2,1,1,9,80,0.0,1.33,0.5320000000000107,0.000396
c499,_195_,XNOR2,0,0,2,1,1,9,80,-0.0001687499999999,2.66,1.063999999999993,0.000396
c499,_196_,XNOR2,0,0,2,1,2,8,79,0.0,2.66,1.063999999999993,0.000397
c499,_197_,XNOR2,0,0,2,1,1,8,79,0.0,2.66,1.063999999999993,0.000396
c499,_198_,XNOR2,0,0,2,2,3,7,78,0.0,2.66,1.063999999999993,0.000398
c499,_199_,XOR2,0,0,2,2,3,7,78,-1.249999999952678e-06,2.394,0.7980000000000018,0.000399
c499,_200_,XOR2,0,0,2,5,4,6,76,0.0,2.394,0.7980000000000018,0.000401
c499,_201_,NAND2,0,0,2,1,1,9,84,0.0,1.33,0.5320000000000107,0.000396
c499,_202_,XNOR2,0,0,2,1,1,9,84,0.0,2.66,1.063999999999993,0.000396
c499,_203_,XNOR2,0,0,2,1,2,8,83,0.0,2.66,1.063999999999993,0.000397
c499,_204_,XNOR2,0,0,2,1,1,8,83,0.0,2.66,1.063999999999993,0.000396
c499,_205_,XNOR2,0,0,2,2,3,7,82,0.0,2.66,1.063999999999993,0.000398
c499,_206_,XNOR2,0,0,2,1,1,9,89,0.0,2.66,1.063999999999993,0.000396
c499,_207_,XNOR2,0,0,2,1,1,9,89,0.0,2.66,1.063999999999993,0.000396
c499,_208_,XNOR2,0,0,2,2,2,8,88,0.0,2.66,1.063999999999993,0.000397
c499,_209_,XOR2,0,0,2,2,3,7,82,-0.0030112499999999,2.394,0.7980000000000018,0.000399
c499,_210_,XOR2,0,0,2,3,4,6,59,0.00030375,2.394,0.7980000000000018,0.000401
c499,_211_,NAND2,0,0,2,1,1,9,84,0.0,1.33,0.5320000000000107,0.000396
c499,_212_,XNOR2,0,0,2,1,1,9,84,-0.0005749999999999,2.66,1.063999999999993,0.000396
c499,_213_,XNOR2,0,0,2,1,2,8,83,0.0,2.66,1.063999999999993,0.000397
c499,_214_,XNOR2,0,0,2,1,1,8,83,0.0,2.66,1.063999999999993,0.000396
c499,_215_,XNOR2,0,0,2,2,3,7,82,0.0,2.66,1.063999999999993,0.000398
c499,_216_,XNOR2,0,0,2,1,1,9,89,0.0,2.66,1.063999999999993,0.000396
c499,_217_,XNOR2,0,16,2,1,1,9,89,0.000241875,2.66,1.063999999999993,0.000396
c499,_218_,XNOR2,0,16,2,2,2,8,88,0.000241875,2.66,1.063999999999993,0.000397
c499,_219_,XNOR2,0,0,2,2,3,7,82,-0.0045337499999999,2.66,1.063999999999993,0.000399
c499,_220_,XOR2,0,0,2,3,4,6,59,-6.249999999763389e-07,2.394,0.7980000000000018,0.000401
c499,_221_,NAND2,0,0,2,1,1,9,80,0.0,1.33,0.5319999999999823,0.000396
c499,_222_,XOR2,0,0,2,1,1,9,80,-0.0003312499999999,2.394,0.7980000000000018,0.000396
c499,_223_,XNOR2,0,0,2,1,2,8,79,0.0,2.66,1.063999999999993,0.000397
c499,_224_,XOR2,0,0,2,1,1,8,79,0.0,2.394,0.7980000000000018,0.000396
c499,_225_,XNOR2,0,0,2,2,3,7,78,0.0,2.66,1.063999999999993,0.000398
c499,_226_,XOR2,0,16,2,2,3,7,78,0.002026875,2.394,0.7980000000000018,0.000399
c499,_227_,XOR2,0,16,2,5,4,6,76,0.002026875,2.394,0.7980000000000018,0.000401
c499,_228_,XNOR2,0,16,2,1,5,5,37,-0.0041937499999999,2.66,1.063999999999993,0.000406
c499,_229_,NAND3,0,16,3,4,6,4,36,0.001763125,1.862,0.7980000000000018,0.000403
c499,_230_,XNOR2,0,0,2,6,4,6,58,9.687499999999628e-05,2.66,1.063999999999993,0.000401
c499,_231_,NOR3,0,0,3,1,5,5,37,-0.0029406249999999,1.862,0.7980000000000018,0.000402
c499,_232_,XNOR2,0,0,2,6,4,6,58,9.187500000007454e-05,2.66,1.063999999999993,0.000401
c499,_233_,NOR3,0,0,3,1,5,5,37,-0.0026062499999999,1.862,0.7980000000000018,0.000402
c499,_234_,OAI21,0,0,3,4,6,4,36,-0.0043499999999999,1.862,0.7980000000000018,0.000401
c499,_235_,AOI211,0,4,4,4,7,3,8,-0.0035293749999999,2.394,1.0640000000000214,0.000401
c499,_236_,NAND2,0,1,2,1,8,2,1,-0.0037437499999999,1.33,0.5320000000000107,0.000398
c499,_237_,XNOR2,0,1,2,0,9,1,0,-0.0001971874999999,2.66,1.063999999999993,0.000397
c499,_238_,XNOR2,0,0,2,4,4,3,8,-0.0065599999999999,2.66,1.063999999999993,0.000401
c499,_239_,NAND2,0,1,2,1,8,2,1,-0.0016465624999999,1.33,0.5320000000000107,0.000397
c499,_240_,XNOR2,0,1,2,0,9,1,0,-0.0003909374999999,2.66,1.063999999999993,0.000397
c499,_241_,NAND2,0,0,2,2,5,4,18,-0.0047399999999999,1.33,0.5320000000000107,0.000401
c499,_242_,AOI211,0,4,4,4,7,3,8,0.001045625,2.394,1.0640000000000214,0.000401
c499,_243_,NAND2,0,1,2,1,8,2,1,-0.0037437499999999,1.33,0.5320000000000107,0.000398
c499,_244_,XNOR2,0,1,2,0,9,1,0,-0.0001971874999999,2.66,1.063999999999993,0.000397
c499,_245_,NAND2,0,1,2,1,8,2,1,-0.0016465624999999,1.33,0.5320000000000107,0.000397
c499,_246_,XNOR2,0,1,2,0,9,1,0,-0.0001896874999999,2.66,1.063999999999993,0.000397
c499,_247_,NAND2,0,1,2,1,8,2,1,-0.0017137499999999,1.33,0.5320000000000107,0.000397
c499,_248_,XNOR2,0,1,2,0,9,1,0,-0.0001915624999999,2.66,1.063999999999993,0.000397
c499,_249_,NAND2,0,1,2,1,8,2,1,-0.0017143749999999,1.33,0.5320000000000107,0.000397
c499,_250_,XNOR2,0,1,2,0,9,1,0,-0.0001918749999999,2.66,1.063999999999993,0.000397
c499,_251_,XNOR2,0,0,2,6,4,6,58,-8.156250000002085e-05,2.66,1.063999999999993,0.000401
c499,_252_,NAND2,0,0,2,2,5,5,19,-7.374999999998355e-05,1.33,0.5320000000000107,0.0004
c499,_253_,NAND2,0,0,2,2,5,4,18,-0.0052562499999999,1.33,0.5320000000000107,0.000401
c499,_254_,NOR3,0,0,3,1,5,5,37,-0.0052762499999999,1.862,0.7980000000000018,0.000402
c499,_255_,XOR2,0,0,2,3,4,6,59,0.0003275,2.394,0.7980000000000018,0.000401
c499,_256_,NOR3,0,0,3,1,5,5,37,-0.0055887499999999,1.862,0.7980000000000018,0.000402
c499,_257_,OAI21,0,0,3,4,6,4,36,-0.0038349999999999,1.862,0.7980000000000018,0.000401
c499,_258_,XNOR2,1,16,2,1,5,5,37,-0.0036812499999999,2.66,1.063999999999993,0.000406
c499,_259_,NAND3,1,16,3,4,6,4,36,0.0017225,1.862,0.7980000000000018,0.000403
c499,_260_,AOI211,1,4,4,4,7,3,8,0.000663125,2.394,1.063999999999993,0.000401
c499,_261_,NAND2,0,1,2,1,8,2,1,-0.0017059375,1.33,0.5319999999999823,0.000397
c499,_262_,XNOR2,0,1,2,0,9,1,0,-0.0001915624999999,2.66,1.063999999999993,0.000397
c499,_263_,NAND2,0,1,2,1,8,2,1,-0.0017062499999999,1.33,0.5319999999999823,0.000397
c499,_264_,XNOR2,0,1,2,0,9,1,0,-0.0001918749999999,2.66,1.063999999999993,0.000397
c499,_265_,NAND2,1,1,2,1,8,2,1,-0.0057631249999999,1.33,0.5319999999999823,0.000398
c499,_266_,XNOR2,1,1,2,0,9,1,0,-0.0001968749999999,2.66,1.063999999999993,0.000397
c499,_267_,XNOR2,0,0,2,4,4,3,8,-0.0060024999999999,2.66,1.063999999999993,0.000401
c499,_268_,NAND2,0,1,2,1,8,2,1,-0.0016371874999999,1.33,0.5319999999999823,0.000397
c499,_269_,XNOR2,0,1,2,0,9,1,0,-0.0001896874999999,2.66,1.063999999999993,0.000397
c499,_270_,OR2,0,0,2,1,6,4,9,-0.0002399999999999,1.33,0.2659999999999911,0.000399
c499,_271_,AOI211,0,4,4,4,7,3,8,-0.0044268749999999,2.394,1.063999999999993,0.000401
c499,_272_,NAND2,0,1,2,1,8,2,1,-0.0017059375,1.33,0.5319999999999823,0.000397
c499,_273_,XNOR2,0,1,2,0,9,1,0,-0.0001915624999999,2.66,1.063999999999993,0.000397
c499,_274_,NAND2,0,1,2,1,8,2,1,-0.0017062499999999,1.33,0.5319999999999823,0.000397
c499,_275_,XNOR2,0,1,2,0,9,1,0,-0.000656875,2.66,1.063999999999993,0.000397
c499,_276_,NAND2,0,1,2,1,8,2,1,-0.0057631249999999,1.33,0.5319999999999823,0.000398
c499,_277_,XNOR2,0,1,2,0,9,1,0,-0.0001968749999999,2.66,1.063999999999993,0.000397
c499,_278_,NAND2,0,1,2,1,8,2,1,-0.0016371874999999,1.33,0.5319999999999823,0.000397
c499,_279_,XNOR2,0,1,2,0,9,1,0,-0.0001896874999999,2.66,1.063999999999993,0.000397
c499,_280_,NAND2,0,0,2,2,5,5,19,-0.0003543749999999,1.33,0.5319999999999823,0.0004
c499,_281_,AOI211,0,4,4,4,7,3,8,0.000663125,2.394,1.063999999999993,0.000401
c499,_282_,NAND2,0,1,2,1,8,2,1,-0.0017059375,1.33,0.5319999999999823,0.000397
c499,_283_,XNOR2,0,1,2,0,9,1,0,-0.0001915624999999,2.66,1.063999999999993,0.000397
c499,_284_,NAND2,0,1,2,1,8,2,1,-0.0017062499999999,1.33,0.5319999999999823,0.000397
c499,_285_,XNOR2,0,1,2,0,9,1,0,-0.0001918749999999,2.66,1.063999999999993,0.000397
c499,_286_,NAND2,0,1,2,1,8,2,1,-0.0057631249999999,1.33,0.5319999999999823,0.000398
c499,_287_,XNOR2,0,1,2,0,9,1,0,-0.0001968749999999,2.66,1.063999999999993,0.000397
c499,_288_,NAND2,0,1,2,1,8,2,1,-0.0016371874999999,1.33,0.5319999999999823,0.000397
c499,_289_,XNOR2,0,1,2,0,9,1,0,-0.0001896874999999,2.66,1.063999999999993,0.000397
c499,_290_,OR2,0,0,2,1,6,4,9,-0.0002399999999999,1.33,0.2659999999999911,0.000399
c499,_291_,AOI211,0,4,4,4,7,3,8,-0.0044268749999999,2.394,1.063999999999993,0.000401
c499,_292_,NAND2,0,1,2,1,8,2,1,-0.0017059375,1.33,0.5319999999999823,0.000397
c499,_293_,XNOR2,0,1,2,0,9,1,0,-0.0001915624999999,2.66,1.063999999999993,0.000397
c499,_294_,NAND2,0,1,2,1,8,2,1,-0.0017062499999999,1.33,0.5319999999999823,0.000397
c499,_295_,XNOR2,0,1,2,0,9,1,0,-0.0008999999999999,2.66,1.063999999999993,0.000397
c499,_296_,NAND2,0,1,2,1,8,2,1,-0.0057631249999999,1.33,0.5319999999999823,0.000398
c499,_297_,XNOR2,0,1,2,0,9,1,0,-0.0001968749999999,2.66,1.063999999999993,0.000397
c499,_298_,NAND2,0,1,2,1,8,2,1,-0.0016371874999999,1.33,0.5319999999999823,0.000397
c499,_299_,XNOR2,0,1,2,0,9,1,0,-0.0001896874999999,2.66,1.063999999999993,0.000397
c499,_300_,NAND2,0,0,2,2,5,5,19,-0.0003624999999999,1.33,0.5319999999999823,0.0004
c499,_301_,AOI211,0,4,4,4,7,3,8,0.0006653125,2.394,1.063999999999993,0.000401
c499,_302_,NAND2,0,1,2,1,8,2,1,-0.0017071874999999,1.33,0.5319999999999823,0.000397
c499,_303_,XNOR2,0,1,2,0,9,1,0,-0.0001918749999999,2.66,1.063999999999993,0.000397
c499,_304_,NAND2,0,1,2,1,8,2,1,-0.0017081249999999,1.33,0.5319999999999823,0.000397
c499,_305_,XNOR2,0,1,2,0,9,1,0,-0.0001915624999999,2.66,1.063999999999993,0.000397
c499,_306_,NAND2,0,1,2,1,8,2,1,-0.0037374999999999,1.33,0.5319999999999823,0.000398
c499,_307_,XNOR2,0,1,2,0,9,1,0,-0.0001971874999999,2.66,1.063999999999993,0.000397
c499,_308_,NAND2,0,1,2,1,8,2,1,-0.0016396874999999,1.33,0.5319999999999823,0.000397
c499,_309_,XNOR2,0,1,2,0,9,1,0,-0.0001896874999999,2.66,1.063999999999993,0.000397
c499,_310_,OR2,0,0,2,1,6,4,9,-0.0022674999999999,1.33,0.2659999999999911,0.000399
c499,_311_,AOI211,0,4,4,4,7,3,8,-0.0031221874999999,2.394,1.063999999999993,0.000401
c499,_312_,NAND2,0,1,2,1,8,2,1,-0.0017071874999999,1.33,0.5319999999999823,0.000397
c499,_313_,XNOR2,0,1,2,0,9,1,0,-0.0001918749999999,2.66,1.063999999999993,0.000397
c499,_314_,NAND2,0,1,2,1,8,2,1,-0.0017081249999999,1.33,0.5319999999999823,0.000397
c499,_315_,XNOR2,0,1,2,0,9,1,0,-0.0001915624999999,2.66,1.063999999999993,0.000397
c499,_316_,NAND2,0,1,2,1,8,2,1,-0.0037374999999999,1.33,0.5319999999999823,0.000398
c499,_317_,XNOR2,0,1,2,0,9,1,0,-0.0001971874999999,2.66,1.063999999999993,0.000397
c499,_318_,NAND2,0,1,2,1,8,2,1,-0.0016396874999999,1.33,0.5319999999999823,0.000397
c499,_319_,XNOR2,0,1,2,0,9,1,0,-0.0001896874999999,2.66,1.063999999999993,0.000397
c499,_320_,NAND2,0,1,2,1,8,2,1,-0.0017137499999999,1.33,0.5319999999999823,0.000397
c499,_321_,XNOR2,0,1,2,0,9,1,0,-0.0001915624999999,2.66,1.063999999999993,0.000397
c499,_322_,NAND2,0,1,2,1,8,2,1,-0.0017143749999999,1.33,0.5319999999999823,0.000397
c499,_323_,XNOR2,0,1,2,0,9,1,0,-0.0006693749999999,2.66,1.063999999999993,0.000397
c5315,_0699_,INV,0,1,1,1,1,1,3,2.659340659344478e-05,0.798,0.2659999999999627,0.000673
c5315,_0700_,INV,0,2,1,1,1,1,3,3.417582417591936e-05,0.798,0.2659999999999627,0.000673
c5315,_0701_,NOR2,0,1,2,1,2,1,2,-3.780219780219474e-05,1.33,0.5320000000000391,0.000673
c5315,_0708_,BUF,0,0,1,10,1,5,33,5.494505494474389e-07,1.064,0.2659999999999627,0.000673
c5315,_0709_,INV,0,0,1,4,2,4,9,-5.494505494474389e-07,0.798,0.2659999999999627,0.000673
c5315,_0710_,NOR2,0,0,2,1,3,2,1,0.0,1.33,0.5320000000000391,0.000673
c5315,_0711_,CLKBUF,0,0,1,10,1,3,20,1.9670329670318232e-05,1.064,0.2659999999999627,0.000673
c5315,_0712_,BUF,0,0,1,10,1,4,19,1.208791208850979e-06,1.064,0.2659999999999627,0.000673
c5315,_0713_,OAI21,0,0,3,1,2,2,1,-1.087912087915921e-05,1.862,0.7980000000000018,0.000674
c5315,_0714_,BUF,0,0,1,10,1,8,102,0.0001068131868132,1.064,0.2659999999999627,0.000673
c5315,_0715_,BUF,0,0,1,10,1,9,208,3.1868131868395544e-06,1.064,0.2659999999999627,0.000673
c5315,_0716_,BUF,0,0,1,10,2,7,85,0.0001668131868132,1.064,0.2659999999999627,0.000673
c5315,_0717_,BUF,0,24,1,10,1,15,225,0.0049951648351648,1.064,0.2659999999999627,0.000673
c5315,_0718_,MUX2,0,2,3,4,2,14,95,-0.0006636263736263,2.394,0.5320000000000391,0.000674
c5315,_0719_,XNOR2,0,0,2,4,3,13,80,-7.296703296705287e-05,2.66,1.0639999999999643,0.000674
c5315,_0720_,MUX2,0,0,3,4,2,13,52,-0.0004751648351647,2.394,0.5320000000000391,0.000674
c5315,_0721_,XNOR2,0,0,2,3,3,12,44,2.1978021985669121e-07,2.66,1.0639999999999643,0.000674
c5315,_0722_,XOR2,0,0,2,2,4,11,20,-1.043956043961236e-05,2.394,0.7980000000000018,0.000675
c5315,_0723_,MUX2,0,0,3,5,2,14,111,-0.0004752747252746,2.394,0.5320000000000391,0.000674
c5315,_0724_,OAI211,0,0,4,3,3,13,66,-5.659340659341927e-05,2.394,1.0639999999999643,0.000674
c5315,_0725_,NAND2,0,0,2,3,3,13,66,-7.36263736264009e-05,1.33,0.5320000000000391,0.000673
c5315,_0726_,XNOR2,0,0,2,3,3,13,77,0.0,2.66,1.0639999999999643,0.000674
c5315,_0727_,OAI211,0,0,4,3,4,12,38,-6.703296703214345e-06,2.394,1.0639999999999643,0.000675
c5315,_0728_,AND2,0,0,2,2,3,12,36,0.0,1.33,0.2660000000000764,0.000673
c5315,_0729_,OAI21,0,0,3,1,5,11,18,0.0,1.862,0.7980000000000018,0.000674
c5315,_0730_,XNOR2,0,0,2,1,6,10,17,0.0,2.66,1.0639999999999643,0.000676
c5315,_0731_,MUX2,0,0,3,3,2,12,72,-0.0004752747252746,2.394,0.5320000000000391,0.000674
c5315,_0732_,NOR2,0,0,2,4,3,11,64,0.0,1.33,0.5320000000000391,0.000673
c5315,_0733_,NAND2,0,0,2,4,3,11,63,0.0,1.33,0.5320000000000391,0.000673
c5315,_0734_,AOI21,0,0,3,1,5,10,17,0.0,1.862,0.7980000000000018,0.000674
c5315,_0735_,XNOR2,0,0,2,1,7,9,16,0.0,2.66,1.0639999999999643,0.000677
c5315,_0736_,NAND2,0,0,2,4,4,12,60,0.0,1.33,0.5320000000000391,0.000674
c5315,_0737_,OAI21,0,0,3,1,5,10,17,0.0,1.862,0.7980000000000018,0.000674
c5315,_0738_,NOR2,0,0,2,1,3,13,37,0.0,1.33,0.5320000000000391,0.000673
c5315,_0739_,INV,0,0,1,2,4,12,36,0.0,0.798,0.2659999999999627,0.000673
c5315,_0740_,MUX2,0,0,3,1,5,11,18,0.0,2.394,0.5320000000000391,0.000674
c5315,_0741_,XOR2,0,0,2,1,6,10,17,0.0,2.394,0.7980000000000018,0.000676
c5315,_0742_,XNOR2,0,0,2,1,7,9,16,0.0,2.66,1.0639999999999643,0.000677
c5315,_0743_,MUX2,0,0,3,3,2,13,119,-0.0004752747252746,2.394,0.5320000000000391,0.000674
c5315,_0744_,OR2,0,0,2,3,3,12,111,2.6373626374476267e-06,1.33,0.2660000000000764,0.000673
c5315,_0745_,MUX2,0,0,3,4,2,13,148,-0.0004752747252746,2.394,0.5320000000000391,0.000674
c5315,_0746_,OR2,0,0,2,1,3,12,117,0.0,1.33,0.2660000000000764,0.000673
c5315,_0747_,INV,0,0,1,2,1,13,157,0.0,0.798,0.2659999999999627,0.000673
c5315,_0748_,NOR2,0,0,2,1,2,13,137,-0.0012063736263736,1.33,0.5320000000000391,0.000673
c5315,_0749_,INV,0,0,1,1,2,14,138,-0.001081978021978,0.798,0.2659999999999627,0.000673
c5315,_0750_,NOR2,0,0,2,1,3,13,137,0.0,1.33,0.5320000000000391,0.000673
c5315,_0751_,MUX2,0,22,3,4,2,14,173,-0.0018962637362637,2.394,0.5320000000000391,0.000674
c5315,_0752_,NOR2,0,5,2,2,3,13,140,-0.0007990109890109,1.33,0.5320000000000391,0.000673
c5315,_0753_,MUX2,0,0,3,6,1,14,192,-0.0001653846153845,2.394,0.5320000000000391,0.000674
c5315,_0754_,NOR2,0,0,2,5,2,13,159,-7.692307692486189e-07,1.33,0.5320000000000391,0.000673
c5315,_0755_,MUX2,0,7,3,6,1,14,207,-0.0002814285714285,2.394,0.5320000000000391,0.000674
c5315,_0756_,AOI22,0,0,4,3,2,13,141,-0.0002806593406593,2.394,1.0639999999999643,0.000674
c5315,_0758_,AND2,0,0,2,1,3,12,117,0.0,1.33,0.2660000000000764,0.000673
c5315,_0759_,OAI21,0,5,3,6,5,11,116,0.0002362637362636,1.862,0.7980000000000018,0.000674
c5315,_0760_,NAND2,0,0,2,2,3,12,112,0.0,1.33,0.5320000000000391,0.000673
c5315,_0761_,NAND2,0,2,2,2,6,10,87,-0.0001850549450549,1.33,0.5320000000000391,0.000674
c5315,_0762_,INV,0,0,1,2,1,13,137,0.0,0.798,0.2659999999999627,0.000673
c5315,_0763_,XNOR2,0,0,2,3,3,12,129,0.0001732967032967,2.66,1.0639999999999643,0.000674
c5315,_0764_,XNOR2,0,1,2,3,2,13,145,-0.0001734065934065,2.66,1.0639999999999643,0.000674
c5315,_0765_,XNOR2,0,0,2,3,2,13,148,7.6923076930413e-07,2.66,1.0639999999999643,0.000674
c5315,_0766_,XNOR2,0,17,2,3,3,13,148,0.0005348351648351,2.66,1.0639999999999643,0.000674
c5315,_0767_,NOR3,0,17,3,3,4,12,130,0.0017902197802199,1.862,0.7980000000000018,0.000674
c5315,_0768_,NAND2,0,12,2,5,5,11,111,-0.0015935164835164,1.33,0.5320000000000391,0.000674
c5315,_0769_,NAND2,0,0,2,4,4,11,107,-4.175824175833842e-06,1.33,0.5320000000000391,0.000674
c5315,_0770_,NOR2,0,0,2,1,6,10,17,-0.0005686813186813,1.33,0.5320000000000391,0.000674
c5315,_0771_,AOI22,0,0,4,1,7,9,16,-0.0001342857142856,2.394,1.0639999999999643,0.000674
c5315,_0772_,MUX2,0,0,3,1,8,8,15,0.0,2.394,0.5320000000000391,0.000677
c5315,_0773_,XNOR2,0,0,2,1,4,8,15,-0.0016731868131867,2.66,1.0639999999999643,0.000675
c5315,_0774_,XNOR2,0,0,2,2,9,7,14,0.0,2.66,1.0639999999999643,0.000679
c5315,_0775_,AND2,0,4,2,2,2,11,55,9.483516483521635e-05,1.33,0.2660000000000764,0.000673
c5315,_0776_,NOR2,0,2,2,2,2,13,61,-0.0001356043956043,1.33,0.5320000000000391,0.000673
c5315,_0777_,NOR2,0,6,2,3,3,10,54,1.582417582418616e-05,1.33,0.5320000000000391,0.000674
c5315,_0778_,NAND2,0,0,2,2,2,12,24,-0.0003001098901098,1.33,0.5320000000000391,0.000673
c5315,_0779_,OR3,0,0,3,2,4,12,24,-7.692307692303002e-05,1.596,0.2659999999999627,0.000674
c5315,_0780_,NAND2,0,0,2,1,3,13,25,-0.000984945054945,1.33,0.5320000000000391,0.000673
c5315,_0781_,OAI21,0,0,3,2,4,12,24,0.0,1.862,0.7980000000000018,0.000674
c5315,_0782_,AOI21,0,0,3,2,5,11,22,0.0,1.862,0.7980000000000018,0.000674
c5315,_0783_,AND3,0,0,3,2,5,11,22,0.0,1.596,0.2659999999999627,0.000674
c5315,_0784_,OAI21,0,0,3,2,6,10,20,-0.0003315384615384,1.862,0.7980000000000018,0.000674
c5315,_0785_,OR3,0,3,3,2,6,10,20,0.0001608791208791,1.596,0.2659999999999627,0.000674
c5315,_0786_,AOI21,0,0,3,2,7,9,18,-0.000788021978022,1.862,0.7980000000000018,0.000674
c5315,_0787_,AND3,0,3,3,1,7,9,17,-0.0002838461538461,1.596,0.2659999999999627,0.000674
c5315,_0788_,OR3,0,3,3,2,8,8,16,0.0002317582417582,1.596,0.2659999999999627,0.000674
c5315,_0789_,AND2,0,0,2,1,2,13,23,-4.395604395468489e-07,1.33,0.2660000000000764,0.000673
c5315,_0790_,MUX2,0,0,3,2,3,12,22,-9.747252747255296e-05,2.394,0.5320000000000391,0.000674
c5315,_0791_,NAND2,0,0,2,2,5,11,20,-0.0009125274725274,1.33,0.5320000000000391,0.000674
c5315,_0792_,OR3,0,0,3,2,5,11,20,-0.0016713186813187,1.596,0.2659999999999627,0.000674
c5315,_0793_,AOI22,0,0,4,1,6,10,18,-0.0009507692307692,2.394,1.0639999999999643,0.000675
c5315,_0794_,AND4,0,0,4,1,6,10,18,-0.0004571428571428,1.862,0.2659999999999627,0.000674
c5315,_0795_,NOR3,0,0,3,1,7,9,17,-0.000103956043956,1.862,0.7980000000000018,0.000675
c5315,_0796_,OAI21,0,0,3,2,8,8,16,0.0,1.862,0.7980000000000018,0.000674
c5315,_0797_,XNOR2,0,0,2,2,5,8,16,-4.285714285678921e-06,2.66,1.0639999999999643,0.000675
c5315,_0798_,AND3,0,3,3,2,9,7,14,6.098901098899878e-05,1.596,0.2659999999999627,0.000675
c5315,_0799_,AOI21,0,0,3,2,9,7,14,-0.0001750549450549,1.862,0.7980000000000018,0.000675
c5315,_0800_,OAI21,0,0,3,1,10,6,12,-9.406593406585673e-05,1.862,0.7980000000000018,0.000677
c5315,_0801_,OR3,0,3,3,1,10,6,12,0.0002043956043956,1.596,0.2659999999999627,0.000677
c5315,_0802_,NAND3,0,3,3,1,11,5,11,-0.0001756043956043,1.862,0.7980000000000018,0.000677
c5315,_0803_,BUF,0,0,1,10,1,12,88,0.0,1.064,0.2659999999999627,0.000673
c5315,_0804_,BUF,0,0,1,10,1,12,87,0.0,1.064,0.2659999999999627,0.000673
c5315,_0805_,MUX2,0,0,3,1,2,10,16,0.0,2.394,0.5320000000000391,0.000674
c5315,_0806_,NOR2,0,0,2,1,3,9,15,0.0,1.33,0.5320000000000391,0.000673
c5315,_0807_,BUF,0,0,1,10,1,12,91,0.0,1.064,0.2659999999999627,0.000673
c5315,_0808_,BUF,0,0,1,10,1,12,93,0.0,1.064,0.2659999999999627,0.000673
c5315,_0809_,MUX2,0,0,3,1,2,9,15,0.0,2.394,0.5320000000000391,0.000674
c5315,_0810_,AOI21,0,0,3,1,4,8,14,0.0,1.862,0.7980000000000018,0.000674
c5315,_0811_,MUX2,0,0,3,1,2,11,17,0.0,2.394,0.5320000000000391,0.000674
c5315,_0812_,NAND2,0,0,2,1,3,10,16,0.0,1.33,0.5320000000000391,0.000673
c5315,_0813_,MUX2,0,0,3,1,2,10,16,0.0,2.394,0.5320000000000391,0.000674
c5315,_0814_,OAI21,0,0,3,1,4,9,15,0.0,1.862,0.7980000000000018,0.000674
c5315,_0815_,MUX2,0,0,3,1,2,11,17,0.0,2.394,0.5320000000000391,0.000674
c5315,_0816_,NOR2,0,0,2,1,3,10,16,0.0,1.33,0.5320000000000391,0.000673
c5315,_0817_,MUX2,0,0,3,1,2,10,16,0.0,2.394,0.5320000000000391,0.000674
c5315,_0818_,AOI21,0,0,3,1,4,9,15,0.0,1.862,0.7980000000000018,0.000674
c5315,_0819_,XNOR2,0,0,2,1,5,8,14,0.0,2.66,1.0639999999999643,0.000675
c5315,_0820_,XNOR2,0,0,2,2,6,7,13,0.0,2.66,1.0639999999999643,0.000675
c5315,_0821_,MUX2,0,0,3,1,1,12,18,0.0,2.394,0.5320000000000391,0.000674
c5315,_0822_,NOR2,0,0,2,1,2,11,17,0.0,1.33,0.5320000000000391,0.000673
c5315,_0823_,MUX2,0,0,3,1,1,11,17,0.0,2.394,0.5320000000000391,0.000674
c5315,_0824_,AOI21,0,0,3,1,3,10,16,0.0,1.862,0.7980000000000018,0.000674
c5315,_0825_,MUX2,0,0,3,1,1,12,36,0.0,2.394,0.5320000000000391,0.000674
c5315,_0826_,NAND2,0,0,2,1,2,11,35,0.0,1.33,0.5320000000000391,0.000673
c5315,_0827_,MUX2,0,0,3,1,1,11,35,-6.901098901102021e-05,2.394,0.5320000000000391,0.000674
c5315,_0828_,OAI21,0,0,3,3,3,10,34,6.483516483524188e-06,1.862,0.7980000000000018,0.000674
c5315,_0829_,XNOR2,0,0,2,1,4,9,15,-8.879120879112801e-05,2.66,1.0639999999999643,0.000675
c5315,_0830_,MUX2,0,0,3,1,1,12,18,0.0,2.394,0.5320000000000391,0.000674
c5315,_0831_,NAND2,0,0,2,1,2,11,17,0.0,1.33,0.5320000000000391,0.000673
c5315,_0832_,MUX2,0,0,3,1,1,11,17,0.0,2.394,0.5320000000000391,0.000674
c5315,_0833_,OAI21,0,0,3,1,3,10,16,0.0,1.862,0.7980000000000018,0.000674
c5315,_0834_,MUX2,0,0,3,1,1,12,18,0.0,2.394,0.5320000000000391,0.000674
c5315,_0835_,NOR2,0,0,2,1,2,11,17,0.0,1.33,0.5320000000000391,0.000673
c5315,_0836_,MUX2,0,0,3,1,1,11,17,0.0,2.394,0.5320000000000391,0.000674
c5315,_0837_,AOI21,0,0,3,1,3,10,16,0.0,1.862,0.7980000000000018,0.000674
c5315,_0838_,XNOR2,0,0,2,1,4,9,15,0.0,2.66,1.0639999999999643,0.000675
c5315,_0839_,XNOR2,0,0,2,1,5,8,14,0.0,2.66,1.0639999999999643,0.000676
c5315,_0840_,MUX2,0,0,3,1,2,11,17,0.0,2.394,0.5320000000000391,0.000674
c5315,_0841_,NAND2,0,0,2,1,3,10,16,0.0,1.33,0.5320000000000391,0.000673
c5315,_0842_,MUX2,0,0,3,1,2,10,16,0.0,2.394,0.5320000000000391,0.000674
c5315,_0843_,OAI21,0,0,3,1,4,9,15,0.0,1.862,0.7980000000000018,0.000674
c5315,_0844_,MUX2,0,0,3,1,2,11,17,-3.560439560434947e-05,2.394,0.5320000000000391,0.000674
c5315,_0845_,NOR2,0,0,2,1,3,10,16,0.0,1.33,0.5320000000000391,0.000673
c5315,_0846_,MUX2,0,0,3,1,2,10,16,-3.560439560434947e-05,2.394,0.5320000000000391,0.000674
c5315,_0847_,AOI21,0,0,3,1,4,9,15,0.0,1.862,0.7980000000000018,0.000674
c5315,_0848_,XNOR2,0,0,2,1,5,8,14,0.0,2.66,1.0639999999999643,0.000675
c5315,_0849_,XNOR2,0,0,2,2,6,7,13,0.0,2.66,1.0639999999999643,0.000677
c5315,_0850_,AOI21,0,0,3,1,7,6,12,-8.791208791159022e-06,1.862,0.7980000000000018,0.000676
c5315,_0851_,OAI21,0,0,3,1,8,5,11,0.0,1.862,0.7980000000000018,0.000676
c5315,_0852_,AOI21,0,3,3,2,12,4,10,-6.692307692307553e-05,1.862,0.7980000000000018,0.000676
c5315,_0853_,AOI21,0,2,3,4,13,3,8,0.0002016483516484,1.862,0.7980000000000018,0.000675
c5315,_0854_,AND2,0,1,2,1,14,2,1,-5.230769230768484e-05,1.33,0.2660000000000764,0.000674
c5315,_0855_,INV,0,0,1,7,1,5,26,0.0,0.798,0.2659999999999627,0.000673
c5315,_0856_,INV,0,0,1,10,1,9,192,2.670329670334537e-05,0.798,0.2659999999999627,0.000673
c5315,_0857_,NOR2,0,0,2,1,2,5,11,-7.362637362617885e-06,1.33,0.5320000000000391,0.000673
c5315,_0858_,INV,0,0,1,1,2,11,39,0.0,0.798,0.2659999999999627,0.000673
c5315,_0859_,NAND2,0,0,2,1,3,10,38,0.0,1.33,0.5320000000000391,0.000673
c5315,_0860_,OAI21,0,0,3,3,4,9,37,0.0,1.862,0.7980000000000018,0.000674
c5315,_0861_,MUX2,0,0,3,4,2,9,33,0.0,2.394,0.5320000000000391,0.000674
c5315,_0862_,XNOR2,0,0,2,1,5,8,17,0.0,2.66,1.0639999999999643,0.000674
c5315,_0863_,MUX2,0,0,3,1,1,11,37,0.0,2.394,0.5320000000000391,0.000674
c5315,_0864_,NAND2,0,0,2,1,2,10,36,0.0,1.33,0.5320000000000391,0.000673
c5315,_0865_,MUX2,0,0,3,1,2,10,36,0.0,2.394,0.5320000000000391,0.000674
c5315,_0866_,OAI21,0,0,3,2,3,9,35,0.0,1.862,0.7980000000000018,0.000674
c5315,_0867_,MUX2,0,0,3,1,1,11,38,0.0,2.394,0.5320000000000391,0.000674
c5315,_0868_,NOR2,0,0,2,1,2,10,37,0.0,1.33,0.5320000000000391,0.000673
c5315,_0869_,MUX2,0,0,3,1,2,10,37,0.0,2.394,0.5320000000000391,0.000674
c5315,_0870_,AOI21,0,0,3,3,3,9,36,0.0,1.862,0.7980000000000018,0.000674
c5315,_0871_,XNOR2,0,0,2,1,4,8,17,0.0,2.66,1.0639999999999643,0.000675
c5315,_0872_,XNOR2,0,0,2,2,6,7,16,0.0,2.66,1.0639999999999643,0.000676
c5315,_0873_,MUX2,0,0,3,3,1,10,38,-6.703296703214345e-06,2.394,0.5320000000000391,0.000674
c5315,_0874_,NAND2,0,0,2,1,2,11,20,0.0,1.33,0.5320000000000391,0.000673
c5315,_0875_,OAI21,0,0,3,1,3,10,19,0.0,1.862,0.7980000000000018,0.000674
c5315,_0876_,XNOR2,0,0,2,1,4,9,18,0.0,2.66,1.0639999999999643,0.000674
c5315,_0877_,MUX2,0,0,3,1,2,11,20,0.0,2.394,0.5320000000000391,0.000674
c5315,_0878_,NOR2,0,0,2,1,3,10,19,0.0,1.33,0.5320000000000391,0.000673
c5315,_0879_,MUX2,0,0,3,1,2,10,19,0.0,2.394,0.5320000000000391,0.000674
c5315,_0880_,AOI21,0,0,3,1,4,9,18,0.0,1.862,0.7980000000000018,0.000674
c5315,_0881_,XNOR2,0,0,2,1,5,8,17,0.0,2.66,1.0639999999999643,0.000675
c5315,_0882_,MUX2,0,0,3,1,2,11,20,0.0,2.394,0.5320000000000391,0.000674
c5315,_0883_,NAND2,0,0,2,1,3,10,19,0.0,1.33,0.5320000000000391,0.000673
c5315,_0884_,MUX2,0,0,3,1,2,10,19,0.0,2.394,0.5320000000000391,0.000674
c5315,_0885_,OAI21,0,0,3,1,4,9,18,0.0,1.862,0.7980000000000018,0.000674
c5315,_0886_,MUX2,0,0,3,1,2,11,20,0.0,2.394,0.5320000000000391,0.000674
c5315,_0887_,NOR2,0,0,2,1,3,10,19,0.0,1.33,0.5320000000000391,0.000673
c5315,_0888_,MUX2,0,0,3,1,2,10,19,0.0,2.394,0.5320000000000391,0.000674
c5315,_0889_,AOI21,0,0,3,1,4,9,18,0.0,1.862,0.7980000000000018,0.000674
c5315,_0890_,XNOR2,0,0,2,1,5,8,17,0.0,2.66,1.0639999999999643,0.000675
c5315,_0891_,XNOR2,0,0,2,2,6,7,16,0.0,2.66,1.0639999999999643,0.000676
c5315,_0892_,OR2,0,0,2,1,7,6,14,0.0,1.33,0.2660000000000764,0.000675
c5315,_0893_,BUF,0,0,1,10,2,8,125,3.285714285711228e-05,1.064,0.2659999999999627,0.000673
c5315,_0894_,AOI21,0,0,3,1,7,6,14,-8.241758241711583e-06,1.862,0.7980000000000018,0.000675
c5315,_0895_,AOI21,0,0,3,2,8,5,13,-4.395604395601716e-05,1.862,0.7980000000000018,0.000675
c5315,_0896_,BUF,1,45,1,10,1,15,291,0.0110790109890109,1.064,0.2659999999999627,0.000673
c5315,_0897_,MUX2,0,0,3,4,2,14,138,-0.0008858241758241,2.394,0.5320000000000391,0.000674
c5315,_0898_,NAND2,0,0,2,2,3,11,102,-1.0989010990059e-07,1.33,0.5320000000000391,0.000673
c5315,_0899_,MUX2,0,13,3,9,2,14,229,-0.0013515384615384,2.394,0.5320000000000391,0.000674
c5315,_0900_,MUX2,1,29,3,6,2,14,198,-0.0026672527472527,2.394,0.5320000000000391,0.000674
c5315,_0901_,XNOR2,0,3,2,3,3,13,142,-0.0011881318681318,2.66,1.0639999999999643,0.000674
c5315,_0902_,MUX2,0,0,3,7,1,14,221,-0.0003187912087911,2.394,0.5320000000000391,0.000674
c5315,_0903_,XNOR2,0,0,2,4,2,13,202,0.000126923076923,2.66,1.0639999999999643,0.000674
c5315,_0904_,NOR3,0,2,3,2,4,12,107,-0.0005008791208791,1.862,0.7980000000000018,0.000674
c5315,_0905_,INV,0,0,1,3,2,14,168,-0.0019568131868132,0.798,0.2659999999999627,0.000673
c5315,_0906_,NOR3,0,0,3,2,3,13,148,-9.12087912080528e-06,1.862,0.7980000000000018,0.000673
c5315,_0907_,INV,0,0,1,1,1,14,161,0.0,0.798,0.2659999999999627,0.000673
c5315,_0908_,INV,0,1,1,1,1,1,161,2.615384615389793e-05,0.798,0.2659999999999627,0.000673
c5315,_0909_,AOI21,0,0,3,4,2,13,160,-0.0019171428571428,1.862,0.7980000000000018,0.000674
c5315,_0910_,XNOR2,0,0,2,4,3,13,123,5.494505494474389e-07,2.66,1.0639999999999643,0.000674
c5315,_0911_,NOR3,0,0,3,1,4,12,24,-3.846153846132072e-06,1.862,0.7980000000000018,0.000674
c5315,_0912_,NAND2,0,2,2,3,5,11,23,-0.0001184615384615,1.33,0.5320000000000391,0.000674
c5315,_0913_,NOR2,0,0,2,2,3,11,102,-1.0989010990059e-07,1.33,0.5320000000000391,0.000673
c5315,_0914_,INV,0,0,1,3,3,13,118,-0.0003948351648351,0.798,0.2659999999999627,0.000673
c5315,_0915_,NOR3,0,1,3,2,4,12,115,-0.000137912087912,1.862,0.7980000000000018,0.000674
c5315,_0916_,AOI22,0,0,4,3,3,13,157,-0.0010305494505494,2.394,1.0639999999999643,0.000674
c5315,_0917_,NOR2,1,26,2,4,3,13,158,-0.0005743956043957,1.33,0.5320000000000391,0.000673
c5315,_0918_,NOR2,1,26,2,2,4,12,115,-0.0016190109890109,1.33,0.5320000000000391,0.000674
c5315,_0920_,OAI211,0,0,4,2,6,10,20,-0.0046715384615383,2.394,1.0639999999999643,0.000674
c5315,_0921_,MUX2,0,2,3,4,2,14,107,-0.0012323076923076,2.394,0.5320000000000391,0.000674
c5315,_0922_,XNOR2,0,2,2,7,3,13,96,0.0002082417582418,2.66,1.0639999999999643,0.000674
c5315,_0923_,MUX2,0,1,3,8,2,14,80,-0.0008315384615384,2.394,0.5320000000000391,0.000674
c5315,_0924_,INV,0,0,1,2,3,13,43,-4.8351648351596666e-05,0.798,0.2659999999999627,0.000673
c5315,_0925_,MUX2,0,0,3,5,2,14,125,-0.0011124175824175,2.394,0.5320000000000391,0.000674
c5315,_0926_,AOI22,0,0,4,4,3,13,73,-0.0001194505494505,2.394,1.0639999999999643,0.000674
c5315,_0927_,NOR2,0,0,2,4,3,13,74,-8.549450549444337e-05,1.33,0.5320000000000391,0.000673
c5315,_0928_,XNOR2,0,0,2,6,3,13,94,1.9450549450572563e-05,2.66,1.0639999999999643,0.000674
c5315,_0929_,OAI221,0,2,5,1,4,12,23,-0.0002046153846153,2.926,1.330000000000041,0.000675
c5315,_0930_,XOR2,0,2,2,2,5,11,22,-0.0009571428571428,2.394,0.7980000000000018,0.000675
c5315,_0931_,MUX2,0,0,3,6,2,13,59,-0.0008901098901099,2.394,0.5320000000000391,0.000674
c5315,_0932_,XOR2,0,1,2,4,3,12,32,0.0001671428571429,2.394,0.7980000000000018,0.000674
c5315,_0933_,NAND2,0,0,2,3,3,13,50,-6.901098901102021e-05,1.33,0.5320000000000391,0.000673
c5315,_0934_,OR2,0,0,2,2,4,12,24,0.0,1.33,0.2660000000000764,0.000674
c5315,_0935_,OAI21,0,0,3,2,4,12,24,-0.0004408791208791,1.862,0.7980000000000018,0.000674
c5315,_0936_,AND3,0,0,3,2,5,11,22,-4.648351648350868e-05,1.596,0.2659999999999627,0.000674
c5315,_0937_,AOI21,0,0,3,2,5,11,22,-9.758241758239804e-05,1.862,0.7980000000000018,0.000674
c5315,_0938_,OAI21,0,0,3,2,6,10,20,-7.252747252750602e-05,1.862,0.7980000000000018,0.000675
c5315,_0939_,OR3,0,2,3,2,6,10,20,5.593406593401573e-05,1.596,0.2659999999999627,0.000675
c5315,_0940_,AND3,0,0,3,1,7,9,18,-5.230769230774035e-05,1.596,0.2659999999999627,0.000675
c5315,_0941_,AOI21,0,0,3,1,4,12,22,-4.615384615380691e-05,1.862,0.7980000000000018,0.000674
c5315,_0942_,AOI21,0,0,3,1,5,11,21,-5.62637362637175e-05,1.862,0.7980000000000018,0.000674
c5315,_0943_,XNOR2,0,0,2,1,4,12,22,-0.0005121978021978,2.66,1.0639999999999643,0.000675
c5315,_0944_,XNOR2,0,0,2,1,5,11,21,-0.0001464835164834,2.66,1.0639999999999643,0.000676
c5315,_0945_,XNOR2,0,0,2,2,6,10,20,0.0,2.66,1.0639999999999643,0.000677
c5315,_0946_,OAI21,0,0,3,1,7,9,18,0.0,1.862,0.7980000000000018,0.000675
c5315,_0947_,INV,0,0,1,4,1,10,26,0.0,0.798,0.2659999999999627,0.000673
c5315,_0948_,OAI21,1,26,3,4,6,10,98,-0.0007968131868131,1.862,0.7980000000000018,0.000674
c5315,_0949_,OAI21,0,0,3,1,7,9,18,-0.0017186813186813,1.862,0.7980000000000018,0.000675
c5315,_0950_,AND3,0,2,3,1,7,9,18,-0.0009696703296703,1.596,0.2659999999999627,0.000675
c5315,_0951_,OAI22,0,2,4,1,8,8,17,5.593406593401573e-05,2.394,1.0639999999999643,0.000676
c5315,_0952_,XOR2,0,0,2,3,3,13,50,-0.0014101098901099,2.394,0.7980000000000018,0.000674
c5315,_0953_,XOR2,0,0,2,3,2,13,31,-2.1978021974566889e-07,2.394,0.7980000000000018,0.000674
c5315,_0954_,XNOR2,0,0,2,1,4,8,17,-1.3846153846086562e-05,2.66,1.0639999999999643,0.000675
c5315,_0955_,XNOR2,0,2,2,2,9,7,16,-0.0001248351648351,2.66,1.0639999999999643,0.000678
c5315,_0956_,NOR2,0,0,2,4,4,12,138,1.428571428652159e-06,1.33,0.5320000000000391,0.000674
c5315,_0957_,XOR2,0,0,2,2,5,8,18,-1.4505494505490102e-05,2.394,0.7980000000000018,0.000675
c5315,_0958_,AND2,0,0,2,2,2,13,48,0.0,1.33,0.2660000000000764,0.000673
c5315,_0959_,NOR2,0,0,2,4,2,13,33,-1.0989010984507885e-07,1.33,0.5320000000000391,0.000673
c5315,_0960_,MUX2,0,0,3,1,3,12,25,-0.0002064835164834,2.394,0.5320000000000391,0.000674
c5315,_0961_,NOR3,0,0,3,2,5,11,24,-0.0015537362637362,1.862,0.7980000000000018,0.000674
c5315,_0962_,NOR2,0,0,2,1,4,12,25,0.0,1.33,0.5320000000000391,0.000674
c5315,_0963_,OR2,0,0,2,1,4,12,25,-0.0013464835164834,1.33,0.2660000000000764,0.000674
c5315,_0964_,NAND3,0,0,3,1,4,12,25,-0.0003989010989011,1.862,0.7980000000000018,0.000674
c5315,_0965_,NAND2,0,0,2,2,2,12,47,-1.0989010984507885e-07,1.33,0.5320000000000391,0.000673
c5315,_0966_,AOI221,0,0,5,2,5,11,24,0.0,2.926,1.330000000000041,0.000674
c5315,_0967_,OR3,0,1,3,2,6,10,22,-0.0020165934065933,1.596,0.2659999999999627,0.000674
c5315,_0968_,OAI21,0,0,3,2,6,10,22,-0.0042084615384615,1.862,0.7980000000000018,0.000675
c5315,_0969_,AND3,0,1,3,2,7,9,20,2.098901098901429e-05,1.596,0.2659999999999627,0.000674
c5315,_0970_,NAND2,0,0,2,3,5,11,98,-0.0003874725274724,1.33,0.5320000000000391,0.000674
c5315,_0971_,NAND2,0,0,2,1,3,13,24,-0.001106923076923,1.33,0.5320000000000391,0.000673
c5315,_0972_,NAND2,0,0,2,1,4,12,23,0.0,1.33,0.5320000000000391,0.000674
c5315,_0973_,OAI21,0,0,3,2,5,11,22,-0.0032342857142856,1.862,0.7980000000000018,0.000674
c5315,_0974_,AND3,0,0,3,1,6,10,20,-0.0018840659340659,1.596,0.2659999999999627,0.000674
c5315,_0975_,AOI21,0,0,3,1,6,10,20,-0.0050526373626373,1.862,0.7980000000000018,0.000674
c5315,_0976_,NOR3,0,0,3,1,7,9,19,-7.901098901091919e-05,1.862,0.7980000000000018,0.000674
c5315,_0977_,OR3,0,1,3,2,8,8,18,-0.0001306593406592,1.596,0.2659999999999627,0.000674
c5315,_0978_,AOI21,0,0,3,1,7,9,19,-9.054945054942642e-05,1.862,0.7980000000000018,0.000674
c5315,_0979_,OAI21,0,0,3,2,8,8,18,-0.0004252747252747,1.862,0.7980000000000018,0.000674
c5315,_0980_,AOI21,0,0,3,2,9,7,16,-9.021978021983568e-05,1.862,0.7980000000000018,0.000675
c5315,_0981_,AND3,0,1,3,2,9,7,16,2.120879120881547e-05,1.596,0.2659999999999627,0.000675
c5315,_0982_,OAI21,0,0,3,1,10,6,14,-0.0001731868131867,1.862,0.7980000000000018,0.000677
c5315,_0983_,OR3,0,3,3,1,10,6,14,8.428571428575893e-05,1.596,0.2659999999999627,0.000676
c5315,_0984_,NAND3,0,3,3,2,11,5,13,-0.000106923076923,1.862,0.7980000000000018,0.000676
c5315,_0985_,AOI21,0,2,3,4,12,4,10,0.0001168131868132,1.862,0.7980000000000018,0.000675
c5315,_0986_,OAI21,0,0,3,1,13,2,1,-0.0002261538461537,1.862,0.7980000000000018,0.000674
c5315,_0987_,OAI22,0,1,4,0,15,1,0,-4.593406593395022e-05,2.394,1.0639999999999643,0.000675
c5315,_0988_,INV,0,0,1,5,1,4,10,0.0,0.798,0.2659999999999627,0.000673
c5315,_0989_,NOR2,0,0,2,1,2,2,1,0.0,1.33,0.5320000000000391,0.000673
c5315,_0990_,CLKBUF,0,0,1,10,1,4,20,1.9230769230771383e-05,1.064,0.2659999999999627,0.000673
c5315,_0991_,BUF,0,0,1,10,1,4,21,1.208791208850979e-06,1.064,0.2659999999999627,0.000673
c5315,_0992_,OAI21,0,0,3,1,2,2,1,-9.78021978020882e-06,1.862,0.7980000000000018,0.000674
c5315,_0993_,AND2,0,1,2,1,14,2,1,-5.219780219783976e-05,1.33,0.2660000000000764,0.000674
c5315,_0994_,INV,0,0,1,9,1,5,28,0.0,0.798,0.2659999999999627,0.000673
c5315,_0995_,OAI21,0,0,3,1,13,2,1,-0.0002251648351648,1.862,0.7980000000000018,0.000674
c5315,_0996_,OAI22,0,1,4,0,15,1,0,-4.593406593395022e-05,2.394,1.0639999999999643,0.000675
c5315,_1015_,INV,0,1,1,0,1,1,0,3.296703296684633e-06,0.798,0.2659999999999627,0.000673
c5315,_1020_,INV,0,1,1,0,1,1,0,3.296703296684633e-06,0.798,0.2659999999999627,0.000673
c5315,_1021_,INV,0,1,1,0,1,1,0,3.4065934065852232e-06,0.798,0.2659999999999627,0.000673
c5315,_1022_,INV,0,1,1,0,1,1,0,3.2967032967401444e-06,0.798,0.2659999999999627,0.000673
c5315,_1023_,INV,0,0,1,2,4,4,16,0.0,0.798,0.2659999999999627,0.000673
c5315,_1024_,INV,0,2,1,3,1,12,184,0.0001320879120879,0.798,0.2659999999999627,0.000673
c5315,_1025_,BUF,0,2,1,10,2,11,147,0.0002958241758242,1.064,0.2659999999999627,0.000673
c5315,_1026_,NAND2,0,1,2,1,3,9,21,-7.923076923077588e-05,1.33,0.5320000000000391,0.000673
c5315,_1027_,BUF,0,0,1,10,1,10,147,5.494505494474389e-07,1.064,0.2659999999999627,0.000673
c5315,_1028_,OAI211,0,1,4,1,4,8,20,-3.3296703296659125e-05,2.394,1.0639999999999643,0.000674
c5315,_1029_,BUF,0,0,1,10,1,10,147,0.0,1.064,0.2659999999999627,0.000673
c5315,_1030_,BUF,0,0,1,10,1,10,138,0.0,1.064,0.2659999999999627,0.000673
c5315,_1031_,MUX2,0,0,3,1,2,8,20,0.0,2.394,0.5320000000000391,0.000674
c5315,_1032_,OAI21,0,1,3,2,5,7,19,-1.9230769230715872e-05,1.862,0.7980000000000018,0.000674
c5315,_1033_,MUX2,0,0,3,2,3,7,20,-5.065934065934252e-05,2.394,0.5320000000000391,0.000674
c5315,_1034_,NAND2,0,0,2,1,4,3,2,-1.9120879120870796e-05,1.33,0.5320000000000391,0.000674
c5315,_1035_,OR4,0,1,4,1,6,2,1,8.890109890113962e-05,1.862,0.2660000000000764,0.000674
c5315,_1036_,NAND2,0,0,2,1,3,9,21,-0.0001094505494505,1.33,0.5319999999999254,0.000673
c5315,_1037_,OAI211,0,0,4,2,4,8,20,-8.791208790936977e-07,2.394,1.0639999999999643,0.000674
c5315,_1038_,MUX2,0,0,3,1,2,9,21,0.0,2.394,0.5319999999999254,0.000674
c5315,_1039_,NAND2,0,0,2,1,3,10,22,-0.0001094505494505,1.33,0.5319999999999254,0.000673
c5315,_1040_,OAI21,0,0,3,1,4,9,21,-7.692307691375966e-07,1.862,0.7980000000000018,0.000674
c5315,_1041_,MUX2,0,0,3,2,5,8,20,0.0,2.394,0.5319999999999254,0.000674
c5315,_1042_,MUX2,0,0,3,2,2,8,20,0.0,2.394,0.5319999999999254,0.000674
c5315,_1043_,OAI211,0,0,4,1,6,2,1,0.0,2.394,1.0639999999999643,0.000674
c5315,_1044_,NOR4,0,1,4,0,7,1,0,-5.824175824120648e-06,2.394,1.0639999999999643,0.000674
c5315,_1051_,NAND2,0,1,2,1,1,1,1,2.626373626379852e-05,1.33,0.5319999999999254,0.000673
c5315,_1053_,NAND2,0,0,2,1,3,6,17,-0.0001829670329669,1.33,0.5319999999999254,0.000673
c5315,_1054_,OAI211,0,0,4,1,4,5,16,-8.824175824173608e-05,2.394,1.0639999999999643,0.000674
c5315,_1055_,MUX2,0,0,3,1,2,5,16,-3.560439560434947e-05,2.394,0.5319999999999254,0.000674
c5315,_1056_,OAI21,0,0,3,2,5,4,15,0.0,1.862,0.7980000000000018,0.000674
c5315,_1057_,NAND2,0,0,2,1,3,6,18,-0.0001094505494505,1.33,0.5319999999999254,0.000673
c5315,_1058_,OAI211,0,0,4,1,4,5,17,-8.791208790936977e-07,2.394,1.0639999999999643,0.000674
c5315,_1059_,MUX2,0,0,3,1,2,5,17,0.0,2.394,0.5319999999999254,0.000674
c5315,_1060_,OAI21,0,0,3,2,5,4,16,0.0,1.862,0.7980000000000018,0.000674
c5315,_1061_,MUX2,0,0,3,1,2,4,17,0.0,2.394,0.5319999999999254,0.000674
c5315,_1062_,NAND2,0,0,2,1,3,5,18,-0.0001094505494505,1.33,0.5319999999999254,0.000673
c5315,_1063_,OAI21,0,0,3,1,4,4,17,-7.692307691375966e-07,1.862,0.7980000000000018,0.000674
c5315,_1064_,MUX2,0,0,3,2,5,3,16,0.0,2.394,0.5319999999999254,0.000674
c5315,_1065_,MUX2,0,0,3,1,2,5,18,0.0,2.394,0.5319999999999254,0.000674
c5315,_1066_,NAND2,0,0,2,1,2,6,19,-0.0001296703296702,1.33,0.5319999999999254,0.000673
c5315,_1067_,OAI21,0,0,3,1,3,5,18,-7.692307691375966e-07,1.862,0.7980000000000018,0.000674
c5315,_1068_,MUX2,0,0,3,2,4,4,17,0.0,2.394,0.5319999999999254,0.000674
c5315,_1069_,MUX2,0,0,3,1,1,5,18,0.0,2.394,0.5319999999999254,0.000674
c5315,_1070_,NAND2,0,0,2,1,2,6,19,-0.0001296703296702,1.33,0.5319999999999254,0.000673
c5315,_1071_,OAI21,0,0,3,1,3,5,18,0.0,1.862,0.7980000000000018,0.000673
c5315,_1072_,MUX2,0,0,3,2,4,4,17,0.0,2.394,0.5319999999999254,0.000674
c5315,_1073_,NAND2,0,0,2,1,3,6,20,-0.0001094505494505,1.33,0.5319999999999254,0.000673
c5315,_1074_,OAI211,0,0,4,1,4,5,19,-8.791208790936977e-07,2.394,1.0639999999999643,0.000674
c5315,_1075_,MUX2,0,0,3,1,2,5,19,0.0,2.394,0.5319999999999254,0.000674
c5315,_1076_,OAI21,0,0,3,2,5,4,18,0.0,1.862,0.7980000000000018,0.000674
c5315,_1077_,AOI21,0,0,3,1,3,6,20,-9.153846153847622e-05,1.862,0.7980000000000018,0.000674
c5315,_1078_,OAI21,0,0,3,1,4,5,19,-7.692307691375966e-07,1.862,0.7980000000000018,0.000674
c5315,_1079_,MUX2,0,0,3,1,2,5,19,0.0,2.394,0.5319999999999254,0.000674
c5315,_1080_,OAI21,0,0,3,2,5,4,18,0.0,1.862,0.7980000000000018,0.000674
c5315,_1081_,AOI21,0,1,3,1,3,6,19,-5.802197802196041e-05,1.862,0.7980000000000018,0.000674
c5315,_1082_,OAI21,0,1,3,2,4,5,18,-1.549450549442888e-05,1.862,0.7980000000000018,0.000674
c5315,_1083_,MUX2,0,0,3,2,2,5,18,0.0,2.394,0.5319999999999254,0.000674
c5315,_1084_,OAI211,0,1,4,1,5,4,3,-2.802197802198592e-05,2.394,1.0639999999999643,0.000674
c5315,_1085_,NOR3,0,1,3,1,6,3,2,-9.890109890109413e-06,1.862,0.7980000000000018,0.000674
c5315,_1086_,NAND4,0,1,4,1,7,2,1,-0.0001763736263735,2.394,1.0639999999999643,0.000674
c5315,_1087_,NOR3,0,1,3,0,8,1,0,-6.098901098899878e-05,1.862,0.7980000000000018,0.000674
c5315,_1088_,NAND2,0,1,2,1,12,2,1,-0.0001438461538462,1.33,0.5319999999999254,0.000675
c5315,_1089_,OAI21,0,0,3,1,3,2,1,-8.307692307690795e-05,1.862,0.7980000000000018,0.000674
c5315,_1090_,NAND2,0,1,2,0,13,1,0,-3.3406593406559715e-05,1.33,0.5319999999999254,0.000674
c5315,_1091_,NOR2,0,0,2,10,2,8,168,8.461538461568274e-06,1.33,0.5319999999999254,0.000673
c5315,_1092_,BUF,0,0,1,10,3,7,93,-3.076923076883453e-06,1.064,0.2660000000000764,0.000673
c5315,_1093_,INV,0,0,1,1,1,2,1,0.0,0.798,0.2660000000000764,0.000673
c5315,_1094_,AOI21,0,1,3,0,13,1,0,-7.571428571429006e-05,1.862,0.7980000000000018,0.000675
c5315,_1095_,INV,0,1,1,0,1,1,0,3.296703296684633e-06,0.798,0.2660000000000764,0.000673
c5315,_1096_,INV,0,0,1,6,1,5,30,0.0,0.798,0.2660000000000764,0.000673
c5315,_1097_,BUF,0,0,1,10,1,5,41,1.4615384615446205e-05,1.064,0.2660000000000764,0.000673
c5315,_1098_,OAI21,0,1,3,1,13,3,2,-0.0001917582417582,1.862,0.7980000000000018,0.000674
c5315,_1099_,BUF,0,0,1,10,2,4,17,4.08791208791337e-05,1.064,0.2660000000000764,0.000673
c5315,_1100_,AOI21,0,1,3,1,14,2,1,-0.0002326373626373,1.862,0.7980000000000018,0.000674
c5315,_1101_,NOR2,0,0,2,10,2,4,21,5.054945054944193e-05,1.33,0.5319999999999254,0.000673
c5315,_1102_,INV,0,0,1,2,1,5,23,0.0,0.798,0.2660000000000764,0.000673
c5315,_1103_,NOR2,0,0,2,10,2,4,21,0.0,1.33,0.5319999999999254,0.000673
c5315,_1104_,AOI22,0,0,4,1,3,3,2,-1.1208791208805469e-05,2.394,1.0639999999999643,0.000674
c5315,_1105_,INV,0,0,1,1,4,2,1,0.0,0.798,0.2660000000000764,0.000673
c5315,_1106_,OAI21,0,1,3,0,15,1,0,-6.967032967036824e-05,1.862,0.7980000000000018,0.000674
c5315,_1107_,BUF,0,0,1,10,1,5,26,2.1978021985669121e-07,1.064,0.2660000000000764,0.000673
c5315,_1108_,BUF,0,0,1,10,1,4,30,0.0,1.064,0.2660000000000764,0.000673
c5315,_1109_,OAI21,0,0,3,1,2,3,2,-1.9780219780440862e-06,1.862,0.7980000000000018,0.000674
c5315,_1110_,BUF,0,0,1,10,1,4,25,1.0989010995610117e-07,1.064,0.2660000000000764,0.000673
c5315,_1111_,INV,0,0,1,1,1,3,2,0.0,0.798,0.2660000000000764,0.000673
c5315,_1112_,AOI21,0,0,3,1,3,2,1,-2.857142857082273e-06,1.862,0.7980000000000018,0.000674
c5315,_1113_,INV,0,0,1,7,1,5,27,0.0,0.798,0.2660000000000764,0.000673
c5315,_1114_,BUF,0,0,1,10,1,5,35,1.3076923077004476e-05,1.064,0.2660000000000764,0.000673
c5315,_1115_,OAI21,0,1,3,1,13,3,2,-0.0001872527472527,1.862,0.7980000000000018,0.000674
c5315,_1116_,AOI21,0,1,3,1,14,2,1,-0.0002201098901098,1.862,0.7980000000000018,0.000674
c5315,_1117_,OAI21,0,1,3,0,15,1,0,-9.714285714274018e-05,1.862,0.7980000000000018,0.000674
c5315,_1118_,OR2,0,7,2,3,6,6,69,0.0003527472527472,1.33,0.2659999999999627,0.000673
c5315,_1119_,INV,0,0,1,1,4,3,5,-3.296703295907477e-07,0.798,0.2660000000000764,0.000674
c5315,_1120_,INV,0,0,1,1,4,7,41,0.0,0.798,0.2660000000000764,0.000673
c5315,_1121_,NAND2,0,0,2,2,5,6,40,0.0,1.33,0.5319999999999254,0.000674
c5315,_1122_,NOR3,0,0,3,2,6,5,23,-7.692307692264144e-06,1.862,0.7980000000000018,0.000674
c5315,_1123_,NAND2,0,0,2,4,7,2,4,0.0,1.33,0.5319999999999254,0.000674
c5315,_1124_,NOR2,0,1,2,0,8,1,0,-0.0001970329670328,1.33,0.5319999999999254,0.000673
c5315,_1125_,OR2,0,0,2,3,4,9,41,-0.0001499999999999,1.33,0.2659999999999627,0.000674
c5315,_1126_,NOR4,0,1,4,0,6,1,0,-9.010989010993507e-05,2.394,1.0639999999999643,0.000674
c5315,_1127_,NOR4,0,1,4,0,6,1,0,-9.010989010993507e-05,2.394,1.0639999999999643,0.000674
c5315,_1128_,NOR2,0,1,2,0,8,1,0,-0.0001970329670328,1.33,0.5319999999999254,0.000673
c5315,_1129_,NAND2,0,0,2,2,3,2,2,-1.0989010984507885e-07,1.33,0.5319999999999254,0.000673
c5315,_1130_,INV,0,0,1,1,5,6,22,0.0,0.798,0.2660000000000764,0.000673
c5315,_1131_,AOI21,0,0,3,2,6,5,21,0.0,1.862,0.7980000000000018,0.000674
c5315,_1132_,OAI21,0,0,3,2,7,2,2,0.0,1.862,0.7980000000000018,0.000674
c5315,_1133_,NAND2,0,2,2,3,7,6,69,8.351648351667684e-06,1.33,0.5319999999999254,0.000674
c5315,_1134_,OAI211,0,1,4,0,8,1,0,-7.62637362637375e-05,2.394,1.0639999999999643,0.000675
c5315,_1135_,NOR2,0,0,2,3,3,2,20,-4.923076923069036e-05,1.33,0.5319999999999254,0.000674
c5315,_1136_,OR2,0,0,2,3,4,9,41,0.0,1.33,0.2659999999999627,0.000674
c5315,_1137_,NOR2,0,0,2,1,4,3,3,-0.0004226373626373,1.33,0.5319999999999254,0.000674
c5315,_1138_,NAND2,0,2,2,2,7,2,2,-0.0017608791208791,1.33,0.5319999999999254,0.000674
c5315,_1139_,NAND3,0,1,3,0,8,1,0,-0.0001194505494505,1.862,0.7980000000000018,0.000674
c5315,_1140_,OAI211,0,1,4,0,8,1,0,-7.62637362637375e-05,2.394,1.0639999999999643,0.000675
c5315,_1141_,NAND3,0,1,3,0,8,1,0,-0.0001194505494505,1.862,0.7980000000000018,0.000674
c5315,_1142_,BUF,0,0,1,10,1,5,30,1.879120879122453e-05,1.064,0.2660000000000764,0.000673
c5315,_1143_,NAND2,0,0,2,1,4,6,14,0.0,1.33,0.5319999999999254,0.000673
c5315,_1144_,XOR2,0,5,2,2,3,8,19,-0.0004926373626373,2.394,0.7980000000000018,0.000674
c5315,_1145_,AOI21,0,5,3,1,4,7,15,1.505494505488203e-05,1.862,0.7980000000000018,0.000674
c5315,_1146_,INV,0,0,1,1,2,7,15,0.0,0.798,0.2660000000000764,0.000673
c5315,_1147_,OAI21,0,5,3,1,5,6,14,-0.0003962637362636,1.862,0.7980000000000018,0.000674
c5315,_1148_,NAND2,0,5,2,4,6,5,13,0.0002372527472527,1.33,0.5319999999999254,0.000674
c5315,_1149_,OAI21,0,1,3,1,7,4,3,-0.0002364835164835,1.862,0.7980000000000018,0.000674
c5315,_1150_,OAI21,0,0,3,1,6,3,13,-1.4835164835191872e-05,1.862,0.7980000000000018,0.000674
c5315,_1151_,INV,0,0,1,3,1,6,98,0.0,0.798,0.2660000000000764,0.000673
c5315,_1152_,XNOR2,0,1,2,2,3,3,15,-6.296703296704287e-05,2.66,1.0639999999999643,0.000674
c5315,_1153_,AOI21,0,1,3,1,7,2,12,-7.373626373624598e-05,1.862,0.7980000000000018,0.000674
c5315,_1154_,AOI21,0,1,3,4,8,1,11,0.0001507692307692,1.862,0.7980000000000018,0.000674
c5315,_1155_,AOI21,0,1,3,1,9,3,2,-7.406593406594775e-05,1.862,0.7980000000000018,0.000674
c5315,_1156_,MUX2,0,0,3,1,2,3,2,-3.296703295907477e-07,2.394,0.5319999999999254,0.000674
c5315,_1157_,AOI21,0,1,3,1,10,2,1,-8.615384615384691e-05,1.862,0.7980000000000018,0.000674
c5315,_1158_,INV,0,1,1,0,11,1,0,-1.8241758241666076e-05,0.798,0.2660000000000764,0.000674
c5315,_1159_,INV,0,2,1,1,7,1,2,-0.000169010989011,0.798,0.2660000000000764,0.000673
c5315,_1160_,MUX2,0,1,3,1,9,2,1,-1.1868131868042475e-05,2.394,0.5319999999999254,0.000674
c5315,_1161_,NAND2,0,0,2,1,2,2,1,0.0,1.33,0.5319999999999254,0.000673
c5315,_1162_,AOI21,0,0,3,1,2,2,1,-9.890109889942875e-07,1.862,0.7980000000000018,0.000674
c5315,_1163_,AOI22,0,1,4,0,10,1,0,-2.109890109885937e-05,2.394,1.0639999999999643,0.000674
c5315,_1164_,OAI21,0,5,3,4,8,5,66,0.000932967032967,1.862,0.7980000000000018,0.000674
c5315,_1165_,AOI21,0,1,3,1,9,4,16,-0.000505934065934,1.862,0.7980000000000018,0.000674
c5315,_1166_,XOR2,0,1,2,2,10,3,15,-6.131868131864504e-05,2.394,0.7980000000000018,0.000675
c5315,_1167_,NAND2,0,0,2,1,2,5,18,-7.692307692486189e-07,1.33,0.5319999999999254,0.000673
c5315,_1168_,AOI21,0,6,3,2,4,5,33,-0.0002903296703296,1.862,0.7980000000000018,0.000674
c5315,_1169_,OAI21,0,4,3,1,5,4,17,-5.4725274725331285e-05,1.862,0.7980000000000018,0.000674
c5315,_1170_,XOR2,0,4,2,2,6,3,16,-0.001248901098901,2.394,0.7980000000000018,0.000675
c5315,_1171_,XNOR2,0,2,2,2,5,3,16,-0.0004845054945054,2.66,1.0639999999999643,0.000675
c5315,_1172_,NAND2,0,0,2,1,7,2,1,-0.0005985714285713,1.33,0.5319999999999254,0.000675
c5315,_1173_,AOI21,0,1,3,1,9,4,17,-0.0003993406593406,1.862,0.7980000000000018,0.000674
c5315,_1174_,XNOR2,0,1,2,2,10,3,16,1.131868131870606e-05,2.66,1.0639999999999643,0.000675
c5315,_1175_,XOR2,0,1,2,2,9,3,16,-0.0005440659340659,2.394,0.7980000000000018,0.000675
c5315,_1176_,NAND2,0,0,2,1,11,2,1,-0.0002042857142856,1.33,0.5319999999999254,0.000675
c5315,_1177_,OAI21,0,2,3,1,9,4,17,-0.0003273626373626,1.862,0.7980000000000018,0.000675
c5315,_1178_,XNOR2,0,2,2,2,10,3,16,3.5054945055013054e-05,2.66,1.0639999999999643,0.000675
c5315,_1179_,OAI21,0,5,3,1,6,5,18,-0.0004164835164834,1.862,0.7980000000000018,0.000674
c5315,_1180_,XNOR2,0,5,2,2,7,4,17,-0.0004286813186812,2.66,1.0639999999999643,0.000675
c5315,_1181_,AOI21,0,5,3,1,5,5,19,-0.0030597802197802,1.862,0.7980000000000018,0.000674
c5315,_1182_,XNOR2,0,5,2,2,6,4,18,-0.000241978021978,2.66,1.0639999999999643,0.000675
c5315,_1183_,NOR2,0,0,2,1,8,3,2,-0.0005367032967033,1.33,0.5319999999999254,0.000675
c5315,_1184_,NAND3,0,1,3,1,11,2,1,-0.0002559340659341,1.862,0.7980000000000018,0.000675
c5315,_1185_,NOR4,0,1,4,0,12,1,0,-5.615384615387242e-05,2.394,1.0639999999999643,0.000675
c5315,_1186_,NOR2,0,0,2,1,6,10,75,-6.5934065940354e-07,1.33,0.5319999999999254,0.000674
c5315,_1187_,AOI21,1,24,3,3,7,9,74,0.0033805494505494,1.862,0.7980000000000018,0.000674
c5315,_1188_,OAI21,0,14,3,3,8,8,38,-0.000805934065934,1.862,0.7980000000000018,0.000674
c5315,_1189_,INV,0,0,1,1,9,2,18,-0.0008068131868131,0.798,0.2660000000000764,0.000674
c5315,_1190_,OR2,0,9,2,1,9,2,18,7.197802197800307e-05,1.33,0.2659999999999627,0.000674
c5315,_1191_,AOI22,0,9,4,4,10,1,17,0.0016280219780219,2.394,1.0639999999999643,0.000675
c5315,_1192_,NOR2,0,0,2,1,3,9,20,-6.637362637362809e-05,1.33,0.5319999999999254,0.000673
c5315,_1193_,OAI21,1,5,3,1,8,8,19,-0.0024894505494505,1.862,0.7980000000000018,0.000674
c5315,_1194_,XOR2,1,5,2,2,9,7,18,-0.0008429670329669,2.394,0.7980000000000018,0.000675
c5315,_1195_,XNOR2,0,5,2,2,9,7,18,-0.0008978021978021,2.66,1.0639999999999643,0.000675
c5315,_1196_,XNOR2,0,5,2,2,8,3,16,-0.0035747252747252,2.66,1.0639999999999643,0.000675
c5315,_1197_,NOR2,0,8,2,2,3,13,82,0.0003845054945055,1.33,0.5319999999999254,0.000673
c5315,_1198_,NOR2,0,8,2,2,4,12,80,-0.0005826373626374,1.33,0.5319999999999254,0.000674
c5315,_1199_,INV,0,8,1,3,5,11,78,0.000340989010989,0.798,0.2660000000000764,0.000674
c5315,_1200_,AOI21,0,2,3,2,6,10,40,-0.0030796703296703,1.862,0.7980000000000018,0.000674
c5315,_1201_,AOI21,0,1,3,1,7,9,21,-5.252747252743051e-05,1.862,0.7980000000000018,0.000674
c5315,_1202_,XNOR2,0,1,2,2,8,8,20,-8.98901098900784e-05,2.66,1.0639999999999643,0.000675
c5315,_1203_,XNOR2,0,1,2,2,7,7,19,-8.51648351647416e-05,2.66,1.0639999999999643,0.000675
c5315,_1204_,OAI21,0,0,3,2,5,8,21,-0.0004294505494505,1.862,0.7980000000000018,0.000674
c5315,_1205_,NAND3,0,2,3,2,6,8,21,-0.0004876923076923,1.862,0.7980000000000018,0.000674
c5315,_1206_,AND4,0,0,4,1,7,3,2,-0.0001538461538461,1.862,0.2660000000000764,0.000674
c5315,_1207_,AND4,0,0,4,1,9,2,1,-0.0002075824175823,1.862,0.2660000000000764,0.000674
c5315,_1208_,AND4,0,1,4,0,11,1,0,-0.0005439560439559,1.862,0.2660000000000764,0.000674
c5315,_1209_,INV,0,0,1,2,1,3,12,0.0,0.798,0.2660000000000764,0.000673
c5315,_1210_,CLKBUF,0,0,1,10,2,2,10,0.0,1.064,0.2660000000000764,0.000673
c5315,_1211_,AOI21,0,0,3,1,9,3,2,-0.0001128571428571,1.862,0.7980000000000018,0.000674
c5315,_1212_,OAI21,0,1,3,1,10,2,1,-0.0002005494505493,1.862,0.7980000000000018,0.000674
c5315,_1213_,AOI22,0,0,4,1,3,2,1,-1.1208791208805469e-05,2.394,1.0639999999999643,0.000674
c5315,_1214_,AOI21,0,1,3,0,11,1,0,-1.6703296703279857e-05,1.862,0.7980000000000018,0.000674
c5315,_1215_,OAI21,0,1,3,1,7,4,3,-0.0002372527472527,1.862,0.7980000000000018,0.000674
c5315,_1216_,AOI21,0,1,3,1,9,3,2,-7.406593406594775e-05,1.862,0.7980000000000018,0.000674
c5315,_1217_,OAI21,0,0,3,1,2,4,3,-3.516483516430302e-06,1.862,0.7980000000000018,0.000673
c5315,_1218_,INV,0,0,1,1,1,4,3,0.0,0.798,0.2660000000000764,0.000673
c5315,_1219_,AOI21,0,0,3,1,3,3,2,1.5384615384972378e-06,1.862,0.7980000000000018,0.000674
c5315,_1220_,OAI21,0,1,3,1,10,2,1,-6.80219780219149e-05,1.862,0.7980000000000018,0.000674
c5315,_1221_,INV,0,1,1,0,11,1,0,-3.219780219776425e-05,0.798,0.2660000000000764,0.000673
c5315,_1222_,NAND2,0,0,2,1,4,6,16,0.0,1.33,0.5319999999999254,0.000673
c5315,_1223_,NAND2,0,1,2,1,9,7,17,-3.472527472520026e-05,1.33,0.5319999999999254,0.000674
c5315,_1224_,INV,0,0,1,2,1,9,133,0.0,0.798,0.2660000000000764,0.000673
c5315,_1225_,BUF,0,0,1,10,2,8,117,0.0001294505494505,1.064,0.2660000000000764,0.000673
c5315,_1226_,AOI21,0,0,3,1,6,7,17,-8.153846153841071e-05,1.862,0.7980000000000018,0.000674
c5315,_1227_,NAND2,0,1,2,1,10,6,16,-2.219780219780976e-05,1.33,0.5319999999999254,0.000674
c5315,_1228_,NAND2,0,1,2,5,11,5,15,5.483516483523188e-05,1.33,0.5319999999999254,0.000674
c5315,_1229_,OAI21,0,0,3,1,12,4,3,-5.2747252747176177e-05,1.862,0.7980000000000018,0.000674
c5315,_1230_,NAND2,0,0,2,1,4,2,13,0.0,1.33,0.5319999999999254,0.000673
c5315,_1231_,OR2,0,0,2,1,6,3,14,-4.395604395579511e-06,1.33,0.2659999999999627,0.000674
c5315,_1232_,OAI211,0,5,4,1,8,2,13,-0.0002212087912087,2.394,1.0639999999999643,0.000674
c5315,_1233_,AND2,0,5,2,4,9,1,12,0.0002674725274725,1.33,0.2659999999999627,0.000674
c5315,_1234_,AOI21,0,1,3,1,13,3,2,-0.0001240659340659,1.862,0.7980000000000018,0.000674
c5315,_1235_,MUX2,0,0,3,1,2,3,2,-3.296703295907477e-07,2.394,0.5319999999999254,0.000674
c5315,_1236_,AOI21,0,1,3,1,14,2,1,-8.593406593399022e-05,1.862,0.7980000000000018,0.000674
c5315,_1237_,INV,0,1,1,0,15,1,0,-6.472527472517475e-05,0.798,0.2660000000000764,0.000674
c5315,_1238_,INV,0,1,1,0,12,1,0,-1.8571428571367843e-05,0.798,0.2660000000000764,0.000674
c5315,_1239_,NAND2,0,0,2,1,3,6,16,-7.032967032916115e-06,1.33,0.5319999999999254,0.000673
c5315,_1240_,MUX2,0,1,3,1,8,6,16,3.219780219787527e-05,2.394,0.5319999999999254,0.000674
c5315,_1241_,OAI21,0,1,3,5,9,5,15,0.0001267032967032,1.862,0.7980000000000018,0.000674
c5315,_1242_,OAI21,0,0,3,1,10,4,3,-0.0002064835164834,1.862,0.7980000000000018,0.000674
c5315,_1243_,NOR2,0,5,2,1,7,3,14,4.065934065988763e-06,1.33,0.5319999999999254,0.000674
c5315,_1244_,OAI21,0,0,3,1,6,3,14,2.637362637281093e-06,1.862,0.7980000000000018,0.000674
c5315,_1245_,NOR2,0,5,2,1,8,2,13,-0.0003793406593406,1.33,0.5319999999999254,0.000674
c5315,_1246_,AOI21,0,5,3,4,9,1,12,0.0006534065934066,1.862,0.7980000000000018,0.000674
c5315,_1247_,AOI21,0,1,3,1,11,3,2,-0.0003987912087912,1.862,0.7980000000000018,0.000674
c5315,_1248_,MUX2,0,0,3,1,2,3,2,-3.296703295907477e-07,2.394,0.5319999999999254,0.000674
c5315,_1249_,AOI21,0,1,3,1,12,2,1,-2.6373626373588088e-05,1.862,0.7980000000000018,0.000674
c5315,_1250_,INV,0,1,1,0,13,1,0,-7.087912087905268e-05,0.798,0.2660000000000764,0.000674
c5315,_1251_,INV,0,1,1,0,10,1,0,-0.0001554945054945,0.798,0.2660000000000764,0.000674
c5315,_1252_,NAND2,0,0,2,1,3,6,16,-7.032967032916115e-06,1.33,0.5319999999999254,0.000673
c5315,_1253_,NAND3,0,2,3,1,7,7,17,-0.0001221978021978,1.862,0.7980000000000018,0.000674
c5315,_1254_,OAI211,0,0,4,1,5,7,17,-3.967032967033824e-05,2.394,1.0639999999999643,0.000674
c5315,_1255_,NAND3,0,2,3,1,8,6,16,-6.318681318673303e-05,1.862,0.7980000000000018,0.000674
c5315,_1256_,NAND2,0,2,2,5,9,5,15,3.9450549450592565e-05,1.33,0.5319999999999254,0.000674
c5315,_1257_,OAI21,0,0,3,1,10,4,3,-0.0001105494505493,1.862,0.7980000000000018,0.000674
c5315,_1258_,OAI211,0,0,4,1,5,2,13,-9.406593406596776e-05,2.394,1.0639999999999643,0.000674
c5315,_1259_,AOI21,0,4,3,1,7,2,13,-0.0004925274725274,1.862,0.7980000000000018,0.000674
c5315,_1260_,AOI22,0,4,4,4,8,1,12,0.0004558241758242,2.394,1.0639999999999643,0.000674
c5315,_1261_,AOI21,0,1,3,1,11,3,2,-0.0003912087912087,1.862,0.7980000000000018,0.000674
c5315,_1262_,MUX2,0,0,3,1,2,3,2,-1.5384615383862157e-06,2.394,0.5319999999999254,0.000674
c5315,_1263_,AOI21,0,1,3,1,12,2,1,-2.7582417582439067e-05,1.862,0.7980000000000018,0.000674
c5315,_1264_,INV,0,1,1,0,13,1,0,-7.07692307692076e-05,0.798,0.2660000000000764,0.000674
c5315,_1265_,INV,0,1,1,0,10,1,0,-7.747252747253297e-05,0.798,0.2660000000000764,0.000674
c5315,_1266_,NAND2,0,0,2,1,3,6,16,-7.032967032916115e-06,1.33,0.5319999999999254,0.000673
c5315,_1267_,NAND2,0,0,2,1,4,7,17,-0.0011627472527472,1.33,0.5319999999999254,0.000674
c5315,_1268_,AOI21,0,4,3,1,6,6,16,-0.0003828571428571,1.862,0.7980000000000018,0.000674
c5315,_1269_,OAI21,0,0,3,1,6,6,16,-6.934065934066647e-05,1.862,0.7980000000000018,0.000674
c5315,_1270_,OAI21,0,4,3,5,7,5,15,0.0008110989010989,1.862,0.7980000000000018,0.000674
c5315,_1271_,OAI21,0,1,3,1,8,4,3,-0.0003926373626373,1.862,0.7980000000000018,0.000674
c5315,_1272_,OAI21,0,0,3,1,6,3,14,-1.4835164835191872e-05,1.862,0.7980000000000018,0.000674
c5315,_1273_,AOI21,0,2,3,1,7,2,13,-8.582417582408963e-05,1.862,0.7980000000000018,0.000674
c5315,_1274_,AOI21,0,2,3,4,8,1,12,0.0003337362637363,1.862,0.7980000000000018,0.000674
c5315,_1275_,AOI21,0,1,3,1,9,3,2,-0.0001741758241757,1.862,0.7980000000000018,0.000674
c5315,_1276_,MUX2,0,0,3,1,2,3,2,-1.5384615383862157e-06,2.394,0.5319999999999254,0.000674
c5315,_1277_,AOI21,0,1,3,1,10,2,1,-8.604395604394632e-05,1.862,0.7980000000000018,0.000674
c5315,_1278_,INV,0,1,1,0,11,1,0,-1.835164835162217e-05,0.798,0.2659999999999627,0.000674
c5315,_1279_,INV,0,1,1,0,8,1,0,-0.0003572527472527,0.798,0.2659999999999627,0.000674
c5315,_1280_,OAI21,0,0,3,1,12,4,3,-4.967032967029272e-05,1.862,0.7979999999998881,0.000674
c5315,_1281_,AOI21,0,1,3,1,13,3,2,-0.0001219780219779,1.862,0.7979999999998881,0.000674
c5315,_1282_,BUF,0,0,1,10,1,4,26,9.890109889942875e-07,1.064,0.2659999999999627,0.000673
c5315,_1283_,MUX2,0,0,3,1,2,3,2,-3.296703295907477e-07,2.394,0.5319999999999254,0.000674
c5315,_1284_,AOI21,0,1,3,1,14,2,1,-8.593406593410124e-05,1.862,0.7979999999998881,0.000674
c5315,_1285_,INV,0,1,1,0,15,1,0,-6.472527472517475e-05,0.798,0.2659999999999627,0.000674
c5315,_1286_,OAI21,0,0,3,1,10,4,3,-0.0002034065934065,1.862,0.7979999999998881,0.000674
c5315,_1287_,AOI21,0,1,3,1,11,3,2,-0.000396923076923,1.862,0.7979999999998881,0.000674
c5315,_1288_,MUX2,0,0,3,1,2,3,2,-3.296703295907477e-07,2.394,0.5319999999999254,0.000674
c5315,_1289_,AOI21,0,1,3,1,12,2,1,-2.626373626379852e-05,1.862,0.7979999999998881,0.000674
c5315,_1290_,INV,0,1,1,0,13,1,0,-7.087912087905268e-05,0.798,0.2659999999999627,0.000674
c5315,_1291_,OAI21,0,0,3,1,10,4,3,-0.0001074725274725,1.862,0.7979999999998881,0.000674
c5315,_1292_,AOI21,0,1,3,1,11,3,2,-0.0003917582417581,1.862,0.7979999999998881,0.000674
c5315,_1293_,MUX2,0,0,3,1,2,3,2,-3.296703295907477e-07,2.394,0.5319999999999254,0.000674
c5315,_1294_,AOI21,0,1,3,1,12,2,1,-2.747252747248297e-05,1.862,0.7979999999998881,0.000674
c5315,_1295_,INV,0,1,1,0,13,1,0,-7.07692307692076e-05,0.798,0.2659999999999627,0.000674
c5315,_1296_,OAI21,0,1,3,1,8,4,3,-0.0003894505494504,1.862,0.7979999999998881,0.000674
c5315,_1297_,AOI21,0,1,3,1,9,3,2,-0.0001746153846153,1.862,0.7979999999998881,0.000674
c5315,_1298_,MUX2,0,0,3,1,2,3,2,-3.296703295907477e-07,2.394,0.5319999999999254,0.000674
c5315,_1299_,AOI21,0,1,3,1,10,2,1,-8.604395604394632e-05,1.862,0.7979999999998881,0.000674
c5315,_1300_,INV,0,1,1,0,11,1,0,-1.8241758241777092e-05,0.798,0.2659999999999627,0.000674
c5315,_1301_,NAND2,0,1,2,1,10,3,2,-0.0001736263736263,1.33,0.5319999999999254,0.000674
c5315,_1302_,OAI211,0,1,4,1,12,2,1,-7.010989010980406e-05,2.394,1.0639999999999643,0.000674
c5315,_1303_,AOI22,0,0,4,1,3,2,1,-1.1208791208805469e-05,2.394,1.0639999999999643,0.000674
c5315,_1304_,AOI21,0,1,3,0,13,1,0,-2.560439560439498e-05,1.862,0.7979999999998881,0.000674
c5315,_1305_,AOI21,0,1,3,1,9,3,2,-0.0001750549450549,1.862,0.7979999999998881,0.000674
c5315,_1306_,OAI21,0,1,3,1,10,2,1,-0.0003993406593406,1.862,0.7979999999998881,0.000674
c5315,_1307_,AOI22,0,0,4,1,3,2,1,-1.1208791208805469e-05,2.394,1.0639999999999643,0.000674
c5315,_1308_,AOI21,0,1,3,0,11,1,0,-2.7252747252626275e-05,1.862,0.7979999999998881,0.000674
c5315,_1309_,AOI21,0,1,3,1,9,3,2,-0.0004992307692306,1.862,0.7979999999998881,0.000674
c5315,_1310_,OAI21,0,1,3,1,10,2,1,-0.000132857142857,1.862,0.7979999999998881,0.000674
c5315,_1311_,AOI22,0,0,4,1,3,2,1,-1.1208791208805469e-05,2.394,1.0639999999999643,0.000674
c5315,_1312_,AOI21,0,1,3,0,11,1,0,-2.747252747248297e-05,1.862,0.7979999999998881,0.000674
c5315,_1313_,AOI21,0,1,3,1,10,3,2,-0.0005046153846153,1.862,0.7979999999998881,0.000674
c5315,_1314_,OAI21,0,1,3,1,11,2,1,-0.0002134065934065,1.862,0.7979999999998881,0.000674
c5315,_1315_,AOI22,0,0,4,1,3,2,1,-1.1208791208805469e-05,2.394,1.0639999999999643,0.000674
c5315,_1316_,AOI21,0,1,3,0,12,1,0,-2.6593406593389268e-05,1.862,0.7979999999998881,0.000674
c5315,_1317_,OAI21,0,0,3,1,2,4,3,-3.736263736175971e-06,1.862,0.7979999999998881,0.000674
c5315,_1318_,INV,0,0,1,1,1,4,3,0.0,0.798,0.2659999999999627,0.000673
c5315,_1319_,AOI21,0,0,3,1,3,3,2,-3.626373626275381e-06,1.862,0.7979999999998881,0.000674
c5315,_1320_,OAI21,0,0,3,1,12,4,3,-4.967032967029272e-05,1.862,0.7979999999998881,0.000674
c5315,_1321_,AOI21,0,1,3,1,13,3,2,-9.769230769224312e-05,1.862,0.7979999999998881,0.000674
c5315,_1322_,OAI21,0,1,3,1,14,2,1,-9.571428571431008e-05,1.862,0.7979999999998881,0.000674
c5315,_1323_,INV,0,1,1,0,15,1,0,-2.890109890107961e-05,0.798,0.2659999999999627,0.000673
c5315,_1324_,OAI21,0,0,3,1,2,4,3,-3.736263736175971e-06,1.862,0.7979999999998881,0.000674
c5315,_1325_,INV,0,0,1,1,1,4,3,0.0,0.798,0.2659999999999627,0.000673
c5315,_1326_,AOI21,0,0,3,1,3,3,2,-3.626373626275381e-06,1.862,0.7979999999998881,0.000674
c5315,_1327_,OAI21,0,1,3,1,8,4,3,-0.0003894505494504,1.862,0.7979999999998881,0.000674
c5315,_1328_,AOI21,0,1,3,1,9,3,2,-0.0001717582417582,1.862,0.7979999999998881,0.000674
c5315,_1329_,OAI21,0,1,3,1,10,2,1,-9.582417582415514e-05,1.862,0.7979999999998881,0.000674
c5315,_1330_,INV,0,1,1,0,11,1,0,-2.890109890107961e-05,0.798,0.2659999999999627,0.000673
c5315,_1331_,OAI21,0,0,3,1,2,4,3,-3.736263736175971e-06,1.862,0.7979999999998881,0.000674
c5315,_1332_,INV,0,0,1,1,1,4,3,0.0,0.798,0.2659999999999627,0.000673
c5315,_1333_,AOI21,0,0,3,1,3,3,2,-3.626373626275381e-06,1.862,0.7979999999998881,0.000674
c5315,_1334_,OAI21,0,1,3,1,10,4,3,-7.637362637358258e-05,1.862,0.7979999999998881,0.000674
c5315,_1335_,AOI21,0,1,3,1,11,3,2,-0.0003927472527472,1.862,0.7979999999998881,0.000674
c5315,_1336_,OAI21,0,1,3,1,12,2,1,-9.593406593405572e-05,1.862,0.7979999999998881,0.000674
c5315,_1337_,INV,0,1,1,0,13,1,0,-6.835164835161667e-05,0.798,0.2659999999999627,0.000673
c5315,_1338_,OAI21,0,0,3,1,2,4,3,-3.516483516430302e-06,1.862,0.7979999999998881,0.000673
c5315,_1339_,INV,0,0,1,1,1,4,3,0.0,0.798,0.2659999999999627,0.000673
c5315,_1340_,AOI21,0,0,3,1,3,3,2,-3.626373626275381e-06,1.862,0.7979999999998881,0.000674
c5315,_1341_,OAI21,0,0,3,1,10,4,3,-0.0001616483516483,1.862,0.7979999999998881,0.000674
c5315,_1342_,AOI21,0,1,3,1,11,3,2,-0.0003983516483516,1.862,0.7979999999998881,0.000674
c5315,_1343_,OAI21,0,1,3,1,12,2,1,-9.26373626374266e-05,1.862,0.7979999999998881,0.000674
c5315,_1344_,INV,0,1,1,0,13,1,0,-7.219780219774874e-05,0.798,0.2659999999999627,0.000673
c5315,_1345_,XOR2,0,0,2,2,3,4,4,0.0,2.394,0.7979999999998881,0.000674
c5315,_1346_,AOI21,0,0,3,1,4,3,2,0.0,1.862,0.7979999999998881,0.000674
c5315,_1347_,OAI21,0,0,3,1,5,2,1,0.0,1.862,0.7979999999998881,0.000674
c5315,_1348_,NAND2,0,1,2,1,11,3,2,-0.000923956043956,1.33,0.5319999999999254,0.000674
c5315,_1349_,OAI211,0,1,4,1,12,2,1,-3.9230769230735874e-05,2.394,1.0639999999999643,0.000674
c5315,_1350_,AOI22,0,1,4,0,13,1,0,-5.637362637356258e-05,2.394,1.0639999999999643,0.000674
c5315,_1351_,XOR2,0,1,2,0,11,1,0,-0.0011175824175824,2.394,0.7979999999998881,0.000675
c5315,_1352_,NAND3,0,0,3,1,3,2,1,-0.0001286813186812,1.862,0.7979999999998881,0.000673
c5315,_1353_,MUX2,0,0,3,1,2,4,4,-0.000891868131868,2.394,0.5319999999999254,0.000674
c5315,_1354_,XOR2,0,0,2,1,3,3,3,-0.0001072527472527,2.394,0.7979999999998881,0.000674
c5315,_1355_,XOR2,0,0,2,1,3,3,3,-0.0007076923076922,2.394,0.7979999999998881,0.000674
c5315,_1356_,XNOR2,0,0,2,1,4,2,2,0.0,2.66,1.0639999999999643,0.000675
c5315,_1357_,NOR2,0,0,2,2,3,6,6,-9.450549450507053e-06,1.33,0.5319999999999254,0.000673
c5315,_1358_,NOR2,0,0,2,1,4,5,5,-1.0989010990059e-07,1.33,0.5319999999999254,0.000674
c5315,_1359_,AOI21,0,0,3,1,5,4,4,0.0,1.862,0.7979999999998881,0.000674
c5315,_1360_,XNOR2,0,1,2,1,6,3,3,-4.582417582410514e-05,2.66,1.0639999999999643,0.000675
c5315,_1361_,XNOR2,0,0,2,1,3,3,3,-0.0011324175824175,2.66,1.0639999999999643,0.000674
c5315,_1362_,XNOR2,0,1,2,1,7,2,2,-5.824175824120648e-06,2.66,1.0639999999999643,0.000676
c5315,_1363_,XNOR2,0,1,2,1,8,1,1,-2.8351648351576664e-05,2.66,1.0639999999999643,0.000678
c5315,_1364_,MUX2,0,0,3,1,2,3,4,-0.0004752747252746,2.394,0.5319999999999254,0.000674
c5315,_1365_,XNOR2,0,0,2,1,3,3,4,-1.0989010984507885e-07,2.66,1.0639999999999643,0.000674
c5315,_1366_,XNOR2,0,0,2,1,4,2,3,0.0,2.66,1.0639999999999643,0.000675
c5315,_1367_,XNOR2,0,0,2,1,2,4,5,-0.0003078021978021,2.66,1.0639999999999643,0.000674
c5315,_1368_,XNOR2,0,0,2,1,3,4,5,-0.0012789010989011,2.66,1.0639999999999643,0.000674
c5315,_1369_,XNOR2,0,0,2,1,4,3,4,0.0,2.66,1.0639999999999643,0.000675
c5315,_1370_,XOR2,0,2,2,1,3,4,5,-4.9010989011000206e-05,2.394,0.7979999999998881,0.000674
c5315,_1371_,XNOR2,0,2,2,1,4,3,4,1.1538461538451728e-05,2.66,1.0639999999999643,0.000675
c5315,_1372_,XNOR2,0,2,2,1,5,2,3,-0.0001019780219779,2.66,1.0639999999999643,0.000677
c5315,_1373_,XNOR2,0,2,2,1,6,1,2,-0.0001050549450549,2.66,1.0639999999999643,0.000679
c5315,_1374_,XOR2,0,0,2,1,1,3,4,0.0,2.394,0.7979999999998881,0.000674
c5315,_1375_,XNOR2,0,1,2,1,1,4,5,4.516483516481262e-05,2.66,1.0639999999999643,0.000674
c5315,_1376_,XNOR2,0,1,2,1,2,3,4,-1.999999999996449e-05,2.66,1.0639999999999643,0.000674
c5315,_1377_,XNOR2,0,1,2,1,3,2,3,-1.956043956041764e-05,2.66,1.0639999999999643,0.000675
c5315,_1378_,XNOR2,0,0,2,1,1,3,4,0.0,2.66,1.0639999999999643,0.000674
c5315,_1379_,XNOR2,0,0,2,1,1,3,4,0.0,2.66,1.0639999999999643,0.000674
c5315,_1380_,XNOR2,0,0,2,1,2,2,3,0.0,2.66,1.0639999999999643,0.000675
c5315,_1381_,XNOR2,0,1,2,1,4,1,2,-2.6263736263687495e-05,2.66,1.0639999999999643,0.000676
c5315,_1382_,XOR2,0,0,2,1,1,3,4,0.0,2.394,0.7979999999998881,0.000674
c5315,_1383_,XNOR2,0,0,2,1,1,3,4,0.0,2.66,1.0639999999999643,0.000674
c5315,_1384_,XNOR2,0,0,2,1,2,2,3,0.0,2.66,1.0639999999999643,0.000675
c5315,_1385_,XOR2,0,0,2,1,1,4,5,0.0,2.394,0.7979999999998881,0.000674
c5315,_1386_,XOR2,0,1,2,1,1,4,5,-8.428571428570342e-05,2.394,0.7979999999998881,0.000674
c5315,_1387_,XNOR2,0,1,2,1,2,3,4,-8.065934065931701e-05,2.66,1.0639999999999643,0.000675
c5315,_1388_,XNOR2,0,0,2,1,1,3,4,0.0,2.66,1.0639999999999643,0.000674
c5315,_1389_,XNOR2,0,1,2,1,3,2,3,-5.38461538462931e-06,2.66,1.0639999999999643,0.000675
c5315,_1390_,XNOR2,0,1,2,1,4,1,2,-3.8021978021940406e-05,2.66,1.0639999999999643,0.000677
c5315,_1391_,OR3,0,1,3,1,7,2,1,1.0989010995610117e-07,1.596,0.2659999999999627,0.000677
c5315,_1392_,NOR4,0,1,4,0,9,1,0,-0.0001016483516482,2.394,1.0639999999999643,0.000676
c5315,_1393_,NAND2,0,1,2,1,11,2,13,-0.0001137362637362,1.33,0.5319999999999254,0.000674
c5315,_1394_,AOI21,0,0,3,1,4,2,13,-0.0001396703296702,1.862,0.7979999999998881,0.000674
c5315,_1395_,AOI22,0,1,4,4,12,1,12,0.0001608791208791,2.394,1.0639999999999643,0.000674
c5315,_1396_,AOI21,0,0,3,1,13,3,2,-0.000110879120879,1.862,0.7979999999998881,0.000674
c5315,_1397_,NAND2,0,0,2,1,4,4,10,0.0,1.33,0.5319999999999254,0.000673
c5315,_1398_,AOI21,0,5,3,1,11,5,11,-0.0008571428571428,1.862,0.7979999999998881,0.000674
c5315,_1399_,OAI21,0,5,3,1,12,4,10,-0.0001868131868131,1.862,0.7979999999998881,0.000674
c5315,_1400_,NAND2,0,5,2,5,13,3,9,0.0002143956043955,1.33,0.5319999999999254,0.000674
c5315,_1401_,OAI21,0,1,3,1,14,2,1,-0.0001391208791208,1.862,0.7979999999998881,0.000674
c5315,_1402_,OAI21,0,0,3,1,2,2,1,-8.791208791159022e-06,1.862,0.7979999999998881,0.000674
c5315,_1403_,NOR2,0,0,2,1,2,2,1,-9.890109889942875e-07,1.33,0.5319999999999254,0.000673
c5315,_1404_,OAI21,0,1,3,0,15,1,0,-8.098901098896327e-05,1.862,0.7979999999998881,0.000674
c5315,_1405_,INV,0,1,1,0,14,1,0,-0.0001981318681318,0.798,0.2659999999999627,0.000674
c5315,_1406_,AOI21,0,0,3,1,13,3,2,-0.0001019780219779,1.862,0.7979999999998881,0.000674
c5315,_1407_,OAI21,0,1,3,1,14,2,1,-0.0001407692307692,1.862,0.7979999999998881,0.000674
c5315,_1408_,OAI21,0,0,3,1,3,2,1,-8.901098901115123e-06,1.862,0.7979999999998881,0.000674
c5315,_1409_,NOR2,0,0,2,1,2,2,1,-2.307692307690345e-06,1.33,0.5319999999999254,0.000673
c5315,_1410_,OAI21,0,1,3,0,15,1,0,-8.098901098896327e-05,1.862,0.7979999999998881,0.000674
c5315,_1411_,AND2,0,0,2,1,5,3,14,0.0,1.33,0.2659999999999627,0.000674
c5315,_1412_,AOI211,0,1,4,1,11,2,13,-0.0001825274725274,2.394,1.0639999999999643,0.000674
c5315,_1413_,AOI21,0,1,3,4,12,1,12,0.0001464835164835,1.862,0.7979999999998881,0.000674
c5315,_1414_,AOI21,0,0,3,1,13,3,2,-0.0001020879120879,1.862,0.7979999999998881,0.000674
c5315,_1415_,NAND2,0,0,2,1,3,6,16,-7.032967032916115e-06,1.33,0.5319999999999254,0.000673
c5315,_1416_,AND2,0,5,2,1,10,6,16,5.505494505492203e-05,1.33,0.2660000000000764,0.000674
c5315,_1417_,OAI21,0,0,3,1,5,6,16,-1.538461538463931e-05,1.862,0.7979999999998881,0.000674
c5315,_1418_,OAI21,0,5,3,5,11,5,15,0.0011409890109889,1.862,0.7979999999998881,0.000674
c5315,_1419_,OAI21,0,1,3,1,14,2,1,-0.0003987912087911,1.862,0.7979999999998881,0.000674
c5315,_1420_,OAI21,0,0,3,1,3,2,1,-8.901098901115123e-06,1.862,0.7979999999998881,0.000674
c5315,_1421_,NOR2,0,0,2,1,2,2,1,-2.307692307690345e-06,1.33,0.5319999999999254,0.000673
c5315,_1422_,OAI21,0,1,3,0,15,1,0,-5.384615384623759e-05,1.862,0.7979999999998881,0.000674
c5315,_1423_,INV,0,1,1,0,12,1,0,-0.0004530769230768,0.798,0.2659999999999627,0.000674
c5315,_1424_,NAND2,0,0,2,1,3,6,16,-7.032967032916115e-06,1.33,0.5319999999999254,0.000673
c5315,_1425_,AND2,1,5,2,1,10,6,16,6.868131868142946e-05,1.33,0.2659999999999627,0.000674
c5315,_1426_,OAI21,0,0,3,1,4,6,16,-1.538461538463931e-05,1.862,0.7979999999998881,0.000674
c5315,_1427_,OAI21,1,5,3,5,11,5,15,0.0011281318681318,1.862,0.7979999999998881,0.000674
c5315,_1428_,OAI21,0,1,3,1,12,4,3,-0.0004990109890109,1.862,0.7979999999998881,0.000674
c5315,_1429_,NAND2,0,0,2,1,3,2,13,-7.032967032916115e-06,1.33,0.5319999999999254,0.000673
c5315,_1430_,AOI21,0,0,3,1,5,3,14,-3.4065934065907744e-05,1.862,0.7979999999998881,0.000674
c5315,_1431_,OAI21,0,1,3,1,11,2,13,-4.142857142858114e-05,1.862,0.7979999999998881,0.000674
c5315,_1432_,AND2,0,1,2,4,12,1,12,6.835164835161667e-05,1.33,0.2660000000000764,0.000674
c5315,_1433_,AOI21,0,1,3,1,13,3,2,-4.439560439561952e-05,1.862,0.7979999999998881,0.000674
c5315,_1434_,MUX2,0,0,3,1,2,3,2,-1.5384615383862157e-06,2.394,0.5319999999999254,0.000674
c5315,_1435_,AOI21,0,1,3,1,14,2,1,-8.615384615384691e-05,1.862,0.7979999999998881,0.000674
c5315,_1436_,INV,0,1,1,0,15,1,0,-1.8241758241666076e-05,0.798,0.2659999999999627,0.000674
c5315,_1437_,INV,0,1,1,0,12,1,0,-0.000450879120879,0.798,0.2659999999999627,0.000674
c5315,_1438_,MUX2,0,0,3,1,2,3,2,-1.5384615383862157e-06,2.394,0.5319999999999254,0.000674
c5315,_1439_,NOR2,0,0,2,1,5,3,14,-9.120879120860792e-06,1.33,0.5319999999999254,0.000674
c5315,_1440_,AOI211,0,5,4,1,9,2,13,-0.0001193406593406,2.394,1.0639999999999643,0.000674
c5315,_1441_,AOI21,0,5,3,4,10,1,12,0.0006481318681319,1.862,0.7979999999998881,0.000674
c5315,_1442_,NAND2,0,1,2,1,11,3,2,-0.0004873626373626,1.33,0.5319999999999254,0.000674
c5315,_1443_,NAND2,0,1,2,1,10,2,13,-8.395604395600165e-05,1.33,0.5319999999999254,0.000674
c5315,_1444_,AOI21,0,0,3,1,6,2,13,-3.4065934065907744e-05,1.862,0.7979999999998881,0.000674
c5315,_1445_,AOI22,0,1,4,4,11,1,12,0.0001315384615385,2.394,1.0639999999999643,0.000674
c5315,_1446_,AOI21,0,0,3,1,12,3,2,-0.0001020879120879,1.862,0.7979999999998881,0.000674
c5315,_1447_,AOI22,0,1,4,1,13,2,1,-2.8681318681222923e-05,2.394,1.0639999999999643,0.000674
c5315,_1448_,INV,0,1,1,0,14,1,0,-7.109890109879835e-05,0.798,0.2659999999999627,0.000674
c5315,_1449_,OAI21,0,1,3,1,12,4,3,-0.0004982417582417,1.862,0.7979999999998881,0.000674
c5315,_1450_,AOI21,0,1,3,1,13,3,2,-8.80219780219349e-05,1.862,0.7979999999998881,0.000674
c5315,_1451_,MUX2,0,0,3,1,2,3,2,-3.296703295907477e-07,2.394,0.5319999999999254,0.000674
c5315,_1452_,AOI21,0,1,3,1,14,2,1,-8.604395604394632e-05,1.862,0.7979999999998881,0.000674
c5315,_1453_,INV,0,1,1,0,15,1,0,-1.8351648351677685e-05,0.798,0.2659999999999627,0.000674
c5315,_1454_,OAI21,0,1,3,1,12,4,3,-0.0004958241758241,1.862,0.7979999999998881,0.000674
c5315,_1455_,AOI21,0,1,3,1,13,3,2,-4.4505494505464593e-05,1.862,0.7979999999998881,0.000674
c5315,_1456_,MUX2,0,0,3,1,2,3,2,-3.296703295907477e-07,2.394,0.5319999999999254,0.000674
c5315,_1457_,AOI21,0,1,3,1,14,2,1,-8.593406593410124e-05,1.862,0.7979999999998881,0.000674
c5315,_1458_,INV,0,1,1,0,15,1,0,-1.835164835162217e-05,0.798,0.2659999999999627,0.000674
c5315,_1459_,MUX2,0,0,3,1,1,3,2,0.0,2.394,0.5319999999999254,0.000674
c5315,_1460_,NAND2,0,1,2,1,11,3,2,-0.0004873626373626,1.33,0.5319999999999254,0.000674
c5315,_1461_,AOI21,0,0,3,1,12,3,2,-0.0001020879120879,1.862,0.7979999999998881,0.000674
c5315,_1462_,AOI22,0,1,4,1,13,2,1,-2.8571428571433355e-05,2.394,1.0639999999999643,0.000674
c5315,_1463_,INV,0,1,1,0,14,1,0,-7.109890109879835e-05,0.798,0.2659999999999627,0.000674
c5315,_1464_,NAND2,0,0,2,1,12,3,2,-0.0001085714285714,1.33,0.5319999999999254,0.000674
c5315,_1465_,AOI21,0,1,3,1,11,3,2,-0.0004957142857142,1.862,0.7979999999998881,0.000674
c5315,_1466_,AOI222,0,1,6,1,13,2,1,-2.3736263736195973e-05,3.724,1.59599999999989,0.000674
c5315,_1467_,NOR2,0,1,2,0,14,1,0,-0.0001225274725275,1.33,0.5319999999999254,0.000674
c5315,_1468_,OAI21,1,1,3,1,12,4,3,-0.0005038461538461,1.862,0.7979999999998881,0.000674
c5315,_1469_,AOI21,1,1,3,1,13,3,2,-5.131868131863504e-05,1.862,0.7979999999998881,0.000674
c5315,_1470_,AOI221,1,1,5,1,14,2,1,-0.0001094505494504,2.926,1.3299999999999272,0.000674
c5315,_1471_,NOR2,1,1,2,0,15,1,0,2.1978021985669121e-07,1.33,0.5319999999999254,0.000674
c5315,_1472_,OAI21,0,1,3,1,12,4,3,-0.0004981318681318,1.862,0.7979999999998881,0.000674
c5315,_1473_,AOI21,0,1,3,1,13,3,2,-9.582417582415514e-05,1.862,0.7979999999998881,0.000674
c5315,_1474_,AOI221,0,1,5,1,14,2,1,-0.0001094505494504,2.926,1.3299999999999272,0.000674
c5315,_1475_,NOR2,0,1,2,0,15,1,0,1.0989010995610117e-07,1.33,0.5319999999999254,0.000674
c5315,_1476_,AOI21,0,0,3,1,13,3,2,-0.0001096703296702,1.862,0.7979999999998881,0.000674
c5315,_1477_,OAI21,0,1,3,1,14,2,1,-0.0001530769230769,1.862,0.7979999999998881,0.000674
c5315,_1478_,AOI22,0,0,4,1,3,2,1,-1.1208791208805469e-05,2.394,1.0639999999999643,0.000674
c5315,_1479_,AOI21,0,1,3,0,15,1,0,-7.054945054935091e-05,1.862,0.7979999999998881,0.000674
c5315,_1480_,NOR2,0,0,2,1,2,3,2,-1.8681318680879853e-06,1.33,0.5319999999999254,0.000673
c5315,_1481_,INV,0,0,1,3,1,4,7,0.0,0.798,0.2659999999999627,0.000673
c5315,_1482_,OAI21,0,0,3,1,2,3,2,-2.1978021974566889e-07,1.862,0.7979999999998881,0.000674
c5315,_1483_,MUX2,0,1,3,1,12,3,2,-0.0002554945054945,2.394,0.5319999999999254,0.000674
c5315,_1484_,OAI22,0,1,4,1,13,2,1,-3.428571428565341e-05,2.394,1.0639999999999643,0.000674
c5315,_1485_,AND2,0,1,2,0,14,1,0,-2.032967032961075e-05,1.33,0.2659999999999627,0.000674
c5315,_1486_,OR2,0,0,2,1,2,3,2,-1.9780219780440862e-06,1.33,0.2659999999999627,0.000673
c5315,_1487_,OAI211,0,0,4,1,3,2,1,-2.1978021974566889e-07,2.394,1.0639999999999643,0.000674
c5315,_1488_,AOI21,0,0,3,1,13,3,2,-5.032967032969626e-05,1.862,0.7979999999998881,0.000674
c5315,_1489_,OAI21,0,1,3,1,14,2,1,-0.0004010989010989,1.862,0.7979999999998881,0.000674
c5315,_1490_,AOI21,0,1,3,0,15,1,0,-4.681318681315494e-05,1.862,0.7979999999998881,0.000674
c5315,_1491_,OAI21,0,0,3,1,2,4,3,-3.516483516430302e-06,1.862,0.7979999999998881,0.000673
c5315,_1492_,INV,0,0,1,1,1,4,3,0.0,0.798,0.2659999999999627,0.000673
c5315,_1493_,AOI21,0,0,3,1,3,3,2,-3.626373626275381e-06,1.862,0.7979999999998881,0.000674
c5315,_1494_,OAI21,0,1,3,1,12,4,3,-0.000498021978022,1.862,0.7979999999998881,0.000674
c5315,_1495_,AOI21,0,1,3,1,13,3,2,-8.703296703294061e-05,1.862,0.7979999999998881,0.000674
c5315,_1496_,OAI21,0,1,3,1,14,2,1,-9.582417582415514e-05,1.862,0.7979999999998881,0.000674
c5315,_1497_,INV,0,1,1,0,15,1,0,-2.8791208791123516e-05,0.798,0.2659999999999627,0.000673
c5315,_1498_,OR2,0,0,2,1,2,3,2,-1.9780219780440862e-06,1.33,0.2659999999999627,0.000673
c5315,_1499_,OAI211,0,0,4,1,3,2,1,-2.1978021974566889e-07,2.394,1.0639999999999643,0.000674
c5315,_1500_,AOI21,0,0,3,1,13,3,2,-0.0001035164835164,1.862,0.7979999999998881,0.000674
c5315,_1501_,OAI21,0,1,3,1,14,2,1,-0.0001434065934065,1.862,0.7979999999998881,0.000674
c5315,_1502_,AOI21,0,1,3,0,15,1,0,-9.373626373621048e-05,1.862,0.7979999999998881,0.000674
c5315,_1503_,INV,0,1,1,0,1,1,0,3.296703296684633e-06,0.798,0.2659999999999627,0.000673
c6288,_1370_,BUF,0,0,1,10,1,30,68,5.312500000131948e-06,1.064,0.2660000000000764,0.0992
c6288,_1371_,BUF,0,2,1,10,1,47,980,0.0006209375000001,1.064,0.2660000000000764,0.0992
c6288,_1372_,BUF,0,1,1,10,2,46,491,0.000431875,1.064,0.2660000000000764,0.0992
c6288,_1373_,AND2,0,1,2,0,3,1,0,1.9687500000031832e-05,1.33,0.265999999999849,0.0992
c6288,_1374_,BUF,0,0,1,10,1,15,90,0.0,1.064,0.2660000000000764,0.0992
c6288,_1375_,BUF,0,0,1,10,2,10,49,6.250000001983835e-07,1.064,0.2660000000000764,0.0992
c6288,_1376_,CLKBUF,0,0,1,10,1,35,321,0.0,1.064,0.2660000000000764,0.0992
c6288,_1377_,NAND2,0,0,2,2,3,8,16,-6.249999997542943e-07,1.33,0.5319999999999254,0.0992
c6288,_1378_,BUF,0,0,1,10,1,46,674,0.0,1.064,0.2660000000000764,0.0992
c6288,_1379_,NAND2,0,0,2,3,2,45,550,0.0,1.33,0.5319999999999254,0.0992
c6288,_1380_,BUF,1,17,1,10,1,46,698,0.0016103124999999,1.064,0.2660000000000764,0.0992
c6288,_1381_,NAND4,1,15,4,3,2,45,552,-0.0015609374999998,2.394,1.0640000000000782,0.0992
c6288,_1382_,AOI22,0,0,4,1,1,45,550,-0.00139375,2.394,1.0640000000000782,0.0992
c6288,_1383_,AND4,0,0,4,1,1,45,550,-0.0006168749999999,1.862,0.2660000000000764,0.0992
c6288,_1384_,OAI21,1,15,3,3,3,44,549,0.0005296875,1.862,0.7980000000000018,0.0992
c6288,_1385_,BUF,0,0,1,10,1,45,634,0.0,1.064,0.2660000000000764,0.0992
c6288,_1386_,OR2,0,0,2,2,3,44,485,-0.0018243749999999,1.33,0.265999999999849,0.0992
c6288,_1387_,AOI21,0,0,3,3,4,43,483,-0.002696875,1.862,0.7980000000000018,0.0992
c6288,_1388_,AND3,0,0,3,3,4,43,483,-0.0013125,1.596,0.2660000000000764,0.0992
c6288,_1389_,BUF,0,13,1,10,1,47,1048,0.0053159375,1.064,0.2660000000000764,0.0992
c6288,_1390_,NAND2,0,0,2,3,2,45,590,-0.0021521874999999,1.33,0.5319999999999254,0.0992
c6288,_1391_,NAND2,0,0,2,2,2,45,589,-0.0011646874999999,1.33,0.5319999999999254,0.0992
c6288,_1392_,AND4,0,2,4,1,2,45,538,-0.0014556249999999,1.862,0.2660000000000764,0.0992
c6288,_1393_,AOI22,0,0,4,1,2,45,538,-0.0035212499999999,2.394,1.0640000000000782,0.0992
c6288,_1394_,OAI22,0,2,4,5,3,44,537,0.0002196875,2.394,1.0640000000000782,0.0992
c6288,_1395_,NAND2,0,0,2,2,1,44,536,0.0,1.33,0.5319999999999254,0.0992
c6288,_1396_,AND2,0,1,2,2,2,45,631,-0.0001259375,1.33,0.265999999999849,0.0992
c6288,_1397_,NAND2,0,0,2,2,1,45,672,-0.0008987500000001,1.33,0.5319999999999254,0.0992
c6288,_1398_,NAND4,0,0,4,2,3,44,537,-0.0021131249999999,2.394,1.0640000000000782,0.0992
c6288,_1399_,NAND3,0,0,3,3,4,43,483,-0.004385,1.862,0.7980000000000018,0.0992
c6288,_1400_,AOI211,0,0,4,1,5,42,426,-0.0038843749999999,2.394,1.0640000000000782,0.0992
c6288,_1401_,OAI211,0,0,4,1,5,42,426,-0.0045521874999998,2.394,1.0640000000000782,0.0992
c6288,_1402_,NAND2,0,0,2,2,1,42,479,0.0,1.33,0.5319999999999254,0.0992
c6288,_1403_,AOI21,0,0,3,2,6,41,425,0.0,1.862,0.7980000000000018,0.0992
c6288,_1404_,AND2,0,0,2,2,2,42,486,0.0,1.33,0.265999999999849,0.0992
c6288,_1405_,NOR2,0,0,2,1,3,44,489,-0.0042174999999999,1.33,0.5319999999999254,0.0992
c6288,_1406_,INV,0,0,1,1,3,44,489,0.0,0.798,0.2660000000000764,0.0992
c6288,_1407_,OAI21,1,15,3,2,4,43,488,0.00029125,1.862,0.7980000000000018,0.0992
c6288,_1408_,NAND2,0,0,2,1,2,45,490,-0.0022171875000001,1.33,0.5319999999999254,0.0992
c6288,_1409_,OAI211,0,0,4,2,3,44,489,-0.0031396875,2.394,1.0640000000000782,0.0992
c6288,_1410_,NAND2,0,0,2,1,2,45,559,-0.0022203124999999,1.33,0.5319999999999254,0.0992
c6288,_1411_,NAND4,0,0,4,3,3,44,558,-0.0020753124999999,2.394,1.0640000000000782,0.0992
c6288,_1412_,NAND2,0,0,2,1,4,43,487,0.0,1.33,0.5319999999999254,0.0992
c6288,_1413_,XOR2,1,15,2,2,5,42,486,-0.0019946874999998,2.394,0.7980000000000018,0.0992
c6288,_1414_,XNOR2,0,0,2,2,6,41,425,-0.002244375,2.66,1.0640000000000782,0.0992
c6288,_1415_,NOR2,0,0,2,1,7,39,373,0.0,1.33,0.5319999999999254,0.0992
c6288,_1416_,XNOR2,0,0,2,2,7,40,423,0.0,2.66,1.0640000000000782,0.0992
c6288,_1417_,AOI21,0,0,3,2,8,39,421,0.0,1.862,0.7980000000000018,0.0992
c6288,_1418_,NOR2,0,0,2,2,9,38,372,2.2187499999937188e-05,1.33,0.5319999999999254,0.0992
c6288,_1419_,NAND2,0,0,2,1,2,39,373,0.0,1.33,0.5319999999999254,0.0992
c6288,_1420_,NAND2,0,0,2,2,2,43,497,-0.0022203124999999,1.33,0.5319999999999254,0.0992
c6288,_1421_,NAND3,0,0,3,3,4,43,499,-0.0020559374999997,1.862,0.7980000000000018,0.0992
c6288,_1422_,NAND2,0,0,2,3,2,43,499,0.0,1.33,0.5319999999999254,0.0992
c6288,_1423_,XOR2,0,0,2,1,5,42,432,0.0,2.394,0.7980000000000018,0.0992
c6288,_1424_,XNOR2,0,0,2,2,6,41,431,0.0,2.66,1.0640000000000782,0.0992
c6288,_1425_,OR2,1,15,2,2,6,41,431,0.00095,1.33,0.265999999999849,0.0992
c6288,_1426_,NAND3,0,0,3,2,5,41,431,-0.0022515624999999,1.862,0.7980000000000018,0.0992
c6288,_1427_,AOI21,0,0,3,2,7,40,429,-0.0017296875000001,1.862,0.7980000000000018,0.0992
c6288,_1428_,AND3,1,15,3,1,7,40,429,0.0002418749999999,1.596,0.2660000000000764,0.0992
c6288,_1429_,OR2,1,15,2,2,8,39,428,0.00095,1.33,0.265999999999849,0.0992
c6288,_1430_,XOR2,1,15,2,2,9,38,372,-0.0007546874999999,2.394,0.7980000000000018,0.0992
c6288,_1431_,NOR2,0,0,2,1,10,36,314,-0.0019678124999999,1.33,0.5319999999999254,0.0992
c6288,_1432_,XOR2,1,15,2,2,10,37,370,-0.0009424999999998,2.394,0.7980000000000018,0.0993
c6288,_1433_,NAND2,0,0,2,2,1,37,370,0.0,1.33,0.5319999999999254,0.0992
c6288,_1434_,AOI21,0,0,3,2,11,35,313,-0.0013890624999999,1.862,0.7980000000000018,0.0992
c6288,_1435_,NAND2,0,0,2,2,2,36,364,0.0,1.33,0.5319999999999254,0.0992
c6288,_1436_,BUF,0,0,1,10,1,42,851,0.0,1.064,0.2660000000000764,0.0992
c6288,_1437_,AOI21,0,0,3,1,9,38,367,-0.0015456249999998,1.862,0.7980000000000018,0.0992
c6288,_1438_,NOR2,0,0,2,2,10,37,366,-3.1250000009919177e-07,1.33,0.5319999999999254,0.0992
c6288,_1439_,NAND2,0,0,2,2,2,40,427,-0.0022203124999999,1.33,0.5319999999999254,0.0992
c6288,_1440_,NAND2,0,0,2,1,5,42,430,0.0,1.33,0.5319999999999254,0.0992
c6288,_1441_,NOR2,0,0,2,1,5,42,430,0.0,1.33,0.5319999999999254,0.0992
c6288,_1442_,INV,0,0,1,1,3,42,430,0.0,0.798,0.2660000000000764,0.0992
c6288,_1443_,OAI21,0,0,3,2,6,41,429,0.0,1.862,0.7980000000000018,0.0992
c6288,_1444_,CLKBUF,0,0,1,10,1,42,841,0.0,1.064,0.2660000000000764,0.0992
c6288,_1445_,NAND2,0,0,2,2,2,41,429,0.0,1.33,0.5319999999999254,0.0992
c6288,_1446_,XOR2,0,0,2,2,7,40,427,0.0,2.394,0.7980000000000018,0.0992
c6288,_1447_,XNOR2,0,0,2,2,8,37,366,0.0,2.66,1.0640000000000782,0.0992
c6288,_1448_,XOR2,0,0,2,2,11,36,364,0.0,2.394,0.7980000000000018,0.0992
c6288,_1449_,XNOR2,0,0,2,2,12,35,313,0.0,2.66,1.0640000000000782,0.0992
c6288,_1450_,NOR2,0,0,2,1,13,33,261,0.0,1.33,0.5319999999999254,0.0992
c6288,_1451_,XOR2,0,0,2,2,13,34,311,0.0,2.394,0.7980000000000018,0.0993
c6288,_1452_,BUF,0,0,1,10,1,37,641,0.0,1.064,0.2660000000000764,0.0992
c6288,_1453_,NAND2,0,0,2,2,2,34,311,0.0,1.33,0.5319999999999254,0.0992
c6288,_1454_,AOI21,0,0,3,2,14,32,260,0.0,1.862,0.7980000000000018,0.0993
c6288,_1455_,NAND2,0,0,2,2,2,33,306,0.0,1.33,0.5319999999999254,0.0992
c6288,_1456_,NOR2,0,0,2,2,11,35,309,0.0,1.33,0.5319999999999254,0.0992
c6288,_1457_,AND2,0,0,2,2,12,35,309,0.0,1.33,0.265999999999849,0.0992
c6288,_1458_,NOR2,0,0,2,1,13,34,307,0.0,1.33,0.5319999999999254,0.0992
c6288,_1459_,BUF,0,0,1,10,1,39,673,0.0,1.064,0.2660000000000764,0.0992
c6288,_1460_,AND2,0,0,2,1,7,40,368,0.0,1.33,0.265999999999849,0.0992
c6288,_1461_,AOI21,0,0,3,2,8,39,367,0.0,1.862,0.7980000000000018,0.0992
c6288,_1462_,BUF,0,0,1,10,2,41,780,0.0,1.064,0.2660000000000764,0.0992
c6288,_1463_,NAND2,0,0,2,1,3,39,366,0.0,1.33,0.5319999999999254,0.0992
c6288,_1464_,XOR2,0,0,2,2,9,38,365,0.0,2.394,0.7980000000000018,0.0992
c6288,_1465_,AND3,0,0,3,1,10,36,310,-0.0010825,1.596,0.2660000000000764,0.0992
c6288,_1466_,AOI21,0,0,3,2,10,37,363,-0.0027587499999999,1.862,0.7980000000000018,0.0992
c6288,_1467_,OR2,0,0,2,1,11,35,309,0.0,1.33,0.265999999999849,0.0992
c6288,_1468_,INV,0,0,1,2,12,34,308,0.0,0.798,0.2660000000000764,0.0992
c6288,_1469_,XNOR2,0,0,2,2,14,33,306,0.0,2.66,1.0640000000000782,0.0993
c6288,_1470_,XNOR2,0,0,2,2,15,32,260,0.0,2.66,1.0640000000000782,0.0993
c6288,_1471_,NOR2,0,0,2,1,16,30,213,0.0,1.33,0.5319999999999254,0.0993
c6288,_1472_,XOR2,0,0,2,2,16,31,258,0.0,2.394,0.7980000000000018,0.0993
c6288,_1473_,BUF,0,0,1,10,1,35,573,0.0,1.064,0.2660000000000764,0.0992
c6288,_1474_,NAND2,0,0,2,2,2,31,258,0.0,1.33,0.5319999999999254,0.0992
c6288,_1475_,AOI21,0,0,3,2,17,29,212,0.0,1.862,0.7980000000000018,0.0993
c6288,_1476_,AND2,0,0,2,2,2,30,253,0.0,1.33,0.265999999999849,0.0992
c6288,_1477_,OAI21,0,0,3,1,13,32,256,0.0,1.862,0.7980000000000018,0.0992
c6288,_1478_,NAND2,0,0,2,1,15,32,256,0.0,1.33,0.5319999999999254,0.0992
c6288,_1479_,AND2,0,0,2,2,16,31,255,0.0,1.33,0.265999999999849,0.0992
c6288,_1480_,CLKBUF,0,0,1,10,2,36,315,-0.0009334375,1.064,0.2660000000000764,0.0992
c6288,_1481_,NAND2,0,0,2,2,3,35,305,0.0,1.33,0.5319999999999254,0.0992
c6288,_1482_,CLKBUF,0,0,1,10,3,40,606,0.0,1.064,0.2660000000000764,0.0992
c6288,_1483_,AOI21,0,0,3,1,9,37,308,0.0,1.862,0.7980000000000018,0.0992
c6288,_1484_,OR2,0,0,2,2,11,36,307,0.0,1.33,0.265999999999849,0.0992
c6288,_1485_,NAND2,0,0,2,2,2,36,307,0.0,1.33,0.5319999999999254,0.0992
c6288,_1486_,XOR2,0,0,2,2,12,35,305,0.0,2.394,0.7980000000000018,0.0992
c6288,_1487_,XNOR2,0,0,2,2,13,31,255,0.0,2.66,1.0640000000000782,0.0992
c6288,_1488_,XNOR2,0,0,2,2,17,30,253,0.0,2.66,1.0640000000000782,0.0993
c6288,_1489_,XNOR2,0,0,2,2,18,29,212,0.0,2.66,1.0640000000000782,0.0993
c6288,_1490_,NOR2,0,0,2,1,19,27,170,0.0,1.33,0.5319999999999254,0.0993
c6288,_1491_,XOR2,0,0,2,2,19,28,210,0.0,2.394,0.7980000000000018,0.0993
c6288,_1492_,BUF,0,0,1,10,1,33,477,0.0,1.064,0.2660000000000764,0.0992
c6288,_1493_,NAND2,0,0,2,2,2,28,210,0.0,1.33,0.5319999999999254,0.0992
c6288,_1494_,AOI21,0,0,3,2,20,26,169,0.0,1.862,0.7980000000000018,0.0993
c6288,_1495_,BUF,0,0,1,10,2,28,213,0.0,1.064,0.2660000000000764,0.0992
c6288,_1496_,NAND2,0,0,2,1,3,27,170,0.0,1.33,0.5319999999999254,0.0992
c6288,_1497_,NAND2,0,0,2,2,3,32,253,0.0,1.33,0.5319999999999254,0.0992
c6288,_1498_,NAND2,0,0,2,1,12,34,256,0.0,1.33,0.5319999999999254,0.0992
c6288,_1499_,NAND2,0,0,2,1,13,34,256,0.0,1.33,0.5319999999999254,0.0992
c6288,_1500_,NAND2,0,0,2,2,14,33,255,0.0,1.33,0.5319999999999254,0.0992
c6288,_1501_,NAND2,0,0,2,2,2,33,255,0.0,1.33,0.5319999999999254,0.0992
c6288,_1502_,XOR2,0,0,2,2,15,32,253,0.0,2.394,0.7980000000000018,0.0992
c6288,_1503_,XNOR2,0,0,2,2,16,29,208,0.0,2.66,1.0640000000000782,0.0992
c6288,_1504_,OR2,0,0,2,2,18,29,208,0.0,1.33,0.265999999999849,0.0992
c6288,_1505_,OR2,0,0,2,2,17,29,208,0.0,1.33,0.265999999999849,0.0992
c6288,_1506_,AOI21,0,0,3,2,19,28,206,0.0,1.862,0.7980000000000018,0.0993
c6288,_1507_,AND3,0,0,3,1,19,28,206,0.0,1.596,0.2660000000000764,0.0992
c6288,_1508_,OR2,0,0,2,2,20,27,205,0.0,1.33,0.265999999999849,0.0993
c6288,_1509_,XOR2,0,0,2,2,21,26,169,0.0,2.394,0.7980000000000018,0.0993
c6288,_1510_,NOR2,0,0,2,1,22,24,133,0.0,1.33,0.5319999999999254,0.0993
c6288,_1511_,XOR2,0,0,2,2,22,25,167,0.0,2.394,0.7980000000000018,0.0993
c6288,_1512_,BUF,0,0,1,10,1,31,441,0.0,1.064,0.2660000000000764,0.0992
c6288,_1513_,NAND2,0,0,2,2,2,25,167,0.0,1.33,0.5319999999999254,0.0992
c6288,_1514_,AOI21,0,0,3,2,23,23,132,0.0,1.862,0.7980000000000018,0.0993
c6288,_1515_,NAND2,0,0,2,2,3,24,163,0.0,1.33,0.5319999999999254,0.0992
c6288,_1516_,AOI21,0,0,3,1,21,26,166,0.0,1.862,0.7980000000000018,0.0993
c6288,_1517_,NOR2,0,0,2,2,22,25,165,0.0,1.33,0.5319999999999254,0.0993
c6288,_1518_,NAND2,0,0,2,2,3,29,205,0.0,1.33,0.5319999999999254,0.0992
c6288,_1519_,NAND2,0,0,2,1,15,31,208,0.0,1.33,0.5319999999999254,0.0992
c6288,_1520_,NAND2,0,0,2,1,16,31,208,0.0,1.33,0.5319999999999254,0.0992
c6288,_1521_,NAND2,0,0,2,2,17,30,207,0.0,1.33,0.5319999999999254,0.0992
c6288,_1522_,CLKBUF,0,0,1,10,2,31,215,0.0,1.064,0.2660000000000764,0.0992
c6288,_1523_,NAND2,0,0,2,2,3,30,207,0.0,1.33,0.5319999999999254,0.0992
c6288,_1524_,XOR2,0,0,2,2,18,29,205,0.0,2.394,0.7980000000000018,0.0992
c6288,_1525_,XNOR2,0,0,2,2,19,25,165,0.0,2.66,1.0640000000000782,0.0992
c6288,_1526_,XOR2,0,0,2,2,23,24,163,0.0,2.394,0.7980000000000018,0.0993
c6288,_1527_,XNOR2,0,0,2,2,24,23,132,0.0,2.66,1.0640000000000782,0.0993
c6288,_1528_,NOR2,0,0,2,1,25,21,100,0.0,1.33,0.5319999999999254,0.0993
c6288,_1529_,XOR2,0,0,2,2,25,22,130,0.0,2.394,0.7980000000000018,0.0993
c6288,_1530_,BUF,0,0,1,10,1,29,375,0.0,1.064,0.2660000000000764,0.0992
c6288,_1531_,NAND2,0,0,2,2,2,22,130,0.0,1.33,0.5319999999999254,0.0992
c6288,_1532_,AOI21,0,0,3,2,26,20,99,0.0,1.862,0.7980000000000018,0.0993
c6288,_1533_,NAND2,0,0,2,2,3,21,126,0.0,1.33,0.5319999999999254,0.0992
c6288,_1534_,NOR2,0,0,2,1,23,23,129,0.0,1.33,0.5319999999999254,0.0992
c6288,_1535_,AOI21,0,0,3,2,24,22,128,0.0,1.862,0.7980000000000018,0.0993
c6288,_1536_,NAND2,0,0,2,2,3,26,163,0.0,1.33,0.5319999999999254,0.0992
c6288,_1537_,NAND2,0,0,2,1,18,28,166,0.0,1.33,0.5319999999999254,0.0992
c6288,_1538_,NAND2,0,0,2,1,19,28,166,0.0,1.33,0.5319999999999254,0.0992
c6288,_1539_,NAND2,0,0,2,2,20,27,165,0.0,1.33,0.5319999999999254,0.0992
c6288,_1540_,NAND2,0,0,2,2,3,27,165,0.0,1.33,0.5319999999999254,0.0992
c6288,_1541_,XOR2,0,0,2,2,21,26,163,0.0,2.394,0.7980000000000018,0.0992
c6288,_1542_,XNOR2,0,0,2,2,22,22,128,0.0,2.66,1.0640000000000782,0.0992
c6288,_1543_,XOR2,0,0,2,2,25,21,126,0.0,2.394,0.7980000000000018,0.0993
c6288,_1544_,XNOR2,0,0,2,2,26,20,99,0.0,2.66,1.0640000000000782,0.0993
c6288,_1545_,NOR2,0,0,2,1,27,19,73,0.0,1.33,0.5319999999999254,0.0993
c6288,_1546_,XOR2,0,0,2,2,27,19,97,0.0,2.394,0.7980000000000018,0.0993
c6288,_1547_,BUF,0,0,1,10,1,27,312,0.0,1.064,0.2660000000000764,0.0992
c6288,_1548_,NAND2,0,0,2,2,2,19,97,0.0,1.33,0.5319999999999254,0.0992
c6288,_1549_,AOI21,0,0,3,2,28,18,72,0.0,1.862,0.7980000000000018,0.0993
c6288,_1550_,NAND2,0,0,2,2,3,19,95,0.0,1.33,0.5319999999999254,0.0992
c6288,_1551_,NOR2,0,0,2,1,25,21,98,0.0,1.33,0.5319999999999254,0.0993
c6288,_1552_,AOI21,0,0,3,2,26,20,97,0.0,1.862,0.7980000000000018,0.0993
c6288,_1553_,NAND2,0,0,2,2,3,23,127,0.0,1.33,0.5319999999999254,0.0992
c6288,_1554_,NAND2,0,0,2,1,21,25,130,0.0,1.33,0.5319999999999254,0.0992
c6288,_1555_,NAND2,0,0,2,1,22,25,130,0.0,1.33,0.5319999999999254,0.0992
c6288,_1556_,NAND2,0,0,2,2,23,24,129,0.0,1.33,0.5319999999999254,0.0992
c6288,_1557_,NAND2,0,0,2,2,3,24,129,0.0,1.33,0.5319999999999254,0.0992
c6288,_1558_,XOR2,0,0,2,2,24,23,127,0.0,2.394,0.7980000000000018,0.0992
c6288,_1559_,XNOR2,0,0,2,2,25,20,97,0.0,2.66,1.0640000000000782,0.0992
c6288,_1560_,XOR2,0,0,2,2,27,19,95,0.0,2.394,0.7980000000000018,0.0993
c6288,_1561_,XNOR2,0,0,2,2,28,18,72,0.0,2.66,1.0640000000000782,0.0993
c6288,_1562_,NOR2,0,0,2,1,29,16,50,0.0,1.33,0.5319999999999254,0.0993
c6288,_1563_,XOR2,0,0,2,2,29,17,70,0.0,2.394,0.7980000000000018,0.0993
c6288,_1564_,BUF,0,0,1,10,1,25,249,0.0,1.064,0.2660000000000764,0.0992
c6288,_1565_,NAND2,0,0,2,2,2,17,70,0.0,1.33,0.5319999999999254,0.0992
c6288,_1566_,AOI21,0,0,3,2,30,15,49,0.0,1.862,0.7980000000000018,0.0993
c6288,_1567_,AND2,0,0,2,2,3,17,68,0.0,1.33,0.265999999999849,0.0992
c6288,_1568_,NOR2,0,0,2,1,27,19,71,0.0,1.33,0.5319999999999254,0.0993
c6288,_1569_,AOI21,0,0,3,2,28,18,70,0.0,1.862,0.7980000000000018,0.0993
c6288,_1570_,NAND2,0,0,2,2,3,20,95,0.0,1.33,0.5319999999999254,0.0992
c6288,_1571_,NAND2,0,0,2,1,24,22,98,0.0,1.33,0.5319999999999254,0.0992
c6288,_1572_,NAND2,0,0,2,1,25,22,98,0.0,1.33,0.5319999999999254,0.0992
c6288,_1573_,NAND2,0,0,2,2,26,21,97,0.0,1.33,0.5319999999999254,0.0992
c6288,_1574_,NAND2,0,0,2,2,3,21,97,0.0,1.33,0.5319999999999254,0.0992
c6288,_1575_,XOR2,0,0,2,2,27,20,95,0.0,2.394,0.7980000000000018,0.0992
c6288,_1576_,XNOR2,0,0,2,2,28,18,70,0.0,2.66,1.0640000000000782,0.0992
c6288,_1577_,XNOR2,0,0,2,2,29,17,68,0.0,2.66,1.0640000000000782,0.0993
c6288,_1578_,XNOR2,0,0,2,2,30,15,49,0.0,2.66,1.0640000000000782,0.0993
c6288,_1579_,NOR2,0,0,2,1,31,14,33,0.0,1.33,0.5319999999999254,0.0993
c6288,_1580_,XOR2,0,0,2,2,31,14,47,0.0,2.394,0.7980000000000018,0.0993
c6288,_1581_,CLKBUF,0,0,1,10,1,18,149,0.0,1.064,0.2660000000000764,0.0992
c6288,_1582_,NAND2,0,0,2,2,2,14,47,0.0,1.33,0.5319999999999254,0.0992
c6288,_1583_,AOI21,0,0,3,2,32,13,32,0.0,1.862,0.7980000000000018,0.0993
c6288,_1584_,NAND2,0,0,2,1,3,14,33,0.0,1.33,0.5319999999999254,0.0992
c6288,_1585_,NAND2,0,0,2,2,3,17,69,0.0,1.33,0.5319999999999254,0.0992
c6288,_1586_,NAND2,0,0,2,1,27,19,72,0.0,1.33,0.5319999999999254,0.0992
c6288,_1587_,NAND2,0,0,2,1,28,19,72,0.0,1.33,0.5319999999999254,0.0992
c6288,_1588_,NAND2,0,0,2,2,29,18,71,0.0,1.33,0.5319999999999254,0.0992
c6288,_1589_,NAND2,0,0,2,2,3,18,71,0.0,1.33,0.5319999999999254,0.0992
c6288,_1590_,XOR2,0,0,2,2,30,17,69,0.0,2.394,0.7980000000000018,0.0992
c6288,_1591_,XNOR2,0,0,2,2,31,16,49,0.0,2.66,1.0640000000000782,0.0992
c6288,_1592_,OR2,0,0,2,2,30,16,49,0.0,1.33,0.265999999999849,0.0993
c6288,_1593_,OR2,0,0,2,2,29,16,49,0.0,1.33,0.265999999999849,0.0993
c6288,_1594_,AOI21,0,0,3,2,32,15,47,0.0,1.862,0.7980000000000018,0.0993
c6288,_1595_,AND3,0,0,3,1,32,15,47,0.0,1.596,0.2660000000000764,0.0993
c6288,_1596_,OR2,0,0,2,2,33,14,46,0.0,1.33,0.265999999999849,0.0993
c6288,_1597_,XOR2,0,0,2,2,34,13,32,0.0,2.394,0.7980000000000018,0.0993
c6288,_1598_,NOR2,0,0,2,1,35,10,19,0.0,1.33,0.5319999999999254,0.0993
c6288,_1599_,XOR2,0,0,2,2,35,12,30,0.0,2.394,0.7980000000000018,0.0993
c6288,_1600_,BUF,0,0,1,10,1,21,193,0.0,1.064,0.2660000000000764,0.0992
c6288,_1601_,BUF,0,0,1,10,2,15,106,0.0,1.064,0.2660000000000764,0.0992
c6288,_1602_,NAND2,0,0,2,2,3,12,30,0.0,1.33,0.5319999999999254,0.0992
c6288,_1603_,AOI21,0,0,3,2,36,9,18,0.0,1.862,0.7980000000000018,0.0993
c6288,_1604_,NAND2,0,0,2,2,3,10,27,0.0,1.33,0.5319999999999254,0.0992
c6288,_1605_,AOI21,0,0,3,1,34,12,30,0.0,1.862,0.7980000000000018,0.0993
c6288,_1606_,NOR2,0,0,2,2,35,11,29,0.0,1.33,0.5319999999999254,0.0993
c6288,_1607_,NAND2,0,0,2,2,3,12,44,0.0,1.33,0.5319999999999254,0.0992
c6288,_1608_,NAND2,0,0,2,1,30,14,47,0.0,1.33,0.5319999999999254,0.0992
c6288,_1609_,NAND2,0,0,2,1,31,14,47,0.0,1.33,0.5319999999999254,0.0992
c6288,_1610_,NAND2,0,0,2,2,32,13,46,0.0,1.33,0.5319999999999254,0.0992
c6288,_1611_,NAND2,0,0,2,2,3,13,46,0.0,1.33,0.5319999999999254,0.0992
c6288,_1612_,XOR2,0,0,2,2,33,12,44,0.0,2.394,0.7980000000000018,0.0992
c6288,_1613_,XNOR2,0,0,2,2,34,11,29,0.0,2.66,1.0640000000000782,0.0992
c6288,_1614_,XOR2,0,0,2,2,36,10,27,0.0,2.394,0.7980000000000018,0.0993
c6288,_1615_,XNOR2,0,0,2,2,37,9,18,0.0,2.66,1.0640000000000782,0.0993
c6288,_1616_,XOR2,0,0,2,2,38,8,16,0.0,2.394,0.7980000000000018,0.0993
c6288,_1617_,XOR2,0,0,2,2,39,7,11,0.0,2.394,0.7980000000000018,0.0993
c6288,_1618_,XNOR2,0,0,2,2,36,11,21,0.0,2.66,1.0640000000000782,0.0993
c6288,_1619_,BUF,0,0,1,10,1,33,277,0.0,1.064,0.2660000000000764,0.0992
c6288,_1620_,NAND2,0,0,2,1,3,13,33,0.0,1.33,0.5319999999999254,0.0992
c6288,_1621_,INV,0,0,1,2,4,12,32,0.0,0.798,0.2660000000000764,0.0992
c6288,_1622_,XNOR2,0,0,2,2,30,16,53,0.0,2.66,1.0640000000000782,0.0993
c6288,_1623_,AND2,0,0,2,2,2,17,74,0.0,1.33,0.265999999999849,0.0992
c6288,_1624_,AND2,0,0,2,2,1,35,323,0.0,1.33,0.265999999999849,0.0992
c6288,_1625_,NAND2,0,0,2,3,2,45,615,-0.0011646874999999,1.33,0.5319999999999254,0.0992
c6288,_1626_,OR2,0,0,2,2,3,44,524,0.0,1.33,0.265999999999849,0.0992
c6288,_1627_,XNOR2,0,0,2,2,3,44,524,-0.0001734374999999,2.66,1.0640000000000782,0.0992
c6288,_1628_,AND2,0,0,2,1,4,43,475,-3.7499999998580336e-06,1.33,0.265999999999849,0.0992
c6288,_1629_,NAND2,0,0,2,2,1,43,522,0.0,1.33,0.5319999999999254,0.0992
c6288,_1630_,XOR2,0,0,2,2,4,43,522,-9.374999999867129e-06,2.394,0.7980000000000018,0.0992
c6288,_1631_,AOI21,0,0,3,2,5,42,474,-3.375000000005457e-05,1.862,0.7980000000000018,0.0992
c6288,_1632_,NAND2,0,2,2,1,4,43,475,-0.0001403125000001,1.33,0.5319999999999254,0.0992
c6288,_1633_,XOR2,0,2,2,2,5,42,474,-0.0023881249999999,2.394,0.7980000000000018,0.0992
c6288,_1634_,NOR2,0,0,2,1,6,41,424,-0.0015193749999999,1.33,0.5319999999999254,0.0992
c6288,_1635_,NAND2,0,0,2,2,1,41,472,0.0,1.33,0.5319999999999254,0.0992
c6288,_1636_,XOR2,0,2,2,2,6,41,472,-0.0001468749999999,2.394,0.7980000000000018,0.0992
c6288,_1637_,AOI21,0,2,3,3,7,40,423,-0.0004381249999998,1.862,0.7980000000000018,0.0992
c6288,_1638_,NAND2,0,0,2,1,5,42,425,-0.0037031249999999,1.33,0.5319999999999254,0.0992
c6288,_1639_,NOR2,0,0,2,1,5,42,425,0.0,1.33,0.5319999999999254,0.0992
c6288,_1640_,XOR2,0,0,2,1,6,41,424,3.1250000009919177e-07,2.394,0.7980000000000018,0.0992
c6288,_1641_,XNOR2,0,0,2,3,7,40,423,3.1250000009919177e-07,2.66,1.0640000000000782,0.0992
c6288,_1642_,NOR2,0,0,2,1,8,39,372,-0.0040865624999999,1.33,0.5319999999999254,0.0992
c6288,_1643_,NAND2,0,0,2,2,2,39,420,0.0,1.33,0.5319999999999254,0.0992
c6288,_1644_,NAND2,0,0,2,1,8,39,372,-0.0036984374999999,1.33,0.5319999999999254,0.0992
c6288,_1645_,AOI21,0,0,3,2,9,38,371,0.0,1.862,0.7980000000000018,0.0992
c6288,_1646_,AND3,0,0,3,1,8,39,372,0.0,1.596,0.2660000000000764,0.0992
c6288,_1647_,OR2,0,0,2,2,9,38,371,0.0,1.33,0.265999999999849,0.0992
c6288,_1648_,OR2,0,0,2,1,10,37,325,0.0,1.33,0.265999999999849,0.0992
c6288,_1649_,NAND2,0,0,2,2,1,38,370,0.0,1.33,0.5319999999999254,0.0992
c6288,_1650_,INV,0,0,1,1,2,37,325,0.0,0.798,0.2660000000000764,0.0992
c6288,_1651_,XNOR2,0,0,2,2,10,37,369,0.0,2.66,1.0640000000000782,0.0993
c6288,_1652_,OAI21,0,0,3,2,11,36,324,0.0,1.862,0.7980000000000018,0.0993
c6288,_1653_,XNOR2,1,15,2,2,11,36,325,0.00095,2.66,1.0640000000000782,0.0993
c6288,_1654_,XOR2,1,15,2,2,12,35,323,-0.0004478125,2.394,0.7980000000000018,0.0993
c6288,_1655_,NOR2,0,0,2,1,13,34,271,-0.0048721875000001,1.33,0.5319999999999254,0.0993
c6288,_1656_,INV,0,0,1,1,12,34,271,-0.004508125,0.798,0.2660000000000764,0.0992
c6288,_1657_,AOI21,0,0,3,2,14,33,270,0.0,1.862,0.7980000000000018,0.0993
c6288,_1658_,XNOR2,0,0,2,2,14,33,270,0.0,2.66,1.0640000000000782,0.0993
c6288,_1659_,NOR2,0,0,2,1,15,31,222,0.0,1.33,0.5319999999999254,0.0993
c6288,_1660_,AND2,0,0,2,2,2,32,268,0.0,1.33,0.265999999999849,0.0992
c6288,_1661_,XNOR2,0,0,2,2,15,32,268,0.0,2.66,1.0640000000000782,0.0993
c6288,_1662_,NOR2,0,0,2,1,16,31,222,0.0,1.33,0.5319999999999254,0.0993
c6288,_1663_,NOR2,0,0,2,2,17,30,221,0.0,1.33,0.5319999999999254,0.0993
c6288,_1664_,XNOR2,0,0,2,2,17,30,221,0.0,2.66,1.0640000000000782,0.0993
c6288,_1665_,NOR2,0,0,2,1,18,28,178,0.0,1.33,0.5319999999999254,0.0993
c6288,_1666_,AND2,0,0,2,2,2,29,219,0.0,1.33,0.265999999999849,0.0992
c6288,_1667_,XNOR2,0,0,2,2,18,29,219,0.0,2.66,1.0640000000000782,0.0993
c6288,_1668_,NOR2,0,0,2,1,19,28,178,0.0,1.33,0.5319999999999254,0.0993
c6288,_1669_,NOR2,0,0,2,2,20,27,177,0.0,1.33,0.5319999999999254,0.0993
c6288,_1670_,XNOR2,0,0,2,2,20,27,177,0.0,2.66,1.0640000000000782,0.0993
c6288,_1671_,NOR2,0,0,2,1,21,25,139,0.0,1.33,0.5319999999999254,0.0993
c6288,_1672_,AND2,0,0,2,2,2,26,175,0.0,1.33,0.265999999999849,0.0992
c6288,_1673_,XNOR2,0,0,2,2,21,26,175,0.0,2.66,1.0640000000000782,0.0993
c6288,_1674_,NOR2,0,0,2,1,22,25,139,0.0,1.33,0.5319999999999254,0.0993
c6288,_1675_,NOR2,0,0,2,2,23,24,138,0.0,1.33,0.5319999999999254,0.0993
c6288,_1676_,XNOR2,0,0,2,2,23,24,138,0.0,2.66,1.0640000000000782,0.0993
c6288,_1677_,NOR2,0,0,2,1,24,22,106,0.0,1.33,0.5319999999999254,0.0993
c6288,_1678_,AND2,0,0,2,2,2,23,136,0.0,1.33,0.265999999999849,0.0992
c6288,_1679_,XNOR2,0,0,2,2,24,23,136,0.0,2.66,1.0640000000000782,0.0993
c6288,_1680_,NOR2,0,0,2,1,25,22,106,0.0,1.33,0.5319999999999254,0.0993
c6288,_1681_,NOR2,0,0,2,2,26,21,105,0.0,1.33,0.5319999999999254,0.0993
c6288,_1682_,XNOR2,0,0,2,2,26,21,105,0.0,2.66,1.0640000000000782,0.0993
c6288,_1683_,NOR2,0,0,2,1,27,19,77,0.0,1.33,0.5319999999999254,0.0993
c6288,_1684_,AND2,0,0,2,2,2,20,103,0.0,1.33,0.265999999999849,0.0992
c6288,_1685_,XNOR2,0,0,2,2,27,20,103,0.0,2.66,1.0640000000000782,0.0993
c6288,_1686_,NOR2,0,0,2,1,28,19,77,0.0,1.33,0.5319999999999254,0.0993
c6288,_1687_,NOR2,0,0,2,2,29,18,76,0.0,1.33,0.5319999999999254,0.0993
c6288,_1688_,XNOR2,0,0,2,2,28,18,76,0.0,2.66,1.0640000000000782,0.0993
c6288,_1689_,XNOR2,0,0,2,2,30,17,74,0.0,2.66,1.0640000000000782,0.0993
c6288,_1690_,OR2,0,0,2,2,31,16,53,0.0,1.33,0.265999999999849,0.0993
c6288,_1691_,OR2,0,0,2,2,30,16,53,0.0,1.33,0.265999999999849,0.0993
c6288,_1692_,AOI21,0,0,3,2,32,15,51,0.0,1.862,0.7980000000000018,0.0993
c6288,_1693_,NAND2,0,0,2,2,2,14,50,0.0,1.33,0.5319999999999254,0.0992
c6288,_1694_,AND3,0,0,3,1,32,15,51,0.0,1.596,0.2660000000000764,0.0993
c6288,_1695_,NOR2,0,0,2,2,33,14,50,0.0,1.33,0.5319999999999254,0.0993
c6288,_1696_,AOI21,0,0,3,2,34,13,34,0.0,1.862,0.7980000000000018,0.0993
c6288,_1697_,XNOR2,0,0,2,2,32,13,34,0.0,2.66,1.0640000000000782,0.0993
c6288,_1698_,XNOR2,0,0,2,2,35,12,32,0.0,2.66,1.0640000000000782,0.0994
c6288,_1699_,OR2,0,0,2,2,36,11,21,0.0,1.33,0.265999999999849,0.0993
c6288,_1700_,OR2,0,0,2,2,35,11,21,0.0,1.33,0.265999999999849,0.0993
c6288,_1701_,AOI21,0,0,3,3,37,10,19,0.0,1.862,0.7980000000000018,0.0993
c6288,_1702_,AND3,0,0,3,1,37,10,19,0.0,1.596,0.2660000000000764,0.0993
c6288,_1703_,OR2,0,0,2,2,38,9,18,0.0,1.33,0.265999999999849,0.0993
c6288,_1704_,AOI21,0,0,3,3,39,8,16,-9.37499999853486e-07,1.862,0.7980000000000018,0.0993
c6288,_1705_,OAI21,0,0,3,2,40,6,9,0.0,1.862,0.7980000000000018,0.0993
c6288,_1706_,XNOR2,0,0,2,2,34,13,35,0.0,2.66,1.0640000000000782,0.0993
c6288,_1707_,CLKBUF,0,0,1,10,1,31,229,0.0,1.064,0.2660000000000764,0.0992
c6288,_1708_,AND2,0,0,2,2,2,15,52,0.0,1.33,0.265999999999849,0.0992
c6288,_1709_,AND2,0,0,2,2,1,33,271,0.0,1.33,0.265999999999849,0.0992
c6288,_1710_,XNOR2,0,2,2,1,8,39,363,-0.0012178124999999,2.66,1.0640000000000782,0.0993
c6288,_1711_,XNOR2,0,2,2,2,9,38,362,5.8125000000019966e-05,2.66,1.0640000000000782,0.0993
c6288,_1712_,NAND2,0,0,2,2,2,45,545,-0.0022171875000001,1.33,0.5319999999999254,0.0992
c6288,_1713_,OR2,0,0,2,2,3,44,501,0.0,1.33,0.265999999999849,0.0992
c6288,_1714_,NAND2,0,0,2,1,2,45,502,-0.0021418749999999,1.33,0.5319999999999254,0.0992
c6288,_1715_,XOR2,0,1,2,2,3,44,501,-0.0001403125000001,2.394,0.7980000000000018,0.0992
c6288,_1716_,AND2,0,0,2,1,4,43,456,-0.000320625,1.33,0.265999999999849,0.0992
c6288,_1717_,NAND2,0,0,2,2,1,43,499,0.0,1.33,0.5319999999999254,0.0992
c6288,_1718_,XOR2,0,1,2,2,4,43,499,-4.375000000012008e-05,2.394,0.7980000000000018,0.0992
c6288,_1719_,AOI21,0,0,3,2,5,42,455,-0.0011528124999999,1.862,0.7980000000000018,0.0992
c6288,_1720_,XNOR2,0,0,2,2,5,42,455,-8.06249999998343e-05,2.66,1.0640000000000782,0.0992
c6288,_1721_,NOR2,0,0,2,1,6,41,410,-0.0003565624999999,1.33,0.5319999999999254,0.0992
c6288,_1722_,NAND2,0,0,2,2,1,41,453,0.0,1.33,0.5319999999999254,0.0992
c6288,_1723_,XOR2,0,0,2,2,6,41,453,-2.5312500000040927e-05,2.394,0.7980000000000018,0.0992
c6288,_1724_,AOI21,0,0,3,3,7,40,409,-0.0003415625,1.862,0.7980000000000018,0.0992
c6288,_1725_,XNOR2,0,0,2,3,7,40,409,-0.0015915624999998,2.66,1.0640000000000782,0.0992
c6288,_1726_,XNOR2,0,0,2,2,8,39,403,-8.437499999991438e-05,2.66,1.0640000000000782,0.0993
c6288,_1727_,AOI21,0,0,3,1,9,38,317,-0.0001253124999998,1.862,0.7980000000000018,0.0992
c6288,_1728_,NOR2,0,0,2,2,8,39,363,-0.0004043749999997,1.33,0.5319999999999254,0.0992
c6288,_1729_,OAI21,0,0,3,1,10,37,316,-0.0018640624999999,1.862,0.7980000000000018,0.0993
c6288,_1730_,NAND2,0,0,2,2,1,38,361,0.0,1.33,0.5319999999999254,0.0992
c6288,_1731_,INV,0,0,1,1,2,37,316,0.0,0.798,0.2660000000000764,0.0992
c6288,_1732_,NAND2,0,0,2,2,2,39,404,0.0,1.33,0.5319999999999254,0.0992
c6288,_1733_,NAND2,0,0,2,1,8,39,362,-0.0004540625,1.33,0.5319999999999254,0.0992
c6288,_1734_,AOI21,0,0,3,1,9,38,361,0.0,1.862,0.7980000000000018,0.0992
c6288,_1735_,XOR2,0,2,2,2,10,37,360,0.00026875,2.394,0.7980000000000018,0.0993
c6288,_1736_,OAI21,0,0,3,2,11,36,315,-0.0021306249999999,1.862,0.7980000000000018,0.0993
c6288,_1737_,XNOR2,0,0,2,2,11,36,315,0.0,2.66,1.0640000000000782,0.0993
c6288,_1738_,NAND2,0,0,2,1,12,35,273,-0.0015365625000001,1.33,0.5319999999999254,0.0993
c6288,_1739_,NAND2,0,0,2,2,1,36,314,0.0,1.33,0.5319999999999254,0.0992
c6288,_1740_,INV,0,0,1,1,2,35,273,0.0,0.798,0.2660000000000764,0.0992
c6288,_1741_,XNOR2,0,0,2,2,12,35,313,0.0,2.66,1.0640000000000782,0.0993
c6288,_1742_,OAI21,0,0,3,2,13,34,272,0.0,1.862,0.7980000000000018,0.0993
c6288,_1743_,XNOR2,1,15,2,2,13,34,273,-0.0021140625,2.66,1.0640000000000782,0.0993
c6288,_1744_,XOR2,1,15,2,2,14,33,271,0.0005418750000001,2.394,0.7980000000000018,0.0993
c6288,_1745_,NOR2,0,0,2,1,15,32,224,-0.0048721875000001,1.33,0.5319999999999254,0.0993
c6288,_1746_,INV,0,0,1,1,14,32,224,-0.0025718749999998,0.798,0.2660000000000764,0.0993
c6288,_1747_,AOI21,0,0,3,2,16,31,223,-0.0040471875000001,1.862,0.7980000000000018,0.0993
c6288,_1748_,XNOR2,0,0,2,2,16,31,223,0.0,2.66,1.0640000000000782,0.0993
c6288,_1749_,NOR2,0,0,2,1,17,29,180,0.0,1.33,0.5319999999999254,0.0993
c6288,_1750_,AND2,0,0,2,2,2,30,221,0.0,1.33,0.265999999999849,0.0992
c6288,_1751_,XNOR2,0,0,2,2,17,30,221,0.0,2.66,1.0640000000000782,0.0993
c6288,_1752_,NOR2,0,0,2,1,18,29,180,0.0,1.33,0.5319999999999254,0.0993
c6288,_1753_,NOR2,0,0,2,2,19,28,179,0.0,1.33,0.5319999999999254,0.0993
c6288,_1754_,XNOR2,0,0,2,2,19,28,179,0.0,2.66,1.0640000000000782,0.0993
c6288,_1755_,NOR2,0,0,2,1,20,26,141,0.0,1.33,0.5319999999999254,0.0993
c6288,_1756_,AND2,0,0,2,2,2,27,177,0.0,1.33,0.265999999999849,0.0992
c6288,_1757_,XNOR2,0,0,2,2,20,27,177,0.0,2.66,1.0640000000000782,0.0993
c6288,_1758_,NOR2,0,0,2,1,21,26,141,0.0,1.33,0.5319999999999254,0.0993
c6288,_1759_,NOR2,0,0,2,2,22,25,140,0.0,1.33,0.5319999999999254,0.0993
c6288,_1760_,XNOR2,0,0,2,2,22,25,140,0.0,2.66,1.0640000000000782,0.0993
c6288,_1761_,NOR2,0,0,2,1,23,23,107,0.0,1.33,0.5319999999999254,0.0993
c6288,_1762_,AND2,0,0,2,2,2,24,138,0.0,1.33,0.265999999999849,0.0992
c6288,_1763_,XNOR2,0,0,2,2,23,24,138,0.0,2.66,1.0640000000000782,0.0993
c6288,_1764_,NOR2,0,0,2,1,24,23,107,0.0,1.33,0.5319999999999254,0.0993
c6288,_1765_,NOR2,0,0,2,2,25,22,106,0.0,1.33,0.5319999999999254,0.0993
c6288,_1766_,XNOR2,0,0,2,2,25,22,106,0.0,2.66,1.0640000000000782,0.0993
c6288,_1767_,NOR2,0,0,2,1,26,20,79,0.0,1.33,0.5319999999999254,0.0993
c6288,_1768_,AND2,0,0,2,2,2,21,104,0.0,1.33,0.265999999999849,0.0992
c6288,_1769_,XNOR2,0,0,2,2,26,21,104,0.0,2.66,1.0640000000000782,0.0994
c6288,_1770_,NOR2,0,0,2,1,27,20,79,0.0,1.33,0.5319999999999254,0.0993
c6288,_1771_,NOR2,0,0,2,2,28,19,78,0.0,1.33,0.5319999999999254,0.0993
c6288,_1772_,XNOR2,0,0,2,2,28,19,78,0.0,2.66,1.0640000000000782,0.0993
c6288,_1773_,NOR2,0,0,2,1,29,17,55,0.0,1.33,0.5319999999999254,0.0993
c6288,_1774_,AND2,0,0,2,2,2,18,76,0.0,1.33,0.265999999999849,0.0992
c6288,_1775_,XNOR2,0,0,2,2,29,18,76,0.0,2.66,1.0640000000000782,0.0994
c6288,_1776_,NOR2,0,0,2,1,30,17,55,0.0,1.33,0.5319999999999254,0.0993
c6288,_1777_,NOR2,0,0,2,2,31,16,54,0.0,1.33,0.5319999999999254,0.0993
c6288,_1778_,XNOR2,0,0,2,2,31,16,54,0.0,2.66,1.0640000000000782,0.0993
c6288,_1779_,XNOR2,0,0,2,2,32,15,52,0.0,2.66,1.0640000000000782,0.0995
c6288,_1780_,OR2,0,0,2,2,33,14,36,0.0,1.33,0.265999999999849,0.0994
c6288,_1781_,OR2,0,0,2,2,32,14,36,0.0,1.33,0.265999999999849,0.0993
c6288,_1782_,AOI21,0,0,3,1,35,11,22,0.0,1.862,0.7980000000000018,0.0994
c6288,_1783_,NAND2,0,0,2,1,34,13,34,0.0,1.33,0.5319999999999254,0.0994
c6288,_1784_,XOR2,0,0,2,2,35,12,33,0.0,2.394,0.7980000000000018,0.0998
c6288,_1785_,AOI21,0,0,3,1,36,11,22,0.0,1.862,0.7980000000000018,0.0992
c6288,_1786_,NOR2,0,0,2,2,37,10,21,0.0,1.33,0.5319999999999254,0.0994
c6288,_1787_,XNOR2,0,0,2,2,36,10,21,0.0,2.66,1.0640000000000782,0.0994
c6288,_1788_,NOR2,0,0,2,1,38,8,13,0.0,1.33,0.5319999999999254,0.0994
c6288,_1789_,XNOR2,0,0,2,2,38,9,19,0.0,2.66,1.0640000000000782,0.0997
c6288,_1790_,AOI21,0,0,3,1,39,8,13,-1.8749999999290168e-06,1.862,0.7980000000000018,0.0992
c6288,_1791_,OR2,0,0,2,2,40,7,12,0.0,1.33,0.265999999999849,0.0994
c6288,_1792_,AND3,0,0,3,1,39,8,13,-3.1250000009919177e-07,1.596,0.2660000000000764,0.0993
c6288,_1793_,NOR2,0,0,2,2,40,7,12,0.0,1.33,0.5319999999999254,0.0993
c6288,_1794_,AND2,0,0,2,1,41,6,9,0.0,1.33,0.265999999999849,0.0994
c6288,_1795_,NAND2,0,0,2,1,3,9,15,-6.249999997542943e-07,1.33,0.5319999999999254,0.0992
c6288,_1796_,XNOR2,0,0,2,2,39,8,14,0.0,2.66,1.0640000000000782,0.0992
c6288,_1797_,BUF,0,0,1,10,1,35,273,0.0,1.064,0.2660000000000764,0.0992
c6288,_1798_,AND2,0,0,2,2,2,31,224,0.0,1.33,0.265999999999849,0.0992
c6288,_1799_,XNOR2,0,0,2,2,9,38,348,0.0,2.66,1.0640000000000782,0.0993
c6288,_1800_,NAND2,0,0,2,2,2,45,514,-0.0011646874999999,1.33,0.5319999999999254,0.0992
c6288,_1801_,NAND2,0,0,2,2,2,45,514,-0.0022171875000001,1.33,0.5319999999999254,0.0992
c6288,_1802_,OR2,0,0,2,2,3,44,474,0.0,1.33,0.265999999999849,0.0992
c6288,_1803_,XNOR2,0,0,2,2,3,44,474,-5.34375000000864e-05,2.66,1.0640000000000782,0.0992
c6288,_1804_,AND2,0,0,2,1,4,43,433,0.0,1.33,0.265999999999849,0.0992
c6288,_1805_,CLKBUF,0,0,1,10,1,44,658,0.0,1.064,0.2660000000000764,0.0992
c6288,_1806_,NAND2,0,0,2,2,2,43,472,0.0,1.33,0.5319999999999254,0.0992
c6288,_1807_,XOR2,0,0,2,2,4,43,472,0.0,2.394,0.7980000000000018,0.0992
c6288,_1808_,AOI21,0,0,3,2,5,42,432,1.5625000000518696e-06,1.862,0.7980000000000018,0.0992
c6288,_1809_,XNOR2,0,1,2,2,5,42,432,-0.0008837499999998,2.66,1.0640000000000782,0.0992
c6288,_1810_,NOR2,0,0,2,1,6,41,391,-0.0004499999999998,1.33,0.5319999999999254,0.0992
c6288,_1811_,NAND2,0,0,2,2,1,41,430,0.0,1.33,0.5319999999999254,0.0992
c6288,_1812_,XOR2,0,1,2,2,6,41,430,-0.0001249999999997,2.394,0.7980000000000018,0.0992
c6288,_1813_,AOI21,0,1,3,3,7,40,390,-0.0009787499999998,1.862,0.7980000000000018,0.0992
c6288,_1814_,XNOR2,0,0,2,3,7,40,390,-9.71874999997624e-05,2.66,1.0640000000000782,0.0992
c6288,_1815_,XNOR2,0,1,2,2,8,39,384,-3.937500000006367e-05,2.66,1.0640000000000782,0.0993
c6288,_1816_,AOI21,0,0,3,1,9,38,309,-0.0001662499999999,1.862,0.7980000000000018,0.0992
c6288,_1817_,NOR2,0,0,2,2,8,39,349,-0.0002962499999998,1.33,0.5319999999999254,0.0992
c6288,_1818_,OAI21,0,0,3,1,10,37,308,-0.0001253124999998,1.862,0.7980000000000018,0.0993
c6288,_1819_,NAND2,0,0,2,2,1,38,347,0.0,1.33,0.5319999999999254,0.0992
c6288,_1820_,INV,0,0,1,1,2,37,308,0.0,0.798,0.2660000000000764,0.0992
c6288,_1821_,NAND2,0,0,2,2,2,39,385,0.0,1.33,0.5319999999999254,0.0992
c6288,_1822_,NAND2,0,0,2,1,8,39,348,-0.0002734374999997,1.33,0.5319999999999254,0.0992
c6288,_1823_,AOI21,0,0,3,1,9,38,347,0.0,1.862,0.7980000000000018,0.0992
c6288,_1824_,XOR2,0,0,2,2,10,37,346,0.0,2.394,0.7980000000000018,0.0993
c6288,_1825_,OAI21,0,0,3,2,11,36,307,-0.0004681249999998,1.862,0.7980000000000018,0.0993
c6288,_1826_,XNOR2,0,2,2,2,11,36,307,-0.0065299999999999,2.66,1.0640000000000782,0.0993
c6288,_1827_,NAND2,0,0,2,1,12,35,265,-0.0003934375,1.33,0.5319999999999254,0.0993
c6288,_1828_,NAND2,0,0,2,2,1,36,306,0.0,1.33,0.5319999999999254,0.0992
c6288,_1829_,INV,0,0,1,1,2,35,265,0.0,0.798,0.2660000000000764,0.0992
c6288,_1830_,XNOR2,0,2,2,2,12,35,305,7.718750000007546e-05,2.66,1.0640000000000782,0.0993
c6288,_1831_,OAI21,0,0,3,2,13,34,264,-0.00038625,1.862,0.7980000000000018,0.0993
c6288,_1832_,XNOR2,0,0,2,2,13,34,264,-0.0016471874999999,2.66,1.0640000000000782,0.0993
c6288,_1833_,NAND2,0,0,2,1,14,33,226,0.0,1.33,0.5319999999999254,0.0993
c6288,_1834_,NAND2,0,0,2,2,2,34,263,0.0,1.33,0.5319999999999254,0.0992
c6288,_1835_,INV,0,0,1,1,3,33,226,0.0,0.798,0.2660000000000764,0.0992
c6288,_1836_,XNOR2,0,0,2,2,14,33,262,0.0,2.66,1.0640000000000782,0.0993
c6288,_1837_,OAI21,0,0,3,2,15,32,225,0.0,1.862,0.7980000000000018,0.0993
c6288,_1838_,XNOR2,1,15,2,2,15,32,226,-0.0021140625,2.66,1.0640000000000782,0.0993
c6288,_1839_,XOR2,1,15,2,2,16,31,224,0.0020896874999998,2.394,0.7980000000000018,0.0993
c6288,_1840_,NOR2,0,0,2,1,17,30,182,-0.0048721875000001,1.33,0.5319999999999254,0.0993
c6288,_1841_,INV,0,0,1,1,16,30,182,-0.0025718749999998,0.798,0.2660000000000764,0.0993
c6288,_1842_,AOI21,0,0,3,2,18,29,181,0.0,1.862,0.7980000000000018,0.0993
c6288,_1843_,XNOR2,0,0,2,2,18,29,181,0.0,2.66,1.0640000000000782,0.0993
c6288,_1844_,NOR2,0,0,2,1,19,27,143,0.0,1.33,0.5319999999999254,0.0993
c6288,_1845_,AND2,0,0,2,2,2,28,179,0.0,1.33,0.265999999999849,0.0992
c6288,_1846_,XNOR2,0,0,2,2,19,28,179,0.0,2.66,1.0640000000000782,0.0993
c6288,_1847_,NOR2,0,0,2,1,20,27,143,0.0,1.33,0.5319999999999254,0.0993
c6288,_1848_,NOR2,0,0,2,2,21,26,142,0.0,1.33,0.5319999999999254,0.0993
c6288,_1849_,XNOR2,0,0,2,2,21,26,142,0.0,2.66,1.0640000000000782,0.0993
c6288,_1850_,NOR2,0,0,2,1,22,24,109,0.0,1.33,0.5319999999999254,0.0993
c6288,_1851_,AND2,0,0,2,2,2,25,140,0.0,1.33,0.265999999999849,0.0992
c6288,_1852_,XNOR2,0,0,2,2,22,25,140,0.0,2.66,1.0640000000000782,0.0994
c6288,_1853_,NOR2,0,0,2,1,23,24,109,0.0,1.33,0.5319999999999254,0.0993
c6288,_1854_,NOR2,0,0,2,2,24,23,108,0.0,1.33,0.5319999999999254,0.0993
c6288,_1855_,XNOR2,0,0,2,2,24,23,108,0.0,2.66,1.0640000000000782,0.0993
c6288,_1856_,NOR2,0,0,2,1,25,21,80,0.0,1.33,0.5319999999999254,0.0993
c6288,_1857_,AND2,0,0,2,2,2,22,106,0.0,1.33,0.265999999999849,0.0992
c6288,_1858_,XNOR2,0,0,2,2,25,22,106,0.0,2.66,1.0640000000000782,0.0994
c6288,_1859_,NOR2,0,0,2,1,26,21,80,0.0,1.33,0.5319999999999254,0.0993
c6288,_1860_,NOR2,0,0,2,2,27,20,79,0.0,1.33,0.5319999999999254,0.0993
c6288,_1861_,XNOR2,0,0,2,2,27,20,79,0.0,2.66,1.0640000000000782,0.0994
c6288,_1862_,NOR2,0,0,2,1,28,18,57,0.0,1.33,0.5319999999999254,0.0994
c6288,_1863_,AND2,0,0,2,2,2,19,77,0.0,1.33,0.265999999999849,0.0992
c6288,_1864_,XNOR2,0,0,2,2,28,19,77,0.0,2.66,1.0640000000000782,0.0995
c6288,_1865_,NOR2,0,0,2,1,29,18,57,0.0,1.33,0.5319999999999254,0.0992
c6288,_1866_,NOR2,0,0,2,2,30,17,56,0.0,1.33,0.5319999999999254,0.0994
c6288,_1867_,XNOR2,0,0,2,2,30,17,56,0.0,2.66,1.0639999999998508,0.0994
c6288,_1868_,NOR2,0,0,2,1,31,15,38,0.0,1.33,0.5319999999999254,0.0993
c6288,_1869_,AND2,0,0,2,2,2,16,54,0.0,1.33,0.2660000000000764,0.0992
c6288,_1870_,XNOR2,0,0,2,2,31,16,54,0.0,2.66,1.0639999999998508,0.0997
c6288,_1871_,NOR2,0,0,2,1,32,15,38,0.0,1.33,0.5319999999999254,0.0992
c6288,_1872_,NOR2,0,0,2,2,33,14,37,0.0,1.33,0.5319999999999254,0.0994
c6288,_1873_,XNOR2,0,0,2,2,33,14,37,0.0,2.66,1.0639999999998508,0.0995
c6288,_1874_,OR2,0,0,2,2,34,12,24,0.0,1.33,0.2660000000000764,0.0994
c6288,_1875_,NAND2,0,0,2,1,3,14,36,0.0,1.33,0.5319999999999254,0.0992
c6288,_1876_,INV,0,0,1,2,4,13,35,0.0,0.798,0.265999999999849,0.0993
c6288,_1877_,XNOR2,0,0,2,2,34,13,35,0.0,2.66,1.0639999999998508,0.0998
c6288,_1878_,OR2,0,0,2,2,35,12,24,0.0,1.33,0.2660000000000764,0.0993
c6288,_1879_,NAND2,0,0,2,1,36,11,22,0.0,1.33,0.5319999999999254,0.0995
c6288,_1880_,NAND2,0,0,2,1,3,12,24,0.0,1.33,0.5319999999999254,0.0992
c6288,_1881_,XOR2,0,0,2,2,36,11,23,0.0,2.394,0.7980000000000018,0.0992
c6288,_1882_,XOR2,0,0,2,2,37,10,21,0.0,2.394,0.7980000000000018,0.0999
c6288,_1883_,AOI21,0,0,3,2,38,9,15,-9.37499999853486e-07,1.862,0.7980000000000018,0.0992
c6288,_1884_,AOI21,0,0,3,2,37,9,15,0.0,1.862,0.7980000000000018,0.0995
c6288,_1885_,OAI21,0,0,3,1,40,7,11,-1.249999999952678e-06,1.862,0.7980000000000018,0.0993
c6288,_1886_,XNOR2,0,0,2,2,32,15,39,0.0,2.66,1.0639999999998508,0.0992
c6288,_1887_,BUF,0,0,1,10,1,33,225,0.0,1.064,0.265999999999849,0.0992
c6288,_1888_,AND2,0,0,2,2,2,17,55,0.0,1.33,0.2660000000000764,0.0992
c6288,_1889_,AND2,0,0,2,2,2,29,182,0.0,1.33,0.2660000000000764,0.0992
c6288,_1890_,XNOR2,0,1,2,2,9,38,330,3.343749999995538e-05,2.66,1.0639999999998508,0.0993
c6288,_1891_,NAND2,0,0,2,2,2,45,480,-0.0011646874999999,1.33,0.5319999999999254,0.0992
c6288,_1892_,NAND2,0,0,2,2,2,45,480,-0.0022171875000001,1.33,0.5319999999999254,0.0992
c6288,_1893_,OR2,0,0,2,2,3,44,444,0.0,1.33,0.2660000000000764,0.0992
c6288,_1894_,XNOR2,0,0,2,2,3,44,444,0.0,2.66,1.0639999999998508,0.0992
c6288,_1895_,AND2,0,0,2,1,4,43,407,0.0,1.33,0.2660000000000764,0.0992
c6288,_1896_,NAND2,0,0,2,2,2,43,442,0.0,1.33,0.5319999999999254,0.0992
c6288,_1897_,XOR2,0,0,2,2,4,43,442,0.0,2.394,0.7980000000000018,0.0992
c6288,_1898_,AOI21,0,0,3,2,5,42,406,-2.1875000000282085e-06,1.862,0.7980000000000018,0.0992
c6288,_1899_,XNOR2,0,0,2,2,5,42,406,0.0,2.66,1.0639999999998508,0.0992
c6288,_1900_,NOR2,0,0,2,1,6,41,369,0.0,1.33,0.5319999999999254,0.0992
c6288,_1901_,NAND2,0,0,2,2,2,41,404,0.0,1.33,0.5319999999999254,0.0992
c6288,_1902_,XOR2,0,0,2,2,6,41,404,0.0,2.394,0.7980000000000018,0.0992
c6288,_1903_,AOI21,0,0,3,3,7,40,368,0.0,1.862,0.7980000000000018,0.0992
c6288,_1904_,XNOR2,0,0,2,3,7,40,368,-0.00024625,2.66,1.0639999999998508,0.0992
c6288,_1905_,XNOR2,0,0,2,2,8,39,362,0.0,2.66,1.0639999999998508,0.0993
c6288,_1906_,AOI21,0,0,3,1,9,38,296,-0.0002584374999998,1.862,0.7980000000000018,0.0992
c6288,_1907_,NOR2,0,0,2,2,8,39,331,-0.00028,1.33,0.5319999999999254,0.0992
c6288,_1908_,OAI21,0,0,3,1,10,37,295,-0.0001665625,1.862,0.7980000000000018,0.0993
c6288,_1909_,NAND2,0,0,2,2,1,38,329,0.0,1.33,0.5319999999999254,0.0992
c6288,_1910_,INV,0,0,1,1,2,37,295,0.0,0.798,0.265999999999849,0.0992
c6288,_1911_,NAND2,0,0,2,2,2,39,363,0.0,1.33,0.5319999999999254,0.0992
c6288,_1912_,NAND2,0,0,2,1,8,39,330,-0.0003068749999999,1.33,0.5319999999999254,0.0992
c6288,_1913_,AOI21,0,0,3,1,9,38,329,0.0,1.862,0.7980000000000018,0.0992
c6288,_1914_,XOR2,0,1,2,2,10,37,328,7.374999999987253e-05,2.394,0.7980000000000018,0.0993
c6288,_1915_,OAI21,0,0,3,2,11,36,294,-0.0003368749999999,1.862,0.7980000000000018,0.0993
c6288,_1916_,XNOR2,0,0,2,2,11,36,294,-9.437499999997988e-05,2.66,1.0639999999998508,0.0993
c6288,_1917_,NAND2,0,0,2,1,12,35,258,-0.0001556250000001,1.33,0.5319999999999254,0.0993
c6288,_1918_,NAND2,0,0,2,2,1,36,293,0.0,1.33,0.5319999999999254,0.0992
c6288,_1919_,INV,0,0,1,1,2,35,258,0.0,0.798,0.265999999999849,0.0992
c6288,_1920_,XNOR2,0,0,2,2,12,35,292,0.0,2.66,1.0639999999998508,0.0993
c6288,_1921_,OAI21,0,0,3,2,13,34,257,-0.0001521874999999,1.862,0.7980000000000018,0.0993
c6288,_1922_,XNOR2,0,2,2,2,13,34,257,8.750000000001812e-05,2.66,1.0639999999998508,0.0993
c6288,_1923_,NAND2,0,0,2,1,14,33,219,-0.0003924999999997,1.33,0.5319999999999254,0.0993
c6288,_1924_,NAND2,0,0,2,2,1,34,256,0.0,1.33,0.5319999999999254,0.0992
c6288,_1925_,INV,0,0,1,1,2,33,219,0.0,0.798,0.265999999999849,0.0992
c6288,_1926_,XNOR2,0,2,2,2,14,33,255,7.875000000012733e-05,2.66,1.0639999999998508,0.0993
c6288,_1927_,OAI21,0,0,3,2,15,32,218,-0.00038625,1.862,0.7980000000000018,0.0993
c6288,_1928_,XNOR2,0,0,2,2,15,32,218,0.0,2.66,1.0639999999998508,0.0993
c6288,_1929_,NAND2,0,0,2,1,16,31,184,0.0,1.33,0.5319999999999254,0.0993
c6288,_1930_,NAND2,0,0,2,2,2,32,217,0.0,1.33,0.5319999999999254,0.0992
c6288,_1931_,INV,0,0,1,1,3,31,184,0.0,0.798,0.265999999999849,0.0992
c6288,_1932_,XNOR2,0,0,2,2,16,31,216,0.0,2.66,1.0639999999998508,0.0993
c6288,_1933_,OAI21,0,0,3,2,17,30,183,0.0,1.862,0.7980000000000018,0.0993
c6288,_1934_,XNOR2,1,15,2,2,17,30,184,-0.0021140625,2.66,1.0639999999998508,0.0993
c6288,_1935_,XOR2,1,15,2,2,18,29,182,0.0020896874999998,2.394,0.7980000000000018,0.0993
c6288,_1936_,NOR2,0,0,2,1,19,28,145,-0.0048721875000001,1.33,0.5319999999999254,0.0993
c6288,_1937_,INV,0,0,1,1,18,28,145,-0.0025715625,0.798,0.265999999999849,0.0993
c6288,_1938_,AOI21,0,0,3,2,20,27,144,0.0,1.862,0.7980000000000018,0.0993
c6288,_1939_,XNOR2,0,0,2,2,20,27,144,0.0,2.66,1.0639999999998508,0.0993
c6288,_1940_,NOR2,0,0,2,1,21,25,111,0.0,1.33,0.5319999999999254,0.0993
c6288,_1941_,AND2,0,0,2,2,2,26,142,0.0,1.33,0.2660000000000764,0.0992
c6288,_1942_,XNOR2,0,0,2,2,21,26,142,0.0,2.66,1.0639999999998508,0.0994
c6288,_1943_,NOR2,0,0,2,1,22,25,111,0.0,1.33,0.5319999999999254,0.0993
c6288,_1944_,NOR2,0,0,2,2,23,24,110,0.0,1.33,0.5319999999999254,0.0993
c6288,_1945_,XNOR2,0,0,2,2,23,24,110,0.0,2.66,1.0639999999998508,0.0994
c6288,_1946_,NOR2,0,0,2,1,24,22,82,0.0,1.33,0.5319999999999254,0.0993
c6288,_1947_,AND2,0,0,2,2,2,23,108,0.0,1.33,0.2660000000000764,0.0992
c6288,_1948_,XNOR2,0,0,2,2,24,23,108,0.0,2.66,1.0639999999998508,0.0995
c6288,_1949_,NOR2,0,0,2,1,25,22,82,0.0,1.33,0.5319999999999254,0.0994
c6288,_1950_,NOR2,0,0,2,2,26,21,81,0.0,1.33,0.5319999999999254,0.0994
c6288,_1951_,XNOR2,0,0,2,2,26,21,81,0.0,2.66,1.0639999999998508,0.0994
c6288,_1952_,NOR2,0,0,2,1,27,19,58,0.0,1.33,0.5319999999999254,0.0994
c6288,_1953_,AND2,0,0,2,2,2,20,79,0.0,1.33,0.2660000000000764,0.0992
c6288,_1954_,XNOR2,0,0,2,2,27,20,79,0.0,2.66,1.0639999999998508,0.0998
c6288,_1955_,NOR2,0,0,2,1,28,19,58,0.0,1.33,0.5319999999999254,0.0992
c6288,_1956_,NOR2,0,0,2,2,29,18,57,0.0,1.33,0.5319999999999254,0.0994
c6288,_1957_,XNOR2,0,0,2,2,29,18,57,0.0,2.66,1.0639999999998508,0.0992
c6288,_1958_,XNOR2,0,0,2,2,30,17,55,0.0,2.66,1.0639999999998508,0.0997
c6288,_1959_,OR2,0,0,2,2,31,16,40,0.0,1.33,0.2660000000000764,0.0993
c6288,_1960_,OR2,0,0,2,2,30,16,40,0.0,1.33,0.2660000000000764,0.0994
c6288,_1961_,AOI21,0,0,3,1,33,13,26,0.0,1.862,0.7980000000000018,0.0995
c6288,_1962_,NAND2,0,0,2,1,32,15,38,0.0,1.33,0.5319999999999254,0.0995
c6288,_1963_,XOR2,0,0,2,2,33,14,37,0.0,2.394,0.7980000000000018,0.0997
c6288,_1964_,AOI21,0,0,3,1,34,13,26,0.0,1.862,0.7980000000000018,0.0992
c6288,_1965_,NOR2,0,0,2,2,35,12,25,0.0,1.33,0.5319999999999254,0.0995
c6288,_1966_,XNOR2,0,0,2,2,35,12,25,0.0,2.66,1.0639999999998508,0.0992
c6288,_1967_,NOR2,0,0,2,1,36,10,17,0.0,1.33,0.5319999999999254,0.0992
c6288,_1968_,XNOR2,0,0,2,2,36,11,23,0.0,2.66,1.0639999999998508,0.0997
c6288,_1969_,AOI21,0,0,3,1,37,10,17,-1.249999999952678e-06,1.862,0.7980000000000018,0.0992
c6288,_1970_,OR2,0,0,2,2,38,9,16,0.0,1.33,0.2660000000000764,0.0995
c6288,_1971_,NAND2,0,0,2,1,2,10,17,0.0,1.33,0.5319999999999254,0.0992
c6288,_1972_,XNOR2,0,0,2,2,38,9,16,0.0,2.66,1.0639999999998508,0.0992
c6288,_1973_,AND2,0,0,2,1,39,8,13,0.0,1.33,0.2660000000000764,0.0994
c6288,_1974_,NAND2,0,0,2,1,2,11,19,0.0,1.33,0.5319999999999254,0.0992
c6288,_1975_,XNOR2,0,0,2,2,37,10,18,0.0,2.66,1.0639999999998508,0.0992
c6288,_1976_,BUF,0,0,1,10,1,35,256,0.0,1.064,0.265999999999849,0.0992
c6288,_1977_,AND2,0,0,2,2,2,27,145,0.0,1.33,0.2660000000000764,0.0992
c6288,_1978_,XNOR2,0,0,2,2,9,38,309,0.0,2.66,1.0639999999998508,0.0993
c6288,_1979_,NAND2,0,0,2,2,2,45,443,-0.0011646874999999,1.33,0.5319999999999254,0.0992
c6288,_1980_,BUF,0,13,1,10,2,46,559,0.005195,1.064,0.265999999999849,0.0992
c6288,_1981_,NAND2,0,5,2,2,3,45,443,-0.0010324999999999,1.33,0.5319999999999254,0.0992
c6288,_1982_,OR2,0,5,2,2,4,44,411,0.0003396874999999,1.33,0.2660000000000764,0.0992
c6288,_1983_,XNOR2,0,0,2,2,3,44,411,0.0,2.66,1.0639999999998508,0.0992
c6288,_1984_,AND2,0,0,2,1,5,43,378,-0.0003046874999999,1.33,0.2660000000000764,0.0992
c6288,_1985_,NAND2,0,0,2,2,2,43,409,0.0,1.33,0.5319999999999254,0.0992
c6288,_1986_,XOR2,0,5,2,2,5,43,409,-0.0003034374999999,2.394,0.7980000000000018,0.0992
c6288,_1987_,AOI21,0,4,3,2,6,42,377,-0.0005384374999999,1.862,0.7980000000000018,0.0992
c6288,_1988_,XNOR2,0,0,2,2,5,42,377,0.0,2.66,1.0639999999998508,0.0992
c6288,_1989_,NOR2,0,0,2,1,7,41,344,-0.0015368749999997,1.33,0.5319999999999254,0.0992
c6288,_1990_,NAND2,0,0,2,2,2,41,375,0.0,1.33,0.5319999999999254,0.0992
c6288,_1991_,XOR2,0,4,2,2,7,41,375,-7.49999999998252e-05,2.394,0.7980000000000018,0.0992
c6288,_1992_,AOI21,0,0,3,3,8,40,343,-0.0019084375,1.862,0.7980000000000018,0.0992
c6288,_1993_,XNOR2,0,0,2,3,7,40,343,0.0,2.66,1.0639999999998508,0.0992
c6288,_1994_,XNOR2,0,0,2,2,9,39,337,0.0,2.66,1.0639999999998508,0.0993
c6288,_1995_,AOI21,0,0,3,1,10,38,279,0.0,1.862,0.7980000000000018,0.0992
c6288,_1996_,NOR2,0,0,2,2,9,39,310,0.0,1.33,0.5319999999999254,0.0992
c6288,_1997_,OAI21,0,0,3,1,11,37,278,-0.0002587499999999,1.862,0.7980000000000018,0.0993
c6288,_1998_,NAND2,0,0,2,2,1,38,308,0.0,1.33,0.5319999999999254,0.0992
c6288,_1999_,INV,0,0,1,1,2,37,278,0.0,0.798,0.265999999999849,0.0992
c6288,_2000_,NAND2,0,0,2,2,2,39,338,0.0,1.33,0.5319999999999254,0.0992
c6288,_2001_,NAND2,0,0,2,1,9,39,309,0.0,1.33,0.5319999999999254,0.0992
c6288,_2002_,AOI21,0,0,3,1,10,38,308,0.0,1.862,0.7980000000000018,0.0992
c6288,_2003_,XOR2,0,0,2,2,11,37,307,0.0,2.394,0.7980000000000018,0.0993
c6288,_2004_,OAI21,0,0,3,2,12,36,277,-0.0008834374999997,1.862,0.7980000000000018,0.0993
c6288,_2005_,XNOR2,0,1,2,2,11,36,277,-0.0001634374999999,2.66,1.0639999999998508,0.0993
c6288,_2006_,NAND2,0,0,2,1,13,35,246,-0.0003193749999998,1.33,0.5319999999999254,0.0993
c6288,_2007_,NAND2,0,0,2,2,1,36,276,0.0,1.33,0.5319999999999254,0.0992
c6288,_2008_,INV,0,0,1,1,2,35,246,0.0,0.798,0.265999999999849,0.0992
c6288,_2009_,XNOR2,0,1,2,2,13,35,275,3.843750000021018e-05,2.66,1.0639999999998508,0.0993
c6288,_2010_,OAI21,0,0,3,2,14,34,245,-0.000193125,1.862,0.7980000000000018,0.0993
c6288,_2011_,XNOR2,0,0,2,2,13,34,245,-9.37499999853486e-07,2.66,1.0639999999998508,0.0993
c6288,_2012_,NAND2,0,0,2,1,15,33,213,-0.0003346875,1.33,0.5319999999999254,0.0993
c6288,_2013_,NAND2,0,0,2,2,2,34,244,0.0,1.33,0.5319999999999254,0.0992
c6288,_2014_,INV,0,0,1,1,3,33,213,0.0,0.798,0.265999999999849,0.0992
c6288,_2015_,XNOR2,0,0,2,2,15,33,243,-2.906249999989896e-05,2.66,1.0639999999998508,0.0993
c6288,_2016_,OAI21,0,0,3,2,16,32,212,-0.0001521874999999,1.862,0.7980000000000018,0.0993
c6288,_2017_,XNOR2,0,2,2,2,15,32,212,8.750000000001812e-05,2.66,1.0639999999998508,0.0993
c6288,_2018_,NAND2,0,0,2,1,17,31,178,-0.0003924999999997,1.33,0.5319999999999254,0.0993
c6288,_2019_,NAND2,0,0,2,2,2,32,211,0.0,1.33,0.5319999999999254,0.0992
c6288,_2020_,INV,0,0,1,1,3,31,178,0.0,0.798,0.265999999999849,0.0992
c6288,_2021_,XNOR2,0,2,2,2,17,31,210,7.875000000012733e-05,2.66,1.0639999999998508,0.0993
c6288,_2022_,OAI21,0,0,3,2,18,30,177,-0.00038625,1.862,0.7980000000000018,0.0993
c6288,_2023_,XNOR2,0,0,2,2,17,30,177,0.0,2.66,1.0639999999998508,0.0993
c6288,_2024_,NAND2,0,0,2,1,19,29,147,0.0,1.33,0.5319999999999254,0.0993
c6288,_2025_,NAND2,0,0,2,2,2,30,176,0.0,1.33,0.5319999999999254,0.0992
c6288,_2026_,INV,0,0,1,1,3,29,147,0.0,0.798,0.265999999999849,0.0992
c6288,_2027_,XNOR2,0,0,2,2,19,29,175,0.0,2.66,1.0639999999998508,0.0993
c6288,_2028_,OAI21,0,0,3,2,20,28,146,0.0,1.862,0.7980000000000018,0.0993
c6288,_2029_,XNOR2,1,15,2,2,19,28,147,-0.0021140625,2.66,1.0639999999998508,0.0993
c6288,_2030_,XOR2,1,15,2,2,21,27,145,0.0020899999999999,2.394,0.7980000000000018,0.0994
c6288,_2031_,NOR2,0,0,2,1,22,26,113,-0.0048721875000001,1.33,0.5319999999999254,0.0993
c6288,_2032_,INV,0,0,1,1,20,26,113,-0.0025715625,0.798,0.265999999999849,0.0993
c6288,_2033_,AOI21,0,0,3,2,23,25,112,0.0,1.862,0.7980000000000018,0.0994
c6288,_2034_,XNOR2,0,0,2,2,22,25,112,0.0,2.66,1.0639999999998508,0.0994
c6288,_2035_,NOR2,0,0,2,1,24,23,84,0.0,1.33,0.5319999999999254,0.0994
c6288,_2036_,AND2,0,0,2,2,2,24,110,0.0,1.33,0.2660000000000764,0.0992
c6288,_2037_,XNOR2,0,0,2,2,24,24,110,0.0,2.66,1.0639999999998508,0.0995
c6288,_2038_,NOR2,0,0,2,1,25,23,84,0.0,1.33,0.5319999999999254,0.0992
c6288,_2039_,NOR2,0,0,2,2,26,22,83,0.0,1.33,0.5319999999999254,0.0994
c6288,_2040_,XNOR2,0,0,2,2,25,22,83,0.0,2.66,1.0639999999998508,0.0994
c6288,_2041_,NOR2,0,0,2,1,27,20,60,0.0,1.33,0.5319999999999254,0.0994
c6288,_2042_,AND2,0,0,2,2,2,21,81,0.0,1.33,0.2660000000000764,0.0992
c6288,_2043_,XNOR2,0,0,2,2,27,21,81,0.0,2.66,1.0639999999998508,0.0998
c6288,_2044_,NOR2,0,0,2,1,28,20,60,0.0,1.33,0.5319999999999254,0.0992
c6288,_2045_,NOR2,0,0,2,2,29,19,59,0.0,1.33,0.5319999999999254,0.0995
c6288,_2046_,XNOR2,0,0,2,2,28,19,59,0.0,2.66,1.0639999999998508,0.0992
c6288,_2047_,NOR2,0,0,2,1,30,17,41,0.0,1.33,0.5319999999999254,0.0993
c6288,_2048_,AND2,0,0,2,2,2,18,57,0.0,1.33,0.2660000000000764,0.0992
c6288,_2049_,XNOR2,0,0,2,2,30,18,57,0.0,2.66,1.0639999999998508,0.0997
c6288,_2050_,NOR2,0,0,2,1,31,17,41,0.0,1.33,0.5319999999999254,0.0992
c6288,_2051_,NOR2,0,0,2,2,32,16,40,0.0,1.33,0.5319999999999254,0.0995
c6288,_2052_,XNOR2,0,0,2,2,31,16,40,0.0,2.66,1.0639999999998508,0.0992
c6288,_2053_,OR2,0,0,2,2,33,14,28,0.0,1.33,0.2660000000000764,0.0994
c6288,_2054_,NAND2,0,0,2,1,2,16,39,0.0,1.33,0.5319999999999254,0.0992
c6288,_2055_,INV,0,0,1,2,3,15,38,0.0,0.798,0.265999999999849,0.0992
c6288,_2056_,XNOR2,0,0,2,2,33,15,38,0.0,2.66,1.0639999999998508,0.0996
c6288,_2057_,OR2,0,0,2,2,34,14,28,0.0,1.33,0.2660000000000764,0.0993
c6288,_2058_,NAND2,0,0,2,1,35,13,26,0.0,1.33,0.5319999999999254,0.0995
c6288,_2059_,NAND2,0,0,2,1,3,14,28,0.0,1.33,0.5319999999999254,0.0992
c6288,_2060_,XOR2,0,0,2,2,34,13,27,0.0,2.394,0.7980000000000018,0.0992
c6288,_2061_,XOR2,0,0,2,2,36,12,25,0.0,2.394,0.7980000000000018,0.0999
c6288,_2062_,AOI21,0,0,3,2,37,11,19,0.0,1.862,0.7980000000000018,0.0992
c6288,_2063_,AOI21,0,0,3,2,35,11,19,0.0,1.862,0.7980000000000018,0.0995
c6288,_2064_,OAI21,0,0,3,1,38,9,15,-1.5625000000518696e-06,1.862,0.7980000000000018,0.0993
c6288,_2065_,BUF,0,0,1,10,1,35,240,0.0,1.064,0.265999999999849,0.0992
c6288,_2066_,AND2,0,0,2,2,2,13,27,0.0,1.33,0.2660000000000764,0.0992
c6288,_2067_,XNOR2,0,0,2,2,31,17,42,0.0,2.66,1.0639999999998508,0.0993
c6288,_2068_,AND2,0,0,2,2,2,19,59,0.0,1.33,0.2660000000000764,0.0992
c6288,_2069_,AND2,0,0,2,2,2,25,113,0.0,1.33,0.2660000000000764,0.0992
c6288,_2070_,XNOR2,0,0,2,2,10,38,285,0.0,2.66,1.0639999999998508,0.0993
c6288,_2071_,NAND2,0,0,2,2,3,45,403,-0.000138125,1.33,0.5319999999999254,0.0992
c6288,_2072_,NAND2,0,1,2,2,3,45,403,-0.0018428124999998,1.33,0.5319999999999254,0.0992
c6288,_2073_,OR2,0,1,2,2,4,44,375,-3.1250000000149214e-05,1.33,0.2660000000000764,0.0992
c6288,_2074_,XNOR2,0,0,2,2,4,44,375,-0.0013437499999997,2.66,1.0639999999998508,0.0992
c6288,_2075_,AND2,0,0,2,1,5,43,346,-0.0001546874999998,1.33,0.2660000000000764,0.0992
c6288,_2076_,NAND2,0,0,2,2,2,43,373,0.0,1.33,0.5319999999999254,0.0992
c6288,_2077_,XOR2,0,1,2,2,5,43,373,-9.031249999980062e-05,2.394,0.7980000000000018,0.0992
c6288,_2078_,AOI21,0,0,3,2,6,42,345,-0.0003890625,1.862,0.7980000000000018,0.0992
c6288,_2079_,XNOR2,0,1,2,2,6,42,345,-0.0005949999999999,2.66,1.0639999999998508,0.0992
c6288,_2080_,NOR2,0,0,2,1,7,41,316,-0.0009531249999998,1.33,0.5319999999999254,0.0992
c6288,_2081_,NAND2,0,0,2,2,2,41,343,0.0,1.33,0.5319999999999254,0.0992
c6288,_2082_,XOR2,0,1,2,2,7,41,343,-0.0003578124999998,2.394,0.7980000000000018,0.0992
c6288,_2083_,AOI21,0,0,3,3,8,40,315,-0.000626875,1.862,0.7980000000000018,0.0992
c6288,_2084_,XNOR2,0,4,2,3,8,40,315,-0.0006078124999999,2.66,1.0639999999998508,0.0992
c6288,_2085_,XNOR2,0,4,2,2,9,39,309,-1.6562499999928093e-05,2.66,1.0639999999998508,0.0993
c6288,_2086_,AOI21,0,0,3,1,10,38,259,-0.0007603124999999,1.862,0.7980000000000018,0.0992
c6288,_2087_,NOR2,0,0,2,2,9,39,286,-0.0013346874999999,1.33,0.5319999999999254,0.0992
c6288,_2088_,OAI21,0,0,3,1,11,37,258,-2.8125000000045475e-05,1.862,0.7980000000000018,0.0993
c6288,_2089_,NAND2,0,0,2,2,2,38,284,0.0,1.33,0.5319999999999254,0.0992
c6288,_2090_,INV,0,0,1,1,3,37,258,0.0,0.798,0.265999999999849,0.0992
c6288,_2091_,NAND2,0,0,2,2,3,39,310,0.0,1.33,0.5319999999999254,0.0992
c6288,_2092_,NAND2,0,0,2,1,9,39,285,-0.0011918749999999,1.33,0.5319999999999254,0.0992
c6288,_2093_,AOI21,0,0,3,1,10,38,284,0.0,1.862,0.7980000000000018,0.0992
c6288,_2094_,XOR2,0,0,2,2,11,37,283,0.0,2.394,0.7980000000000018,0.0993
c6288,_2095_,OAI21,0,0,3,2,12,36,257,-7.249999999991985e-05,1.862,0.7980000000000018,0.0993
c6288,_2096_,XNOR2,0,0,2,2,12,36,257,-0.0012459374999997,2.66,1.0639999999998508,0.0993
c6288,_2097_,NAND2,0,0,2,1,13,35,230,-0.0003762499999999,1.33,0.5319999999999254,0.0993
c6288,_2098_,NAND2,0,0,2,2,1,36,256,0.0,1.33,0.5319999999999254,0.0992
c6288,_2099_,INV,0,0,1,1,2,35,230,0.0,0.798,0.265999999999849,0.0992
c6288,_2100_,XNOR2,0,0,2,2,13,35,255,0.0,2.66,1.0639999999998508,0.0993
c6288,_2101_,OAI21,0,0,3,2,14,34,229,-0.0003209374999997,1.862,0.7980000000000018,0.0993
c6288,_2102_,XNOR2,0,1,2,2,14,34,229,-8.656249999994259e-05,2.66,1.0639999999998508,0.0993
c6288,_2103_,NAND2,0,0,2,1,15,33,202,-0.0002984374999999,1.33,0.5319999999999254,0.0993
c6288,_2104_,NAND2,0,0,2,2,2,34,228,0.0,1.33,0.5319999999999254,0.0992
c6288,_2105_,INV,0,0,1,1,3,33,202,0.0,0.798,0.265999999999849,0.0992
c6288,_2106_,XNOR2,0,1,2,2,15,33,227,3.906249999996447e-05,2.66,1.0639999999998508,0.0993
c6288,_2107_,OAI21,0,0,3,2,16,32,201,-0.000193125,1.862,0.7980000000000018,0.0993
c6288,_2108_,XNOR2,0,0,2,2,16,32,201,-9.37499999853486e-07,2.66,1.0639999999998508,0.0993
c6288,_2109_,NAND2,0,0,2,1,17,31,173,-0.0002978124999999,1.33,0.5319999999999254,0.0993
c6288,_2110_,NAND2,0,0,2,2,2,32,200,0.0,1.33,0.5319999999999254,0.0992
c6288,_2111_,INV,0,0,1,1,3,31,173,0.0,0.798,0.265999999999849,0.0992
c6288,_2112_,XNOR2,0,0,2,2,17,31,199,-1.0937499999918998e-05,2.66,1.0639999999998508,0.0993
c6288,_2113_,OAI21,0,0,3,2,18,30,172,-0.0001521874999999,1.862,0.7980000000000018,0.0993
c6288,_2114_,XNOR2,0,2,2,2,18,30,172,8.750000000001812e-05,2.66,1.0639999999998508,0.0993
c6288,_2115_,NAND2,0,0,2,1,19,29,142,-0.0003924999999997,1.33,0.5319999999999254,0.0993
c6288,_2116_,NAND2,0,0,2,2,2,30,171,0.0,1.33,0.5319999999999254,0.0992
c6288,_2117_,INV,0,0,1,1,3,29,142,0.0,0.798,0.265999999999849,0.0992
c6288,_2118_,XNOR2,0,2,2,2,19,29,170,7.875000000012733e-05,2.66,1.0639999999998508,0.0993
c6288,_2119_,OAI21,0,0,3,2,20,28,141,-0.00038625,1.862,0.7980000000000018,0.0993
c6288,_2120_,XNOR2,0,0,2,2,20,28,141,0.0,2.66,1.0639999999998508,0.0993
c6288,_2121_,NAND2,0,0,2,1,21,27,115,0.0,1.33,0.5319999999999254,0.0993
c6288,_2122_,NAND2,0,0,2,2,2,28,140,0.0,1.33,0.5319999999999254,0.0992
c6288,_2123_,INV,0,0,1,1,3,27,115,0.0,0.798,0.265999999999849,0.0992
c6288,_2124_,XNOR2,0,0,2,2,21,27,139,0.0,2.66,1.0639999999998508,0.0994
c6288,_2125_,OAI21,0,0,3,2,22,26,114,0.0,1.862,0.7980000000000018,0.0994
c6288,_2126_,XNOR2,1,15,2,2,22,26,115,-0.0021140625,2.66,1.0639999999998508,0.0993
c6288,_2127_,XOR2,1,15,2,2,23,25,113,0.0020899999999999,2.394,0.7980000000000018,0.0999
c6288,_2128_,NOR2,0,0,2,1,24,24,86,-0.0048721875000001,1.33,0.5319999999999254,0.0991
c6288,_2129_,INV,0,0,1,1,23,24,86,-0.0025715625,0.798,0.265999999999849,0.0993
c6288,_2130_,AOI21,0,0,3,2,25,23,85,0.0,1.862,0.7980000000000018,0.0995
c6288,_2131_,XNOR2,0,0,2,2,25,23,85,0.0,2.66,1.0639999999998508,0.0992
c6288,_2132_,NOR2,0,0,2,1,26,21,62,0.0,1.33,0.5319999999999254,0.0994
c6288,_2133_,AND2,0,0,2,2,2,22,83,0.0,1.33,0.2660000000000764,0.0992
c6288,_2134_,XNOR2,0,0,2,2,26,22,83,0.0,2.66,1.0639999999998508,0.0997
c6288,_2135_,NOR2,0,0,2,1,27,21,62,0.0,1.33,0.5319999999999254,0.0992
c6288,_2136_,NOR2,0,0,2,2,28,20,61,0.0,1.33,0.5319999999999254,0.0995
c6288,_2137_,XNOR2,0,0,2,2,28,20,61,0.0,2.66,1.0639999999998508,0.0992
c6288,_2138_,XNOR2,0,0,2,2,29,19,59,0.0,2.66,1.0639999999998508,0.0997
c6288,_2139_,OR2,0,0,2,2,30,18,43,0.0,1.33,0.2660000000000764,0.0993
c6288,_2140_,OR2,0,0,2,2,29,18,43,0.0,1.33,0.2660000000000764,0.0994
c6288,_2141_,AOI21,0,0,3,1,32,15,29,0.0,1.862,0.7980000000000018,0.0995
c6288,_2142_,NAND2,0,0,2,1,31,17,41,0.0,1.33,0.5319999999999254,0.0995
c6288,_2143_,XOR2,0,0,2,2,32,16,40,0.0,2.394,0.7980000000000018,0.0997
c6288,_2144_,AOI21,0,0,3,1,33,15,29,0.0,1.862,0.7980000000000018,0.0992
c6288,_2145_,NOR2,0,0,2,2,34,14,28,0.0,1.33,0.5319999999999254,0.0994
c6288,_2146_,XNOR2,0,0,2,2,34,14,28,0.0,2.66,1.0639999999998508,0.0992
c6288,_2147_,XNOR2,0,0,2,2,35,13,27,0.0,2.66,1.0639999999998508,0.0997
c6288,_2148_,OR2,0,0,2,1,36,12,21,0.0,1.33,0.2660000000000764,0.0993
c6288,_2149_,OAI21,0,0,3,2,37,11,20,0.0,1.862,0.7980000000000018,0.0994
c6288,_2150_,NAND2,0,0,2,1,2,12,21,0.0,1.33,0.5319999999999254,0.0992
c6288,_2151_,XNOR2,0,0,2,2,37,11,20,0.0,2.66,1.0639999999998508,0.0992
c6288,_2152_,AND2,0,0,2,1,38,10,17,0.0,1.33,0.2660000000000764,0.0995
c6288,_2153_,XOR2,0,0,2,2,36,12,22,0.0,2.394,0.7980000000000018,0.0994
c6288,_2154_,BUF,0,0,1,10,1,35,224,0.0,1.064,0.265999999999849,0.0992
c6288,_2155_,AND2,0,0,2,2,2,23,87,0.0,1.33,0.2660000000000764,0.0992
c6288,_2156_,XNOR2,0,4,2,2,10,38,259,5.65624999999681e-05,2.66,1.0639999999998508,0.0993
c6288,_2157_,NAND2,0,0,2,2,3,45,361,-0.000138125,1.33,0.5319999999999254,0.0992
c6288,_2158_,NAND2,0,1,2,2,3,45,361,-0.0018424999999999,1.33,0.5319999999999254,0.0992
c6288,_2159_,OR2,0,1,2,2,4,44,337,-3.124999999992717e-05,1.33,0.2660000000000764,0.0992
c6288,_2160_,XNOR2,0,0,2,2,4,44,337,-0.0005081249999998,2.66,1.0639999999998508,0.0992
c6288,_2161_,AND2,0,0,2,1,5,43,312,-0.0001549999999999,1.33,0.2660000000000764,0.0992
c6288,_2162_,NAND2,0,0,2,2,2,43,335,0.0,1.33,0.5319999999999254,0.0992
c6288,_2163_,XOR2,0,1,2,2,5,43,335,-9.06249999998998e-05,2.394,0.7980000000000018,0.0992
c6288,_2164_,AOI21,0,0,3,2,6,42,311,-0.0003890625,1.862,0.7980000000000018,0.0992
c6288,_2165_,XNOR2,0,1,2,2,6,42,311,-0.0002299999999999,2.66,1.0639999999998508,0.0992
c6288,_2166_,NOR2,0,0,2,1,7,41,286,-0.0004149999999998,1.33,0.5319999999999254,0.0992
c6288,_2167_,NAND2,0,0,2,2,2,41,309,0.0,1.33,0.5319999999999254,0.0992
c6288,_2168_,XOR2,0,1,2,2,7,41,309,-0.0001437499999998,2.394,0.7980000000000018,0.0992
c6288,_2169_,AOI21,0,0,3,3,8,40,285,-0.0003262499999998,1.862,0.7980000000000018,0.0992
c6288,_2170_,XNOR2,0,1,2,3,8,40,285,-0.0005240625,2.66,1.0639999999998508,0.0992
c6288,_2171_,XNOR2,0,1,2,2,9,39,279,-0.0001253124999998,2.66,1.0639999999998508,0.0993
c6288,_2172_,AOI21,0,0,3,1,10,38,237,-0.0002024999999998,1.862,0.7980000000000018,0.0992
c6288,_2173_,NOR2,0,0,2,2,9,39,260,-0.0005946875,1.33,0.5319999999999254,0.0992
c6288,_2174_,OAI21,0,0,3,1,11,37,236,-0.0007609374999999,1.862,0.7980000000000018,0.0993
c6288,_2175_,NAND2,0,0,2,2,2,38,258,0.0,1.33,0.5319999999999254,0.0992
c6288,_2176_,INV,0,0,1,1,3,37,236,0.0,0.798,0.265999999999849,0.0992
c6288,_2177_,NAND2,0,0,2,2,3,39,280,0.0,1.33,0.5319999999999254,0.0992
c6288,_2178_,NAND2,0,0,2,1,9,39,259,-0.0006443749999998,1.33,0.5319999999999254,0.0992
c6288,_2179_,AOI21,0,0,3,1,10,38,258,0.0,1.862,0.7980000000000018,0.0992
c6288,_2180_,XOR2,0,4,2,2,11,37,257,0.0001674999999998,2.394,0.7980000000000018,0.0993
c6288,_2181_,OAI21,0,2,3,2,12,36,235,-0.001775625,1.862,0.7980000000000018,0.0993
c6288,_2182_,XNOR2,0,0,2,2,12,36,235,-0.0001065624999998,2.66,1.0639999999998508,0.0993
c6288,_2183_,NAND2,0,0,2,1,13,35,212,-0.0007340624999998,1.33,0.5319999999999254,0.0993
c6288,_2184_,NAND2,0,0,2,2,2,36,234,0.0,1.33,0.5319999999999254,0.0992
c6288,_2185_,INV,0,0,1,1,3,35,212,0.0,0.798,0.265999999999849,0.0992
c6288,_2186_,XNOR2,0,2,2,2,13,35,233,1.0312500000164704e-05,2.66,1.0639999999998508,0.0993
c6288,_2187_,OAI21,0,2,3,2,14,34,211,-0.0003643749999997,1.862,0.7980000000000018,0.0993
c6288,_2188_,XNOR2,0,0,2,2,14,34,211,-0.0004231249999997,2.66,1.0639999999998508,0.0993
c6288,_2189_,NAND2,0,0,2,1,15,33,188,-0.0009709374999999,1.33,0.5319999999999254,0.0993
c6288,_2190_,NAND2,0,0,2,2,2,34,210,0.0,1.33,0.5319999999999254,0.0992
c6288,_2191_,INV,0,0,1,1,3,33,188,-3.1250000009919177e-07,0.798,0.265999999999849,0.0992
c6288,_2192_,XNOR2,0,2,2,2,15,33,209,-0.0001449999999998,2.66,1.0639999999998508,0.0993
c6288,_2193_,OAI21,0,1,3,2,16,32,187,-0.0005312499999998,1.862,0.7980000000000018,0.0993
c6288,_2194_,XNOR2,0,1,2,2,16,32,187,-6.843749999996263e-05,2.66,1.0639999999998508,0.0993
c6288,_2195_,NAND2,0,0,2,1,17,31,164,-0.0003599999999999,1.33,0.5319999999999254,0.0993
c6288,_2196_,NAND2,0,0,2,2,2,32,186,0.0,1.33,0.5319999999999254,0.0992
c6288,_2197_,INV,0,0,1,1,3,31,164,0.0,0.798,0.265999999999849,0.0992
c6288,_2198_,XNOR2,0,2,2,2,17,31,185,3.906249999996447e-05,2.66,1.0639999999998508,0.0993
c6288,_2199_,OAI21,0,1,3,2,18,30,163,-0.000193125,1.862,0.7980000000000018,0.0993
c6288,_2200_,XNOR2,0,0,2,2,18,30,163,-9.37499999853486e-07,2.66,1.0639999999998508,0.0993
c6288,_2201_,NAND2,0,0,2,1,19,29,139,-0.0004587499999999,1.33,0.5319999999999254,0.0993
c6288,_2202_,NAND2,0,0,2,2,2,30,162,0.0,1.33,0.5319999999999254,0.0992
c6288,_2203_,INV,0,0,1,1,3,29,139,0.0,0.798,0.265999999999849,0.0992
c6288,_2204_,XNOR2,0,1,2,2,19,29,161,-7.249999999991985e-05,2.66,1.0639999999998508,0.0993
c6288,_2205_,OAI21,0,0,3,2,20,28,138,-0.0002203124999997,1.862,0.7980000000000018,0.0993
c6288,_2206_,XNOR2,0,2,2,2,20,28,138,8.750000000001812e-05,2.66,1.0639999999998508,0.0994
c6288,_2207_,NAND2,0,0,2,1,21,27,112,-0.0003924999999997,1.33,0.5319999999999254,0.0993
c6288,_2208_,NAND2,0,0,2,2,2,28,137,0.0,1.33,0.5319999999999254,0.0992
c6288,_2209_,INV,0,0,1,1,3,27,112,0.0,0.798,0.265999999999849,0.0992
c6288,_2210_,XNOR2,0,2,2,2,21,27,136,7.875000000012733e-05,2.66,1.0639999999998508,0.0994
c6288,_2211_,OAI21,0,0,3,2,22,26,111,-0.00038625,1.862,0.7980000000000018,0.0994
c6288,_2212_,XNOR2,0,0,2,2,22,26,111,0.0,2.66,1.0639999999998508,0.0994
c6288,_2213_,NAND2,0,0,2,1,23,25,89,0.0,1.33,0.5319999999999254,0.0994
c6288,_2214_,NAND2,0,0,2,2,2,26,110,0.0,1.33,0.5319999999999254,0.0992
c6288,_2215_,INV,0,0,1,1,3,25,89,0.0,0.798,0.265999999999849,0.0992
c6288,_2216_,XNOR2,0,0,2,2,23,25,109,0.0,2.66,1.0639999999998508,0.0997
c6288,_2217_,OAI21,0,0,3,2,24,24,88,0.0,1.862,0.7980000000000018,0.0992
c6288,_2218_,XNOR2,1,15,2,2,24,24,89,-0.0021140625,2.66,1.0639999999998508,0.0992
c6288,_2219_,XOR2,1,15,2,2,25,23,87,0.0020896874999998,2.394,0.7980000000000018,0.0999
c6288,_2220_,NOR2,0,0,2,1,26,22,65,-0.0048750000000001,1.33,0.5319999999999254,0.0991
c6288,_2221_,INV,0,0,1,1,25,22,65,-0.0025715625,0.798,0.265999999999849,0.0993
c6288,_2222_,AOI21,0,0,3,2,27,21,64,0.0,1.862,0.7980000000000018,0.0995
c6288,_2223_,XNOR2,0,0,2,2,27,21,64,0.0,2.66,1.0639999999998508,0.0992
c6288,_2224_,NOR2,0,0,2,1,28,19,46,0.0,1.33,0.5319999999999254,0.0993
c6288,_2225_,AND2,0,0,2,2,2,20,62,0.0,1.33,0.2660000000000764,0.0992
c6288,_2226_,XNOR2,0,0,2,2,28,20,62,0.0,2.66,1.0639999999998508,0.0997
c6288,_2227_,NOR2,0,0,2,1,29,19,46,0.0,1.33,0.5319999999999254,0.0992
c6288,_2228_,NOR2,0,0,2,2,30,18,45,0.0,1.33,0.5319999999999254,0.0995
c6288,_2229_,XNOR2,0,0,2,2,30,18,45,0.0,2.66,1.0639999999998508,0.0992
c6288,_2230_,OR2,0,0,2,2,31,16,32,0.0,1.33,0.2660000000000764,0.0994
c6288,_2231_,NAND2,0,0,2,1,2,18,44,0.0,1.33,0.5319999999999254,0.0992
c6288,_2232_,INV,0,0,1,2,3,17,43,0.0,0.798,0.265999999999849,0.0993
c6288,_2233_,XNOR2,0,0,2,2,31,17,43,0.0,2.66,1.0639999999998508,0.0996
c6288,_2234_,OR2,0,0,2,2,32,16,32,0.0,1.33,0.2660000000000764,0.0993
c6288,_2235_,NAND2,0,0,2,1,33,15,30,0.0,1.33,0.5319999999999254,0.0995
c6288,_2236_,NAND2,0,0,2,1,2,16,32,0.0,1.33,0.5319999999999254,0.0992
c6288,_2237_,XOR2,0,0,2,2,33,15,31,0.0,2.394,0.7980000000000018,0.0992
c6288,_2238_,XOR2,0,0,2,2,34,14,29,0.0,2.394,0.7980000000000018,0.0999
c6288,_2239_,AOI21,0,0,3,2,35,13,23,0.0,1.862,0.7980000000000018,0.0992
c6288,_2240_,AOI21,0,0,3,2,34,13,23,0.0,1.862,0.7980000000000018,0.0995
c6288,_2241_,OAI21,0,0,3,1,37,11,19,0.0,1.862,0.7980000000000018,0.0993
c6288,_2242_,XNOR2,0,0,2,2,29,19,47,0.0,2.66,1.0639999999998508,0.0993
c6288,_2243_,BUF,0,0,1,10,1,33,180,0.0,1.064,0.265999999999849,0.0992
c6288,_2244_,AND2,0,0,2,2,2,21,64,0.0,1.33,0.2660000000000764,0.0992
c6288,_2245_,XNOR2,0,1,2,2,10,38,229,3.312500000007823e-05,2.66,1.0639999999998508,0.0993
c6288,_2246_,NAND2,0,0,2,2,3,45,315,-0.000138125,1.33,0.5319999999999254,0.0992
c6288,_2247_,NAND2,0,1,2,2,3,45,315,-0.0018428124999998,1.33,0.5319999999999254,0.0992
c6288,_2248_,OR2,0,1,2,2,4,44,295,1.9687500000031832e-05,1.33,0.2660000000000764,0.0992
c6288,_2249_,XNOR2,0,0,2,2,4,44,295,-0.0004321874999999,2.66,1.0639999999998508,0.0992
c6288,_2250_,AND2,0,0,2,1,5,43,274,-0.0001546874999998,1.33,0.2660000000000764,0.0992
c6288,_2251_,NAND2,0,0,2,2,2,43,293,0.0,1.33,0.5319999999999254,0.0992
c6288,_2252_,XOR2,0,1,2,2,5,43,293,-9.06249999998998e-05,2.394,0.7980000000000018,0.0992
c6288,_2253_,AOI21,0,0,3,2,6,42,273,-0.0003890625,1.862,0.7980000000000018,0.0992
c6288,_2254_,XNOR2,0,1,2,2,6,42,273,-0.0002299999999999,2.66,1.0639999999998508,0.0992
c6288,_2255_,NOR2,0,0,2,1,7,41,252,-0.000415625,1.33,0.5319999999999254,0.0992
c6288,_2256_,NAND2,0,0,2,2,2,41,271,0.0,1.33,0.5319999999999254,0.0992
c6288,_2257_,XOR2,0,1,2,2,7,41,271,-0.0001443749999998,2.394,0.7980000000000018,0.0992
c6288,_2258_,AOI21,0,0,3,3,8,40,251,-0.0003265624999999,1.862,0.7980000000000018,0.0992
c6288,_2259_,XNOR2,0,1,2,3,8,40,251,-0.0001203124999999,2.66,1.0639999999998508,0.0992
c6288,_2260_,XNOR2,0,1,2,2,9,39,245,-0.0001253124999998,2.66,1.0639999999998508,0.0993
c6288,_2261_,AOI21,0,0,3,1,10,38,211,-0.0001662499999999,1.862,0.7980000000000018,0.0992
c6288,_2262_,NOR2,0,0,2,2,9,39,230,-0.0003156249999998,1.33,0.5319999999999254,0.0992
c6288,_2263_,OAI21,0,0,3,1,11,37,210,-0.0002028124999999,1.862,0.7980000000000018,0.0993
c6288,_2264_,NAND2,0,0,2,2,2,38,228,0.0,1.33,0.5319999999999254,0.0992
c6288,_2265_,INV,0,0,1,1,3,37,210,0.0,0.798,0.265999999999849,0.0992
c6288,_2266_,NAND2,0,0,2,2,3,39,246,0.0,1.33,0.5319999999999254,0.0992
c6288,_2267_,NAND2,0,0,2,1,9,39,229,-0.0003321874999999,1.33,0.5319999999999254,0.0992
c6288,_2268_,AOI21,0,0,3,1,10,38,228,0.0,1.862,0.7980000000000018,0.0992
c6288,_2269_,XOR2,0,1,2,2,11,37,227,0.0001328125000001,2.394,0.7980000000000018,0.0993
c6288,_2270_,OAI21,0,0,3,2,12,36,209,-0.0006228124999998,1.862,0.7980000000000018,0.0993
c6288,_2271_,XNOR2,0,2,2,2,12,36,209,-0.0024615624999999,2.66,1.0639999999998508,0.0993
c6288,_2272_,NAND2,0,0,2,1,13,35,190,-0.000959375,1.33,0.5319999999999254,0.0993
c6288,_2273_,NAND2,0,0,2,2,2,36,208,0.0,1.33,0.5319999999999254,0.0992
c6288,_2274_,INV,0,0,1,1,3,35,190,-9.37499999853486e-07,0.798,0.265999999999849,0.0992
c6288,_2275_,XNOR2,0,2,2,2,13,35,207,-5.124999999983615e-05,2.66,1.0639999999998508,0.0993
c6288,_2276_,OAI21,0,1,3,2,14,34,189,-0.0008484374999997,1.862,0.7980000000000018,0.0993
c6288,_2277_,XNOR2,0,0,2,2,14,34,189,-0.0006921874999998,2.66,1.0639999999998508,0.0993
c6288,_2278_,NAND2,0,0,2,1,15,33,170,-0.0007853124999999,1.33,0.5319999999999254,0.0993
c6288,_2279_,NAND2,0,0,2,2,2,34,188,0.0,1.33,0.5319999999999254,0.0992
c6288,_2280_,INV,0,0,1,1,3,33,170,0.0,0.798,0.265999999999849,0.0992
c6288,_2281_,XNOR2,0,1,2,2,15,33,187,-8.499999999989072e-05,2.66,1.0639999999998508,0.0993
c6288,_2282_,OAI21,0,0,3,2,16,32,169,-0.0003409374999998,1.862,0.7980000000000018,0.0993
c6288,_2283_,XNOR2,0,1,2,2,16,32,169,-0.0006393749999997,2.66,1.0639999999998508,0.0993
c6288,_2284_,NAND2,0,0,2,1,17,31,150,-0.0008803124999998,1.33,0.5319999999999254,0.0993
c6288,_2285_,NAND2,0,0,2,2,2,32,168,0.0,1.33,0.5319999999999254,0.0992
c6288,_2286_,INV,0,0,1,1,3,31,150,0.0,0.798,0.265999999999849,0.0992
c6288,_2287_,XNOR2,0,1,2,2,17,31,167,-0.0001246875,2.66,1.0639999999998508,0.0993
c6288,_2288_,OAI21,0,0,3,2,18,30,149,-0.0005346874999998,1.862,0.7980000000000018,0.0993
c6288,_2289_,XNOR2,0,1,2,2,18,30,149,-0.0001396874999999,2.66,1.0639999999998508,0.0993
c6288,_2290_,NAND2,0,0,2,1,19,29,130,-0.0003828124999998,1.33,0.5319999999999254,0.0993
c6288,_2291_,NAND2,0,0,2,2,2,30,148,0.0,1.33,0.5319999999999254,0.0992
c6288,_2292_,INV,0,0,1,1,3,29,130,0.0,0.798,0.265999999999849,0.0992
c6288,_2293_,XNOR2,0,1,2,2,19,29,147,1.249999999952678e-06,2.66,1.0639999999998508,0.0993
c6288,_2294_,OAI21,0,0,3,2,20,28,129,-0.000193125,1.862,0.7980000000000018,0.0993
c6288,_2295_,XNOR2,0,1,2,2,20,28,129,-9.37499999853486e-07,2.66,1.0639999999998508,0.0994
c6288,_2296_,NAND2,0,0,2,1,21,27,109,-0.0004587499999999,1.33,0.5319999999999254,0.0993
c6288,_2297_,NAND2,0,0,2,2,2,28,128,0.0,1.33,0.5319999999999254,0.0992
c6288,_2298_,INV,0,0,1,1,3,27,109,0.0,0.798,0.265999999999849,0.0992
c6288,_2299_,XNOR2,0,1,2,2,21,27,127,-7.249999999991985e-05,2.66,1.0639999999998508,0.0994
c6288,_2300_,OAI21,0,0,3,2,22,26,108,-0.0002215624999999,1.862,0.7980000000000018,0.0994
c6288,_2301_,XNOR2,0,2,2,2,22,26,108,8.750000000001812e-05,2.66,1.0639999999998508,0.0994
c6288,_2302_,NAND2,0,0,2,1,23,25,86,-0.0003924999999997,1.33,0.5319999999999254,0.0994
c6288,_2303_,NAND2,0,0,2,2,2,26,107,0.0,1.33,0.5319999999999254,0.0992
c6288,_2304_,INV,0,0,1,1,3,25,86,0.0,0.798,0.265999999999849,0.0992
c6288,_2305_,XNOR2,0,2,2,2,23,25,106,7.875000000012733e-05,2.66,1.0639999999998508,0.0998
c6288,_2306_,OAI21,0,0,3,2,24,24,85,-0.00038625,1.862,0.7980000000000018,0.0992
c6288,_2307_,XNOR2,0,0,2,2,24,24,85,0.0,2.66,1.0639999999998508,0.0992
c6288,_2308_,NAND2,0,0,2,1,25,23,67,0.0,1.33,0.5319999999999254,0.0993
c6288,_2309_,NAND2,0,0,2,2,2,24,84,0.0,1.33,0.5319999999999254,0.0992
c6288,_2310_,INV,0,0,1,1,3,23,67,0.0,0.798,0.265999999999849,0.0992
c6288,_2311_,XNOR2,0,0,2,2,25,23,83,0.0,2.66,1.0639999999998508,0.0997
c6288,_2312_,OAI21,0,0,3,2,26,22,66,0.0,1.862,0.7980000000000018,0.0993
c6288,_2313_,XNOR2,1,15,2,2,26,22,67,-0.002115625,2.66,1.0639999999998508,0.0992
c6288,_2314_,XOR2,1,15,2,2,27,21,64,0.0010734375000001,2.394,0.7980000000000018,0.0999
c6288,_2315_,OR2,0,0,2,2,28,20,48,-0.0021646875,1.33,0.2660000000000764,0.0992
c6288,_2316_,INV,0,0,1,1,27,21,49,-0.0025734374999999,0.798,0.265999999999849,0.0993
c6288,_2317_,NAND2,0,0,2,2,28,20,48,0.0,1.33,0.5319999999999254,0.0994
c6288,_2318_,AOI21,0,0,3,1,30,17,34,0.0,1.862,0.7980000000000018,0.0995
c6288,_2319_,NAND2,0,0,2,1,29,19,46,0.0,1.33,0.5319999999999254,0.0994
c6288,_2320_,XOR2,0,0,2,2,30,18,45,0.0,2.394,0.7980000000000018,0.0997
c6288,_2321_,AOI21,0,0,3,1,31,17,34,0.0,1.862,0.7980000000000018,0.0992
c6288,_2322_,NOR2,0,0,2,2,32,16,33,0.0,1.33,0.5319999999999254,0.0995
c6288,_2323_,XNOR2,0,0,2,2,32,16,33,0.0,2.66,1.0639999999998508,0.0992
c6288,_2324_,NOR2,0,0,2,1,33,14,25,0.0,1.33,0.5319999999999254,0.0992
c6288,_2325_,XNOR2,0,0,2,2,33,15,31,0.0,2.66,1.0639999999998508,0.0997
c6288,_2326_,AOI21,0,0,3,1,34,14,25,-1.5625000000518696e-06,1.862,0.7980000000000018,0.0992
c6288,_2327_,OR2,0,0,2,2,35,13,24,0.0,1.33,0.2660000000000764,0.0995
c6288,_2328_,NAND2,0,0,2,1,2,14,25,0.0,1.33,0.5319999999999254,0.0992
c6288,_2329_,XNOR2,0,0,2,2,35,13,24,0.0,2.66,1.0639999999998508,0.0992
c6288,_2330_,AND2,0,0,2,1,36,12,21,0.0,1.33,0.265999999999849,0.0994
c6288,_2331_,NAND2,0,0,2,1,2,15,27,0.0,1.33,0.5319999999999254,0.0992
c6288,_2332_,XNOR2,0,0,2,2,34,14,26,0.0,2.66,1.0639999999998508,0.0992
c6288,_2333_,XNOR2,0,1,2,2,10,38,195,3.312500000007823e-05,2.66,1.0639999999998508,0.0993
c6288,_2334_,NAND2,0,0,2,2,3,45,265,-0.000138125,1.33,0.5319999999999254,0.0992
c6288,_2335_,NAND2,0,0,2,2,3,45,265,-0.0018624999999998,1.33,0.5319999999999254,0.0992
c6288,_2336_,OR2,0,0,2,2,4,44,249,0.0,1.33,0.265999999999849,0.0992
c6288,_2337_,XNOR2,0,0,2,2,4,44,249,-0.0004321874999999,2.66,1.0639999999998508,0.0992
c6288,_2338_,AND2,0,0,2,1,5,43,232,-4.124999999977064e-05,1.33,0.265999999999849,0.0992
c6288,_2339_,NAND2,0,0,2,2,2,43,247,0.0,1.33,0.5319999999999254,0.0992
c6288,_2340_,XOR2,0,0,2,2,5,43,247,-4.4374999999874376e-05,2.394,0.7980000000000018,0.0992
c6288,_2341_,AOI21,0,0,3,2,6,42,231,-0.0001265624999997,1.862,0.7980000000000018,0.0992
c6288,_2342_,XNOR2,0,1,2,2,6,42,231,-0.0002299999999999,2.66,1.0639999999998508,0.0992
c6288,_2343_,NOR2,0,0,2,1,7,41,214,-0.0004153124999999,1.33,0.5319999999999254,0.0992
c6288,_2344_,NAND2,0,0,2,2,2,41,229,0.0,1.33,0.5319999999999254,0.0992
c6288,_2345_,XOR2,0,1,2,2,7,41,229,-0.0001440624999999,2.394,0.7980000000000018,0.0992
c6288,_2346_,AOI21,0,0,3,3,8,40,213,-0.00032625,1.862,0.7980000000000018,0.0992
c6288,_2347_,XNOR2,0,1,2,3,8,40,213,-0.0001206249999998,2.66,1.0639999999998508,0.0992
c6288,_2348_,XNOR2,0,1,2,2,9,39,207,-0.0001253124999998,2.66,1.0639999999998508,0.0993
c6288,_2349_,AOI21,0,0,3,1,10,38,181,-0.0001662499999999,1.862,0.7980000000000018,0.0992
c6288,_2350_,NOR2,0,0,2,2,9,39,196,-0.0003156249999998,1.33,0.5319999999999254,0.0992
c6288,_2351_,OAI21,0,0,3,1,11,37,180,-0.0001662499999999,1.862,0.7980000000000018,0.0993
c6288,_2352_,NAND2,0,0,2,2,2,38,194,0.0,1.33,0.5319999999999254,0.0992
c6288,_2353_,INV,0,0,1,1,3,37,180,0.0,0.798,0.2660000000000764,0.0992
c6288,_2354_,NAND2,0,0,2,2,3,39,208,0.0,1.33,0.5319999999999254,0.0992
c6288,_2355_,NAND2,0,0,2,1,9,39,195,-0.0003321874999999,1.33,0.5319999999999254,0.0992
c6288,_2356_,AOI21,0,0,3,1,10,38,194,0.0,1.862,0.7980000000000018,0.0992
c6288,_2357_,XOR2,0,1,2,2,11,37,193,0.0001328124999999,2.394,0.7980000000000018,0.0993
c6288,_2358_,OAI21,0,0,3,2,12,36,179,-0.0003368749999999,1.862,0.7980000000000018,0.0993
c6288,_2359_,XNOR2,0,1,2,2,12,36,179,-0.0007449999999999,2.66,1.0639999999998508,0.0993
c6288,_2360_,NAND2,0,0,2,1,13,35,164,-0.0002453124999999,1.33,0.5319999999999254,0.0993
c6288,_2361_,NAND2,0,0,2,2,2,36,178,0.0,1.33,0.5319999999999254,0.0992
c6288,_2362_,INV,0,0,1,1,3,35,164,-3.124999998771472e-07,0.798,0.2660000000000764,0.0992
c6288,_2363_,XNOR2,0,1,2,2,13,35,177,3.8750000000087326e-05,2.66,1.0639999999998508,0.0993
c6288,_2364_,OAI21,0,0,3,2,14,34,163,-0.0002378124999999,1.862,0.7980000000000018,0.0993
c6288,_2365_,XNOR2,0,1,2,2,14,34,163,-0.0011462499999999,2.66,1.0639999999998508,0.0993
c6288,_2366_,NAND2,0,0,2,1,15,33,148,-0.0009565624999998,1.33,0.5319999999999254,0.0993
c6288,_2367_,BUF,0,0,1,10,1,35,177,0.0,1.064,0.2660000000000764,0.0992
c6288,_2368_,NAND2,0,0,2,2,2,34,162,0.0,1.33,0.5319999999999254,0.0992
c6288,_2369_,INV,0,0,1,1,3,33,148,-6.249999999763389e-07,0.798,0.2660000000000764,0.0992
c6288,_2370_,XNOR2,0,1,2,2,15,33,161,-5.031249999998266e-05,2.66,1.0639999999998508,0.0993
c6288,_2371_,OAI21,0,0,3,2,16,32,147,-0.0008484374999997,1.862,0.7980000000000018,0.0993
c6288,_2372_,XNOR2,0,1,2,2,16,32,147,-0.0006149999999998,2.66,1.0639999999998508,0.0993
c6288,_2373_,NAND2,0,0,2,1,17,31,132,-0.0007853124999999,1.33,0.5319999999999254,0.0993
c6288,_2374_,NAND2,0,0,2,2,2,32,146,0.0,1.33,0.5319999999999254,0.0992
c6288,_2375_,INV,0,0,1,1,3,31,132,0.0,0.798,0.2660000000000764,0.0992
c6288,_2376_,XNOR2,0,1,2,2,17,31,145,-7.249999999991985e-05,2.66,1.0639999999998508,0.0993
c6288,_2377_,OAI21,0,0,3,2,18,30,131,-0.0003409374999998,1.862,0.7980000000000018,0.0993
c6288,_2378_,XNOR2,0,1,2,2,18,30,131,-0.0006434374999999,2.66,1.0639999999998508,0.0993
c6288,_2379_,NAND2,0,0,2,1,19,29,116,-0.0008803124999998,1.33,0.5319999999999254,0.0993
c6288,_2380_,NAND2,0,0,2,2,2,30,130,0.0,1.33,0.5319999999999254,0.0992
c6288,_2381_,INV,0,0,1,1,3,29,116,0.0,0.798,0.2660000000000764,0.0992
c6288,_2382_,XNOR2,0,1,2,2,19,29,129,-0.0001246875,2.66,1.0639999999998508,0.0993
c6288,_2383_,OAI21,0,0,3,2,20,28,115,-0.0005346874999998,1.862,0.7980000000000018,0.0993
c6288,_2384_,XNOR2,0,1,2,2,20,28,115,-0.0001396874999999,2.66,1.0639999999998508,0.0994
c6288,_2385_,NAND2,0,0,2,1,21,27,100,-0.0003828124999998,1.33,0.5319999999999254,0.0993
c6288,_2386_,NAND2,0,0,2,2,2,28,114,0.0,1.33,0.5319999999999254,0.0992
c6288,_2387_,INV,0,0,1,1,3,27,100,0.0,0.798,0.2660000000000764,0.0992
c6288,_2388_,XNOR2,0,1,2,2,21,27,113,1.249999999952678e-06,2.66,1.0639999999998508,0.0994
c6288,_2389_,OAI21,0,0,3,2,22,26,99,-0.000193125,1.862,0.7980000000000018,0.0994
c6288,_2390_,XNOR2,0,1,2,2,22,26,99,-9.37499999853486e-07,2.66,1.0639999999998508,0.0994
c6288,_2391_,NAND2,0,0,2,1,23,25,83,-0.0004587499999999,1.33,0.5319999999999254,0.0994
c6288,_2392_,NAND2,0,0,2,2,2,26,98,0.0,1.33,0.5319999999999254,0.0992
c6288,_2393_,INV,0,0,1,1,3,25,83,0.0,0.798,0.2660000000000764,0.0992
c6288,_2394_,XNOR2,0,1,2,2,23,25,97,-7.249999999991985e-05,2.66,1.0639999999998508,0.0998
c6288,_2395_,OAI21,0,0,3,2,24,24,82,-0.0002218749999998,1.862,0.7980000000000018,0.0992
c6288,_2396_,XNOR2,0,2,2,2,24,24,82,8.750000000001812e-05,2.66,1.0639999999998508,0.0992
c6288,_2397_,NAND2,0,0,2,1,25,23,64,-0.0003924999999997,1.33,0.5319999999999254,0.0994
c6288,_2398_,NAND2,0,0,2,2,2,24,81,0.0,1.33,0.5319999999999254,0.0992
c6288,_2399_,INV,0,0,1,1,3,23,64,0.0,0.798,0.2660000000000764,0.0992
c6288,_2400_,XNOR2,0,2,2,2,25,23,80,7.875000000012733e-05,2.66,1.0639999999998508,0.0997
c6288,_2401_,OAI21,0,0,3,2,26,22,63,-0.00038625,1.862,0.7980000000000018,0.0993
c6288,_2402_,XNOR2,0,0,2,2,26,22,63,0.0,2.66,1.0639999999998508,0.0992
c6288,_2403_,NAND2,0,0,2,1,27,21,49,0.0,1.33,0.5319999999999254,0.0993
c6288,_2404_,NAND2,0,0,2,2,2,22,62,0.0,1.33,0.5319999999999254,0.0992
c6288,_2405_,INV,0,0,1,1,3,21,49,0.0,0.798,0.2660000000000764,0.0992
c6288,_2406_,XNOR2,0,0,2,2,27,21,61,0.0,2.66,1.0639999999998508,0.0996
c6288,_2407_,OAI21,0,0,3,2,28,20,48,0.0,1.862,0.7980000000000018,0.0993
c6288,_2408_,XNOR2,1,15,2,2,28,20,49,-0.0022371875,2.66,1.0639999999998508,0.0991
c6288,_2409_,INV,0,0,1,1,29,19,37,-0.0025656249999999,0.798,0.2660000000000764,0.0994
c6288,_2410_,NAND2,0,0,2,2,30,18,36,0.0,1.33,0.5319999999999254,0.0993
c6288,_2411_,AND2,0,0,2,2,2,19,46,0.0,1.33,0.265999999999849,0.0992
c6288,_2412_,XOR2,1,15,2,2,29,19,46,0.0007996875,2.394,0.7980000000000018,0.0997
c6288,_2413_,OR2,0,0,2,2,30,18,36,-0.0021712499999999,1.33,0.265999999999849,0.0993
c6288,_2414_,NAND2,0,0,2,1,31,17,34,0.0,1.33,0.5319999999999254,0.0995
c6288,_2415_,NAND2,0,0,2,1,2,18,36,0.0,1.33,0.5319999999999254,0.0992
c6288,_2416_,XOR2,0,0,2,2,31,17,35,0.0,2.394,0.7980000000000018,0.0992
c6288,_2417_,XOR2,0,0,2,2,32,16,33,0.0,2.394,0.7980000000000018,0.0998
c6288,_2418_,AOI21,0,0,3,2,33,15,27,0.0,1.862,0.7980000000000018,0.0992
c6288,_2419_,AOI21,0,0,3,2,32,15,27,0.0,1.862,0.7980000000000018,0.0994
c6288,_2420_,OAI21,0,0,3,1,35,13,23,-1.8750000001510612e-06,1.862,0.7980000000000018,0.0994
c6288,_2421_,XNOR2,0,1,2,2,10,38,159,3.312500000007823e-05,2.66,1.0639999999998508,0.0993
c6288,_2422_,NAND2,0,0,2,3,3,45,212,-0.0001378125,1.33,0.5319999999999254,0.0992
c6288,_2423_,NAND2,0,2,2,3,3,45,212,-0.0013125,1.33,0.5319999999999254,0.0992
c6288,_2424_,OR2,0,2,2,3,4,44,203,0.0003834375,1.33,0.265999999999849,0.0992
c6288,_2425_,XNOR2,0,0,2,2,4,44,201,-0.0002062499999999,2.66,1.0639999999998508,0.0992
c6288,_2426_,AND2,0,0,2,1,5,43,188,-0.0001025000000001,1.33,0.265999999999849,0.0992
c6288,_2427_,NAND2,0,0,2,2,2,43,199,0.0,1.33,0.5319999999999254,0.0992
c6288,_2428_,XOR2,0,2,2,2,5,43,199,-7.312500000011823e-05,2.394,0.7980000000000018,0.0992
c6288,_2429_,AOI21,0,1,3,2,6,42,187,-0.0002278124999999,1.862,0.7980000000000018,0.0992
c6288,_2430_,XNOR2,0,0,2,2,6,42,187,-0.0001178125,2.66,1.0639999999998508,0.0992
c6288,_2431_,NOR2,0,0,2,1,7,41,174,-0.0003953124999998,1.33,0.5319999999999254,0.0992
c6288,_2432_,NAND2,0,0,2,2,2,41,185,0.0,1.33,0.5319999999999254,0.0992
c6288,_2433_,XOR2,0,1,2,2,7,41,185,-6.343749999992987e-05,2.394,0.7980000000000018,0.0992
c6288,_2434_,AOI21,0,0,3,3,8,40,173,-0.0003431250000001,1.862,0.7980000000000018,0.0992
c6288,_2435_,XNOR2,0,1,2,3,8,40,173,-0.0001203124999999,2.66,1.0639999999998508,0.0992
c6288,_2436_,XNOR2,0,1,2,2,9,39,167,-0.0001253124999998,2.66,1.0639999999998508,0.0993
c6288,_2437_,AOI21,0,0,3,1,10,38,149,-0.0001662499999999,1.862,0.7980000000000018,0.0992
c6288,_2438_,NOR2,0,0,2,2,9,39,160,-0.0003153124999999,1.33,0.5319999999999254,0.0992
c6288,_2439_,OAI21,0,0,3,1,11,37,148,-0.0001665625,1.862,0.7980000000000018,0.0993
c6288,_2440_,NAND2,0,0,2,2,2,38,158,0.0,1.33,0.5319999999999254,0.0992
c6288,_2441_,INV,0,0,1,1,3,37,148,-3.1250000009919177e-07,0.798,0.2660000000000764,0.0992
c6288,_2442_,NAND2,0,0,2,2,4,39,168,0.0,1.33,0.5319999999999254,0.0992
c6288,_2443_,NAND2,0,0,2,1,9,39,159,-0.000331875,1.33,0.5319999999999254,0.0992
c6288,_2444_,AOI21,0,0,3,1,10,38,158,0.0,1.862,0.7980000000000018,0.0992
c6288,_2445_,XOR2,0,1,2,2,11,37,157,0.0001328124999999,2.394,0.7980000000000018,0.0993
c6288,_2446_,OAI21,0,0,3,2,12,36,147,-0.0003368749999999,1.862,0.7980000000000018,0.0993
c6288,_2447_,XNOR2,0,1,2,2,12,36,147,-0.0001346874999998,2.66,1.0639999999998508,0.0993
c6288,_2448_,NAND2,0,0,2,1,13,35,136,-0.0001965624999999,1.33,0.5319999999999254,0.0993
c6288,_2449_,BUF,0,0,1,10,1,37,163,0.0,1.064,0.2660000000000764,0.0992
c6288,_2450_,NAND2,0,0,2,2,2,36,146,0.0,1.33,0.5319999999999254,0.0992
c6288,_2451_,INV,0,0,1,1,3,35,136,-3.124999998771472e-07,0.798,0.2660000000000764,0.0992
c6288,_2452_,XNOR2,0,1,2,2,13,35,145,3.8750000000087326e-05,2.66,1.0639999999998508,0.0993
c6288,_2453_,OAI21,0,0,3,2,14,34,135,-0.000193125,1.862,0.7980000000000018,0.0993
c6288,_2454_,XNOR2,0,1,2,2,14,34,135,-0.000186875,2.66,1.0639999999998508,0.0993
c6288,_2455_,NAND2,0,0,2,1,15,33,124,-0.0002440624999999,1.33,0.5319999999999254,0.0993
c6288,_2456_,NAND2,0,0,2,2,2,34,134,0.0,1.33,0.5319999999999254,0.0992
c6288,_2457_,INV,0,0,1,1,3,33,124,0.0,0.798,0.2660000000000764,0.0992
c6288,_2458_,XNOR2,0,1,2,2,15,33,133,3.937500000006367e-05,2.66,1.0639999999998508,0.0993
c6288,_2459_,OAI21,0,0,3,2,16,32,123,-0.0002378124999999,1.862,0.7980000000000018,0.0993
c6288,_2460_,XNOR2,0,1,2,2,16,32,123,-0.0011462499999999,2.66,1.0639999999998508,0.0993
c6288,_2461_,NAND2,0,0,2,1,17,31,112,-0.0009565624999998,1.33,0.5319999999999254,0.0993
c6288,_2462_,NAND2,0,0,2,2,2,32,122,0.0,1.33,0.5319999999999254,0.0992
c6288,_2463_,INV,0,0,1,1,3,31,112,-6.249999999763389e-07,0.798,0.2660000000000764,0.0992
c6288,_2464_,XNOR2,0,1,2,2,17,31,121,-5.031249999998266e-05,2.66,1.0639999999998508,0.0993
c6288,_2465_,OAI21,0,0,3,2,18,30,111,-0.0008374999999998,1.862,0.7980000000000018,0.0993
c6288,_2466_,XNOR2,0,1,2,2,18,30,111,-0.0006149999999998,2.66,1.0639999999998508,0.0993
c6288,_2467_,NAND2,0,0,2,1,19,29,100,-0.0007853124999999,1.33,0.5319999999999254,0.0993
c6288,_2468_,NAND2,0,0,2,2,2,30,110,0.0,1.33,0.5319999999999254,0.0992
c6288,_2469_,INV,0,0,1,1,3,29,100,0.0,0.798,0.2660000000000764,0.0992
c6288,_2470_,XNOR2,0,1,2,2,19,29,109,-7.249999999991985e-05,2.66,1.0639999999998508,0.0993
c6288,_2471_,OAI21,0,0,3,2,20,28,99,-0.0003409374999998,1.862,0.7980000000000018,0.0993
c6288,_2472_,XNOR2,0,1,2,2,20,28,99,-0.0006434374999999,2.66,1.0639999999998508,0.0994
c6288,_2473_,NAND2,0,0,2,1,21,27,88,-0.0008803124999998,1.33,0.5319999999999254,0.0993
c6288,_2474_,NAND2,0,0,2,2,2,28,98,0.0,1.33,0.5319999999999254,0.0992
c6288,_2475_,INV,0,0,1,1,3,27,88,0.0,0.798,0.2660000000000764,0.0992
c6288,_2476_,XNOR2,0,1,2,2,21,27,97,-0.0001246875,2.66,1.0639999999998508,0.0994
c6288,_2477_,OAI21,0,0,3,2,22,26,87,-0.0005056249999997,1.862,0.7980000000000018,0.0994
c6288,_2478_,XNOR2,0,1,2,2,22,26,87,-0.0001396874999999,2.66,1.0639999999998508,0.0994
c6288,_2479_,NAND2,0,0,2,1,23,25,76,-0.0003828124999998,1.33,0.5319999999999254,0.0994
c6288,_2480_,NAND2,0,0,2,2,2,26,86,0.0,1.33,0.5319999999999254,0.0992
c6288,_2481_,INV,0,0,1,1,3,25,76,0.0,0.798,0.2660000000000764,0.0992
c6288,_2482_,XNOR2,0,1,2,2,23,25,85,1.249999999952678e-06,2.66,1.0639999999998508,0.0998
c6288,_2483_,OAI21,0,0,3,2,24,24,75,-0.000193125,1.862,0.7980000000000018,0.0992
c6288,_2484_,XNOR2,0,1,2,2,24,24,75,-9.37499999853486e-07,2.66,1.0639999999998508,0.0992
c6288,_2485_,NAND2,0,0,2,1,25,23,63,-0.0004587499999999,1.33,0.5319999999999254,0.0994
c6288,_2486_,NAND2,0,0,2,2,2,24,74,0.0,1.33,0.5319999999999254,0.0992
c6288,_2487_,INV,0,0,1,1,3,23,63,0.0,0.798,0.2660000000000764,0.0992
c6288,_2488_,XNOR2,0,1,2,2,25,23,73,-7.249999999991985e-05,2.66,1.0639999999998508,0.0997
c6288,_2489_,OAI21,0,0,3,2,26,22,62,-0.0001928124999999,1.862,0.7980000000000018,0.0993
c6288,_2490_,XNOR2,0,2,2,2,26,22,62,8.750000000001812e-05,2.66,1.0639999999998508,0.0992
c6288,_2491_,NAND2,0,0,2,1,27,21,48,-0.0003921874999999,1.33,0.5319999999999254,0.0993
c6288,_2492_,AND2,0,0,2,2,2,21,60,0.0,1.33,0.265999999999849,0.0992
c6288,_2493_,XNOR2,0,2,2,2,27,21,60,5.8437499999897113e-05,2.66,1.0639999999998508,0.0996
c6288,_2494_,OAI21,0,0,3,2,28,20,47,-0.0003874999999999,1.862,0.7980000000000018,0.0994
c6288,_2495_,XNOR2,0,0,2,2,28,20,47,0.0,2.66,1.0639999999998508,0.0992
c6288,_2496_,NAND2,0,0,2,1,29,19,37,0.0,1.33,0.5319999999999254,0.0993
c6288,_2497_,NAND2,0,0,2,1,2,20,46,0.0,1.33,0.5319999999999254,0.0992
c6288,_2498_,INV,0,0,1,2,3,19,45,0.0,0.798,0.2660000000000764,0.0992
c6288,_2499_,XNOR2,0,0,2,2,29,19,45,0.0,2.66,1.0639999999998508,0.0996
c6288,_2500_,OAI21,0,0,3,2,30,18,36,0.0,1.862,0.7980000000000018,0.0994
c6288,_2501_,XOR2,1,15,2,2,30,18,36,-0.000374375,2.394,0.7980000000000018,0.0992
c6288,_2502_,NAND2,0,0,2,1,31,16,29,-0.0051187499999998,1.33,0.5319999999999254,0.0992
c6288,_2503_,AND2,0,0,2,2,2,17,34,0.0,1.33,0.265999999999849,0.0992
c6288,_2504_,XNOR2,1,15,2,2,31,17,34,-0.0022262499999998,2.66,1.0639999999998508,0.0996
c6288,_2505_,OAI21,0,0,3,2,32,15,28,-0.0029146875000001,1.862,0.7980000000000018,0.0994
c6288,_2506_,NAND2,0,0,2,1,2,16,29,0.0,1.33,0.5319999999999254,0.0992
c6288,_2507_,XNOR2,0,0,2,2,33,15,28,0.0,2.66,1.0639999999998508,0.0992
c6288,_2508_,AND2,0,0,2,1,34,14,25,0.0,1.33,0.265999999999849,0.0995
c6288,_2509_,XOR2,1,15,2,2,32,16,30,0.0014696874999999,2.394,0.7980000000000018,0.0994
c6288,_2510_,BUF,0,0,1,10,1,35,121,0.0,1.064,0.2660000000000764,0.0992
c6288,_2511_,NAND2,0,0,2,3,2,17,35,0.0,1.33,0.5319999999999254,0.0992
c6288,_2512_,XNOR2,0,1,2,2,10,38,121,3.312500000007823e-05,2.66,1.0639999999998508,0.0993
c6288,_2513_,AND4,0,1,4,4,3,45,155,-0.0006734374999999,1.862,0.2660000000000764,0.0992
c6288,_2514_,NAND2,0,0,2,1,4,44,143,-0.0003434374999997,1.33,0.5319999999999254,0.0992
c6288,_2515_,AOI21,0,0,3,1,5,43,142,-0.00046125,1.862,0.7980000000000018,0.0992
c6288,_2516_,NAND2,0,0,2,2,2,43,147,0.0,1.33,0.5319999999999254,0.0992
c6288,_2517_,XNOR2,0,0,2,1,4,44,148,-0.0004293749999999,2.66,1.0639999999998508,0.0992
c6288,_2518_,XNOR2,0,1,2,2,5,43,147,-4.999999999810711e-06,2.66,1.0639999999998508,0.0992
c6288,_2519_,AOI21,0,0,3,2,6,42,141,-0.0001715624999998,1.862,0.7980000000000018,0.0992
c6288,_2520_,XNOR2,0,1,2,2,6,42,141,-8.406250000003723e-05,2.66,1.0639999999998508,0.0992
c6288,_2521_,NOR2,0,0,2,1,7,41,132,-0.0003774999999999,1.33,0.5319999999999254,0.0992
c6288,_2522_,NAND2,0,0,2,2,2,41,139,0.0,1.33,0.5319999999999254,0.0992
c6288,_2523_,XOR2,0,1,2,2,7,41,139,-0.0001328124999999,2.394,0.7980000000000018,0.0992
c6288,_2524_,AOI21,0,0,3,3,8,40,131,-0.0002690624999999,1.862,0.7980000000000018,0.0992
c6288,_2525_,XNOR2,0,1,2,3,8,40,131,-0.0001365624999998,2.66,1.0639999999998508,0.0992
c6288,_2526_,XNOR2,0,1,2,2,9,39,125,-4.062499999957225e-06,2.66,1.0639999999998508,0.0993
c6288,_2527_,AOI21,0,0,3,1,10,38,115,-0.0001662499999999,1.862,0.7980000000000018,0.0992
c6288,_2528_,NOR2,0,0,2,2,9,39,122,-0.0002612499999998,1.33,0.5319999999999254,0.0992
c6288,_2529_,OAI21,0,0,3,1,11,37,114,-0.0001662499999999,1.862,0.7980000000000018,0.0993
c6288,_2530_,NAND2,0,0,2,2,2,38,120,0.0,1.33,0.5319999999999254,0.0992
c6288,_2531_,INV,0,0,1,1,3,37,114,0.0,0.798,0.2660000000000764,0.0992
c6288,_2532_,NAND2,0,0,2,2,4,39,126,0.0,1.33,0.5319999999999254,0.0992
c6288,_2533_,NAND2,0,0,2,1,9,39,121,-0.000238125,1.33,0.5319999999999254,0.0992
c6288,_2534_,AOI21,0,0,3,1,10,38,120,-3.1250000009919177e-07,1.862,0.7980000000000018,0.0992
c6288,_2535_,XOR2,0,1,2,2,11,37,119,0.0001328124999999,2.394,0.7980000000000018,0.0993
c6288,_2536_,OAI21,0,0,3,2,12,36,113,-0.0003365624999998,1.862,0.7980000000000018,0.0993
c6288,_2537_,XNOR2,0,1,2,2,12,36,113,-0.0001349999999999,2.66,1.0639999999998508,0.0993
c6288,_2538_,NAND2,0,0,2,1,13,35,106,-0.0001968749999998,1.33,0.5319999999999254,0.0993
c6288,_2539_,NAND2,0,0,2,2,2,36,112,0.0,1.33,0.5319999999999254,0.0992
c6288,_2540_,INV,0,0,1,1,3,35,106,-3.1250000009919177e-07,0.798,0.2660000000000764,0.0992
c6288,_2541_,XNOR2,0,1,2,2,13,35,111,3.843750000021018e-05,2.66,1.0639999999998508,0.0993
c6288,_2542_,OAI21,0,0,3,2,14,34,105,-0.000193125,1.862,0.7980000000000018,0.0993
c6288,_2543_,XNOR2,0,1,2,2,14,34,105,4.343750000002089e-05,2.66,1.0639999999998508,0.0993
c6288,_2544_,NAND2,0,0,2,1,15,33,98,-0.0001962499999998,1.33,0.5319999999999254,0.0993
c6288,_2545_,NAND2,0,0,2,2,2,34,104,0.0,1.33,0.5319999999999254,0.0992
c6288,_2546_,INV,0,0,1,1,3,33,98,0.0,0.798,0.2660000000000764,0.0992
c6288,_2547_,XNOR2,0,1,2,2,15,33,103,3.937500000006367e-05,2.66,1.0639999999998508,0.0993
c6288,_2548_,OAI21,0,0,3,2,16,32,97,-0.000193125,1.862,0.7980000000000018,0.0993
c6288,_2549_,XNOR2,0,1,2,2,16,32,97,-0.000186875,2.66,1.0639999999998508,0.0993
c6288,_2550_,NAND2,0,0,2,1,17,31,90,-0.0002440624999999,1.33,0.5319999999999254,0.0993
c6288,_2551_,NAND2,0,0,2,2,2,32,96,0.0,1.33,0.5319999999999254,0.0992
c6288,_2552_,INV,0,0,1,1,3,31,90,0.0,0.798,0.2660000000000764,0.0992
c6288,_2553_,XNOR2,0,1,2,2,17,31,95,3.937500000006367e-05,2.66,1.0639999999998508,0.0993
c6288,_2554_,OAI21,0,0,3,2,18,30,89,-0.0002378124999999,1.862,0.7980000000000018,0.0993
c6288,_2555_,XNOR2,0,1,2,2,18,30,89,-0.0011462499999999,2.66,1.0639999999998508,0.0993
c6288,_2556_,NAND2,0,0,2,1,19,29,82,-0.0009424999999998,1.33,0.5319999999999254,0.0993
c6288,_2557_,NAND2,0,0,2,2,2,30,88,0.0,1.33,0.5319999999999254,0.0992
c6288,_2558_,INV,0,0,1,1,3,29,82,0.0,0.798,0.2660000000000764,0.0992
c6288,_2559_,XNOR2,0,1,2,2,19,29,87,-5.031249999998266e-05,2.66,1.0639999999998508,0.0993
c6288,_2560_,OAI21,0,0,3,2,20,28,81,-0.000836875,1.862,0.7980000000000018,0.0993
c6288,_2561_,XNOR2,0,1,2,2,20,28,81,-0.0006149999999998,2.66,1.0639999999998508,0.0994
c6288,_2562_,NAND2,0,0,2,1,21,27,74,-0.0007853124999999,1.33,0.5319999999999254,0.0993
c6288,_2563_,NAND2,0,0,2,2,2,28,80,0.0,1.33,0.5319999999999254,0.0992
c6288,_2564_,INV,0,0,1,1,3,27,74,0.0,0.798,0.2660000000000764,0.0992
c6288,_2565_,XNOR2,0,1,2,2,21,27,79,-7.249999999991985e-05,2.66,1.0639999999998508,0.0994
c6288,_2566_,OAI21,0,0,3,2,22,26,73,-0.0003406249999997,1.862,0.7980000000000018,0.0994
c6288,_2567_,XNOR2,0,1,2,2,22,26,73,-0.0006434374999999,2.66,1.0639999999998508,0.0994
c6288,_2568_,NAND2,0,0,2,1,23,25,66,-0.0007506249999997,1.33,0.5319999999999254,0.0994
c6288,_2569_,NAND2,0,0,2,2,2,26,72,0.0,1.33,0.5319999999999254,0.0992
c6288,_2570_,INV,0,0,1,1,3,25,66,0.0,0.798,0.2660000000000764,0.0992
c6288,_2571_,XNOR2,0,1,2,2,23,25,71,-0.0001240624999998,2.66,1.0639999999998508,0.0998
c6288,_2572_,OAI21,0,0,3,2,24,24,65,-0.0005053124999998,1.862,0.7980000000000018,0.0992
c6288,_2573_,XNOR2,0,1,2,2,24,24,65,-0.00014,2.66,1.0639999999998508,0.0992
c6288,_2574_,NAND2,0,0,2,1,25,23,58,-0.0003828124999998,1.33,0.5319999999999254,0.0994
c6288,_2575_,NAND2,0,0,2,2,2,24,64,0.0,1.33,0.5319999999999254,0.0992
c6288,_2576_,INV,0,0,1,1,3,23,58,0.0,0.798,0.2660000000000764,0.0992
c6288,_2577_,XNOR2,0,1,2,2,25,23,63,1.249999999952678e-06,2.66,1.0639999999998508,0.0997
c6288,_2578_,OAI21,0,0,3,2,26,22,57,-0.000193125,1.862,0.7980000000000018,0.0993
c6288,_2579_,XNOR2,0,1,2,2,26,22,57,-0.0001990625000001,2.66,1.0639999999998508,0.0992
c6288,_2580_,NAND2,0,0,2,1,27,21,49,-0.0002928124999999,1.33,0.5319999999999254,0.0993
c6288,_2581_,NAND2,0,0,2,2,2,22,56,0.0,1.33,0.5319999999999254,0.0992
c6288,_2582_,INV,0,0,1,1,3,21,49,0.0,0.798,0.2660000000000764,0.0992
c6288,_2583_,XNOR2,0,1,2,2,27,21,55,-7.249999999991985e-05,2.66,1.0639999999998508,0.0996
c6288,_2584_,OAI21,0,0,3,2,28,20,48,-0.0001928124999999,1.862,0.7980000000000018,0.0993
c6288,_2585_,XOR2,0,2,2,2,28,20,48,0.0002678125000001,2.394,0.7980000000000018,0.0994
c6288,_2586_,NAND2,0,0,2,2,29,19,38,-0.0006834374999997,1.33,0.5319999999999254,0.0992
c6288,_2587_,AND2,0,0,2,3,2,19,46,0.0,1.33,0.2660000000000764,0.0992
c6288,_2588_,XNOR2,0,2,2,3,29,19,46,-0.0001753125000001,2.66,1.0639999999998508,0.0997
c6288,_2589_,OAI21,0,0,3,1,30,18,36,-0.0004028124999999,1.862,0.7980000000000018,0.0993
c6288,_2590_,XNOR2,0,0,2,2,30,18,37,-8.12499999991445e-06,2.66,1.0639999999998508,0.0993
c6288,_2591_,XNOR2,0,0,2,3,31,17,35,0.0,2.66,1.0639999999998508,0.0998
c6288,_2592_,AND2,0,0,2,1,32,16,28,0.0,1.33,0.2660000000000764,0.0993
c6288,_2593_,OR2,0,0,2,1,30,18,32,-0.0001690624999999,1.33,0.2660000000000764,0.0993
c6288,_2594_,AOI21,0,0,3,2,31,17,31,0.0,1.862,0.7980000000000018,0.0995
c6288,_2595_,OAI21,0,0,3,1,33,15,27,-0.0043559374999999,1.862,0.7980000000000018,0.0993
c6288,_2596_,XOR2,0,0,2,2,32,16,30,0.0,2.394,0.7980000000000018,0.0993
c6288,_2597_,XNOR2,0,2,2,2,30,18,36,-9.37499999853486e-07,2.66,1.0639999999998508,0.0993
c6288,_2598_,AND2,0,0,2,3,2,19,39,-5.937499999886242e-06,1.33,0.2660000000000764,0.0992
c6288,_2599_,XNOR2,0,1,2,2,10,38,77,3.312500000007823e-05,2.66,1.0639999999998508,0.0993
c6288,_2600_,NAND4,0,1,4,2,3,45,93,-0.0024228124999998,2.394,1.0639999999998508,0.0992
c6288,_2601_,AOI22,0,0,4,2,3,45,93,-0.0020421874999998,2.394,1.0639999999998508,0.0992
c6288,_2602_,OAI21,0,0,3,2,4,44,91,-0.0004128125,1.862,0.7980000000000018,0.0992
c6288,_2603_,INV,0,0,1,1,5,43,88,0.0,0.798,0.2660000000000764,0.0992
c6288,_2604_,NAND2,0,0,2,2,2,43,89,0.0,1.33,0.5319999999999254,0.0992
c6288,_2605_,OR3,0,1,3,2,4,43,90,0.000109375,1.596,0.2660000000000764,0.0992
c6288,_2606_,AOI21,0,0,3,2,6,42,87,-0.0001574999999998,1.862,0.7980000000000018,0.0992
c6288,_2607_,XNOR2,0,1,2,2,6,42,87,3.562500000020563e-05,2.66,1.0639999999998508,0.0992
c6288,_2608_,NOR2,0,0,2,1,7,41,84,-0.0001868749999998,1.33,0.5319999999999254,0.0992
c6288,_2609_,NAND2,0,0,2,2,2,41,85,0.0,1.33,0.5319999999999254,0.0992
c6288,_2610_,XOR2,0,1,2,2,7,41,85,0.0001409375000001,2.394,0.7980000000000018,0.0992
c6288,_2611_,AOI21,0,0,3,3,8,40,83,-0.0003424999999999,1.862,0.7980000000000018,0.0992
c6288,_2612_,XNOR2,0,1,2,3,8,40,83,-8.281250000008455e-05,2.66,1.0639999999998508,0.0992
c6288,_2613_,XNOR2,0,1,2,2,9,39,77,-7.749999999973056e-05,2.66,1.0639999999998508,0.0993
c6288,_2614_,AOI21,0,0,3,1,10,38,75,-0.0001193749999996,1.862,0.7980000000000018,0.0992
c6288,_2615_,NOR2,0,0,2,2,9,39,78,-0.0002575,1.33,0.5319999999999254,0.0992
c6288,_2616_,OAI21,0,0,3,1,11,37,74,-0.0001662499999999,1.862,0.7980000000000018,0.0993
c6288,_2617_,AND2,0,0,2,2,2,37,75,0.0,1.33,0.2660000000000764,0.0992
c6288,_2618_,NAND2,0,0,2,2,4,39,78,0.0,1.33,0.5319999999999254,0.0992
c6288,_2619_,NAND2,0,0,2,1,9,39,77,-0.0002740624999999,1.33,0.5319999999999254,0.0992
c6288,_2620_,AOI21,0,0,3,1,10,38,76,0.0,1.862,0.7980000000000018,0.0992
c6288,_2621_,XOR2,0,1,2,2,11,37,75,0.0001312499999999,2.394,0.7980000000000018,0.0993
c6288,_2622_,OAI21,0,0,3,2,12,36,73,-0.0003349999999997,1.862,0.7980000000000018,0.0993
c6288,_2623_,XNOR2,0,1,2,2,12,36,73,-0.0001349999999997,2.66,1.0639999999998508,0.0993
c6288,_2624_,NAND2,0,0,2,1,13,35,70,-0.0001962499999998,1.33,0.5319999999999254,0.0993
c6288,_2625_,AND2,0,0,2,2,2,35,71,0.0,1.33,0.2660000000000764,0.0992
c6288,_2626_,XNOR2,0,1,2,2,13,35,71,3.687500000015831e-05,2.66,1.0639999999998508,0.0993
c6288,_2627_,OAI21,0,0,3,2,14,34,69,-0.0001906250000001,1.862,0.7980000000000018,0.0993
c6288,_2628_,XNOR2,0,1,2,2,14,34,69,4.343750000002089e-05,2.66,1.0639999999998508,0.0993
c6288,_2629_,NAND2,0,0,2,1,15,33,66,-0.0001959375,1.33,0.5319999999999254,0.0993
c6288,_2630_,AND2,0,0,2,2,2,33,67,0.0,1.33,0.2660000000000764,0.0992
c6288,_2631_,XNOR2,0,1,2,2,15,33,67,3.74999999999126e-05,2.66,1.0639999999998508,0.0993
c6288,_2632_,OAI21,0,0,3,2,16,32,65,-0.0001909374999999,1.862,0.7980000000000018,0.0993
c6288,_2633_,XNOR2,0,1,2,2,16,32,65,4.343750000002089e-05,2.66,1.0639999999998508,0.0993
c6288,_2634_,NAND2,0,0,2,1,17,31,62,-0.0001959375,1.33,0.5319999999999254,0.0993
c6288,_2635_,AND2,0,0,2,2,2,31,63,0.0,1.33,0.2660000000000764,0.0992
c6288,_2636_,XNOR2,0,1,2,2,17,31,63,3.750000000013465e-05,2.66,1.0639999999998508,0.0993
c6288,_2637_,OAI21,0,0,3,2,18,30,61,-0.0001909374999999,1.862,0.7980000000000018,0.0993
c6288,_2638_,XNOR2,0,1,2,2,18,30,61,-0.000186875,2.66,1.0639999999998508,0.0993
c6288,_2639_,NAND2,0,0,2,1,19,29,58,-0.0002440624999999,1.33,0.5319999999999254,0.0993
c6288,_2640_,AND2,0,0,2,2,2,29,59,-5.937499999886242e-06,1.33,0.2660000000000764,0.0992
c6288,_2641_,XNOR2,0,1,2,2,19,29,59,3.78125000000118e-05,2.66,1.0639999999998508,0.0993
c6288,_2642_,OAI21,0,0,3,2,20,28,57,-0.0001906249999998,1.862,0.7980000000000018,0.0993
c6288,_2643_,XNOR2,0,1,2,2,20,28,57,-0.0009834374999999,2.66,1.0639999999998508,0.0994
c6288,_2644_,NAND2,0,0,2,1,21,27,54,-0.0009415624999999,1.33,0.5319999999999254,0.0993
c6288,_2645_,AND2,0,0,2,2,2,27,55,-5.937499999886242e-06,1.33,0.2660000000000764,0.0992
c6288,_2646_,XNOR2,0,1,2,2,21,27,55,-5.218749999991168e-05,2.66,1.0639999999998508,0.0994
c6288,_2647_,OAI21,0,0,3,2,22,26,53,-0.0002021875,1.862,0.7980000000000018,0.0994
c6288,_2648_,XNOR2,0,1,2,2,22,26,53,-0.0006149999999998,2.66,1.0639999999998508,0.0994
c6288,_2649_,NAND2,0,0,2,1,23,25,50,-0.0007846874999999,1.33,0.5319999999999254,0.0994
c6288,_2650_,AND2,0,0,2,2,2,25,51,-5.937499999886242e-06,1.33,0.2660000000000764,0.0992
c6288,_2651_,XNOR2,0,1,2,2,23,25,51,-7.406249999997172e-05,2.66,1.0639999999998508,0.0999
c6288,_2652_,OAI21,0,0,3,2,24,24,49,-0.0002140625,1.862,0.7980000000000018,0.0993
c6288,_2653_,XNOR2,0,1,2,2,24,24,49,-0.0004443749999998,2.66,1.0639999999998508,0.0992
c6288,_2654_,NAND2,0,0,2,1,25,23,46,-0.0007156249999997,1.33,0.5319999999999254,0.0994
c6288,_2655_,AND2,0,0,2,2,2,23,47,-5.937499999886242e-06,1.33,0.2660000000000764,0.0992
c6288,_2656_,XNOR2,0,1,2,2,25,23,47,-7.218749999982066e-05,2.66,1.0639999999998508,0.0998
c6288,_2657_,OAI21,0,0,3,2,26,22,45,-0.000214375,1.862,0.7980000000000018,0.0994
c6288,_2658_,XNOR2,0,1,2,2,26,22,45,-0.0001299999999999,2.66,1.0639999999998508,0.0992
c6288,_2659_,NAND2,0,0,2,1,27,21,42,-0.0003821874999998,1.33,0.5319999999999254,0.0993
c6288,_2660_,AND2,0,0,2,2,2,21,43,-5.937499999886242e-06,1.33,0.2660000000000764,0.0992
c6288,_2661_,XNOR2,0,1,2,2,27,21,43,-6.249999997542943e-07,2.66,1.0639999999998508,0.0997
c6288,_2662_,OAI21,0,0,3,2,28,20,41,-0.0001909374999997,1.862,0.7980000000000018,0.0994
c6288,_2663_,XNOR2,0,1,2,2,28,20,41,0.0,2.66,1.0639999999998508,0.0992
c6288,_2664_,XNOR2,0,1,2,3,29,19,39,-2.3749999999989058e-05,2.66,1.0639999999998508,0.0997
c6288,_2665_,OR2,0,0,2,1,30,17,32,-8.156249999990983e-05,1.33,0.2660000000000764,0.0993
c6288,_2666_,NAND2,0,0,2,2,29,19,37,-0.0002921874999999,1.33,0.5319999999999254,0.0993
c6288,_2667_,AOI21,0,0,3,2,31,16,31,-0.0003353124999998,1.862,0.7980000000000018,0.0996
c6288,_2668_,OAI21,0,0,3,1,30,18,35,-0.0001878125000001,1.862,0.7980000000000018,0.0994
c6288,_2669_,XOR2,0,2,2,2,31,17,34,-0.0001853124999997,2.394,0.7980000000000018,0.0998
c6288,_2670_,AOI21,0,1,3,3,32,16,32,-0.0004628124999999,1.862,0.7980000000000018,0.0992
c6288,_2671_,NOR3,0,0,3,2,33,15,28,-0.0004078124999999,1.862,0.7980000000000018,0.0995
c6288,_2672_,AOI21,0,0,3,1,32,16,29,0.0,1.862,0.7980000000000018,0.0993
c6288,_2673_,XOR2,1,15,2,2,33,15,28,-0.0001478125,2.394,0.7980000000000018,0.0996
c6288,_2674_,OAI21,1,14,3,2,34,14,26,-0.0026615625000001,1.862,0.7980000000000018,0.0993
c6288,_2675_,XOR2,0,0,2,2,34,14,26,0.0,2.394,0.7980000000000018,0.0997
c6288,_2676_,AOI21,1,13,3,2,35,13,24,0.00213375,1.862,0.7980000000000018,0.0996
c6288,_2677_,NOR2,0,0,2,1,34,14,25,-9.375000000755308e-07,1.33,0.5319999999999254,0.0993
c6288,_2678_,XOR2,0,0,2,2,35,13,24,0.0002215625000001,2.394,0.7980000000000018,0.0996
c6288,_2679_,OAI21,1,12,3,2,36,12,22,-0.0013224999999998,1.862,0.7980000000000018,0.0994
c6288,_2680_,XOR2,0,0,2,2,36,12,22,0.0,2.394,0.7980000000000018,0.0997
c6288,_2681_,AOI21,1,11,3,2,37,11,20,0.0018846875,1.862,0.7980000000000018,0.0996
c6288,_2682_,NOR2,0,0,2,1,36,12,21,-9.375000000755308e-07,1.33,0.5319999999999254,0.0993
c6288,_2683_,XOR2,0,0,2,2,37,11,20,0.0001853125000002,2.394,0.7980000000000018,0.0995
c6288,_2684_,OAI21,1,10,3,2,38,10,18,-0.0011512500000001,1.862,0.7980000000000018,0.0994
c6288,_2685_,XOR2,0,0,2,2,38,10,18,0.0,2.394,0.7980000000000018,0.0996
c6288,_2686_,AOI21,1,9,3,2,39,9,16,0.0016121875000001,1.862,0.7980000000000018,0.0996
c6288,_2687_,NOR2,0,0,2,1,38,10,17,-9.375000000755308e-07,1.33,0.5319999999999254,0.0993
c6288,_2688_,XOR2,0,0,2,2,39,9,16,0.0001493749999998,2.394,0.7980000000000018,0.0996
c6288,_2689_,OAI21,1,8,3,2,40,8,14,-0.0009778125000001,1.862,0.7980000000000018,0.0994
c6288,_2690_,XOR2,0,0,2,2,39,8,14,0.0,2.394,0.7980000000000018,0.0997
c6288,_2691_,AOI21,1,7,3,2,41,7,12,0.0012909375,1.862,0.7980000000000018,0.0996
c6288,_2692_,NOR2,0,0,2,1,39,8,13,-6.249999999763389e-07,1.33,0.5319999999999254,0.0993
c6288,_2693_,XOR2,0,0,2,2,40,7,12,0.0001134375,2.394,0.7980000000000018,0.0996
c6288,_2694_,OAI21,1,6,3,2,42,6,10,-0.0008043749999999,1.862,0.7980000000000018,0.0994
c6288,_2695_,XOR2,0,0,2,2,41,6,10,0.0,2.394,0.7980000000000018,0.0997
c6288,_2696_,AOI21,1,5,3,2,43,5,8,0.0009721875000001,1.862,0.7980000000000018,0.0995
c6288,_2697_,OR3,0,0,3,1,40,6,9,0.0,1.596,0.2660000000000764,0.0993
c6288,_2698_,NAND2,0,0,2,2,41,5,8,0.0,1.33,0.5319999999999254,0.0993
c6288,_2699_,OAI21,1,4,3,2,44,4,6,-0.00062125,1.862,0.7980000000000018,0.0993
c6288,_2700_,NAND2,0,0,2,2,3,7,14,-9.37499999853486e-07,1.33,0.5319999999999254,0.0992
c6288,_2701_,NOR2,0,0,2,1,36,9,17,0.0,1.33,0.5319999999999254,0.0993
c6288,_2702_,AOI21,0,0,3,2,37,8,16,0.0,1.862,0.7980000000000018,0.0993
c6288,_2703_,NAND2,0,0,2,2,3,9,26,0.0,1.33,0.5319999999999254,0.0992
c6288,_2704_,NAND2,0,0,2,2,33,11,29,0.0,1.33,0.5319999999999254,0.0992
c6288,_2705_,NAND2,0,0,2,2,34,11,29,0.0,1.33,0.5319999999999254,0.0992
c6288,_2706_,AOI22,0,0,4,3,35,10,27,0.0,2.394,1.0639999999998508,0.0992
c6288,_2707_,AND4,0,0,4,1,35,10,27,0.0,1.862,0.2660000000000764,0.0992
c6288,_2708_,NOR2,0,0,2,2,36,9,26,0.0,1.33,0.5319999999999254,0.0992
c6288,_2709_,XNOR2,0,0,2,2,37,8,16,0.0,2.66,1.0639999999998508,0.0992
c6288,_2710_,XOR2,0,0,2,2,38,7,14,0.0,2.394,0.7980000000000018,0.0993
c6288,_2711_,XNOR2,0,0,2,2,39,6,9,0.0,2.66,1.0639999999998508,0.0993
c6288,_2712_,NAND2,0,0,2,2,39,6,9,0.0,1.33,0.5319999999999254,0.0993
c6288,_2713_,OR2,0,0,2,2,38,6,9,0.0,1.33,0.2660000000000764,0.0993
c6288,_2714_,AOI21,0,0,3,2,40,5,7,0.0,1.862,0.7980000000000018,0.0993
c6288,_2715_,AND3,0,0,3,1,40,5,7,0.0,1.596,0.2660000000000764,0.0993
c6288,_2716_,NOR2,0,0,2,2,41,4,6,0.0,1.33,0.5319999999999254,0.0993
c6288,_2717_,XNOR2,0,1,2,0,45,1,0,-0.0005903124999999,2.66,1.0639999999998508,0.0995
c6288,_2718_,AOI21,1,3,3,2,45,3,4,0.0004531249999999,1.862,0.7980000000000018,0.0994
c6288,_2719_,NAND2,0,0,2,2,3,6,12,-6.249999997542943e-07,1.33,0.5319999999999254,0.0992
c6288,_2720_,NAND2,0,0,2,2,3,8,15,0.0,1.33,0.5319999999999254,0.0992
c6288,_2721_,AND2,0,0,2,2,37,8,15,0.0,1.33,0.2660000000000764,0.0992
c6288,_2722_,OAI21,0,0,3,2,38,7,13,0.0,1.862,0.7980000000000018,0.0992
c6288,_2723_,OR3,0,0,3,1,38,7,13,0.0,1.596,0.2660000000000764,0.0992
c6288,_2724_,AND2,0,0,2,2,39,6,12,0.0,1.33,0.2660000000000764,0.0992
c6288,_2725_,XOR2,0,0,2,2,40,5,7,0.0,2.394,0.7980000000000018,0.0992
c6288,_2726_,AND2,0,0,2,2,39,5,7,0.0,1.33,0.2660000000000764,0.0993
c6288,_2727_,NOR2,0,0,2,2,38,5,7,0.0,1.33,0.5319999999999254,0.0993
c6288,_2728_,OAI21,0,0,3,2,41,4,5,0.0,1.862,0.7980000000000018,0.0993
c6288,_2729_,OR3,0,0,3,1,41,4,5,0.0,1.596,0.2660000000000764,0.0993
c6288,_2730_,NAND2,0,0,2,2,42,3,4,0.0,1.33,0.5319999999999254,0.0993
c6288,_2731_,XNOR2,0,1,2,0,46,1,0,-0.0010196874999999,2.66,1.0639999999998508,0.0994
c6288,_2732_,NAND2,0,0,2,1,40,4,5,0.0,1.33,0.5319999999999254,0.0992
c6288,_2733_,NAND2,0,0,2,2,41,3,4,0.0,1.33,0.5319999999999254,0.0992
c6288,_2734_,NAND2,0,0,2,2,3,3,4,-6.249999997542943e-07,1.33,0.5319999999999254,0.0992
c6288,_2735_,AND2,0,0,2,1,42,2,1,0.0,1.33,0.2660000000000764,0.0992
c6288,_2736_,OAI21,1,2,3,2,46,2,2,-0.0006896874999999,1.862,0.7980000000000018,0.0993
c6288,_2737_,XOR2,0,0,2,2,42,2,2,0.0,2.394,0.7980000000000018,0.0992
c6288,_2738_,AOI21,0,1,3,0,47,1,0,-0.0001712499999999,1.862,0.7980000000000018,0.0993
c6288,_2739_,XNOR2,1,1,2,0,47,1,0,-0.0002431249999998,2.66,1.0639999999998508,0.0993
c6288,_2740_,XNOR2,0,1,2,0,43,1,0,-0.0009428124999999,2.66,1.0639999999998508,0.0995
c6288,_2741_,XNOR2,0,1,2,0,41,1,0,-0.0012868749999999,2.66,1.0639999999998508,0.0995
c6288,_2742_,XNOR2,0,1,2,0,40,1,0,-0.0032646875000001,2.66,1.0639999999998508,0.0994
c6288,_2743_,XNOR2,0,1,2,0,42,1,0,-0.0025109374999998,2.66,1.0639999999998508,0.0994
c6288,_2744_,NAND2,0,0,2,1,3,2,1,-0.000138125,1.33,0.5319999999999254,0.0992
c6288,_2745_,NAND2,0,1,2,1,3,2,1,-0.0021362499999999,1.33,0.5319999999999254,0.0992
c6288,_2746_,XOR2,0,1,2,0,4,1,0,-0.0002206249999998,2.394,0.7980000000000018,0.0992
c6288,_2747_,NAND2,0,1,2,1,5,2,1,-4.906250000002999e-05,1.33,0.5319999999999254,0.0992
c6288,_2748_,XOR2,0,1,2,0,6,1,0,-0.0001449999999998,2.394,0.7980000000000018,0.0992
c6288,_2749_,XNOR2,0,1,2,0,8,1,0,-0.0003187499999999,2.66,1.0639999999998508,0.0992
c6288,_2750_,XOR2,0,1,2,0,10,1,0,-0.0001762499999999,2.394,0.7980000000000018,0.0993
c6288,_2751_,XNOR2,0,1,2,0,12,1,0,-0.0003209374999999,2.66,1.0639999999998508,0.0993
c6288,_2752_,XNOR2,0,1,2,0,14,1,0,-0.0001415625,2.66,1.0639999999998508,0.0993
c6288,_2753_,XNOR2,0,1,2,0,16,1,0,-0.0001415625,2.66,1.0639999999998508,0.0993
c6288,_2754_,XNOR2,0,1,2,0,18,1,0,-0.0001415624999998,2.66,1.0639999999998508,0.0993
c6288,_2755_,XNOR2,0,1,2,0,20,1,0,-0.0003718749999999,2.66,1.0639999999998508,0.0994
c6288,_2756_,XNOR2,0,1,2,0,22,1,0,-0.0011259374999998,2.66,1.0639999999998508,0.0994
c6288,_2757_,XNOR2,0,1,2,0,24,1,0,-0.0007996874999998,2.66,1.0639999999998508,0.0993
c6288,_2758_,XNOR2,0,1,2,0,26,1,0,-0.0006237499999999,2.66,1.0639999999998508,0.0993
c6288,_2759_,XNOR2,0,1,2,0,28,1,0,-0.0003143749999998,2.66,1.0639999999998508,0.0993
c6288,_2760_,XNOR2,0,1,2,0,30,1,0,-0.0001290625000001,2.66,1.0639999999998508,0.0993
c6288,_2761_,AND3,0,1,3,1,32,2,1,-0.0002837499999999,1.596,0.2660000000000764,0.0992
c6288,_2762_,OR2,0,1,2,0,33,1,0,-0.0001015624999998,1.33,0.2660000000000764,0.0994
c6288,_2763_,XNOR2,0,1,2,0,44,1,0,-0.001729375,2.66,1.0639999999998508,0.0994
c6288,_2764_,NOR2,0,1,2,1,33,2,1,-0.000396875,1.33,0.5319999999999254,0.0994
c6288,_2765_,XNOR2,0,1,2,0,34,1,0,-0.0003324999999998,2.66,1.0639999999998508,0.0994
c6288,_2766_,XNOR2,0,1,2,0,34,1,0,-0.007090625,2.66,1.0639999999998508,0.0993
c6288,_2767_,XNOR2,0,1,2,0,35,1,0,-0.0024953125,2.66,1.0639999999998508,0.0995
c6288,_2768_,XNOR2,0,1,2,0,36,1,0,-0.0047671875000001,2.66,1.0639999999998508,0.0994
c6288,_2769_,XNOR2,0,1,2,0,37,1,0,-0.0020715624999998,2.66,1.0639999999998508,0.0995
c6288,_2770_,XNOR2,0,1,2,0,38,1,0,-0.0040178124999998,2.66,1.0639999999998508,0.0994
c6288,_2771_,XNOR2,0,1,2,0,39,1,0,-0.0016574999999998,2.66,1.0639999999998508,0.0995
c7552,_0739_,XNOR2,0,0,2,1,6,10,11,0.0,2.66,1.0639999999999643,0.000963
c7552,_0740_,AOI211,0,0,4,1,8,9,10,0.0,2.394,1.0639999999999643,0.000963
c7552,_0741_,NAND4,0,0,4,1,11,8,9,0.0,2.394,1.0639999999999643,0.000963
c7552,_0742_,OAI21,0,0,3,1,6,10,11,0.0,1.862,0.7980000000000018,0.000963
c7552,_0743_,NOR2,0,0,2,1,7,9,10,0.0,1.33,0.5320000000000391,0.000963
c7552,_0744_,XNOR2,0,0,2,1,7,9,10,0.0,2.66,1.0639999999999643,0.000963
c7552,_0745_,INV,0,0,1,1,1,10,11,0.0,0.798,0.2659999999999627,0.000962
c7552,_0746_,NOR3,0,0,3,1,7,10,11,0.0,1.862,0.7980000000000018,0.000962
c7552,_0747_,AOI211,0,0,4,1,8,9,10,0.0,2.394,1.0639999999999643,0.000963
c7552,_0748_,NAND4,0,0,4,1,9,8,9,0.0,2.394,1.0639999999999643,0.000963
c7552,_0749_,NOR3,0,2,3,2,12,7,8,0.0001160377358491,1.862,0.7980000000000018,0.000962
c7552,_0750_,NAND4,0,2,4,1,13,6,6,-0.0007218867924527,2.394,1.0639999999999643,0.000963
c7552,_0751_,OAI21,0,2,3,1,14,5,5,-0.0003679245283018,1.862,0.7980000000000018,0.000963
c7552,_0752_,INV,0,2,1,1,15,4,4,-8.830188679243012e-05,0.798,0.2659999999999627,0.000962
c7552,_0753_,AOI211,0,2,4,1,16,3,3,-4.415094339627057e-05,2.394,1.0639999999999643,0.000963
c7552,_0754_,AOI211,0,0,4,1,12,5,5,-7.54716981021808e-07,2.394,1.0639999999999643,0.000963
c7552,_0755_,INV,0,0,1,2,10,6,6,0.0,0.798,0.2659999999999627,0.000962
c7552,_0756_,OAI22,0,0,4,1,11,5,5,-7.54716981021808e-07,2.394,1.0639999999999643,0.000963
c7552,_0757_,NOR2,0,0,2,1,13,4,4,0.0,1.33,0.5320000000000391,0.000963
c7552,_0758_,AOI21,0,0,3,1,14,3,3,0.0,1.862,0.7980000000000018,0.000963
c7552,_0759_,NOR3,0,2,3,2,17,2,2,-0.0004358490566037,1.862,0.7980000000000018,0.000963
c7552,_0760_,AOI211,0,0,4,2,2,2,2,0.0,2.394,1.0639999999999643,0.000962
c7552,_0761_,OAI22,0,1,4,0,18,1,0,-7.716981132066536e-05,2.394,1.0639999999999643,0.000963
c7552,_0762_,NAND2,0,1,2,0,15,1,0,-0.0005216981132075,1.33,0.5320000000000391,0.000963
c7552,_0763_,NAND3,0,1,3,1,5,3,2,-0.0147803773584904,1.862,0.7980000000000018,0.000963
c7552,_0764_,OAI21,0,1,3,1,6,2,1,-6.660377358491676e-05,1.862,0.7980000000000018,0.000963
c7552,_0765_,XOR2,0,1,2,0,7,1,0,-0.000101320754717,2.394,0.7980000000000018,0.000964
c7552,_0766_,AOI21,0,1,3,1,5,2,1,-0.011209433962264,1.862,0.7980000000000018,0.000963
c7552,_0767_,XNOR2,0,1,2,0,6,1,0,-0.0001639622641509,2.66,1.0639999999999643,0.000964
c7552,_0768_,AOI21,0,2,3,2,5,3,3,-0.000288679245283,1.862,0.7980000000000018,0.000963
c7552,_0769_,OAI21,0,1,3,1,6,2,1,-0.0001377358490565,1.862,0.7980000000000018,0.000963
c7552,_0770_,XNOR2,0,1,2,0,7,1,0,-0.0001984905660377,2.66,1.0639999999999643,0.000964
c7552,_0771_,XOR2,0,1,2,0,6,1,0,-0.0037750943396226,2.394,0.7980000000000018,0.000964
c7552,_0772_,INV,0,4,1,1,6,5,9,-0.0043111320754716,0.798,0.2659999999999627,0.000962
c7552,_0773_,NOR2,0,4,2,4,7,4,8,-0.0003056603773583,1.33,0.5320000000000391,0.000963
c7552,_0774_,OAI21,0,1,3,1,8,2,1,-1.1886792452786564e-05,1.862,0.7980000000000018,0.000963
c7552,_0775_,XNOR2,0,1,2,0,9,1,0,-0.0003775471698113,2.66,1.0639999999999643,0.000964
c7552,_0776_,NOR4,0,1,4,1,8,3,2,-0.0002175471698112,2.394,1.0639999999999643,0.000963
c7552,_0777_,NOR2,0,1,2,1,9,2,1,-0.0002920754716979,1.33,0.5320000000000391,0.000963
c7552,_0778_,XNOR2,0,1,2,0,10,1,0,-9.26415094339994e-05,2.66,1.0639999999999643,0.000964
c7552,_0779_,OAI21,0,1,3,1,8,2,1,-2.207547169807977e-05,1.862,0.7980000000000018,0.000963
c7552,_0780_,XOR2,0,1,2,0,9,1,0,-0.0002011320754716,2.394,0.7980000000000018,0.000964
c7552,_0781_,XNOR2,0,1,2,0,8,1,0,-0.000208679245283,2.66,1.0639999999999643,0.000964
c7552,_0782_,OAI22,0,1,4,0,18,1,0,-7.716981132066536e-05,2.394,1.0639999999999643,0.000963
c7552,_0783_,XNOR2,0,1,2,0,10,1,0,-0.0029258490566036,2.66,1.0639999999999643,0.000964
c7552,_0784_,XNOR2,0,1,2,0,13,1,0,-0.0003522641509433,2.66,1.0639999999999643,0.000964
c7552,_0785_,OR2,0,1,2,0,15,1,0,-0.0002777358490565,1.33,0.2660000000000764,0.000963
c7552,_0786_,NAND2,0,1,2,0,15,1,0,-0.0005216981132075,1.33,0.5320000000000391,0.000963
c7552,_0787_,OAI21,0,1,3,1,10,2,1,-0.0028884905660376,1.862,0.7980000000000018,0.000963
c7552,_0788_,XNOR2,0,1,2,0,11,1,0,-0.0001645283018868,2.66,1.0639999999999643,0.000964
c7552,_0789_,NOR3,0,1,3,1,9,4,3,-0.0072339622641508,1.862,0.7980000000000018,0.000963
c7552,_0790_,AOI21,0,1,3,1,10,3,2,1.9056603773548453e-05,1.862,0.7980000000000018,0.000963
c7552,_0791_,AOI21,0,1,3,1,11,2,1,-0.0001405660377358,1.862,0.7980000000000018,0.000963
c7552,_0792_,XNOR2,0,1,2,0,12,1,0,-5.037735849056091e-05,2.66,1.0639999999999643,0.000964
c7552,_0793_,OAI21,0,1,3,1,10,2,1,-0.0028884905660376,1.862,0.7980000000000018,0.000963
c7552,_0794_,XNOR2,0,1,2,0,11,1,0,-0.0001645283018868,2.66,1.0639999999999643,0.000964
c7552,_0795_,OAI21,0,1,3,1,10,2,1,-0.0028928301886792,1.862,0.7980000000000018,0.000963
c7552,_0796_,XOR2,0,1,2,0,11,1,0,-0.0002196226415094,2.394,0.7980000000000018,0.000964
c7552,_0797_,NOR2,0,1,2,1,13,2,1,-0.0008633962264149,1.33,0.5320000000000391,0.000963
c7552,_0798_,XOR2,0,1,2,0,14,1,0,-0.0002039622641508,2.394,0.7980000000000018,0.000965
c7552,_0799_,INV,0,0,1,1,9,3,2,0.0,0.798,0.2659999999999627,0.000963
c7552,_0800_,AOI21,0,1,3,1,13,2,1,-0.0002411320754717,1.862,0.7980000000000018,0.000964
c7552,_0801_,XOR2,0,1,2,0,14,1,0,-0.0002015094339622,2.394,0.7980000000000018,0.000965
c7552,_0802_,OAI21,0,1,3,1,13,2,1,-0.0002764150943396,1.862,0.7980000000000018,0.000963
c7552,_0803_,XNOR2,0,1,2,0,14,1,0,-0.0002013207547169,2.66,1.0639999999999643,0.000964
c7552,_0804_,NOR2,0,1,2,1,13,3,2,-0.0002081132075471,1.33,0.5320000000000391,0.000963
c7552,_0805_,NOR2,0,1,2,1,14,2,1,-0.0001362264150942,1.33,0.5320000000000391,0.000963
c7552,_0806_,XNOR2,0,1,2,0,15,1,0,-6.452830188674596e-05,2.66,1.0639999999999643,0.000964
c7552,_0807_,NAND2,0,1,2,0,15,1,0,-0.0005216981132075,1.33,0.5320000000000391,0.000963
c7552,_0808_,OAI21,0,1,3,1,12,2,1,-0.0001983018867923,1.862,0.7980000000000018,0.000963
c7552,_0809_,XNOR2,0,1,2,0,13,1,0,-0.0002009433962264,2.66,1.0639999999999643,0.000964
c7552,_0810_,OAI211,0,1,4,1,11,3,2,-0.0046490566037734,2.394,1.0639999999999643,0.000963
c7552,_0811_,NAND2,0,1,2,1,12,2,1,-8.981132075469578e-05,1.33,0.5320000000000391,0.000963
c7552,_0812_,XOR2,0,1,2,0,13,1,0,-9.33962264150212e-05,2.394,0.7980000000000018,0.000964
c7552,_0813_,NOR2,0,1,2,1,12,3,2,-0.000159433962264,1.33,0.5320000000000391,0.000963
c7552,_0814_,NOR2,0,1,2,1,13,2,1,-0.0001328301886791,1.33,0.5320000000000391,0.000963
c7552,_0815_,XNOR2,0,1,2,0,14,1,0,-6.245283018857517e-05,2.66,1.0639999999999643,0.000964
c7552,_0816_,XNOR2,0,1,2,0,12,1,0,-0.0002801886792451,2.66,1.0639999999999643,0.000964
c7552,_0817_,NOR2,0,1,2,1,14,2,1,-0.0017011320754716,1.33,0.5320000000000391,0.000963
c7552,_0818_,AOI21,0,1,3,0,15,1,0,-0.0021413207547169,1.862,0.7980000000000018,0.000964
c7552,_0819_,XOR2,0,1,2,0,14,1,0,-0.0023647169811319,2.394,0.7980000000000018,0.000964
c7552,_0824_,INV,0,0,1,2,1,13,101,0.0,0.798,0.2659999999999627,0.000962
c7552,_0825_,BUF,0,13,1,10,1,18,566,0.0037532075471697,1.064,0.2659999999999627,0.000962
c7552,_0826_,BUF,0,8,1,10,2,17,442,0.0031252830188679,1.064,0.2659999999999627,0.000962
c7552,_0827_,MUX2,0,0,3,3,3,11,84,-0.0002920754716979,2.394,0.5320000000000391,0.000962
c7552,_0828_,NOR2,0,0,2,2,4,10,73,0.0,1.33,0.5320000000000391,0.000962
c7552,_0829_,INV,0,0,1,2,4,10,75,0.0,0.798,0.2659999999999627,0.000962
c7552,_0830_,NOR2,0,0,2,2,5,9,70,0.0,1.33,0.5320000000000391,0.000962
c7552,_0831_,NOR2,0,0,2,2,6,4,4,0.0,1.33,0.5320000000000391,0.000962
c7552,_0832_,INV,0,0,1,4,1,13,113,0.0,0.798,0.2659999999999627,0.000962
c7552,_0833_,MUX2,0,0,3,4,2,12,92,-0.0004494339622641,2.394,0.5320000000000391,0.000962
c7552,_0834_,NOR2,0,0,2,5,3,10,83,0.0,1.33,0.5320000000000391,0.000962
c7552,_0835_,INV,0,0,1,4,1,13,129,0.0,0.798,0.2659999999999627,0.000962
c7552,_0836_,MUX2,0,1,3,4,2,12,106,-0.0006124528301886,2.394,0.5320000000000391,0.000962
c7552,_0837_,XNOR2,0,1,2,4,3,11,98,0.0001558490566038,2.66,1.0639999999999643,0.000963
c7552,_0838_,MUX2,0,4,3,3,2,13,113,-0.001630754716981,2.394,0.5320000000000391,0.000962
c7552,_0839_,XNOR2,0,0,2,3,3,12,102,-0.000398113207547,2.66,1.0639999999999643,0.000963
c7552,_0840_,MUX2,0,0,3,5,1,13,120,-0.0005224528301885,2.394,0.5320000000000391,0.000962
c7552,_0841_,XNOR2,0,0,2,2,2,12,97,0.0,2.66,1.0639999999999643,0.000963
c7552,_0842_,MUX2,0,0,3,5,1,13,123,-0.0005224528301885,2.394,0.5320000000000391,0.000962
c7552,_0843_,XNOR2,0,0,2,2,2,12,97,0.0,2.66,1.0639999999999643,0.000963
c7552,_0844_,NAND3,0,0,3,4,4,11,95,-3.773584904553928e-07,1.862,0.7980000000000018,0.000963
c7552,_0845_,NOR2,0,0,2,2,5,9,81,-0.0001624528301886,1.33,0.5320000000000391,0.000963
c7552,_0846_,NOR2,0,0,2,3,2,13,141,-0.0010015094339621,1.33,0.5320000000000391,0.000962
c7552,_0847_,INV,0,3,1,2,1,16,422,-0.0009913207547169,0.798,0.2659999999999627,0.000962
c7552,_0848_,BUF,0,3,1,10,2,15,416,0.0005209433962264,1.064,0.2659999999999627,0.000962
c7552,_0849_,NOR2,0,0,2,1,3,10,97,-0.0001841509433962,1.33,0.5320000000000391,0.000962
c7552,_0850_,INV,0,0,1,3,1,12,128,0.0,0.798,0.2659999999999627,0.000962
c7552,_0851_,INV,0,0,1,1,1,13,115,0.0,0.798,0.2659999999999627,0.000962
c7552,_0852_,AOI21,0,0,3,4,3,12,114,-0.0011513207547169,1.862,0.7980000000000018,0.000963
c7552,_0853_,NOR2,0,0,2,2,4,10,100,0.0,1.33,0.5320000000000391,0.000962
c7552,_0854_,INV,0,0,1,2,1,11,113,0.0,0.798,0.2659999999999627,0.000962
c7552,_0855_,MUX2,0,0,3,4,2,12,126,-0.0004494339622641,2.394,0.5320000000000391,0.000962
c7552,_0856_,NOR2,0,0,2,3,3,10,111,0.0,1.33,0.5320000000000391,0.000962
c7552,_0857_,MUX2,0,0,3,3,1,13,138,-0.0017399999999999,2.394,0.5320000000000391,0.000962
c7552,_0858_,INV,0,0,1,3,2,12,122,0.0,0.798,0.2659999999999627,0.000962
c7552,_0859_,NAND2,0,0,2,3,3,11,119,0.0,1.33,0.5320000000000391,0.000962
c7552,_0860_,INV,0,0,1,5,1,13,137,0.0,0.798,0.2659999999999627,0.000962
c7552,_0861_,MUX2,1,33,3,6,1,13,143,-0.0024632075471697,2.394,0.5320000000000391,0.000962
c7552,_0862_,NAND2,0,0,2,2,2,12,121,-0.0023343396226414,1.33,0.5320000000000391,0.000962
c7552,_0863_,INV,0,0,1,4,1,13,142,0.0,0.798,0.2659999999999627,0.000962
c7552,_0864_,NAND3,0,0,3,1,2,12,119,-0.000194716981132,1.862,0.7980000000000018,0.000962
c7552,_0865_,NOR2,0,0,2,2,2,12,121,-0.0022918867924527,1.33,0.5320000000000391,0.000962
c7552,_0866_,OAI221,0,0,5,2,3,11,118,3.7735849056641513e-07,2.926,1.330000000000041,0.000963
c7552,_0867_,AOI22,0,0,4,3,4,10,111,1.3207547169269418e-06,2.394,1.0639999999999643,0.000963
c7552,_0869_,NAND2,0,0,2,1,6,6,18,-0.0003233962264149,1.33,0.5320000000000391,0.000963
c7552,_0870_,XNOR2,0,0,2,3,4,11,97,0.0,2.66,1.0639999999999643,0.000963
c7552,_0871_,XNOR2,0,0,2,5,3,11,109,0.0,2.66,1.0639999999999643,0.000963
c7552,_0872_,AND3,0,3,3,6,3,12,124,0.0004832075471697,1.596,0.2659999999999627,0.000962
c7552,_0873_,XOR2,0,0,2,3,2,12,114,0.0,2.394,0.7980000000000018,0.000963
c7552,_0874_,XNOR2,1,33,2,3,2,12,114,0.0031056603773584,2.66,1.0639999999999643,0.000963
c7552,_0875_,NOR3,0,0,3,3,2,12,119,-0.0010139622641509,1.862,0.7980000000000018,0.000962
c7552,_0876_,NOR4,1,33,4,5,4,11,110,0.0198933962264151,2.394,1.0639999999999643,0.000963
c7552,_0877_,NAND4,1,31,4,3,5,10,91,-0.0092769811320754,2.394,1.0639999999999643,0.000963
c7552,_0878_,OR2,0,0,2,2,5,10,81,-8.226415094336748e-05,1.33,0.2660000000000764,0.000963
c7552,_0879_,INV,0,4,1,2,3,12,98,0.0001190566037736,0.798,0.2659999999999627,0.000962
c7552,_0880_,NOR2,0,0,2,2,4,11,96,-0.0004122641509433,1.33,0.5320000000000391,0.000962
c7552,_0881_,NAND2,0,4,2,2,4,11,96,-0.0001094339622641,1.33,0.5320000000000391,0.000962
c7552,_0882_,INV,0,0,1,4,1,13,138,0.0,0.798,0.2659999999999627,0.000962
c7552,_0883_,NAND2,0,0,2,3,2,12,105,0.0,1.33,0.5320000000000391,0.000962
c7552,_0884_,NOR2,0,0,2,3,2,12,105,0.0,1.33,0.5320000000000391,0.000962
c7552,_0885_,INV,0,0,1,4,1,13,140,0.0,0.798,0.2659999999999627,0.000962
c7552,_0886_,NAND2,0,0,2,3,2,12,108,0.0,1.33,0.5320000000000391,0.000962
c7552,_0887_,OAI21,0,0,3,3,3,11,98,6.41509433974008e-06,1.862,0.7980000000000018,0.000963
c7552,_0888_,AOI221,0,4,5,2,5,10,81,0.0004684905660378,2.926,1.330000000000041,0.000963
c7552,_0889_,NOR2,0,0,2,2,3,10,81,-6.283018867925261e-05,1.33,0.5320000000000391,0.000962
c7552,_0890_,OAI221,0,5,5,5,7,5,17,-0.0036375471698113,2.926,1.330000000000041,0.000963
c7552,_0891_,MUX2,0,0,3,3,2,13,101,-0.0004494339622641,2.394,0.5320000000000391,0.000962
c7552,_0892_,XNOR2,0,0,2,3,3,12,81,0.0,2.66,1.0639999999999643,0.000963
c7552,_0893_,MUX2,0,0,3,5,1,13,110,-0.0005224528301885,2.394,0.5320000000000391,0.000962
c7552,_0894_,XNOR2,0,0,2,5,2,12,87,0.0,2.66,1.0639999999999643,0.000963
c7552,_0895_,MUX2,0,0,3,6,1,13,110,-0.0005224528301885,2.394,0.5320000000000391,0.000962
c7552,_0896_,XNOR2,0,0,2,2,2,12,85,-5.849056603723923e-06,2.66,1.0639999999999643,0.000963
c7552,_0897_,AND3,0,0,3,2,4,11,78,0.0,1.596,0.2659999999999627,0.000963
c7552,_0898_,NAND2,0,2,2,2,8,3,4,-0.0004792452830187,1.33,0.5320000000000391,0.000963
c7552,_0899_,AND2,0,0,2,2,3,11,80,0.0,1.33,0.2660000000000764,0.000962
c7552,_0900_,INV,0,0,1,2,3,12,89,0.0,0.798,0.2659999999999627,0.000962
c7552,_0901_,INV,0,0,1,5,1,13,124,0.0,0.798,0.2659999999999627,0.000962
c7552,_0902_,NOR2,0,0,2,3,2,12,93,-5.283018867929812e-06,1.33,0.5320000000000391,0.000962
c7552,_0903_,INV,0,0,1,4,1,13,124,0.0,0.798,0.2659999999999627,0.000962
c7552,_0904_,AOI22,0,0,4,2,2,12,89,-6.415094339629057e-06,2.394,1.0639999999999643,0.000963
c7552,_0905_,OAI22,0,0,4,3,4,11,87,5.660377359051338e-07,2.394,1.0639999999999643,0.000963
c7552,_0906_,NAND2,0,0,2,3,4,11,87,0.0,1.33,0.5320000000000391,0.000962
c7552,_0907_,AOI21,0,0,3,3,5,10,76,5.660377359051338e-07,1.862,0.7980000000000018,0.000963
c7552,_0908_,AOI21,0,1,3,1,9,2,1,-9.867924528295102e-05,1.862,0.7980000000000018,0.000963
c7552,_0909_,XOR2,0,1,2,0,10,1,0,-0.0002041509433962,2.394,0.7980000000000018,0.000964
c7552,_0910_,XOR2,0,1,2,0,8,1,0,-0.0010956603773584,2.394,0.7980000000000018,0.000964
c7552,_0911_,BUF,0,7,1,10,3,16,277,0.0025158490566038,1.064,0.2659999999999627,0.000962
c7552,_0912_,BUF,0,7,1,10,4,15,220,0.0030150943396226,1.064,0.2659999999999627,0.000962
c7552,_0913_,BUF,0,7,1,10,5,14,181,0.0030505660377357,1.064,0.2659999999999627,0.000962
c7552,_0914_,BUF,0,7,1,10,6,13,132,0.0033230188679246,1.064,0.2659999999999627,0.000962
c7552,_0915_,BUF,0,3,1,10,7,11,75,0.0010484905660377,1.064,0.2659999999999627,0.000962
c7552,_0916_,BUF,0,3,1,10,8,9,40,0.0012764150943397,1.064,0.2659999999999627,0.000962
c7552,_0917_,NOR2,0,0,2,1,9,5,5,-0.0002362264150943,1.33,0.5320000000000391,0.000962
c7552,_0918_,AOI21,0,0,3,1,10,4,4,-0.0002699999999999,1.862,0.7980000000000018,0.000963
c7552,_0919_,NAND2,0,0,2,1,8,9,18,-0.0002264150943396,1.33,0.5320000000000391,0.000962
c7552,_0920_,OAI21,0,0,3,3,9,8,17,-0.0002626415094338,1.862,0.7980000000000018,0.000963
c7552,_0921_,NOR2,0,0,2,1,8,8,18,-0.0002450943396226,1.33,0.5320000000000391,0.000962
c7552,_0922_,AOI21,0,0,3,3,9,7,17,-0.0002699999999999,1.862,0.7980000000000018,0.000963
c7552,_0923_,XOR2,0,0,2,1,10,4,4,0.0,2.394,0.7980000000000018,0.000963
c7552,_0924_,XNOR2,0,0,2,1,11,3,3,0.0,2.66,1.0639999999999643,0.000964
c7552,_0925_,XOR2,0,0,2,1,1,6,6,0.0,2.394,0.7980000000000018,0.000963
c7552,_0926_,XOR2,0,0,2,1,1,6,6,0.0,2.394,0.7980000000000018,0.000963
c7552,_0927_,BUF,0,0,1,10,3,14,262,-9.77358490565905e-05,1.064,0.2659999999999627,0.000962
c7552,_0928_,BUF,0,0,1,10,4,13,159,0.0,1.064,0.2659999999999627,0.000962
c7552,_0929_,BUF,0,0,1,10,5,11,79,0.0,1.064,0.2659999999999627,0.000962
c7552,_0930_,MUX2,0,0,3,1,6,5,5,0.0,2.394,0.5320000000000391,0.000963
c7552,_0931_,NOR2,0,0,2,1,8,8,18,-0.0002450943396226,1.33,0.5320000000000391,0.000962
c7552,_0932_,AOI21,0,0,3,3,9,7,17,-0.0002784905660376,1.862,0.7980000000000018,0.000963
c7552,_0933_,XNOR2,0,0,2,1,10,4,4,0.0,2.66,1.0639999999999643,0.000964
c7552,_0934_,NAND2,0,2,2,1,9,7,14,-7.207547169796324e-05,1.33,0.5320000000000391,0.000962
c7552,_0935_,OAI21,0,2,3,4,10,6,13,1.6981132075599703e-05,1.862,0.7980000000000018,0.000962
c7552,_0936_,NAND2,0,0,2,1,8,7,17,-0.0002264150943396,1.33,0.5320000000000391,0.000962
c7552,_0937_,OAI21,0,0,3,4,9,6,16,-0.0002622641509433,1.862,0.7980000000000018,0.000962
c7552,_0938_,XNOR2,0,2,2,1,11,4,4,2.9056603773613965e-05,2.66,1.0639999999999643,0.000963
c7552,_0939_,XNOR2,0,2,2,1,12,3,3,-6.01886792452877e-05,2.66,1.0639999999999643,0.000965
c7552,_0940_,XNOR2,0,2,2,1,13,2,2,-0.0001150943396226,2.66,1.0639999999999643,0.000966
c7552,_0941_,INV,0,0,1,3,1,12,83,0.0,0.798,0.2659999999999627,0.000962
c7552,_0942_,MUX2,0,0,3,5,5,11,24,-0.0002432075471697,2.394,0.5320000000000391,0.000963
c7552,_0943_,BUF,0,0,1,10,4,15,151,-0.0003028301886791,1.064,0.2659999999999627,0.000962
c7552,_0944_,BUF,0,0,1,10,5,14,120,0.0,1.064,0.2659999999999627,0.000962
c7552,_0945_,BUF,0,0,1,10,6,12,60,0.0,1.064,0.2659999999999627,0.000962
c7552,_0946_,NOR2,0,0,2,1,7,7,7,0.0,1.33,0.5320000000000391,0.000962
c7552,_0947_,AOI21,0,0,3,1,8,6,6,-0.0002784905660376,1.862,0.7980000000000018,0.000963
c7552,_0948_,XOR2,0,0,2,1,9,5,5,0.0,2.394,0.7980000000000018,0.000963
c7552,_0949_,INV,0,0,1,3,1,13,98,0.0,0.798,0.2659999999999627,0.000962
c7552,_0950_,MUX2,0,0,3,3,6,10,23,0.0,2.394,0.5320000000000391,0.000963
c7552,_0951_,INV,0,0,1,3,1,13,100,0.0,0.798,0.2659999999999627,0.000962
c7552,_0952_,MUX2,0,0,3,4,4,11,24,0.0,2.394,0.5320000000000391,0.000963
c7552,_0953_,XNOR2,0,0,2,1,7,5,5,0.0,2.66,1.0639999999999643,0.000963
c7552,_0954_,XNOR2,0,0,2,1,10,4,4,0.0,2.66,1.0639999999999643,0.000964
c7552,_0955_,NAND2,0,0,2,1,5,12,24,-0.0005022641509433,1.33,0.5320000000000391,0.000962
c7552,_0956_,OAI21,0,0,3,3,6,11,23,0.0,1.862,0.7980000000000018,0.000963
c7552,_0957_,NAND2,0,0,2,1,5,12,24,-0.0005022641509433,1.33,0.5320000000000391,0.000962
c7552,_0958_,OAI21,0,0,3,3,6,11,23,0.0,1.862,0.7980000000000018,0.000963
c7552,_0959_,XOR2,0,0,2,1,7,4,4,0.0,2.394,0.7980000000000018,0.000963
c7552,_0960_,XNOR2,0,0,2,1,11,3,3,0.0,2.66,1.0639999999999643,0.000965
c7552,_0961_,NOR2,0,0,2,1,7,11,21,0.0,1.33,0.5320000000000391,0.000962
c7552,_0962_,AOI21,0,0,3,4,8,10,20,-0.0002784905660376,1.862,0.7980000000000018,0.000963
c7552,_0963_,NOR2,0,0,2,1,7,11,22,-0.0005779245283018,1.33,0.5320000000000391,0.000962
c7552,_0964_,AOI21,0,0,3,4,8,10,21,0.0,1.862,0.7980000000000018,0.000963
c7552,_0965_,XNOR2,0,0,2,1,9,4,4,0.0,2.66,1.0639999999999643,0.000963
c7552,_0966_,NOR2,0,0,2,1,6,11,22,-0.0005454716981132,1.33,0.5320000000000391,0.000962
c7552,_0967_,AOI21,0,0,3,3,7,10,21,0.0,1.862,0.7980000000000018,0.000963
c7552,_0968_,NAND2,0,0,2,1,6,10,22,-0.0005026415094339,1.33,0.5320000000000391,0.000962
c7552,_0969_,OAI21,0,0,3,3,7,9,21,0.0,1.862,0.7980000000000018,0.000963
c7552,_0970_,XNOR2,0,0,2,1,8,4,4,0.0,2.66,1.0639999999999643,0.000963
c7552,_0971_,XNOR2,0,0,2,1,10,3,3,0.0,2.66,1.0639999999999643,0.000964
c7552,_0972_,XNOR2,0,0,2,1,12,2,2,1.886792452276964e-07,2.66,1.0639999999999643,0.000968
c7552,_0973_,MUX2,0,0,3,3,4,12,25,0.0,2.394,0.5320000000000391,0.000963
c7552,_0974_,MUX2,0,0,3,4,4,12,26,-0.000265471698113,2.394,0.5320000000000391,0.000963
c7552,_0975_,XNOR2,0,0,2,1,5,4,4,0.0,2.66,1.0639999999999643,0.000963
c7552,_0976_,INV,0,0,1,3,1,13,103,0.0,0.798,0.2659999999999627,0.000962
c7552,_0977_,MUX2,0,0,3,3,5,11,22,0.0,2.394,0.5320000000000391,0.000963
c7552,_0978_,NAND2,0,0,2,1,6,12,23,0.0,1.33,0.5320000000000391,0.000962
c7552,_0979_,OAI21,0,3,3,3,7,11,22,-8.415094339608853e-05,1.862,0.7980000000000018,0.000963
c7552,_0980_,XNOR2,0,0,2,1,8,4,4,-0.0003628301886792,2.66,1.0639999999999643,0.000963
c7552,_0981_,XNOR2,0,0,2,1,9,3,3,0.0,2.66,1.0639999999999643,0.000964
c7552,_0982_,NOR2,0,0,2,1,6,12,22,-0.0005454716981132,1.33,0.5320000000000391,0.000962
c7552,_0983_,AOI21,0,0,3,3,7,11,21,0.0,1.862,0.7980000000000018,0.000963
c7552,_0984_,INV,0,0,1,3,1,12,84,0.0,0.798,0.2659999999999627,0.000962
c7552,_0985_,MUX2,0,0,3,4,5,11,23,0.0,2.394,0.5320000000000391,0.000963
c7552,_0986_,XNOR2,0,0,2,1,8,4,4,0.0,2.66,1.0639999999999643,0.000963
c7552,_0987_,NAND2,0,0,2,1,7,7,7,0.0,1.33,0.5320000000000391,0.000962
c7552,_0988_,OAI21,0,0,3,1,8,6,6,-0.000271320754717,1.862,0.7980000000000018,0.000963
c7552,_0989_,MUX2,0,0,3,4,5,10,24,0.0,2.394,0.5320000000000391,0.000963
c7552,_0990_,XNOR2,0,0,2,1,9,5,5,0.0,2.66,1.0639999999999643,0.000963
c7552,_0991_,NAND2,0,0,2,1,6,12,23,-0.0005026415094339,1.33,0.5320000000000391,0.000962
c7552,_0992_,OAI21,0,0,3,2,7,11,22,0.0,1.862,0.7980000000000018,0.000963
c7552,_0993_,MUX2,0,0,3,3,5,11,26,-3.773584904553928e-07,2.394,0.5320000000000391,0.000963
c7552,_0994_,XNOR2,0,0,2,1,8,5,5,0.0,2.66,1.0639999999999643,0.000963
c7552,_0995_,XNOR2,0,0,2,1,10,4,4,0.0,2.66,1.0639999999999643,0.000964
c7552,_0996_,XNOR2,0,0,2,1,11,3,3,0.0,2.66,1.0639999999999643,0.000965
c7552,_0997_,XNOR2,0,0,2,1,12,2,2,0.0,2.66,1.0639999999999643,0.000968
c7552,_0998_,MUX2,0,0,3,1,6,5,5,0.0,2.394,0.5320000000000391,0.000963
c7552,_0999_,NAND2,0,0,2,3,4,13,30,-0.0005481132075471,1.33,0.5320000000000391,0.000962
c7552,_1000_,OR2,0,0,2,3,4,13,30,-0.0003013207547168,1.33,0.2660000000000764,0.000962
c7552,_1001_,NAND2,0,0,2,1,5,6,6,0.0,1.33,0.5320000000000391,0.000962
c7552,_1002_,NAND2,0,0,2,1,4,13,30,-0.0005481132075471,1.33,0.5320000000000391,0.000962
c7552,_1003_,OAI21,0,0,3,5,5,12,29,-0.000662075471698,1.862,0.7980000000000018,0.000962
c7552,_1004_,XOR2,0,0,2,1,6,5,5,0.0,2.394,0.7980000000000018,0.000963
c7552,_1005_,XNOR2,0,0,2,1,7,4,4,0.0,2.66,1.0639999999999643,0.000964
c7552,_1006_,NAND2,0,0,2,1,5,13,27,-0.0005022641509433,1.33,0.5320000000000391,0.000962
c7552,_1007_,OAI21,0,0,3,4,6,12,26,-0.0006067924528301,1.862,0.7980000000000018,0.000962
c7552,_1008_,MUX2,0,0,3,4,5,11,25,0.0,2.394,0.5320000000000391,0.000963
c7552,_1009_,XOR2,0,0,2,1,7,4,4,0.0,2.394,0.7980000000000018,0.000963
c7552,_1010_,XNOR2,0,0,2,1,8,3,3,0.0,2.66,1.0639999999999643,0.000965
c7552,_1011_,MUX2,0,0,3,3,4,12,27,0.0,2.394,0.5320000000000391,0.000963
c7552,_1012_,MUX2,0,0,3,4,5,11,28,0.0,2.394,0.5320000000000391,0.000963
c7552,_1013_,XNOR2,0,0,2,1,6,5,5,0.0,2.66,1.0639999999999643,0.000963
c7552,_1014_,NOR2,0,0,2,1,6,13,29,0.0,1.33,0.5320000000000391,0.000962
c7552,_1015_,AOI21,0,0,3,4,7,12,28,-0.0006628301886791,1.862,0.7980000000000018,0.000963
c7552,_1016_,MUX2,0,0,3,4,5,12,27,0.0,2.394,0.5320000000000391,0.000963
c7552,_1017_,XNOR2,0,0,2,1,8,5,5,0.0,2.66,1.0639999999999643,0.000963
c7552,_1018_,XNOR2,0,0,2,1,9,4,4,0.0,2.66,1.0639999999999643,0.000964
c7552,_1019_,NOR2,0,0,2,1,9,5,5,-0.0002362264150943,1.33,0.5320000000000391,0.000962
c7552,_1020_,AOI21,0,0,3,1,10,4,4,-0.0002699999999999,1.862,0.7980000000000018,0.000963
c7552,_1021_,XNOR2,0,0,2,1,11,3,3,0.0,2.66,1.0639999999999643,0.000965
c7552,_1022_,XNOR2,0,0,2,1,12,2,2,0.0,2.66,1.0639999999999643,0.000968
c7552,_1023_,NAND4,0,2,4,1,14,1,1,-9.83018867923846e-05,2.394,1.0639999999999643,0.000969
c7552,_1024_,NAND4,0,1,4,1,1,1,2,2.037735849069744e-05,2.394,1.0639999999999643,0.000962
c7552,_1025_,NAND4,0,1,4,1,1,1,2,2.320754716989004e-05,2.394,1.0639999999999643,0.000962
c7552,_1026_,NAND4,0,1,4,1,1,1,2,2.396226415091185e-05,2.394,1.0639999999999643,0.000962
c7552,_1027_,NAND4,0,1,4,1,1,1,2,2.547169811317751e-05,2.394,1.0639999999999643,0.000962
c7552,_1028_,OR4,0,0,4,1,2,2,1,-0.0001873584905659,1.862,0.2659999999999627,0.000962
c7552,_1029_,AND2,0,0,2,8,1,11,51,0.0,1.33,0.2660000000000764,0.000962
c7552,_1030_,XNOR2,0,0,2,2,1,5,5,0.0,2.66,1.0639999999999643,0.000963
c7552,_1031_,AOI211,0,0,4,1,6,4,4,0.0,2.394,1.0639999999999643,0.000963
c7552,_1032_,OAI21,0,0,3,1,7,3,3,0.0,1.862,0.7980000000000018,0.000963
c7552,_1033_,NAND2,0,0,2,9,1,13,185,0.0,1.33,0.5320000000000391,0.000962
c7552,_1034_,BUF,0,0,1,10,2,12,87,0.0,1.064,0.2659999999999627,0.000962
c7552,_1035_,OR2,0,0,2,2,6,9,18,0.0,1.33,0.2660000000000764,0.000962
c7552,_1036_,NAND2,0,0,2,3,7,8,17,0.0,1.33,0.5320000000000391,0.000962
c7552,_1037_,INV,0,0,1,1,1,8,18,0.0,0.798,0.2659999999999627,0.000962
c7552,_1038_,AOI21,0,0,3,3,8,7,17,-0.0002784905660376,1.862,0.7980000000000018,0.000963
c7552,_1039_,MUX2,0,0,3,1,9,4,4,0.0,2.394,0.5320000000000391,0.000963
c7552,_1040_,OR2,0,0,2,2,6,7,17,0.0,1.33,0.2660000000000764,0.000962
c7552,_1041_,NAND2,0,0,2,4,7,6,16,0.0,1.33,0.5320000000000391,0.000962
c7552,_1042_,OAI21,0,0,3,4,6,7,16,0.0,1.862,0.7980000000000018,0.000963
c7552,_1043_,MUX2,0,0,3,1,8,4,4,0.0,2.394,0.5320000000000391,0.000963
c7552,_1044_,XNOR2,0,0,2,1,10,3,3,0.0,2.66,1.0639999999999643,0.000964
c7552,_1045_,XNOR2,0,0,2,1,11,2,2,0.0,2.66,1.0639999999999643,0.000964
c7552,_1046_,MUX2,0,0,3,3,5,12,24,-0.0002432075471697,2.394,0.5320000000000391,0.000962
c7552,_1047_,MUX2,0,0,3,4,4,12,25,-0.000265471698113,2.394,0.5320000000000391,0.000962
c7552,_1048_,XOR2,0,0,2,1,6,3,3,0.0,2.394,0.7980000000000018,0.000963
c7552,_1049_,MUX2,0,0,3,1,7,6,6,-0.0002939622641509,2.394,0.5320000000000391,0.000962
c7552,_1050_,MUX2,0,0,3,4,6,10,24,0.0,2.394,0.5320000000000391,0.000962
c7552,_1051_,XNOR2,0,0,2,1,8,5,5,0.0,2.66,1.0639999999999643,0.000963
c7552,_1052_,MUX2,0,0,3,3,6,11,26,-0.0002433962264151,2.394,0.5320000000000391,0.000962
c7552,_1053_,MUX2,0,0,3,4,5,11,27,0.0,2.394,0.5320000000000391,0.000962
c7552,_1054_,XNOR2,0,0,2,1,7,5,5,0.0,2.66,1.0639999999999643,0.000963
c7552,_1055_,XNOR2,0,0,2,1,9,4,4,0.0,2.66,1.0639999999999643,0.000964
c7552,_1056_,MUX2,0,0,3,3,6,11,23,-0.0002433962264151,2.394,0.5320000000000391,0.000962
c7552,_1057_,MUX2,0,0,3,4,6,11,23,-0.000213396226415,2.394,0.5320000000000391,0.000962
c7552,_1058_,XNOR2,0,0,2,1,7,5,5,-1.6415094339583547e-05,2.66,1.0639999999999643,0.000963
c7552,_1059_,MUX2,0,0,3,3,5,11,22,0.0,2.394,0.5320000000000391,0.000962
c7552,_1060_,MUX2,0,0,3,4,5,11,24,0.0,2.394,0.5320000000000391,0.000962
c7552,_1061_,XNOR2,0,0,2,1,6,5,5,0.0,2.66,1.0639999999999643,0.000963
c7552,_1062_,XNOR2,0,0,2,1,8,4,4,0.0,2.66,1.0639999999999643,0.000964
c7552,_1063_,XNOR2,0,0,2,1,10,3,3,0.0,2.66,1.0639999999999643,0.000966
c7552,_1064_,XNOR2,0,0,2,1,11,2,2,0.0,2.66,1.0639999999999643,0.000968
c7552,_1065_,MUX2,0,0,3,4,7,10,20,0.0,2.394,0.5320000000000391,0.000962
c7552,_1066_,INV,0,0,1,1,1,11,22,0.0,0.798,0.2659999999999627,0.000962
c7552,_1067_,AOI21,0,0,3,4,7,10,21,0.0,1.862,0.7980000000000018,0.000963
c7552,_1068_,XOR2,0,0,2,1,8,4,4,0.0,2.394,0.7980000000000018,0.000963
c7552,_1069_,MUX2,0,1,3,1,7,6,6,-0.000522075471698,2.394,0.5320000000000391,0.000962
c7552,_1070_,MUX2,0,0,3,3,6,10,23,0.0,2.394,0.5320000000000391,0.000962
c7552,_1071_,XOR2,0,1,2,1,8,5,5,-8.264150943393389e-05,2.394,0.7980000000000018,0.000963
c7552,_1072_,MUX2,0,0,3,4,5,11,24,-0.0002432075471697,2.394,0.5320000000000391,0.000962
c7552,_1073_,MUX2,0,0,3,5,5,11,24,-0.0002432075471697,2.394,0.5320000000000391,0.000962
c7552,_1074_,XOR2,0,0,2,1,6,5,5,7.358490566100606e-06,2.394,0.7980000000000018,0.000963
c7552,_1075_,XNOR2,0,1,2,1,9,4,4,-1.886792452832076e-06,2.66,1.0639999999999643,0.000964
c7552,_1076_,XNOR2,0,1,2,1,10,3,3,-0.0001396226415093,2.66,1.0639999999999643,0.000965
c7552,_1077_,OR2,0,0,2,2,4,12,24,0.0,1.33,0.2660000000000764,0.000962
c7552,_1078_,NAND2,0,0,2,3,5,11,23,0.0,1.33,0.5320000000000391,0.000962
c7552,_1079_,OAI21,0,0,3,3,5,11,23,0.0,1.862,0.7980000000000018,0.000963
c7552,_1080_,MUX2,0,0,3,1,6,4,4,0.0,2.394,0.5320000000000391,0.000963
c7552,_1081_,OR2,0,0,2,3,5,10,21,0.0,1.33,0.2660000000000764,0.000962
c7552,_1082_,NAND2,0,0,2,2,6,9,19,0.0,1.33,0.5320000000000391,0.000962
c7552,_1083_,OAI21,0,0,3,3,5,9,21,0.0,1.862,0.7980000000000018,0.000963
c7552,_1084_,MUX2,0,0,3,1,7,4,4,0.0,2.394,0.5320000000000391,0.000963
c7552,_1085_,XNOR2,0,0,2,1,8,3,3,0.0,2.66,1.0639999999999643,0.000964
c7552,_1086_,XNOR2,0,1,2,1,11,2,2,-0.000128679245283,2.66,1.0639999999999643,0.000967
c7552,_1087_,MUX2,0,0,3,3,5,12,26,-0.0002432075471697,2.394,0.5320000000000391,0.000962
c7552,_1088_,MUX2,0,0,3,4,5,11,27,0.0,2.394,0.5320000000000391,0.000963
c7552,_1089_,XNOR2,0,0,2,1,6,4,4,0.0,2.66,1.0639999999999643,0.000963
c7552,_1090_,MUX2,0,0,3,4,6,12,27,0.0,2.394,0.5320000000000391,0.000962
c7552,_1091_,MUX2,0,0,3,4,6,12,26,-0.0002433962264151,2.394,0.5320000000000391,0.000962
c7552,_1092_,XNOR2,0,0,2,1,7,4,4,0.0,2.66,1.0639999999999643,0.000963
c7552,_1093_,XNOR2,0,0,2,1,8,3,3,0.0,2.66,1.0639999999999643,0.000964
c7552,_1094_,MUX2,0,0,3,1,7,5,5,0.0,2.394,0.5320000000000391,0.000962
c7552,_1095_,MUX2,0,0,3,1,7,5,5,0.0,2.394,0.5320000000000391,0.000962
c7552,_1096_,XOR2,0,0,2,1,8,4,4,0.0,2.394,0.7980000000000018,0.000963
c7552,_1097_,MUX2,0,0,3,3,4,13,28,-0.000265471698113,2.394,0.5320000000000391,0.000962
c7552,_1098_,INV,0,0,1,1,1,12,27,0.0,0.798,0.2659999999999627,0.000962
c7552,_1099_,AOI21,0,0,3,4,6,11,26,-0.0006241509433961,1.862,0.7980000000000018,0.000963
c7552,_1100_,XNOR2,0,0,2,1,7,5,5,0.0,2.66,1.0639999999999643,0.000963
c7552,_1101_,MUX2,0,0,3,3,3,13,29,-0.0002920754716979,2.394,0.5320000000000391,0.000962
c7552,_1102_,OR2,0,0,2,1,4,13,30,-0.0003013207547168,1.33,0.2660000000000764,0.000962
c7552,_1103_,OAI21,0,0,3,5,5,12,29,0.0,1.862,0.7980000000000018,0.000962
c7552,_1104_,XOR2,0,0,2,1,6,5,5,0.0,2.394,0.7980000000000018,0.000963
c7552,_1105_,XNOR2,0,0,2,1,8,4,4,0.0,2.66,1.0639999999999643,0.000964
c7552,_1106_,XNOR2,0,0,2,1,9,3,3,0.0,2.66,1.0640000000000782,0.000965
c7552,_1107_,XNOR2,0,0,2,1,10,2,2,0.0,2.66,1.0640000000000782,0.000968
c7552,_1108_,NAND4,0,1,4,1,12,1,1,-5.773584905655049e-05,2.394,1.0640000000000782,0.000969
c7552,_1109_,XNOR2,0,0,2,2,1,5,5,0.0,2.66,1.0640000000000782,0.000963
c7552,_1110_,AOI211,0,0,4,1,6,4,4,0.0,2.394,1.0640000000000782,0.000963
c7552,_1111_,OAI21,0,0,3,1,7,3,3,0.0,1.862,0.7980000000000018,0.000963
c7552,_1112_,OR2,0,0,2,2,5,9,35,0.0,1.33,0.2659999999999627,0.000962
c7552,_1113_,NAND2,0,0,2,4,6,8,34,0.0,1.33,0.5320000000000391,0.000962
c7552,_1114_,OAI21,0,0,3,3,6,6,22,0.0,1.862,0.7980000000000018,0.000963
c7552,_1115_,MUX2,0,0,3,1,7,4,4,0.0,2.394,0.5320000000000391,0.000963
c7552,_1116_,OR2,0,0,2,2,4,11,44,0.0,1.33,0.2659999999999627,0.000962
c7552,_1117_,NAND2,0,0,2,4,5,10,43,0.0,1.33,0.5320000000000391,0.000962
c7552,_1118_,OAI21,0,0,3,4,3,12,50,-0.0002266037735849,1.862,0.7980000000000018,0.000963
c7552,_1119_,MUX2,0,0,3,1,6,4,4,0.0,2.394,0.5320000000000391,0.000963
c7552,_1120_,XNOR2,0,0,2,1,8,3,3,0.0,2.66,1.0640000000000782,0.000964
c7552,_1121_,XNOR2,0,0,2,1,9,2,2,0.0,2.66,1.0640000000000782,0.000964
c7552,_1122_,XOR2,0,0,2,1,2,4,4,0.0,2.394,0.7980000000000018,0.000963
c7552,_1123_,XNOR2,0,0,2,1,3,4,4,-0.0004611320754716,2.66,1.0640000000000782,0.000963
c7552,_1124_,XNOR2,0,0,2,1,4,3,3,0.0,2.66,1.0640000000000782,0.000964
c7552,_1125_,XNOR2,0,0,2,1,4,4,4,0.0,2.66,1.0640000000000782,0.000963
c7552,_1126_,XNOR2,0,0,2,1,2,5,5,-0.0029550943396224,2.66,1.0640000000000782,0.000963
c7552,_1127_,MUX2,0,0,3,1,7,6,6,-0.0002575471698111,2.394,0.5320000000000391,0.000962
c7552,_1128_,MUX2,0,0,3,1,7,6,6,-0.0002575471698111,2.394,0.5320000000000391,0.000962
c7552,_1129_,XNOR2,0,0,2,1,8,5,5,0.0,2.66,1.0640000000000782,0.000963
c7552,_1130_,XNOR2,0,0,2,1,9,4,4,0.0,2.66,1.0640000000000782,0.000964
c7552,_1131_,XNOR2,0,0,2,1,10,3,3,0.0,2.66,1.0640000000000782,0.000965
c7552,_1132_,XNOR2,0,0,2,1,11,2,2,0.0,2.66,1.0640000000000782,0.000968
c7552,_1133_,MUX2,0,1,3,1,9,4,4,-0.0003701886792452,2.394,0.5320000000000391,0.000962
c7552,_1134_,MUX2,0,0,3,3,3,13,78,-0.0002920754716979,2.394,0.5320000000000391,0.000962
c7552,_1135_,XNOR2,0,1,2,1,10,3,3,4.396226415093185e-05,2.66,1.0640000000000782,0.000963
c7552,_1136_,OAI21,0,0,3,4,4,9,56,0.0,1.862,0.7980000000000018,0.000963
c7552,_1137_,OR2,0,0,2,1,3,11,67,-0.0003292452830188,1.33,0.2659999999999627,0.000962
c7552,_1138_,OAI21,0,0,3,4,4,10,66,0.0,1.862,0.7980000000000018,0.000962
c7552,_1139_,XOR2,0,0,2,1,5,5,5,0.0,2.394,0.7980000000000018,0.000963
c7552,_1140_,MUX2,0,0,3,3,3,13,81,-0.0002920754716979,2.394,0.5320000000000391,0.000962
c7552,_1141_,MUX2,0,0,3,4,3,11,74,-0.0002920754716979,2.394,0.5320000000000391,0.000962
c7552,_1142_,XNOR2,0,0,2,1,4,5,5,0.0,2.66,1.0640000000000782,0.000963
c7552,_1143_,XNOR2,0,0,2,1,6,4,4,0.0,2.66,1.0640000000000782,0.000964
c7552,_1144_,OR2,0,0,2,2,3,11,52,-9.132075471696144e-05,1.33,0.2659999999999627,0.000962
c7552,_1145_,NAND2,0,0,2,4,4,10,51,0.0,1.33,0.5320000000000391,0.000962
c7552,_1146_,OAI21,0,0,3,3,4,11,42,0.0,1.862,0.7980000000000018,0.000963
c7552,_1147_,MUX2,0,0,3,1,5,5,5,0.0,2.394,0.5320000000000391,0.000963
c7552,_1148_,OR2,0,0,2,2,3,12,62,-9.132075471696144e-05,1.33,0.2659999999999627,0.000962
c7552,_1149_,NAND2,0,0,2,3,4,11,61,0.0,1.33,0.5320000000000391,0.000962
c7552,_1150_,OAI21,0,0,3,3,3,11,59,-0.0002266037735849,1.862,0.7980000000000018,0.000963
c7552,_1151_,MUX2,0,0,3,1,5,5,5,0.0,2.394,0.5320000000000391,0.000963
c7552,_1152_,XNOR2,0,0,2,1,6,4,4,0.0,2.66,1.0640000000000782,0.000964
c7552,_1153_,XNOR2,0,0,2,1,7,3,3,0.0,2.66,1.0640000000000782,0.000966
c7552,_1154_,XNOR2,0,1,2,1,11,2,2,-0.0001279245283019,2.66,1.0640000000000782,0.000967
c7552,_1155_,MUX2,0,0,3,1,7,6,6,-0.0002575471698111,2.394,0.5320000000000391,0.000962
c7552,_1156_,XNOR2,0,0,2,1,8,5,5,-4.5283018867969815e-06,2.66,1.0640000000000782,0.000963
c7552,_1157_,XNOR2,0,0,2,1,4,5,5,0.0,2.66,1.0640000000000782,0.000963
c7552,_1158_,XNOR2,0,0,2,1,9,4,4,0.0,2.66,1.0640000000000782,0.000964
c7552,_1159_,XOR2,0,0,2,1,3,4,4,0.0,2.394,0.7980000000000018,0.000963
c7552,_1160_,XNOR2,0,0,2,1,10,3,3,0.0,2.66,1.0640000000000782,0.000965
c7552,_1161_,MUX2,0,0,3,4,3,13,90,-0.0004341509433961,2.394,0.5320000000000391,0.000962
c7552,_1162_,MUX2,0,1,3,3,3,13,89,-0.0005024528301885,2.394,0.5320000000000391,0.000962
c7552,_1163_,XNOR2,0,0,2,1,4,4,4,-9.5471698113192e-05,2.66,1.0640000000000782,0.000963
c7552,_1164_,AND2,0,0,2,1,2,11,80,-0.0004711320754716,1.33,0.2659999999999627,0.000962
c7552,_1165_,AOI21,0,0,3,4,3,10,79,-0.0002149056603774,1.862,0.7980000000000018,0.000962
c7552,_1166_,AND2,0,0,2,2,3,10,71,-9.26415094339994e-05,1.33,0.2659999999999627,0.000962
c7552,_1167_,AND2,0,0,2,2,3,10,71,-0.0003052830188678,1.33,0.2659999999999627,0.000962
c7552,_1168_,NOR2,0,0,2,4,4,9,70,0.0,1.33,0.5320000000000391,0.000962
c7552,_1169_,XNOR2,0,0,2,1,5,4,4,-9.24528301882166e-06,2.66,1.0640000000000782,0.000963
c7552,_1170_,XNOR2,0,0,2,1,6,3,3,0.0,2.66,1.0640000000000782,0.000964
c7552,_1171_,XNOR2,0,0,2,1,11,2,2,0.0,2.66,1.0640000000000782,0.000968
c7552,_1172_,NAND4,0,1,4,1,12,1,1,-5.622641509428483e-05,2.394,1.0640000000000782,0.000969
c7552,_1173_,OR4,0,1,4,0,15,1,0,-4.226415094332747e-05,1.862,0.2660000000000764,0.000963
c7552,_1174_,NAND2,0,0,2,1,5,9,50,0.0,1.33,0.5320000000000391,0.000962
c7552,_1175_,NOR2,0,0,2,1,4,10,56,0.0,1.33,0.5320000000000391,0.000962
c7552,_1176_,OR2,0,0,2,4,4,11,72,0.0,1.33,0.2659999999999627,0.000962
c7552,_1177_,NAND2,0,0,2,3,4,12,71,0.0,1.33,0.5320000000000391,0.000962
c7552,_1178_,NAND2,0,0,2,3,4,12,72,0.0,1.33,0.5320000000000391,0.000962
c7552,_1179_,NAND2,0,0,2,2,5,11,60,0.0,1.33,0.5320000000000391,0.000963
c7552,_1180_,NAND2,0,0,2,2,6,10,58,0.0,1.33,0.5320000000000391,0.000963
c7552,_1181_,NAND2,0,0,2,1,4,10,56,0.0,1.33,0.5320000000000391,0.000962
c7552,_1182_,AOI21,0,0,3,4,7,9,55,3.622641509437585e-05,1.862,0.7980000000000018,0.000963
c7552,_1183_,NOR2,0,0,2,1,5,9,50,0.0,1.33,0.5320000000000391,0.000962
c7552,_1184_,OAI21,0,0,3,4,8,8,49,-1.2641509433919396e-05,1.862,0.7980000000000018,0.000963
c7552,_1185_,INV,0,0,1,2,5,11,61,0.0,0.798,0.2660000000000764,0.000962
c7552,_1186_,NAND2,0,0,2,1,6,8,8,0.0,1.33,0.5320000000000391,0.000962
c7552,_1187_,NAND2,0,0,2,1,7,7,7,0.0,1.33,0.5320000000000391,0.000963
c7552,_1188_,XNOR2,0,0,2,1,8,6,6,-1.547169811322302e-05,2.66,1.0640000000000782,0.000964
c7552,_1189_,XNOR2,0,0,2,2,9,5,5,0.0,2.66,1.0640000000000782,0.000965
c7552,_1190_,XOR2,0,0,2,3,5,8,51,0.0,2.394,0.7980000000000018,0.000963
c7552,_1191_,XNOR2,0,0,2,1,4,10,57,0.0,2.66,1.0640000000000782,0.000963
c7552,_1192_,INV,0,0,1,3,5,9,56,0.0,0.798,0.2660000000000764,0.000962
c7552,_1193_,NOR2,0,0,2,3,4,11,60,0.0,1.33,0.5320000000000391,0.000962
c7552,_1194_,NOR2,0,0,2,4,6,10,56,0.0,1.33,0.5320000000000391,0.000962
c7552,_1195_,AND2,0,0,2,3,5,10,59,0.0,1.33,0.2659999999999627,0.000963
c7552,_1196_,NAND2,0,0,2,2,7,9,53,0.0,1.33,0.5320000000000391,0.000963
c7552,_1197_,NOR2,0,0,2,3,8,8,50,0.0,1.33,0.5320000000000391,0.000963
c7552,_1198_,NAND2,0,0,2,3,9,7,45,0.0,1.33,0.5320000000000391,0.000963
c7552,_1199_,NAND2,0,0,2,1,10,6,5,0.0,1.33,0.5320000000000391,0.000963
c7552,_1200_,NOR2,0,0,2,1,9,7,6,-1.3773584905729663e-05,1.33,0.5320000000000391,0.000963
c7552,_1201_,MUX2,0,0,3,1,5,7,6,0.0,2.394,0.5320000000000391,0.000963
c7552,_1202_,XOR2,0,0,2,1,10,6,5,0.0,2.394,0.7980000000000018,0.000964
c7552,_1203_,XNOR2,0,0,2,1,11,5,4,0.0,2.66,1.0640000000000782,0.000965
c7552,_1204_,MUX2,0,0,3,1,12,4,3,0.0,2.394,0.5320000000000391,0.000965
c7552,_1205_,XNOR2,0,0,2,1,10,4,3,0.0,2.66,1.0640000000000782,0.000965
c7552,_1206_,NOR2,0,0,2,2,5,7,52,0.0,1.33,0.5320000000000391,0.000962
c7552,_1207_,NAND2,0,0,2,1,4,9,65,-9.433962264160378e-06,1.33,0.5320000000000391,0.000962
c7552,_1208_,INV,0,0,1,2,1,13,84,0.0,0.798,0.2660000000000764,0.000962
c7552,_1209_,OR2,0,1,2,2,4,11,79,9.811320754837816e-06,1.33,0.2659999999999627,0.000962
c7552,_1210_,NAND2,0,0,2,4,4,12,82,-7.641509433953253e-05,1.33,0.5320000000000391,0.000962
c7552,_1211_,NAND2,0,0,2,3,4,12,77,0.0,1.33,0.5320000000000391,0.000962
c7552,_1212_,NAND2,0,0,2,2,5,11,73,-8.301886792461133e-06,1.33,0.5320000000000391,0.000963
c7552,_1213_,NAND2,0,0,2,3,6,10,70,-7.603773584896611e-05,1.33,0.5320000000000391,0.000963
c7552,_1214_,OAI21,0,0,3,1,7,9,65,-5.6037735849057135e-05,1.862,0.7980000000000018,0.000963
c7552,_1215_,AND2,0,0,2,5,8,8,64,0.0,1.33,0.2659999999999627,0.000963
c7552,_1216_,AND2,0,1,2,5,5,9,72,-3.301886792450581e-05,1.33,0.2659999999999627,0.000963
c7552,_1217_,XNOR2,0,0,2,3,4,9,67,-7.415094339624506e-05,2.66,1.0640000000000782,0.000963
c7552,_1218_,XOR2,0,0,2,4,4,9,69,-1.0188679245293208e-05,2.394,0.7980000000000018,0.000963
c7552,_1219_,NAND3,0,0,3,2,6,8,62,-6.339622641504672e-05,1.862,0.7980000000000018,0.000963
c7552,_1220_,INV,0,0,1,2,5,9,68,0.0,0.798,0.2660000000000764,0.000962
c7552,_1221_,NAND2,0,0,2,1,3,10,71,0.0,1.33,0.5320000000000391,0.000962
c7552,_1222_,AOI21,0,0,3,2,5,10,72,-5.660377357941115e-07,1.862,0.7980000000000018,0.000963
c7552,_1223_,OAI21,0,0,3,2,6,9,70,0.0,1.862,0.7980000000000018,0.000963
c7552,_1224_,OAI21,0,0,3,3,7,8,65,0.0,1.862,0.7980000000000018,0.000963
c7552,_1225_,OAI22,1,26,4,1,6,9,62,-0.0045252830188678,2.394,1.0640000000000782,0.000963
c7552,_1226_,OAI22,0,0,4,2,6,9,67,-9.433962263605268e-07,2.394,1.0640000000000782,0.000963
c7552,_1227_,AOI211,1,26,4,2,7,8,61,-0.002823396226415,2.394,1.0640000000000782,0.000964
c7552,_1228_,NOR3,1,23,3,3,8,7,54,0.0032639622641509,1.862,0.7980000000000018,0.000963
c7552,_1230_,MUX2,0,0,3,1,13,3,2,-0.001165471698113,2.394,0.5320000000000391,0.000965
c7552,_1231_,AND2,0,0,2,2,5,10,34,0.0,1.33,0.2659999999999627,0.000962
c7552,_1232_,NOR2,0,0,2,2,5,10,34,0.0,1.33,0.5320000000000391,0.000962
c7552,_1233_,NOR2,0,0,2,2,6,9,33,0.0,1.33,0.5320000000000391,0.000963
c7552,_1234_,OR2,0,0,2,3,5,10,53,0.0,1.33,0.2659999999999627,0.000962
c7552,_1235_,NAND2,0,0,2,4,5,10,51,0.0,1.33,0.5320000000000391,0.000962
c7552,_1236_,AND2,0,0,2,4,6,9,43,0.0,1.33,0.2659999999999627,0.000963
c7552,_1237_,XOR2,0,0,2,3,5,9,40,7.547169811328303e-07,2.394,0.7980000000000018,0.000963
c7552,_1238_,XOR2,0,0,2,1,7,5,4,-7.54716981021808e-07,2.394,0.7980000000000018,0.000964
c7552,_1239_,XNOR2,0,0,2,3,5,7,44,0.0,2.66,1.0640000000000782,0.000963
c7552,_1240_,XOR2,0,0,2,1,6,6,5,0.0,2.394,0.7980000000000018,0.000964
c7552,_1241_,XNOR2,0,0,2,1,6,6,5,0.0,2.66,1.0640000000000782,0.000964
c7552,_1242_,XNOR2,0,0,2,1,7,5,4,0.0,2.66,1.0640000000000782,0.000966
c7552,_1243_,XNOR2,0,0,2,1,8,4,3,0.0,2.66,1.0640000000000782,0.000967
c7552,_1244_,XNOR2,0,0,2,1,9,3,2,0.0,2.66,1.0640000000000782,0.000968
c7552,_1245_,XNOR2,0,0,2,1,14,2,1,0.0,2.66,1.0640000000000782,0.000972
c7552,_1246_,NOR2,0,0,2,5,4,10,49,3.584905660380944e-05,1.33,0.5320000000000391,0.000962
c7552,_1247_,AND2,0,0,2,4,4,10,48,0.0,1.33,0.2659999999999627,0.000962
c7552,_1248_,NAND2,0,0,2,2,6,6,7,0.0,1.33,0.5320000000000391,0.000962
c7552,_1249_,AOI21,0,0,3,1,7,5,4,-1.150943396222015e-05,1.862,0.7980000000000018,0.000963
c7552,_1250_,AOI21,0,0,3,1,8,4,3,-1.1320754716881432e-05,1.862,0.7980000000000018,0.000963
c7552,_1251_,NOR2,0,0,2,1,5,7,34,0.0,1.33,0.5320000000000391,0.000962
c7552,_1252_,INV,0,0,1,1,6,9,39,0.0,0.798,0.2660000000000764,0.000962
c7552,_1253_,AOI21,0,0,3,3,7,8,38,-1.377358490550762e-05,1.862,0.7980000000000018,0.000963
c7552,_1254_,AOI21,0,0,3,1,8,7,34,0.0,1.862,0.7980000000000018,0.000963
c7552,_1255_,NOR2,0,0,2,4,9,6,33,0.0,1.33,0.5320000000000391,0.000963
c7552,_1256_,NOR2,0,0,2,3,5,9,39,-1.2075471698014262e-05,1.33,0.5320000000000391,0.000963
c7552,_1257_,NAND3,0,0,3,3,7,8,34,7.547169811328303e-07,1.862,0.7980000000000018,0.000963
c7552,_1258_,NAND2,0,0,2,1,10,4,3,-2.075471698059772e-06,1.33,0.5320000000000391,0.000963
c7552,_1259_,XNOR2,0,0,2,1,11,3,2,0.0,2.66,1.0640000000000782,0.000964
c7552,_1260_,OAI21,0,0,3,1,8,4,3,0.0,1.862,0.7980000000000018,0.000963
c7552,_1261_,XOR2,0,0,2,1,10,3,2,0.0,2.394,0.7980000000000018,0.000964
c7552,_1262_,NOR3,1,17,3,4,10,5,37,0.0050675471698113,1.862,0.7980000000000018,0.000963
c7552,_1263_,AND2,0,0,2,1,5,8,40,0.0,1.33,0.2659999999999627,0.000962
c7552,_1264_,OR2,0,0,2,1,5,8,40,0.0,1.33,0.2659999999999627,0.000962
c7552,_1265_,AOI21,0,0,3,3,9,7,39,0.0,1.862,0.7980000000000018,0.000963
c7552,_1266_,NOR2,0,4,2,4,11,4,8,-0.0036471698113207,1.33,0.5320000000000391,0.000963
c7552,_1267_,MUX2,0,1,3,1,12,2,1,-0.0003549056603773,2.394,0.5320000000000391,0.000964
c7552,_1268_,XNOR2,0,1,2,0,15,1,0,-8.415094339619955e-05,2.66,1.0640000000000782,0.000974
c7552,_1269_,XOR2,0,0,2,2,6,9,28,0.0,2.394,0.7980000000000018,0.000963
c7552,_1270_,XOR2,0,0,2,2,7,5,5,0.0,2.394,0.7980000000000018,0.000963
c7552,_1271_,XOR2,0,0,2,1,8,4,3,0.0,2.394,0.7980000000000018,0.000964
c7552,_1272_,XOR2,0,0,2,2,7,5,5,0.0,2.394,0.7980000000000018,0.000963
c7552,_1273_,NOR2,0,0,2,4,4,11,42,0.0,1.33,0.5320000000000391,0.000962
c7552,_1274_,AND2,0,0,2,3,4,10,35,0.0,1.33,0.2659999999999627,0.000962
c7552,_1275_,NOR2,0,0,2,3,5,9,30,0.0,1.33,0.5320000000000391,0.000962
c7552,_1276_,XNOR2,0,0,2,1,8,4,3,0.0,2.66,1.0640000000000782,0.000964
c7552,_1277_,XNOR2,0,0,2,1,9,3,2,0.0,2.66,1.0640000000000782,0.000965
c7552,_1278_,OAI21,0,0,3,3,3,12,46,-0.0002264150943396,1.862,0.7980000000000018,0.000963
c7552,_1279_,XNOR2,0,0,2,2,4,10,32,-1.8867924533871874e-07,2.66,1.0640000000000782,0.000963
c7552,_1280_,INV,0,0,1,4,5,9,28,0.0,0.798,0.2660000000000764,0.000962
c7552,_1281_,NOR2,0,0,2,2,7,7,23,0.0,1.33,0.5320000000000391,0.000962
c7552,_1282_,NOR2,0,0,2,1,6,9,31,0.0,1.33,0.5320000000000391,0.000962
c7552,_1283_,NAND2,0,0,2,1,4,11,35,0.0,1.33,0.5320000000000391,0.000962
c7552,_1284_,NOR2,0,0,2,3,4,11,38,2.2641509433984908e-05,1.33,0.5320000000000391,0.000962
c7552,_1285_,OAI21,0,0,3,2,5,10,34,-1.2830188679258114e-05,1.862,0.7980000000000018,0.000963
c7552,_1286_,AOI21,0,0,3,1,6,9,31,0.0,1.862,0.7980000000000018,0.000963
c7552,_1287_,NOR2,0,0,2,5,7,8,30,0.0,1.33,0.5320000000000391,0.000963
c7552,_1288_,NAND2,0,0,2,2,6,8,26,0.0,1.33,0.5320000000000391,0.000963
c7552,_1289_,INV,0,0,1,2,7,8,25,0.0,0.798,0.2660000000000764,0.000963
c7552,_1290_,OAI21,0,0,3,3,8,7,23,0.0,1.862,0.7980000000000018,0.000963
c7552,_1291_,NAND2,0,0,2,2,7,7,23,0.0,1.33,0.5320000000000391,0.000962
c7552,_1292_,AOI21,0,0,3,3,9,6,18,0.0,1.862,0.7980000000000018,0.000963
c7552,_1293_,NAND2,0,0,2,1,4,8,8,-1.8867924533871874e-07,1.33,0.5320000000000391,0.000962
c7552,_1294_,MUX2,0,0,3,1,5,7,7,0.0,2.394,0.5320000000000391,0.000963
c7552,_1295_,MUX2,0,0,3,1,9,6,6,0.0,2.394,0.5320000000000391,0.000963
c7552,_1296_,XNOR2,0,0,2,2,10,5,5,0.0,2.66,1.0640000000000782,0.000965
c7552,_1297_,XNOR2,0,0,2,1,11,4,3,0.0,2.66,1.0640000000000782,0.000965
c7552,_1298_,INV,0,0,1,1,8,7,20,0.0,0.798,0.2660000000000764,0.000963
c7552,_1299_,OAI21,0,0,3,2,9,6,19,0.0,1.862,0.7980000000000018,0.000963
c7552,_1300_,MUX2,0,0,3,1,5,7,6,-6.2264150942903385e-06,2.394,0.5320000000000391,0.000963
c7552,_1301_,XOR2,0,0,2,1,8,6,5,0.0,2.394,0.7980000000000018,0.000964
c7552,_1302_,XNOR2,0,0,2,1,10,5,4,0.0,2.66,1.0640000000000782,0.000965
c7552,_1303_,MUX2,0,0,3,1,11,4,3,0.0,2.394,0.5320000000000391,0.000965
c7552,_1304_,INV,0,0,1,2,7,8,29,0.0,0.798,0.2660000000000764,0.000962
c7552,_1305_,NOR2,0,0,2,3,8,7,27,-2.075471698059772e-06,1.33,0.5320000000000391,0.000963
c7552,_1306_,AOI21,0,0,3,1,10,6,26,0.0,1.862,0.7980000000000018,0.000963
c7552,_1307_,OAI21,0,0,3,2,11,5,25,0.0,1.862,0.7980000000000018,0.000963
c7552,_1308_,AOI21,0,4,3,5,12,4,11,-0.0040422641509433,1.862,0.7980000000000018,0.000963
c7552,_1309_,MUX2,0,0,3,1,13,3,2,-0.000176037735849,2.394,0.5320000000000391,0.000965
c7552,_1310_,XNOR2,0,0,2,1,14,2,1,0.0,2.66,1.0640000000000782,0.000969
c7552,_1311_,NAND3,0,0,3,2,1,4,9,0.0,1.862,0.7980000000000018,0.000962
c7552,_1312_,NAND2,0,0,2,3,1,5,15,0.0,1.33,0.5320000000000391,0.000962
c7552,_1313_,INV,0,0,1,4,1,6,17,0.0,0.798,0.2659999999999627,0.000962
c7552,_1314_,NAND2,0,0,2,2,1,6,13,0.0,1.33,0.5320000000000391,0.000962
c7552,_1315_,XNOR2,0,0,2,3,2,5,12,0.0,2.66,1.0639999999999643,0.000963
c7552,_1316_,NAND2,0,0,2,1,3,4,4,0.0,1.33,0.5320000000000391,0.000963
c7552,_1317_,NAND2,0,0,2,2,4,3,3,0.0,1.33,0.5320000000000391,0.000963
c7552,_1318_,NAND2,0,0,2,1,2,4,5,0.0,1.33,0.5320000000000391,0.000962
c7552,_1319_,MUX2,0,0,3,2,3,3,4,0.0,2.394,0.5320000000000391,0.000963
c7552,_1320_,NOR2,0,0,2,1,6,4,11,0.0,1.33,0.5320000000000391,0.000962
c7552,_1321_,AND2,0,0,2,1,7,4,11,0.0,1.33,0.2660000000000764,0.000962
c7552,_1322_,INV,0,0,1,1,10,5,14,0.0,0.798,0.2659999999999627,0.000963
c7552,_1323_,AOI211,1,8,4,2,12,4,13,-0.003194716981132,2.394,1.0639999999999643,0.000963
c7552,_1325_,MUX2,1,1,3,1,14,2,1,-0.0011228301886792,2.394,0.5320000000000391,0.000963
c7552,_1326_,XNOR2,1,1,2,0,15,1,0,-5.509433962269661e-05,2.66,1.0639999999999643,0.00097
c7552,_1327_,INV,0,0,1,1,9,7,7,-4.320754716979902e-05,0.798,0.2659999999999627,0.000962
c7552,_1328_,AND2,0,0,2,1,10,6,6,0.0,1.33,0.2660000000000764,0.000963
c7552,_1329_,NOR2,0,0,2,4,4,9,14,-5.622641509428483e-05,1.33,0.5320000000000391,0.000962
c7552,_1330_,OR2,0,0,2,1,5,8,8,-3.73584905660751e-05,1.33,0.2660000000000764,0.000962
c7552,_1331_,AOI22,0,0,4,1,6,7,7,-8.471698113210469e-05,2.394,1.0639999999999643,0.000963
c7552,_1332_,XNOR2,0,0,2,3,5,8,11,0.0,2.66,1.0639999999999643,0.000963
c7552,_1333_,XNOR2,0,0,2,1,6,7,7,-1.52830188678843e-05,2.66,1.0639999999999643,0.000964
c7552,_1334_,XNOR2,0,0,2,1,7,6,6,0.0,2.66,1.0639999999999643,0.000965
c7552,_1335_,XNOR2,0,0,2,2,11,5,5,0.0,2.66,1.0639999999999643,0.000966
c7552,_1336_,NAND2,0,0,2,1,5,8,8,0.0,1.33,0.5320000000000391,0.000962
c7552,_1337_,OAI21,0,0,3,1,7,7,7,-9.07547169810563e-05,1.862,0.7980000000000018,0.000963
c7552,_1338_,XOR2,0,0,2,1,8,6,6,0.0,2.394,0.7980000000000018,0.000964
c7552,_1339_,XNOR2,0,1,2,1,6,7,7,1.4528301886862494e-05,2.66,1.0639999999999643,0.000964
c7552,_1340_,XNOR2,0,1,2,1,9,6,6,-2.924528301884166e-05,2.66,1.0639999999999643,0.000965
c7552,_1341_,XNOR2,0,1,2,2,10,5,5,-5.415094339622506e-05,2.66,1.0639999999999643,0.000966
c7552,_1342_,NAND2,0,0,2,1,7,5,4,0.0,1.33,0.5320000000000391,0.000963
c7552,_1343_,MUX2,0,0,3,1,12,4,3,-3.188679245280657e-05,2.394,0.5320000000000391,0.000966
c7552,_1344_,MUX2,0,1,3,1,12,4,3,-2.6037735849082644e-05,2.394,0.5320000000000391,0.000966
c7552,_1345_,MUX2,0,1,3,1,13,3,2,-0.000309433962264,2.394,0.5320000000000391,0.000967
c7552,_1346_,NOR2,0,0,2,2,4,4,4,0.0,1.33,0.5320000000000391,0.000963
c7552,_1347_,XOR2,0,0,2,1,5,3,2,1.24528301886917e-05,2.394,0.7980000000000018,0.000964
c7552,_1348_,XNOR2,0,1,2,1,14,2,1,-2.943396226418038e-05,2.66,1.0639999999999643,0.000969
c7552,_1349_,NOR2,0,0,2,1,6,6,6,-9.433962263605268e-07,1.33,0.5320000000000391,0.000963
c7552,_1350_,NAND2,0,0,2,2,5,7,9,-7.54716981021808e-07,1.33,0.5320000000000391,0.000963
c7552,_1351_,NAND2,0,0,2,2,2,9,13,0.0,1.33,0.5320000000000391,0.000962
c7552,_1352_,NOR2,0,0,2,2,3,8,10,1.8867924533871874e-07,1.33,0.5320000000000391,0.000962
c7552,_1353_,NOR2,0,0,2,1,4,7,7,-1.7924528301849207e-05,1.33,0.5320000000000391,0.000963
c7552,_1354_,XNOR2,0,0,2,1,6,6,6,0.0,2.66,1.0639999999999643,0.000964
c7552,_1355_,XNOR2,0,0,2,2,7,5,5,0.0,2.66,1.0639999999999643,0.000965
c7552,_1356_,XNOR2,0,0,2,1,8,4,3,0.0,2.66,1.0639999999999643,0.000966
c7552,_1357_,NOR2,0,0,2,2,2,9,8,0.0,1.33,0.5320000000000391,0.000962
c7552,_1358_,NAND2,0,0,2,1,2,9,8,-4.716981132024678e-06,1.33,0.5320000000000391,0.000962
c7552,_1359_,NAND2,0,0,2,1,3,8,7,0.0,1.33,0.5320000000000391,0.000962
c7552,_1360_,OAI21,0,0,3,1,4,7,6,0.0,1.862,0.7980000000000018,0.000963
c7552,_1361_,XNOR2,0,0,2,1,6,6,5,0.0,2.66,1.0639999999999643,0.000964
c7552,_1362_,XNOR2,0,0,2,1,7,5,4,0.0,2.66,1.0639999999999643,0.000965
c7552,_1363_,MUX2,0,0,3,1,8,4,3,0.0,2.394,0.5320000000000391,0.000965
c7552,_1364_,MUX2,0,0,3,1,9,3,2,-0.0003839622641509,2.394,0.5320000000000391,0.000966
c7552,_1365_,INV,0,0,1,3,3,4,7,0.0,0.798,0.2659999999999627,0.000962
c7552,_1366_,XNOR2,0,0,2,1,7,3,2,0.0,2.66,1.0639999999999643,0.000964
c7552,_1367_,XNOR2,0,0,2,1,10,2,1,0.0,2.66,1.0639999999999643,0.000967
c7552,_1368_,XNOR2,0,1,2,0,15,1,0,-3.698113207550868e-05,2.66,1.0639999999999643,0.000974
c7552,_1369_,NOR2,0,3,2,5,4,5,10,0.0004718867924528,1.33,0.5320000000000391,0.000962
c7552,_1370_,NOR2,0,0,2,2,5,8,14,-1.886792452832076e-06,1.33,0.5320000000000391,0.000963
c7552,_1371_,AOI21,0,0,3,2,6,7,10,-0.0139786792452829,1.862,0.7980000000000018,0.000963
c7552,_1372_,AND2,0,0,2,3,4,8,13,-1.8867924533871874e-07,1.33,0.2660000000000764,0.000963
c7552,_1373_,NOR2,0,0,2,1,5,7,6,-0.0130909433962262,1.33,0.5320000000000391,0.000963
c7552,_1374_,OR2,0,0,2,2,2,9,10,-0.0009930188679244,1.33,0.2660000000000764,0.000962
c7552,_1375_,AND2,0,0,2,2,2,9,13,-0.0009656603773584,1.33,0.2660000000000764,0.000962
c7552,_1376_,AOI21,0,0,3,2,4,8,9,-0.0001707547169811,1.862,0.7980000000000018,0.000963
c7552,_1377_,MUX2,0,0,3,1,5,7,6,-9.811320754726792e-06,2.394,0.5320000000000391,0.000963
c7552,_1378_,XNOR2,0,0,2,1,6,6,5,0.0,2.66,1.0639999999999643,0.000964
c7552,_1379_,XNOR2,0,0,2,1,7,5,4,0.0,2.66,1.0639999999999643,0.000965
c7552,_1380_,NAND2,0,0,2,1,8,4,3,-0.0004818867924528,1.33,0.5320000000000391,0.000964
c7552,_1381_,NOR2,0,0,2,1,3,8,8,0.0,1.33,0.5320000000000391,0.000962
c7552,_1382_,AOI211,0,0,4,1,4,7,7,-0.0002071698113207,2.394,1.0639999999999643,0.000963
c7552,_1383_,AOI21,0,0,3,1,5,6,6,-0.0002067924528301,1.862,0.7980000000000018,0.000963
c7552,_1384_,XNOR2,0,0,2,1,6,5,5,0.0,2.66,1.0639999999999643,0.000964
c7552,_1385_,XNOR2,0,0,2,2,7,4,4,0.0,2.66,1.0639999999999643,0.000964
c7552,_1386_,OAI211,0,0,4,1,9,3,2,-0.0005416981132075,2.394,1.0639999999999643,0.000964
c7552,_1387_,XOR2,0,0,2,1,8,3,2,-0.0006962264150943,2.394,0.7980000000000018,0.000965
c7552,_1388_,OAI21,0,0,3,1,10,2,1,0.0,1.862,0.7980000000000018,0.000964
c7552,_1389_,INV,0,0,1,3,1,6,7,0.0,0.798,0.2659999999999627,0.000962
c7552,_1390_,AOI21,0,0,3,3,5,8,13,-0.0002815094339622,1.862,0.7980000000000018,0.000963
c7552,_1391_,NAND2,0,0,2,1,6,7,8,-3.773584904553928e-07,1.33,0.5320000000000391,0.000963
c7552,_1392_,XOR2,0,1,2,2,4,8,12,2.471698113204468e-05,2.394,0.7980000000000018,0.000964
c7552,_1393_,INV,0,0,1,3,3,10,18,0.0,0.798,0.2659999999999627,0.000962
c7552,_1394_,OAI21,0,0,3,3,3,9,17,0.0,1.862,0.7980000000000018,0.000963
c7552,_1395_,NOR2,0,0,2,2,4,9,14,-0.0001211320754715,1.33,0.5320000000000391,0.000962
c7552,_1396_,AOI22,0,0,4,1,5,8,9,0.0,2.394,1.0639999999999643,0.000963
c7552,_1397_,XNOR2,0,1,2,1,6,7,8,-0.0001686792452829,2.66,1.0639999999999643,0.000965
c7552,_1398_,XNOR2,0,1,2,2,7,6,7,-7.547169811328303e-07,2.66,1.0639999999999643,0.000966
c7552,_1399_,NAND2,0,0,2,1,4,7,6,0.0,1.33,0.5320000000000391,0.000962
c7552,_1400_,OAI21,0,0,3,2,7,6,5,0.0,1.862,0.7980000000000018,0.000963
c7552,_1401_,AOI21,0,1,3,1,8,5,4,-3.622641509437585e-05,1.862,0.7980000000000018,0.000964
c7552,_1402_,NOR2,0,0,2,2,2,9,11,0.0,1.33,0.5320000000000391,0.000962
c7552,_1403_,OAI21,0,0,3,1,3,8,8,0.0,1.862,0.7980000000000018,0.000963
c7552,_1404_,OAI21,0,0,3,1,5,7,7,0.0,1.862,0.7980000000000018,0.000963
c7552,_1405_,XNOR2,0,0,2,1,6,6,6,-0.0002103773584904,2.66,1.0639999999999643,0.000965
c7552,_1406_,XNOR2,0,0,2,2,7,5,5,0.0,2.66,1.0639999999999643,0.000966
c7552,_1407_,OAI21,0,1,3,1,9,4,3,-5.415094339622506e-05,1.862,0.7980000000000018,0.000965
c7552,_1408_,NAND2,0,0,2,1,8,5,4,-0.000385471698113,1.33,0.5320000000000391,0.000964
c7552,_1409_,NAND2,0,0,2,1,9,4,3,0.0,1.33,0.5320000000000391,0.000963
c7552,_1410_,NOR2,0,0,2,1,8,4,3,-0.0002952830188678,1.33,0.5320000000000391,0.000964
c7552,_1411_,OAI21,0,1,3,1,10,3,2,-4.622641509433034e-05,1.862,0.7980000000000018,0.000965
c7552,_1412_,XNOR2,0,0,2,1,4,4,3,0.0,2.66,1.0639999999999643,0.000964
c7552,_1413_,XNOR2,0,0,2,1,5,4,3,-0.0034075471698112,2.66,1.0639999999999643,0.000964
c7552,_1414_,XNOR2,0,0,2,1,6,3,2,1.1698113207558867e-05,2.66,1.0639999999999643,0.000966
c7552,_1415_,XNOR2,0,1,2,1,11,2,1,-5.6037735849057135e-05,2.66,1.0639999999999643,0.000969
c7552,_1416_,XNOR2,0,1,2,0,12,1,0,-9.83018867923846e-05,2.66,1.0639999999999643,0.000971
c7552,_1417_,NAND2,0,1,2,1,9,2,1,-0.0001713207547169,1.33,0.5320000000000391,0.000963
c7552,_1418_,XOR2,0,1,2,0,10,1,0,-9.396226415092634e-05,2.394,0.7980000000000018,0.000964
c7552,_1419_,NAND2,0,2,2,2,8,4,5,-0.0004739622641508,1.33,0.5320000000000391,0.000963
c7552,_1420_,NOR2,0,1,2,1,9,3,2,-0.0001722641509432,1.33,0.5320000000000391,0.000963
c7552,_1421_,AOI211,0,1,4,1,10,2,1,-0.0001550943396225,2.394,1.0639999999999643,0.000963
c7552,_1422_,XNOR2,0,1,2,0,11,1,0,-2.886792452827525e-05,2.66,1.0639999999999643,0.000964
c7552,_1423_,NAND2,0,1,2,1,9,2,1,-0.0002099999999999,1.33,0.5320000000000391,0.000963
c7552,_1424_,XNOR2,0,1,2,0,10,1,0,-7.452830188681148e-05,2.66,1.0639999999999643,0.000964
c7552,_1426_,NOR2,0,1,2,1,9,2,1,-0.0066583018867923,1.33,0.5320000000000391,0.000963
c7552,_1427_,XNOR2,0,1,2,0,10,1,0,-4.999999999999449e-05,2.66,1.0639999999999643,0.000964
c7552,_1428_,NAND2,0,0,2,1,6,3,2,-4.811320754716242e-05,1.33,0.5320000000000391,0.000963
c7552,_1429_,OR2,0,3,2,3,8,3,5,-0.0006718867924527,1.33,0.2660000000000764,0.000963
c7552,_1430_,OAI21,0,1,3,1,9,2,1,-0.0001692452830187,1.862,0.7980000000000018,0.000963
c7552,_1431_,XOR2,0,1,2,0,10,1,0,-0.0002233962264149,2.394,0.7980000000000018,0.000964
c7552,_1432_,OAI21,0,1,3,1,9,2,1,-0.0001662264150943,1.862,0.7980000000000018,0.000963
c7552,_1433_,XOR2,0,1,2,0,10,1,0,-0.0002758490566037,2.394,0.7980000000000018,0.000964
c7552,_1434_,XNOR2,0,1,2,0,9,1,0,-0.0002171698113206,2.66,1.0639999999999643,0.000964
c7552,_1436_,XNOR2,0,1,2,0,5,1,0,-0.0006828301886793,2.66,1.0639999999999643,0.000963
c7552,_1437_,XNOR2,0,0,2,2,2,3,6,0.0,2.66,1.0639999999999643,0.000963
c7552,_1438_,NAND3,0,4,3,4,14,2,4,-0.0002722641509432,1.862,0.7980000000000018,0.000963
c7552,_1439_,NAND2,0,0,2,4,2,2,4,0.0,1.33,0.5319999999999254,0.000962
c7552,_1440_,NAND2,0,1,2,0,15,1,0,-0.0005216981132075,1.33,0.5319999999999254,0.000963
c7552,_1441_,INV,0,0,1,2,1,3,4,0.0,0.798,0.2659999999999627,0.000962
c7552,_1442_,NOR3,0,0,3,2,2,2,2,0.0,1.862,0.7980000000000018,0.000962
c7552,_1443_,XOR2,0,0,2,1,10,5,6,-1.132075471588223e-06,2.394,0.7980000000000018,0.000963
c7552,_1444_,XOR2,0,0,2,1,10,6,7,-7.54716981021808e-07,2.394,0.7980000000000018,0.000963
c7552,_1445_,NOR2,0,0,2,2,10,6,10,0.0,1.33,0.5319999999999254,0.000962
c7552,_1446_,AOI211,0,0,4,1,11,5,6,0.0,2.394,1.0639999999999643,0.000964
c7552,_1447_,NOR2,0,0,2,1,10,7,10,0.0,1.33,0.5319999999999254,0.000963
c7552,_1448_,AOI21,0,0,3,2,11,6,9,0.0,1.862,0.7980000000000018,0.000963
c7552,_1449_,NAND3,0,0,3,2,12,4,5,0.0,1.862,0.7980000000000018,0.000963
c7552,_1450_,XNOR2,0,0,2,1,11,4,4,-0.0002169811320753,2.66,1.0639999999999643,0.000963
c7552,_1451_,AND2,0,0,2,2,8,8,14,0.0,1.33,0.2659999999999627,0.000962
c7552,_1452_,OAI22,0,0,4,2,7,9,15,0.0,2.394,1.0639999999999643,0.000963
c7552,_1453_,NAND2,0,0,2,1,7,10,16,0.0,1.33,0.5319999999999254,0.000962
c7552,_1454_,NAND2,0,0,2,2,7,10,16,0.0,1.33,0.5319999999999254,0.000962
c7552,_1455_,NAND2,0,0,2,1,8,9,15,0.0,1.33,0.5319999999999254,0.000963
c7552,_1456_,OR2,0,0,2,2,9,8,14,0.0,1.33,0.2659999999999627,0.000963
c7552,_1457_,INV,0,0,1,1,8,9,14,0.0,0.798,0.2660000000000764,0.000962
c7552,_1458_,OAI22,0,0,4,2,9,8,13,0.0,2.394,1.0639999999999643,0.000963
c7552,_1459_,AOI21,0,0,3,1,8,8,13,0.0,1.862,0.7980000000000018,0.000963
c7552,_1460_,NOR4,0,0,4,3,10,7,12,0.0,2.394,1.0639999999999643,0.000963
c7552,_1461_,OAI21,0,0,3,1,11,6,6,-3.132075471690143e-05,1.862,0.7980000000000018,0.000963
c7552,_1462_,NAND2,0,0,2,1,6,8,8,-1.8867924533871874e-07,1.33,0.5320000000000391,0.000963
c7552,_1463_,AND2,0,0,2,1,6,10,15,0.0,1.33,0.2660000000000764,0.000962
c7552,_1464_,OAI22,0,0,4,1,6,10,15,-1.8867924533871874e-07,2.394,1.0639999999999643,0.000963
c7552,_1465_,AOI211,0,0,4,3,7,9,14,4.339622641569285e-06,2.394,1.0639999999999643,0.000963
c7552,_1466_,NAND3,0,0,3,1,8,8,8,-4.4528301886836985e-05,1.862,0.7980000000000018,0.000963
c7552,_1467_,OAI211,0,0,4,1,6,8,8,-1.8867924533871874e-07,2.394,1.0639999999999643,0.000963
c7552,_1468_,NAND3,0,0,3,1,9,7,7,0.0,1.862,0.7980000000000018,0.000963
c7552,_1469_,OAI21,0,0,3,1,10,6,6,0.0,1.862,0.7980000000000018,0.000963
c7552,_1470_,AOI22,0,0,4,2,9,9,13,0.0,2.394,1.0639999999999643,0.000963
c7552,_1471_,AOI21,0,0,3,1,12,5,5,0.0,1.862,0.7980000000000018,0.000963
c7552,_1472_,NOR2,0,0,2,1,10,5,5,0.0,1.33,0.5319999999999254,0.000963
c7552,_1473_,AOI221,0,0,5,1,13,4,4,0.0,2.926,1.3299999999999272,0.000964
c7552,_1474_,AOI22,0,0,4,2,8,10,15,0.0,2.394,1.0639999999999643,0.000963
c7552,_1475_,NOR2,0,0,2,1,6,7,8,0.0,1.33,0.5319999999999254,0.000963
c7552,_1476_,OR2,0,0,2,1,9,6,7,0.0,1.33,0.2659999999999627,0.000963
c7552,_1477_,OR2,0,0,2,1,5,11,18,0.0,1.33,0.2659999999999627,0.000962
c7552,_1478_,AOI22,0,0,4,2,6,11,18,0.0,2.394,1.0639999999999643,0.000963
c7552,_1479_,OR2,0,0,2,1,6,11,18,0.0,1.33,0.2659999999999627,0.000962
c7552,_1480_,AND3,0,0,3,2,7,10,17,0.0,1.596,0.2659999999999627,0.000963
c7552,_1481_,NOR2,0,0,2,1,7,12,14,-0.0005779245283018,1.33,0.5319999999999254,0.000962
c7552,_1482_,AOI21,0,0,3,2,8,11,13,0.0,1.862,0.7980000000000018,0.000963
c7552,_1483_,NAND2,0,0,2,1,9,10,11,0.0,1.33,0.5319999999999254,0.000963
c7552,_1484_,NOR2,0,0,2,1,9,10,11,0.0,1.33,0.5319999999999254,0.000962
c7552,_1485_,NAND2,0,0,2,2,7,10,18,0.0,1.33,0.5319999999999254,0.000962
c7552,_1486_,OAI21,0,0,3,1,10,9,10,0.0,1.862,0.7980000000000018,0.000963
c7552,_1487_,NAND2,0,0,2,1,11,8,9,0.0,1.33,0.5319999999999254,0.000963
c7552,_1488_,NOR2,0,0,2,1,5,8,9,0.0,1.33,0.5319999999999254,0.000963
c7552,_1489_,OAI21,0,0,3,1,12,7,8,0.0,1.862,0.7980000000000018,0.000963
c7552,_1490_,OR2,0,0,2,1,7,10,15,0.0,1.33,0.2659999999999627,0.000962
c7552,_1491_,XNOR2,0,0,2,1,8,10,15,0.0,2.66,1.0639999999999643,0.000963
c7552,_1492_,AND4,0,0,4,2,9,9,14,0.0,1.862,0.2659999999999627,0.000963
c7552,_1493_,NAND2,0,0,2,1,7,8,9,0.0,1.33,0.5319999999999254,0.000963
c7552,_1494_,NAND2,0,0,2,1,8,11,18,0.0,1.33,0.5319999999999254,0.000963
c7552,_1495_,NAND2,0,0,2,1,7,11,18,0.0,1.33,0.5319999999999254,0.000963
c7552,_1496_,NAND2,0,0,2,2,9,10,17,0.0,1.33,0.5319999999999254,0.000963
c7552,_1497_,AOI22,0,0,4,1,6,10,11,0.0,2.394,1.0639999999999643,0.000963
c7552,_1498_,INV,0,0,1,2,5,12,14,0.0,0.798,0.2659999999999627,0.000962
c7552,_1499_,NOR2,0,0,2,1,7,11,12,0.0,1.33,0.5319999999999254,0.000963
c7552,_1500_,AOI22,0,0,4,1,7,11,12,0.0,2.394,1.0639999999999643,0.000963
c7552,_1501_,NAND3,0,0,3,2,5,12,21,0.0,1.862,0.7980000000000018,0.000963
c7552,_1502_,NAND3,0,0,3,2,5,12,19,0.0,1.862,0.7980000000000018,0.000962
c7552,_1503_,AOI21,0,0,3,2,5,12,20,0.0,1.862,0.7980000000000018,0.000963
c7552,_1504_,OAI221,0,0,5,1,6,11,12,0.0,2.926,1.3299999999999272,0.000963
c7552,_1505_,AOI221,0,0,5,1,8,10,11,0.0,2.926,1.3299999999999272,0.000964
c7552,_1506_,XOR2,0,0,2,1,6,11,19,0.0,2.394,0.7980000000000018,0.000963
c7552,_1507_,OAI21,0,0,3,2,7,10,18,0.0,1.862,0.7980000000000018,0.000963
c7552,_1508_,OAI21,0,0,3,1,9,9,10,0.0,1.862,0.7980000000000018,0.000963
c7552,_1509_,OAI22,0,0,4,1,8,10,11,0.0,2.394,1.0639999999999643,0.000963
c7552,_1510_,INV,0,0,1,1,9,9,10,0.0,0.798,0.2659999999999627,0.000962
c7552,_1511_,AOI21,0,0,3,1,10,8,9,0.0,1.862,0.7980000000000018,0.000963
c7552,_1512_,OAI22,0,0,4,1,7,8,9,0.0,2.394,1.0639999999999643,0.000963
c7552,_1513_,OAI21,0,0,3,1,11,7,8,0.0,1.862,0.7980000000000018,0.000963
c7552,_1514_,AOI21,0,0,3,1,13,6,7,0.0,1.862,0.7980000000000018,0.000964
c7552,_1515_,OR2,0,0,2,1,6,10,14,0.0,1.33,0.2659999999999627,0.000962
c7552,_1516_,OAI211,0,0,4,2,9,9,13,0.0,2.394,1.0639999999999643,0.000963
c7552,_1517_,NAND2,0,0,2,1,7,10,15,0.0,1.33,0.5319999999999254,0.000963
c7552,_1518_,INV,0,0,1,1,7,10,15,-1.1320754716881432e-05,0.798,0.2659999999999627,0.000962
c7552,_1519_,OAI21,0,0,3,2,8,9,14,-0.0003141509433961,1.862,0.7980000000000018,0.000963
c7552,_1520_,INV,0,3,1,2,8,10,15,4.641509433966906e-05,0.798,0.2659999999999627,0.000962
c7552,_1521_,NOR2,0,3,2,1,9,9,13,-0.0002090566037735,1.33,0.5319999999999254,0.000962
c7552,_1522_,NOR2,0,0,2,1,7,9,13,0.0,1.33,0.5319999999999254,0.000963
c7552,_1523_,OR4,0,3,4,2,10,8,12,0.0006418867924528,1.862,0.2659999999999627,0.000963
c7552,_1524_,OAI21,0,0,3,1,9,6,7,-0.0003011320754716,1.862,0.7980000000000018,0.000963
c7552,_1525_,OAI221,0,1,5,2,14,5,6,-0.0001698113207546,2.926,1.3299999999999272,0.000964
c7552,_1526_,OAI21,0,0,3,1,10,8,10,0.0,1.862,0.7980000000000018,0.000963
c7552,_1527_,XOR2,0,0,2,1,7,9,11,0.0,2.394,0.7980000000000018,0.000963
c7552,_1528_,OAI21,0,0,3,1,9,8,10,0.0,1.862,0.7980000000000018,0.000963
c7552,_1529_,NOR2,0,0,2,2,11,7,9,0.0,1.33,0.5319999999999254,0.000963
c7552,_1530_,NAND4,0,0,4,1,15,4,4,-0.0002301886792451,2.394,1.0639999999999643,0.000963
c7552,_1531_,AOI211,0,0,4,1,16,3,3,0.0,2.394,1.0639999999999643,0.000963
c7552,_1532_,XOR2,0,0,2,1,7,9,10,0.0,2.394,0.7980000000000018,0.000963
c7552,_1533_,NOR2,0,0,2,1,8,10,11,0.0,1.33,0.5319999999999254,0.000963
c7552,_1534_,NOR2,0,0,2,1,7,10,11,0.0,1.33,0.5319999999999254,0.000963
c7552,_1535_,NOR3,0,0,3,1,10,9,10,0.0,1.862,0.7980000000000018,0.000963
c880,_139_,INV,0,0,1,1,1,2,1,0.0,0.798,0.2659999999999911,0.000104
c880,_140_,NAND3,1,10,3,2,1,12,98,0.0013765384615384,1.862,0.7980000000000018,0.000104
c880,_141_,NOR2,0,1,2,0,2,1,0,-0.0023457692307692,1.33,0.5320000000000107,0.000104
c880,_142_,AND3,0,1,3,0,1,1,0,0.0001096153846154,1.596,0.2659999999999911,0.000104
c880,_143_,XNOR2,0,0,2,1,1,12,97,-0.0005680769230769,2.66,1.063999999999993,0.000105
c880,_144_,NAND3,0,1,3,2,1,12,107,-0.0004546153846153,1.862,0.7980000000000018,0.000104
c880,_145_,NAND2,0,0,2,2,1,12,102,-0.0001284615384614,1.33,0.5320000000000107,0.000104
c880,_146_,AND3,0,0,3,1,1,12,97,-8.653846153844347e-05,1.596,0.2659999999999911,0.000104
c880,_147_,INV,0,0,1,1,1,12,97,-5.153846153843622e-05,0.798,0.2659999999999911,0.000104
c880,_149_,NAND2,1,8,2,1,3,10,37,-0.0032888461538461,1.33,0.5320000000000107,0.000104
c880,_150_,INV,0,0,1,2,1,11,91,0.0,0.798,0.2659999999999911,0.000104
c880,_151_,INV,0,1,1,2,2,1,100,-6.961538461533467e-05,0.798,0.2659999999999911,0.000104
c880,_152_,AND4,0,0,4,2,3,11,91,-9.730769230770207e-05,1.862,0.2659999999999911,0.000104
c880,_153_,NAND3,0,0,3,4,4,10,61,0.0,1.862,0.7980000000000018,0.000104
c880,_154_,INV,0,0,1,1,1,11,62,-0.000701923076923,0.798,0.2659999999999911,0.000104
c880,_155_,AND2,0,0,2,2,3,11,95,-7.423076923077088e-05,1.33,0.2660000000000195,0.000104
c880,_156_,AOI21,0,0,3,4,4,10,61,-0.0004988461538461,1.862,0.7980000000000018,0.000105
c880,_157_,INV,0,0,1,1,1,10,37,0.0,0.798,0.2659999999999911,0.000104
c880,_158_,OAI211,1,8,4,4,5,9,36,0.0001803846153846,2.394,1.063999999999993,0.000105
c880,_159_,NAND2,0,0,2,1,6,4,3,-0.001751923076923,1.33,0.5320000000000107,0.000105
c880,_160_,AND4,0,2,4,3,1,6,31,0.0003299999999999,1.862,0.2659999999999911,0.000104
c880,_161_,AND4,0,0,4,1,1,6,29,-7.230769230764933e-05,1.862,0.2659999999999911,0.000104
c880,_162_,AND3,0,0,3,8,2,5,28,-0.0002215384615384,1.596,0.2659999999999911,0.000104
c880,_163_,AOI222,0,0,6,1,3,4,3,0.0,3.724,1.5959999999999752,0.000105
c880,_164_,NAND2,0,0,2,1,7,3,2,0.0,1.33,0.5319999999999823,0.000105
c880,_165_,AND2,0,1,2,2,6,4,4,-0.000481923076923,1.33,0.2660000000000195,0.000105
c880,_166_,NOR2,0,0,2,3,6,8,31,-0.0016276923076922,1.33,0.5319999999999823,0.000105
c880,_167_,NOR2,0,1,2,2,7,3,3,-6.730769230767208e-05,1.33,0.5319999999999823,0.000105
c880,_168_,AOI221,0,1,5,1,8,2,1,-5.1923076923088285e-05,2.926,1.329999999999984,0.000105
c880,_169_,XNOR2,0,0,2,1,8,2,1,-0.0001388461538461,2.66,1.0639999999999643,0.000105
c880,_170_,INV,0,0,1,8,1,4,10,1.3461538461573276e-05,0.798,0.2659999999999627,0.000104
c880,_171_,OAI21,0,1,3,0,9,1,0,-0.0004434615384615,1.862,0.7980000000000018,0.000105
c880,_172_,AND3,0,1,3,0,1,1,0,7.576923076924036e-05,1.596,0.2659999999999627,0.000104
c880,_173_,AND2,0,1,2,0,1,1,0,7.961538461537243e-05,1.33,0.2660000000000195,0.000104
c880,_174_,NAND3,0,1,3,2,1,2,3,6.269230769231915e-05,1.862,0.7980000000000018,0.000104
c880,_175_,INV,0,1,1,1,2,1,1,-7.653846153843347e-05,0.798,0.2659999999999627,0.000104
c880,_176_,AND4,0,2,4,2,1,2,2,0.0004026923076923,1.862,0.2659999999999627,0.000104
c880,_177_,NAND2,0,1,2,0,2,1,0,-0.0006511538461538,1.33,0.5319999999999823,0.000104
c880,_178_,OR2,0,2,2,2,1,2,2,0.0003953846153846,1.33,0.2660000000000195,0.000104
c880,_179_,AND2,0,1,2,0,2,1,0,-6.192307692304277e-05,1.33,0.2660000000000195,0.000105
c880,_180_,NAND2,0,0,2,1,3,8,26,-0.0050049999999999,1.33,0.5319999999999823,0.000104
c880,_181_,INV,0,0,1,1,1,8,26,0.0,0.798,0.2659999999999627,0.000104
c880,_182_,OAI211,0,0,4,4,5,7,25,-3.8461538459655387e-07,2.394,1.0639999999999643,0.000105
c880,_183_,AND2,0,0,2,2,6,5,6,0.0,1.33,0.2660000000000195,0.000105
c880,_184_,NOR2,0,0,2,3,6,6,20,0.0,1.33,0.5319999999999823,0.000105
c880,_185_,NOR2,0,0,2,3,7,4,4,0.0,1.33,0.5319999999999823,0.000105
c880,_186_,AND2,0,0,2,2,3,9,30,-0.0021261538461538,1.33,0.2660000000000195,0.000104
c880,_187_,INV,0,0,1,1,1,10,31,0.0,0.798,0.2659999999999627,0.000104
c880,_188_,OAI21,0,0,3,2,5,9,30,-3.8461538459655387e-07,1.862,0.7980000000000018,0.000105
c880,_189_,OR2,0,0,2,3,6,8,29,0.0,1.33,0.2660000000000195,0.000105
c880,_190_,NOR2,0,0,2,2,7,5,8,-8.153846153843847e-05,1.33,0.5319999999999823,0.000105
c880,_191_,NAND2,0,1,2,1,3,10,33,-0.0047757692307692,1.33,0.5319999999999823,0.000104
c880,_192_,INV,0,0,1,1,1,10,33,0.0,0.798,0.2659999999999627,0.000104
c880,_193_,OAI211,0,1,4,3,5,9,32,-6.653846153847898e-05,2.394,1.0639999999999643,0.000105
c880,_194_,AND2,0,1,2,4,6,7,27,0.0003584615384615,1.33,0.2660000000000195,0.000105
c880,_195_,NOR2,0,0,2,2,6,8,28,-0.0002130769230769,1.33,0.5319999999999823,0.000105
c880,_196_,AOI21,1,7,3,2,6,8,27,0.0003984615384615,1.862,0.7980000000000018,0.000105
c880,_197_,NOR3,1,7,3,2,7,7,23,0.0021584615384615,1.862,0.7980000000000018,0.000105
c880,_198_,NOR2,0,2,2,2,8,5,6,-0.0041180769230769,1.33,0.5319999999999823,0.000105
c880,_199_,AND2,0,0,2,4,7,7,25,-2.26923076923069e-05,1.33,0.2660000000000195,0.000105
c880,_200_,INV,0,0,1,1,8,5,4,-1.8461538461522764e-05,0.798,0.2659999999999627,0.000104
c880,_201_,AOI21,0,1,3,2,9,4,3,0.0001111538461538,1.862,0.7980000000000018,0.000105
c880,_202_,AOI21,0,1,3,1,10,3,2,-0.0003042307692307,1.862,0.7980000000000018,0.000105
c880,_203_,OAI21,0,1,3,1,11,2,1,-0.0004226923076922,1.862,0.7980000000000018,0.000105
c880,_204_,NAND2,0,0,2,1,8,2,1,-2.230769230765484e-05,1.33,0.5319999999999823,0.000105
c880,_205_,NAND2,0,0,2,1,7,2,1,0.0,1.33,0.5319999999999823,0.000104
c880,_206_,AOI222,0,0,6,1,6,2,1,0.0,3.724,1.5960000000000036,0.000105
c880,_207_,NAND4,0,1,4,0,12,1,0,-0.0001496153846153,2.394,1.0640000000000214,0.000105
c880,_208_,AND2,0,1,2,0,2,1,0,-6.192307692304277e-05,1.33,0.2660000000000195,0.000105
c880,_209_,NAND2,0,1,2,0,3,1,0,-0.0005653846153846,1.33,0.5319999999999823,0.000104
c880,_210_,NAND3,0,0,3,4,4,8,42,-0.0003646153846153,1.862,0.7980000000000018,0.000104
c880,_211_,AND2,0,0,2,4,4,9,46,0.0,1.33,0.2660000000000195,0.000104
c880,_212_,AOI222,0,0,6,1,5,5,10,-0.0043407692307692,3.724,1.5960000000000036,0.000105
c880,_213_,NAND2,0,0,2,5,6,4,9,0.0,1.33,0.5319999999999823,0.000105
c880,_214_,XOR2,0,0,2,2,7,3,3,-3.615384615385242e-05,2.394,0.7980000000000018,0.000105
c880,_215_,AOI22,0,0,4,1,8,2,1,-1.1923076923076035e-05,2.394,1.0640000000000214,0.000105
c880,_216_,AND3,0,0,3,1,7,3,2,-2.6923076922869e-06,1.596,0.2660000000000195,0.000104
c880,_217_,AOI221,0,0,5,1,8,2,1,-3.4615384615355183e-06,2.926,1.329999999999984,0.000105
c880,_218_,AOI222,0,0,6,1,5,7,16,-0.0043088461538461,3.724,1.5960000000000036,0.000105
c880,_219_,NAND2,0,0,2,3,6,6,15,0.0,1.33,0.5319999999999823,0.000105
c880,_220_,NOR2,0,0,2,2,7,5,10,0.0,1.33,0.5319999999999823,0.000105
c880,_221_,INV,0,0,1,2,5,7,16,0.0,0.798,0.2660000000000195,0.000104
c880,_222_,NAND2,0,0,2,1,3,8,17,-0.0049953846153846,1.33,0.5319999999999823,0.000104
c880,_223_,AOI22,0,0,4,1,5,8,17,-0.0003884615384615,2.394,1.0640000000000214,0.000104
c880,_224_,NAND2,0,0,2,2,6,7,16,0.0,1.33,0.5319999999999823,0.000105
c880,_225_,OR2,0,0,2,3,7,6,15,0.0,1.33,0.2660000000000195,0.000105
c880,_226_,AND2,0,0,2,2,8,5,10,0.0,1.33,0.2659999999999627,0.000105
c880,_227_,AOI222,0,0,6,1,5,8,20,-0.0042515384615384,3.724,1.5960000000000036,0.000105
c880,_228_,NAND2,0,0,2,3,6,7,19,0.0,1.33,0.5319999999999823,0.000105
c880,_229_,AND2,0,0,2,4,7,5,16,0.0,1.33,0.2659999999999627,0.000105
c880,_230_,NOR2,0,0,2,2,7,6,16,0.0,1.33,0.5319999999999823,0.000105
c880,_232_,NAND2,0,0,2,2,6,6,15,0.0,1.33,0.5319999999999823,0.000105
c880,_233_,AOI211,1,4,4,2,9,5,11,0.0015842307692307,2.394,1.0639999999999643,0.000105
c880,_235_,AND2,0,0,2,3,7,5,11,0.0,1.33,0.2659999999999627,0.000105
c880,_236_,INV,0,0,1,1,8,4,5,0.0,0.798,0.2659999999999627,0.000104
c880,_237_,AOI21,1,2,3,2,11,3,4,0.0004746153846153,1.862,0.797999999999945,0.000105
c880,_238_,XNOR2,1,1,2,1,12,2,1,-0.0008742307692307,2.66,1.0639999999999643,0.000106
c880,_239_,OAI211,1,1,4,0,13,1,0,-0.0002023076923076,2.394,1.0639999999999643,0.000106
c880,_240_,AOI222,0,0,6,1,8,4,3,-1.6538461538456728e-05,3.724,1.5960000000000036,0.000105
c880,_241_,XNOR2,0,0,2,2,8,4,4,1.807692307692621e-05,2.66,1.0639999999999643,0.000105
c880,_242_,INV,0,0,1,2,1,4,6,0.0,0.798,0.2659999999999627,0.000104
c880,_243_,OAI21,0,0,3,1,9,3,2,-2.3846153846152077e-05,1.862,0.7980000000000018,0.000105
c880,_244_,AOI21,0,0,3,1,10,2,1,0.0,1.862,0.7980000000000018,0.000105
c880,_245_,NOR2,0,1,2,1,10,3,2,-0.0023173076923077,1.33,0.5319999999999823,0.000105
c880,_246_,XNOR2,0,1,2,1,11,2,1,-0.0001057692307691,2.66,1.0639999999999643,0.000106
c880,_247_,OAI21,0,1,3,0,12,1,0,-4.500000000001725e-05,1.862,0.7980000000000018,0.000106
c880,_248_,NAND3,0,1,3,0,1,1,0,-0.0001584615384615,1.862,0.7980000000000018,0.000104
c880,_249_,NAND3,0,1,3,0,1,1,0,-0.0002249999999999,1.862,0.7980000000000018,0.000104
c880,_250_,NAND3,0,1,3,0,1,1,0,-0.0002576923076922,1.862,0.7980000000000018,0.000104
c880,_251_,OR2,0,0,2,2,8,4,4,0.0,1.33,0.2659999999999627,0.000105
c880,_252_,NOR2,0,0,2,1,9,3,2,0.0,1.33,0.5319999999999823,0.000105
c880,_253_,AOI222,0,0,6,1,7,4,3,0.0,3.724,1.5960000000000036,0.000105
c880,_254_,INV,0,0,1,1,8,3,2,0.0,0.798,0.2659999999999627,0.000105
c880,_255_,AOI211,0,0,4,1,10,2,1,0.0,2.394,1.0639999999999643,0.000105
c880,_256_,XNOR2,0,1,2,1,11,2,1,-0.0005211538461538,2.66,1.0639999999999643,0.000106
c880,_257_,OAI21,0,1,3,0,12,1,0,-5.03846153846188e-05,1.862,0.7980000000000018,0.000105
c880,_258_,NOR2,0,0,2,2,8,3,3,0.0,1.33,0.5319999999999823,0.000105
c880,_259_,NAND2,0,0,2,1,9,2,1,0.0,1.33,0.5319999999999823,0.000105
c880,_260_,AOI22,0,0,4,1,3,4,3,0.0,2.394,1.0639999999999643,0.000104
c880,_261_,INV,0,0,1,1,4,3,2,0.0,0.798,0.2659999999999627,0.000104
c880,_262_,AOI221,0,0,5,1,8,2,1,0.0,2.926,1.329999999999984,0.000105
c880,_263_,AOI21,0,1,3,1,9,3,2,-0.0005403846153845,1.862,0.7980000000000018,0.000105
c880,_264_,XNOR2,0,1,2,1,10,2,1,-0.0002603846153846,2.66,1.0639999999999643,0.000106
c880,_265_,OAI211,0,1,4,0,11,1,0,-0.000201923076923,2.394,1.0639999999999643,0.000106
c880,_266_,XOR2,0,0,2,1,1,3,2,0.0,2.394,0.797999999999945,0.000105
c880,_267_,XNOR2,0,0,2,1,2,2,1,0.0,2.66,1.0639999999999643,0.000105
c880,_268_,XNOR2,0,0,2,1,1,4,3,0.0,2.66,1.0639999999999643,0.000105
c880,_269_,XNOR2,0,0,2,1,1,4,3,0.0,2.66,1.0639999999999643,0.000105
c880,_270_,XNOR2,0,0,2,1,2,3,2,0.0,2.66,1.0639999999999643,0.000106
c880,_271_,XNOR2,0,1,2,1,1,4,3,8.576923076925036e-05,2.66,1.0639999999999643,0.000105
c880,_272_,XNOR2,0,1,2,1,2,3,2,-5.6923076923037774e-05,2.66,1.0639999999999643,0.000105
c880,_273_,XNOR2,0,1,2,1,3,2,1,-6.038461538457329e-05,2.66,1.0639999999999643,0.000107
c880,_274_,XNOR2,0,1,2,0,4,1,0,-0.0001788461538461,2.66,1.0639999999999643,0.000108
c880,_275_,XNOR2,0,0,2,1,1,4,3,0.0,2.66,1.0639999999999643,0.000105
c880,_276_,XNOR2,0,0,2,1,2,3,2,-2.8076923076908452e-05,2.66,1.0639999999999643,0.000105
c880,_277_,XNOR2,0,0,2,1,1,4,3,0.0,2.66,1.0639999999999643,0.000105
c880,_278_,XNOR2,0,1,2,1,1,4,3,3.76923076923219e-05,2.66,1.0639999999999643,0.000105
c880,_279_,XNOR2,0,1,2,1,2,3,2,-5.769230769231415e-05,2.66,1.0639999999999643,0.000106
c880,_280_,XNOR2,0,1,2,1,3,2,1,-6.923076923073812e-05,2.66,1.0639999999999643,0.000107
c880,_281_,XOR2,0,0,2,1,1,3,2,0.0,2.394,0.7980000000000018,0.000105
c880,_282_,XNOR2,0,0,2,1,2,2,1,0.0,2.66,1.0639999999999643,0.000105
c880,_283_,XNOR2,0,1,2,0,4,1,0,-0.000136923076923,2.66,1.0639999999999643,0.000108
c880,_284_,AND3,0,1,3,0,2,1,0,-0.0001023076923076,1.596,0.2659999999999627,0.000104
c880,_285_,AND4,0,1,4,0,2,1,0,-9.769230769229864e-05,1.862,0.2659999999999627,0.000104
c880,_286_,NAND2,0,0,2,1,7,4,3,-6.692307692307553e-05,1.33,0.5319999999999823,0.000105
c880,_287_,AOI222,0,0,6,1,3,4,3,-5.6153846153844666e-05,3.724,1.5960000000000036,0.000105
c880,_288_,NAND2,0,0,2,1,8,3,2,0.0,1.33,0.5319999999999823,0.000105
c880,_289_,NOR2,0,0,2,2,8,3,3,0.0,1.33,0.5319999999999823,0.000105
c880,_290_,AOI221,0,0,5,1,9,2,1,0.0,2.926,1.329999999999984,0.000105
c880,_291_,XOR2,0,1,2,1,9,2,1,-0.0003807692307692,2.394,0.7980000000000018,0.000106
c880,_292_,OAI21,0,1,3,0,10,1,0,-0.0002961538461538,1.862,0.7980000000000018,0.000105
c880,_293_,NAND2,0,0,2,1,6,4,3,-0.0002488461538461,1.33,0.5319999999999823,0.000105
c880,_294_,AOI222,0,0,6,1,3,4,3,-4.961538461534243e-05,3.724,1.5960000000000036,0.000105
c880,_295_,NAND2,0,0,2,1,7,3,2,0.0,1.33,0.5319999999999823,0.000105
c880,_296_,NOR2,0,1,2,2,7,3,3,-1.3076923076893454e-05,1.33,0.5319999999999823,0.000105
c880,_297_,AOI221,0,1,5,1,8,2,1,-2.3846153846152077e-05,2.926,1.329999999999984,0.000105
c880,_298_,NOR2,0,0,2,1,7,3,2,-0.0015388461538461,1.33,0.5319999999999823,0.000105
c880,_299_,XNOR2,0,0,2,1,8,2,1,-0.000151923076923,2.66,1.0639999999999643,0.000106
c880,_300_,OAI21,0,1,3,0,9,1,0,-0.0004434615384615,1.862,0.7980000000000018,0.000105
c880,_301_,NAND2,0,0,2,1,7,2,1,-1.3461538461517764e-05,1.33,0.5319999999999823,0.000105
c880,_302_,OAI21,0,1,3,1,12,2,1,-0.0006188461538461,1.862,0.7980000000000018,0.000105
c880,_303_,NAND2,0,1,2,0,13,1,0,-0.0001623076923076,1.33,0.5319999999999823,0.000105
