DESIGN,CELL,LOGIC-TYPE,PATH-OCURENCE,PATHS-OCURENCE,FA-IN,FA-OUT,LOGIC-LEVEL,DEEP,LOADED-CELLS,DIF-ARRIVAL,CELL-AREA,COST-AREA,POWER
b14_C,_2237_,BUF,0,0,1,10,1,30,1817,-2.6122448979482016e-06,1.064,0.2660000000000764,0.00321
b14_C,_2238_,INV,0,0,1,5,1,31,2090,4.367346938760619e-06,0.798,0.26599999999962165,0.00321
b14_C,_2239_,INV,0,0,1,1,1,32,2097,0.0,0.798,0.26599999999962165,0.00321
b14_C,_2240_,INV,0,0,1,3,1,32,2121,0.0,0.798,0.26599999999962165,0.00321
b14_C,_2241_,INV,0,0,1,4,1,32,2135,0.0,0.798,0.26599999999962165,0.00321
b14_C,_2242_,OR4,1,240,4,3,1,36,2304,0.012354367346938622,1.862,0.2660000000000764,0.00321
b14_C,_2243_,OR4,1,237,4,3,2,35,2261,0.010216367346938648,1.862,0.2660000000000764,0.00321
b14_C,_2244_,OR4,1,234,4,3,3,34,2217,0.01008730612244868,1.862,0.2660000000000764,0.00321
b14_C,_2245_,OR4,1,231,4,3,4,33,2176,0.010845224489795857,1.862,0.2660000000000764,0.00321
b14_C,_2246_,NOR4,1,228,4,4,5,32,2136,0.02665265306122455,2.394,1.0639999999998508,0.00321
b14_C,_2247_,AND4,1,225,4,5,6,31,2096,0.0072271020408163356,1.862,0.2660000000000764,0.00321
b14_C,_2248_,NAND2,0,2,2,2,7,27,1171,-0.005126571428571314,1.33,0.5320000000001528,0.00321
b14_C,_2249_,OAI21,0,1,3,2,8,26,985,1.89795918366098e-05,1.862,0.7980000000002292,0.00321
b14_C,_2250_,XOR2,0,0,2,6,9,25,914,-5.044897959183281e-05,2.394,0.7979999999997744,0.00321
b14_C,_2251_,NOR2,0,0,2,1,1,29,1242,0.0,1.33,0.5320000000001528,0.00321
b14_C,_2252_,NAND3,0,2,3,2,7,28,1241,-0.004769183673469346,1.862,0.7980000000002292,0.00321
b14_C,_2253_,NAND2,0,1,2,2,8,27,1149,-2.632653061218626e-05,1.33,0.5320000000001528,0.00321
b14_C,_2254_,XOR2,0,0,2,9,9,25,1012,-2.4163265305965353e-05,2.394,0.7979999999997744,0.00321
b14_C,_2255_,NOR2,0,0,2,7,10,11,460,0.0,1.33,0.5320000000001528,0.00321
b14_C,_2256_,INV,0,1,1,2,1,32,2123,2.9387755102749935e-06,0.798,0.26599999999962165,0.00321
b14_C,_2257_,BUF,0,1,1,10,2,31,2121,5.004081632642432e-05,1.064,0.2660000000000764,0.00321
b14_C,_2258_,OR2,0,1,2,2,7,27,982,-0.0021526122448978224,1.33,0.2660000000000764,0.00321
b14_C,_2259_,XNOR2,0,0,2,8,8,26,820,-3.457142857121731e-05,2.66,1.0639999999998508,0.00321
b14_C,_2260_,BUF,0,0,1,10,2,27,1506,1.6326530616339596e-07,1.064,0.2660000000000764,0.00321
b14_C,_2261_,NAND2,0,1,2,2,8,26,1059,-1.2530612244932016e-05,1.33,0.5320000000001528,0.00321
b14_C,_2262_,XOR2,0,0,2,7,9,24,908,-2.4448979591751296e-05,2.394,0.7979999999997744,0.00321
b14_C,_2263_,NAND2,0,0,2,5,10,11,341,0.0,1.33,0.5320000000001528,0.00321
b14_C,_2264_,XNOR2,0,1,2,7,9,25,752,2.020408163283527e-05,2.66,1.0639999999998508,0.00321
b14_C,_2265_,XNOR2,0,1,2,9,9,26,870,7.987755102045746e-05,2.66,1.0639999999998508,0.00321
b14_C,_2266_,NOR2,0,0,2,4,10,10,320,-4.228571428588346e-05,1.33,0.5320000000001528,0.00321
b14_C,_2267_,AOI21,0,0,3,3,11,8,86,-3.265306123267919e-07,1.862,0.7980000000002292,0.00321
b14_C,_2268_,INV,0,1,1,4,1,9,306,8.122448979630548e-06,0.798,0.26599999999962165,0.00321
b14_C,_2269_,INV,0,0,1,2,1,31,2001,0.0,0.798,0.26599999999962165,0.00321
b14_C,_2270_,NOR4,0,0,4,2,1,31,2021,0.0002651836734692825,2.394,1.0639999999998508,0.00321
b14_C,_2271_,NAND4,1,219,4,4,7,30,1998,0.005537224489795767,2.394,1.0639999999998508,0.00321
b14_C,_2272_,OAI21,0,36,3,1,8,26,847,-0.006580816326530625,1.862,0.7980000000002292,0.00321
b14_C,_2273_,XOR2,0,36,2,7,9,25,846,0.00040097959183649223,2.394,0.7979999999997744,0.00321
b14_C,_2274_,NAND3,0,1,3,1,7,27,1019,-0.005113551020408336,1.862,0.7980000000002292,0.00321
b14_C,_2275_,NAND2,0,1,2,3,8,26,1018,5.061224489733007e-06,1.33,0.5320000000001528,0.00321
b14_C,_2276_,XNOR2,0,1,2,7,9,25,845,3.346938775505848e-05,2.66,1.0639999999998508,0.00321
b14_C,_2277_,NAND2,0,1,2,1,8,26,847,-0.007207469387755294,1.33,0.5320000000001528,0.00321
b14_C,_2278_,XOR2,0,1,2,5,9,25,846,4.938775510199278e-05,2.394,0.7979999999997744,0.00321
b14_C,_2279_,NOR3,0,33,3,10,10,24,694,0.0008467346938771936,1.862,0.7980000000002292,0.00321
b14_C,_2280_,NAND2,0,0,2,1,3,24,676,-1.0408163265474002e-05,1.33,0.5320000000001528,0.00321
b14_C,_2281_,OAI21,0,1,3,2,8,25,719,-2.2448979591693785e-05,1.862,0.7980000000002292,0.00321
b14_C,_2282_,INV,0,1,1,1,9,24,676,-2.4612244897914692e-05,0.798,0.26599999999962165,0.00321
b14_C,_2283_,OAI21,0,1,3,8,10,23,675,0.00010432653061198671,1.862,0.7980000000002292,0.00321
b14_C,_2284_,BUF,0,1,1,10,11,21,610,7.865306122467608e-05,1.064,0.2660000000000764,0.00321
b14_C,_2285_,NOR2,0,33,2,3,12,12,419,0.000459469387755318,1.33,0.5320000000001528,0.00321
b14_C,_2286_,INV,0,32,1,2,13,9,201,-0.0005484489795917202,0.798,0.26599999999962165,0.00321
b14_C,_2287_,NOR2,0,32,2,6,14,8,183,0.0004902448979591245,1.33,0.5320000000001528,0.00321
b14_C,_2288_,NAND2,0,0,2,2,10,12,365,-0.0013771020408164247,1.33,0.5320000000001528,0.00321
b14_C,_2289_,INV,0,0,1,1,10,14,406,-0.001426612244898262,0.798,0.26599999999962165,0.00321
b14_C,_2290_,NAND3,0,0,3,1,10,14,406,-0.00015751020408161232,1.862,0.7980000000002292,0.00321
b14_C,_2291_,OAI211,0,0,4,4,11,13,405,8.86122448979787e-05,2.394,1.0639999999998508,0.00321
b14_C,_2292_,OAI21,0,0,3,3,12,11,363,-8.840816326527445e-05,1.862,0.7980000000002292,0.00321
b14_C,_2293_,NOR3,0,0,3,1,1,14,367,0.0,1.862,0.7980000000002292,0.00321
b14_C,_2294_,NOR4,0,0,4,1,1,14,367,0.0,2.394,1.0639999999998508,0.00321
b14_C,_2295_,NOR3,0,0,3,1,1,14,367,0.0,1.862,0.7980000000002292,0.00321
b14_C,_2296_,NOR4,0,0,4,1,1,14,367,0.0,2.394,1.0639999999998508,0.00321
b14_C,_2297_,NAND4,0,0,4,1,2,13,366,0.0,2.394,1.0639999999998508,0.00321
b14_C,_2298_,NOR4,0,0,4,1,1,14,367,0.0,2.394,1.0639999999998508,0.00321
b14_C,_2299_,NOR3,0,0,3,1,1,14,367,0.0,1.862,0.7980000000002292,0.00321
b14_C,_2300_,NOR4,0,0,4,1,1,14,367,0.0,2.394,1.0639999999998508,0.00321
b14_C,_2301_,NOR3,0,0,3,1,1,14,367,0.0,1.862,0.7980000000002292,0.00321
b14_C,_2302_,NAND4,0,0,4,1,2,13,366,0.0,2.394,1.0639999999998508,0.00321
b14_C,_2303_,NOR4,0,0,4,1,3,12,365,0.0,2.394,1.0639999999998508,0.00321
b14_C,_2304_,NOR2,0,0,2,3,12,11,364,-9.746938775534453e-05,1.33,0.5320000000001528,0.00321
b14_C,_2305_,NOR2,0,0,2,2,13,8,156,0.0,1.33,0.5320000000001528,0.00321
b14_C,_2306_,NOR2,0,0,2,1,12,12,363,-0.00010399999999988196,1.33,0.5320000000001528,0.00321
b14_C,_2307_,AOI21,0,0,3,5,13,11,362,-0.001675142857143097,1.862,0.7980000000002292,0.00321
b14_C,_2308_,AND2,0,0,2,7,14,7,146,0.0,1.33,0.2660000000000764,0.00321
b14_C,_2309_,NAND3,0,0,3,6,15,5,50,-0.0012419591836736465,1.862,0.7980000000002292,0.00321
b14_C,_2310_,CLKBUF,0,0,1,10,16,4,34,3.253061224506304e-05,1.064,0.2660000000000764,0.00321
b14_C,_2311_,XNOR2,0,1,2,2,9,25,946,-2.1632653062209073e-06,2.66,1.0639999999998508,0.00321
b14_C,_2312_,BUF,0,1,1,10,10,24,843,9.15102040814908e-05,1.064,0.2660000000000764,0.00321
b14_C,_2313_,XNOR2,0,1,2,9,8,25,785,5.595918367329311e-05,2.66,1.0639999999998508,0.00321
b14_C,_2314_,NOR2,0,0,2,3,10,24,326,-1.7836734693688072e-05,1.33,0.5320000000001528,0.00321
b14_C,_2315_,AOI211,0,0,4,2,11,23,264,-3.542857142857514e-05,2.394,1.0639999999998508,0.00321
b14_C,_2316_,NOR2,0,0,2,5,12,22,179,-0.0012038775510205824,1.33,0.5320000000001528,0.00321
b14_C,_2317_,CLKBUF,0,0,1,10,13,19,141,0.0,1.064,0.2660000000000764,0.00321
b14_C,_2318_,OR4,1,181,4,5,8,29,1816,0.009868938775510427,1.862,0.2660000000000764,0.00321
b14_C,_2319_,OAI21,0,1,3,2,9,28,1480,-0.003821755102040747,1.862,0.7980000000002292,0.00321
b14_C,_2320_,XNOR2,0,1,2,4,10,27,1445,-0.0010389387755100898,2.66,1.0639999999998508,0.00321
b14_C,_2321_,BUF,0,1,1,10,11,26,1404,0.00010277551020410058,1.064,0.2660000000000764,0.00321
b14_C,_2322_,OR3,1,93,3,3,9,28,1482,0.0006891428571429437,1.596,0.2660000000000764,0.00321
b14_C,_2323_,NAND3,0,9,3,4,10,27,1446,-0.0016279999999999628,1.862,0.7980000000002292,0.00321
b14_C,_2324_,BUF,0,9,1,10,11,26,1405,0.0004893469387754479,1.064,0.2660000000000764,0.00321
b14_C,_2325_,INV,0,0,1,3,1,28,1483,0.0,0.798,0.26599999999962165,0.00321
b14_C,_2326_,NOR3,0,19,3,2,9,28,1481,-0.003154571428571451,1.862,0.7980000000002292,0.00321
b14_C,_2327_,OAI21,0,0,3,4,10,27,1446,-0.0034688571428571624,1.862,0.7980000000002292,0.00321
b14_C,_2328_,BUF,0,0,1,10,11,26,1405,0.0,1.064,0.2660000000000764,0.00321
b14_C,_2329_,NAND3,0,2,3,7,12,24,953,-0.00023955102040806864,1.862,0.7980000000002292,0.00321
b14_C,_2330_,INV,0,0,1,2,1,31,1220,0.0,0.798,0.26599999999962165,0.00321
b14_C,_2331_,NAND3,0,0,3,2,1,31,1220,0.0,1.862,0.7980000000002292,0.00321
b14_C,_2332_,XNOR2,0,0,2,3,2,23,500,0.0,2.66,1.0639999999998508,0.00321
b14_C,_2333_,OR2,0,0,2,2,13,22,497,-2.155102040846124e-05,1.33,0.2660000000000764,0.00321
b14_C,_2334_,XOR2,0,0,2,4,10,27,1418,-0.00017073469387751672,2.394,0.7979999999997744,0.00321
b14_C,_2335_,BUF,0,0,1,10,11,26,1396,0.0,1.064,0.2660000000000764,0.00321
b14_C,_2336_,AOI21,0,2,3,9,12,25,1213,-9.832653061225827e-05,1.862,0.7980000000002292,0.00321
b14_C,_2337_,NAND2,0,0,2,2,13,22,497,-7.363265306126188e-05,1.33,0.5320000000001528,0.00321
b14_C,_2338_,NOR3,0,19,3,4,10,27,1417,-0.0025789387755101867,1.862,0.7980000000002292,0.00321
b14_C,_2339_,BUF,0,19,1,10,11,26,1395,0.0007210204081633531,1.064,0.2660000000000764,0.00321
b14_C,_2340_,AOI21,1,83,3,4,10,27,1417,0.00045179591836741473,1.862,0.7980000000002292,0.00321
b14_C,_2341_,BUF,1,83,1,10,11,26,1395,0.001179428571428609,1.064,0.2660000000000764,0.00321
b14_C,_2342_,NOR3,0,19,3,9,12,25,1211,-0.0003984081632653069,1.862,0.7980000000002292,0.00321
b14_C,_2343_,NAND2,0,1,2,2,13,22,497,-0.0036949795918368444,1.33,0.5320000000001528,0.00321
b14_C,_2344_,AOI21,0,4,3,9,12,25,1210,-9.538775510198327e-05,1.862,0.7980000000002292,0.00321
b14_C,_2345_,NAND2,0,0,2,2,13,22,497,-8.893877551008345e-05,1.33,0.5320000000001528,0.00321
b14_C,_2346_,NAND4,0,1,4,8,14,21,411,3.653061224495602e-05,2.394,1.0639999999998508,0.00321
b14_C,_2347_,OR2,0,2,2,2,2,28,766,-0.002328489795918376,1.33,0.2660000000000764,0.00321
b14_C,_2348_,OAI21,0,1,3,1,3,25,709,-3.959183673574174e-06,1.862,0.7980000000002292,0.00321
b14_C,_2349_,XNOR2,0,1,2,10,4,24,708,5.5591836734647515e-05,2.66,1.0639999999998508,0.00321
b14_C,_2350_,INV,0,0,1,2,1,28,1566,0.0,0.798,0.26599999999962165,0.00321
b14_C,_2351_,AND3,0,68,3,3,9,27,1564,7.404081632644832e-05,1.596,0.2660000000000764,0.00321
b14_C,_2352_,AOI21,0,0,3,3,9,27,1564,-0.0029802857142857686,1.862,0.7980000000002292,0.00321
b14_C,_2353_,INV,0,0,1,2,1,28,1533,0.0,0.798,0.26599999999962165,0.00321
b14_C,_2354_,NOR3,0,1,3,2,8,28,1533,-0.007733183673469535,1.862,0.7980000000002292,0.00321
b14_C,_2355_,OR3,0,1,3,2,9,27,1531,-1.3469387755149498e-05,1.596,0.2660000000000764,0.00321
b14_C,_2356_,OAI21,0,0,3,2,9,27,1531,-7.073469387752773e-05,1.862,0.7980000000002292,0.00321
b14_C,_2357_,AOI211,0,67,4,5,10,26,1286,0.008394367346938658,2.394,1.0639999999998508,0.00321
b14_C,_2358_,BUF,0,65,1,10,11,25,1230,0.004553877551020324,1.064,0.2660000000000764,0.00321
b14_C,_2359_,MUX2,0,0,3,10,12,22,478,-0.00043216326530615135,2.394,0.531999999999698,0.00321
b14_C,_2360_,NAND2,0,0,2,5,10,23,509,-1.893877551006895e-05,1.33,0.5320000000001528,0.00321
b14_C,_2361_,NOR2,0,0,2,9,11,22,273,-0.001203714285714419,1.33,0.5320000000001528,0.00321
b14_C,_2362_,BUF,0,0,1,10,12,20,228,-1.2244897962254697e-07,1.064,0.2660000000000764,0.00321
b14_C,_2363_,AOI22,0,0,4,3,15,17,100,-6.959183673482805e-05,2.394,1.0639999999998508,0.00321
b14_C,_2364_,NOR2,0,0,2,9,10,24,571,-2.3265306122510765e-05,1.33,0.5320000000001528,0.00321
b14_C,_2365_,NAND2,0,0,2,3,10,25,301,-2.281632653033938e-05,1.33,0.5320000000001528,0.00321
b14_C,_2366_,NOR2,0,0,2,4,11,24,263,-2.057142857125882e-05,1.33,0.5320000000001528,0.00321
b14_C,_2367_,NOR3,0,0,3,2,12,23,259,-0.0012246530612245454,1.862,0.7980000000002292,0.00321
b14_C,_2368_,BUF,0,0,1,10,13,22,252,0.0,1.064,0.2660000000000764,0.00321
b14_C,_2369_,INV,0,0,1,3,14,20,167,0.0,0.798,0.26599999999962165,0.00321
b14_C,_2370_,BUF,0,0,1,10,15,19,150,1.2244897962254697e-07,1.064,0.2660000000000764,0.00321
b14_C,_2371_,AOI21,0,0,3,4,11,22,251,-0.0011293469387756438,1.862,0.7980000000002292,0.00321
b14_C,_2372_,CLKBUF,0,0,1,10,12,21,217,-5.877551020327942e-06,1.064,0.2660000000000764,0.00321
b14_C,_2373_,AOI22,0,0,4,1,15,18,101,-6.959183673482805e-05,2.394,1.0639999999998508,0.00321
b14_C,_2374_,XNOR2,0,0,2,3,16,17,100,-8.163265330374259e-08,2.66,1.0639999999998508,0.00321
b14_C,_2375_,NOR2,0,0,2,2,17,16,94,0.0,1.33,0.5320000000001528,0.00321
b14_C,_2376_,NAND2,0,1,2,1,3,27,737,-2.3591836734615512e-05,1.33,0.5320000000001528,0.00321
b14_C,_2377_,XNOR2,0,1,2,7,4,26,736,5.089795918378215e-05,2.66,1.0639999999998508,0.00321
b14_C,_2378_,MUX2,0,0,3,8,12,22,587,-0.0005235510204082416,2.394,0.531999999999698,0.00321
b14_C,_2379_,NAND2,0,0,2,2,13,22,514,-0.00010334693877567247,1.33,0.5320000000001528,0.00321
b14_C,_2380_,NAND2,0,0,2,2,13,22,514,-5.8938775510331e-05,1.33,0.5320000000001528,0.00321
b14_C,_2381_,NAND2,0,1,2,2,13,22,514,-0.0022520816326532245,1.33,0.5320000000001528,0.00321
b14_C,_2382_,INV,0,0,1,2,1,24,521,0.0,0.798,0.26599999999962165,0.00321
b14_C,_2383_,NAND2,0,0,2,1,1,24,520,0.0,1.33,0.5320000000001528,0.00321
b14_C,_2384_,XNOR2,0,0,2,3,2,23,519,0.0,2.66,1.0639999999998508,0.00321
b14_C,_2385_,OR2,0,0,2,2,13,22,514,-2.155102040846124e-05,1.33,0.2660000000000764,0.00321
b14_C,_2386_,NAND4,0,1,4,8,14,21,426,-0.0014331020408162587,2.394,1.0639999999998508,0.00321
b14_C,_2387_,AOI22,0,0,4,3,15,18,103,-2.6530612244890506e-05,2.394,1.0639999999998508,0.00321
b14_C,_2388_,AOI22,0,0,4,1,15,19,104,-2.67755102041356e-05,2.394,1.0639999999998508,0.00321
b14_C,_2389_,XNOR2,0,0,2,3,16,18,103,0.0,2.66,1.0639999999998508,0.00321
b14_C,_2390_,AND2,0,0,2,1,17,17,98,0.0,1.33,0.2660000000000764,0.00321
b14_C,_2391_,NAND2,0,1,2,1,2,29,771,-0.0051924897959181315,1.33,0.5320000000001528,0.00321
b14_C,_2392_,XNOR2,0,1,2,9,3,28,770,6.248979591849668e-05,2.66,1.0639999999998508,0.00321
b14_C,_2393_,MUX2,0,0,3,9,12,22,503,-0.0005249387755099644,2.394,0.531999999999698,0.00321
b14_C,_2394_,OAI211,0,0,4,1,12,24,536,-0.0020184897959183434,2.394,1.0639999999998508,0.00321
b14_C,_2395_,OAI211,0,1,4,1,12,24,536,-0.0020353061224489544,2.394,1.0639999999998508,0.00321
b14_C,_2396_,NAND4,0,0,4,1,12,24,536,-0.00031146938775505895,2.394,1.0639999999998508,0.00321
b14_C,_2397_,XOR2,0,0,2,3,1,25,539,0.0,2.394,0.7979999999997744,0.00321
b14_C,_2398_,NAND4,0,0,4,1,12,24,536,-0.0003004897959182351,2.394,1.0639999999998508,0.00321
b14_C,_2399_,NAND4,0,1,4,7,13,23,535,2.2204081632670736e-05,2.394,1.0639999999998508,0.00321
b14_C,_2400_,AOI22,0,0,4,2,14,19,108,-2.738775510202629e-05,2.394,1.0639999999998508,0.00321
b14_C,_2401_,AOI22,0,0,4,1,14,20,109,-2.763265306104934e-05,2.394,1.0639999999998508,0.00321
b14_C,_2402_,XNOR2,0,0,2,2,15,19,108,0.0,2.66,1.0639999999998508,0.00321
b14_C,_2403_,NAND2,0,0,2,2,16,18,105,0.0,1.33,0.5320000000001528,0.00321
b14_C,_2404_,OAI211,0,0,4,2,12,23,547,-0.0020184897959183434,2.394,1.0639999999998508,0.00321
b14_C,_2405_,OAI211,0,1,4,2,12,23,547,-0.002027877551020296,2.394,1.0639999999998508,0.00321
b14_C,_2406_,NAND4,0,0,4,2,12,23,547,-0.00028375510204070586,2.394,1.0639999999998508,0.00321
b14_C,_2407_,OR4,0,0,4,2,11,23,547,-0.0016071020408161552,1.862,0.2660000000000764,0.00321
b14_C,_2408_,NAND4,0,1,4,8,13,22,431,4.408163265301468e-05,2.394,1.0639999999998508,0.00321
b14_C,_2409_,NOR3,0,0,3,1,1,30,798,0.0,1.862,0.7980000000002292,0.00321
b14_C,_2410_,NOR2,0,1,2,1,3,29,797,2.1673469387861743e-05,1.33,0.5320000000001528,0.00321
b14_C,_2411_,XOR2,0,1,2,9,4,28,796,-0.0011348571428571042,2.394,0.7979999999997744,0.00321
b14_C,_2412_,MUX2,0,0,3,10,11,23,641,-0.0016259591836733644,2.394,0.531999999999698,0.00321
b14_C,_2413_,AOI22,0,0,4,3,14,20,112,-0.000279469387755249,2.394,1.0639999999998508,0.00321
b14_C,_2414_,OR3,0,2,3,5,10,23,356,-0.0006555918367345814,1.596,0.2660000000000764,0.00321
b14_C,_2415_,NAND2,0,0,2,5,11,22,228,-2.591836734677777e-05,1.33,0.5320000000001528,0.00321
b14_C,_2416_,AND4,0,0,4,7,13,22,531,-1.3469387755149498e-05,1.862,0.2660000000000764,0.00321
b14_C,_2417_,INV,0,0,1,4,12,22,408,0.0,0.798,0.26599999999962165,0.00321
b14_C,_2418_,OAI21,0,0,3,7,11,22,153,-2.5224489796027427e-05,1.862,0.7980000000002292,0.00321
b14_C,_2419_,OAI22,0,0,4,3,14,21,115,-2.2040816325397117e-06,2.394,1.0639999999998508,0.00321
b14_C,_2420_,NOR2,0,0,2,1,15,19,102,0.0,1.33,0.5320000000001528,0.00321
b14_C,_2421_,AND2,0,0,2,1,15,19,102,0.0,1.33,0.2660000000000764,0.00321
b14_C,_2422_,XNOR2,0,0,2,2,15,20,112,0.0,2.66,1.0639999999998508,0.00321
b14_C,_2423_,AND2,0,0,2,3,16,19,110,-9.306122449093124e-06,1.33,0.2660000000000764,0.00321
b14_C,_2424_,OAI21,0,0,3,3,1,33,890,-4.816326530487913e-06,1.862,0.7980000000002292,0.00321
b14_C,_2425_,XNOR2,0,0,2,9,2,32,831,2.1632653059988627e-06,2.66,1.0639999999998508,0.00321
b14_C,_2426_,BUF,0,54,1,10,12,24,1061,0.004236857142857264,1.064,0.2660000000000764,0.00321
b14_C,_2427_,MUX2,0,33,3,6,13,22,173,-0.0009290612244898799,2.394,0.531999999999698,0.00321
b14_C,_2428_,NAND4,0,0,4,2,12,23,564,-0.00031146938775505895,2.394,1.0639999999998508,0.00321
b14_C,_2429_,OAI211,0,0,4,2,12,23,564,-0.0020451428571426344,2.394,1.0639999999998508,0.00321
b14_C,_2430_,OAI211,0,1,4,2,12,23,564,-0.0020100000000000673,2.394,1.0639999999998508,0.00321
b14_C,_2431_,NAND4,0,0,4,2,12,23,564,-0.0003417142857140565,2.394,1.0639999999998508,0.00321
b14_C,_2432_,NAND4,0,1,4,10,13,22,430,8.355102040802365e-05,2.394,1.0639999999998508,0.00321
b14_C,_2433_,AOI22,0,0,4,2,14,21,118,-0.0005154285714288331,2.394,1.0639999999998508,0.00321
b14_C,_2434_,INV,0,0,1,1,15,20,115,-2.4489795924509394e-07,0.798,0.26599999999962165,0.00321
b14_C,_2435_,AOI221,0,27,5,2,14,21,118,0.0007432244897960238,2.926,1.3299999999999272,0.00321
b14_C,_2436_,INV,0,0,1,2,1,24,653,0.0,0.798,0.26599999999962165,0.00321
b14_C,_2437_,INV,0,0,1,2,3,24,653,-2.346938775521501e-05,0.798,0.26599999999962165,0.00321
b14_C,_2438_,MUX2,0,0,3,10,11,23,651,-0.0015837551020407847,2.394,0.531999999999698,0.00321
b14_C,_2439_,NOR4,0,0,4,2,12,21,118,-0.0012322857142856858,2.394,1.0639999999998508,0.00321
b14_C,_2440_,NOR2,0,1,2,1,15,20,115,-0.0013086122448979776,1.33,0.5320000000001528,0.00321
b14_C,_2441_,NOR2,0,1,2,3,16,19,114,2.404081632656485e-05,1.33,0.5320000000001528,0.00321
b14_C,_2442_,NOR3,0,26,3,2,15,20,115,-0.0008730204081632831,1.862,0.7980000000002292,0.00321
b14_C,_2443_,INV,0,0,1,1,1,33,582,0.0,0.798,0.26599999999962165,0.00321
b14_C,_2444_,AND2,0,0,2,2,1,33,855,0.0,1.33,0.2660000000000764,0.00321
b14_C,_2445_,OAI22,0,0,4,6,2,32,581,-1.873469387758675e-05,2.394,1.0639999999998508,0.00321
b14_C,_2446_,MUX2,0,0,3,9,11,22,472,-0.0016078775510206533,2.394,0.531999999999698,0.00321
b14_C,_2447_,NAND4,0,0,4,2,12,24,581,-0.00031146938775505895,2.394,1.0639999999998508,0.00321
b14_C,_2448_,OAI211,0,0,4,2,12,24,581,-0.0020451428571426344,2.394,1.0639999999998508,0.00321
b14_C,_2449_,OAI211,1,80,4,2,12,24,581,-0.0013758367346938805,2.394,1.0639999999998508,0.00321
b14_C,_2450_,NAND4,0,0,4,2,12,24,581,-0.0003082040816326792,2.394,1.0639999999998508,0.00321
b14_C,_2451_,NAND4,1,80,4,3,13,23,574,-0.0007092653061222531,2.394,1.0639999999998508,0.00321
b14_C,_2452_,BUF,0,35,1,10,14,22,443,0.0020440816326530165,1.064,0.2660000000000764,0.00321
b14_C,_2453_,AOI22,0,0,4,3,15,21,122,-0.0006086530612245955,2.394,1.0639999999998508,0.00321
b14_C,_2454_,AOI221,0,0,5,3,15,21,123,-0.0006564897959182581,2.926,1.3299999999999272,0.00321
b14_C,_2455_,INV,0,0,1,1,1,24,567,0.0,0.798,0.26599999999962165,0.00321
b14_C,_2456_,NOR2,0,0,2,1,2,31,657,-1.5959183673475152e-05,1.33,0.5320000000001528,0.00321
b14_C,_2457_,AOI21,0,0,3,3,3,30,656,-1.1428571428329093e-05,1.862,0.7980000000002292,0.00321
b14_C,_2458_,MUX2,0,10,3,6,12,23,566,-0.0005958367346938775,2.394,0.531999999999698,0.00321
b14_C,_2459_,NOR4,0,1,4,3,13,21,123,-0.0013977551020407653,2.394,1.0639999999998508,0.00321
b14_C,_2460_,NOR3,0,0,3,3,16,20,119,-6.546938775509048e-05,1.862,0.7980000000002292,0.00321
b14_C,_2461_,BUF,0,0,1,10,1,34,861,0.0,1.064,0.2660000000000764,0.00321
b14_C,_2462_,INV,0,0,1,2,2,24,543,0.0,0.798,0.26599999999962165,0.00321
b14_C,_2463_,OR2,0,0,2,7,12,22,205,-0.0004412244897959994,1.33,0.2660000000000764,0.00321
b14_C,_2464_,OAI211,0,0,4,2,11,23,567,-0.0035256326530612725,2.394,1.0639999999998508,0.00321
b14_C,_2465_,OAI211,0,0,4,2,11,23,567,-0.0035453469387753955,2.394,1.0639999999998508,0.00321
b14_C,_2466_,NAND4,0,0,4,2,11,23,567,-0.00036644897959181577,2.394,1.0639999999998508,0.00321
b14_C,_2467_,NAND4,0,0,4,2,11,23,567,-0.00030432653061218673,2.394,1.0639999999998508,0.00321
b14_C,_2468_,AND4,0,0,4,3,12,22,167,-3.673469386455963e-07,1.862,0.2660000000000764,0.00321
b14_C,_2469_,INV,0,0,1,1,1,24,543,0.0,0.798,0.26599999999962165,0.00321
b14_C,_2470_,MUX2,0,1,3,6,12,23,542,-0.0006204489795917922,2.394,0.531999999999698,0.00321
b14_C,_2471_,OAI222,0,1,6,2,13,21,125,-9.1469387755172e-05,3.724,1.5960000000000036,0.00321
b14_C,_2472_,NAND4,0,0,4,8,12,22,552,0.0001883673469387226,2.394,1.0639999999998508,0.00321
b14_C,_2473_,MUX2,0,2,3,9,11,22,481,-0.0016551020408162032,2.394,0.531999999999698,0.00321
b14_C,_2474_,AOI222,0,0,6,2,13,21,125,-0.0012651428571428536,3.724,1.5960000000000036,0.00321
b14_C,_2475_,MUX2,0,0,3,3,14,20,118,-1.5183673469421066e-05,2.394,0.531999999999698,0.00321
b14_C,_2476_,OAI21,0,0,3,1,16,20,111,-8.387755102057248e-05,1.862,0.7980000000002292,0.00321
b14_C,_2477_,AOI211,0,26,4,2,17,19,110,0.0002588979591837681,2.394,1.0639999999998508,0.00321
b14_C,_2479_,NOR2,0,0,2,2,16,18,106,0.0,1.33,0.5320000000001528,0.00321
b14_C,_2480_,OAI21,0,24,3,2,19,17,100,0.0004921632653063224,1.862,0.7980000000002292,0.00321
b14_C,_2481_,OR2,0,0,2,1,17,17,98,0.0,1.33,0.2660000000000764,0.00321
b14_C,_2482_,AOI21,0,23,3,4,20,16,97,0.0001451020408165249,1.862,0.7980000000002292,0.00321
b14_C,_2483_,NAND2,0,0,2,2,17,16,94,0.0,1.33,0.5320000000001528,0.00321
b14_C,_2484_,AOI21,0,1,3,2,21,4,3,-0.00044269387755102585,1.862,0.7980000000002292,0.00321
b14_C,_2485_,NAND2,0,1,2,2,13,23,472,-0.0036955510204081943,1.33,0.5320000000001528,0.00321
b14_C,_2486_,NAND2,0,0,2,2,13,23,472,-7.595918367342414e-05,1.33,0.5320000000001528,0.00321
b14_C,_2487_,NOR2,0,0,2,2,2,30,1175,0.0,1.33,0.5320000000001528,0.00321
b14_C,_2488_,XNOR2,0,0,2,3,3,24,476,0.0,2.66,1.0639999999998508,0.00321
b14_C,_2489_,OR2,0,0,2,2,13,23,472,-2.155102040846124e-05,1.33,0.2660000000000764,0.00321
b14_C,_2490_,NAND2,0,0,2,2,13,23,472,-0.0001046122448979947,1.33,0.5320000000001528,0.00321
b14_C,_2491_,NAND4,0,1,4,4,14,22,456,1.306122449085123e-06,2.394,1.0639999999998508,0.00321
b14_C,_2492_,BUF,0,1,1,10,15,21,347,9.546938775506497e-05,1.064,0.2660000000000764,0.00321
b14_C,_2493_,NAND2,0,1,2,1,3,24,675,-0.005127142857142886,1.33,0.5320000000001528,0.00321
b14_C,_2494_,XNOR2,0,1,2,9,4,23,674,6.159183673482005e-05,2.66,1.0639999999998508,0.00321
b14_C,_2495_,MUX2,0,0,3,9,12,22,373,-0.0005240816326532727,2.394,0.531999999999698,0.00321
b14_C,_2496_,AOI22,0,0,4,2,16,18,97,-2.0530612244940016e-05,2.394,1.0639999999998508,0.00321
b14_C,_2497_,AOI22,0,0,4,1,15,19,98,-1.7346938775641974e-05,2.394,1.0639999999998508,0.00321
b14_C,_2498_,XNOR2,0,0,2,2,16,18,97,-8.163265330374259e-08,2.66,1.0639999999998508,0.00321
b14_C,_2499_,OR2,0,0,2,1,17,17,95,0.0,1.33,0.2660000000000764,0.00321
b14_C,_2500_,INV,0,0,1,2,18,16,94,0.0,0.798,0.26599999999962165,0.00321
b14_C,_2501_,AND2,0,0,2,3,17,15,93,0.0,1.33,0.2660000000000764,0.00321
b14_C,_2502_,OR2,0,0,2,2,19,4,3,4.081632654084899e-08,1.33,0.2660000000000764,0.00321
b14_C,_2503_,AOI21,0,1,3,1,22,3,2,-2.8857142857052764e-05,1.862,0.7980000000002292,0.00321
b14_C,_2504_,OAI21,0,1,3,1,23,2,1,-4.265306122430701e-05,1.862,0.7980000000002292,0.00321
b14_C,_2505_,CLKBUF,0,0,1,10,2,5,84,-8.448979591735295e-06,1.064,0.2660000000000764,0.00321
b14_C,_2506_,NAND2,0,0,2,2,3,4,4,0.0,1.33,0.5320000000001528,0.00321
b14_C,_2507_,OR2,0,1,2,1,10,26,1183,-0.0003347346938775697,1.33,0.2660000000000764,0.00321
b14_C,_2508_,BUF,0,1,1,9,11,25,1182,3.8897959183659125e-05,1.064,0.2660000000000764,0.00321
b14_C,_2509_,NAND2,0,0,2,4,10,9,291,-4.1755102040630376e-05,1.33,0.5320000000001528,0.00321
b14_C,_2510_,NAND2,0,1,2,8,13,11,294,-0.0013521632653059612,1.33,0.5320000000001528,0.00321
b14_C,_2511_,NOR3,0,0,3,3,14,8,96,-1.9591836734722534e-05,1.862,0.7980000000002292,0.00321
b14_C,_2512_,NAND3,0,0,3,10,15,4,30,-9.591836734657022e-06,1.862,0.7980000000002292,0.00321
b14_C,_2513_,AND4,0,0,4,8,14,21,380,-1.5795918367311756e-05,1.862,0.2660000000000764,0.00321
b14_C,_2514_,OAI21,0,0,3,1,16,3,2,0.0,1.862,0.7980000000002292,0.00321
b14_C,_2515_,NAND2,0,0,2,2,13,23,464,-7.595918367342414e-05,1.33,0.5320000000001528,0.00321
b14_C,_2516_,NAND2,0,0,2,2,13,23,464,-0.0001046122448979947,1.33,0.5320000000001528,0.00321
b14_C,_2517_,NAND2,0,1,2,2,13,23,464,-0.0036948979591837627,1.33,0.5320000000001528,0.00321
b14_C,_2518_,AND2,0,0,2,3,3,29,1130,0.0,1.33,0.2660000000000764,0.00321
b14_C,_2519_,XNOR2,0,0,2,3,4,24,466,0.0,2.66,1.0639999999998508,0.00321
b14_C,_2520_,OR2,0,0,2,2,13,23,464,-2.155102040846124e-05,1.33,0.2660000000000764,0.00321
b14_C,_2521_,NAND4,0,1,4,5,14,22,449,3.999999999892978e-06,2.394,1.0639999999998508,0.00321
b14_C,_2522_,BUF,0,1,1,10,15,21,156,9.12244897959269e-05,1.064,0.2660000000000764,0.00321
b14_C,_2523_,NAND2,0,0,2,2,14,7,69,0.0,1.33,0.5320000000001528,0.00321
b14_C,_2524_,NAND3,0,0,3,2,15,7,69,-0.0014252244897960953,1.862,0.7980000000002292,0.00321
b14_C,_2525_,NOR3,0,0,3,4,16,5,29,-8.734693877743283e-06,1.862,0.7980000000002292,0.00321
b14_C,_2526_,CLKBUF,0,0,1,10,17,3,20,0.0,1.064,0.2660000000000764,0.00321
b14_C,_2527_,NAND2,0,0,2,7,11,9,211,-1.775510204082842e-05,1.33,0.5320000000001528,0.00321
b14_C,_2528_,NOR2,0,0,2,3,14,8,105,-1.4244897959203584e-05,1.33,0.5320000000001528,0.00321
b14_C,_2529_,NAND2,0,0,2,1,15,6,25,0.0,1.33,0.5320000000001528,0.00321
b14_C,_2530_,NAND2,0,0,2,4,10,12,389,-1.2244897962254697e-07,1.33,0.5320000000001528,0.00321
b14_C,_2531_,NOR2,0,0,2,5,11,11,337,-1.9142857142773195e-05,1.33,0.5320000000001528,0.00321
b14_C,_2532_,NAND2,0,0,2,6,12,10,304,-1.648979591850619e-05,1.33,0.5320000000001528,0.00321
b14_C,_2533_,OR2,0,0,2,1,14,8,118,-6.897959183849167e-06,1.33,0.2660000000000764,0.00321
b14_C,_2534_,BUF,0,0,1,9,15,7,117,0.0,1.064,0.2660000000000764,0.00321
b14_C,_2535_,NAND2,0,0,2,9,16,5,24,0.0,1.33,0.5320000000001528,0.00321
b14_C,_2536_,AOI221,0,0,5,1,18,2,1,-1.955102040840373e-05,2.926,1.3299999999999272,0.00321
b14_C,_2537_,BUF,0,3,1,10,1,8,182,0.0001773061224490391,1.064,0.2660000000000764,0.00321
b14_C,_2538_,AND2,0,0,2,4,11,10,254,0.0,1.33,0.2660000000000764,0.00321
b14_C,_2539_,OAI21,0,0,3,2,14,6,51,-0.0005024489795919518,1.862,0.7980000000002292,0.00321
b14_C,_2540_,AOI211,0,0,4,1,15,7,52,-5.404081632653934e-05,2.394,1.0639999999998508,0.00321
b14_C,_2541_,OR2,0,0,2,2,16,6,51,0.0,1.33,0.2660000000000764,0.00321
b14_C,_2542_,AND2,0,0,2,1,17,5,26,0.0,1.33,0.2660000000000764,0.00321
b14_C,_2543_,BUF,0,0,1,9,18,4,25,0.0,1.064,0.2660000000000764,0.00321
b14_C,_2544_,CLKBUF,0,0,1,10,19,2,10,0.0,1.064,0.2660000000000764,0.00321
b14_C,_2545_,OAI211,0,1,4,0,24,1,0,-1.9265306122395742e-05,2.394,1.0639999999998508,0.00321
b14_C,_2546_,NAND2,0,0,2,2,17,4,23,0.0,1.33,0.5320000000001528,0.00321
b14_C,_2547_,CLKBUF,0,0,1,10,18,3,20,0.0,1.064,0.2660000000000764,0.00321
b14_C,_2548_,INV,0,0,1,1,1,18,227,0.0,0.798,0.26599999999962165,0.00321
b14_C,_2549_,INV,0,0,1,2,1,20,432,0.0,0.798,0.26599999999962165,0.00321
b14_C,_2550_,INV,0,0,1,2,1,22,546,0.0,0.798,0.26599999999962165,0.00321
b14_C,_2551_,INV,0,0,1,2,1,24,694,0.0,0.798,0.26599999999962165,0.00321
b14_C,_2552_,INV,0,0,1,2,1,26,893,0.0,0.798,0.26599999999962165,0.00321
b14_C,_2553_,INV,0,0,1,3,1,28,1045,0.0,0.798,0.26599999999962165,0.00321
b14_C,_2554_,NAND3,0,0,3,2,4,28,1044,0.0,1.862,0.7980000000002292,0.00321
b14_C,_2555_,NOR2,0,0,2,3,5,27,994,0.0,1.33,0.5320000000001528,0.00321
b14_C,_2556_,NAND3,0,0,3,2,6,26,893,0.0,1.862,0.7980000000002292,0.00321
b14_C,_2557_,NOR2,0,0,2,3,7,25,834,0.0,1.33,0.5320000000001528,0.00321
b14_C,_2558_,NAND3,0,0,3,2,8,24,745,0.0,1.862,0.7980000000002292,0.00321
b14_C,_2559_,NOR2,0,0,2,3,9,23,692,0.0,1.33,0.5320000000001528,0.00321
b14_C,_2560_,NAND3,0,0,3,2,10,22,596,0.0,1.862,0.7980000000002292,0.00321
b14_C,_2561_,NOR2,0,0,2,3,11,21,541,0.0,1.33,0.5320000000001528,0.00321
b14_C,_2562_,NAND3,0,0,3,2,12,20,432,0.0,1.862,0.7980000000002292,0.00321
b14_C,_2563_,NOR2,0,0,2,3,13,19,375,8.163265285965338e-08,1.33,0.5320000000001528,0.00321
b14_C,_2564_,NAND3,0,0,3,2,14,18,271,-1.2244897962254697e-07,1.862,0.7980000000002292,0.00321
b14_C,_2565_,NOR2,0,0,2,4,15,17,226,0.0,1.33,0.5320000000001528,0.00321
b14_C,_2566_,NAND2,0,0,2,1,16,16,117,0.0,1.33,0.5320000000001528,0.00321
b14_C,_2567_,XNOR2,0,0,2,3,17,15,116,0.0,2.66,1.0639999999998508,0.00321
b14_C,_2568_,NAND2,0,0,2,1,19,2,1,0.0,1.33,0.5320000000001528,0.00321
b14_C,_2569_,NAND2,0,0,2,1,3,4,3,0.0,1.33,0.5320000000001528,0.00321
b14_C,_2570_,AND2,0,1,2,8,10,25,1143,5.322448979572236e-05,1.33,0.2660000000000764,0.00321
b14_C,_2571_,OR2,0,0,2,3,12,24,1063,-1.3673469387853743e-05,1.33,0.2660000000000764,0.00321
b14_C,_2572_,BUF,0,0,1,10,13,23,1049,0.0,1.064,0.2660000000000764,0.00321
b14_C,_2573_,BUF,0,0,1,10,14,22,783,0.0,1.064,0.2660000000000764,0.00321
b14_C,_2574_,BUF,0,0,1,10,15,17,507,0.0,1.064,0.2660000000000764,0.00321
b14_C,_2575_,BUF,0,0,1,10,16,16,295,1.2244897962254697e-07,1.064,0.2660000000000764,0.00321
b14_C,_2576_,NAND2,0,0,2,10,17,12,114,3.8693877551176925e-05,1.33,0.5320000000001528,0.00321
b14_C,_2577_,NOR2,0,0,2,5,14,9,159,-1.4244897959203584e-05,1.33,0.5320000000001528,0.00321
b14_C,_2578_,AOI21,0,0,3,2,15,6,62,0.0,1.862,0.7980000000002292,0.00321
b14_C,_2579_,BUF,0,0,1,10,16,5,58,0.0,1.064,0.2660000000000764,0.00321
b14_C,_2580_,OAI21,0,0,3,1,18,3,2,-6.36734693881813e-06,1.862,0.7980000000002292,0.00321
b14_C,_2581_,BUF,0,2,1,10,13,23,700,6.040816326535747e-05,1.064,0.2660000000000764,0.00321
b14_C,_2582_,NAND3,0,0,3,1,16,16,97,0.0,1.862,0.7980000000002292,0.00321
b14_C,_2583_,XOR2,0,0,2,3,17,15,96,0.0,2.394,0.7979999999997744,0.00321
b14_C,_2584_,NOR2,0,0,2,1,18,14,94,-2.0857142857266808e-05,1.33,0.5320000000001528,0.00321
b14_C,_2585_,BUF,0,3,1,10,13,24,864,0.0001236734693876862,1.064,0.2660000000000764,0.00321
b14_C,_2586_,BUF,0,1,1,10,14,18,434,3.167346938770521e-05,1.064,0.2660000000000764,0.00321
b14_C,_2587_,AOI21,0,0,3,2,19,13,93,-1.0367346938933153e-05,1.862,0.7980000000002292,0.00321
b14_C,_2588_,BUF,0,14,1,10,13,24,865,-0.0002639183673469603,1.064,0.2660000000000764,0.00321
b14_C,_2589_,BUF,0,9,1,10,14,18,435,0.0006953061224490575,1.064,0.2660000000000764,0.00321
b14_C,_2590_,BUF,0,2,1,10,13,24,867,7.918367346948507e-05,1.064,0.2660000000000764,0.00321
b14_C,_2591_,BUF,0,0,1,10,14,18,435,3.7877551020359945e-05,1.064,0.2660000000000764,0.00321
b14_C,_2592_,AOI22,0,1,4,2,15,13,93,-0.00015893877551009794,2.394,1.0639999999998508,0.00321
b14_C,_2593_,NAND2,0,1,2,6,20,12,58,3.19591836737132e-05,1.33,0.5320000000001528,0.00321
b14_C,_2594_,XOR2,0,0,2,3,16,16,144,0.0,2.394,0.7979999999997744,0.00321
b14_C,_2595_,NOR3,0,0,3,9,12,21,603,-0.0022390204081634835,1.862,0.7980000000002292,0.00321
b14_C,_2596_,AOI22,0,0,4,2,17,15,141,-1.7795918367369268e-05,2.394,1.0639999999998508,0.00321
b14_C,_2597_,AOI22,0,1,4,2,15,15,141,-0.00015902040816340168,2.394,1.0639999999998508,0.00321
b14_C,_2598_,NAND2,0,1,2,6,18,14,129,2.9551020408025153e-05,1.33,0.5320000000001528,0.00321
b14_C,_2599_,BUF,0,1,1,10,19,13,80,9.004081632668637e-05,1.064,0.2660000000000764,0.00321
b14_C,_2600_,NOR2,0,0,2,7,10,8,245,-0.0007260408163265453,1.33,0.5320000000001528,0.00321
b14_C,_2601_,NOR3,0,0,3,9,16,6,47,-6.938775509723882e-07,1.862,0.7980000000002292,0.00321
b14_C,_2602_,BUF,0,0,1,10,17,5,26,0.0,1.064,0.2660000000000764,0.00321
b14_C,_2603_,AOI221,0,0,5,1,21,2,1,-3.840816326516894e-05,2.926,1.3299999999999272,0.00321
b14_C,_2604_,CLKBUF,0,0,1,10,17,2,10,-3.183673469298043e-06,1.064,0.2660000000000764,0.00321
b14_C,_2605_,BUF,0,0,1,10,12,16,143,0.0,1.064,0.2660000000000764,0.00321
b14_C,_2606_,BUF,0,0,1,10,13,11,68,0.0,1.064,0.2660000000000764,0.00321
b14_C,_2607_,AOI22,0,1,4,1,18,14,113,-0.00016024489795918306,2.394,1.0639999999998508,0.00321
b14_C,_2608_,AOI22,0,0,4,1,15,14,113,-2.840816326532547e-05,2.394,1.0639999999998508,0.00321
b14_C,_2609_,NAND2,0,1,2,10,19,13,112,7.126530612233672e-05,1.33,0.5320000000001528,0.00321
b14_C,_2610_,INV,0,0,1,6,20,12,65,-1.755102040834622e-05,0.798,0.26599999999962165,0.00321
b14_C,_2611_,BUF,0,0,1,10,13,13,100,0.0,1.064,0.2660000000000764,0.00321
b14_C,_2612_,OAI22,0,0,4,3,21,5,10,-7.877551020385454e-06,2.394,1.0639999999998508,0.00321
b14_C,_2613_,OAI22,0,0,4,1,21,6,11,-7.877551020385454e-06,2.394,1.0639999999998508,0.00321
b14_C,_2614_,XNOR2,0,0,2,3,22,5,10,-8.163265330374259e-08,2.66,1.0639999999998508,0.00321
b14_C,_2615_,XNOR2,0,0,2,1,23,3,2,0.0,2.66,1.0639999999998508,0.00321
b14_C,_2616_,AND2,0,0,2,2,18,13,83,-1.0612244897956202e-05,1.33,0.2660000000000764,0.00321
b14_C,_2617_,NAND2,0,0,2,5,17,13,98,0.0,1.33,0.5320000000001528,0.00321
b14_C,_2618_,OAI22,0,0,4,2,19,9,19,0.0,2.394,1.0639999999998508,0.00321
b14_C,_2619_,BUF,0,0,1,10,14,17,129,8.571428571357842e-07,1.064,0.2660000000000764,0.00321
b14_C,_2620_,CLKBUF,0,0,1,10,13,19,184,0.0,1.064,0.2660000000000764,0.00321
b14_C,_2621_,CLKBUF,0,0,1,10,14,14,116,0.0,1.064,0.2660000000000764,0.00321
b14_C,_2622_,INV,0,0,1,2,1,14,125,0.0,0.798,0.26599999999962165,0.00321
b14_C,_2623_,BUF,0,21,1,10,13,23,872,0.0011430612244898164,1.064,0.2660000000000764,0.00321
b14_C,_2624_,BUF,0,21,1,10,14,19,561,0.001934326530612207,1.064,0.2660000000000764,0.00321
b14_C,_2625_,NOR2,0,0,2,10,15,13,124,-0.00041310204081645985,1.33,0.5320000000001528,0.00321
b14_C,_2626_,CLKBUF,0,0,1,10,13,17,146,0.0,1.064,0.2660000000000764,0.00321
b14_C,_2627_,AOI22,0,0,4,1,20,10,20,-2.2693877551160924e-05,2.394,1.0639999999998508,0.00321
b14_C,_2628_,XNOR2,0,0,2,2,21,9,19,-5.306122448089923e-07,2.66,1.0639999999998508,0.00321
b14_C,_2629_,NOR2,0,0,2,4,22,8,17,0.0,1.33,0.5320000000001528,0.00321
b14_C,_2630_,NAND2,0,0,2,2,22,6,12,0.0,1.33,0.5320000000001528,0.00321
b14_C,_2631_,XNOR2,0,0,2,3,15,16,163,0.0,2.66,1.0639999999998508,0.00321
b14_C,_2632_,AOI22,0,0,4,2,16,15,160,-2.14693877551575e-05,2.394,1.0639999999998508,0.00321
b14_C,_2633_,AOI22,0,1,4,2,15,15,160,-0.00016179591836751328,2.394,1.0639999999998508,0.00321
b14_C,_2634_,AND2,0,0,2,7,17,13,139,-1.0653061224497051e-05,1.33,0.2660000000000764,0.00321
b14_C,_2635_,NAND2,0,0,2,6,16,12,125,0.0,1.33,0.5320000000001528,0.00321
b14_C,_2636_,OAI22,0,0,4,2,18,9,23,0.0,2.394,1.0639999999998508,0.00321
b14_C,_2637_,NAND2,0,1,2,7,17,14,118,4.02448979592851e-05,1.33,0.5320000000001528,0.00321
b14_C,_2638_,AND2,0,0,2,6,17,14,142,0.0,1.33,0.2660000000000764,0.00321
b14_C,_2639_,AOI22,0,0,4,1,18,10,24,-2.175510204094344e-05,2.394,1.0639999999998508,0.00321
b14_C,_2640_,XNOR2,0,0,2,2,19,9,23,-5.306122448089923e-07,2.66,1.0639999999998508,0.00321
b14_C,_2641_,NOR2,0,0,2,4,20,8,21,4.897959183791656e-06,1.33,0.5320000000001528,0.00321
b14_C,_2642_,NAND2,0,0,2,5,16,13,128,0.0,1.33,0.5320000000001528,0.00321
b14_C,_2643_,NAND2,0,0,2,1,14,17,187,-1.2244897962254697e-07,1.33,0.5320000000001528,0.00321
b14_C,_2644_,XNOR2,0,0,2,3,15,16,186,0.0,2.66,1.0639999999998508,0.00321
b14_C,_2645_,AOI22,0,0,4,2,16,15,183,-1.7795918367369268e-05,2.394,1.0639999999998508,0.00321
b14_C,_2646_,AOI22,0,1,4,2,15,15,183,-0.00015910204081648338,2.394,1.0639999999998508,0.00321
b14_C,_2647_,AND2,0,0,2,6,17,13,118,-1.0571428571637398e-05,1.33,0.2660000000000764,0.00321
b14_C,_2648_,OAI22,0,0,4,2,18,9,27,0.0,2.394,1.0639999999998508,0.00321
b14_C,_2649_,OAI22,0,0,4,1,18,10,28,0.0,2.394,1.0639999999998508,0.00321
b14_C,_2650_,XNOR2,0,0,2,2,19,9,27,-8.163265330374259e-08,2.66,1.0639999999998508,0.00321
b14_C,_2651_,NAND2,0,0,2,4,20,8,23,0.0,1.33,0.5320000000001528,0.00321
b14_C,_2652_,NOR3,0,0,3,1,23,7,10,-2.9795918368158425e-06,1.862,0.7980000000002292,0.00321
b14_C,_2653_,AND2,0,0,2,4,20,7,16,0.0,1.33,0.2660000000000764,0.00321
b14_C,_2654_,NOR2,0,0,2,1,24,6,9,0.0,1.33,0.5320000000001528,0.00321
b14_C,_2655_,AOI21,0,0,3,1,25,5,8,0.0,1.862,0.7980000000002292,0.00321
b14_C,_2656_,NOR2,0,0,2,1,23,6,9,-2.8571428571932955e-06,1.33,0.5320000000001528,0.00321
b14_C,_2657_,OR2,0,0,2,3,20,6,22,0.0,1.33,0.2660000000000764,0.00321
b14_C,_2658_,AND2,0,0,2,8,17,15,149,0.0,1.33,0.2660000000000764,0.00321
b14_C,_2659_,AND2,0,0,2,3,15,16,194,-5.551020408223195e-06,1.33,0.2660000000000764,0.00321
b14_C,_2660_,NAND2,0,1,2,1,15,17,195,-0.00015563265306117735,1.33,0.5320000000001528,0.00321
b14_C,_2661_,NAND2,0,0,2,1,15,17,195,-1.8204081632555713e-05,1.33,0.5320000000001528,0.00321
b14_C,_2662_,XNOR2,0,0,2,3,14,17,199,8.163265285965338e-08,2.66,1.0639999999998508,0.00321
b14_C,_2663_,OAI211,0,1,4,3,16,16,194,-2.3959183673483153e-05,2.394,1.0639999999998508,0.00321
b14_C,_2664_,OR2,0,1,2,7,17,15,137,5.293877551038051e-05,1.33,0.2660000000000764,0.00321
b14_C,_2665_,AOI22,0,0,4,3,18,8,27,-1.726530612233823e-05,2.394,1.0639999999998508,0.00321
b14_C,_2666_,NAND2,0,0,2,6,15,14,163,0.0,1.33,0.5320000000001528,0.00321
b14_C,_2667_,NOR2,0,0,2,7,17,15,131,-3.408163265294917e-05,1.33,0.5320000000001528,0.00321
b14_C,_2668_,OAI22,0,0,4,1,18,9,28,-4.897959183791656e-06,2.394,1.0639999999998508,0.00321
b14_C,_2669_,XNOR2,0,0,2,3,19,8,27,-4.081632654084899e-08,2.66,1.0639999999998508,0.00321
b14_C,_2670_,AND2,0,0,2,1,20,7,22,-7.3061224490356125e-06,1.33,0.2660000000000764,0.00321
b14_C,_2671_,INV,0,0,1,2,21,6,21,0.0,0.798,0.26599999999962165,0.00321
b14_C,_2672_,NAND2,0,0,2,6,16,14,166,0.0,1.33,0.5320000000001528,0.00321
b14_C,_2673_,NAND2,0,0,2,2,15,17,220,-1.3061224489741008e-05,1.33,0.5320000000001528,0.00321
b14_C,_2674_,XNOR2,0,0,2,3,13,19,224,0.0,2.66,1.0639999999998508,0.00321
b14_C,_2675_,NOR2,0,0,2,1,14,18,221,-2.0857142857266808e-05,1.33,0.5320000000001528,0.00321
b14_C,_2676_,AOI221,0,1,5,2,15,17,220,-0.0001611428571428597,2.926,1.3299999999999272,0.00321
b14_C,_2677_,AND2,0,0,2,4,16,16,208,-2.8163265306080376e-05,1.33,0.2660000000000764,0.00321
b14_C,_2678_,BUF,0,0,1,10,17,15,175,0.0,1.064,0.2660000000000764,0.00321
b14_C,_2679_,OAI22,0,0,4,2,18,9,32,0.0,2.394,1.0639999999998508,0.00321
b14_C,_2680_,AND2,0,0,2,9,16,14,228,0.0,1.33,0.2660000000000764,0.00321
b14_C,_2681_,NAND2,0,1,2,4,16,14,152,-2.5428571428731672e-05,1.33,0.5320000000001528,0.00321
b14_C,_2682_,AOI22,0,0,4,1,17,10,33,-1.7836734693688072e-05,2.394,1.0639999999998508,0.00321
b14_C,_2683_,XNOR2,0,0,2,2,18,9,32,-5.306122448089923e-07,2.66,1.0639999999998508,0.00321
b14_C,_2684_,NOR2,0,0,2,3,19,7,29,0.0,1.33,0.5320000000001528,0.00321
b14_C,_2685_,AND2,0,0,2,2,19,8,30,0.0,1.33,0.2660000000000764,0.00321
b14_C,_2686_,NAND2,0,0,2,6,16,14,191,0.0,1.33,0.5320000000001528,0.00321
b14_C,_2687_,AOI22,0,1,4,2,14,16,243,-0.0002857551020407634,2.394,1.0639999999998508,0.00321
b14_C,_2688_,NAND2,0,0,2,1,12,18,247,0.0,1.33,0.5320000000001528,0.00321
b14_C,_2689_,XNOR2,0,0,2,3,13,17,246,0.0,2.66,1.0639999999998508,0.00321
b14_C,_2690_,NAND2,0,0,2,2,14,16,243,-4.367346938760619e-06,1.33,0.5320000000001528,0.00321
b14_C,_2691_,NAND2,0,0,2,2,14,16,243,-3.351020408182137e-05,1.33,0.5320000000001528,0.00321
b14_C,_2692_,AND3,0,0,3,8,15,15,187,-1.236734693876862e-05,1.596,0.2660000000000764,0.00321
b14_C,_2693_,OAI22,0,0,4,3,17,12,38,-4.408163265301468e-06,2.394,1.0639999999998508,0.00321
b14_C,_2694_,AND2,0,0,2,8,15,16,212,0.0,1.33,0.2660000000000764,0.00321
b14_C,_2695_,NAND3,0,1,3,8,15,15,201,5.379591836729425e-05,1.862,0.7980000000002292,0.00321
b14_C,_2696_,AOI22,0,0,4,1,16,13,39,-1.730612244887908e-05,2.394,1.0639999999998508,0.00321
b14_C,_2697_,XNOR2,0,0,2,3,17,12,38,-4.081632654084899e-07,2.66,1.0639999999998508,0.00321
b14_C,_2698_,NOR2,0,0,2,2,18,11,33,-4.081632654084899e-08,1.33,0.5320000000001528,0.00321
b14_C,_2699_,NAND2,0,0,2,9,15,16,239,4.653061224546562e-06,1.33,0.5320000000001528,0.00321
b14_C,_2700_,XOR2,0,0,2,3,12,18,265,0.0,2.394,0.7979999999997744,0.00321
b14_C,_2701_,AOI22,0,0,4,2,14,17,261,-3.546938775511599e-05,2.394,1.0639999999998508,0.00321
b14_C,_2702_,AOI22,0,1,4,2,14,17,261,-0.0002857959183673042,2.394,1.0639999999998508,0.00321
b14_C,_2703_,AND2,0,0,2,6,15,15,181,-1.0530612245096549e-05,1.33,0.2660000000000764,0.00321
b14_C,_2704_,OAI22,0,0,4,2,16,12,43,-5.632653061304893e-06,2.394,1.0639999999998508,0.00321
b14_C,_2705_,OAI22,0,0,4,1,16,13,44,-5.632653061304893e-06,2.394,1.0639999999998508,0.00321
b14_C,_2706_,XNOR2,0,0,2,2,17,12,43,-4.081632654084899e-08,2.66,1.0639999999998508,0.00321
b14_C,_2707_,AND2,0,0,2,3,18,10,40,0.0,1.33,0.2660000000000764,0.00321
b14_C,_2708_,NAND2,0,0,2,1,15,17,301,-0.0004419591836735126,1.33,0.5320000000001528,0.00321
b14_C,_2709_,OAI21,0,0,3,8,16,16,300,-0.0003540816326532692,1.862,0.7980000000002292,0.00321
b14_C,_2710_,NAND2,0,0,2,2,14,18,285,-3.8122448979827084e-05,1.33,0.5320000000001528,0.00321
b14_C,_2711_,NAND2,0,0,2,2,14,18,285,-3.351020408182137e-05,1.33,0.5320000000001528,0.00321
b14_C,_2712_,NAND2,0,1,2,2,14,18,285,-0.0002524081632655495,1.33,0.5320000000001528,0.00321
b14_C,_2713_,XNOR2,0,0,2,3,11,19,289,0.0,2.66,1.0639999999998508,0.00321
b14_C,_2714_,NAND2,0,0,2,2,13,18,285,-4.244897959138072e-06,1.33,0.5320000000001528,0.00321
b14_C,_2715_,AND4,0,0,4,9,15,17,209,-2.2040816325397117e-06,1.862,0.2660000000000764,0.00321
b14_C,_2716_,OAI22,0,0,4,2,17,12,48,-4.122448979515525e-06,2.394,1.0639999999998508,0.00321
b14_C,_2717_,MUX2,0,0,3,7,15,16,196,-0.00019302040816326915,2.394,0.531999999999698,0.00321
b14_C,_2718_,NAND4,0,1,4,7,15,16,256,3.6857142857060765e-05,2.394,1.0639999999998508,0.00321
b14_C,_2719_,AOI22,0,0,4,1,16,13,49,-1.7224489796019427e-05,2.394,1.0639999999998508,0.00321
b14_C,_2720_,XNOR2,0,0,2,2,17,12,48,-5.306122448089923e-07,2.66,1.0639999999998508,0.00321
b14_C,_2721_,NAND2,0,0,2,3,18,11,44,0.0,1.33,0.5320000000001528,0.00321
b14_C,_2722_,INV,0,0,1,2,19,10,39,0.0,0.798,0.26599999999962165,0.00321
b14_C,_2723_,NOR2,0,0,2,3,18,11,40,3.91836734681128e-06,1.33,0.5320000000001528,0.00321
b14_C,_2724_,NOR2,0,0,2,3,19,10,32,-3.387755102002288e-06,1.33,0.5320000000001528,0.00321
b14_C,_2725_,AOI221,0,0,5,1,20,9,31,-4.081632654084899e-08,2.926,1.3299999999999272,0.00322
b14_C,_2726_,NOR2,0,0,2,2,21,8,30,0.0,1.33,0.5320000000001528,0.00321
b14_C,_2727_,OR2,0,0,2,3,18,10,43,0.0,1.33,0.2660000000000764,0.00321
b14_C,_2728_,INV,0,0,1,1,19,9,38,0.0,0.798,0.26599999999962165,0.00321
b14_C,_2729_,NAND3,0,1,3,1,6,20,343,-0.020461836734693817,1.862,0.7980000000002292,0.00321
b14_C,_2730_,NAND2,0,1,2,1,7,19,342,-2.0693877551103412e-05,1.33,0.5320000000001528,0.00321
b14_C,_2731_,XNOR2,0,1,2,10,8,18,341,8.289795918381415e-05,2.66,1.0639999999998508,0.00321
b14_C,_2732_,AND2,0,0,2,1,15,17,227,-0.0002014285714284636,1.33,0.2660000000000764,0.00321
b14_C,_2733_,AOI21,0,0,3,6,16,16,226,0.0,1.862,0.7980000000002292,0.00321
b14_C,_2734_,NAND2,0,0,2,1,10,21,287,0.0,1.33,0.5320000000001528,0.00321
b14_C,_2735_,XOR2,0,0,2,3,11,20,286,0.0,2.394,0.7979999999997744,0.00321
b14_C,_2736_,OR2,0,0,2,2,14,19,283,-1.0163265306450953e-05,1.33,0.2660000000000764,0.00321
b14_C,_2737_,AOI222,0,1,6,2,14,19,283,-0.0002392244897959639,3.724,1.5960000000000036,0.00321
b14_C,_2738_,AND2,0,0,2,1,15,18,268,-3.040816326538298e-05,1.33,0.2660000000000764,0.00321
b14_C,_2739_,BUF,0,0,1,10,16,17,267,0.0,1.064,0.2660000000000764,0.00321
b14_C,_2740_,OAI22,0,0,4,2,17,10,50,-1.2244897962254697e-07,2.394,1.0639999999998508,0.00321
b14_C,_2741_,MUX2,0,0,3,8,15,17,267,-0.00019306122449003205,2.394,0.531999999999698,0.00321
b14_C,_2742_,NAND2,0,1,2,7,15,16,138,-5.6734693876236975e-06,1.33,0.5320000000001528,0.00321
b14_C,_2743_,AOI22,0,0,4,1,16,11,51,-1.681632653083298e-05,2.394,1.0639999999998508,0.00321
b14_C,_2744_,XNOR2,0,0,2,2,17,10,50,-5.306122448089923e-07,2.66,1.0639999999998508,0.00321
b14_C,_2745_,NOR2,0,0,2,3,18,9,47,0.0,1.33,0.5320000000001528,0.00321
b14_C,_2746_,AOI21,0,1,3,1,6,21,372,-0.0193566938775509,1.862,0.7980000000002292,0.00321
b14_C,_2747_,XNOR2,0,1,2,10,7,20,371,0.00011306122448973,2.66,1.0639999999998508,0.00321
b14_C,_2748_,AND2,0,0,2,1,15,14,178,-0.000209591836734635,1.33,0.2660000000000764,0.00321
b14_C,_2749_,AOI21,0,0,3,5,16,13,177,0.0,1.862,0.7980000000002292,0.00321
b14_C,_2750_,NOR2,0,0,2,2,17,12,53,0.0,1.33,0.5320000000001528,0.00321
b14_C,_2751_,XNOR2,0,0,2,3,10,21,305,0.0,2.66,1.0639999999998508,0.00321
b14_C,_2752_,OR2,0,0,2,2,14,20,302,-1.0163265306450953e-05,1.33,0.2660000000000764,0.00321
b14_C,_2753_,AOI222,0,1,6,2,14,20,302,-0.00024269387755104788,3.724,1.5960000000000036,0.00321
b14_C,_2754_,AND2,0,0,2,6,15,15,216,-2.7877551020516478e-05,1.33,0.2660000000000764,0.00321
b14_C,_2755_,NOR2,0,0,2,2,16,12,53,0.0,1.33,0.5320000000001528,0.00321
b14_C,_2756_,MUX2,0,0,3,2,14,19,334,-0.00019032653061223925,2.394,0.531999999999698,0.00321
b14_C,_2757_,BUF,0,0,1,10,15,18,331,0.0,1.064,0.2660000000000764,0.00321
b14_C,_2758_,NAND2,0,1,2,2,15,19,262,-4.155102040792613e-05,1.33,0.5320000000001528,0.00321
b14_C,_2759_,BUF,0,1,1,10,16,18,259,5.7224489795837385e-05,1.064,0.2660000000000764,0.00321
b14_C,_2760_,AOI22,0,0,4,1,17,12,53,-1.277551020417711e-05,2.394,1.0639999999998508,0.00321
b14_C,_2761_,XNOR2,0,0,2,3,18,11,52,-3.673469386455963e-07,2.66,1.0639999999998508,0.00321
b14_C,_2762_,OR2,0,0,2,2,18,11,52,0.0,1.33,0.2660000000000764,0.00321
b14_C,_2763_,AND2,0,0,2,1,19,10,47,-8.163265308169798e-08,1.33,0.2660000000000764,0.00321
b14_C,_2764_,NOR2,0,1,2,1,6,22,405,-0.01817644897959192,1.33,0.5320000000001528,0.00321
b14_C,_2765_,XNOR2,0,1,2,2,7,21,404,-2.032653061223577e-05,2.66,1.0639999999998508,0.00321
b14_C,_2766_,MUX2,0,0,3,10,14,17,300,-0.00017971428571428305,2.394,0.531999999999698,0.00321
b14_C,_2767_,AOI22,0,0,4,2,14,20,320,-6.297959183676483e-05,2.394,1.0639999999998508,0.00321
b14_C,_2768_,NAND2,0,1,2,2,14,20,320,-0.0002523673469387866,1.33,0.5320000000001528,0.00321
b14_C,_2769_,XNOR2,0,0,2,3,9,21,324,0.0,2.66,1.0639999999998508,0.00321
b14_C,_2770_,NAND2,0,0,2,2,13,20,320,-3.918367347255369e-06,1.33,0.5320000000001528,0.00321
b14_C,_2771_,NAND3,0,1,3,3,15,19,306,-1.5918367346490214e-06,1.862,0.7980000000002292,0.00321
b14_C,_2772_,BUF,0,1,1,10,16,18,244,9.012244897954602e-05,1.064,0.2660000000000764,0.00321
b14_C,_2773_,AOI22,0,0,4,2,17,13,58,-2.1551020408239197e-05,2.394,1.0639999999998508,0.00321
b14_C,_2774_,AOI22,0,0,4,1,17,14,59,-2.1551020408239197e-05,2.394,1.0639999999998508,0.00321
b14_C,_2775_,XNOR2,0,0,2,2,18,13,58,-8.163265330374259e-08,2.66,1.0639999999998508,0.00321
b14_C,_2776_,NOR2,0,0,2,3,19,10,54,0.0,1.33,0.5320000000001528,0.00321
b14_C,_2777_,NAND2,0,0,2,1,19,12,56,0.0,1.33,0.5320000000001528,0.00321
b14_C,_2778_,INV,0,0,1,2,20,11,55,0.0,0.798,0.26599999999962165,0.00321
b14_C,_2779_,OR2,0,2,2,2,5,24,494,-0.001953020408163253,1.33,0.2660000000000764,0.00321
b14_C,_2780_,OAI21,0,1,3,1,6,21,427,-5.142857142814705e-06,1.862,0.7980000000002292,0.00321
b14_C,_2781_,XNOR2,0,1,2,10,7,20,426,4.767346938772121e-05,2.66,1.0639999999998508,0.00321
b14_C,_2782_,AND2,0,0,2,1,14,19,375,-0.0001894693877553255,1.33,0.2660000000000764,0.00321
b14_C,_2783_,AOI21,0,0,3,9,15,18,374,3.742857142863265e-05,1.862,0.7980000000002292,0.00321
b14_C,_2784_,NAND2,0,1,2,2,14,20,338,-0.0002526122448980317,1.33,0.5320000000001528,0.00321
b14_C,_2785_,NAND2,0,0,2,2,14,20,338,-3.8122448979827084e-05,1.33,0.5320000000001528,0.00321
b14_C,_2786_,NAND2,0,0,2,1,8,22,343,0.0,1.33,0.5320000000001528,0.00321
b14_C,_2787_,XNOR2,0,0,2,3,9,21,342,0.0,2.66,1.0639999999998508,0.00321
b14_C,_2788_,NAND2,0,0,2,2,13,20,338,-4.367346938760619e-06,1.33,0.5320000000001528,0.00321
b14_C,_2789_,NAND2,0,0,2,2,14,20,338,-3.351020408182137e-05,1.33,0.5320000000001528,0.00321
b14_C,_2790_,AND4,0,0,4,9,15,19,318,-1.0326530611948215e-05,1.862,0.2660000000000764,0.00321
b14_C,_2791_,OAI22,0,0,4,2,16,12,62,-1.1265306122387742e-05,2.394,1.0639999999998508,0.00321
b14_C,_2792_,MUX2,0,0,3,6,15,18,244,-0.00019297959183695035,2.394,0.531999999999698,0.00321
b14_C,_2793_,NAND4,0,1,4,6,15,18,249,3.0693877551168924e-05,2.394,1.0639999999998508,0.00321
b14_C,_2794_,AOI22,0,0,4,1,16,13,63,-1.726530612233823e-05,2.394,1.0639999999998508,0.00321
b14_C,_2795_,XNOR2,0,0,2,2,17,12,62,-5.306122448089923e-07,2.66,1.0639999999998508,0.00321
b14_C,_2796_,NOR2,0,0,2,3,18,11,59,0.0,1.33,0.5320000000001528,0.00321
b14_C,_2797_,NAND2,0,1,2,1,6,23,463,-2.0612244898021714e-05,1.33,0.5320000000001528,0.00321
b14_C,_2798_,XNOR2,0,1,2,8,7,22,462,6.881632653055192e-05,2.66,1.0639999999998508,0.00321
b14_C,_2799_,NOR2,0,0,2,3,15,21,411,-2.0163265306072375e-05,1.33,0.5320000000001528,0.00321
b14_C,_2800_,NOR2,0,0,2,3,14,21,411,-0.00041530612244899956,1.33,0.5320000000001528,0.00321
b14_C,_2801_,OR2,0,0,2,8,16,18,266,0.0,1.33,0.2660000000000764,0.00321
b14_C,_2802_,NOR2,0,0,2,2,17,15,68,0.0,1.33,0.5320000000001528,0.00321
b14_C,_2803_,NAND2,0,1,2,1,14,22,354,-2.224489795898954e-05,1.33,0.5320000000001528,0.00321
b14_C,_2804_,XNOR2,0,0,2,3,8,22,354,0.0,2.66,1.0639999999998508,0.00321
b14_C,_2805_,OAI21,0,1,3,1,15,21,353,-3.7142857142624663e-05,1.862,0.7980000000002292,0.00321
b14_C,_2806_,AOI221,0,1,5,1,16,20,352,-0.0003141632653063109,2.926,1.3299999999999272,0.00321
b14_C,_2807_,BUF,0,1,1,10,17,19,351,6.502040816336319e-05,1.064,0.2660000000000764,0.00321
b14_C,_2808_,NOR2,0,0,2,2,18,15,68,-1.7836734693910117e-05,1.33,0.5320000000001528,0.00321
b14_C,_2809_,OAI22,0,0,4,1,18,15,68,-1.5795918367311756e-05,2.394,1.0639999999998508,0.00321
b14_C,_2810_,XNOR2,0,0,2,3,19,14,67,4.081632654084899e-07,2.66,1.0639999999998508,0.00321
b14_C,_2811_,OR2,0,0,2,2,19,14,67,0.0,1.33,0.2660000000000764,0.00321
b14_C,_2812_,NAND2,0,0,2,2,20,13,65,-2.4897959185476992e-06,1.33,0.5320000000001528,0.00321
b14_C,_2813_,INV,0,0,1,2,21,12,60,0.0,0.798,0.26599999999962165,0.00321
b14_C,_2814_,NAND2,0,1,2,2,5,24,506,-0.004692816326530513,1.33,0.5320000000001528,0.00321
b14_C,_2815_,XNOR2,0,1,2,7,6,23,478,6.379591836735976e-05,2.66,1.0639999999998508,0.00321
b14_C,_2816_,NOR2,0,0,2,3,14,22,440,-2.4163265306187398e-05,1.33,0.5320000000001528,0.00321
b14_C,_2817_,NOR2,0,0,2,3,14,22,440,-0.00041530612244899956,1.33,0.5320000000001528,0.00321
b14_C,_2818_,NOR2,0,0,2,7,15,19,344,0.0,1.33,0.5320000000001528,0.00321
b14_C,_2819_,AOI222,0,1,6,1,14,23,384,-0.00026073469387766224,3.724,1.5960000000000036,0.00321
b14_C,_2820_,XNOR2,0,0,2,3,7,23,385,0.0,2.66,1.0639999999998508,0.00321
b14_C,_2821_,OAI21,0,1,3,3,15,22,383,-5.3959183673457645e-05,1.862,0.7980000000002292,0.00321
b14_C,_2822_,BUF,0,1,1,10,16,21,309,5.538775510194327e-05,1.064,0.2660000000000764,0.00321
b14_C,_2823_,AOI22,0,0,4,2,17,17,76,-1.4122448979581037e-05,2.394,1.0639999999998508,0.00321
b14_C,_2824_,AOI22,0,0,4,1,17,18,77,-1.4122448979581037e-05,2.394,1.0639999999998508,0.00321
b14_C,_2825_,XNOR2,0,0,2,2,18,17,76,-8.163265330374259e-08,2.66,1.0639999999998508,0.00321
b14_C,_2826_,AND2,0,0,2,3,19,16,74,0.0,1.33,0.2660000000000764,0.00321
b14_C,_2827_,AOI22,0,0,4,2,13,22,409,-0.0001536734693876607,2.394,1.0639999999998508,0.00321
b14_C,_2828_,NAND2,0,0,2,2,13,22,409,-0.00372677551020395,1.33,0.5320000000001528,0.00321
b14_C,_2829_,INV,0,0,1,2,1,24,418,0.0,0.798,0.26599999999962165,0.00321
b14_C,_2830_,NAND2,0,0,2,1,6,24,415,0.0,1.33,0.5320000000001528,0.00321
b14_C,_2831_,XNOR2,0,0,2,3,7,23,414,0.0,2.66,1.0639999999998508,0.00321
b14_C,_2832_,OR2,0,1,2,2,14,22,409,1.318367346914151e-05,1.33,0.2660000000000764,0.00321
b14_C,_2833_,AND3,0,0,3,6,15,21,377,-7.755102040762907e-06,1.596,0.2660000000000764,0.00321
b14_C,_2834_,OR2,0,2,2,2,4,25,609,-0.0022678775510205362,1.33,0.2660000000000764,0.00321
b14_C,_2835_,OAI21,0,1,3,1,5,23,546,-5.142857142814705e-06,1.862,0.7980000000002292,0.00321
b14_C,_2836_,XNOR2,0,1,2,10,6,22,545,4.481632653052792e-05,2.66,1.0639999999998508,0.00321
b14_C,_2837_,AND2,0,0,2,1,13,21,386,-0.0004664897959183456,1.33,0.2660000000000764,0.00321
b14_C,_2838_,AOI21,0,0,3,8,14,20,385,4.489795917272943e-07,1.862,0.7980000000002292,0.00321
b14_C,_2839_,OAI22,0,0,4,2,16,17,80,-1.2244897962254697e-07,2.394,1.0639999999998508,0.00321
b14_C,_2840_,NAND3,0,1,3,9,15,20,394,6.636734693876711e-05,1.862,0.7980000000002292,0.00321
b14_C,_2841_,MUX2,0,0,3,6,13,20,445,-0.00044563265306130084,2.394,0.531999999999698,0.00321
b14_C,_2842_,AOI22,0,0,4,1,16,18,81,-2.0612244898021714e-05,2.394,1.0639999999998508,0.00321
b14_C,_2843_,XNOR2,0,0,2,2,17,17,80,0.0,2.66,1.0639999999998508,0.00321
b14_C,_2844_,NAND2,0,0,2,4,18,13,73,0.0,1.33,0.5320000000001528,0.00321
b14_C,_2845_,NOR2,0,0,2,3,18,16,78,0.0,1.33,0.5320000000001528,0.00321
b14_C,_2846_,OR2,0,0,2,3,20,15,72,0.0,1.33,0.2660000000000764,0.00321
b14_C,_2847_,NAND2,0,0,2,2,13,22,419,-0.003727102040816277,1.33,0.5320000000001528,0.00321
b14_C,_2848_,XNOR2,0,0,2,3,6,23,421,0.0,2.66,1.0639999999998508,0.00321
b14_C,_2849_,OR2,0,1,2,2,14,22,419,1.5591836734829556e-05,1.33,0.2660000000000764,0.00321
b14_C,_2850_,AOI22,0,0,4,2,13,22,419,-0.0001530204081634512,2.394,1.0639999999998508,0.00321
b14_C,_2851_,NAND3,0,1,3,2,15,21,400,-4.4897959186052105e-06,1.862,0.7980000000002292,0.00321
b14_C,_2852_,BUF,0,1,1,10,16,20,319,9.028571428570942e-05,1.064,0.2660000000000764,0.00321
b14_C,_2853_,NAND2,0,1,2,1,5,24,566,-2.057142857125882e-05,1.33,0.5320000000001528,0.00321
b14_C,_2854_,XNOR2,0,1,2,10,6,23,565,7.938775510218932e-05,2.66,1.0639999999998508,0.00321
b14_C,_2855_,MUX2,0,0,3,2,13,19,455,-0.00044563265306130084,2.394,0.531999999999698,0.00321
b14_C,_2856_,BUF,0,0,1,10,14,18,389,0.0,1.064,0.2660000000000764,0.00321
b14_C,_2857_,AOI22,0,0,4,2,17,15,83,-2.1183673469371556e-05,2.394,1.0639999999998508,0.00321
b14_C,_2858_,AOI22,0,0,4,1,17,17,84,-2.1183673469371556e-05,2.394,1.0639999999998508,0.00321
b14_C,_2859_,XNOR2,0,0,2,4,18,16,83,2.8571428578594293e-07,2.66,1.0639999999998508,0.00321
b14_C,_2860_,INV,0,0,1,1,19,15,67,-8.571428571357842e-07,0.798,0.26599999999962165,0.00321
b14_C,_2861_,NOR3,0,0,3,1,21,14,66,0.0,1.862,0.7980000000002292,0.00321
b14_C,_2862_,NOR2,0,0,2,3,19,14,71,0.0,1.33,0.5320000000001528,0.00321
b14_C,_2863_,NOR2,0,0,2,1,22,13,65,-3.265306123267919e-07,1.33,0.5320000000001528,0.00321
b14_C,_2864_,AOI21,0,0,3,2,23,12,64,0.0,1.862,0.7980000000002292,0.00321
b14_C,_2865_,INV,0,0,1,3,18,14,79,0.0,0.798,0.26599999999962165,0.00321
b14_C,_2866_,NOR2,0,0,2,2,19,13,74,2.9795918368158425e-06,1.33,0.5320000000001528,0.00321
b14_C,_2867_,NAND2,0,1,2,1,4,24,588,-0.005063387755102067,1.33,0.5320000000001528,0.00321
b14_C,_2868_,XNOR2,0,1,2,9,5,23,587,6.897959183671531e-05,2.66,1.0639999999998508,0.00321
b14_C,_2869_,AND2,0,0,2,1,14,22,134,-0.00019016326530607586,1.33,0.2660000000000764,0.00321
b14_C,_2870_,AOI21,0,0,3,4,15,21,133,0.0,1.862,0.7980000000002292,0.00321
b14_C,_2871_,XNOR2,0,0,2,3,5,23,435,0.0,2.66,1.0639999999998508,0.00321
b14_C,_2872_,OR2,0,0,2,2,13,22,433,-2.155102040846124e-05,1.33,0.2660000000000764,0.00321
b14_C,_2873_,NAND2,0,0,2,2,13,22,433,-0.0001046122448979947,1.33,0.5320000000001528,0.00321
b14_C,_2874_,NAND2,0,0,2,2,13,22,433,-7.595918367342414e-05,1.33,0.5320000000001528,0.00321
b14_C,_2875_,NAND2,0,1,2,2,13,22,433,-0.0036954693877551126,1.33,0.5320000000001528,0.00321
b14_C,_2876_,AND4,0,0,4,9,14,21,326,-1.5836734693852605e-05,1.862,0.2660000000000764,0.00321
b14_C,_2877_,OAI22,0,0,4,2,16,16,86,0.0,2.394,1.0639999999998508,0.00321
b14_C,_2878_,MUX2,0,0,3,9,13,19,471,-0.0004463673469388141,2.394,0.531999999999698,0.00321
b14_C,_2879_,NAND4,0,1,4,6,14,19,323,9.387755102174822e-06,2.394,1.0639999999998508,0.00321
b14_C,_2880_,AOI22,0,0,4,1,15,17,87,-1.7387755102182822e-05,2.394,1.0639999999998508,0.00321
b14_C,_2881_,XNOR2,0,0,2,2,16,16,86,0.0,2.66,1.0639999999998508,0.00321
b14_C,_2882_,NAND2,0,0,2,3,17,13,82,0.0,1.33,0.5320000000001528,0.00321
b14_C,_2883_,NOR2,0,0,2,1,17,15,84,0.0,1.33,0.5320000000001528,0.00321
b14_C,_2884_,INV,0,0,1,2,18,14,83,0.0,0.798,0.26599999999962165,0.00321
b14_C,_2885_,OR2,0,2,2,2,3,25,687,-0.0022976734693878065,1.33,0.2660000000000764,0.00321
b14_C,_2886_,OAI21,0,1,3,1,4,24,625,-3.918367347033325e-06,1.862,0.7980000000002292,0.00321
b14_C,_2887_,XNOR2,0,1,2,10,5,23,624,5.4530612244807486e-05,2.66,1.0639999999998508,0.00321
b14_C,_2888_,MUX2,0,0,3,9,12,19,494,-0.0005235918367345604,2.394,0.531999999999698,0.00321
b14_C,_2889_,NAND2,0,0,2,2,13,21,447,-7.595918367342414e-05,1.33,0.5320000000001528,0.00321
b14_C,_2890_,NAND2,0,1,2,2,13,21,447,-8.514285714289471e-05,1.33,0.5320000000001528,0.00321
b14_C,_2891_,NAND2,0,0,2,2,13,21,447,-0.0036950204081631632,1.33,0.5320000000001528,0.00321
b14_C,_2892_,NAND2,0,0,2,1,4,23,450,0.0,1.33,0.5320000000001528,0.00321
b14_C,_2893_,XOR2,0,0,2,3,5,22,449,0.0,2.394,0.7979999999997744,0.00321
b14_C,_2894_,OR2,0,0,2,2,13,21,447,-2.155102040846124e-05,1.33,0.2660000000000764,0.00321
b14_C,_2895_,NAND4,0,1,4,10,14,20,417,6.885714285687072e-05,2.394,1.0639999999998508,0.00321
b14_C,_2896_,AOI22,0,0,4,2,15,15,89,-2.8489795918185123e-05,2.394,1.0639999999998508,0.00321
b14_C,_2897_,AOI22,0,0,4,1,15,16,90,-2.8489795918185123e-05,2.394,1.0639999999998508,0.00321
b14_C,_2898_,XNOR2,0,0,2,2,16,15,89,-8.163265330374259e-08,2.66,1.0639999999998508,0.00321
b14_C,_2899_,NAND2,0,0,2,3,17,14,87,0.0,1.33,0.5320000000001528,0.00321
b14_C,_2900_,NAND2,0,1,2,1,4,24,653,-2.057142857125882e-05,1.33,0.5320000000001528,0.00321
b14_C,_2901_,XNOR2,0,1,2,9,5,23,652,7.138775510195927e-05,2.66,1.0639999999998508,0.00321
b14_C,_2902_,MUX2,0,0,3,10,13,22,445,-0.0004468979591838451,2.394,0.531999999999698,0.00321
b14_C,_2903_,AOI22,0,0,4,2,16,15,89,-2.1102040816289858e-05,2.394,1.0639999999998508,0.00321
b14_C,_2904_,AOI221,0,0,5,2,15,17,91,-1.775510204082842e-05,2.926,1.3299999999999272,0.00321
b14_C,_2905_,AND2,0,0,2,1,14,21,427,-0.00019081632653072944,1.33,0.2660000000000764,0.00321
b14_C,_2906_,AOI21,0,0,3,6,15,20,426,0.0,1.862,0.7980000000002292,0.00321
b14_C,_2907_,NOR4,0,0,4,2,16,17,91,-0.001221836734694115,2.394,1.0639999999998508,0.00321
b14_C,_2908_,NOR2,0,0,2,2,17,16,90,-0.00010840816326518343,1.33,0.5320000000001528,0.00321
b14_C,_2909_,AOI221,0,0,5,1,18,15,86,-2.1306122448994103e-05,2.926,1.3299999999999272,0.00321
b14_C,_2910_,AOI211,0,21,4,2,21,15,89,0.0005687346938774152,2.394,1.0639999999998508,0.00322
b14_C,_2912_,NOR2,0,0,2,3,17,14,86,0.0,1.33,0.5320000000001528,0.00321
b14_C,_2913_,OAI211,0,18,4,2,23,13,78,-8.40816326541649e-06,2.394,1.0639999999998508,0.00322
b14_C,_2914_,AOI211,0,15,4,2,24,12,64,-0.00044240816326546195,2.394,1.0639999999998508,0.00321
b14_C,_2916_,NAND2,0,0,2,3,18,11,60,0.0,1.33,0.5320000000001528,0.00321
b14_C,_2917_,AOI211,0,12,4,2,26,10,51,-0.00030497959183661827,2.394,1.0639999999998508,0.00322
b14_C,_2919_,NAND2,0,0,2,3,18,9,48,0.0,1.33,0.5320000000001528,0.00321
b14_C,_2920_,AOI211,0,9,4,3,28,8,37,-0.00011220408163259421,2.394,1.0639999999998508,0.00322
b14_C,_2921_,AOI211,0,6,4,2,29,7,25,0.00013489795918375513,2.394,1.0639999999998508,0.00322
b14_C,_2922_,OAI22,0,5,4,2,30,6,21,-0.00029591836734677024,2.394,1.0639999999998508,0.00322
b14_C,_2923_,AND4,0,2,4,1,31,5,8,-1.4571428571530376e-05,1.862,0.2660000000000764,0.00321
b14_C,_2924_,NOR2,0,2,2,3,32,4,7,9.530612244912362e-05,1.33,0.5320000000001528,0.00321
b14_C,_2925_,XNOR2,0,1,2,1,33,2,1,-9.424489795928359e-05,2.66,1.0639999999998508,0.00322
b14_C,_2926_,OAI211,0,1,4,0,34,1,0,-2.032653061223577e-05,2.394,1.0639999999998508,0.00321
b14_C,_2927_,NOR2,0,2,2,3,25,5,7,-0.0003715918367346305,1.33,0.5320000000001528,0.00321
b14_C,_2928_,NOR2,0,0,2,2,20,5,8,-2.3265306123843033e-06,1.33,0.5320000000001528,0.00321
b14_C,_2929_,OR2,0,0,2,2,22,4,3,0.0,1.33,0.2660000000000764,0.00321
b14_C,_2930_,AOI21,0,1,3,1,26,3,2,-1.995918367336813e-05,1.862,0.7980000000002292,0.00321
b14_C,_2931_,OAI21,0,1,3,1,27,2,1,-6.840816326514343e-05,1.862,0.7980000000002292,0.00321
b14_C,_2932_,AND2,0,0,2,2,3,3,4,0.0,1.33,0.2660000000000764,0.00321
b14_C,_2933_,NAND3,0,0,3,7,15,5,49,-6.122448978906903e-07,1.862,0.7980000000002292,0.00321
b14_C,_2934_,BUF,0,0,1,10,16,4,30,0.0,1.064,0.2660000000000764,0.00321
b14_C,_2935_,BUF,0,0,1,10,17,4,30,0.0,1.064,0.2660000000000764,0.00321
b14_C,_2936_,OAI22,0,0,4,1,18,3,2,-3.673469386455963e-07,2.394,1.0639999999998508,0.00321
b14_C,_2937_,AOI211,0,0,4,1,19,2,1,-1.6244897959261095e-05,2.394,1.0639999999998508,0.00321
b14_C,_2938_,OAI211,0,1,4,0,28,1,0,-1.6448979591743296e-05,2.394,1.0639999999998508,0.00321
b14_C,_2939_,OAI22,0,0,4,1,18,3,2,0.0,2.394,1.0639999999998508,0.00321
b14_C,_2940_,OAI22,0,0,4,1,19,3,2,-8.163265330374259e-08,2.394,1.0639999999998508,0.00321
b14_C,_2941_,BUF,0,1,1,10,2,5,69,7.624489795921008e-05,1.064,0.2660000000000764,0.00321
b14_C,_2942_,BUF,0,1,1,10,3,4,36,8.730612244911562e-05,1.064,0.2660000000000764,0.00321
b14_C,_2943_,BUF,0,1,1,9,4,1,16,7.22857142856359e-05,1.064,0.2660000000000764,0.00321
b14_C,_2944_,AOI211,0,0,4,1,20,2,1,-1.481632653077547e-05,2.394,1.0639999999998508,0.00321
b14_C,_2945_,NOR2,0,1,2,1,30,3,2,-0.000354122448979588,1.33,0.5320000000001528,0.00321
b14_C,_2946_,XOR2,0,0,2,1,20,3,2,-1.7673469387524676e-05,2.394,0.7979999999997744,0.00321
b14_C,_2947_,XNOR2,0,1,2,1,31,2,1,-1.1306122449150635e-05,2.66,1.0639999999998508,0.00322
b14_C,_2948_,OAI21,0,1,3,0,32,1,0,-2.6122448979482016e-06,1.862,0.7980000000002292,0.00321
b14_C,_2949_,OAI21,0,1,3,2,23,4,3,-0.0005068571428570312,1.862,0.7980000000002292,0.00321
b14_C,_2950_,NAND2,0,0,2,2,19,4,3,0.0,1.33,0.5320000000001528,0.00321
b14_C,_2951_,AOI21,0,1,3,1,24,3,2,-8.693877550980389e-06,1.862,0.7980000000002292,0.00321
b14_C,_2952_,OAI21,0,1,3,1,25,2,1,-6.616326530606287e-05,1.862,0.7980000000002292,0.00321
b14_C,_2953_,AND4,0,0,4,7,14,20,342,-1.0163265306006863e-05,1.862,0.2660000000000764,0.00321
b14_C,_2954_,OAI22,0,0,4,1,16,3,2,-5.2285714285726925e-05,2.394,1.0639999999998508,0.00321
b14_C,_2955_,AOI221,0,0,5,1,18,2,1,-1.955102040840373e-05,2.926,1.3299999999999272,0.00321
b14_C,_2956_,OAI211,0,1,4,0,26,1,0,-1.5959183673475152e-05,2.394,1.0639999999998508,0.00321
b14_C,_2957_,BUF,0,1,1,10,14,22,63,9.171428571441709e-05,1.064,0.2660000000000764,0.00321
b14_C,_2958_,AOI22,0,0,4,1,17,4,3,-2.14693877551575e-05,2.394,1.0639999999998508,0.00321
b14_C,_2959_,INV,0,0,1,1,18,3,2,0.0,0.798,0.26599999999962165,0.00321
b14_C,_2960_,AOI221,0,0,5,1,19,2,1,-3.938775510237136e-05,2.926,1.3299999999999272,0.00321
b14_C,_2961_,OR2,0,2,2,2,18,6,7,-0.0006041224489794494,1.33,0.2660000000000764,0.00321
b14_C,_2962_,NOR2,0,0,2,2,16,5,7,-2.8326530612021728e-05,1.33,0.5320000000001528,0.00321
b14_C,_2963_,OR2,0,0,2,1,17,3,2,0.0,1.33,0.2660000000000764,0.00321
b14_C,_2964_,XNOR2,0,1,2,1,19,2,1,-2.942857142862465e-05,2.66,1.0639999999998508,0.00322
b14_C,_2965_,OAI221,0,1,5,0,20,1,0,-2.714285714300324e-05,2.926,1.3299999999999272,0.00321
b14_C,_2966_,NOR2,0,0,2,2,2,5,6,-5.6408163265464495e-05,1.33,0.5320000000001528,0.00321
b14_C,_2967_,AOI21,0,0,3,1,18,4,3,-1.5551020408288707e-05,1.862,0.7980000000002292,0.00321
b14_C,_2968_,OAI221,0,0,5,1,19,3,2,-1.2244897960034251e-06,2.926,1.3299999999999272,0.00321
b14_C,_2969_,AOI21,0,0,3,1,20,2,1,0.0,1.862,0.7980000000002292,0.00321
b14_C,_2970_,AND3,0,0,3,5,15,3,10,-0.000532000000000199,1.596,0.2660000000000764,0.00321
b14_C,_2971_,AOI21,0,1,3,2,28,4,4,-0.0005352244897960379,1.862,0.7980000000002292,0.00321
b14_C,_2972_,NAND3,0,1,3,1,29,3,2,-2.8734693877430217e-05,1.862,0.7980000000002292,0.00321
b14_C,_2973_,NAND2,0,1,2,1,30,2,1,-1.644897959196534e-05,1.33,0.5320000000001528,0.00321
b14_C,_2974_,AOI21,0,0,3,1,29,2,1,-3.0285714285760434e-05,1.862,0.7980000000002292,0.00321
b14_C,_2975_,OAI21,0,1,3,0,31,1,0,-2.8122448979539527e-05,1.862,0.7980000000002292,0.00321
b14_C,_2976_,NAND2,0,0,2,7,17,12,70,0.0,1.33,0.5320000000001528,0.00321
b14_C,_2977_,NAND4,0,0,4,2,16,16,76,0.0,2.394,1.0639999999998508,0.00321
b14_C,_2978_,NOR2,0,0,2,1,17,15,73,-2.0857142857266808e-05,1.33,0.531999999999698,0.00321
b14_C,_2979_,AOI21,0,1,3,1,18,14,72,-0.00012461224489790368,1.862,0.7979999999997744,0.00321
b14_C,_2980_,AOI22,0,0,4,1,15,14,72,-2.8285714285702923e-05,2.394,1.0639999999998508,0.00321
b14_C,_2981_,NAND2,0,1,2,6,19,13,71,3.0448979591701786e-05,1.33,0.531999999999698,0.00321
b14_C,_2982_,INV,0,0,1,2,20,12,45,-1.9061224489913542e-05,0.798,0.2660000000000764,0.00321
b14_C,_2983_,OAI22,0,0,4,1,21,3,2,0.0,2.394,1.0639999999998508,0.00321
b14_C,_2984_,AOI221,0,0,5,1,22,2,1,-3.628571428593297e-05,2.926,1.3299999999994725,0.00321
b14_C,_2985_,NAND2,0,0,2,2,23,4,4,-4.081632654084899e-08,1.33,0.531999999999698,0.00321
b14_C,_2986_,AND2,0,0,2,7,20,12,77,-1.0612244897956202e-05,1.33,0.26599999999962165,0.00321
b14_C,_2987_,OAI22,0,0,4,1,21,5,5,0.0,2.394,1.0639999999998508,0.00321
b14_C,_2988_,OAI22,0,0,4,1,21,6,6,0.0,2.394,1.0639999999998508,0.00321
b14_C,_2989_,XNOR2,0,0,2,1,22,5,5,-4.081632654084899e-08,2.66,1.0639999999998508,0.00321
b14_C,_2990_,XNOR2,0,0,2,2,23,4,4,3.0612244898975405e-06,2.66,1.0639999999998508,0.00321
b14_C,_2991_,NOR2,0,0,2,2,23,4,5,-8.163265308169798e-08,1.33,0.531999999999698,0.00321
b14_C,_2992_,OAI211,0,0,4,1,33,3,2,-7.428571428569342e-05,2.394,1.0639999999998508,0.00322
b14_C,_2993_,NAND2,0,0,2,1,34,2,1,-2.3673469387031076e-06,1.33,0.531999999999698,0.00321
b14_C,_2994_,OR2,0,1,2,1,33,3,2,-2.289795918386517e-05,1.33,0.26599999999962165,0.00321
b14_C,_2995_,AOI21,0,1,3,1,34,2,1,-1.399999999995849e-05,1.862,0.7979999999997744,0.00321
b14_C,_2996_,OAI221,0,1,5,0,35,1,0,-7.795918367303756e-06,2.926,1.3299999999994725,0.00321
b14_C,_2997_,AND2,0,0,2,2,3,3,4,-8.65306122443954e-06,1.33,0.26599999999962165,0.00321
b14_C,_2998_,OAI22,0,0,4,1,18,3,2,0.0,2.394,1.0639999999998508,0.00321
b14_C,_2999_,AOI211,0,0,4,1,19,2,1,-1.7346938775641974e-05,2.394,1.0639999999998508,0.00321
b14_C,_3000_,NOR2,0,1,2,1,22,3,2,-0.001165306122449028,1.33,0.531999999999698,0.00321
b14_C,_3001_,XNOR2,0,0,2,1,18,3,2,1.8775510204349644e-06,2.66,1.0639999999998508,0.00321
b14_C,_3002_,XNOR2,0,1,2,1,23,2,1,-1.0571428571637398e-05,2.66,1.0639999999998508,0.00322
b14_C,_3003_,OAI221,0,1,5,0,24,1,0,-1.0612244897956202e-05,2.926,1.3299999999994725,0.00321
b14_C,_3004_,AOI22,0,0,4,1,18,2,1,-9.183673469381759e-05,2.394,1.0639999999998508,0.00321
b14_C,_3005_,AND2,0,0,2,2,3,3,4,0.0,1.33,0.26599999999962165,0.00321
b14_C,_3006_,AOI221,0,0,5,1,18,2,1,-2.1714285714402592e-05,2.926,1.3299999999994725,0.00321
b14_C,_3007_,OR2,0,1,2,1,16,6,8,-2.3918367346942304e-05,1.33,0.26599999999962165,0.00321
b14_C,_3008_,AND2,0,1,2,2,17,5,7,1.591836734671226e-05,1.33,0.26599999999962165,0.00321
b14_C,_3009_,NOR2,0,1,2,1,18,3,2,-2.9142857143060752e-05,1.33,0.531999999999698,0.00321
b14_C,_3010_,XNOR2,0,1,2,1,19,2,1,-5.551020408223195e-06,2.66,1.0639999999998508,0.00322
b14_C,_3011_,OAI211,0,1,4,0,20,1,0,-1.028571428562941e-05,2.394,1.0639999999998508,0.00321
b14_C,_3012_,XOR2,0,0,2,2,18,4,3,2.1224489794580137e-06,2.394,0.7979999999997744,0.00321
b14_C,_3013_,INV,0,0,1,1,19,5,4,0.0,0.798,0.2660000000000764,0.00321
b14_C,_3014_,NOR2,0,2,2,2,29,5,6,-0.00018081632653066393,1.33,0.531999999999698,0.00321
b14_C,_3015_,AOI21,0,1,3,2,30,4,3,-7.00408163263333e-05,1.862,0.7979999999997744,0.00321
b14_C,_3016_,AOI21,0,1,3,1,31,3,2,-7.551020408058662e-06,1.862,0.7979999999997744,0.00321
b14_C,_3017_,OAI21,0,1,3,1,32,2,1,-4.2816326530470405e-05,1.862,0.7979999999997744,0.00321
b14_C,_3018_,NAND2,0,1,2,10,15,16,197,0.00011314285714258965,1.33,0.531999999999698,0.00321
b14_C,_3019_,AOI22,0,0,4,1,17,4,3,-7.718367346920552e-05,2.394,1.0639999999998508,0.00321
b14_C,_3020_,OAI221,0,0,5,1,18,3,2,-3.428571428543137e-06,2.926,1.3299999999994725,0.00321
b14_C,_3021_,AOI21,0,0,3,1,19,2,1,0.0,1.862,0.7979999999997744,0.00321
b14_C,_3022_,NAND2,0,1,2,0,33,1,0,-1.0979591836823843e-05,1.33,0.531999999999698,0.00321
b14_C,_3023_,NOR2,0,0,2,1,19,3,2,0.0,1.33,0.531999999999698,0.00321
b14_C,_3024_,AOI22,0,0,4,1,18,4,3,-3.853061224501353e-05,2.394,1.0639999999998508,0.00321
b14_C,_3025_,INV,0,0,1,4,17,20,215,-1.4857142857094274e-05,0.798,0.2660000000000764,0.00321
b14_C,_3026_,OAI221,0,0,5,1,19,3,2,-1.2244897962254697e-07,2.926,1.3299999999994725,0.00321
b14_C,_3027_,NOR2,0,0,2,1,20,2,1,0.0,1.33,0.531999999999698,0.00321
b14_C,_3028_,AND2,0,3,2,3,24,7,12,-0.00024130612244888106,1.33,0.26599999999962165,0.00321
b14_C,_3029_,NOR2,0,2,2,1,25,6,8,-7.722448979596841e-05,1.33,0.531999999999698,0.00321
b14_C,_3030_,AOI21,0,2,3,3,26,5,7,3.8857142857118276e-05,1.862,0.7979999999997744,0.00321
b14_C,_3031_,INV,0,0,1,1,19,4,3,0.0,0.798,0.2660000000000764,0.00321
b14_C,_3032_,NAND2,0,0,2,1,20,3,2,0.0,1.33,0.531999999999698,0.00321
b14_C,_3033_,XNOR2,0,1,2,1,27,2,1,-6.587755102049897e-05,2.66,1.0639999999998508,0.00322
b14_C,_3034_,OAI21,0,1,3,0,28,1,0,-1.0775510204119598e-05,1.862,0.7979999999997744,0.00321
b14_C,_3035_,INV,0,0,1,2,21,5,8,0.0,0.798,0.2660000000000764,0.00321
b14_C,_3036_,NAND2,0,3,2,4,31,5,11,2.0408163265983603e-06,1.33,0.531999999999698,0.00321
b14_C,_3037_,OAI221,0,1,5,1,32,3,2,-4.804081632658885e-05,2.926,1.3299999999994725,0.00322
b14_C,_3038_,INV,0,0,1,2,21,4,6,-2.6122448979482016e-06,0.798,0.2660000000000764,0.00321
b14_C,_3039_,OAI21,0,1,3,2,32,4,6,-4.4204081632637227e-05,1.862,0.7979999999997744,0.00321
b14_C,_3040_,NAND2,0,0,2,1,33,3,2,-1.9142857142773195e-05,1.33,0.531999999999698,0.00321
b14_C,_3041_,OAI211,0,1,4,1,34,2,1,-1.6775510204070088e-05,2.394,1.0639999999998508,0.00321
b14_C,_3042_,NAND2,0,0,2,1,19,2,1,0.0,1.33,0.531999999999698,0.00321
b14_C,_3043_,OAI22,0,0,4,1,18,3,2,0.0,2.394,1.0639999999998508,0.00321
b14_C,_3044_,AOI221,0,0,5,1,20,2,1,-3.6693877551119414e-05,2.926,1.3299999999994725,0.00321
b14_C,_3045_,NAND3,0,1,3,0,35,1,0,-1.3061224489741008e-05,1.862,0.7979999999997744,0.00321
b14_C,_3046_,NAND2,0,0,2,1,19,2,1,0.0,1.33,0.531999999999698,0.00321
b14_C,_3047_,BUF,0,1,1,10,8,20,280,5.1673469387836235e-05,1.064,0.2660000000000764,0.00321
b14_C,_3048_,AND2,0,0,2,1,14,19,245,-0.00018534693877558794,1.33,0.26599999999962165,0.00321
b14_C,_3049_,AOI21,0,0,3,4,15,18,244,0.0,1.862,0.7979999999997744,0.00321
b14_C,_3050_,OAI22,0,0,4,1,17,3,2,0.0,2.394,1.0639999999998508,0.00321
b14_C,_3051_,AOI221,0,0,5,1,18,2,1,-3.718367346938756e-05,2.926,1.3299999999994725,0.00321
b14_C,_3052_,AOI21,0,1,3,1,26,3,2,-0.0006684081632652994,1.862,0.7979999999997744,0.00321
b14_C,_3053_,NOR2,0,0,2,1,21,3,2,2.0408163270424495e-07,1.33,0.531999999999698,0.00321
b14_C,_3054_,XNOR2,0,1,2,1,27,2,1,-2.2163265306129887e-05,2.66,1.0639999999998508,0.00322
b14_C,_3055_,OAI211,0,1,4,0,28,1,0,-9.591836734657022e-06,2.394,1.0639999999998508,0.00321
b14_C,_3056_,NOR2,0,0,2,1,19,3,2,0.0,1.33,0.531999999999698,0.00321
b14_C,_3057_,AOI22,0,0,4,1,18,4,3,-1.7836734693688072e-05,2.394,1.0639999999998508,0.00321
b14_C,_3058_,BUF,0,3,1,10,2,4,34,0.0001716734693877342,1.064,0.2660000000000764,0.00321
b14_C,_3059_,OAI221,0,0,5,1,19,3,2,-4.371428571414704e-05,2.926,1.3299999999994725,0.00321
b14_C,_3060_,NOR2,0,0,2,1,20,2,1,0.0,1.33,0.531999999999698,0.00321
b14_C,_3061_,XNOR2,0,0,2,1,17,3,2,0.0,2.66,1.0639999999998508,0.00321
b14_C,_3062_,XNOR2,0,1,2,1,20,2,1,-0.0010848571428572207,2.66,1.0639999999998508,0.00322
b14_C,_3063_,OAI21,0,1,3,0,21,1,0,-1.0653061224497051e-05,1.862,0.7979999999997744,0.00321
b14_C,_3064_,NOR2,0,1,2,1,27,4,3,-0.00036077551020397003,1.33,0.531999999999698,0.00321
b14_C,_3065_,XOR2,0,0,2,1,19,4,3,2.4489795917848056e-06,2.394,0.7979999999997744,0.00321
b14_C,_3066_,XNOR2,0,1,2,1,28,3,2,-2.4979591836782333e-05,2.66,1.0639999999998508,0.00322
b14_C,_3067_,NAND2,0,1,2,1,29,2,1,-1.2040816326441828e-05,1.33,0.531999999999698,0.00321
b14_C,_3068_,AND2,0,0,2,2,3,3,4,0.0,1.33,0.26599999999962165,0.00321
b14_C,_3069_,OAI22,0,0,4,1,18,3,2,-1.2244897962254697e-07,2.394,1.0639999999998508,0.00321
b14_C,_3070_,AOI211,0,0,4,1,19,2,1,-2.122448979613445e-05,2.394,1.0639999999998508,0.00321
b14_C,_3071_,OAI211,0,1,4,0,30,1,0,-1.5877551020393454e-05,2.394,1.0639999999998508,0.00321
b14_C,_3072_,NAND2,0,0,2,2,21,4,3,0.0,1.33,0.531999999999698,0.00321
b14_C,_3073_,AOI21,0,1,3,1,32,3,2,-4.906122448966599e-05,1.862,0.7979999999997744,0.00321
b14_C,_3074_,OAI21,0,1,3,1,33,2,1,-6.820408163243918e-05,1.862,0.7979999999997744,0.00321
b14_C,_3075_,NAND2,0,0,2,1,19,2,1,0.0,1.33,0.531999999999698,0.00321
b14_C,_3076_,OAI22,0,0,4,1,18,3,2,-4.897959183791656e-06,2.394,1.0639999999998508,0.00321
b14_C,_3077_,AOI221,0,0,5,1,19,2,1,-3.693877551014246e-05,2.926,1.3299999999994725,0.00321
b14_C,_3078_,NAND3,0,1,3,0,34,1,0,-1.2857142857036763e-05,1.862,0.7979999999997744,0.00321
b14_C,_3079_,INV,0,0,1,1,17,5,4,0.0,0.798,0.2660000000000764,0.00321
b14_C,_3080_,NAND2,0,0,2,2,18,4,3,0.0,1.33,0.531999999999698,0.00321
b14_C,_3081_,NOR2,0,1,2,1,19,5,4,-3.74693877551735e-05,1.33,0.531999999999698,0.00321
b14_C,_3082_,NOR2,0,1,2,2,20,4,3,2.657142857120931e-05,1.33,0.531999999999698,0.00321
b14_C,_3083_,AOI21,0,1,3,1,21,3,2,-3.873469387749573e-05,1.862,0.7979999999997744,0.00321
b14_C,_3084_,OAI21,0,1,3,1,22,2,1,-4.673469387750373e-05,1.862,0.7979999999997744,0.00321
b14_C,_3085_,NAND2,0,0,2,1,19,2,1,0.0,1.33,0.531999999999698,0.00321
b14_C,_3086_,AND2,0,0,2,2,3,3,4,-8.65306122443954e-06,1.33,0.26599999999962165,0.00321
b14_C,_3087_,AND2,0,0,2,2,12,22,390,-0.0005483265306120977,1.33,0.26599999999962165,0.00321
b14_C,_3088_,AND2,0,0,2,2,14,22,390,0.0,1.33,0.26599999999962165,0.00321
b14_C,_3089_,NOR2,0,0,2,5,15,21,273,0.0,1.33,0.531999999999698,0.00321
b14_C,_3090_,AND4,0,0,4,8,14,21,389,-1.5714285714452103e-05,1.862,0.2660000000000764,0.00321
b14_C,_3091_,OAI22,0,0,4,1,18,3,2,-0.00027085714285712825,2.394,1.0639999999998508,0.00321
b14_C,_3092_,AOI211,0,0,4,1,19,2,1,-0.00011342857142837559,2.394,1.0639999999998508,0.00321
b14_C,_3093_,NAND3,0,1,3,0,23,1,0,-1.2857142857036763e-05,1.862,0.7979999999997744,0.00321
b14_C,_3094_,NOR2,0,0,2,1,17,3,2,0.0,1.33,0.531999999999698,0.00321
b14_C,_3095_,AND4,0,0,4,4,14,21,249,-1.5836734693852605e-05,1.862,0.2660000000000764,0.00321
b14_C,_3096_,AND2,0,0,2,1,13,22,321,-0.0004671428571429992,1.33,0.26599999999962165,0.00321
b14_C,_3097_,AOI21,0,0,3,6,14,21,320,0.00012114285714281969,1.862,0.7979999999997744,0.00321
b14_C,_3098_,OAI22,0,0,4,1,17,3,2,-4.522448979571436e-05,2.394,1.0639999999998508,0.00321
b14_C,_3099_,AOI211,0,0,4,1,18,2,1,-1.6938775510233484e-05,2.394,1.0639999999998508,0.00321
b14_C,_3100_,INV,0,0,1,1,18,4,3,0.0,0.798,0.2660000000000764,0.00321
b14_C,_3101_,NOR2,0,0,2,1,19,3,2,0.0,1.33,0.531999999999698,0.00321
b14_C,_3102_,XNOR2,0,1,2,1,23,2,1,-0.0006861632653061278,2.66,1.0639999999998508,0.00322
b14_C,_3103_,OAI221,0,1,5,0,24,1,0,-2.1755102040721397e-05,2.926,1.3299999999994725,0.00321
b14_C,_3104_,INV,0,0,1,3,1,4,6,0.0,0.798,0.2660000000000764,0.00321
b14_C,_3105_,NOR2,0,0,2,2,2,3,4,-5.6408163265464495e-05,1.33,0.531999999999698,0.00321
b14_C,_3106_,AOI221,0,0,5,1,18,2,1,-0.0006176326530613618,2.926,1.3299999999994725,0.00321
b14_C,_3107_,XOR2,0,1,2,2,14,4,5,-1.4938775510175972e-05,2.394,0.7979999999997744,0.00321
b14_C,_3108_,OAI221,0,1,5,0,19,1,0,-4.5959183673449644e-05,2.926,1.3299999999994725,0.00321
b14_C,_3109_,AOI22,0,0,4,1,17,4,3,-3.930612244884557e-05,2.394,1.0639999999998508,0.00321
b14_C,_3110_,OAI221,0,0,5,1,18,3,2,-4.93877551011046e-06,2.926,1.3299999999994725,0.00321
b14_C,_3111_,AOI21,0,0,3,1,19,2,1,0.0,1.862,0.7979999999997744,0.00321
b14_C,_3112_,NOR2,0,0,2,1,19,3,2,-3.183673469298043e-06,1.33,0.531999999999698,0.00321
b14_C,_3113_,XOR2,0,1,2,1,30,2,1,-8.693877551002593e-05,2.394,0.7979999999997744,0.00322
b14_C,_3114_,OAI21,0,1,3,0,31,1,0,-2.534693877542793e-05,1.862,0.7979999999997744,0.00321
b14_C,_3115_,OAI221,0,0,5,1,27,3,2,-6.808163265303868e-05,2.926,1.3299999999994725,0.00322
b14_C,_3116_,AOI211,0,1,4,1,27,4,3,-5.799999999989147e-05,2.394,1.0639999999998508,0.00322
b14_C,_3117_,NOR2,0,1,2,1,28,3,2,-2.346938775521501e-05,1.33,0.531999999999698,0.00321
b14_C,_3118_,NAND2,0,1,2,1,29,2,1,-3.1918367346950305e-05,1.33,0.531999999999698,0.00321
b14_C,_3119_,OR2,0,0,2,6,15,21,220,0.0,1.33,0.26599999999962165,0.00321
b14_C,_3120_,OAI22,0,0,4,1,17,3,2,-3.673469387566186e-06,2.394,1.0639999999998508,0.00321
b14_C,_3121_,INV,0,0,1,7,18,16,253,-8.122448979408503e-06,0.798,0.2660000000000764,0.00321
b14_C,_3122_,AOI221,0,0,5,1,19,2,1,-2.738775510202629e-05,2.926,1.3299999999994725,0.00321
b14_C,_3123_,OAI211,0,1,4,0,30,1,0,-1.7714285714509614e-05,2.394,1.0639999999998508,0.00321
b14_C,_3124_,AOI21,0,1,3,1,29,4,3,-0.00018987755102051196,1.862,0.7979999999997744,0.00322
b14_C,_3125_,NOR2,0,0,2,1,20,4,3,0.0,1.33,0.531999999999698,0.00321
b14_C,_3126_,XNOR2,0,1,2,1,30,3,2,-2.865306122434852e-05,2.66,1.0639999999998508,0.00322
b14_C,_3127_,NAND2,0,1,2,1,31,2,1,-1.3510204081690347e-05,1.33,0.531999999999698,0.00321
b14_C,_3128_,OAI22,0,0,4,1,18,3,2,-5.877551020327942e-06,2.394,1.0639999999998508,0.00321
b14_C,_3129_,AOI221,0,0,5,1,19,2,1,-3.7918367346900794e-05,2.926,1.3299999999994725,0.00321
b14_C,_3130_,OAI211,0,1,4,0,32,1,0,-1.612244897963855e-05,2.394,1.0639999999998508,0.00321
b14_C,_3131_,XNOR2,0,0,2,2,19,4,3,1.2653061223222295e-06,2.66,1.0639999999998508,0.00321
b14_C,_3132_,AOI21,0,1,3,1,25,3,2,-3.114285714311826e-05,1.862,0.7979999999997744,0.00321
b14_C,_3133_,OAI21,0,1,3,1,26,2,1,-8.571428571424455e-05,1.862,0.7979999999997744,0.00321
b14_C,_3134_,NAND2,0,0,2,1,3,4,3,0.0,1.33,0.531999999999698,0.00321
b14_C,_3135_,OAI21,0,0,3,1,16,3,2,0.0,1.862,0.7979999999997744,0.00321
b14_C,_3136_,AOI221,0,0,5,1,17,2,1,-1.8979591836831844e-05,2.926,1.3299999999994725,0.00321
b14_C,_3137_,OAI211,0,1,4,0,27,1,0,-1.5714285714452103e-05,2.394,1.0639999999998508,0.00321
b14_C,_3138_,NOR2,0,1,2,2,17,4,3,-0.0007126122448977146,1.33,0.531999999999698,0.00321
b14_C,_3139_,NOR2,0,0,2,1,17,5,4,-2.14693877551575e-05,1.33,0.531999999999698,0.00321
b14_C,_3140_,NOR2,0,0,2,2,18,4,3,-1.8408163265259958e-05,1.33,0.531999999999698,0.00321
b14_C,_3141_,AOI21,0,1,3,1,19,3,2,3.346938775461439e-06,1.862,0.7979999999997744,0.00321
b14_C,_3142_,OAI21,0,1,3,1,20,2,1,-4.134693877544393e-05,1.862,0.7979999999997744,0.00321
b14_C,_3143_,INV,0,0,1,2,1,4,3,0.0,0.798,0.2660000000000764,0.00321
b14_C,_3144_,OAI22,0,0,4,1,16,3,2,-6.114285714264867e-05,2.394,1.0639999999998508,0.00321
b14_C,_3145_,AOI221,0,0,5,1,18,2,1,-0.0007081632653058723,2.926,1.3299999999994725,0.00321
b14_C,_3146_,OAI211,0,1,4,0,21,1,0,-1.5836734693852605e-05,2.394,1.0639999999998508,0.00321
b14_C,_3147_,INV,0,0,1,1,19,5,4,0.0,0.798,0.2660000000000764,0.00321
b14_C,_3148_,OR2,0,0,2,2,20,4,3,0.0,1.33,0.26599999999962165,0.00321
b14_C,_3149_,AOI21,0,1,3,1,28,3,2,-0.0005533877551020527,1.862,0.7979999999997744,0.00321
b14_C,_3150_,OAI21,0,1,3,1,29,2,1,-0.0007035102040815477,1.862,0.7979999999997744,0.00321
b14_C,_3151_,AND2,0,0,2,2,3,3,4,0.0,1.33,0.26599999999962165,0.00321
b14_C,_3152_,OAI22,0,0,4,1,18,3,2,-3.5918367347065328e-06,2.394,1.0639999999998508,0.00321
b14_C,_3153_,AOI211,0,0,4,1,19,2,1,-1.3999999999736445e-05,2.394,1.0639999999998508,0.00321
b14_C,_3154_,OAI211,0,1,4,0,30,1,0,-2.012244897975357e-05,2.394,1.0639999999998508,0.00321
b14_C,_3155_,XOR2,0,0,2,2,17,4,3,0.0,2.394,0.7979999999997744,0.00322
b14_C,_3156_,AOI21,0,1,3,1,21,3,2,-0.0005606122448977846,1.862,0.7979999999997744,0.00321
b14_C,_3157_,OAI21,0,1,3,1,22,2,1,-0.0006409795918369543,1.862,0.7979999999997744,0.00321
b14_C,_3158_,NAND2,0,0,2,2,3,4,4,0.0,1.33,0.531999999999698,0.00321
b14_C,_3159_,AND2,0,0,2,1,12,22,378,-0.0005465714285712853,1.33,0.26599999999962165,0.00321
b14_C,_3160_,AOI21,0,0,3,4,14,21,377,0.0,1.862,0.7979999999997744,0.00321
b14_C,_3161_,OAI21,0,0,3,1,17,3,2,0.0,1.862,0.7979999999997744,0.00321
b14_C,_3162_,AOI221,0,0,5,1,18,2,1,-4.465306122436452e-05,2.926,1.3299999999994725,0.00321
b14_C,_3163_,OAI211,0,1,4,0,23,1,0,-1.604081632655685e-05,2.394,1.0639999999998508,0.00321
b14_C,_3164_,AOI22,0,0,4,1,17,4,3,-1.8775510203905554e-05,2.394,1.0639999999998508,0.00321
b14_C,_3165_,OAI221,0,0,5,1,21,3,2,0.0,2.926,1.3299999999994725,0.00321
b14_C,_3166_,AOI21,0,0,3,1,22,2,1,0.0,1.862,0.7979999999997744,0.00321
b14_C,_3167_,INV,0,0,1,1,23,4,3,0.0,0.798,0.2660000000000764,0.00321
b14_C,_3168_,NAND2,0,0,2,1,24,3,2,0.0,1.33,0.531999999999698,0.00321
b14_C,_3169_,AOI21,0,1,3,1,33,3,2,1.6693877551210434e-05,1.862,0.7979999999997744,0.00321
b14_C,_3170_,XNOR2,0,1,2,1,34,2,1,-3.657142857127482e-05,2.66,1.0639999999998508,0.00322
b14_C,_3171_,OAI21,0,1,3,0,35,1,0,-1.0857142856979252e-05,1.862,0.7979999999997744,0.00321
b14_C,_3172_,AOI21,0,1,3,2,26,4,3,5.265306122437252e-06,1.862,0.7979999999997744,0.00321
b14_C,_3173_,INV,0,0,1,1,19,5,4,0.0,0.798,0.2660000000000764,0.00321
b14_C,_3174_,NOR2,0,0,2,2,20,4,3,0.0,1.33,0.531999999999698,0.00321
b14_C,_3175_,AOI21,0,1,3,1,27,3,2,-2.8734693877430217e-05,1.862,0.7979999999997744,0.00321
b14_C,_3176_,OAI21,0,1,3,1,28,2,1,-5.012244897972806e-05,1.862,0.7979999999997744,0.00321
b14_C,_3177_,NAND2,0,0,2,1,19,2,1,0.0,1.33,0.531999999999698,0.00321
b14_C,_3178_,NAND2,0,0,2,2,3,4,4,0.0,1.33,0.531999999999698,0.00321
b14_C,_3179_,OAI21,0,0,3,1,18,3,2,-1.5224489795961915e-05,1.862,0.7979999999997744,0.00321
b14_C,_3180_,AOI221,0,0,5,1,19,2,1,-1.971428571434508e-05,2.926,1.3299999999994725,0.00321
b14_C,_3181_,NAND3,0,1,3,0,29,1,0,-1.2897959183799657e-05,1.862,0.7979999999997744,0.00321
b14_C,_3182_,BUF,0,0,1,10,3,3,12,-1.9632653061263383e-05,1.064,0.2660000000000764,0.00321
b14_C,_3183_,BUF,0,1,1,10,12,15,151,9.073469387765876e-05,1.064,0.2660000000000764,0.00321
b14_C,_3184_,BUF,0,1,1,10,9,7,91,0.0001073061224490246,1.064,0.2660000000000764,0.00321
b14_C,_3185_,INV,0,0,1,1,9,24,200,-1.844897959202285e-05,0.798,0.2660000000000764,0.00321
b14_C,_3186_,AOI22,0,0,4,7,10,23,199,-4.9469387754852434e-05,2.394,1.0639999999998508,0.00321
b14_C,_3187_,NAND2,0,0,2,3,10,23,157,-2.281632653033938e-05,1.33,0.531999999999698,0.00321
b14_C,_3188_,NOR2,0,0,2,9,11,22,99,-4.489795917272943e-07,1.33,0.531999999999698,0.00321
b14_C,_3189_,BUF,0,0,1,10,12,20,77,0.0,1.064,0.2660000000000764,0.00321
b14_C,_3190_,CLKBUF,0,0,1,10,13,16,46,0.0,1.064,0.2660000000000764,0.00321
b14_C,_3191_,NAND2,0,0,2,2,15,13,56,-1.3061224489741008e-05,1.33,0.531999999999698,0.00321
b14_C,_3192_,AOI22,0,1,4,2,15,13,56,-0.00015889795918377914,2.394,1.0639999999998508,0.00321
b14_C,_3193_,NAND2,0,1,2,5,16,12,42,2.289795918342108e-05,1.33,0.531999999999698,0.00321
b14_C,_3194_,NAND2,0,0,2,2,17,12,31,0.0,1.33,0.531999999999698,0.00321
b14_C,_3195_,NOR2,0,0,2,4,18,11,25,-1.934693877547744e-05,1.33,0.531999999999698,0.00321
b14_C,_3196_,AND2,0,0,2,2,16,11,40,-1.0612244897956202e-05,1.33,0.26599999999962165,0.00321
b14_C,_3197_,AND2,0,0,2,4,16,11,35,0.0,1.33,0.26599999999962165,0.00321
b14_C,_3198_,NOR2,0,0,2,6,17,10,28,-4.489795919493389e-07,1.33,0.531999999999698,0.00321
b14_C,_3199_,CLKBUF,0,0,1,10,11,22,94,0.0,1.064,0.2660000000000764,0.00321
b14_C,_3200_,CLKBUF,0,0,1,10,12,17,50,0.0,1.064,0.2660000000000764,0.00321
b14_C,_3201_,AOI22,0,0,4,1,19,7,7,0.0,2.394,1.0639999999998508,0.00321
b14_C,_3202_,OAI22,0,0,4,1,19,8,8,-1.787755102022892e-05,2.394,1.0639999999998508,0.00321
b14_C,_3203_,NOR2,0,0,2,7,11,23,141,-1.9142857142773195e-05,1.33,0.531999999999698,0.00321
b14_C,_3204_,NAND2,0,0,2,8,12,22,113,-3.269387755100439e-05,1.33,0.531999999999698,0.00321
b14_C,_3205_,BUF,0,0,1,10,13,21,96,0.0,1.064,0.2660000000000764,0.00321
b14_C,_3206_,BUF,0,0,1,10,14,17,65,0.0,1.064,0.2660000000000764,0.00321
b14_C,_3207_,CLKBUF,0,0,1,10,15,15,36,0.0,1.064,0.2660000000000764,0.00321
b14_C,_3208_,NAND2,0,0,2,10,17,11,54,2.4244897959269096e-05,1.33,0.531999999999698,0.00321
b14_C,_3209_,AOI222,0,1,6,5,15,12,49,-9.820408163285776e-05,3.724,1.595999999999549,0.00321
b14_C,_3210_,OAI21,0,0,3,1,17,10,12,-1.7591836734665023e-05,1.862,0.7979999999997744,0.00321
b14_C,_3211_,OAI22,0,0,4,2,18,9,11,-5.167346938761419e-05,2.394,1.0639999999998508,0.00321
b14_C,_3212_,BUF,0,0,1,10,12,21,55,0.0,1.064,0.2660000000000764,0.00321
b14_C,_3213_,OAI221,0,0,5,1,19,8,8,-6.151020408173835e-05,2.926,1.3299999999994725,0.00321
b14_C,_3214_,NAND2,0,0,2,1,20,7,7,0.0,1.33,0.531999999999698,0.00321
b14_C,_3215_,AND2,0,0,2,5,17,12,66,0.0,1.33,0.26599999999962165,0.00321
b14_C,_3216_,AOI22,0,0,4,1,20,11,13,-1.7959183673532664e-05,2.394,1.0639999999998508,0.00321
b14_C,_3217_,OAI21,0,0,3,2,21,10,12,-2.126530612223121e-05,1.862,0.7979999999997744,0.00321
b14_C,_3218_,NAND2,0,0,2,10,11,21,75,-3.269387755100439e-05,1.33,0.531999999999698,0.00321
b14_C,_3219_,CLKBUF,0,0,1,10,12,16,43,0.0,1.064,0.2660000000000764,0.00321
b14_C,_3220_,OAI22,0,0,4,2,20,10,12,-1.7999999999851468e-05,2.394,1.0639999999998508,0.00321
b14_C,_3221_,NAND2,0,0,2,1,22,9,9,0.0,1.33,0.531999999999698,0.00321
b14_C,_3222_,NOR2,0,0,2,1,18,10,10,-4.163265306278419e-06,1.33,0.531999999999698,0.00321
b14_C,_3223_,INV,0,0,1,5,16,11,37,-4.889795918350259e-05,0.798,0.2660000000000764,0.00321
b14_C,_3224_,AOI21,0,0,3,1,19,9,9,0.0,1.862,0.7979999999997744,0.00321
b14_C,_3225_,OAI21,0,0,3,1,23,8,8,0.0,1.862,0.7979999999997744,0.00321
b14_C,_3226_,CLKBUF,0,0,1,10,11,18,135,3.2571428571381844e-05,1.064,0.2660000000000764,0.00321
b14_C,_3227_,AOI22,0,0,4,1,21,11,13,-6.330612244886957e-05,2.394,1.0639999999998508,0.00321
b14_C,_3228_,OAI21,0,0,3,2,22,10,12,0.0,1.862,0.7979999999997744,0.00321
b14_C,_3229_,AND2,0,0,2,5,16,12,74,0.0,1.33,0.26599999999962165,0.00321
b14_C,_3230_,OAI22,0,0,4,2,21,10,12,-1.7918367346991815e-05,2.394,1.0639999999998508,0.00321
b14_C,_3231_,OAI22,0,0,4,1,23,9,9,0.0,2.394,1.0639999999998508,0.00321
b14_C,_3232_,INV,0,0,1,1,24,8,8,0.0,0.798,0.2660000000000764,0.00321
b14_C,_3233_,AOI22,0,0,4,1,20,11,12,-6.779591836725274e-05,2.394,1.0639999999998508,0.00321
b14_C,_3234_,OAI21,0,0,3,2,21,10,11,-7.63265306114036e-06,1.862,0.7979999999997744,0.00321
b14_C,_3235_,AND2,0,0,2,3,17,12,35,0.0,1.33,0.26599999999962165,0.00321
b14_C,_3236_,OAI22,0,0,4,2,20,10,11,-1.6571428571587887e-05,2.394,1.0639999999998508,0.00321
b14_C,_3237_,AOI22,0,0,4,1,23,9,9,0.0,2.394,1.0639999999998508,0.00321
b14_C,_3238_,AOI22,0,0,4,1,19,13,14,-6.873469387747022e-05,2.394,1.0639999999998508,0.00321
b14_C,_3239_,OAI21,0,0,3,2,20,12,13,0.0,1.862,0.7979999999997744,0.00321
b14_C,_3240_,OAI22,0,0,4,2,20,12,13,-1.9224489796076938e-05,2.394,1.0639999999998508,0.00321
b14_C,_3241_,OAI22,0,0,4,1,22,9,9,0.0,2.394,1.0639999999998508,0.00321
b14_C,_3242_,NAND2,0,1,2,8,17,14,143,5.2122448979341485e-05,1.33,0.531999999999698,0.00321
b14_C,_3243_,AOI22,0,0,4,1,18,13,15,-4.7795918367121715e-05,2.394,1.0639999999998508,0.00321
b14_C,_3244_,OAI21,0,0,3,2,19,12,14,0.0,1.862,0.7979999999997744,0.00321
b14_C,_3245_,OAI22,0,0,4,2,18,12,14,-1.775510204082842e-05,2.394,1.0639999999998508,0.00321
b14_C,_3246_,AOI22,0,0,4,1,21,11,11,0.0,2.394,1.0639999999998508,0.00321
b14_C,_3247_,INV,0,0,1,1,22,10,10,0.0,0.798,0.2660000000000764,0.00321
b14_C,_3248_,AOI22,0,0,4,1,18,13,15,-7.0122448979415e-05,2.394,1.0639999999998508,0.00321
b14_C,_3249_,OAI21,0,0,3,2,19,12,14,0.0,1.862,0.7979999999997744,0.00321
b14_C,_3250_,AND2,0,0,2,7,16,13,159,0.0,1.33,0.26599999999962165,0.00321
b14_C,_3251_,OAI22,0,0,4,2,18,12,14,-1.7918367346991815e-05,2.394,1.0639999999998508,0.00321
b14_C,_3252_,OAI22,0,0,4,1,20,11,11,0.0,2.394,1.0639999999998508,0.00321
b14_C,_3253_,INV,0,0,1,1,21,10,10,0.0,0.798,0.2660000000000764,0.00321
b14_C,_3254_,NAND2,0,0,2,1,20,11,11,0.0,1.33,0.531999999999698,0.00321
b14_C,_3255_,OAI22,0,0,4,1,18,14,14,-1.7959183673532664e-05,2.394,1.0639999999998508,0.00321
b14_C,_3256_,INV,0,0,1,2,19,13,13,0.0,0.798,0.2660000000000764,0.00321
b14_C,_3257_,OAI22,0,0,4,1,18,14,14,-2.3510204081533814e-05,2.394,1.0639999999998508,0.00321
b14_C,_3258_,AOI21,0,0,3,2,19,13,13,0.0,1.862,0.7979999999997744,0.00321
b14_C,_3259_,OAI22,0,0,4,1,17,14,16,-1.648979591850619e-05,2.394,1.0639999999998508,0.00321
b14_C,_3260_,AOI21,0,0,3,2,18,13,15,0.0,1.862,0.7979999999997744,0.00321
b14_C,_3261_,NOR2,0,0,2,10,12,20,48,-4.489795917272943e-07,1.33,0.531999999999698,0.00321
b14_C,_3262_,AOI22,0,0,4,2,18,13,15,0.0,2.394,1.0639999999998508,0.00321
b14_C,_3263_,NOR2,0,0,2,1,19,12,12,0.0,1.33,0.531999999999698,0.00321
b14_C,_3264_,OAI22,0,0,4,2,16,14,14,-1.7999999999851468e-05,2.394,1.0639999999998508,0.00321
b14_C,_3265_,AOI22,0,0,4,1,16,15,15,-8.522448979597641e-05,2.394,1.0639999999998508,0.00321
b14_C,_3266_,OAI21,0,0,3,2,17,14,14,0.0,1.862,0.7979999999997744,0.00321
b14_C,_3267_,OAI22,0,0,4,1,17,16,18,-1.9918367347049326e-05,2.394,1.0639999999998508,0.00321
b14_C,_3268_,AOI21,0,0,3,2,18,15,17,0.0,1.862,0.7979999999997744,0.00321
b14_C,_3269_,AOI22,0,0,4,2,17,15,17,-4.000000000115023e-06,2.394,1.0639999999998508,0.00321
b14_C,_3270_,NOR2,0,0,2,1,19,14,14,0.0,1.33,0.531999999999698,0.00321
b14_C,_3271_,AND2,0,0,2,5,15,15,188,0.0,1.33,0.26599999999962165,0.00321
b14_C,_3272_,OAI22,0,0,4,2,16,14,16,-4.8530612244856997e-05,2.394,1.0639999999998508,0.00321
b14_C,_3273_,AOI22,0,0,4,1,16,15,17,-0.00010791836734691529,2.394,1.0639999999998508,0.00321
b14_C,_3274_,OAI21,0,0,3,2,17,14,16,-5.387755102059799e-06,1.862,0.7979999999997744,0.00321
b14_C,_3275_,AOI21,0,0,3,1,20,13,13,0.0,1.862,0.7979999999997744,0.00321
b14_C,_3276_,NAND2,0,0,2,1,19,14,14,0.0,1.33,0.531999999999698,0.00321
b14_C,_3277_,OAI22,0,0,4,2,16,15,16,-1.5224489795961915e-05,2.394,1.0639999999998508,0.00321
b14_C,_3278_,AOI22,0,0,4,1,17,16,17,-4.04489795917673e-05,2.394,1.0639999999998508,0.00321
b14_C,_3279_,OAI21,0,0,3,2,18,15,16,-1.2244897962254697e-07,1.862,0.7979999999997744,0.00321
b14_C,_3280_,OAI21,0,0,3,1,20,13,13,0.0,1.862,0.7979999999997744,0.00321
b14_C,_3281_,AND2,0,0,2,1,19,14,14,0.0,1.33,0.26599999999962165,0.00321
b14_C,_3282_,OAI22,0,0,4,2,17,16,16,-1.2040816326441828e-05,2.394,1.0639999999998508,0.00321
b14_C,_3283_,AOI22,0,0,4,1,17,17,17,-1.583673469363056e-05,2.394,1.0639999999998508,0.00321
b14_C,_3284_,AND3,0,0,3,4,15,17,177,-1.0979591836823843e-05,1.596,0.2660000000000764,0.00321
b14_C,_3285_,OAI21,0,0,3,2,18,16,16,-1.9632653061263383e-05,1.862,0.7979999999997744,0.00321
b14_C,_3286_,AOI22,0,0,4,1,17,17,19,-6.955102040806516e-05,2.394,1.0639999999998508,0.00321
b14_C,_3287_,OAI21,0,0,3,2,18,16,18,0.0,1.862,0.7979999999997744,0.00321
b14_C,_3288_,OAI22,0,0,4,2,17,16,18,-1.959183673450049e-05,2.394,1.0639999999998508,0.00321
b14_C,_3289_,NAND2,0,0,2,1,19,15,15,0.0,1.33,0.531999999999698,0.00321
b14_C,_3290_,AOI22,0,0,4,2,16,17,17,-1.1265306122387742e-05,2.394,1.0639999999998508,0.00321
b14_C,_3291_,OAI22,0,0,4,1,18,18,18,-3.591836734684328e-05,2.394,1.0639999999998508,0.00321
b14_C,_3292_,AOI21,0,0,3,2,19,17,17,0.0,1.862,0.7979999999997744,0.00321
b14_C,_3293_,NAND2,0,0,2,1,14,21,24,-4.081632654084899e-08,1.33,0.531999999999698,0.00321
b14_C,_3294_,AND4,0,0,4,4,14,21,42,-1.612244897963855e-05,1.862,0.2660000000000764,0.00321
b14_C,_3295_,OAI221,0,0,5,2,15,20,23,-3.6693877551119414e-05,2.926,1.3299999999994725,0.00321
b14_C,_3296_,OAI22,0,0,4,2,16,20,23,-1.7510204081583325e-05,2.394,1.0639999999998508,0.00321
b14_C,_3297_,NAND2,0,0,2,1,13,21,24,0.0,1.33,0.531999999999698,0.00321
b14_C,_3298_,OAI221,0,0,5,2,15,20,23,-4.097959183657629e-05,2.926,1.3299999999994725,0.00321
b14_C,_3299_,OAI22,0,0,4,2,16,20,23,-1.681632653083298e-05,2.394,1.0639999999998508,0.00321
b14_C,_3300_,AOI22,0,0,4,1,17,19,19,0.0,2.394,1.0639999999998508,0.00321
b14_C,_3301_,AOI22,0,0,4,3,15,19,22,-5.485714285735632e-05,2.394,1.0639999999998508,0.00321
b14_C,_3302_,OAI22,0,0,4,1,15,20,23,-7.8122448979423e-05,2.394,1.0639999999998508,0.00321
b14_C,_3303_,AOI21,0,0,3,3,16,19,22,-3.175510204078691e-05,1.862,0.7979999999997744,0.00321
b14_C,_3304_,OAI22,0,0,4,1,16,20,23,0.0,2.394,1.0639999999998508,0.00321
b14_C,_3305_,AOI21,0,0,3,3,17,19,22,-2.67755102041356e-05,1.862,0.7979999999997744,0.00321
b14_C,_3306_,AOI22,0,0,4,3,16,19,22,0.0,2.394,1.0639999999998508,0.00321
b14_C,_3307_,OAI221,0,0,5,1,18,18,18,0.0,2.926,1.3299999999994725,0.00321
b14_C,_3308_,NAND2,0,0,2,1,13,21,23,-4.27755102041516e-05,1.33,0.531999999999698,0.00321
b14_C,_3309_,OAI221,0,0,5,2,15,20,22,-0.0002414285714285036,2.926,1.3299999999994725,0.00321
b14_C,_3310_,OAI22,0,0,4,2,15,20,22,-7.31020408160088e-05,2.394,1.0639999999998508,0.00321
b14_C,_3311_,NAND2,0,0,2,1,15,21,23,-1.7836734693688072e-05,1.33,0.531999999999698,0.00321
b14_C,_3312_,INV,0,0,1,3,5,25,471,-2.0081632652990677e-05,0.798,0.2660000000000764,0.00321
b14_C,_3313_,NOR2,0,0,2,2,13,22,391,0.0,1.33,0.531999999999698,0.00321
b14_C,_3314_,AND2,0,0,2,2,13,22,391,0.0,1.33,0.26599999999962165,0.00321
b14_C,_3315_,NOR2,0,0,2,4,14,21,317,0.0,1.33,0.531999999999698,0.00321
b14_C,_3316_,OAI221,0,0,5,2,16,20,22,-0.00020044897959170527,2.926,1.3299999999994725,0.00321
b14_C,_3317_,OAI22,0,0,4,2,15,20,22,-2.3918367346942304e-05,2.394,1.0639999999998508,0.00321
b14_C,_3318_,AOI22,0,0,4,1,17,19,19,0.0,2.394,1.0639999999998508,0.00321
b14_C,_3319_,NOR2,0,0,2,2,16,19,20,0.0,1.33,0.531999999999698,0.00321
b14_C,_3320_,NOR2,0,0,2,2,17,19,20,0.0,1.33,0.531999999999698,0.00321
b14_C,_3321_,NOR3,0,0,3,1,18,18,18,0.0,1.862,0.7979999999997744,0.00321
b14_C,_3322_,AOI22,0,0,4,1,15,21,23,-2.14693877551575e-05,2.394,1.0639999999998508,0.00321
b14_C,_3323_,OAI21,0,0,3,2,16,20,22,-1.836734693871911e-05,1.862,0.7979999999997744,0.00321
b14_C,_3324_,OAI22,0,0,4,2,15,20,22,-1.7428571428501627e-05,2.394,1.0639999999998508,0.00321
b14_C,_3325_,OAI22,0,0,4,1,17,19,19,0.0,2.394,1.0639999999998508,0.00321
b14_C,_3326_,NOR3,0,0,3,1,18,18,18,0.0,1.862,0.7979999999997744,0.00321
b14_C,_3327_,AOI22,0,0,4,1,14,21,22,-0.00029322448979618443,2.394,1.0639999999998508,0.00321
b14_C,_3328_,AND4,0,0,4,8,13,21,410,-1.2285714285686922e-05,1.862,0.2660000000000764,0.00321
b14_C,_3329_,OAI21,0,0,3,2,15,20,21,-1.7591836734665023e-05,1.862,0.7979999999997744,0.00321
b14_C,_3330_,OAI22,0,0,4,2,14,20,21,-0.00013885714285710726,2.394,1.0639999999998508,0.00321
b14_C,_3331_,AOI22,0,0,4,1,17,19,19,0.0,2.394,1.0639999999998508,0.00321
b14_C,_3332_,AOI22,0,0,4,1,15,21,22,-0.0006030612244896094,2.394,1.0639999999998508,0.00321
b14_C,_3333_,OAI21,0,0,3,2,16,20,21,-1.0448979591792806e-05,1.862,0.7979999999997744,0.00321
b14_C,_3334_,OAI22,0,0,4,2,14,20,21,-0.0005326122448978676,2.394,1.0639999999998508,0.00321
b14_C,_3335_,OAI22,0,0,4,1,17,19,19,0.0,2.394,1.0639999999998508,0.00321
b14_C,_3336_,NOR2,0,3,2,4,15,21,302,-0.0006825306122448804,1.33,0.531999999999698,0.00321
b14_C,_3337_,AOI211,0,34,4,2,15,21,268,-0.0003559591836734821,2.394,1.0639999999998508,0.00321
b14_C,_3338_,OR2,0,0,2,3,16,20,30,-0.0003760816326527916,1.33,0.26599999999962165,0.00321
b14_C,_3339_,AND4,0,0,4,2,13,22,49,-0.0010713469387753083,1.862,0.2660000000000764,0.00321
b14_C,_3340_,OAI22,0,0,4,2,14,21,28,-6.751020408168884e-05,2.394,1.0639999999998508,0.00321
b14_C,_3341_,AND2,0,0,2,1,15,20,20,0.0,1.33,0.26599999999962165,0.00321
b14_C,_3342_,INV,0,0,1,2,16,20,35,-0.00011469387755091986,0.798,0.2660000000000764,0.00321
b14_C,_3343_,AOI222,0,0,6,1,17,19,19,0.0,3.724,1.595999999999549,0.00321
b14_C,_3344_,OAI21,0,0,3,1,18,18,18,0.0,1.862,0.7979999999997744,0.00321
b14_C,_3345_,AOI211,0,0,4,1,19,17,17,0.0,2.394,1.0639999999998508,0.00321
b14_C,_3346_,AND3,0,0,3,5,15,21,309,-8.530612245039038e-06,1.596,0.2660000000000764,0.00321
b14_C,_3347_,AND2,0,0,2,1,13,22,299,-0.0004664897959183456,1.33,0.26599999999962165,0.00321
b14_C,_3348_,AOI21,0,0,3,4,14,21,298,4.081632654084899e-08,1.862,0.7979999999997744,0.00321
b14_C,_3349_,AOI22,0,0,4,2,16,19,21,-4.081632654084899e-07,2.394,1.0639999999998508,0.00321
b14_C,_3350_,OAI22,0,0,4,1,15,20,22,-1.681632653083298e-05,2.394,1.0639999999998508,0.00321
b14_C,_3351_,AOI21,0,0,3,2,17,19,21,-2.1387755102297845e-05,1.862,0.7979999999997744,0.00321
b14_C,_3352_,AOI22,0,0,4,1,18,18,18,0.0,2.394,1.0639999999998508,0.00321
b14_C,_3353_,OAI22,0,0,4,1,16,20,22,-3.289795918348659e-05,2.394,1.0639999999998508,0.00321
b14_C,_3354_,AOI21,0,0,3,2,17,19,21,0.0,1.862,0.7979999999997744,0.00321
b14_C,_3355_,AOI22,0,0,4,2,16,19,21,-2.0408163248220035e-07,2.394,1.0639999999998508,0.00321
b14_C,_3356_,NOR2,0,0,2,1,16,20,23,-2.3265306123843033e-06,1.33,0.531999999999698,0.00321
b14_C,_3357_,AOI221,0,0,5,3,17,19,22,-3.608163265300668e-05,2.926,1.3299999999994725,0.00321
b14_C,_3358_,AOI22,0,0,4,3,18,19,22,-3.673469387566186e-06,2.394,1.0639999999998508,0.00321
b14_C,_3359_,AOI22,0,0,4,2,19,18,19,0.0,2.394,1.0639999999998508,0.00321
b14_C,_3360_,OAI22,0,0,4,1,18,18,18,0.0,2.394,1.0639999999998508,0.00321
b14_C,_3361_,NOR2,0,0,2,1,17,19,19,0.0,1.33,0.531999999999698,0.00321
b14_C,_3362_,AOI21,0,0,3,1,18,18,18,0.0,1.862,0.7979999999997744,0.00321
b14_C,_3363_,OAI211,0,0,4,1,20,17,17,0.0,2.394,1.0639999999998508,0.00321
b14_C,_3364_,NOR2,0,0,2,1,21,16,16,0.0,1.33,0.531999999999698,0.00321
b14_C,_3365_,NOR2,0,0,2,1,18,17,17,0.0,1.33,0.531999999999698,0.00321
b14_C,_3366_,AND2,0,0,2,1,20,16,16,0.0,1.33,0.26599999999962165,0.00321
b14_C,_3367_,AOI211,0,0,4,1,19,16,16,0.0,2.394,1.0639999999998508,0.00321
b14_C,_3368_,NOR2,0,0,2,6,16,20,275,0.0,1.33,0.531999999999698,0.00321
b14_C,_3369_,NAND2,0,0,2,1,17,19,21,0.0,1.33,0.531999999999698,0.00321
b14_C,_3370_,OAI221,0,0,5,1,18,18,20,-3.21632653061954e-05,2.926,1.3299999999994725,0.00321
b14_C,_3371_,INV,0,0,1,2,19,17,19,0.0,0.798,0.2660000000000764,0.00321
b14_C,_3372_,AOI22,0,0,4,2,18,17,19,-1.5428571428444116e-05,2.394,1.0639999999998508,0.00321
b14_C,_3373_,OAI22,0,0,4,1,20,16,16,0.0,2.394,1.0639999999998508,0.00321
b14_C,_3374_,NOR4,0,0,4,1,22,15,15,0.0,2.394,1.0639999999998508,0.00321
b14_C,_3375_,AOI22,0,0,4,1,20,16,16,0.0,2.394,1.0639999999998508,0.00321
b14_C,_3376_,INV,0,0,1,1,21,15,15,0.0,0.798,0.2660000000000764,0.00321
b14_C,_3377_,OAI221,0,0,5,1,23,14,14,0.0,2.926,1.3299999999994725,0.00321
b14_C,_3378_,OAI22,0,0,4,1,19,15,15,0.0,2.394,1.0639999999998508,0.00321
b14_C,_3379_,INV,0,0,1,1,20,14,14,0.0,0.798,0.2660000000000764,0.00321
b14_C,_3380_,AOI221,0,0,5,1,24,13,13,0.0,2.926,1.3299999999994725,0.00321
b14_C,_3381_,OAI21,0,0,3,1,25,12,12,0.0,1.862,0.7979999999997744,0.00321
b14_C,_3382_,OAI22,0,0,4,1,18,13,13,0.0,2.394,1.0639999999998508,0.00321
b14_C,_3383_,INV,0,0,1,1,19,12,12,0.0,0.798,0.2660000000000764,0.00321
b14_C,_3384_,AOI221,0,0,5,1,26,11,11,0.0,2.926,1.3299999999994725,0.00321
b14_C,_3385_,NAND2,0,0,2,1,19,12,12,0.0,1.33,0.531999999999698,0.00321
b14_C,_3386_,NAND2,0,0,2,1,20,12,12,0.0,1.33,0.531999999999698,0.00321
b14_C,_3387_,NAND2,0,0,2,1,21,11,11,0.0,1.33,0.531999999999698,0.00321
b14_C,_3388_,OAI221,0,0,5,1,27,10,10,0.0,2.926,1.3299999999994725,0.00321
b14_C,_3389_,AOI21,0,0,3,1,28,9,9,0.0,1.862,0.7979999999997744,0.00321
b14_C,_3390_,OAI21,0,0,3,1,29,8,8,0.0,1.862,0.7979999999997744,0.00321
b14_C,_3391_,AOI21,0,0,3,1,30,7,7,0.0,1.862,0.7979999999997744,0.00321
b14_C,_3392_,OAI21,0,0,3,2,31,6,6,8.979591836766332e-07,1.862,0.7979999999997744,0.00321
b14_C,_3393_,NAND2,0,0,2,2,32,5,4,-2.7346938775707486e-06,1.33,0.531999999999698,0.00321
b14_C,_3394_,NOR2,0,0,2,1,33,4,3,-1.9142857142773195e-05,1.33,0.531999999999698,0.00321
b14_C,_3395_,NOR2,0,0,2,5,19,12,62,-1.5102040815673234e-06,1.33,0.531999999999698,0.00321
b14_C,_3396_,NOR2,0,0,2,5,18,12,73,5.224489795896403e-06,1.33,0.531999999999698,0.00321
b14_C,_3397_,NOR2,0,0,2,4,18,12,82,4.204081632597223e-06,1.33,0.531999999999698,0.00321
b14_C,_3398_,NOR3,0,0,3,1,20,11,16,-6.653061224604073e-06,1.862,0.7979999999997744,0.00321
b14_C,_3399_,NAND2,0,0,2,2,18,13,78,-2.1959183673647686e-05,1.33,0.531999999999698,0.00321
b14_C,_3400_,NOR2,0,0,2,4,18,12,84,-2.0775510203963066e-05,1.33,0.531999999999698,0.00321
b14_C,_3401_,OAI21,0,0,3,2,21,10,15,0.0,1.862,0.7979999999997744,0.00321
b14_C,_3402_,NOR2,0,0,2,3,18,11,41,0.0,1.33,0.531999999999698,0.00321
b14_C,_3403_,NOR2,0,0,2,4,18,12,78,-2.0857142857266808e-05,1.33,0.531999999999698,0.00321
b14_C,_3404_,NOR2,0,0,2,3,19,11,30,0.0,1.33,0.531999999999698,0.00321
b14_C,_3405_,AND2,0,0,2,1,20,10,14,0.0,1.33,0.26599999999962165,0.00321
b14_C,_3406_,OR2,0,0,2,3,22,9,13,0.0,1.33,0.26599999999962165,0.00321
b14_C,_3407_,NOR2,0,0,2,3,16,14,128,0.0,1.33,0.531999999999698,0.00321
b14_C,_3408_,NOR2,0,0,2,4,16,14,71,0.0,1.33,0.531999999999698,0.00321
b14_C,_3409_,NOR2,0,0,2,4,17,13,34,0.0,1.33,0.531999999999698,0.00321
b14_C,_3410_,INV,0,0,1,1,18,12,17,0.0,0.798,0.2660000000000764,0.00321
b14_C,_3411_,NAND2,0,0,2,3,17,15,137,-2.3020408163043626e-05,1.33,0.531999999999698,0.00321
b14_C,_3412_,NAND2,0,0,2,2,17,15,61,-2.0081632652990677e-05,1.33,0.531999999999698,0.00321
b14_C,_3413_,NAND2,0,0,2,4,18,14,45,0.0,1.33,0.531999999999698,0.00321
b14_C,_3414_,NAND2,0,0,2,3,17,14,49,-1.2244897962254697e-07,1.33,0.531999999999698,0.00321
b14_C,_3415_,NOR2,0,0,2,4,16,14,149,0.0,1.33,0.531999999999698,0.00321
b14_C,_3416_,AOI211,0,0,4,2,19,11,16,0.0,2.394,1.0639999999998508,0.00321
b14_C,_3417_,NAND2,0,0,2,3,19,15,156,-1.1306122449150635e-05,1.33,0.531999999999698,0.00321
b14_C,_3418_,NAND2,0,0,2,4,16,17,166,-2.620408163278576e-05,1.33,0.531999999999698,0.00321
b14_C,_3419_,NAND2,0,0,2,3,17,17,159,-2.134693877553495e-05,1.33,0.531999999999698,0.00321
b14_C,_3420_,NAND4,0,0,4,3,20,10,14,-2.4081632652439566e-06,2.394,1.0639999999998508,0.00321
b14_C,_3421_,NOR2,0,0,2,5,21,11,44,0.0,1.33,0.531999999999698,0.00321
b14_C,_3422_,NOR2,0,0,2,2,21,11,41,0.0,1.33,0.531999999999698,0.00321
b14_C,_3423_,NOR2,0,0,2,4,22,10,18,0.0,1.33,0.531999999999698,0.00321
b14_C,_3424_,AOI21,0,0,3,2,19,10,12,-4.408163265301468e-06,1.862,0.7979999999997744,0.00321
b14_C,_3425_,NAND2,0,0,2,4,20,10,29,-2.6612244897972204e-05,1.33,0.531999999999698,0.00321
b14_C,_3426_,NOR2,0,0,2,5,18,15,188,0.0,1.33,0.531999999999698,0.00321
b14_C,_3427_,NOR3,0,0,3,2,19,14,29,-1.86938775510459e-05,1.862,0.7979999999997744,0.00321
b14_C,_3428_,NAND4,0,0,4,1,23,9,10,0.0,2.394,1.0639999999998508,0.00321
b14_C,_3429_,NOR3,0,0,3,1,24,8,9,0.0,1.862,0.7979999999997744,0.00321
b14_C,_3430_,NAND2,0,0,2,2,18,10,18,-3.591836734484488e-06,1.33,0.531999999999698,0.00321
b14_C,_3431_,OAI21,0,0,3,2,19,9,13,-2.1510204081476303e-05,1.862,0.7979999999997744,0.00321
b14_C,_3432_,NOR2,0,0,2,2,18,10,16,-3.7959183674107777e-06,1.33,0.531999999999698,0.00321
b14_C,_3433_,NAND2,0,0,2,3,17,12,45,0.0,1.33,0.531999999999698,0.00321
b14_C,_3434_,NOR2,0,0,2,4,20,11,40,-1.9428571428559138e-05,1.33,0.531999999999698,0.00321
b14_C,_3435_,NOR2,0,0,2,3,20,11,51,-2.6040816326622362e-05,1.33,0.531999999999698,0.00321
b14_C,_3436_,NOR2,0,0,2,3,21,11,43,-1.9346938775699485e-05,1.33,0.531999999999698,0.00321
b14_C,_3437_,OR2,0,0,2,3,22,10,26,0.0,1.33,0.26599999999962165,0.00321
b14_C,_3438_,AOI211,0,0,4,1,23,9,10,0.0,2.394,1.0639999999998508,0.00321
b14_C,_3439_,NOR2,0,0,2,1,24,8,9,0.0,1.33,0.531999999999698,0.00321
b14_C,_3440_,NOR3,0,0,3,1,25,7,8,0.0,1.862,0.7979999999997744,0.00321
b14_C,_3441_,NOR2,0,0,2,3,17,14,48,-1.938775510201829e-05,1.33,0.531999999999698,0.00321
b14_C,_3442_,NOR2,0,0,2,4,16,15,173,0.0,1.33,0.531999999999698,0.00321
b14_C,_3443_,NOR2,0,0,2,3,19,14,30,0.0,1.33,0.531999999999698,0.00321
b14_C,_3444_,NOR2,0,0,2,4,17,15,194,-1.873469387758675e-05,1.33,0.531999999999698,0.00321
b14_C,_3445_,AND2,0,0,2,2,20,13,28,0.0,1.33,0.26599999999962165,0.00321
b14_C,_3446_,NOR2,0,0,2,2,16,15,159,-1.8285714285859456e-05,1.33,0.531999999999698,0.00321
b14_C,_3447_,NOR3,0,0,3,3,17,14,19,-8.163265330374259e-08,1.862,0.7979999999997744,0.00321
b14_C,_3448_,NOR2,0,0,2,3,15,16,185,0.0,1.33,0.531999999999698,0.00321
b14_C,_3449_,NOR2,0,0,2,2,18,13,17,0.0,1.33,0.531999999999698,0.00321
b14_C,_3450_,NOR2,0,0,2,2,15,18,202,0.0,1.33,0.531999999999698,0.00321
b14_C,_3451_,NOR2,0,0,2,3,15,18,222,-4.081632654084899e-08,1.33,0.531999999999698,0.00321
b14_C,_3452_,NOR2,0,0,2,3,16,17,198,0.0,1.33,0.531999999999698,0.00321
b14_C,_3453_,AND2,0,0,2,1,14,21,341,-0.0001905714285717064,1.33,0.26599999999962165,0.00321
b14_C,_3454_,AOI21,0,0,3,8,15,20,340,5.669387755080635e-05,1.862,0.7979999999997744,0.00321
b14_C,_3455_,NOR2,0,0,2,3,16,17,209,-2.9673469387869744e-05,1.33,0.531999999999698,0.00321
b14_C,_3456_,NOR2,0,0,2,3,15,15,38,-2.3183673469207022e-05,1.33,0.531999999999698,0.00321
b14_C,_3457_,NOR2,0,0,2,5,15,18,240,-4.999999999988347e-05,1.33,0.531999999999698,0.00321
b14_C,_3458_,NAND2,0,0,2,3,15,20,246,-0.00026714285714279917,1.33,0.531999999999698,0.00321
b14_C,_3459_,NAND2,0,0,2,3,15,17,39,-3.151020408176386e-05,1.33,0.531999999999698,0.00321
b14_C,_3460_,NOR2,0,0,2,4,16,19,254,-3.6897959183601614e-05,1.33,0.531999999999698,0.00321
b14_C,_3461_,AND2,0,0,2,4,16,20,263,-8.775510204062087e-06,1.33,0.26599999999962165,0.00321
b14_C,_3462_,NOR2,0,0,2,3,14,20,255,-1.8775510204349644e-06,1.33,0.531999999999698,0.00321
b14_C,_3463_,NOR2,0,0,2,2,17,19,25,0.0,1.33,0.531999999999698,0.00321
b14_C,_3464_,NOR2,0,0,2,2,14,21,256,-3.3755102040622376e-05,1.33,0.531999999999698,0.00321
b14_C,_3465_,NAND2,0,0,2,1,18,18,19,0.0,1.33,0.531999999999698,0.00321
b14_C,_3466_,NAND2,0,0,2,3,14,20,248,-1.6326530611898704e-06,1.33,0.531999999999698,0.00321
b14_C,_3467_,NAND2,0,0,2,3,14,19,42,-2.9183673469379556e-05,1.33,0.531999999999698,0.00321
b14_C,_3468_,NAND2,0,0,2,2,18,18,23,-2.7346938775707486e-06,1.33,0.531999999999698,0.00321
b14_C,_3469_,OAI221,0,0,5,1,19,17,18,0.0,2.926,1.3299999999994725,0.00321
b14_C,_3470_,OAI21,0,0,3,1,20,16,17,0.0,1.862,0.7979999999997744,0.00321
b14_C,_3471_,AOI21,0,0,3,1,21,15,16,0.0,1.862,0.7979999999997744,0.00321
b14_C,_3472_,NOR2,0,0,2,1,22,14,15,0.0,1.33,0.531999999999698,0.00321
b14_C,_3473_,AOI21,0,0,3,1,23,13,14,-3.0857142857110276e-05,1.862,0.7979999999997744,0.00321
b14_C,_3474_,OAI211,0,0,4,1,24,12,13,0.0,2.394,1.0639999999998508,0.00321
b14_C,_3475_,NOR3,0,0,3,1,16,14,15,-1.9061224489913542e-05,1.862,0.7979999999997744,0.00321
b14_C,_3476_,AOI21,0,0,3,1,17,13,14,0.0,1.862,0.7979999999997744,0.00321
b14_C,_3477_,OR3,0,0,3,1,18,12,13,0.0,1.596,0.2660000000000764,0.00321
b14_C,_3478_,NAND2,0,0,2,3,15,16,199,0.0,1.33,0.531999999999698,0.00321
b14_C,_3479_,OAI211,0,0,4,1,25,11,12,0.0,2.394,1.0639999999998508,0.00321
b14_C,_3480_,AOI211,0,0,4,1,26,10,11,0.0,2.394,1.0639999999998508,0.00321
b14_C,_3481_,OR2,0,0,2,1,27,9,10,0.0,1.33,0.26599999999962165,0.00321
b14_C,_3482_,NOR2,0,0,2,3,17,13,53,-2.093877551012646e-05,1.33,0.531999999999698,0.00321
b14_C,_3483_,NOR2,0,0,2,3,17,13,94,-2.4081632652883656e-05,1.33,0.531999999999698,0.00321
b14_C,_3484_,NOR2,0,0,2,2,18,12,27,0.0,1.33,0.531999999999698,0.00321
b14_C,_3485_,NAND2,0,0,2,2,17,13,60,-2.469387755099639e-05,1.33,0.531999999999698,0.00321
b14_C,_3486_,NOR2,0,0,2,4,16,15,126,-6.118367346941156e-05,1.33,0.531999999999698,0.00321
b14_C,_3487_,NAND2,0,0,2,1,18,11,12,0.0,1.33,0.531999999999698,0.00321
b14_C,_3488_,NAND3,0,0,3,1,20,10,11,0.0,1.862,0.7979999999997744,0.00321
b14_C,_3489_,NAND2,0,0,2,1,16,14,28,0.0,1.33,0.531999999999698,0.00321
b14_C,_3490_,AOI21,0,0,3,2,19,13,27,0.0,1.862,0.7979999999997744,0.00321
b14_C,_3491_,NAND2,0,0,2,4,16,16,157,8.163265285965338e-08,1.33,0.531999999999698,0.00321
b14_C,_3492_,NAND2,0,0,2,2,18,12,29,-1.8897959183750146e-05,1.33,0.531999999999698,0.00321
b14_C,_3493_,NAND2,0,0,2,2,18,16,137,-1.9591836735166623e-06,1.33,0.531999999999698,0.00321
b14_C,_3494_,NAND2,0,0,2,4,16,16,162,7.4693877551990084e-06,1.33,0.531999999999698,0.00321
b14_C,_3495_,NOR2,0,0,2,1,16,11,12,0.0,1.33,0.531999999999698,0.00321
b14_C,_3496_,OAI221,0,0,5,1,19,10,11,-4.285714285678921e-06,2.926,1.3299999999994725,0.00321
b14_C,_3497_,AOI221,0,0,5,1,21,9,10,0.0,2.926,1.3299999999994725,0.00321
b14_C,_3498_,AOI21,0,0,3,1,28,8,9,0.0,1.862,0.7979999999997744,0.00321
b14_C,_3499_,NOR2,0,0,2,2,17,15,100,-2.1836734693803095e-05,1.33,0.531999999999698,0.00321
b14_C,_3500_,NAND2,0,0,2,1,18,9,10,0.0,1.33,0.531999999999698,0.00321
b14_C,_3501_,NOR2,0,0,2,2,19,11,31,-1.836734693871911e-05,1.33,0.531999999999698,0.00321
b14_C,_3502_,NOR2,0,0,2,3,18,11,68,-1.9224489796076938e-05,1.33,0.531999999999698,0.00321
b14_C,_3503_,NOR2,0,0,2,2,20,9,13,0.0,1.33,0.531999999999698,0.00321
b14_C,_3504_,OAI22,0,0,4,1,23,8,9,-4.081632654084899e-08,2.394,1.0639999999998508,0.00321
b14_C,_3505_,OAI211,0,0,4,1,19,10,11,0.0,2.394,1.0639999999998508,0.00321
b14_C,_3506_,NAND2,0,0,2,3,10,12,101,-1.648979591850619e-05,1.33,0.531999999999698,0.00321
b14_C,_3507_,NAND2,0,0,2,2,13,12,22,-2.4571428571373843e-05,1.33,0.531999999999698,0.00321
b14_C,_3508_,NAND3,0,0,3,1,14,11,12,-2.220446049250313e-16,1.862,0.7979999999997744,0.00321
b14_C,_3509_,OAI22,0,0,4,1,18,12,13,0.0,2.394,1.0639999999998508,0.00321
b14_C,_3510_,NOR4,0,0,4,1,19,11,12,0.0,2.394,1.0639999999998508,0.00321
b14_C,_3511_,NAND2,0,0,2,1,20,10,11,0.0,1.33,0.531999999999698,0.00321
b14_C,_3512_,OR4,0,0,4,1,21,9,10,0.0,1.862,0.2660000000000764,0.00321
b14_C,_3513_,NOR3,0,0,3,1,22,8,9,0.0,1.862,0.7979999999997744,0.00321
b14_C,_3514_,NOR3,0,0,3,1,29,7,8,0.0,1.862,0.7979999999997744,0.00321
b14_C,_3515_,NAND3,0,0,3,1,23,7,8,0.0,1.862,0.7979999999997744,0.00321
b14_C,_3516_,OAI21,0,0,3,3,30,6,7,0.0,1.862,0.7979999999997744,0.00321
b14_C,_3517_,OAI21,0,0,3,1,31,4,3,0.0,1.862,0.7979999999997744,0.00321
b14_C,_3518_,AOI211,0,0,4,1,34,3,2,-1.9714285714567126e-05,2.394,1.0639999999998508,0.00321
b14_C,_3519_,XNOR2,0,0,2,3,16,7,15,-2.8816326530511915e-05,2.66,1.0639999999998508,0.00321
b14_C,_3520_,NAND2,0,0,2,2,16,8,23,-2.2122448979811082e-05,1.33,0.531999999999698,0.00321
b14_C,_3521_,NAND2,0,0,2,3,17,7,15,0.0,1.33,0.531999999999698,0.00321
b14_C,_3522_,NAND2,0,3,2,2,14,8,21,-0.00037085714285711724,1.33,0.531999999999698,0.00321
b14_C,_3523_,XNOR2,0,2,2,4,13,8,15,3.510204081647039e-05,2.66,1.0639999999998508,0.00321
b14_C,_3524_,NAND2,0,0,2,3,17,9,17,-7.346938775354417e-06,1.33,0.531999999999698,0.00321
b14_C,_3525_,NOR2,0,0,2,4,15,18,234,-3.3387755102198824e-05,1.33,0.531999999999698,0.00321
b14_C,_3526_,NOR2,0,0,2,3,15,17,231,-4.771428571426206e-05,1.33,0.531999999999698,0.00321
b14_C,_3527_,NOR2,0,0,2,3,16,9,17,0.0,1.33,0.531999999999698,0.00321
b14_C,_3528_,OR4,0,0,4,1,22,9,8,0.0,1.862,0.2660000000000764,0.00321
b14_C,_3529_,NOR3,0,0,3,1,23,8,7,-6.530612246535838e-07,1.862,0.7979999999997744,0.00321
b14_C,_3530_,NAND4,0,0,4,1,24,7,6,-0.00014926530612258126,2.394,1.0639999999998508,0.00321
b14_C,_3531_,NOR2,0,0,2,2,16,16,187,0.0,1.33,0.531999999999698,0.00321
b14_C,_3532_,NOR2,0,0,2,3,18,8,19,4.816326530709958e-06,1.33,0.531999999999698,0.00321
b14_C,_3533_,AND2,0,0,2,2,18,10,17,0.0,1.33,0.26599999999962165,0.00321
b14_C,_3534_,INV,0,0,1,2,19,9,14,0.0,0.798,0.2660000000000764,0.00321
b14_C,_3535_,NAND2,0,0,2,2,16,10,27,-3.4693877550839858e-06,1.33,0.531999999999698,0.00321
b14_C,_3536_,NAND2,0,0,2,3,18,9,17,0.0,1.33,0.531999999999698,0.00321
b14_C,_3537_,NAND2,0,0,2,2,20,11,19,0.0,1.33,0.531999999999698,0.00321
b14_C,_3538_,INV,0,0,1,2,21,10,17,0.0,0.798,0.2660000000000764,0.00321
b14_C,_3539_,NOR2,0,0,2,3,14,20,288,-1.8775510204349644e-06,1.33,0.531999999999698,0.00321
b14_C,_3540_,NOR2,0,0,2,3,14,21,290,-1.86938775510459e-05,1.33,0.531999999999698,0.00321
b14_C,_3541_,OR2,0,0,2,3,15,10,17,0.0,1.33,0.26599999999962165,0.00321
b14_C,_3542_,NOR2,0,0,2,3,20,10,19,2.6938775510298996e-06,1.33,0.531999999999698,0.00321
b14_C,_3543_,NOR2,0,0,2,3,19,10,19,4.612244898005713e-06,1.33,0.531999999999698,0.00321
b14_C,_3544_,NAND4,0,0,4,1,22,9,8,-1.5673469387467165e-05,2.394,1.0639999999998508,0.00321
b14_C,_3545_,NOR4,0,0,4,1,23,8,7,0.0,2.394,1.0639999999998508,0.00321
b14_C,_3546_,NOR2,0,0,2,3,17,10,20,1.0040816326606361e-05,1.33,0.531999999999698,0.00321
b14_C,_3547_,NOR2,0,0,2,3,19,10,19,-3.755102040647884e-06,1.33,0.531999999999698,0.00321
b14_C,_3548_,NOR2,0,0,2,2,16,17,208,-1.8489795918341656e-05,1.33,0.531999999999698,0.00321
b14_C,_3549_,NOR2,0,0,2,3,17,10,18,0.0,1.33,0.531999999999698,0.00321
b14_C,_3550_,XNOR2,0,0,2,3,18,10,19,-6.734693877685771e-06,2.66,1.0639999999998508,0.00321
b14_C,_3551_,NAND4,0,0,4,1,20,9,8,-9.469387755034475e-06,2.394,1.0639999999998508,0.00321
b14_C,_3552_,NOR2,0,0,2,3,17,12,117,-1.4938775510175972e-05,1.33,0.531999999999698,0.00321
b14_C,_3553_,OR2,0,0,2,4,18,11,21,8.163265285965338e-08,1.33,0.26599999999962165,0.00321
b14_C,_3554_,INV,0,0,1,1,19,10,9,0.0,0.798,0.2660000000000764,0.00321
b14_C,_3555_,NOR2,0,0,2,4,22,10,24,0.0,1.33,0.531999999999698,0.00321
b14_C,_3556_,NOR2,0,0,2,3,16,10,19,0.0,1.33,0.531999999999698,0.00321
b14_C,_3557_,NAND2,0,0,2,2,16,11,18,0.0,1.33,0.531999999999698,0.00321
b14_C,_3558_,INV,0,0,1,2,17,10,16,0.0,0.798,0.2660000000000764,0.00321
b14_C,_3559_,NAND4,0,0,4,1,23,9,8,0.0,2.394,1.0639999999998508,0.00321
b14_C,_3560_,OR2,0,0,2,3,17,10,18,0.0,1.33,0.26599999999962165,0.00321
b14_C,_3561_,NAND2,0,0,2,4,16,17,203,2.4489795902304934e-07,1.33,0.531999999999698,0.00321
b14_C,_3562_,NAND2,0,0,2,2,16,16,202,-1.681632653083298e-05,1.33,0.531999999999698,0.00321
b14_C,_3563_,NAND2,0,0,2,1,17,11,21,-1.6326530616339596e-07,1.33,0.531999999999698,0.00321
b14_C,_3564_,INV,0,0,1,3,18,10,20,0.0,0.798,0.2660000000000764,0.00321
b14_C,_3565_,OR2,0,0,2,3,19,10,20,0.0,1.33,0.26599999999962165,0.00321
b14_C,_3566_,NOR2,0,0,2,1,14,11,22,-4.6489795918258636e-05,1.33,0.531999999999698,0.00321
b14_C,_3567_,OR2,0,3,2,3,16,10,21,6.334693877541042e-05,1.33,0.26599999999962165,0.00321
b14_C,_3568_,OR4,0,0,4,1,20,9,8,-2.8857142857052764e-05,1.862,0.2660000000000764,0.00321
b14_C,_3569_,NOR2,0,0,2,3,19,10,22,-4.489795917272943e-07,1.33,0.531999999999698,0.00321
b14_C,_3570_,AND2,0,0,2,3,18,10,18,8.163265285965338e-08,1.33,0.26599999999962165,0.00321
b14_C,_3571_,NOR2,0,0,2,3,18,10,21,6.285714285736432e-06,1.33,0.531999999999698,0.00321
b14_C,_3572_,NOR2,0,0,2,2,21,11,24,0.0,1.33,0.531999999999698,0.00321
b14_C,_3573_,NOR2,0,0,2,3,22,10,19,1.3346938775526951e-05,1.33,0.531999999999698,0.00321
b14_C,_3574_,NAND4,0,0,4,1,23,9,8,-2.9918367346892794e-05,2.394,1.0639999999998508,0.00321
b14_C,_3575_,NOR4,0,0,4,1,24,8,7,0.0,2.394,1.0639999999998508,0.00321
b14_C,_3576_,NAND4,0,0,4,1,25,7,6,-4.979591836651309e-06,2.394,1.0639999999998508,0.00321
b14_C,_3577_,NOR4,0,0,4,1,26,6,5,-2.8979591837341445e-06,2.394,1.0639999999998508,0.00321
b14_C,_3578_,XNOR2,0,0,2,1,27,5,4,0.0,2.66,1.0639999999998508,0.00321
b14_C,_3579_,NAND3,0,0,3,1,28,4,3,-2.0244897959154073e-05,1.862,0.7979999999997744,0.00321
b14_C,_3580_,NAND2,0,0,2,3,11,8,103,-4.053061224507104e-05,1.33,0.531999999999698,0.00321
b14_C,_3581_,AOI21,0,0,3,2,18,9,11,-2.5836734693918118e-05,1.862,0.7979999999997744,0.00321
b14_C,_3582_,NOR4,0,0,4,2,23,8,8,0.0,2.394,1.0639999999998508,0.00321
b14_C,_3583_,OAI21,0,0,3,2,19,12,65,0.0,1.862,0.7979999999997744,0.00321
b14_C,_3584_,INV,0,0,1,1,20,11,18,0.0,0.798,0.2660000000000764,0.00321
b14_C,_3585_,NOR2,0,0,2,2,18,14,92,0.0,1.33,0.531999999999698,0.00321
b14_C,_3586_,INV,0,0,1,2,19,13,47,0.0,0.798,0.2660000000000764,0.00321
b14_C,_3587_,NOR2,0,0,2,1,20,12,19,0.0,1.33,0.531999999999698,0.00321
b14_C,_3588_,NAND2,0,0,2,1,19,15,128,0.0,1.33,0.531999999999698,0.00321
b14_C,_3589_,NAND2,0,0,2,3,17,15,131,-4.326530612441815e-06,1.33,0.531999999999698,0.00321
b14_C,_3590_,OAI21,0,0,3,3,20,14,127,0.0,1.862,0.7979999999997744,0.00321
b14_C,_3591_,NOR3,0,0,3,1,21,13,20,0.0,1.862,0.7979999999997744,0.00321
b14_C,_3592_,NOR2,0,0,2,2,19,14,144,-1.0693877550815856e-05,1.33,0.531999999999698,0.00321
b14_C,_3593_,OR4,0,0,4,2,20,13,21,8.163265285965338e-08,1.862,0.2660000000000764,0.00321
b14_C,_3594_,OAI21,0,0,3,1,22,12,19,-8.163265308169798e-08,1.862,0.7979999999997744,0.00321
b14_C,_3595_,INV,0,0,1,1,16,19,216,0.0,0.798,0.2660000000000764,0.00321
b14_C,_3596_,NOR2,0,0,2,1,14,21,240,-4.081632654084899e-08,1.33,0.531999999999698,0.00321
b14_C,_3597_,NOR2,0,0,2,1,13,21,240,-0.0010510204081632946,1.33,0.531999999999698,0.00321
b14_C,_3599_,AOI211,0,31,4,2,17,19,224,-0.0010841632653060262,2.394,1.0639999999998508,0.00321
b14_C,_3601_,NAND2,0,0,2,2,15,18,208,-5.2979591836699313e-05,1.33,0.531999999999698,0.00321
b14_C,_3602_,AOI221,0,22,5,2,19,17,199,-0.001110081632653026,2.926,1.3299999999994725,0.00321
b14_C,_3603_,NOR3,0,19,3,3,20,16,191,0.0009791428571430671,1.862,0.7979999999997744,0.00321
b14_C,_3604_,INV,0,0,1,2,17,16,184,0.0,0.798,0.2660000000000764,0.00321
b14_C,_3605_,OAI221,0,13,5,3,21,15,176,-0.0009700408163264562,2.926,1.3299999999994725,0.00321
b14_C,_3606_,NOR2,0,0,2,2,17,15,169,0.0,1.33,0.531999999999698,0.00321
b14_C,_3607_,AND2,0,4,2,2,22,13,29,-7.53877551020743e-05,1.33,0.26599999999962165,0.00321
b14_C,_3608_,NOR3,0,1,3,1,23,12,19,-2.6000000000081513e-05,1.862,0.7979999999997744,0.00321
b14_C,_3609_,OAI211,0,1,4,1,24,11,18,-6.040816326535747e-05,2.394,1.0639999999998508,0.00321
b14_C,_3610_,NAND2,0,0,2,2,17,12,67,0.0,1.33,0.531999999999698,0.00321
b14_C,_3611_,NAND2,0,0,2,3,16,12,81,0.0,1.33,0.531999999999698,0.00321
b14_C,_3612_,NAND2,0,0,2,2,18,11,63,0.0,1.33,0.531999999999698,0.00321
b14_C,_3613_,OAI211,0,1,4,1,25,10,17,-1.5183673469421066e-05,2.394,1.0639999999998508,0.00321
b14_C,_3614_,AOI21,0,1,3,2,26,9,16,-5.183673469355554e-06,1.862,0.7979999999997744,0.00321
b14_C,_3615_,INV,0,1,1,1,27,8,7,-2.3265306123843033e-06,0.798,0.2660000000000764,0.00321
b14_C,_3616_,OAI211,0,1,4,1,28,7,6,-1.2163265306064375e-05,2.394,1.0639999999998508,0.00321
b14_C,_3617_,OAI21,0,0,3,1,24,7,6,0.0,1.862,0.7979999999997744,0.00321
b14_C,_3618_,NOR4,0,0,4,1,23,8,7,0.0,2.394,1.0639999999998508,0.00321
b14_C,_3619_,AOI21,0,0,3,1,24,7,6,-5.306122448089923e-07,1.862,0.7979999999997744,0.00321
b14_C,_3620_,NAND3,0,1,3,2,29,6,5,1.2244897962254697e-07,1.862,0.7979999999997744,0.00321
b14_C,_3621_,NOR4,0,1,4,1,30,5,4,-6.146938775497546e-05,2.394,1.0639999999998508,0.00321
b14_C,_3622_,NAND2,0,0,2,6,11,6,41,-1.6530612244824994e-05,1.33,0.531999999999698,0.00321
b14_C,_3623_,NOR2,0,0,2,1,31,5,4,0.0,1.33,0.531999999999698,0.00321
b14_C,_3624_,NOR2,0,0,2,1,12,5,4,0.0,1.33,0.531999999999698,0.00321
b14_C,_3625_,AOI211,0,1,4,1,32,4,3,-4.979591836651309e-06,2.394,1.0639999999998508,0.00321
b14_C,_3626_,OAI211,0,1,4,1,33,3,2,-4.685714285712628e-05,2.394,1.0639999999998508,0.00321
b14_C,_3627_,OAI211,0,1,4,1,35,2,1,-3.1306122449059615e-05,2.394,1.0639999999998508,0.00321
b14_C,_3628_,NOR2,0,0,2,4,13,8,89,-4.4040816326695875e-05,1.33,0.531999999999698,0.00321
b14_C,_3629_,AOI21,0,0,3,1,14,4,3,-4.155102040792613e-05,1.862,0.7979999999997744,0.00321
b14_C,_3630_,NAND2,0,0,2,6,12,6,56,-3.1918367346950305e-05,1.33,0.531999999999698,0.00321
b14_C,_3631_,NOR3,0,0,3,1,13,4,3,-4.081632654084899e-08,1.862,0.7979999999997744,0.00321
b14_C,_3632_,OAI21,0,0,3,1,15,3,2,-2.126530612223121e-05,1.862,0.7979999999997744,0.00321
b14_C,_3633_,OAI21,0,0,3,1,16,2,1,-1.7224489796019427e-05,1.862,0.7979999999997744,0.00321
b14_C,_3634_,NAND3,0,0,3,1,14,2,1,-2.322448979619196e-05,1.862,0.7979999999997744,0.00321
b14_C,_3635_,OAI211,0,1,4,0,36,1,0,-3.8489795918250636e-05,2.394,1.0639999999998508,0.00321
b14_C,_3636_,AOI211,0,21,4,3,15,7,84,4.853061224507904e-05,2.394,1.0639999999998508,0.00321
b14_C,_3637_,NAND2,0,5,2,8,16,6,74,-4.657142857111829e-05,1.33,0.531999999999698,0.00321
b14_C,_3638_,NOR2,0,0,2,2,2,4,7,0.0,1.33,0.531999999999698,0.00321
b14_C,_3639_,AOI21,0,0,3,1,13,5,8,-4.081632654084899e-08,1.862,0.7979999999997744,0.00321
b14_C,_3640_,AOI21,0,0,3,2,14,4,7,-6.530612244315392e-07,1.862,0.7979999999997744,0.00321
b14_C,_3641_,NOR3,0,0,3,1,17,3,2,-0.00012171428571439158,1.862,0.7979999999997744,0.00321
b14_C,_3642_,OR2,0,16,2,1,16,1,43,0.0002388163265305554,1.33,0.26599999999962165,0.00321
b14_C,_3643_,NOR2,0,15,2,2,17,5,42,0.0002277959183671907,1.33,0.531999999999698,0.00321
b14_C,_3644_,BUF,0,15,1,10,18,4,39,0.0009909387755102639,1.064,0.2660000000000764,0.00321
b14_C,_3645_,BUF,0,10,1,10,19,3,20,0.0008182040816326897,1.064,0.2660000000000764,0.00321
b14_C,_3646_,AOI211,0,1,4,1,20,2,1,-0.00014171428571430056,2.394,1.0639999999998508,0.00321
b14_C,_3647_,XNOR2,0,0,2,1,2,2,1,0.0,2.66,1.0639999999998508,0.00321
b14_C,_3648_,OR2,0,0,2,7,17,4,13,-6.020408163265323e-05,1.33,0.26599999999962165,0.00321
b14_C,_3649_,OAI21,0,1,3,0,21,1,0,-2.1714285714402592e-05,1.862,0.7979999999997744,0.00321
b14_C,_3650_,NOR2,0,3,2,4,17,5,30,-6.19183673469248e-05,1.33,0.531999999999698,0.00321
b14_C,_3651_,AND3,0,0,3,2,2,32,105,0.0,1.596,0.2660000000000764,0.00321
b14_C,_3652_,AOI21,0,0,3,2,2,33,106,0.0,1.862,0.7979999999997744,0.00321
b14_C,_3653_,OR2,0,0,2,1,3,4,3,0.0,1.33,0.26599999999962165,0.00321
b14_C,_3654_,XNOR2,0,0,2,1,4,3,2,0.0,2.66,1.0639999999998508,0.00321
b14_C,_3655_,NOR2,0,0,2,8,17,4,35,-0.00010848979591804309,1.33,0.531999999999698,0.00321
b14_C,_3656_,AOI221,0,0,5,1,18,2,1,-5.3306122449026105e-05,2.926,1.3299999999994725,0.00321
b14_C,_3657_,NOR2,0,2,2,7,17,5,35,-4.395918367339213e-05,1.33,0.531999999999698,0.00321
b14_C,_3658_,BUF,0,1,1,10,18,3,20,5.39591836732356e-05,1.064,0.2660000000000764,0.00321
b14_C,_3659_,NAND2,0,0,2,3,2,30,93,0.0,1.33,0.531999999999698,0.00321
b14_C,_3660_,XOR2,0,0,2,1,3,4,3,0.0,2.394,0.7979999999997744,0.00321
b14_C,_3661_,XNOR2,0,0,2,1,4,3,2,0.0,2.66,1.0639999999998508,0.00321
b14_C,_3662_,AOI22,0,1,4,1,20,2,1,-0.00018848979591856718,2.394,1.0639999999998508,0.00321
b14_C,_3663_,NAND2,0,1,2,0,21,1,0,-1.7224489796019427e-05,1.33,0.531999999999698,0.00321
b14_C,_3664_,NOR3,0,2,3,9,13,3,40,0.0003231428571430772,1.862,0.7979999999997744,0.00321
b14_C,_3665_,BUF,0,2,1,9,14,1,11,0.0001343673469387241,1.064,0.2660000000000764,0.00321
b14_C,_3666_,NOR3,0,0,3,1,15,3,3,-6.595918367335862e-05,1.862,0.7979999999997744,0.00321
b14_C,_3667_,NOR2,0,0,2,1,15,3,3,0.0,1.33,0.531999999999698,0.00321
b14_C,_3668_,OAI21,0,0,3,2,16,2,2,-3.008163265305619e-05,1.862,0.7979999999997744,0.00321
b14_C,_3669_,BUF,0,2,1,10,18,3,20,7.212244897947251e-05,1.064,0.2660000000000764,0.00321
b14_C,_3670_,AND2,0,0,2,3,3,30,100,-4.979591836651309e-06,1.33,0.26599999999962165,0.00321
b14_C,_3671_,NOR2,0,0,2,2,3,31,101,-2.6816326530454404e-05,1.33,0.531999999999698,0.00321
b14_C,_3672_,NOR2,0,0,2,1,4,4,3,0.0,1.33,0.531999999999698,0.00321
b14_C,_3673_,INV,0,0,1,1,3,32,101,0.0,0.798,0.2660000000000764,0.00321
b14_C,_3674_,AOI21,0,0,3,2,4,31,100,0.0,1.862,0.7979999999997744,0.00321
b14_C,_3675_,XNOR2,0,0,2,1,5,3,2,0.0,2.66,1.0639999999998508,0.00321
b14_C,_3676_,AOI222,0,1,6,1,19,2,1,-0.0003110612244898725,3.724,1.595999999999549,0.00321
b14_C,_3677_,BUF,0,0,1,10,18,3,20,-3.5918367347065328e-06,1.064,0.2660000000000764,0.00321
b14_C,_3678_,XOR2,0,0,2,1,3,4,3,-3.448979591835766e-05,2.394,0.7979999999997744,0.00321
b14_C,_3679_,NAND2,0,0,2,1,4,29,87,0.0,1.33,0.531999999999698,0.00321
b14_C,_3680_,NOR2,0,0,2,1,4,29,87,0.0,1.33,0.531999999999698,0.00321
b14_C,_3681_,OAI21,0,0,3,2,5,28,86,0.0,1.862,0.7979999999997744,0.00321
b14_C,_3682_,XNOR2,0,0,2,1,6,3,2,0.0,2.66,1.0639999999998508,0.00321
b14_C,_3683_,AOI22,0,0,4,1,19,2,1,-3.6408163265111426e-05,2.394,1.0639999999998508,0.00321
b14_C,_3684_,NAND3,0,1,3,0,20,1,0,-5.159183673475454e-05,1.862,0.7979999999997744,0.00321
b14_C,_3685_,NOR2,0,0,2,2,5,30,96,0.0,1.33,0.531999999999698,0.00321
b14_C,_3686_,OR3,0,0,3,3,6,28,93,0.0,1.596,0.2660000000000764,0.00321
b14_C,_3687_,OAI21,0,0,3,3,6,29,94,0.0,1.862,0.7979999999997744,0.00321
b14_C,_3688_,AOI21,0,0,3,1,7,4,3,-3.4163265306030866e-05,1.862,0.7979999999997744,0.00321
b14_C,_3689_,AND3,0,0,3,1,7,4,3,-1.648979591850619e-05,1.596,0.2660000000000764,0.00321
b14_C,_3690_,NOR2,0,0,2,1,8,3,2,0.0,1.33,0.531999999999698,0.00321
b14_C,_3691_,AOI222,0,0,6,1,19,2,1,-6.930612244904211e-05,3.724,1.595999999999549,0.00321
b14_C,_3692_,XNOR2,0,0,2,1,5,4,3,-5.09795918366418e-05,2.66,1.0639999999998508,0.00321
b14_C,_3693_,NOR2,0,0,2,1,3,28,83,-2.6816326530454404e-05,1.33,0.531999999999698,0.00321
b14_C,_3694_,NAND2,0,0,2,1,3,28,83,-2.8897959183593613e-05,1.33,0.531999999999698,0.00321
b14_C,_3695_,AOI21,0,0,3,2,6,27,82,0.0,1.862,0.7979999999997744,0.00321
b14_C,_3696_,XNOR2,0,0,2,1,7,3,2,0.0,2.66,1.0639999999998508,0.00321
b14_C,_3697_,AOI22,0,1,4,1,20,2,1,-0.00018848979591856718,2.394,1.0639999999998508,0.00321
b14_C,_3698_,NAND2,0,1,2,0,21,1,0,-1.7224489796019427e-05,1.33,0.531999999999698,0.00321
b14_C,_3699_,XOR2,0,0,2,1,4,4,3,-2.8122448979539527e-05,2.394,0.7979999999997744,0.00321
b14_C,_3700_,OAI21,0,0,3,1,7,26,78,-3.2571428571381844e-05,1.862,0.7979999999997744,0.00321
b14_C,_3701_,INV,0,0,1,1,8,25,77,0.0,0.798,0.2660000000000764,0.00321
b14_C,_3702_,AOI21,0,0,3,2,9,24,76,-3.355102040836222e-05,1.862,0.7979999999997744,0.00321
b14_C,_3703_,XNOR2,0,0,2,1,10,3,2,0.0,2.66,1.0639999999998508,0.00321
b14_C,_3704_,AND2,0,0,2,4,4,26,87,-1.0571428571415353e-05,1.33,0.26599999999962165,0.00321
b14_C,_3705_,NOR2,0,0,2,2,4,27,88,-2.3836734693860606e-05,1.33,0.531999999999698,0.00321
b14_C,_3706_,NOR2,0,0,2,1,5,4,3,0.0,1.33,0.531999999999698,0.00321
b14_C,_3707_,INV,0,0,1,1,7,28,88,0.0,0.798,0.2660000000000764,0.00321
b14_C,_3708_,AOI21,0,0,3,2,8,27,87,-4.073469387755324e-05,1.862,0.7979999999997744,0.00321
b14_C,_3709_,XNOR2,0,0,2,1,9,3,2,0.0,2.66,1.0639999999998508,0.00321
b14_C,_3710_,AOI221,0,0,5,1,19,2,1,-5.187755102009639e-05,2.926,1.3299999999994725,0.00321
b14_C,_3711_,AOI22,0,1,4,1,20,2,1,-0.00019885714285705625,2.394,1.0639999999998508,0.00321
b14_C,_3712_,NAND3,0,1,3,0,21,1,0,-2.1755102040721397e-05,1.862,0.7979999999997744,0.00321
b14_C,_3713_,AOI22,0,0,4,1,19,2,1,-0.0003164897959182511,2.394,1.0639999999998508,0.00321
b14_C,_3714_,XOR2,0,0,2,1,5,4,3,-2.632653061218626e-05,2.394,0.7979999999997744,0.00321
b14_C,_3715_,NOR2,0,0,2,1,4,24,73,-2.3836734693860606e-05,1.33,0.531999999999698,0.00321
b14_C,_3716_,NOR2,0,0,2,1,10,23,72,0.0,1.33,0.531999999999698,0.00321
b14_C,_3717_,AOI21,0,0,3,2,11,22,71,-2.081632653072596e-05,1.862,0.7979999999997744,0.00321
b14_C,_3718_,XNOR2,0,0,2,1,12,3,2,0.0,2.66,1.0639999999998508,0.00321
b14_C,_3719_,NOR2,0,0,2,3,9,26,83,0.0,1.33,0.531999999999698,0.00321
b14_C,_3720_,OR3,0,0,3,1,10,5,4,0.0,1.596,0.2660000000000764,0.00321
b14_C,_3721_,OAI21,0,0,3,2,10,25,80,0.0,1.862,0.7979999999997744,0.00321
b14_C,_3722_,AND2,0,0,2,1,11,4,3,0.0,1.33,0.26599999999962165,0.00321
b14_C,_3723_,XNOR2,0,0,2,1,12,3,2,0.0,2.66,1.0639999999998508,0.00321
b14_C,_3724_,AOI222,0,1,6,1,19,2,1,-3.542857142857514e-05,3.724,1.595999999999549,0.00321
b14_C,_3725_,NAND2,0,1,2,0,20,1,0,-5.0244897959128565e-05,1.33,0.531999999999698,0.00321
b14_C,_3726_,NAND2,0,1,2,1,20,2,1,-0.00017138775510194826,1.33,0.531999999999698,0.00321
b14_C,_3727_,XNOR2,0,0,2,1,5,4,3,-2.640816326526796e-05,2.66,1.0639999999998508,0.00321
b14_C,_3728_,NOR2,0,0,2,1,5,22,68,-2.1959183673647686e-05,1.33,0.531999999999698,0.00321
b14_C,_3729_,NAND2,0,0,2,1,5,22,68,-2.3142857142888218e-05,1.33,0.531999999999698,0.00321
b14_C,_3730_,AOI21,0,0,3,2,12,21,67,0.0,1.862,0.7979999999997744,0.00321
b14_C,_3731_,XNOR2,0,0,2,1,13,3,2,0.0,2.66,1.0639999999998508,0.00321
b14_C,_3732_,XNOR2,0,0,2,1,5,4,3,-2.640816326526796e-05,2.66,1.0639999999998508,0.00321
b14_C,_3733_,NOR3,0,0,3,1,10,25,76,0.0,1.862,0.7979999999997744,0.00321
b14_C,_3734_,AOI21,0,0,3,2,11,24,75,0.0,1.862,0.7979999999997744,0.00321
b14_C,_3735_,XNOR2,0,0,2,1,12,3,2,0.0,2.66,1.0639999999998508,0.00321
b14_C,_3736_,AOI222,0,0,6,1,19,2,1,-5.3999999999998494e-05,3.724,1.595999999999549,0.00321
b14_C,_3737_,NAND3,0,1,3,0,21,1,0,-2.1142857142830707e-05,1.862,0.7979999999997744,0.00321
b14_C,_3738_,XOR2,0,0,2,1,5,4,3,-2.575510204083642e-05,2.394,0.7979999999997744,0.00321
b14_C,_3739_,NAND2,0,0,2,1,5,20,63,-2.0857142857266808e-05,1.33,0.531999999999698,0.00321
b14_C,_3740_,OAI21,0,0,3,1,13,20,63,-1.6775510204070088e-05,1.862,0.7979999999997744,0.00321
b14_C,_3741_,AND2,0,0,2,2,14,19,62,0.0,1.33,0.26599999999962165,0.00321
b14_C,_3742_,XNOR2,0,0,2,1,15,3,2,0.0,2.66,1.0639999999998508,0.00321
b14_C,_3743_,AOI22,0,1,4,1,20,2,1,-0.0001882040816325592,2.394,1.0639999999998508,0.00321
b14_C,_3744_,AND2,0,0,2,3,5,20,69,-9.755102040598373e-06,1.33,0.26599999999962165,0.00321
b14_C,_3745_,NOR2,0,0,2,2,5,21,70,-2.1918367346884793e-05,1.33,0.531999999999698,0.00321
b14_C,_3746_,NOR2,0,0,2,1,6,4,3,0.0,1.33,0.531999999999698,0.00321
b14_C,_3747_,AOI21,0,0,3,1,12,23,71,-1.726530612233823e-05,1.862,0.7979999999997744,0.00321
b14_C,_3748_,INV,0,0,1,1,13,22,70,0.0,0.798,0.2660000000000764,0.00321
b14_C,_3749_,OAI21,0,0,3,2,14,21,69,-1.6775510204070088e-05,1.862,0.7979999999997744,0.00321
b14_C,_3750_,XNOR2,0,0,2,1,15,3,2,0.0,2.66,1.0639999999998508,0.00321
b14_C,_3751_,AOI22,0,0,4,1,19,2,1,-4.171428571431157e-05,2.394,1.0639999999998508,0.00321
b14_C,_3752_,NAND3,0,1,3,0,21,1,0,-1.8285714285859456e-05,1.862,0.7979999999997744,0.00321
b14_C,_3753_,XOR2,0,0,2,1,6,5,4,-2.575510204083642e-05,2.394,0.7979999999997744,0.00321
b14_C,_3754_,NOR2,0,0,2,1,5,19,59,-2.1918367346884793e-05,1.33,0.531999999999698,0.00321
b14_C,_3755_,NAND2,0,0,2,1,5,19,59,-2.2938775510183973e-05,1.33,0.531999999999698,0.00321
b14_C,_3756_,AOI21,0,0,3,2,15,18,58,0.0,1.862,0.7979999999997744,0.00321
b14_C,_3757_,XNOR2,0,0,2,1,16,4,3,0.0,2.66,1.0639999999998508,0.00321
b14_C,_3758_,NOR3,0,0,3,1,17,3,2,-0.00013734693877553994,1.862,0.7979999999997744,0.00321
b14_C,_3759_,NOR2,0,0,2,2,15,20,65,0.0,1.33,0.531999999999698,0.00321
b14_C,_3760_,OR3,0,0,3,2,16,18,62,0.0,1.596,0.2660000000000764,0.00321
b14_C,_3761_,OAI21,0,0,3,2,16,19,63,0.0,1.862,0.7979999999997744,0.00321
b14_C,_3762_,NAND2,0,0,2,1,17,4,3,0.0,1.33,0.531999999999698,0.00321
b14_C,_3763_,XNOR2,0,0,2,1,18,3,2,-2.2571428571316332e-05,2.66,1.0639999999998508,0.00321
b14_C,_3764_,AOI211,0,0,4,1,19,2,1,-1.9102040816232346e-05,2.394,1.0639999999998508,0.00321
b14_C,_3765_,AOI22,0,1,4,1,20,2,1,-0.00019661224489797569,2.394,1.0639999999998508,0.00321
b14_C,_3766_,NAND2,0,1,2,0,21,1,0,-1.7224489796019427e-05,1.33,0.531999999999698,0.00321
b14_C,_3767_,XOR2,0,0,2,1,6,5,4,-2.506122448986403e-05,2.394,0.7979999999997744,0.00321
b14_C,_3768_,NOR2,0,0,2,2,6,17,53,-2.1632653061320894e-05,1.33,0.531999999999698,0.00321
b14_C,_3769_,AOI21,0,0,3,2,16,17,53,-1.902040816315065e-05,1.862,0.7979999999997744,0.00321
b14_C,_3770_,NOR2,0,0,2,1,17,5,4,0.0,1.33,0.531999999999698,0.00321
b14_C,_3771_,XNOR2,0,0,2,1,18,4,3,0.0,2.66,1.0639999999998508,0.00321
b14_C,_3772_,NOR3,0,0,3,1,19,3,2,-0.00013734693877553994,1.862,0.7979999999997744,0.00321
b14_C,_3773_,XOR2,0,0,2,1,6,4,3,-2.506122448986403e-05,2.394,0.7979999999997744,0.00321
b14_C,_3774_,INV,0,0,1,1,17,18,58,0.0,0.798,0.2660000000000764,0.00321
b14_C,_3775_,AOI21,0,0,3,2,18,17,57,-2.2979591836724822e-05,1.862,0.7979999999997744,0.00321
b14_C,_3776_,XNOR2,0,0,2,1,19,3,2,0.0,2.66,1.0639999999998508,0.00321
b14_C,_3777_,AOI221,0,0,5,1,20,2,1,-6.14693877551975e-05,2.926,1.3299999999994725,0.00321
b14_C,_3778_,AOI22,0,1,4,1,20,2,1,-0.00019587755102046245,2.394,1.0639999999998508,0.00321
b14_C,_3779_,NAND2,0,1,2,0,21,1,0,-1.714285714293773e-05,1.33,0.531999999999698,0.00321
b14_C,_3780_,NAND2,0,0,2,1,6,17,54,-2.204081632650734e-05,1.33,0.531999999999698,0.00321
b14_C,_3781_,NOR2,0,0,2,1,6,17,54,-2.0897959183807657e-05,1.33,0.531999999999698,0.00321
b14_C,_3782_,OAI21,0,0,3,3,19,16,53,0.0,1.862,0.7979999999997744,0.00321
b14_C,_3783_,XNOR2,0,0,2,1,20,4,3,0.0,2.66,1.0639999999998508,0.00321
b14_C,_3784_,XNOR2,0,0,2,1,21,3,2,-2.1020408163430204e-05,2.66,1.0639999999998508,0.00321
b14_C,_3785_,AOI222,0,0,6,1,22,2,1,-6.167346938790175e-05,3.724,1.595999999999549,0.00321
b14_C,_3786_,XOR2,0,0,2,1,6,4,3,-2.4000000000024002e-05,2.394,0.7979999999997744,0.00321
b14_C,_3787_,NOR2,0,0,2,1,6,17,48,-2.0897959183807657e-05,1.33,0.531999999999698,0.00321
b14_C,_3788_,NOR3,0,0,3,1,17,16,47,0.0,1.862,0.7979999999997744,0.00321
b14_C,_3789_,AOI21,0,0,3,2,18,15,46,-1.8244897959096562e-05,1.862,0.7979999999997744,0.00321
b14_C,_3790_,XNOR2,0,0,2,1,19,3,2,0.0,2.66,1.0639999999998508,0.00321
b14_C,_3791_,AOI22,0,1,4,1,20,2,1,-0.00018848979591856718,2.394,1.0639999999998508,0.00321
b14_C,_3792_,NAND2,0,1,2,0,23,1,0,-1.7224489796019427e-05,1.33,0.531999999999698,0.00321
b14_C,_3793_,XOR2,0,0,2,1,7,4,3,-2.3265306122510765e-05,2.394,0.7979999999997744,0.00321
b14_C,_3794_,NAND2,0,0,2,1,20,15,47,0.0,1.33,0.531999999999698,0.00321
b14_C,_3795_,OAI21,0,0,3,1,20,15,47,-1.8040816326614362e-05,1.862,0.7979999999997744,0.00321
b14_C,_3796_,AND2,0,0,2,2,21,14,46,0.0,1.33,0.26599999999962165,0.00321
b14_C,_3797_,XNOR2,0,0,2,1,22,3,2,0.0,2.66,1.0639999999998508,0.00321
b14_C,_3798_,AOI222,0,0,6,1,23,2,1,-6.093877551038851e-05,3.724,1.595999999999549,0.00321
b14_C,_3799_,XNOR2,0,0,2,1,7,4,3,-2.591836734677777e-05,2.66,1.0639999999998508,0.00321
b14_C,_3800_,NOR2,0,0,2,1,6,15,43,-2.0163265306072375e-05,1.33,0.531999999999698,0.00321
b14_C,_3801_,NAND2,0,0,2,1,6,15,43,-2.122448979613445e-05,1.33,0.531999999999698,0.00321
b14_C,_3802_,AOI21,0,0,3,2,19,14,42,0.0,1.862,0.7979999999997744,0.00321
b14_C,_3803_,XNOR2,0,0,2,1,20,3,2,0.0,2.66,1.0639999999998508,0.00321
b14_C,_3804_,AOI22,0,1,4,1,21,2,1,-0.00018848979591856718,2.394,1.0639999999998508,0.00321
b14_C,_3805_,NAND2,0,1,2,0,24,1,0,-1.7224489796019427e-05,1.33,0.531999999999698,0.00321
b14_C,_3806_,XNOR2,0,0,2,1,7,6,5,-2.5959183673540664e-05,2.66,1.0639999999998508,0.00321
b14_C,_3807_,NOR2,0,0,2,2,7,13,38,-1.9428571428559138e-05,1.33,0.531999999999698,0.00321
b14_C,_3808_,AOI21,0,0,3,2,20,13,38,-1.6979591836996377e-05,1.862,0.7979999999997744,0.00321
b14_C,_3809_,NOR2,0,0,2,1,21,6,5,0.0,1.33,0.531999999999698,0.00321
b14_C,_3810_,XNOR2,0,0,2,1,22,5,4,0.0,2.66,1.0639999999998508,0.00321
b14_C,_3811_,NAND2,0,1,2,1,23,4,3,-1.551020408130377e-05,1.33,0.531999999999698,0.00321
b14_C,_3812_,OAI21,0,1,3,1,24,3,2,-7.314285714277169e-05,1.862,0.7979999999997744,0.00321
b14_C,_3813_,AOI221,0,1,5,1,25,2,1,-0.0003135510204079761,2.926,1.3299999999994725,0.00321
b14_C,_3814_,XOR2,0,0,2,1,7,3,2,-2.3306122449051614e-05,2.394,0.7979999999997744,0.00321
b14_C,_3815_,NOR2,0,0,2,1,7,14,43,-1.9428571428559138e-05,1.33,0.531999999999698,0.00321
b14_C,_3816_,NAND2,0,0,2,1,7,14,43,-2.0489795918399167e-05,1.33,0.531999999999698,0.00321
b14_C,_3817_,AOI21,0,0,3,3,22,13,42,0.0,1.862,0.7979999999997744,0.00321
b14_C,_3818_,XNOR2,0,0,2,1,23,2,1,0.0,2.66,1.0639999999998508,0.00321
b14_C,_3819_,OAI21,0,1,3,0,26,1,0,-4.8571428571397846e-05,1.862,0.7979999999997744,0.00321
b14_C,_3820_,OR2,0,0,2,2,7,13,40,-8.612244897898691e-06,1.33,0.26599999999962165,0.00321
b14_C,_3821_,AND2,0,0,2,2,7,13,40,-8.612244897898691e-06,1.33,0.26599999999962165,0.00321
b14_C,_3822_,OAI21,0,0,3,2,23,11,37,0.0,1.862,0.7979999999997744,0.00321
b14_C,_3823_,XNOR2,0,0,2,2,24,5,5,0.0,2.66,1.0639999999998508,0.00321
b14_C,_3824_,OAI21,0,1,3,1,25,4,4,-5.216326530610438e-05,1.862,0.7979999999997744,0.00321
b14_C,_3825_,AOI21,0,1,3,2,26,3,3,-3.0163265306137887e-05,1.862,0.7979999999997744,0.00321
b14_C,_3826_,AOI222,0,1,6,1,27,2,1,-0.00032404081632630977,3.724,1.595999999999549,0.00321
b14_C,_3827_,XOR2,0,0,2,2,6,12,35,-2.4448979591751296e-05,2.394,0.7979999999997744,0.00321
b14_C,_3828_,XNOR2,0,0,2,1,7,5,4,-3.20816326531137e-05,2.66,1.0639999999998508,0.00321
b14_C,_3829_,NOR2,0,0,2,1,7,13,32,-1.9469387755099987e-05,1.33,0.531999999999698,0.00321
b14_C,_3830_,NOR3,0,0,3,1,21,12,31,0.0,1.862,0.7979999999997744,0.00321
b14_C,_3831_,AOI21,0,0,3,2,22,11,30,-1.702040816331518e-05,1.862,0.7979999999997744,0.00321
b14_C,_3832_,XNOR2,0,0,2,1,23,4,3,0.0,2.66,1.0639999999998508,0.00321
b14_C,_3833_,OAI22,0,0,4,1,24,3,2,-8.816326530602936e-06,2.394,1.0639999999998508,0.00321
b14_C,_3834_,AOI21,0,0,3,1,27,2,1,-0.0014172653061226281,1.862,0.7979999999997744,0.00321
b14_C,_3835_,OAI21,0,1,3,0,28,1,0,-0.00018142857142833257,1.862,0.7979999999997744,0.00321
b14_C,_3836_,NAND2,0,0,2,1,19,2,1,-1.7591836734665023e-05,1.33,0.531999999999698,0.00321
b14_C,_3837_,XNOR2,0,0,2,1,8,4,3,-2.6693877551053902e-05,2.66,1.0639999999998508,0.00321
b14_C,_3838_,NOR2,0,0,2,1,7,11,26,-2.412244897964655e-05,1.33,0.531999999999698,0.00321
b14_C,_3839_,NAND2,0,0,2,1,7,11,26,-2.5387755102190823e-05,1.33,0.531999999999698,0.00321
b14_C,_3840_,AOI21,0,0,3,2,23,10,25,0.0,1.862,0.7979999999997744,0.00321
b14_C,_3841_,XNOR2,0,0,2,1,24,3,2,0.0,2.66,1.0639999999998508,0.00321
b14_C,_3842_,AOI221,0,1,5,1,25,2,1,-0.00027285714285718576,2.926,1.3299999999994725,0.00321
b14_C,_3843_,OAI211,0,0,4,1,23,12,32,0.0,2.394,1.0639999999998508,0.00321
b14_C,_3844_,AND2,0,0,2,1,24,11,31,0.0,1.33,0.26599999999962165,0.00321
b14_C,_3845_,INV,0,0,1,1,1,11,31,0.0,0.798,0.2660000000000764,0.00321
b14_C,_3846_,AOI21,0,0,3,2,25,10,30,0.0,1.862,0.7979999999997744,0.00321
b14_C,_3847_,AND2,0,0,2,2,26,9,28,0.0,1.33,0.26599999999962165,0.00321
b14_C,_3848_,NOR2,0,0,2,4,26,8,27,0.0,1.33,0.531999999999698,0.00321
b14_C,_3849_,NOR2,0,0,2,1,27,3,2,0.0,1.33,0.531999999999698,0.00321
b14_C,_3850_,XNOR2,0,0,2,1,28,2,1,-2.1061224489971053e-05,2.66,1.0639999999998508,0.00321
b14_C,_3851_,OAI211,0,1,4,0,29,1,0,-1.7632653061205872e-05,2.394,1.0639999999998508,0.00321
b14_C,_3852_,XNOR2,0,0,2,1,8,4,3,-2.6000000000081513e-05,2.66,1.0639999999998508,0.00321
b14_C,_3853_,NOR2,0,0,2,2,8,9,21,-2.0163265306072375e-05,1.33,0.531999999999698,0.00321
b14_C,_3854_,AOI21,0,0,3,2,24,9,21,-1.775510204082842e-05,1.862,0.7979999999997744,0.00321
b14_C,_3855_,NOR2,0,0,2,1,25,4,3,0.0,1.33,0.531999999999698,0.00321
b14_C,_3856_,XNOR2,0,0,2,1,26,3,2,0.0,2.66,1.0639999999998508,0.00321
b14_C,_3857_,AOI222,0,1,6,1,27,2,1,-0.0003004897959182351,3.724,1.595999999999549,0.00321
b14_C,_3858_,INV,0,0,1,3,1,8,24,0.0,0.798,0.2660000000000764,0.00321
b14_C,_3859_,NOR2,0,0,2,3,27,8,24,-1.8857142857209297e-05,1.33,0.531999999999698,0.00321
b14_C,_3860_,NOR3,0,0,3,2,28,7,19,0.0,1.862,0.7979999999997744,0.00321
b14_C,_3861_,OAI21,0,0,3,3,28,7,21,0.0,1.862,0.7979999999997744,0.00321
b14_C,_3862_,NAND2,0,0,2,1,29,3,2,-1.669387755098839e-05,1.33,0.531999999999698,0.00321
b14_C,_3863_,OAI21,0,0,3,1,30,2,1,-1.8040816326392317e-05,1.862,0.7979999999997744,0.00321
b14_C,_3864_,OR3,0,0,3,1,28,3,2,0.0,1.596,0.2660000000000764,0.00321
b14_C,_3865_,AOI21,0,0,3,1,29,2,1,-1.7346938775641974e-05,1.862,0.7979999999997744,0.00321
b14_C,_3866_,OAI211,0,1,4,0,31,1,0,-3.3714285714525616e-05,2.394,1.0639999999998508,0.00321
b14_C,_3867_,XNOR2,0,0,2,2,9,4,3,-1.359183673455e-05,2.66,1.0639999999998508,0.00321
b14_C,_3868_,AOI21,0,0,3,4,29,6,16,-2.073469387764426e-05,1.862,0.7979999999997744,0.00321
b14_C,_3869_,AOI21,0,0,3,1,30,3,2,-6.938775509723882e-07,1.862,0.7979999999997744,0.00321
b14_C,_3870_,OAI21,0,0,3,1,31,2,1,0.0,1.862,0.7979999999997744,0.00321
b14_C,_3871_,NOR2,0,0,2,1,8,9,17,-1.9469387755099987e-05,1.33,0.531999999999698,0.00321
b14_C,_3872_,NOR3,0,0,3,1,25,8,16,0.0,1.862,0.7979999999997744,0.00321
b14_C,_3873_,AOI21,0,0,3,2,26,7,15,-1.702040816331518e-05,1.862,0.7979999999997744,0.00321
b14_C,_3874_,XNOR2,0,0,2,1,9,4,3,-1.359183673455e-05,2.66,1.0639999999998508,0.00321
b14_C,_3875_,XOR2,0,0,2,1,27,3,2,0.0,2.394,0.7979999999997744,0.00321
b14_C,_3876_,AOI222,0,1,6,1,28,2,1,-0.0002914285714286091,3.724,1.595999999999549,0.00321
b14_C,_3877_,OAI211,0,1,4,0,32,1,0,-3.4979591836847845e-05,2.394,1.0639999999998508,0.00321
b14_C,_3878_,XNOR2,0,0,2,2,8,4,3,-5.07755102041596e-05,2.66,1.0639999999998508,0.00321
b14_C,_3879_,NOR2,0,0,2,2,9,6,13,-1.0734693877800794e-05,1.33,0.531999999999698,0.00321
b14_C,_3880_,NOR2,0,0,2,1,30,5,4,0.0,1.33,0.531999999999698,0.00321
b14_C,_3881_,AOI21,0,0,3,2,31,4,3,-8.489795918498189e-06,1.862,0.7979999999997744,0.00321
b14_C,_3882_,AOI21,0,0,3,1,32,3,2,-6.938775509723882e-07,1.862,0.7979999999997744,0.00321
b14_C,_3883_,OAI21,0,0,3,1,33,2,1,0.0,1.862,0.7979999999997744,0.00321
b14_C,_3884_,NAND2,0,0,2,1,19,2,1,-3.277551020408609e-05,1.33,0.531999999999698,0.00321
b14_C,_3885_,XNOR2,0,0,2,1,8,4,3,-5.07755102041596e-05,2.66,1.0639999999998508,0.00321
b14_C,_3886_,NOR2,0,0,2,1,9,7,12,-1.0734693877800794e-05,1.33,0.531999999999698,0.00321
b14_C,_3887_,NAND2,0,0,2,1,9,7,12,-1.0897959183742145e-05,1.33,0.531999999999698,0.00321
b14_C,_3888_,AOI21,0,0,3,2,27,6,11,0.0,1.862,0.7979999999997744,0.00321
b14_C,_3889_,XNOR2,0,0,2,1,28,3,2,0.0,2.66,1.0639999999998508,0.00321
b14_C,_3890_,AOI221,0,1,5,1,29,2,1,-0.0002731836734692905,2.926,1.3299999999994725,0.00321
b14_C,_3891_,NAND3,0,1,3,0,34,1,0,-2.3061224490028565e-05,1.862,0.7979999999997744,0.00321
b14_C,_3892_,XNOR2,0,0,2,2,9,4,3,-2.620408163278576e-05,2.66,1.0639999999998508,0.00321
b14_C,_3893_,NOR2,0,0,2,1,8,6,8,-3.804081632652334e-05,1.33,0.531999999999698,0.00321
b14_C,_3894_,NAND2,0,0,2,1,9,6,8,-1.0897959183742145e-05,1.33,0.531999999999698,0.00321
b14_C,_3895_,AOI211,0,0,4,1,30,5,7,0.0,2.394,1.0639999999998508,0.00321
b14_C,_3896_,AOI21,0,0,3,3,31,4,6,-3.326530612235423e-05,1.862,0.7979999999997744,0.00321
b14_C,_3897_,AOI21,0,0,3,1,32,3,2,0.0,1.862,0.7979999999997744,0.00321
b14_C,_3898_,OAI21,0,0,3,1,33,2,1,0.0,1.862,0.7979999999997744,0.00321
b14_C,_3899_,AOI221,0,0,5,1,18,2,1,-0.0006360000000000809,2.926,1.3299999999994725,0.00321
b14_C,_3900_,XNOR2,0,0,2,2,9,3,3,-2.5755102040614375e-05,2.66,1.0639999999998508,0.00321
b14_C,_3901_,OR2,0,0,2,1,8,6,8,-1.6897959183692635e-05,1.33,0.26599999999962165,0.00321
b14_C,_3902_,AND2,0,0,2,1,8,6,8,-1.6897959183692635e-05,1.33,0.26599999999962165,0.00321
b14_C,_3903_,OAI21,0,0,3,3,28,5,7,0.0,1.862,0.7979999999997744,0.00321
b14_C,_3904_,OAI21,0,1,3,1,29,2,1,-3.755102040647884e-06,1.862,0.7979999999997744,0.00321
b14_C,_3905_,AND2,0,0,2,1,29,2,1,-2.4489795924509394e-07,1.33,0.26599999999962165,0.00321
b14_C,_3906_,OAI211,0,1,4,0,34,1,0,-1.3183673469363555e-05,2.394,1.0639999999998508,0.00321
b14_C,_3907_,NOR2,0,0,2,1,9,5,4,-1.9632653061263383e-05,1.33,0.531999999999698,0.00321
b14_C,_3908_,NAND2,0,0,2,1,9,5,4,-2.0653061224784608e-05,1.33,0.531999999999698,0.00321
b14_C,_3909_,AOI21,0,0,3,1,29,4,3,0.0,1.862,0.7979999999997744,0.00321
b14_C,_3910_,XNOR2,0,0,2,1,10,4,3,-2.9795918367270247e-05,2.66,1.0639999999998508,0.00321
b14_C,_3911_,XNOR2,0,0,2,1,30,3,2,0.0,2.66,1.0639999999998508,0.00321
b14_C,_3912_,NAND2,0,0,2,1,31,2,1,-1.5142857143102262e-05,1.33,0.531999999999698,0.00321
b14_C,_3913_,NAND3,0,0,3,1,16,4,3,-0.0004075102040816958,1.862,0.7979999999997744,0.00321
b14_C,_3914_,NOR3,0,0,3,1,17,3,2,-1.8653061224727097e-05,1.862,0.7979999999997744,0.00321
b14_C,_3915_,AOI211,0,1,4,1,19,2,1,-0.00023959183673483153,2.394,1.0639999999998508,0.00321
b14_C,_3916_,NOR2,0,0,2,1,9,4,3,-1.9632653061263383e-05,1.33,0.531999999999698,0.00321
b14_C,_3917_,NAND2,0,0,2,1,9,4,3,-2.0653061224784608e-05,1.33,0.531999999999698,0.00321
b14_C,_3918_,AOI21,0,0,3,1,32,3,2,0.0,1.862,0.7979999999997744,0.00321
b14_C,_3919_,XNOR2,0,0,2,1,9,3,2,0.0,2.66,1.0639999999998508,0.00321
b14_C,_3920_,XNOR2,0,0,2,1,33,2,1,0.0,2.66,1.0639999999998508,0.00321
b14_C,_3921_,OAI211,0,1,4,0,34,1,0,-1.918367346953609e-05,2.394,1.0639999999998508,0.00321
b14_C,_3922_,OR4,0,1,4,3,14,10,126,4.044897959198934e-05,1.862,0.2660000000000764,0.00321
b14_C,_3923_,NOR2,0,0,2,1,15,9,93,-2.14693877551575e-05,1.33,0.531999999999698,0.00321
b14_C,_3924_,NOR2,0,0,2,3,16,8,92,0.0,1.33,0.531999999999698,0.00321
b14_C,_3925_,BUF,0,0,1,10,17,7,83,0.0,1.064,0.2660000000000764,0.00321
b14_C,_3926_,BUF,0,0,1,10,18,6,64,0.0,1.064,0.2660000000000764,0.00321
b14_C,_3927_,BUF,0,0,1,10,19,4,47,0.0,1.064,0.2660000000000764,0.00321
b14_C,_3928_,CLKBUF,0,0,1,10,20,3,26,0.0,1.064,0.2660000000000764,0.00321
b14_C,_3929_,NAND2,0,0,2,1,21,2,1,0.0,1.33,0.531999999999698,0.00321
b14_C,_3930_,NAND3,0,6,3,4,13,22,252,9.399999999981645e-05,1.862,0.7979999999997744,0.00321
b14_C,_3931_,NOR4,0,6,4,3,14,21,226,0.0006106938775511939,2.394,1.0639999999998508,0.00321
b14_C,_3932_,AND2,0,6,2,3,15,20,211,4.897959183658429e-05,1.33,0.2660000000000764,0.00321
b14_C,_3933_,NAND3,0,6,3,3,16,19,192,3.6816326530519916e-05,1.862,0.7979999999997744,0.00321
b14_C,_3934_,OR3,0,6,3,3,17,18,172,0.000252000000000141,1.596,0.2660000000000764,0.00321
b14_C,_3935_,NOR3,0,6,3,2,18,17,156,0.0003369387755101094,1.862,0.7979999999997744,0.00321
b14_C,_3936_,NAND2,0,6,2,2,19,16,148,-0.0002062040816326327,1.33,0.531999999999698,0.00321
b14_C,_3937_,NOR2,0,6,2,3,20,15,139,0.0002977959183672052,1.33,0.531999999999698,0.00321
b14_C,_3938_,NAND3,0,6,3,3,21,14,119,-3.1959183673491154e-05,1.862,0.7979999999997744,0.00321
b14_C,_3939_,NOR3,0,6,3,2,22,13,101,0.00022036734693897664,1.862,0.7979999999997744,0.00321
b14_C,_3940_,AND2,0,6,2,3,23,12,91,8.36734693876462e-05,1.33,0.2660000000000764,0.00321
b14_C,_3941_,NAND3,0,6,3,2,24,11,76,4.897959183791656e-06,1.862,0.7979999999997744,0.00321
b14_C,_3942_,OR2,0,6,2,3,25,10,68,0.00014812244897965954,1.33,0.2660000000000764,0.00321
b14_C,_3943_,OR3,0,6,3,3,26,9,60,0.0002602040816326312,1.596,0.2660000000000764,0.00321
b14_C,_3944_,NOR2,0,6,2,3,27,8,44,0.00031000000000003247,1.33,0.531999999999698,0.00321
b14_C,_3945_,NAND3,0,6,3,2,28,7,29,-0.00011930612244914762,1.862,0.7979999999997744,0.00321
b14_C,_3946_,OR2,0,6,2,2,29,6,19,0.00012587755102044795,1.33,0.2660000000000764,0.00321
b14_C,_3947_,NOR2,0,6,2,2,30,5,11,0.00021963265306124136,1.33,0.531999999999698,0.00321
b14_C,_3948_,NAND2,0,3,2,1,31,4,5,-0.0002095102040815533,1.33,0.531999999999698,0.00321
b14_C,_3949_,XNOR2,0,3,2,2,32,3,4,1.934693877547744e-05,2.66,1.0639999999998508,0.00321
b14_C,_3950_,NOR2,0,0,2,2,11,6,45,0.0,1.33,0.531999999999698,0.00321
b14_C,_3951_,OAI21,0,1,3,4,16,6,76,4.044897959198934e-05,1.862,0.7979999999997744,0.00321
b14_C,_3952_,NAND2,0,0,2,8,17,5,40,-4.085714285717579e-05,1.33,0.531999999999698,0.00321
b14_C,_3953_,BUF,0,0,1,10,18,4,18,0.0,1.064,0.2660000000000764,0.00321
b14_C,_3954_,CLKBUF,0,0,1,10,20,2,10,0.0,1.064,0.2660000000000764,0.00321
b14_C,_3955_,NAND2,0,0,2,8,11,7,112,-3.7959183674107777e-06,1.33,0.531999999999698,0.00321
b14_C,_3956_,AOI211,0,0,4,2,17,4,10,-2.3836734693860606e-05,2.394,1.0639999999998508,0.00321
b14_C,_3957_,NOR2,0,0,2,5,11,7,138,0.0,1.33,0.531999999999698,0.00321
b14_C,_3958_,CLKBUF,0,0,1,10,12,6,101,4.081632654084899e-08,1.064,0.2660000000000764,0.00321
b14_C,_3959_,CLKBUF,0,0,1,10,13,5,50,2.9795918368158425e-06,1.064,0.2660000000000764,0.00321
b14_C,_3960_,AOI21,0,0,3,2,18,3,4,-8.979591836766332e-07,1.862,0.7979999999997744,0.00321
b14_C,_3961_,OAI221,0,1,5,0,33,1,0,-9.820408163263572e-05,2.926,1.3299999999994725,0.00321
b14_C,_3962_,NAND2,0,0,2,1,21,2,1,0.0,1.33,0.531999999999698,0.00321
b14_C,_3963_,XNOR2,0,3,2,2,31,3,4,-0.00025138775510202827,2.66,1.0639999999998508,0.00321
b14_C,_3964_,CLKBUF,0,0,1,10,12,6,54,6.979591836930865e-06,1.064,0.2660000000000764,0.00321
b14_C,_3965_,NOR2,0,0,2,1,18,4,5,-7.1428571428722165e-06,1.33,0.531999999999698,0.00321
b14_C,_3966_,NOR2,0,0,2,2,19,3,4,0.0,1.33,0.531999999999698,0.00321
b14_C,_3967_,OAI221,0,1,5,0,32,1,0,-6.506122448968199e-05,2.926,1.3299999999994725,0.00321
b14_C,_3968_,XNOR2,0,0,2,2,29,5,8,-0.0001966530612242945,2.66,1.0639999999998508,0.00321
b14_C,_3969_,NOR2,0,0,2,9,12,7,120,-9.06122448984803e-06,1.33,0.531999999999698,0.00321
b14_C,_3970_,AOI22,0,0,4,2,20,5,8,-1.726530612233823e-05,2.394,1.0639999999998508,0.00321
b14_C,_3971_,OAI222,0,0,6,1,30,3,2,0.0,3.724,1.595999999999549,0.00321
b14_C,_3972_,NOR2,0,0,2,2,18,4,23,0.0,1.33,0.531999999999698,0.00321
b14_C,_3973_,CLKBUF,0,0,1,10,19,3,20,0.0,1.064,0.2660000000000764,0.00321
b14_C,_3974_,NOR2,0,0,2,2,22,5,9,0.0,1.33,0.531999999999698,0.00321
b14_C,_3975_,NAND2,0,0,2,1,21,7,21,-6.36734693881813e-06,1.33,0.531999999999698,0.00321
b14_C,_3976_,INV,0,0,1,2,22,6,20,0.0,0.798,0.2660000000000764,0.00321
b14_C,_3977_,NOR2,0,0,2,2,18,7,54,-2.0775510203963066e-05,1.33,0.531999999999698,0.00321
b14_C,_3978_,NAND2,0,0,2,2,18,10,47,0.0,1.33,0.531999999999698,0.00321
b14_C,_3979_,OAI21,0,0,3,2,19,9,36,-2.175510204094344e-05,1.862,0.7979999999997744,0.00321
b14_C,_3980_,NOR2,0,0,2,2,18,8,74,0.0,1.33,0.531999999999698,0.00321
b14_C,_3981_,NOR2,0,0,2,1,18,8,64,-5.5510204080011505e-06,1.33,0.531999999999698,0.00321
b14_C,_3982_,NOR2,0,0,2,2,16,9,85,-2.0897959183807657e-05,1.33,0.531999999999698,0.00321
b14_C,_3983_,NOR2,0,0,2,1,17,9,75,-2.093877551012646e-05,1.33,0.531999999999698,0.00321
b14_C,_3984_,NOR2,0,0,2,2,16,11,98,-5.628571428584195e-05,1.33,0.531999999999698,0.00321
b14_C,_3985_,AOI22,0,0,4,2,16,11,98,-8.159183673472903e-05,2.394,1.0639999999998508,0.00321
b14_C,_3986_,NOR2,0,0,2,1,17,10,86,0.0,1.33,0.531999999999698,0.00321
b14_C,_3987_,AOI21,0,0,3,2,18,9,85,-1.8244897959096562e-05,1.862,0.7979999999997744,0.00321
b14_C,_3988_,NAND2,0,0,2,2,17,10,109,-4.530612244924015e-06,1.33,0.531999999999698,0.00321
b14_C,_3989_,NOR2,0,0,2,2,16,11,128,-2.6734693877372706e-05,1.33,0.531999999999698,0.00321
b14_C,_3990_,NAND2,0,0,2,1,17,11,119,-1.530612244882157e-05,1.33,0.531999999999698,0.00321
b14_C,_3991_,NAND2,0,0,2,1,16,12,138,-2.057142857125882e-05,1.33,0.531999999999698,0.00321
b14_C,_3992_,NAND2,0,0,2,2,16,13,149,-9.102040816166834e-06,1.33,0.531999999999698,0.00321
b14_C,_3993_,NOR2,0,0,2,1,16,13,139,-9.91836734676177e-06,1.33,0.531999999999698,0.00321
b14_C,_3994_,NOR2,0,0,2,1,19,14,158,-1.0693877550815856e-05,1.33,0.531999999999698,0.00321
b14_C,_3995_,NOR2,0,0,2,2,16,14,167,-2.1836734693803095e-05,1.33,0.531999999999698,0.00321
b14_C,_3996_,NAND3,0,0,3,1,17,16,180,-1.706122448985603e-05,1.862,0.7979999999997744,0.00321
b14_C,_3997_,NAND2,0,0,2,2,18,15,179,0.0,1.33,0.531999999999698,0.00321
b14_C,_3998_,NOR2,0,0,2,3,15,18,205,-2.1020408163430204e-05,1.33,0.531999999999698,0.00321
b14_C,_3999_,NOR2,0,0,2,2,15,17,232,-1.873469387758675e-05,1.33,0.531999999999698,0.00321
b14_C,_4000_,NOR2,0,0,2,1,15,17,204,-1.8530612244882505e-05,1.33,0.531999999999698,0.00321
b14_C,_4001_,NOR2,0,0,2,2,15,19,253,-3.126530612229672e-05,1.33,0.531999999999698,0.00321
b14_C,_4002_,NOR3,0,0,3,2,15,20,270,-0.0002502857142856474,1.862,0.7979999999997744,0.00321
b14_C,_4003_,NAND2,0,0,2,2,14,21,292,-0.001854081632652882,1.33,0.531999999999698,0.00321
b14_C,_4004_,OAI211,1,45,4,2,14,21,292,-0.0007586122448979271,2.394,1.0639999999998508,0.00321
b14_C,_4005_,AOI221,1,45,5,2,15,20,270,0.00026595918367355864,2.926,1.3299999999994725,0.00321
b14_C,_4007_,NOR2,0,0,2,2,15,20,253,-3.673469386455963e-07,1.33,0.531999999999698,0.00321
b14_C,_4008_,AOI21,0,0,3,1,16,19,243,-0.0009689795918366162,1.862,0.7979999999997744,0.00321
b14_C,_4009_,AOI221,1,45,5,2,17,18,242,0.0015340000000001464,2.926,1.3299999999994725,0.00321
b14_C,_4010_,AOI221,1,45,5,2,18,17,232,-0.0022621224489793867,2.926,1.3299999999994725,0.00321
b14_C,_4011_,OR4,1,45,4,2,19,16,203,0.0018731020408164767,1.862,0.2660000000000764,0.00321
b14_C,_4012_,NAND2,0,0,2,2,15,18,223,-1.706122448985603e-05,1.33,0.531999999999698,0.00321
b14_C,_4013_,NOR3,0,0,3,1,16,17,204,0.0,1.862,0.7979999999997744,0.00321
b14_C,_4014_,AOI211,0,0,4,2,17,16,203,-2.199999999996649e-05,2.394,1.0639999999998508,0.00321
b14_C,_4015_,AOI221,1,45,5,3,20,15,190,0.003052204081632759,2.926,1.3299999999994725,0.00321
b14_C,_4016_,AOI221,1,42,5,2,21,14,167,-0.0018885306122449208,2.926,1.3299999999994725,0.00321
b14_C,_4018_,OAI221,1,39,5,1,23,12,138,-0.0019371020408163186,2.926,1.3299999999994725,0.00321
b14_C,_4019_,AND2,1,39,2,3,24,11,137,0.0005785306122447764,1.33,0.2660000000000764,0.00321
b14_C,_4020_,AOI221,1,33,5,3,25,10,118,0.002443959183673572,2.926,1.3299999999994725,0.00321
b14_C,_4021_,NOR2,0,0,2,3,17,10,118,-1.2244897962254697e-07,1.33,0.531999999999698,0.00321
b14_C,_4022_,OAI221,1,24,5,2,26,9,85,-0.0016539591836735035,2.926,1.3299999999994725,0.00321
b14_C,_4023_,AOI211,1,21,4,2,27,8,74,0.0007023265306120852,2.394,1.0639999999998508,0.00321
b14_C,_4025_,OR3,1,9,3,3,29,6,30,0.00027424489795913054,1.596,0.2660000000000764,0.00321
b14_C,_4026_,NAND2,0,0,2,2,18,9,58,-2.1877551020343944e-05,1.33,0.531999999999698,0.00321
b14_C,_4027_,OR2,0,0,2,2,20,8,34,0.0,1.33,0.2660000000000764,0.00321
b14_C,_4028_,NOR2,0,0,2,2,18,9,45,0.0,1.33,0.531999999999698,0.00321
b14_C,_4029_,AOI21,0,0,3,2,19,8,34,-2.2367346938834132e-05,1.862,0.7979999999997744,0.00321
b14_C,_4030_,NOR2,0,0,2,1,19,8,22,-1.991836734682728e-05,1.33,0.531999999999698,0.00321
b14_C,_4031_,OAI221,0,0,5,1,21,7,21,-7.1020408163313675e-06,2.926,1.3299999999994725,0.00321
b14_C,_4032_,INV,0,0,1,2,22,6,20,0.0,0.798,0.2660000000000764,0.00321
b14_C,_4033_,AOI21,0,3,3,1,30,5,8,-2.6081632652941167e-05,1.862,0.7979999999997744,0.00321
b14_C,_4034_,XNOR2,0,3,2,3,31,4,7,-0.00010628571428572542,2.66,1.0639999999998508,0.00321
b14_C,_4035_,AOI221,0,1,5,1,32,2,1,-2.0530612244940016e-05,2.926,1.3299999999994725,0.00321
b14_C,_4036_,NAND2,0,0,2,2,11,8,183,-1.873469387758675e-05,1.33,0.531999999999698,0.00321
b14_C,_4037_,AOI21,0,0,3,2,11,8,183,-1.706122448985603e-05,1.862,0.7979999999997744,0.00321
b14_C,_4038_,AND2,0,0,2,1,12,7,117,0.0,1.33,0.2660000000000764,0.00321
b14_C,_4039_,BUF,0,0,1,10,13,6,116,1.2244897962254697e-07,1.064,0.2660000000000764,0.00321
b14_C,_4040_,BUF,0,0,1,10,14,5,57,6.77551020422662e-06,1.064,0.2660000000000764,0.00321
b14_C,_4041_,OAI21,0,0,3,7,12,7,96,8.163265285965338e-08,1.862,0.7979999999997744,0.00321
b14_C,_4042_,BUF,0,0,1,10,13,5,53,5.306122448089923e-07,1.064,0.2660000000000764,0.00321
b14_C,_4043_,NOR2,0,0,2,1,19,10,44,0.0,1.33,0.531999999999698,0.00321
b14_C,_4044_,AOI211,0,6,4,2,22,14,138,8.59183673469488e-05,2.394,1.0639999999998508,0.00321
b14_C,_4046_,NOR2,0,6,2,3,24,12,121,0.0002560816326531157,1.33,0.531999999999698,0.00321
b14_C,_4047_,INV,0,0,1,2,18,12,106,0.0,0.798,0.2660000000000764,0.00321
b14_C,_4048_,AOI211,0,0,4,2,25,11,95,-0.00024236734693872108,2.394,1.0639999999998508,0.00321
b14_C,_4049_,AOI211,0,0,4,3,26,10,87,-1.2244897962254697e-07,2.394,1.0639999999998508,0.00321
b14_C,_4050_,NOR2,0,0,2,2,17,10,78,-1.2244897962254697e-07,1.33,0.531999999999698,0.00321
b14_C,_4051_,OAI211,0,0,4,2,27,9,43,0.0,2.394,1.0639999999998508,0.00321
b14_C,_4052_,NOR2,0,0,2,1,18,14,75,0.0,1.33,0.531999999999698,0.00321
b14_C,_4053_,NOR2,0,0,2,2,19,13,74,0.0,1.33,0.531999999999698,0.00321
b14_C,_4054_,OAI21,0,0,3,1,20,12,46,0.0,1.862,0.7979999999997744,0.00321
b14_C,_4055_,AOI21,0,0,3,2,21,11,45,0.0,1.862,0.7979999999997744,0.00321
b14_C,_4056_,NOR2,0,0,2,1,22,10,35,0.0,1.33,0.531999999999698,0.00321
b14_C,_4057_,NOR2,0,0,2,1,23,9,34,-3.5918367347065328e-06,1.33,0.531999999999698,0.00321
b14_C,_4058_,AOI211,0,0,4,2,28,8,33,0.0,2.394,1.0639999999998508,0.00321
b14_C,_4060_,AOI21,0,0,3,1,30,5,6,0.0,1.862,0.7979999999997744,0.00321
b14_C,_4061_,XOR2,0,0,2,1,31,4,5,-7.387755101895266e-06,2.394,0.7979999999997744,0.00321
b14_C,_4062_,NOR2,0,0,2,7,11,7,100,1.5102040815673234e-06,1.33,0.531999999999698,0.00321
b14_C,_4063_,CLKBUF,0,0,1,10,12,5,54,-1.6326530616339596e-07,1.064,0.2660000000000764,0.00321
b14_C,_4064_,AOI222,0,2,6,2,32,3,4,4.1020408163339184e-05,3.724,1.595999999999549,0.00321
b14_C,_4065_,CLKBUF,0,0,1,10,21,2,10,0.0,1.064,0.2660000000000764,0.00321
b14_C,_4066_,OAI21,0,1,3,0,33,1,0,-0.00014865306122446853,1.862,0.7979999999997744,0.00321
b14_C,_4067_,CLKBUF,0,0,1,10,15,5,24,0.0,1.064,0.2660000000000764,0.00321
b14_C,_4068_,AOI22,0,0,4,1,21,2,1,0.0,2.394,1.0639999999998508,0.00321
b14_C,_4069_,NAND2,0,0,2,1,28,4,5,-0.0002510204081631606,1.33,0.531999999999698,0.00321
b14_C,_4070_,XNOR2,0,0,2,2,29,3,4,0.0,2.66,1.0639999999998508,0.00321
b14_C,_4071_,XNOR2,0,0,2,1,30,4,6,-8.285714285571899e-06,2.66,1.0639999999998508,0.00321
b14_C,_4072_,NAND2,0,0,2,1,21,7,11,0.0,1.33,0.531999999999698,0.00321
b14_C,_4073_,OAI21,0,0,3,1,22,6,10,-2.0326530612013727e-05,1.862,0.7979999999997744,0.00321
b14_C,_4074_,NAND2,1,3,2,1,30,5,9,-9.289795918365762e-05,1.33,0.531999999999698,0.00321
b14_C,_4075_,XNOR2,1,3,2,3,31,4,8,-2.6040816326622362e-05,2.66,1.0639999999998508,0.00321
b14_C,_4076_,AOI222,1,3,6,2,32,3,5,5.457142857157038e-05,3.724,1.595999999999549,0.00322
b14_C,_4077_,BUF,0,0,1,10,12,6,59,2.0040816326671873e-05,1.064,0.2660000000000764,0.00321
b14_C,_4078_,OAI22,0,0,4,2,21,4,7,-2.4122448979424505e-05,2.394,1.0639999999998508,0.00321
b14_C,_4079_,NOR2,0,0,2,8,11,5,31,0.0,1.33,0.531999999999698,0.00321
b14_C,_4080_,AOI21,0,0,3,1,32,3,2,-4.146938775506648e-05,1.862,0.7979999999997744,0.00321
b14_C,_4081_,AND2,0,1,2,1,33,2,1,-6.69795918366578e-05,1.33,0.2660000000000764,0.00321
b14_C,_4082_,OAI221,0,1,5,0,34,1,0,-1.938775510201829e-05,2.926,1.3299999999994725,0.00321
b14_C,_4083_,BUF,0,1,1,10,17,5,39,4.044897959198934e-05,1.064,0.2660000000000764,0.00321
b14_C,_4084_,BUF,0,1,1,10,18,3,20,4.081632653063494e-05,1.064,0.2660000000000764,0.00321
b14_C,_4085_,NAND2,0,0,2,4,12,6,84,-1.6775510204070088e-05,1.33,0.531999999999698,0.00321
b14_C,_4086_,CLKBUF,0,0,1,10,13,5,62,4.2653061224529054e-05,1.064,0.2660000000000764,0.00321
b14_C,_4087_,AOI22,0,0,4,4,11,7,86,-7.897959183678083e-05,2.394,1.0639999999998508,0.00321
b14_C,_4088_,CLKBUF,0,0,1,10,12,6,64,2.1755102040721397e-05,1.064,0.2660000000000764,0.00321
b14_C,_4089_,NOR2,0,0,2,1,29,5,7,-2.4081632654660012e-06,1.33,0.531999999999698,0.00321
b14_C,_4090_,XOR2,0,0,2,1,30,4,6,-4.081632653196721e-06,2.394,0.7979999999997744,0.00321
b14_C,_4091_,OAI21,0,6,3,2,29,6,22,4.1591836734689025e-05,1.862,0.7979999999997744,0.00321
b14_C,_4092_,OAI21,0,3,3,1,30,5,9,-0.0002337551020408224,1.862,0.7979999999997744,0.00321
b14_C,_4093_,XNOR2,0,3,2,3,31,4,8,6.273469387751973e-05,2.66,1.0639999999998508,0.00321
b14_C,_4094_,NAND2,0,0,2,10,12,6,64,2.4489795902304934e-07,1.33,0.531999999999698,0.00321
b14_C,_4095_,OAI222,0,3,6,2,32,3,5,-8.824489795911106e-05,3.724,1.595999999999549,0.00322
b14_C,_4096_,AOI22,0,0,4,2,20,4,7,-2.224489795898954e-05,2.394,1.0639999999998508,0.00321
b14_C,_4097_,OAI21,0,0,3,1,32,3,2,-8.665306122468408e-05,1.862,0.7979999999997744,0.00321
b14_C,_4098_,OAI21,0,1,3,1,33,2,1,-7.910204081640337e-05,1.862,0.7979999999997744,0.00321
b14_C,_4099_,NAND2,0,0,2,10,11,6,106,1.1591836734714533e-05,1.33,0.531999999999698,0.00321
b14_C,_4100_,NOR3,0,0,3,3,15,5,27,-4.693877551043002e-05,1.862,0.7979999999997744,0.00321
b14_C,_4101_,CLKBUF,0,0,1,10,16,3,20,0.0,1.064,0.2660000000000764,0.00321
b14_C,_4102_,XNOR2,0,0,2,2,28,5,7,-0.00031730612244884604,2.66,1.0639999999998508,0.00321
b14_C,_4103_,AOI222,0,0,6,1,29,2,1,0.0,3.724,1.595999999999549,0.00321
b14_C,_4104_,NAND2,0,1,2,0,34,1,0,-1.930612244893659e-05,1.33,0.531999999999698,0.00321
b14_C,_4105_,XNOR2,0,3,2,3,30,5,11,-0.0002816734693877887,2.66,1.0639999999998508,0.00321
b14_C,_4106_,XNOR2,0,0,2,1,27,5,7,-3.2571428571381844e-05,2.66,1.0639999999998508,0.00321
b14_C,_4107_,AOI22,0,3,4,1,31,4,6,-1.1836734694625761e-06,2.394,1.0639999999998508,0.00321
b14_C,_4108_,OAI21,0,3,3,2,32,3,5,-7.212244897947251e-05,1.862,0.7979999999997744,0.00321
b14_C,_4109_,CLKBUF,0,0,1,10,13,6,55,0.0,1.064,0.2660000000000764,0.00321
b14_C,_4110_,AOI22,0,0,4,2,20,4,7,-2.2204081632670736e-05,2.394,1.0639999999998508,0.00321
b14_C,_4111_,NAND2,0,0,2,1,31,4,3,-6.40816326531457e-05,1.33,0.531999999999698,0.00321
b14_C,_4112_,NAND2,0,0,2,1,32,3,2,0.0,1.33,0.531999999999698,0.00321
b14_C,_4113_,OAI21,0,1,3,1,33,2,1,-4.289795918377415e-05,1.862,0.7979999999997744,0.00321
b14_C,_4114_,XNOR2,0,0,2,2,27,5,7,-0.00013963265306116135,2.66,1.0639999999998508,0.00321
b14_C,_4115_,AOI222,0,0,6,1,28,2,1,0.0,3.724,1.595999999999549,0.00321
b14_C,_4116_,NAND2,0,1,2,0,34,1,0,-2.5877551020458966e-05,1.33,0.531999999999698,0.00321
b14_C,_4117_,OAI21,0,0,3,1,28,6,8,0.0,1.862,0.7979999999997744,0.00321
b14_C,_4118_,XNOR2,0,0,2,1,29,5,7,0.0,2.66,1.0639999999998508,0.00321
b14_C,_4119_,XNOR2,0,3,2,3,29,5,8,-0.00032493877551020844,2.66,1.0639999999998508,0.00321
b14_C,_4120_,OAI222,0,3,6,2,30,4,6,-6.383673469367857e-05,3.724,1.595999999999549,0.00322
b14_C,_4121_,AOI22,0,0,4,2,18,4,6,-2.2571428571316332e-05,2.394,1.0639999999998508,0.00321
b14_C,_4122_,OAI21,0,0,3,1,30,3,2,-9.065306122457706e-05,1.862,0.7979999999997744,0.00321
b14_C,_4123_,OAI21,0,1,3,1,31,2,1,-7.53877551020743e-05,1.862,0.7979999999997744,0.00321
b14_C,_4124_,OAI21,0,0,3,1,26,5,7,-9.89795918366898e-05,1.862,0.7979999999997744,0.00321
b14_C,_4125_,AND2,0,0,2,2,27,4,6,-4.7551020408098665e-05,1.33,0.2660000000000764,0.00321
b14_C,_4126_,AOI222,0,0,6,1,28,2,1,0.0,3.724,1.595999999999549,0.00321
b14_C,_4127_,NAND2,0,1,2,0,32,1,0,-1.9428571428559138e-05,1.33,0.531999999999698,0.00321
b14_C,_4128_,NOR2,0,0,2,2,27,8,33,0.0,1.33,0.531999999999698,0.00321
b14_C,_4129_,OAI21,0,0,3,3,28,7,26,0.0,1.862,0.7979999999997744,0.00321
b14_C,_4130_,AOI211,0,0,4,1,29,6,8,0.0,2.394,1.0639999999998508,0.00321
b14_C,_4131_,NOR2,0,0,2,1,30,5,7,0.0,1.33,0.531999999999698,0.00321
b14_C,_4132_,XNOR2,0,0,2,1,31,4,6,-3.673469386455963e-07,2.66,1.0639999999998508,0.00321
b14_C,_4133_,NOR2,0,3,2,1,28,5,9,-0.001341265306122441,1.33,0.531999999999698,0.00321
b14_C,_4134_,XNOR2,0,3,2,3,29,4,8,7.591836734710533e-05,2.66,1.0639999999998508,0.00321
b14_C,_4135_,OAI222,0,3,6,2,32,3,5,-0.00010620408163264372,3.724,1.595999999999549,0.00322
b14_C,_4136_,AOI22,0,0,4,2,18,4,7,-2.224489795898954e-05,2.394,1.0639999999998508,0.00321
b14_C,_4137_,OAI21,0,0,3,1,30,3,2,-0.00010616326530610287,1.862,0.7979999999997744,0.00321
b14_C,_4138_,OAI21,0,1,3,1,33,2,1,-7.000000000023654e-05,1.862,0.7979999999997744,0.00321
b14_C,_4139_,CLKBUF,0,0,1,10,16,4,26,0.0,1.064,0.2660000000000764,0.00321
b14_C,_4140_,NOR2,0,0,2,1,17,3,2,-1.2244897962254697e-07,1.33,0.531999999999698,0.00321
b14_C,_4141_,AOI21,0,0,3,1,21,2,1,0.0,1.862,0.7979999999997744,0.00321
b14_C,_4142_,XNOR2,0,0,2,2,26,4,5,-0.00011608163265308669,2.66,1.0639999999998508,0.00321
b14_C,_4143_,OAI211,0,1,4,0,34,1,0,-3.804081632652334e-05,2.394,1.0639999999998508,0.00321
b14_C,_4144_,NOR2,0,0,2,1,17,3,2,0.0,1.33,0.531999999999698,0.00321
b14_C,_4145_,XNOR2,0,0,2,2,25,4,6,-0.0001932244897959734,2.66,1.0639999999998508,0.00321
b14_C,_4146_,AOI221,0,0,5,1,26,2,1,0.0,2.926,1.3299999999994725,0.00321
b14_C,_4147_,NOR2,0,0,2,1,16,4,6,0.0,1.33,0.531999999999698,0.00321
b14_C,_4148_,AOI21,0,0,3,1,29,5,7,0.0,1.862,0.7979999999997744,0.00321
b14_C,_4149_,XNOR2,0,0,2,1,30,4,6,-1.0081632652925165e-05,2.66,1.0639999999998508,0.00321
b14_C,_4150_,AOI21,0,3,3,1,27,5,9,-0.0005533061224491931,1.862,0.7979999999997744,0.00321
b14_C,_4151_,XNOR2,0,3,2,3,28,4,8,-0.00010199999999982445,2.66,1.0639999999998508,0.00321
b14_C,_4152_,AOI221,0,3,5,2,31,3,5,9.224489795900404e-05,2.926,1.3299999999994725,0.00321
b14_C,_4153_,AOI22,0,0,4,2,18,3,5,-2.281632653078347e-05,2.394,1.0639999999998508,0.00321
b14_C,_4154_,NAND2,0,0,2,1,29,3,2,-6.0122448979349485e-05,1.33,0.531999999999698,0.00321
b14_C,_4155_,AND3,0,1,3,1,32,2,1,-6.342857142871416e-05,1.596,0.2660000000000764,0.00321
b14_C,_4156_,OAI21,0,1,3,0,33,1,0,-1.7510204081583325e-05,1.862,0.7979999999997744,0.00321
b14_C,_4157_,AOI22,0,0,4,1,20,2,1,0.0,2.394,1.0639999999998508,0.00321
b14_C,_4158_,NAND2,0,0,2,1,24,5,6,-0.0001293061224489911,1.33,0.531999999999698,0.00321
b14_C,_4159_,XNOR2,0,0,2,2,25,4,5,0.0,2.66,1.0639999999998508,0.00321
b14_C,_4160_,XNOR2,0,0,2,1,29,6,8,-9.387755101952777e-06,2.66,1.0639999999998508,0.00321
b14_C,_4161_,OAI22,0,0,4,1,30,5,7,-4.081632654084899e-08,2.394,1.0639999999998508,0.00321
b14_C,_4162_,OAI21,0,6,3,2,26,8,22,-0.00150718367346947,1.862,0.7979999999997744,0.00321
b14_C,_4163_,AOI21,0,3,3,1,27,6,10,-6.951020408174635e-05,1.862,0.7979999999997744,0.00321
b14_C,_4164_,XNOR2,0,3,2,3,28,5,9,-0.00010081632653058392,2.66,1.0639999999998508,0.00321
b14_C,_4165_,AOI21,0,1,3,1,31,4,6,-2.897959183667531e-05,1.862,0.7979999999997744,0.00321
b14_C,_4166_,INV,0,1,1,2,32,3,5,-2.122448979613445e-05,0.798,0.2660000000000764,0.00321
b14_C,_4167_,OAI22,0,0,4,2,18,3,5,-1.8448979591800807e-05,2.394,1.0639999999998508,0.00321
b14_C,_4168_,AOI211,0,1,4,1,33,2,1,-3.326530612235423e-05,2.394,1.0639999999998508,0.00321
b14_C,_4169_,OAI221,0,1,5,0,34,1,0,-5.92244897958949e-05,2.926,1.3299999999994725,0.00321
b14_C,_4170_,OAI22,0,0,4,2,16,5,8,-7.265306122272719e-06,2.394,1.0639999999998508,0.00321
b14_C,_4171_,NAND2,0,0,2,1,18,4,3,-1.6571428571587887e-05,1.33,0.531999999999698,0.00321
b14_C,_4172_,AOI22,0,0,4,1,18,4,3,0.0,2.394,1.0639999999998508,0.00321
b14_C,_4173_,XNOR2,0,0,2,2,24,4,6,-0.00016261224489788617,2.66,1.0639999999998508,0.00321
b14_C,_4174_,OAI211,0,0,4,1,25,3,2,0.0,2.394,1.0639999999998508,0.00321
b14_C,_4175_,OAI21,0,3,3,1,27,7,10,-9.277551020403507e-05,1.862,0.7979999999997744,0.00321
b14_C,_4176_,XNOR2,0,3,2,3,28,6,9,-2.632653061218626e-05,2.66,1.0639999999998508,0.00321
b14_C,_4177_,NAND2,0,3,2,1,29,5,7,-2.579591836737727e-05,1.33,0.531999999999698,0.00321
b14_C,_4178_,OAI21,0,0,3,1,27,6,8,-1.0204081632991802e-06,1.862,0.7979999999997744,0.00321
b14_C,_4179_,XOR2,0,0,2,1,28,5,7,-1.2204081632605224e-05,2.394,0.7979999999997744,0.00321
b14_C,_4180_,OAI221,0,3,5,2,30,4,6,-3.5387755102256335e-05,2.926,1.3299999999994725,0.00321
b14_C,_4181_,AOI221,0,1,5,1,31,2,1,-0.00011979591836741577,2.926,1.3299999999994725,0.00321
b14_C,_4182_,INV,0,1,1,0,32,1,0,-3.910204081636337e-05,0.798,0.2660000000000764,0.00321
b14_C,_4183_,XNOR2,0,0,2,2,23,5,8,-0.0004995918367345364,2.66,1.0639999999998508,0.00321
b14_C,_4184_,NAND2,0,0,2,1,24,4,3,0.0,1.33,0.531999999999698,0.00321
b14_C,_4185_,NOR2,0,0,2,5,17,5,18,0.0,1.33,0.531999999999698,0.00321
b14_C,_4186_,AOI222,0,0,6,1,18,4,3,0.0,3.724,1.595999999999549,0.00321
b14_C,_4187_,NAND2,0,0,2,1,25,3,2,0.0,1.33,0.531999999999698,0.00321
b14_C,_4188_,NOR2,0,3,2,1,26,5,8,-0.0019445306122447548,1.33,0.531999999999698,0.00321
b14_C,_4189_,XNOR2,0,3,2,3,27,4,7,-1.5918367346490214e-06,2.66,1.0639999999998508,0.00321
b14_C,_4190_,NOR2,0,0,2,6,19,5,14,-1.3346938775304906e-05,1.33,0.531999999999698,0.00321
b14_C,_4191_,AOI221,0,0,5,1,28,2,1,-0.0001073061224490246,2.926,1.3299999999994725,0.00321
b14_C,_4192_,XOR2,0,0,2,1,28,4,5,0.0,2.394,0.7979999999997744,0.00321
b14_C,_4193_,AOI222,0,3,6,2,29,3,4,9.13877551020903e-05,3.724,1.595999999999549,0.00322
b14_C,_4194_,OAI21,0,1,3,0,30,1,0,-0.0001498775510202499,1.862,0.7979999999997744,0.00321
b14_C,_4195_,OAI22,0,0,4,2,17,5,8,-7.795918367303756e-06,2.394,1.0639999999998508,0.00321
b14_C,_4196_,NOR2,0,0,2,1,22,6,9,-0.00015061224489820724,1.33,0.531999999999698,0.00321
b14_C,_4197_,XNOR2,0,0,2,2,23,5,8,0.0,2.66,1.0639999999998508,0.00321
b14_C,_4198_,AOI21,0,0,3,1,24,4,3,0.0,1.862,0.7979999999997744,0.00321
b14_C,_4199_,NOR2,0,0,2,1,25,3,2,0.0,1.33,0.531999999999698,0.00321
b14_C,_4200_,NOR2,0,0,2,1,17,3,2,0.0,1.33,0.531999999999698,0.00321
b14_C,_4201_,AOI211,0,0,4,1,26,2,1,0.0,2.394,1.0639999999998508,0.00321
b14_C,_4202_,NOR2,0,3,2,1,25,7,8,-0.00044563265306130084,1.33,0.531999999999698,0.00321
b14_C,_4203_,AOI21,0,3,3,1,26,6,7,-9.16734693876542e-05,1.862,0.7979999999997744,0.00321
b14_C,_4204_,XNOR2,0,3,2,3,27,5,6,0.00012828571428591395,2.66,1.0639999999998508,0.00321
b14_C,_4205_,NAND2,0,0,2,8,18,4,10,-2.012244897975357e-05,1.33,0.531999999999698,0.00321
b14_C,_4206_,OAI22,0,3,4,1,28,4,5,-0.00010906122448983702,2.394,1.0639999999998508,0.00321
b14_C,_4207_,NOR2,0,0,2,1,26,5,6,0.0,1.33,0.531999999999698,0.00321
b14_C,_4208_,XNOR2,0,0,2,1,27,4,5,0.0,2.66,1.0639999999998508,0.00321
b14_C,_4209_,AOI21,0,3,3,2,29,3,4,7.722448979596841e-05,1.862,0.7979999999997744,0.00321
b14_C,_4210_,OAI221,0,1,5,0,30,1,0,-0.00026563265306123185,2.926,1.3299999999994725,0.00321
b14_C,_4212_,XNOR2,0,0,2,2,22,4,6,-0.0001905306122449435,2.66,1.0639999999998508,0.00321
b14_C,_4213_,AOI221,0,0,5,1,23,2,1,0.0,2.926,1.3299999999994725,0.00321
b14_C,_4214_,AOI21,0,0,3,2,25,7,9,-0.00023783673469379707,1.862,0.7979999999997744,0.00321
b14_C,_4215_,OAI21,0,0,3,1,26,6,8,0.0,1.862,0.7979999999997744,0.00321
b14_C,_4216_,AOI21,0,0,3,1,27,5,7,0.0,1.862,0.7979999999997744,0.00321
b14_C,_4217_,XNOR2,0,3,2,3,25,5,8,-0.0005558775510203784,2.66,1.0639999999998508,0.00321
b14_C,_4218_,AOI221,0,3,5,2,28,4,6,7.77142857144586e-05,2.926,1.3299999999994725,0.00321
b14_C,_4219_,INV,0,1,1,1,29,3,2,-0.0001582857142856664,0.798,0.2660000000000764,0.00321
b14_C,_4220_,AOI221,0,1,5,1,30,2,1,-7.175510204104896e-05,2.926,1.3299999999994725,0.00321
b14_C,_4221_,OAI21,0,1,3,0,31,1,0,-3.734693877555095e-05,1.862,0.7979999999997744,0.00321
b14_C,_4222_,AOI22,0,0,4,1,18,4,3,0.0,2.394,1.0639999999998508,0.00321
b14_C,_4223_,NAND2,0,0,2,1,18,4,3,0.0,1.33,0.531999999999698,0.00321
b14_C,_4224_,NAND2,0,0,2,1,21,6,9,-0.00026453061224485097,1.33,0.531999999999698,0.00321
b14_C,_4225_,XNOR2,0,0,2,2,22,5,8,-3.673469387566186e-06,2.66,1.0639999999998508,0.00321
b14_C,_4226_,OAI211,0,0,4,1,23,3,2,0.0,2.394,1.0639999999998508,0.00321
b14_C,_4227_,NAND2,0,0,2,1,23,6,9,-0.00248395918367339,1.33,0.531999999999698,0.00321
b14_C,_4228_,OAI21,0,0,3,1,24,5,8,-1.093877551006095e-05,1.862,0.7979999999997744,0.00321
b14_C,_4229_,XNOR2,0,0,2,3,25,4,7,-1.3469387754039275e-06,2.66,1.0639999999998508,0.00321
b14_C,_4230_,AOI221,0,0,5,1,26,2,1,-1.2163265306064375e-05,2.926,1.3299999999994725,0.00321
b14_C,_4231_,AOI21,0,6,3,2,25,7,14,-0.00011534693877557345,1.862,0.7979999999997744,0.00321
b14_C,_4232_,NAND2,0,3,2,1,26,6,7,-6.579591836719523e-05,1.33,0.531999999999698,0.00321
b14_C,_4233_,NAND2,0,3,2,1,27,5,6,-2.3632653061378406e-05,1.33,0.531999999999698,0.00321
b14_C,_4234_,XNOR2,0,3,2,1,28,4,5,-2.8897959183593613e-05,2.66,1.0639999999998508,0.00321
b14_C,_4235_,AOI222,0,3,6,2,29,3,4,6.983673469407314e-05,3.724,1.595999999999549,0.00322
b14_C,_4236_,OAI21,0,1,3,0,30,1,0,-0.00013893877551018896,1.862,0.7979999999997744,0.00321
b14_C,_4237_,AOI222,0,0,6,1,18,4,3,0.0,3.724,1.595999999999549,0.00321
b14_C,_4238_,XNOR2,0,0,2,2,21,5,8,-0.0003324897959182671,2.66,1.0639999999998508,0.00321
b14_C,_4239_,OAI21,0,0,3,1,22,3,2,0.0,1.862,0.7979999999997744,0.00321
b14_C,_4240_,XOR2,0,0,2,3,23,4,7,-0.0028242448979591828,2.394,0.7979999999997744,0.00321
b14_C,_4241_,AOI221,0,0,5,1,24,2,1,-1.8204081632555713e-05,2.926,1.3299999999994725,0.00321
b14_C,_4242_,XOR2,0,3,2,1,26,4,5,-0.00011477551020400156,2.394,0.7979999999997744,0.00321
b14_C,_4243_,AOI222,0,3,6,2,27,3,4,9.07346938778808e-05,3.724,1.595999999999549,0.00322
b14_C,_4244_,OAI21,0,1,3,0,28,1,0,-0.00013902040816327066,1.862,0.7979999999997744,0.00321
b14_C,_4245_,XNOR2,0,0,2,2,20,4,7,-0.0001640816326531347,2.66,1.0639999999998508,0.00321
b14_C,_4246_,NOR2,0,0,2,1,21,3,2,0.0,1.33,0.531999999999698,0.00321
b14_C,_4247_,AOI21,0,0,3,1,22,2,1,0.0,1.862,0.7979999999997744,0.00321
b14_C,_4248_,NOR2,0,3,2,1,22,6,8,-0.000883959183673344,1.33,0.531999999999698,0.00321
b14_C,_4249_,XNOR2,0,3,2,3,23,5,7,-0.00010812244897961953,2.66,1.0639999999998508,0.00321
b14_C,_4250_,AOI22,0,3,4,1,24,4,6,-6.530612244759482e-06,2.394,1.0639999999998508,0.00321
b14_C,_4251_,XNOR2,0,0,2,1,24,4,6,-0.00015363265306111984,2.66,1.0639999999998508,0.00321
b14_C,_4252_,OAI221,0,3,5,2,25,3,5,-9.653061224468296e-05,2.926,1.3299999999994725,0.00321
b14_C,_4253_,AOI221,0,1,5,1,26,2,1,-0.00010934693877540091,2.926,1.3299999999994725,0.00322
b14_C,_4254_,OAI221,0,1,5,0,27,1,0,-5.9673469387844236e-05,2.926,1.3299999999994725,0.00321
b14_C,_4255_,NAND2,0,0,2,1,18,4,3,0.0,1.33,0.531999999999698,0.00321
b14_C,_4256_,XNOR2,0,0,2,2,19,4,6,-0.0005032653061225467,2.66,1.0639999999998508,0.00321
b14_C,_4257_,OAI221,0,0,5,1,20,3,2,-7.346938775132372e-07,2.926,1.3299999999994725,0.00321
b14_C,_4258_,AOI21,0,3,3,1,21,7,10,-0.002591387755102037,1.862,0.7979999999997744,0.00321
b14_C,_4259_,XNOR2,0,3,2,3,22,6,9,-2.7714285714353082e-05,2.66,1.0639999999998508,0.00321
b14_C,_4260_,AOI221,0,0,5,1,23,2,1,-5.673469387756924e-05,2.926,1.3299999999994725,0.00321
b14_C,_4261_,AOI22,0,3,4,1,23,5,6,-1.273469387763626e-05,2.394,1.0639999999998508,0.00321
b14_C,_4262_,NOR2,0,0,2,1,23,6,7,-0.0005624897959182196,1.33,0.531999999999698,0.00321
b14_C,_4263_,XNOR2,0,0,2,1,24,5,6,0.0,2.66,1.0639999999998508,0.00321
b14_C,_4264_,OAI21,0,3,3,1,25,4,5,-8.293877551013296e-05,1.862,0.7979999999997744,0.00321
b14_C,_4265_,AOI21,0,3,3,2,26,3,4,5.983673469400763e-05,1.862,0.7979999999997744,0.00321
b14_C,_4266_,OAI21,0,1,3,0,27,1,0,-0.00010057142857156087,1.862,0.7979999999997744,0.00321
b14_C,_4267_,NOR2,0,0,2,1,17,3,2,0.0,1.33,0.531999999999698,0.00321
b14_C,_4268_,AOI21,0,0,3,1,21,2,1,0.0,1.862,0.7979999999997744,0.00321
b14_C,_4269_,NOR2,0,0,2,1,18,6,7,-0.00010677551020399356,1.33,0.531999999999698,0.00321
b14_C,_4270_,XNOR2,0,0,2,2,19,5,6,-2.0408163248220035e-07,2.66,1.0639999999998508,0.00321
b14_C,_4271_,NOR2,0,3,2,1,23,6,8,5.183673469399963e-05,1.33,0.531999999999698,0.00321
b14_C,_4272_,XNOR2,0,3,2,1,24,5,7,-0.0001503673469387401,2.66,1.0639999999998508,0.00321
b14_C,_4273_,AOI21,0,0,3,1,21,6,10,-0.0027541224489795457,1.862,0.7979999999997744,0.00321
b14_C,_4274_,XNOR2,0,0,2,3,22,5,9,0.0,2.66,1.0639999999998508,0.00321
b14_C,_4275_,AOI222,0,3,6,2,25,4,6,7.812244897964504e-05,3.724,1.595999999999549,0.00322
b14_C,_4276_,NAND2,0,0,2,1,23,4,3,0.0,1.33,0.531999999999698,0.00321
b14_C,_4277_,NAND2,0,0,2,2,17,5,8,-1.4448979591685784e-05,1.33,0.531999999999698,0.00321
b14_C,_4278_,NAND3,0,1,3,1,26,3,2,-0.00013579591836720972,1.862,0.7979999999997744,0.00321
b14_C,_4279_,AOI21,0,1,3,1,27,2,1,-9.428571428493626e-06,1.862,0.7979999999997744,0.00321
b14_C,_4280_,OAI221,0,1,5,0,28,1,0,-3.816326530614589e-05,2.926,1.3299999999994725,0.00321
b14_C,_4281_,NOR2,0,0,2,1,17,3,2,0.0,1.33,0.531999999999698,0.00321
b14_C,_4282_,NOR2,0,0,2,1,18,4,3,-1.914285714299524e-05,1.33,0.531999999999698,0.00321
b14_C,_4283_,AOI22,0,0,4,2,16,5,8,-2.093877551012646e-05,2.394,1.0639999999998508,0.00321
b14_C,_4284_,AOI21,0,0,3,1,19,3,2,-2.032653061223577e-05,1.862,0.7979999999997744,0.00321
b14_C,_4285_,AOI21,0,0,3,1,20,6,11,-0.0008120816326528946,1.862,0.7979999999997744,0.00321
b14_C,_4286_,XOR2,0,0,2,3,21,5,10,-6.122448979573036e-06,2.394,0.7979999999997744,0.00321
b14_C,_4287_,XNOR2,0,0,2,2,18,4,6,-0.00013567346938758718,2.66,1.0639999999998508,0.00321
b14_C,_4288_,OAI22,0,0,4,1,22,3,2,-1.4693877550264745e-06,2.394,1.0639999999998508,0.00321
b14_C,_4289_,NOR3,0,0,3,1,23,2,1,0.0,1.862,0.7979999999997744,0.00321
b14_C,_4290_,OAI22,0,0,4,1,22,4,5,-2.3795918367319757e-05,2.394,1.0639999999998508,0.00321
b14_C,_4291_,NAND2,0,3,2,1,22,5,6,-0.00033648979591838213,1.33,0.531999999999698,0.00321
b14_C,_4292_,XOR2,0,3,2,1,23,4,5,-5.5428571428706164e-05,2.394,0.7979999999997744,0.00321
b14_C,_4293_,AOI21,0,3,3,2,24,3,4,3.453061224512055e-05,1.862,0.7979999999997744,0.00321
b14_C,_4294_,OAI21,0,1,3,0,25,1,0,-7.869387755099488e-05,1.862,0.7979999999997744,0.00321
b14_C,_4295_,OR2,0,0,2,1,17,6,9,-6.342857142849212e-05,1.33,0.2660000000000764,0.00321
b14_C,_4296_,XNOR2,0,0,2,2,18,5,8,0.0,2.66,1.0639999999998508,0.00321
b14_C,_4297_,AOI22,0,0,4,2,17,5,8,-2.14693877551575e-05,2.394,1.0639999999998508,0.00321
b14_C,_4298_,OAI222,0,0,6,1,19,3,2,0.0,3.724,1.595999999999549,0.00321
b14_C,_4299_,INV,0,0,1,1,16,6,9,0.0,0.798,0.2660000000000764,0.00321
b14_C,_4300_,NOR2,0,0,2,2,19,8,27,-0.0008286122448979416,1.33,0.531999999999698,0.00321
b14_C,_4301_,OAI21,0,0,3,1,20,7,18,-2.0897959183807657e-05,1.862,0.7979999999997744,0.00321
b14_C,_4302_,NAND2,0,0,2,2,21,6,17,0.0,1.33,0.531999999999698,0.00321
b14_C,_4303_,OAI21,0,0,3,1,22,5,8,0.0,1.862,0.7979999999997744,0.00321
b14_C,_4304_,XNOR2,0,0,2,3,23,4,7,0.0,2.66,1.0639999999998508,0.00321
b14_C,_4305_,AOI221,0,0,5,1,24,2,1,0.0,2.926,1.3299999999994725,0.00321
b14_C,_4306_,OAI22,0,3,4,1,21,5,6,-0.0014273469387755533,2.394,1.0639999999998508,0.00321
b14_C,_4307_,XOR2,0,3,2,1,22,4,5,-8.889795918376464e-05,2.394,0.7979999999997744,0.00321
b14_C,_4308_,AOI222,0,3,6,2,24,3,4,7.142857142850012e-05,3.724,1.595999999999549,0.00322
b14_C,_4309_,OAI21,0,1,3,0,25,1,0,-0.00013902040816327066,1.862,0.7979999999997744,0.00321
b14_C,_4310_,XNOR2,0,0,2,2,17,5,8,-0.00018612244897964203,2.66,1.0639999999998508,0.00321
b14_C,_4311_,AOI22,0,0,4,2,15,5,8,-2.248979591845668e-05,2.394,1.0639999999998508,0.00321
b14_C,_4312_,OAI222,0,0,6,1,18,3,2,0.0,3.724,1.595999999999549,0.00321
b14_C,_4313_,XOR2,0,0,2,3,22,4,7,-1.5918367346490214e-06,2.394,0.7979999999997744,0.00321
b14_C,_4314_,AOI221,0,0,5,1,23,2,1,0.0,2.926,1.3299999999994725,0.00321
b14_C,_4315_,NOR2,0,3,2,1,21,5,6,-0.0013086938775508372,1.33,0.531999999999698,0.00321
b14_C,_4316_,XOR2,0,3,2,1,22,4,5,-7.114285714271418e-05,2.394,0.7979999999997744,0.00321
b14_C,_4317_,AOI222,0,3,6,2,23,3,4,8.232653061246431e-05,3.724,1.595999999999549,0.00322
b14_C,_4318_,OAI21,0,1,3,0,24,1,0,-0.00013902040816327066,1.862,0.7979999999997744,0.00321
b14_C,_4319_,NOR2,0,0,2,2,16,6,9,0.0,1.33,0.531999999999698,0.00321
b14_C,_4320_,MUX2,0,0,3,1,17,5,4,-1.648979591850619e-05,2.394,0.531999999999698,0.00321
b14_C,_4321_,AOI21,0,0,3,1,20,4,3,-3.175510204078691e-05,1.862,0.7979999999997744,0.00321
b14_C,_4322_,NAND2,0,0,2,1,16,6,9,-0.0001368571428572718,1.33,0.531999999999698,0.00321
b14_C,_4323_,XNOR2,0,0,2,2,17,5,8,-4.081632654084899e-08,2.66,1.0639999999998508,0.00321
b14_C,_4324_,OAI221,0,0,5,1,21,3,2,0.0,2.926,1.3299999999994725,0.00321
b14_C,_4325_,XNOR2,0,0,2,3,20,4,7,-4.897959184901879e-07,2.66,1.0639999999998508,0.00321
b14_C,_4326_,AOI21,0,0,3,1,22,2,1,0.0,1.862,0.7979999999997744,0.00321
b14_C,_4327_,NOR2,0,3,2,1,20,5,6,-0.0005158775510203384,1.33,0.531999999999698,0.00321
b14_C,_4328_,XOR2,0,3,2,1,21,4,5,-0.00012004081632643882,2.394,0.7979999999997744,0.00321
b14_C,_4329_,AOI222,0,3,6,2,22,3,4,8.03265306124068e-05,3.724,1.595999999999549,0.00322
b14_C,_4330_,OAI21,0,1,3,0,23,1,0,-0.00014865306122446853,1.862,0.7979999999997744,0.00321
b14_C,_4331_,NOR2,0,0,2,1,16,5,4,0.0,1.33,0.531999999999698,0.00321
b14_C,_4332_,AOI21,0,0,3,1,19,4,3,0.0,1.862,0.7979999999997744,0.00321
b14_C,_4333_,XNOR2,0,0,2,2,16,4,7,-0.0001716734693877342,2.66,1.0639999999998508,0.00321
b14_C,_4334_,AOI22,0,0,4,1,16,4,3,-1.681632653083298e-05,2.394,1.0639999999998508,0.00321
b14_C,_4335_,OAI221,0,0,5,1,20,3,2,0.0,2.926,1.3299999999994725,0.00321
b14_C,_4336_,AOI21,0,3,3,1,19,5,7,-0.0016151836734692449,1.862,0.7979999999997744,0.00321
b14_C,_4337_,XNOR2,0,3,2,1,20,4,6,-5.5020408163297674e-05,2.66,1.0639999999998508,0.00321
b14_C,_4338_,AOI21,0,0,3,1,18,5,8,-0.002409020408163265,1.862,0.7979999999997744,0.00321
b14_C,_4339_,XOR2,0,0,2,3,19,4,7,-3.877551020270431e-06,2.394,0.7979999999997744,0.00321
b14_C,_4340_,OAI222,0,3,6,2,21,3,5,-4.04489795917673e-05,3.724,1.595999999999549,0.00322
b14_C,_4341_,AOI21,0,1,3,1,22,2,1,-7.877551020407658e-05,1.862,0.7979999999997744,0.00321
b14_C,_4342_,OAI21,0,1,3,0,23,1,0,-2.0612244898021714e-05,1.862,0.7979999999997744,0.00321
b14_C,_4343_,NAND2,0,0,2,2,14,4,6,-4.342857142858314e-05,1.33,0.531999999999698,0.00321
b14_C,_4344_,OAI211,0,0,4,1,18,3,2,-1.9387755102240334e-05,2.394,1.0639999999998508,0.00321
b14_C,_4345_,OAI21,0,0,3,1,19,2,1,-1.7428571428501627e-05,1.862,0.7979999999997744,0.00321
b14_C,_4346_,NAND2,0,0,2,1,15,7,17,-2.1142857142830707e-05,1.33,0.531999999999698,0.00321
b14_C,_4347_,NAND2,0,0,2,2,17,6,16,-0.0009590204081630915,1.33,0.531999999999698,0.00321
b14_C,_4348_,INV,0,0,1,1,16,6,9,0.0,0.798,0.2660000000000764,0.00321
b14_C,_4349_,AOI21,0,0,3,1,18,5,8,-0.0013521224489796424,1.862,0.7979999999997744,0.00321
b14_C,_4350_,XOR2,0,0,2,3,19,4,7,0.0,2.394,0.7979999999997744,0.00321
b14_C,_4351_,XNOR2,0,0,2,2,15,4,6,-0.0006996326530612773,2.66,1.0639999999998508,0.00321
b14_C,_4352_,AOI22,0,0,4,1,20,2,1,0.0,2.394,1.0639999999998508,0.00321
b14_C,_4353_,XNOR2,0,3,2,1,19,5,6,-0.0020005306122448108,2.66,1.0639999999998508,0.00321
b14_C,_4354_,OAI222,0,3,6,1,20,4,5,-0.00028216326530605684,3.724,1.595999999999549,0.00321
b14_C,_4355_,AOI21,0,3,3,2,21,3,4,6.289795918368313e-05,1.862,0.7979999999997744,0.00321
b14_C,_4356_,OAI211,0,1,4,0,22,1,0,-0.00012538775510195777,2.394,1.0639999999998508,0.00321
b14_C,_4357_,NOR2,0,0,2,1,17,3,2,0.0,1.33,0.531999999999698,0.00321
b14_C,_4358_,NOR2,0,0,2,2,14,6,16,-0.0001444897959181901,1.33,0.531999999999698,0.00321
b14_C,_4359_,AOI21,0,0,3,1,16,5,7,0.0,1.862,0.7979999999997744,0.00321
b14_C,_4360_,NOR2,0,0,2,2,17,4,6,-0.0004525714285714688,1.33,0.531999999999698,0.00321
b14_C,_4361_,AOI221,0,0,5,1,19,2,1,0.0,2.926,1.3299999999994725,0.00321
b14_C,_4362_,XNOR2,0,0,2,3,18,5,6,1.3469387754039275e-06,2.66,1.0639999999998508,0.00321
b14_C,_4363_,AOI22,0,0,4,1,15,5,6,-4.489795918338757e-05,2.394,1.0639999999998508,0.00321
b14_C,_4364_,NOR2,0,3,2,1,18,6,7,-0.0007883265306123377,1.33,0.531999999999698,0.00321
b14_C,_4365_,XNOR2,0,3,2,1,19,5,6,-8.302040816321465e-05,2.66,1.0639999999998508,0.00321
b14_C,_4366_,OAI221,0,3,5,1,20,4,5,-6.040816326535747e-05,2.926,1.3299999999994725,0.00322
b14_C,_4367_,AOI21,0,3,3,2,21,3,4,6.244897959195583e-05,1.862,0.7979999999997744,0.00321
b14_C,_4368_,OAI221,0,1,5,0,22,1,0,-0.000137061224489754,2.926,1.3299999999994725,0.00321
b14_C,_4369_,AOI21,0,3,3,1,17,5,7,-0.002236408163265091,1.862,0.7979999999997744,0.00321
b14_C,_4370_,XNOR2,0,3,2,1,18,4,6,-4.620408163291678e-05,2.66,1.0639999999998508,0.00321
b14_C,_4371_,NOR3,0,0,3,1,16,5,8,-0.0032955510204080163,1.862,0.7979999999997744,0.00321
b14_C,_4372_,XOR2,0,0,2,3,18,4,7,-3.265306123267919e-07,2.394,0.7979999999997744,0.00321
b14_C,_4373_,OAI222,0,3,6,2,19,3,5,-9.277551020403507e-05,3.724,1.595999999999549,0.00322
b14_C,_4374_,OAI221,0,0,5,1,18,3,2,-0.00023959183673483153,2.926,1.3299999999994725,0.00321
b14_C,_4375_,OAI22,0,1,4,1,20,2,1,-8.734693877565647e-05,2.394,1.0639999999998508,0.00321
b14_C,_4376_,XNOR2,0,0,2,2,15,5,7,0.0,2.66,1.0639999999998508,0.00321
b14_C,_4377_,AOI22,0,0,4,1,17,2,1,0.0,2.394,1.0639999999998508,0.00321
b14_C,_4378_,OAI211,0,1,4,0,21,1,0,-3.7836734693819096e-05,2.394,1.0639999999998508,0.00321
b14_C,_4379_,INV,0,0,1,1,1,4,3,0.0,0.798,0.2660000000000764,0.00321
b14_C,_4380_,OAI22,0,0,4,1,17,3,2,-3.428571428587546e-05,2.394,1.0639999999998508,0.00321
b14_C,_4381_,XNOR2,0,0,2,2,14,4,6,-0.00018346938775515298,2.66,1.0639999999998508,0.00321
b14_C,_4382_,AOI221,0,0,5,1,20,2,1,-2.122448979613445e-05,2.926,1.3299999999994725,0.00321
b14_C,_4383_,NAND2,0,0,2,2,15,8,20,-0.0011644081632651293,1.33,0.531999999999698,0.00321
b14_C,_4384_,AOI21,0,3,3,1,16,7,8,-0.0004824897959183616,1.862,0.7979999999997744,0.00321
b14_C,_4385_,AOI21,0,3,3,1,17,6,7,2.718367346954409e-05,1.862,0.7979999999997744,0.00321
b14_C,_4386_,XOR2,0,3,2,3,18,5,6,2.8734693877430217e-05,2.394,0.7979999999997744,0.00321
b14_C,_4387_,OAI222,0,3,6,1,19,4,5,-9.526530612258277e-05,3.724,1.595999999999549,0.00321
b14_C,_4388_,XOR2,0,0,2,1,17,4,5,-0.0027237551020407036,2.394,0.7979999999997744,0.00321
b14_C,_4389_,AOI21,0,3,3,2,20,3,4,6.338775510217332e-05,1.862,0.7979999999997744,0.00321
b14_C,_4390_,OAI221,0,1,5,0,21,1,0,-0.0002742040816325897,2.926,1.3299999999994725,0.00321
b14_C,_4391_,NAND2,0,3,2,3,15,7,13,1.2979591836437265e-05,1.33,0.531999999999698,0.00321
b14_C,_4392_,OAI21,0,0,3,1,17,6,9,-4.053061224507104e-05,1.862,0.7979999999997744,0.00321
b14_C,_4393_,AOI21,0,0,3,1,18,5,8,-4.1795918367615315e-05,1.862,0.7979999999997744,0.00321
b14_C,_4394_,XNOR2,0,3,2,3,16,6,10,0.00012722448979585188,2.66,1.0639999999998508,0.00321
b14_C,_4395_,OAI22,0,3,4,1,17,5,8,-0.00011404081632671037,2.394,1.0639999999998508,0.00321
b14_C,_4396_,AOI211,0,3,4,2,19,4,7,-0.00047485714285722125,2.394,1.0639999999998508,0.00321
b14_C,_4397_,CLKBUF,0,0,1,10,12,5,46,2.4489795917848056e-06,1.064,0.2660000000000764,0.00321
b14_C,_4398_,OAI21,0,0,3,1,14,5,8,-0.0005002857142855088,1.862,0.7979999999997744,0.00321
b14_C,_4399_,NAND3,0,0,3,2,15,4,7,-0.00014085714285716477,1.862,0.7979999999997744,0.00321
b14_C,_4400_,OAI21,0,1,3,1,20,3,2,-0.0001695510204082762,1.862,0.7979999999997744,0.00321
b14_C,_4401_,NAND2,0,1,2,1,21,2,1,-3.2489795918300146e-05,1.33,0.531999999999698,0.00321
b14_C,_4402_,AOI222,0,0,6,1,20,2,1,-0.00021351020408144628,3.724,1.595999999999549,0.00321
b14_C,_4403_,OAI211,0,1,4,0,22,1,0,-0.000140000000000029,2.394,1.0639999999998508,0.00321
b14_C,_4404_,NAND2,0,0,2,1,13,6,10,-8.983673469398212e-05,1.33,0.531999999999698,0.00321
b14_C,_4405_,XNOR2,0,0,2,3,17,5,9,-6.632653061222626e-05,2.66,1.0639999999998508,0.00321
b14_C,_4406_,AOI22,0,0,4,1,20,2,1,0.0,2.394,1.0639999999998508,0.00321
b14_C,_4407_,AOI22,0,0,4,1,13,6,8,-8.979591836744127e-05,2.394,1.0639999999998508,0.00321
b14_C,_4408_,XOR2,0,3,2,1,17,6,8,-2.93877551020838e-05,2.394,0.7979999999997744,0.00321
b14_C,_4409_,OAI221,0,3,5,1,18,5,7,-0.00012122448979612344,2.926,1.3299999999994725,0.00321
b14_C,_4410_,AOI21,0,3,3,2,19,4,6,4.4081632653236724e-05,1.862,0.7979999999997744,0.00321
b14_C,_4411_,AOI21,0,0,3,1,13,5,7,-0.00020599999999992846,1.862,0.7979999999997744,0.00321
b14_C,_4412_,OAI21,0,0,3,2,14,4,6,-0.00020722448979615393,1.862,0.7979999999997744,0.00321
b14_C,_4413_,OAI211,0,1,4,1,20,3,2,-0.00015130612244917963,2.394,1.0639999999998508,0.00321
b14_C,_4414_,OAI21,0,1,3,1,21,2,1,-2.8530612244948017e-05,1.862,0.7979999999997744,0.00321
b14_C,_4415_,NAND2,0,1,2,0,22,1,0,-1.4938775510398017e-05,1.33,0.531999999999698,0.00321
b14_C,_4416_,AOI21,0,0,3,1,11,6,8,0.0,1.862,0.7979999999997744,0.00321
b14_C,_4417_,NOR3,0,2,3,1,14,5,7,-5.714285714275569e-05,1.862,0.7979999999997744,0.00321
b14_C,_4418_,AOI21,0,2,3,2,15,4,6,-0.0006512244897958208,1.862,0.7979999999997744,0.00321
b14_C,_4419_,OAI211,0,0,4,1,18,3,2,-0.0001641224489794535,2.394,1.0639999999998508,0.00321
b14_C,_4420_,OAI21,0,1,3,1,19,2,1,-2.081632653361254e-06,1.862,0.7979999999997744,0.00321
b14_C,_4421_,OAI21,0,0,3,1,18,2,1,-2.0653061224784608e-05,1.862,0.7979999999997744,0.00321
b14_C,_4422_,OAI211,0,1,4,0,20,1,0,-2.453061224505504e-05,2.394,1.0639999999998508,0.00321
b14_C,_4423_,NAND2,0,32,2,5,15,3,35,-0.00010926530612254126,1.33,0.531999999999698,0.00321
b14_C,_4424_,BUF,0,10,1,10,16,2,10,0.00011322448979567135,1.064,0.2660000000000764,0.00321
b14_C,_4425_,AND2,0,1,2,0,17,1,0,-4.0000000000040004e-05,1.33,0.2660000000000764,0.00321
b14_C,_4426_,AND2,0,1,2,0,17,1,0,-4.0000000000040004e-05,1.33,0.2660000000000764,0.00321
b14_C,_4427_,AND2,0,1,2,0,17,1,0,-4.0000000000040004e-05,1.33,0.2660000000000764,0.00321
b14_C,_4428_,AND2,0,1,2,0,17,1,0,-4.0000000000040004e-05,1.33,0.2660000000000764,0.00321
b14_C,_4429_,AND2,0,1,2,0,17,1,0,-4.0000000000040004e-05,1.33,0.2660000000000764,0.00321
b14_C,_4430_,AND2,0,1,2,0,17,1,0,-4.0000000000040004e-05,1.33,0.2660000000000764,0.00321
b14_C,_4431_,AND2,0,1,2,0,17,1,0,-4.0000000000040004e-05,1.33,0.2660000000000764,0.00321
b14_C,_4432_,AND2,0,1,2,0,17,1,0,-4.0000000000040004e-05,1.33,0.2660000000000764,0.00321
b14_C,_4433_,AND2,0,1,2,0,17,1,0,-4.0000000000040004e-05,1.33,0.2660000000000764,0.00321
b14_C,_4434_,BUF,0,10,1,10,16,2,10,9.616326530603736e-05,1.064,0.2660000000000764,0.00321
b14_C,_4435_,AND2,0,1,2,0,17,1,0,-4.020408163274425e-05,1.33,0.2660000000000764,0.00321
b14_C,_4436_,AND2,0,1,2,0,17,1,0,-4.020408163274425e-05,1.33,0.2660000000000764,0.00321
b14_C,_4437_,AND2,0,1,2,0,17,1,0,-4.020408163274425e-05,1.33,0.2660000000000764,0.00321
b14_C,_4438_,AND2,0,1,2,0,17,1,0,-4.020408163274425e-05,1.33,0.2660000000000764,0.00321
b14_C,_4439_,AND2,0,1,2,0,17,1,0,-4.020408163274425e-05,1.33,0.2660000000000764,0.00321
b14_C,_4440_,AND2,0,1,2,0,17,1,0,-4.020408163274425e-05,1.33,0.2660000000000764,0.00321
b14_C,_4441_,AND2,0,1,2,0,17,1,0,-4.020408163274425e-05,1.33,0.2660000000000764,0.00321
b14_C,_4442_,AND2,0,1,2,0,17,1,0,-4.020408163274425e-05,1.33,0.2660000000000764,0.00321
b14_C,_4443_,AND2,0,1,2,0,17,1,0,-4.020408163274425e-05,1.33,0.2660000000000764,0.00321
b14_C,_4444_,AND2,0,1,2,0,17,1,0,-4.020408163274425e-05,1.33,0.2660000000000764,0.00321
b14_C,_4445_,BUF,0,10,1,10,16,2,10,9.616326530603736e-05,1.064,0.2660000000000764,0.00321
b14_C,_4446_,AND2,0,1,2,0,17,1,0,-4.020408163274425e-05,1.33,0.2660000000000764,0.00321
b14_C,_4447_,AND2,0,1,2,0,17,1,0,-4.020408163274425e-05,1.33,0.2660000000000764,0.00321
b14_C,_4448_,AND2,0,1,2,0,17,1,0,-4.020408163274425e-05,1.33,0.2660000000000764,0.00321
b14_C,_4449_,AND2,0,1,2,0,17,1,0,-4.020408163274425e-05,1.33,0.2660000000000764,0.00321
b14_C,_4450_,AND2,0,1,2,0,17,1,0,-4.020408163274425e-05,1.33,0.2660000000000764,0.00321
b14_C,_4451_,AND2,0,1,2,0,17,1,0,-4.020408163274425e-05,1.33,0.2660000000000764,0.00321
b14_C,_4452_,AND2,0,1,2,0,17,1,0,-4.020408163274425e-05,1.33,0.2660000000000764,0.00321
b14_C,_4453_,AND2,0,1,2,0,17,1,0,-4.020408163274425e-05,1.33,0.2660000000000764,0.00321
b14_C,_4454_,AND2,0,1,2,0,17,1,0,-4.020408163274425e-05,1.33,0.2660000000000764,0.00321
b14_C,_4455_,AND2,0,1,2,0,17,1,0,-4.020408163274425e-05,1.33,0.2660000000000764,0.00321
b14_C,_4456_,AND2,0,1,2,0,16,1,0,-0.0002885714285711938,1.33,0.2660000000000764,0.00321
b14_C,_4457_,NAND2,0,0,2,1,5,2,1,-1.4244897959203584e-05,1.33,0.531999999999698,0.00321
b14_C,_4458_,NAND3,0,0,3,1,4,2,1,-2.8571428571932955e-06,1.862,0.7979999999997744,0.00321
b14_C,_4459_,OAI21,0,1,3,0,10,1,0,-0.0019493469387754647,1.862,0.7979999999997744,0.00321
b14_C,_4460_,NAND3,0,1,3,1,12,2,1,-0.00026722448979588087,1.862,0.7979999999997744,0.00321
b14_C,_4461_,INV,0,0,1,1,1,2,1,0.0,0.798,0.2660000000000764,0.00321
b14_C,_4462_,OAI21,0,1,3,0,13,1,0,-2.1918367346884793e-05,1.862,0.7979999999997744,0.00321
b14_C,_4463_,CLKBUF,0,0,1,10,3,2,10,-1.9224489795854893e-05,1.064,0.2660000000000764,0.00321
b14_C,_4464_,MUX2,0,1,3,0,12,1,0,6.040816326713383e-06,2.394,0.531999999999698,0.00321
b14_C,_4465_,MUX2,0,1,3,0,12,1,0,1.3591836734772045e-05,2.394,0.531999999999698,0.00321
b14_C,_4466_,MUX2,0,1,3,0,11,1,0,8.693877550980389e-06,2.394,0.531999999999698,0.00321
b14_C,_4467_,NAND2,0,0,2,1,5,2,1,-1.4244897959203584e-05,1.33,0.531999999999698,0.00321
b14_C,_4468_,OAI21,0,1,3,0,10,1,0,-0.0013277959183675137,1.862,0.7979999999997744,0.00321
b14_C,_4469_,NOR2,0,0,2,1,4,2,1,-1.4285714284856255e-06,1.33,0.531999999999698,0.00321
b14_C,_4470_,AOI21,0,1,3,0,10,1,0,-2.1346938775312907e-05,1.862,0.7979999999997744,0.00321
b14_C,_4471_,NOR2,0,0,2,1,4,2,1,-1.4285714284856255e-06,1.33,0.531999999999698,0.00321
b14_C,_4472_,AOI21,0,1,3,0,10,1,0,-9.073469387765876e-05,1.862,0.7979999999997744,0.00321
b14_C,_4473_,MUX2,0,1,3,0,13,1,0,9.551020408338218e-06,2.394,0.531999999999698,0.00321
b14_C,_4474_,MUX2,0,1,3,0,10,1,0,1.3346938775526951e-05,2.394,0.531999999999698,0.00321
b14_C,_4475_,MUX2,0,1,3,0,10,1,0,1.1877551020278432e-05,2.394,0.531999999999698,0.00321
b14_C,_4476_,MUX2,0,1,3,0,11,1,0,9.591836734657022e-06,2.394,0.531999999999698,0.00321
b14_C,_4477_,MUX2,0,1,3,0,10,1,0,9.183673469470577e-06,2.394,0.531999999999698,0.00321
b14_C,_4478_,MUX2,0,1,3,0,9,1,0,1.5755102040548863e-05,2.394,0.531999999999698,0.00321
b14_C,_4479_,MUX2,0,1,3,0,8,1,0,6.408163265358979e-06,2.394,0.531999999999698,0.00321
b14_C,_4480_,CLKBUF,0,0,1,10,2,2,10,-2.2367346938834132e-05,1.064,0.2660000000000764,0.00321
b14_C,_4481_,MUX2,0,1,3,0,9,1,0,1.2897959183799657e-05,2.394,0.531999999999698,0.00321
b14_C,_4482_,MUX2,0,1,3,0,8,1,0,1.5265306122502764e-05,2.394,0.531999999999698,0.00321
b14_C,_4483_,MUX2,0,1,3,0,8,1,0,1.3959183673639686e-05,2.394,0.531999999999698,0.00321
b14_C,_4484_,MUX2,0,1,3,0,7,1,0,1.134693877546944e-05,2.394,0.531999999999698,0.00321
b14_C,_4485_,MUX2,0,1,3,0,7,1,0,1.502040816325767e-05,2.394,0.531999999999698,0.00321
b14_C,_4486_,MUX2,0,1,3,0,7,1,0,1.5632653061370405e-05,2.394,0.531999999999698,0.00321
b14_C,_4487_,MUX2,0,1,3,0,6,1,0,1.399999999995849e-05,2.394,0.531999999999698,0.00321
b14_C,_4488_,MUX2,0,1,3,0,6,1,0,1.4857142857094274e-05,2.394,0.531999999999698,0.00321
b14_C,_4489_,MUX2,0,1,3,0,6,1,0,1.3306122448986102e-05,2.394,0.531999999999698,0.00321
b14_C,_4490_,MUX2,0,1,3,0,5,1,0,1.2938775510118461e-05,2.394,0.531999999999698,0.00321
b14_C,_4491_,MUX2,0,1,3,0,5,1,0,-5.95918367340964e-06,2.394,0.531999999999698,0.00321
b14_C,_4492_,MUX2,0,1,3,0,5,1,0,-9.591836734434978e-06,2.394,0.531999999999698,0.00321
b14_C,_4493_,MUX2,0,1,3,0,4,1,0,-9.510204081575324e-06,2.394,0.531999999999698,0.00321
b14_C,_4494_,MUX2,0,1,3,0,5,1,0,-1.5755102040770907e-05,2.394,0.531999999999698,0.00321
b14_C,_4495_,MUX2,0,1,3,0,3,1,0,-8.624489795905355e-05,2.394,0.531999999999698,0.00321
b14_C,_4496_,MUX2,0,1,3,0,3,1,0,-8.595918367348965e-05,2.394,0.531999999999698,0.00321
b14_C,_4497_,MUX2,0,1,3,0,3,1,0,-8.595918367348965e-05,2.394,0.531999999999698,0.00321
b14_C,_4499_,XNOR2,0,0,2,2,30,4,6,-0.0001175510204083352,2.66,1.0639999999998508,0.00321
b14_C,_4500_,AOI221,0,0,5,1,31,2,1,0.0,2.926,1.3299999999994725,0.00321
b14_C,_4501_,INV,0,0,1,2,23,5,10,0.0,0.798,0.2660000000000764,0.00321
b14_C,_4502_,AOI221,0,3,5,2,30,5,10,-1.7632653061205872e-05,2.926,1.3299999999994725,0.00321
b14_C,_4503_,NOR2,0,0,2,2,21,5,10,0.0,1.33,0.531999999999698,0.00321
b14_C,_4504_,OAI21,0,2,3,3,31,4,8,-8.469387755094537e-05,1.862,0.7979999999997744,0.00321
b14_C,_4505_,OR3,0,1,3,3,31,4,8,-5.028571428589146e-05,1.596,0.2660000000000764,0.00321
b14_C,_4506_,NAND2,0,0,2,1,32,2,1,-6.310204081638737e-05,1.33,0.531999999999698,0.00321
b14_C,_4507_,NAND3,0,1,3,2,32,3,5,-5.3510204081508306e-05,1.862,0.7979999999997744,0.00321
b14_C,_4508_,AOI211,0,0,4,1,16,4,6,-7.093877551000993e-05,2.394,1.0639999999998508,0.00321
b14_C,_4509_,AOI21,0,0,3,2,30,6,9,0.0,1.862,0.7979999999997744,0.00321
b14_C,_4510_,NOR3,0,0,3,1,31,5,7,0.0,1.862,0.7979999999997744,0.00321
b14_C,_4511_,NOR2,0,0,2,1,32,4,6,-4.081632654084899e-08,1.33,0.531999999999698,0.00321
b14_C,_4512_,OAI21,0,0,3,1,31,4,6,0.0,1.862,0.7979999999997744,0.00321
b14_C,_4513_,AOI221,0,0,5,2,33,3,5,-1.4408163265144935e-05,2.926,1.3299999999994725,0.00321
b14_C,_4514_,AND2,0,1,2,1,34,2,1,-1.2244897962254697e-07,1.33,0.2660000000000764,0.00321
b14_C,_4515_,OAI221,0,1,5,0,35,1,0,-7.632653061362404e-06,2.926,1.3299999999994725,0.00321
b14_C,_4516_,AND3,0,0,3,1,15,2,1,-0.0012196734693878941,1.596,0.2660000000000764,0.00321
b14_C,_4517_,INV,0,0,1,1,1,2,1,0.0,0.798,0.2660000000000764,0.00321
b14_C,_4518_,AOI21,0,1,3,0,17,1,0,-8.310204081607431e-05,1.862,0.7979999999997744,0.00321
b14_C,_4519_,MUX2,0,1,3,0,16,1,0,-0.00036661224489797917,2.394,0.531999999999698,0.00321
b14_C,_4520_,NAND3,0,0,3,2,10,6,41,-1.832653061217826e-05,1.862,0.7979999999997744,0.00321
b14_C,_4521_,BUF,0,0,1,10,11,5,36,0.0,1.064,0.2660000000000764,0.00321
b14_C,_4522_,OAI221,0,2,5,2,16,2,2,-0.00030404081632662283,2.926,1.3299999999994725,0.00321
b14_C,_4523_,NOR2,0,0,2,1,13,6,79,0.0,1.33,0.531999999999698,0.00321
b14_C,_4524_,NAND3,0,0,3,2,14,5,78,0.0,1.862,0.7979999999997744,0.00321
b14_C,_4525_,NOR3,0,0,3,8,15,4,38,-1.3755102040713396e-05,1.862,0.7979999999997744,0.00321
b14_C,_4526_,CLKBUF,0,0,1,10,16,3,10,0.0,1.064,0.2660000000000764,0.00321
b14_C,_4527_,MUX2,0,1,3,0,17,1,0,-3.1836734695200875e-06,2.394,0.531999999999698,0.00321
b14_C,_4528_,NOR2,0,0,2,10,11,6,78,-1.7510204081583325e-05,1.33,0.531999999999698,0.00321
b14_C,_4529_,CLKBUF,0,0,1,10,12,5,40,4.73469387762826e-06,1.064,0.2660000000000764,0.00321
b14_C,_4530_,NAND2,0,0,2,1,18,3,3,-1.2244897960034251e-06,1.33,0.531999999999698,0.00321
b14_C,_4531_,NAND3,0,2,3,2,20,2,2,-7.710204081634586e-05,1.862,0.7979999999997744,0.00321
b14_C,_4532_,MUX2,0,1,3,0,21,1,0,-3.346938775461439e-06,2.394,0.531999999999698,0.00321
b14_C,_4533_,OAI21,0,0,3,1,17,3,3,-0.00011367346938784273,1.862,0.7979999999997744,0.00321
b14_C,_4534_,OAI21,0,2,3,1,20,3,3,-0.00015204081632624877,1.862,0.7979999999997744,0.00321
b14_C,_4535_,OR2,0,2,2,2,21,2,2,2.1959183673647686e-05,1.33,0.2660000000000764,0.00321
b14_C,_4536_,MUX2,0,1,3,0,22,1,0,3.5510204081656838e-06,2.394,0.531999999999698,0.00321
b14_C,_4537_,AOI22,0,0,4,1,15,3,3,-1.8081632652933166e-05,2.394,1.0639999999998508,0.00321
b14_C,_4538_,OAI211,0,2,4,2,21,2,2,-0.00024624489795921356,2.394,1.0639999999998508,0.00321
b14_C,_4539_,MUX2,0,1,3,0,22,1,0,-2.5714285714073526e-06,2.394,0.531999999999698,0.00321
b14_C,_4540_,AOI222,0,0,6,1,16,4,4,-3.118367346943707e-05,3.724,1.595999999999549,0.00321
b14_C,_4541_,OAI21,0,0,3,1,19,3,3,-4.081632652974676e-06,1.862,0.7979999999997744,0.00321
b14_C,_4542_,OR2,0,2,2,2,20,2,2,4.163265306056374e-06,1.33,0.2660000000000764,0.00321
b14_C,_4543_,CLKBUF,0,0,1,10,16,2,10,0.0,1.064,0.2660000000000764,0.00321
b14_C,_4544_,MUX2,0,1,3,0,21,1,0,3.5510204081656838e-06,2.394,0.531999999999698,0.00321
b14_C,_4545_,NAND2,0,0,2,1,18,3,3,-4.897959184901879e-07,1.33,0.531999999999698,0.00321
b14_C,_4546_,OAI211,0,2,4,2,22,2,2,-0.00012159183673476903,2.394,1.0639999999998508,0.00321
b14_C,_4547_,MUX2,0,1,3,0,23,1,0,-2.4489795917848056e-06,2.394,0.531999999999698,0.00321
b14_C,_4548_,AOI22,0,0,4,1,20,3,3,-1.7959183673532664e-06,2.394,1.0639999999998508,0.00321
b14_C,_4549_,NAND3,0,2,3,2,22,2,2,-8.06122448979707e-05,1.862,0.7979999999997744,0.00321
b14_C,_4550_,MUX2,0,1,3,0,23,1,0,-3.2244897960609364e-06,2.394,0.531999999999698,0.00321
b14_C,_4551_,NOR2,0,0,2,1,17,2,1,0.0,1.33,0.531999999999698,0.00321
b14_C,_4552_,BUF,0,0,1,10,12,5,36,5.1102040816486394e-05,1.064,0.2660000000000764,0.00321
b14_C,_4553_,OAI222,0,0,6,1,20,3,3,-3.167346938770521e-05,3.724,1.595999999999549,0.00321
b14_C,_4554_,AOI211,0,2,4,2,22,2,2,1.4857142857094274e-05,2.394,1.0639999999998508,0.00321
b14_C,_4555_,AOI21,0,1,3,0,23,1,0,-8.636734693867609e-05,1.862,0.7979999999997744,0.00321
b14_C,_4556_,NOR2,0,0,2,1,18,4,4,-2.0408163263763157e-06,1.33,0.531999999999698,0.00321
b14_C,_4557_,AOI211,0,0,4,1,21,3,3,-5.714285713498413e-07,2.394,1.0639999999998508,0.00321
b14_C,_4558_,OAI211,0,2,4,2,23,2,2,-0.00016877551020400006,2.394,1.0639999999998508,0.00321
b14_C,_4559_,MUX2,0,1,3,0,24,1,0,-6.204081632654734e-06,2.394,0.531999999999698,0.00321
b14_C,_4560_,OAI21,0,0,3,1,18,4,4,-1.6081632652875655e-05,1.862,0.7979999999997744,0.00321
b14_C,_4561_,AOI21,0,0,3,1,23,3,3,-1.3061224488630785e-06,1.862,0.7979999999997744,0.00321
b14_C,_4562_,NAND2,0,2,2,2,24,2,2,-0.00010959183673464601,1.33,0.531999999999698,0.00321
b14_C,_4563_,MUX2,0,1,3,0,25,1,0,-5.387755102059799e-06,2.394,0.531999999999698,0.00321
b14_C,_4564_,OAI21,0,0,3,1,19,4,4,-1.6081632652875655e-05,1.862,0.7979999999997744,0.00321
b14_C,_4565_,AOI21,0,0,3,1,24,3,3,-1.3061224488630785e-06,1.862,0.7979999999997744,0.00321
b14_C,_4566_,NAND2,0,2,2,2,25,2,2,-0.00010959183673464601,1.33,0.531999999999698,0.00321
b14_C,_4567_,MUX2,0,1,3,0,26,1,0,-5.3469387752969055e-06,2.394,0.531999999999698,0.00321
b14_C,_4568_,OAI21,0,0,3,1,22,4,4,-4.081632652974676e-06,1.862,0.7979999999997744,0.00321
b14_C,_4569_,INV,0,0,1,1,23,3,3,0.0,0.798,0.2660000000000764,0.00321
b14_C,_4570_,OAI211,0,2,4,2,25,2,2,-9.371428571425255e-05,2.394,1.0639999999998508,0.00321
b14_C,_4571_,MUX2,0,1,3,0,26,1,0,-2.1224489796800583e-06,2.394,0.531999999999698,0.00321
b14_C,_4572_,OAI221,0,0,5,1,20,4,4,-5.183673469355554e-06,2.926,1.3299999999994725,0.00321
b14_C,_4573_,AOI21,0,0,3,1,23,3,3,-1.3061224488630785e-06,1.862,0.7979999999997744,0.00321
b14_C,_4574_,NAND2,0,2,2,2,26,2,2,-0.00011677551020405907,1.33,0.531999999999698,0.00321
b14_C,_4575_,MUX2,0,1,3,0,27,1,0,-5.265306122437252e-06,2.394,0.531999999999698,0.00321
b14_C,_4576_,AOI22,0,0,4,1,23,3,3,-4.9020408163347184e-05,2.394,1.0639999999998508,0.00321
b14_C,_4577_,OAI211,0,2,4,2,27,2,2,-0.00011702040816330417,2.394,1.0639999999998508,0.00321
b14_C,_4578_,MUX2,0,1,3,0,28,1,0,-2.6938775510298996e-06,2.394,0.531999999999698,0.00321
b14_C,_4579_,NOR2,0,0,2,1,17,2,1,0.0,1.33,0.531999999999698,0.00321
b14_C,_4580_,OAI22,0,0,4,1,21,3,3,-1.8653061224505052e-05,2.394,1.0639999999998508,0.00321
b14_C,_4581_,AOI211,0,2,4,2,26,2,2,-7.632653061362404e-06,2.394,1.0639999999998508,0.00322
b14_C,_4582_,AOI21,0,1,3,0,27,1,0,-8.640816326543899e-05,1.862,0.7979999999997744,0.00321
b14_C,_4583_,OAI22,0,0,4,1,22,4,4,-4.163265306278419e-06,2.394,1.0639999999998508,0.00321
b14_C,_4584_,AOI221,0,0,5,1,24,3,3,-6.530612246535838e-07,2.926,1.3299999999994725,0.00321
b14_C,_4585_,NAND2,0,2,2,2,28,2,2,-0.00010959183673464601,1.33,0.531999999999698,0.00321
b14_C,_4586_,MUX2,0,1,3,0,29,1,0,-5.387755102059799e-06,2.394,0.531999999999698,0.00321
b14_C,_4587_,OAI22,0,0,4,1,23,4,4,-4.163265306278419e-06,2.394,1.0639999999998508,0.00321
b14_C,_4588_,AOI221,0,0,5,1,26,3,3,-5.4285714283786035e-06,2.926,1.3299999999994725,0.00321
b14_C,_4589_,NAND2,0,2,2,2,30,2,2,-0.00010951020408156431,1.33,0.531999999999698,0.00321
b14_C,_4590_,CLKBUF,0,0,1,10,16,2,10,0.0,1.064,0.2660000000000764,0.00321
b14_C,_4591_,MUX2,0,1,3,0,31,1,0,-5.306122448978101e-06,2.394,0.531999999999698,0.00321
b14_C,_4592_,AOI222,0,0,6,1,26,3,3,-4.7795918367121715e-05,3.724,1.595999999999549,0.00321
b14_C,_4593_,OAI211,0,2,4,2,29,2,2,-0.00016844897959167326,2.394,1.0639999999998508,0.00321
b14_C,_4594_,MUX2,0,1,3,0,30,1,0,-5.061224489955052e-06,2.394,0.531999999999698,0.00321
b14_C,_4595_,AOI21,0,0,3,1,24,3,3,-5.714285713498413e-07,1.862,0.7979999999997744,0.00321
b14_C,_4596_,OAI211,0,2,4,2,30,2,2,-0.00023824489795920556,2.394,1.0639999999998508,0.00321
b14_C,_4597_,MUX2,0,1,3,0,31,1,0,-2.4489795917848056e-06,2.394,0.531999999999698,0.00321
b14_C,_4598_,AOI222,0,0,6,1,28,3,3,-4.7591836734639514e-05,3.724,1.595999999999549,0.00321
b14_C,_4599_,OAI211,0,2,4,2,30,2,2,-0.00017016326530616688,2.394,1.0639999999998508,0.00321
b14_C,_4600_,MUX2,0,1,3,0,31,1,0,-6.244897959195583e-06,2.394,0.531999999999698,0.00321
b14_C,_4601_,INV,0,2,1,1,31,3,3,-3.7510204081492304e-05,0.798,0.2660000000000764,0.00321
b14_C,_4602_,AOI21,0,0,3,1,29,3,3,-4.665306122442203e-05,1.862,0.7979999999997744,0.00321
b14_C,_4603_,OAI211,0,2,4,2,32,2,2,-4.06530612242495e-05,2.394,1.0639999999998508,0.00321
b14_C,_4604_,MUX2,0,1,3,0,33,1,0,-1.7959183673532664e-06,2.394,0.531999999999698,0.00321
b14_C,_4605_,NAND2,0,2,2,1,29,4,4,-3.730612244878806e-05,1.33,0.531999999999698,0.00321
b14_C,_4606_,OAI21,0,2,3,1,30,3,3,-2.6285714285645412e-05,1.862,0.7979999999997744,0.00321
b14_C,_4607_,OR3,0,2,3,2,33,2,2,4.342857142858314e-05,1.596,0.2660000000000764,0.00321
b14_C,_4608_,MUX2,0,1,3,0,34,1,0,1.0612244898400292e-06,2.394,0.531999999999698,0.00321
b14_C,_4609_,NAND2,0,0,2,1,29,3,3,-6.134693877557496e-05,1.33,0.531999999999698,0.00321
b14_C,_4610_,NAND2,0,0,2,1,26,3,3,-4.897959184901879e-07,1.33,0.531999999999698,0.00321
b14_C,_4611_,NAND4,0,2,4,2,32,2,2,-0.00012995918367342263,2.394,1.0639999999998508,0.00321
b14_C,_4612_,MUX2,0,1,3,0,33,1,0,-1.1469387755091986e-05,2.394,0.531999999999698,0.00321
b14_C,_4613_,OAI221,0,0,5,1,30,3,3,-0.00010718367346918001,2.926,1.3299999999994725,0.00321
b14_C,_4614_,OR2,0,2,2,2,33,2,2,1.0816326530882492e-05,1.33,0.2660000000000764,0.00321
b14_C,_4615_,MUX2,0,1,3,0,34,1,0,3.5510204081656838e-06,2.394,0.531999999999698,0.00321
b14_C,_4616_,AOI21,0,2,3,1,31,3,3,-3.5591836734738536e-05,1.862,0.7979999999997744,0.00321
b14_C,_4617_,OAI211,0,2,4,2,32,2,2,-0.00015555102040809565,2.394,1.0639999999998508,0.00321
b14_C,_4618_,MUX2,0,1,3,0,33,1,0,-1.8367346936720708e-06,2.394,0.531999999999698,0.00321
b14_C,_4619_,NOR2,0,0,2,1,17,2,1,0.0,1.33,0.531999999999698,0.00321
b14_C,_4620_,AOI22,0,0,4,1,31,4,4,-6.1591836734598e-05,2.394,1.0639999999998508,0.00321
b14_C,_4621_,NAND2,0,0,2,1,32,3,3,-1.7306122449101125e-05,1.33,0.531999999999698,0.00321
b14_C,_4622_,NOR2,0,2,2,2,33,2,2,1.7836734693910117e-05,1.33,0.531999999999698,0.00321
b14_C,_4623_,AOI21,0,1,3,0,34,1,0,-5.979591836724474e-05,1.862,0.7979999999997744,0.00321
b14_C,_4624_,NAND2,0,0,2,1,29,4,4,-4.897959184901879e-07,1.33,0.531999999999698,0.00321
b14_C,_4625_,OAI211,0,0,4,1,32,3,3,-0.00010383673469371857,2.394,1.0639999999998508,0.00321
b14_C,_4626_,OR2,0,2,2,2,33,2,2,3.183673469298043e-06,1.33,0.2660000000000764,0.00321
b14_C,_4627_,MUX2,0,1,3,0,34,1,0,3.5510204081656838e-06,2.394,0.531999999999698,0.00321
b14_C,_4628_,AOI21,0,0,3,1,32,3,3,-4.212244897949802e-05,1.862,0.7979999999997744,0.00321
b14_C,_4629_,OAI211,1,2,4,2,33,2,2,-0.00018048979591833714,2.394,1.0639999999998508,0.00321
b14_C,_4630_,MUX2,1,1,3,0,34,1,0,-5.142857142814705e-06,2.394,0.531999999999698,0.00321
b14_C,_4631_,OAI21,0,0,3,1,30,4,4,-2.2857142858434543e-06,1.862,0.7979999999997744,0.00321
b14_C,_4632_,AOI21,0,0,3,1,32,3,3,-4.738775510193527e-05,1.862,0.7979999999997744,0.00321
b14_C,_4633_,NAND2,0,2,2,2,33,2,2,-6.236734693865209e-05,1.33,0.531999999999698,0.00321
b14_C,_4634_,MUX2,0,1,3,0,34,1,0,-5.387755102059799e-06,2.394,0.531999999999698,0.00321
b14_C,_4635_,AOI22,0,0,4,1,31,3,3,-1.1428571429217271e-06,2.394,1.0639999999998508,0.00321
b14_C,_4636_,NAND3,0,2,3,1,32,3,3,-5.310204081632186e-05,1.862,0.7979999999997744,0.00321
b14_C,_4637_,NAND4,0,2,4,2,34,2,2,-4.9795918367179226e-05,2.394,1.0639999999998508,0.00321
b14_C,_4638_,MUX2,0,1,3,0,35,1,0,-7.551020408058662e-06,2.394,0.531999999999698,0.00321
b14_C,_4639_,OAI21,0,2,3,2,32,2,2,-4.069387755101239e-05,1.862,0.7979999999997744,0.00321
b14_C,_4640_,MUX2,0,1,3,0,33,1,0,6.938775509723882e-07,2.394,0.531999999999698,0.00321
b14_C,_4641_,OAI21,0,2,3,2,33,2,2,-6.930612244882006e-05,1.862,0.7979999999997744,0.00321
b14_C,_4642_,MUX2,0,1,3,0,34,1,0,1.0612244898400292e-06,2.394,0.531999999999698,0.00321
b14_C,_4643_,NAND2,0,0,2,1,15,5,39,-0.0010856326530612748,1.33,0.531999999999698,0.00321
b14_C,_4644_,NOR2,0,0,2,8,16,4,38,0.0,1.33,0.531999999999698,0.00321
b14_C,_4645_,CLKBUF,0,0,1,10,17,3,10,0.0,1.064,0.2660000000000764,0.00321
b14_C,_4646_,MUX2,0,1,3,0,18,1,0,-3.1836734695200875e-06,2.394,0.531999999999698,0.00321
b14_C,_4647_,MUX2,0,1,3,0,21,1,0,-3.346938775461439e-06,2.394,0.531999999999698,0.00321
b14_C,_4648_,MUX2,0,1,3,0,22,1,0,3.5510204081656838e-06,2.394,0.531999999999698,0.00321
b14_C,_4649_,MUX2,0,1,3,0,22,1,0,-2.5714285714073526e-06,2.394,0.531999999999698,0.00321
b14_C,_4650_,CLKBUF,0,0,1,10,17,2,10,0.0,1.064,0.2660000000000764,0.00321
b14_C,_4651_,MUX2,0,1,3,0,21,1,0,3.5510204081656838e-06,2.394,0.531999999999698,0.00321
b14_C,_4652_,MUX2,0,1,3,0,23,1,0,-2.4489795917848056e-06,2.394,0.531999999999698,0.00321
b14_C,_4653_,MUX2,0,1,3,0,23,1,0,-3.2244897960609364e-06,2.394,0.531999999999698,0.00321
b14_C,_4654_,NOR2,0,0,2,1,18,2,1,0.0,1.33,0.531999999999698,0.00321
b14_C,_4655_,AOI21,0,1,3,0,23,1,0,-0.00010869387755096938,1.862,0.7979999999997744,0.00321
b14_C,_4656_,MUX2,0,1,3,0,24,1,0,-6.204081632654734e-06,2.394,0.531999999999698,0.00321
b14_C,_4657_,MUX2,0,1,3,0,25,1,0,-5.387755102059799e-06,2.394,0.531999999999698,0.00321
b14_C,_4658_,MUX2,0,1,3,0,26,1,0,-5.3469387752969055e-06,2.394,0.531999999999698,0.00321
b14_C,_4659_,MUX2,0,1,3,0,26,1,0,-2.1224489796800583e-06,2.394,0.531999999999698,0.00321
b14_C,_4660_,MUX2,0,1,3,0,27,1,0,-5.265306122437252e-06,2.394,0.531999999999698,0.00321
b14_C,_4661_,MUX2,0,1,3,0,28,1,0,-2.6938775510298996e-06,2.394,0.531999999999698,0.00321
b14_C,_4662_,NOR2,0,0,2,1,18,2,1,0.0,1.33,0.531999999999698,0.00321
b14_C,_4663_,AOI21,0,1,3,0,27,1,0,-0.00010869387755096938,1.862,0.7979999999997744,0.00321
b14_C,_4664_,MUX2,0,1,3,0,29,1,0,-5.387755102059799e-06,2.394,0.531999999999698,0.00321
b14_C,_4665_,CLKBUF,0,0,1,10,17,2,10,0.0,1.064,0.2660000000000764,0.00321
b14_C,_4666_,MUX2,0,1,3,0,31,1,0,-5.306122448978101e-06,2.394,0.531999999999698,0.00321
b14_C,_4667_,MUX2,0,1,3,0,30,1,0,-5.061224489955052e-06,2.394,0.531999999999698,0.00321
b14_C,_4668_,MUX2,0,1,3,0,31,1,0,-2.4489795917848056e-06,2.394,0.531999999999698,0.00321
b14_C,_4669_,MUX2,0,1,3,0,31,1,0,-6.244897959195583e-06,2.394,0.531999999999698,0.00321
b14_C,_4670_,MUX2,0,1,3,0,33,1,0,-1.7959183673532664e-06,2.394,0.531999999999698,0.00321
b14_C,_4671_,MUX2,0,1,3,0,34,1,0,1.0612244898400292e-06,2.394,0.531999999999698,0.00321
b14_C,_4672_,MUX2,0,1,3,0,33,1,0,-1.1469387755091986e-05,2.394,0.531999999999698,0.00321
b14_C,_4673_,MUX2,0,1,3,0,34,1,0,3.5510204081656838e-06,2.394,0.531999999999698,0.00321
b14_C,_4674_,MUX2,0,1,3,0,33,1,0,-1.8367346936720708e-06,2.394,0.531999999999698,0.00321
b14_C,_4675_,NOR2,0,0,2,1,18,2,1,0.0,1.33,0.531999999999698,0.00321
b14_C,_4676_,AOI21,0,1,3,0,34,1,0,-7.542857142861514e-05,1.862,0.7979999999997744,0.00321
b14_C,_4677_,MUX2,0,1,3,0,34,1,0,3.5510204081656838e-06,2.394,0.531999999999698,0.00321
b14_C,_4678_,MUX2,0,1,3,0,34,1,0,-5.142857142814705e-06,2.394,0.531999999999698,0.00321
b14_C,_4679_,MUX2,0,1,3,0,34,1,0,-5.387755102059799e-06,2.394,0.531999999999698,0.00321
b14_C,_4680_,MUX2,0,1,3,0,35,1,0,-7.551020408058662e-06,2.394,0.531999999999698,0.00321
b14_C,_4681_,MUX2,0,1,3,0,33,1,0,6.938775509723882e-07,2.394,0.531999999999698,0.00321
b14_C,_4682_,MUX2,0,1,3,0,34,1,0,1.0612244898400292e-06,2.394,0.531999999999698,0.00321
b14_C,_4683_,MUX2,0,1,3,0,15,1,0,-0.00011346938775513848,2.394,0.531999999999698,0.00321
b14_C,_4684_,MUX2,0,1,3,0,15,1,0,-0.0003163673469388506,2.394,0.531999999999698,0.00321
b14_C,_4685_,MUX2,0,1,3,0,15,1,0,-1.1020408163142648e-05,2.394,0.531999999999698,0.00321
b14_C,_4686_,MUX2,0,1,3,0,15,1,0,-4.204081632597223e-06,2.394,0.531999999999698,0.00321
b14_C,_4687_,CLKBUF,0,0,1,10,14,2,10,-4.171428571431157e-05,1.064,0.2660000000000764,0.00321
b14_C,_4688_,MUX2,0,1,3,0,15,1,0,9.795918367361267e-06,2.394,0.531999999999698,0.00321
b14_C,_4689_,MUX2,0,1,3,0,15,1,0,-6.081632652810143e-06,2.394,0.531999999999698,0.00321
b14_C,_4690_,MUX2,0,1,3,0,15,1,0,-4.244897959138072e-06,2.394,0.531999999999698,0.00321
b14_C,_4691_,MUX2,0,1,3,0,16,1,0,1.0530612244874504e-05,2.394,0.531999999999698,0.00321
b14_C,_4692_,MUX2,0,1,3,0,16,1,0,9.795918367361267e-06,2.394,0.531999999999698,0.00321
b14_C,_4693_,MUX2,0,1,3,0,15,1,0,-1.257142857169491e-05,2.394,0.531999999999698,0.00321
b14_C,_4694_,MUX2,0,1,3,0,15,1,0,8.938775510003438e-06,2.394,0.531999999999698,0.00321
b14_C,_4695_,MUX2,0,1,3,0,17,1,0,9.795918367361267e-06,2.394,0.531999999999698,0.00321
b14_C,_4696_,MUX2,0,1,3,0,16,1,0,1.0408163265029913e-05,2.394,0.531999999999698,0.00321
b14_C,_4697_,MUX2,0,1,3,0,17,1,0,1.0775510204119598e-05,2.394,0.531999999999698,0.00321
b14_C,_4698_,NOR2,0,0,2,1,15,2,1,-3.375510204084442e-05,1.33,0.531999999999698,0.00321
b14_C,_4699_,AOI21,0,1,3,0,18,1,0,-3.942857142869016e-05,1.862,0.7979999999997744,0.00321
b14_C,_4700_,CLKBUF,0,0,1,10,14,2,10,-4.171428571431157e-05,1.064,0.2660000000000764,0.00321
b14_C,_4701_,MUX2,0,1,3,0,16,1,0,8.979591836766332e-06,2.394,0.531999999999698,0.00321
b14_C,_4702_,MUX2,0,1,3,0,17,1,0,9.714285714501614e-06,2.394,0.531999999999698,0.00321
b14_C,_4703_,MUX2,0,1,3,0,17,1,0,1.1387755102010289e-05,2.394,0.531999999999698,0.00321
b14_C,_4704_,MUX2,0,1,3,0,16,1,0,7.551020408280706e-06,2.394,0.531999999999698,0.00321
b14_C,_4705_,MUX2,0,1,3,0,16,1,0,9.428571428493626e-06,2.394,0.531999999999698,0.00321
b14_C,_4706_,MUX2,0,1,3,0,16,1,0,-6.326530612277281e-06,2.394,0.531999999999698,0.00321
b14_C,_4707_,MUX2,0,1,3,0,16,1,0,9.183673469470577e-06,2.394,0.531999999999698,0.00321
b14_C,_4708_,MUX2,0,1,3,0,17,1,0,7.673469387459164e-06,2.394,0.531999999999698,0.00321
b14_C,_4709_,MUX2,0,1,3,0,18,1,0,8.612244897898691e-06,2.394,0.531999999999698,0.00321
b14_C,_4710_,MUX2,0,1,3,0,18,1,0,9.26530612233023e-06,2.394,0.531999999999698,0.00321
b14_C,_4711_,MUX2,0,1,3,0,18,1,0,-3.7877551020359945e-05,2.394,0.531999999999698,0.00321
b14_C,_4712_,MUX2,0,1,3,0,20,1,0,-3.7224489795928406e-05,2.394,0.531999999999698,0.00321
b14_C,_4713_,MUX2,0,1,3,0,20,1,0,-3.612244897976957e-05,2.394,0.531999999999698,0.00321
b14_C,_4714_,MUX2,0,1,3,0,21,1,0,-3.8448979592153876e-05,2.394,0.531999999999698,0.00321
b14_C,_4715_,MUX2,0,1,3,0,20,1,0,-3.844897959193183e-05,2.394,0.531999999999698,0.00321
b14_C,_4716_,NOR2,0,0,2,1,15,2,1,-3.375510204084442e-05,1.33,0.531999999999698,0.00321
b14_C,_4717_,AOI21,0,1,3,0,16,1,0,-7.24897959185622e-05,1.862,0.7979999999997744,0.00321
b14_C,_4718_,MUX2,0,1,3,0,17,1,0,-3.881632653079947e-05,2.394,0.531999999999698,0.00321
