DESIGN,CELL,LOGIC-TYPE,PATH-OCURENCE,PATHS-OCURENCE,FA-IN,FA-OUT,LOGIC-LEVEL,DEEP,LOADED-CELLS,DIF-ARRIVAL,CELL-AREA,COST-AREA,POWER
b15_C,_3576_,NAND2,0,0,2,7,1,38,3009,0.0,1.33,0.5320000000001528,0.003
b15_C,_3577_,NAND2,0,0,2,4,1,38,3007,-0.001046659242761594,1.33,0.5320000000001528,0.003
b15_C,_3578_,NOR2,0,0,2,4,2,37,2855,0.0,1.33,0.5320000000001528,0.003
b15_C,_3579_,BUF,0,0,1,10,3,36,2822,0.0,1.064,0.26600000000053114,0.003
b15_C,_3580_,NAND2,0,0,2,1,4,34,2534,0.0,1.33,0.5320000000001528,0.003
b15_C,_3581_,INV,0,0,1,10,1,38,3024,6.236080176691416e-07,0.798,0.26599999999962165,0.003
b15_C,_3582_,INV,0,0,1,8,1,38,2981,-0.0008973496659243629,0.798,0.26599999999962165,0.003
b15_C,_3583_,NOR4,0,0,4,4,2,37,2855,-1.1135857436173069e-07,2.394,1.0640000000003056,0.003
b15_C,_3584_,BUF,0,0,1,10,3,36,2812,0.0,1.064,0.26600000000053114,0.003
b15_C,_3585_,OR2,0,0,2,7,1,38,3005,0.0,1.33,0.26599999999962165,0.003
b15_C,_3586_,NOR2,0,0,2,3,2,37,2848,0.0,1.33,0.5320000000001528,0.003
b15_C,_3587_,BUF,0,0,1,10,3,36,2813,0.0,1.064,0.26600000000053114,0.003
b15_C,_3588_,BUF,0,0,1,10,1,38,2931,0.0,1.064,0.26600000000053114,0.003
b15_C,_3589_,BUF,0,0,1,10,1,38,3055,0.0,1.064,0.26600000000053114,0.003
b15_C,_3590_,BUF,1,370,1,10,1,39,3179,0.010283251670378801,1.064,0.26600000000053114,0.003
b15_C,_3591_,NOR2,0,130,2,3,2,38,2920,-0.0014856124721600583,1.33,0.5320000000001528,0.003
b15_C,_3592_,AND3,0,130,3,3,3,37,2848,0.001291759465478881,1.596,0.26599999999962165,0.003
b15_C,_3593_,AOI222,0,0,6,1,4,34,2534,-0.0010319821826278996,3.724,1.5960000000004584,0.003
b15_C,_3594_,NOR3,0,0,3,4,2,37,2855,-0.003040890868596824,1.862,0.7979999999997744,0.003
b15_C,_3595_,BUF,0,0,1,10,3,36,2831,0.0,1.064,0.26600000000053114,0.003
b15_C,_3596_,NOR3,0,0,3,3,2,37,2845,0.0,1.862,0.7979999999997744,0.003
b15_C,_3597_,BUF,0,0,1,10,3,36,2829,0.0,1.064,0.26600000000053114,0.003
b15_C,_3598_,AOI22,0,0,4,1,4,34,2534,0.0,2.394,1.0640000000003056,0.003
b15_C,_3599_,NOR4,0,2,4,4,2,37,2853,-0.003569109131402959,2.394,1.0640000000003056,0.003
b15_C,_3600_,BUF,0,2,1,10,3,36,2786,2.6971046770851714e-05,1.064,0.26600000000053114,0.003
b15_C,_3601_,INV,0,0,1,9,1,38,3016,0.0,0.798,0.26599999999962165,0.003
b15_C,_3602_,AND3,0,0,3,4,3,37,2855,-0.0005091091314028962,1.596,0.26599999999962165,0.003
b15_C,_3603_,NOR2,0,1,2,3,2,38,2857,-0.0030175501113585135,1.33,0.5320000000001528,0.003
b15_C,_3604_,AND2,0,0,2,2,1,38,2857,0.0,1.33,0.26599999999962165,0.003
b15_C,_3605_,AND2,0,1,2,3,3,37,2850,8.84187082395016e-06,1.33,0.26599999999962165,0.003
b15_C,_3606_,BUF,0,1,1,10,4,36,2819,2.777282850807694e-05,1.064,0.26600000000053114,0.003
b15_C,_3607_,AOI222,0,1,6,1,5,34,2534,-1.118040089065353e-05,3.724,1.5960000000004584,0.003
b15_C,_3608_,NAND4,0,1,4,2,6,33,2533,-0.0032794654788417255,2.394,1.0640000000003056,0.003
b15_C,_3609_,NOR3,0,0,3,4,2,37,2851,-0.003040890868596824,1.862,0.7979999999997744,0.003
b15_C,_3610_,BUF,0,0,1,10,3,36,2783,0.0,1.064,0.26600000000053114,0.003
b15_C,_3611_,NAND2,0,0,2,1,4,34,2534,0.0,1.33,0.5320000000001528,0.003
b15_C,_3612_,NOR3,0,0,3,3,2,37,2850,-0.003040890868596824,1.862,0.7979999999997744,0.003
b15_C,_3613_,BUF,0,0,1,10,3,36,2788,0.0,1.064,0.26600000000053114,0.003
b15_C,_3614_,NOR3,0,0,3,4,2,37,2856,1.113585748058199e-07,1.862,0.7979999999997744,0.003
b15_C,_3615_,BUF,0,0,1,10,3,36,2819,-6.681514452822057e-08,1.064,0.26600000000053114,0.003
b15_C,_3616_,AOI22,0,0,4,1,4,34,2534,0.0,2.394,1.0640000000003056,0.003
b15_C,_3617_,NOR3,0,0,3,3,2,37,2847,-0.003040890868596824,1.862,0.7979999999997744,0.003
b15_C,_3618_,BUF,0,0,1,10,3,36,2831,0.0,1.064,0.26600000000053114,0.003
b15_C,_3619_,AND2,1,237,2,4,2,38,2858,0.002395412026726218,1.33,0.26599999999962165,0.003
b15_C,_3620_,AND3,1,237,3,4,3,37,2853,0.003246436525612628,1.596,0.26599999999962165,0.003
b15_C,_3621_,BUF,1,237,1,10,4,36,2795,0.004273140311804147,1.064,0.26600000000053114,0.003
b15_C,_3622_,AOI22,0,0,4,1,5,34,2534,-0.001206837416481088,2.394,1.0640000000003056,0.003
b15_C,_3623_,INV,0,0,1,4,1,38,2864,0.0,0.798,0.26599999999962165,0.003
b15_C,_3624_,NOR3,0,0,3,3,2,37,2849,0.0,1.862,0.7979999999997744,0.003
b15_C,_3625_,BUF,0,0,1,10,3,36,2832,0.0,1.064,0.26600000000053114,0.003
b15_C,_3626_,NOR3,0,0,3,3,2,37,2847,2.2271715138799664e-08,1.862,0.7979999999997744,0.003
b15_C,_3627_,BUF,0,0,1,10,3,36,2819,3.897550111542358e-06,1.064,0.26600000000053114,0.003
b15_C,_3628_,AOI22,0,0,4,1,4,34,2534,-1.8930957681462246e-06,2.394,1.0640000000003056,0.003
b15_C,_3629_,NAND4,0,0,4,2,6,33,2533,0.0,2.394,1.0640000000003056,0.003
b15_C,_3630_,NOR2,0,0,2,7,7,32,2438,0.0008371046770603296,1.33,0.5320000000001528,0.003
b15_C,_3631_,BUF,0,0,1,10,8,29,2245,-0.0001158574610242713,1.064,0.26600000000053114,0.003
b15_C,_3632_,OR2,0,1,2,5,7,32,2475,1.4922048998000648e-05,1.33,0.26599999999962165,0.003
b15_C,_3633_,BUF,0,1,1,10,8,29,1853,2.683741648112914e-05,1.064,0.26600000000053114,0.003
b15_C,_3634_,NAND2,0,0,2,2,4,34,2394,0.0,1.33,0.5320000000001528,0.003
b15_C,_3635_,BUF,0,0,1,10,4,36,2808,0.0,1.064,0.26600000000053114,0.003
b15_C,_3636_,AOI22,0,0,4,1,5,35,2397,0.0,2.394,1.0640000000003056,0.003
b15_C,_3637_,AOI22,0,0,4,1,5,35,2397,-5.011135857380111e-06,2.394,1.0640000000003056,0.003
b15_C,_3638_,AND2,0,0,2,3,6,34,2396,0.0,1.33,0.26599999999962165,0.003
b15_C,_3639_,NAND2,0,0,2,1,4,35,2397,0.0,1.33,0.5320000000001528,0.003
b15_C,_3640_,AOI222,0,0,6,1,4,35,2397,-0.0015302449888638936,3.724,1.5960000000004584,0.003
b15_C,_3641_,AOI222,0,0,6,1,3,35,2397,-0.00010198218262802428,3.724,1.5960000000004584,0.003
b15_C,_3642_,BUF,0,0,1,10,2,37,2434,-0.0013956792873051072,1.064,0.26600000000053114,0.003
b15_C,_3643_,BUF,0,0,1,10,1,38,2426,0.0,1.064,0.26600000000053114,0.003
b15_C,_3644_,NOR2,0,0,2,3,2,37,2401,0.0,1.33,0.5320000000001528,0.003
b15_C,_3645_,NAND4,0,0,4,1,3,36,2398,0.0,2.394,1.0640000000003056,0.003
b15_C,_3646_,NAND4,0,0,4,1,3,36,2398,-0.0032601781737191526,2.394,1.0640000000003056,0.003
b15_C,_3647_,NAND4,0,0,4,1,3,36,2398,0.0,2.394,1.0640000000003056,0.003
b15_C,_3648_,NAND4,0,0,4,1,3,36,2398,-0.0015390423162582323,2.394,1.0640000000003056,0.003
b15_C,_3649_,AND4,0,0,4,1,4,35,2397,0.0,1.862,0.26600000000053114,0.003
b15_C,_3650_,AND4,0,0,4,3,5,34,2396,0.0,1.862,0.26600000000053114,0.003
b15_C,_3651_,NAND3,0,0,3,3,7,33,2288,0.0,1.862,0.7979999999997744,0.003
b15_C,_3652_,BUF,0,0,1,10,8,32,2275,2.227171491675506e-08,1.064,0.26600000000053114,0.003
b15_C,_3653_,NAND2,0,0,2,9,9,24,1691,-9.777282850675917e-06,1.33,0.5320000000001528,0.003
b15_C,_3654_,INV,0,0,1,4,1,21,1540,0.0,0.798,0.26599999999962165,0.003
b15_C,_3655_,NAND2,0,0,2,1,2,20,1538,0.0,1.33,0.5320000000001528,0.003
b15_C,_3656_,BUF,0,0,1,10,2,37,2406,0.0,1.064,0.26600000000053114,0.003
b15_C,_3657_,INV,0,0,1,6,1,29,2133,0.0,0.798,0.26599999999962165,0.003
b15_C,_3658_,NAND2,0,0,2,1,3,23,1546,0.0,1.33,0.5320000000001528,0.003
b15_C,_3659_,NOR2,0,0,2,1,2,24,1554,0.0,1.33,0.5320000000001528,0.003
b15_C,_3660_,INV,0,0,1,3,1,30,2221,0.0,0.798,0.26599999999962165,0.003
b15_C,_3661_,INV,0,0,1,3,1,30,2255,0.0,0.798,0.26599999999962165,0.003
b15_C,_3662_,BUF,0,0,1,10,2,27,1589,0.0,1.064,0.26600000000053114,0.003
b15_C,_3663_,AOI21,0,0,3,2,3,26,1568,0.0,1.862,0.7979999999997744,0.003
b15_C,_3664_,NAND2,0,0,2,10,2,29,2218,6.681514519435439e-08,1.33,0.5320000000001528,0.003
b15_C,_3665_,OAI22,0,0,4,3,4,25,1566,-2.939866369899846e-06,2.394,1.0640000000003056,0.003
b15_C,_3666_,NAND2,0,0,2,1,2,24,1554,0.0,1.33,0.5320000000001528,0.003
b15_C,_3667_,AOI21,0,0,3,3,5,23,1553,0.0,1.862,0.7979999999997744,0.003
b15_C,_3668_,NOR2,0,0,2,1,3,23,1546,0.0,1.33,0.5320000000001528,0.003
b15_C,_3669_,OAI21,0,0,3,2,6,22,1545,0.0,1.862,0.7979999999997744,0.003
b15_C,_3670_,NOR2,0,0,2,1,2,20,1538,0.0,1.33,0.5320000000001528,0.003
b15_C,_3671_,OAI21,0,0,3,4,7,19,1537,0.0,1.862,0.7979999999997744,0.003
b15_C,_3672_,NAND2,0,0,2,2,5,34,2448,0.0,1.33,0.5320000000001528,0.003
b15_C,_3673_,NAND2,0,0,2,2,5,34,2448,-0.0014290423162583998,1.33,0.5320000000001528,0.003
b15_C,_3674_,AOI222,0,0,6,1,3,35,2449,0.0,3.724,1.5960000000004584,0.003
b15_C,_3675_,AOI222,0,0,6,1,3,35,2449,0.0,3.724,1.5960000000004584,0.003
b15_C,_3676_,AND2,0,0,2,2,4,34,2448,6.681514519435439e-08,1.33,0.26599999999962165,0.003
b15_C,_3677_,BUF,0,130,1,10,4,36,2790,0.0028658574610245235,1.064,0.26600000000053114,0.003
b15_C,_3678_,NAND2,0,130,2,1,5,35,2449,-0.0003931180400889023,1.33,0.5320000000001528,0.003
b15_C,_3679_,AOI22,0,0,4,1,4,35,2449,-6.971046770498646e-06,2.394,1.0640000000003056,0.003
b15_C,_3680_,AOI22,0,0,4,1,3,35,2449,-1.1135857436173069e-07,2.394,1.0640000000003056,0.003
b15_C,_3681_,AOI222,0,0,6,1,3,35,2449,-0.00010146993318471687,3.724,1.5960000000004584,0.003
b15_C,_3682_,AND4,0,130,4,2,6,34,2448,0.0016571269487750673,1.862,0.26600000000053114,0.003
b15_C,_3683_,AND4,0,130,4,1,7,33,2410,0.0006440757238308503,1.862,0.26600000000053114,0.003
b15_C,_3684_,BUF,0,130,1,10,8,32,2409,0.003928418708240677,1.064,0.26600000000053114,0.003
b15_C,_3685_,BUF,0,130,1,10,9,28,2208,0.004524832962138126,1.064,0.26600000000053114,0.003
b15_C,_3686_,BUF,0,0,1,10,1,32,2420,6.124721603883998e-06,1.064,0.26600000000053114,0.003
b15_C,_3687_,AOI22,0,0,4,1,4,35,2593,0.0,2.394,1.0640000000003056,0.003
b15_C,_3688_,NAND2,0,0,2,1,5,35,2593,-0.0008009131403117209,1.33,0.5320000000001528,0.003
b15_C,_3689_,AOI222,0,0,6,1,4,35,2593,0.0,3.724,1.5960000000004584,0.003
b15_C,_3690_,AOI222,0,0,6,1,4,35,2593,-6.102449888523154e-06,3.724,1.5960000000004584,0.003
b15_C,_3691_,AND4,0,0,4,2,6,34,2592,0.0,1.862,0.26600000000053114,0.003
b15_C,_3692_,NAND2,0,0,2,1,4,35,2593,0.0,1.33,0.5320000000001528,0.003
b15_C,_3693_,AOI222,1,239,6,1,5,35,2593,0.00026792873051229016,3.724,1.5960000000004584,0.003
b15_C,_3694_,AOI222,0,0,6,1,4,35,2593,-1.1135857436173069e-07,3.724,1.5960000000004584,0.003
b15_C,_3695_,AND3,1,239,3,2,6,34,2592,1.1091314031208555e-05,1.596,0.26599999999962165,0.003
b15_C,_3696_,NAND2,0,2,2,4,7,33,2539,-0.003465256124721483,1.33,0.5320000000001528,0.003
b15_C,_3697_,BUF,0,2,1,10,8,32,2517,6.953229398676264e-05,1.064,0.26600000000053114,0.003
b15_C,_3698_,NAND2,0,2,2,2,9,31,2239,3.184855233984152e-06,1.33,0.5320000000001528,0.003
b15_C,_3699_,NOR2,0,132,2,6,10,27,2154,0.001718329621380743,1.33,0.5320000000001528,0.003
b15_C,_3700_,BUF,0,132,1,10,11,25,1952,0.0037609131403117946,1.064,0.26600000000053114,0.003
b15_C,_3701_,INV,0,132,1,2,12,24,1536,0.0008152338530067471,0.798,0.26599999999962165,0.003
b15_C,_3702_,INV,0,0,1,5,2,30,2303,-1.848552338534759e-06,0.798,0.26599999999962165,0.003
b15_C,_3703_,BUF,0,0,1,10,3,28,2205,2.2271715138799664e-08,1.064,0.26600000000053114,0.003
b15_C,_3704_,BUF,0,0,1,10,4,22,1668,5.322939866658771e-06,1.064,0.26600000000053114,0.003
b15_C,_3705_,XOR2,0,0,2,1,1,22,1543,0.0,2.394,0.7980000000006839,0.003
b15_C,_3706_,XNOR2,0,0,2,3,7,21,1542,0.0,2.66,1.0640000000003056,0.003
b15_C,_3707_,INV,0,0,1,1,8,20,1532,0.0,0.798,0.26599999999962165,0.003
b15_C,_3708_,AOI22,0,0,4,2,12,19,1531,-0.0005507126948773866,2.394,1.0640000000003056,0.003
b15_C,_3709_,BUF,0,0,1,10,2,26,2240,0.00016966592427625216,1.064,0.26600000000053114,0.003
b15_C,_3710_,AND2,1,237,2,9,7,32,2430,0.004265634743875202,1.33,0.26599999999962165,0.003
b15_C,_3711_,BUF,0,0,1,10,8,26,2001,-0.0012469710467706285,1.064,0.26600000000053114,0.003
b15_C,_3712_,NAND2,0,0,2,2,9,25,1944,-6.309576837404407e-05,1.33,0.5320000000001528,0.003
b15_C,_3713_,NAND2,0,0,2,6,10,27,2143,-0.0016364810690423504,1.33,0.5320000000001528,0.003
b15_C,_3714_,NAND2,0,0,2,4,11,24,1546,0.0,1.33,0.5320000000001528,0.003
b15_C,_3715_,AOI21,0,0,3,5,12,23,1541,-8.146993318480789e-05,1.862,0.7979999999997744,0.003
b15_C,_3716_,NOR2,0,0,2,2,13,19,1531,0.0,1.33,0.5320000000001528,0.003
b15_C,_3717_,BUF,0,0,1,10,3,23,1739,-3.465478841868652e-05,1.064,0.26600000000053114,0.003
b15_C,_3718_,BUF,0,0,1,10,1,24,1596,0.0,1.064,0.26600000000053114,0.003
b15_C,_3719_,XNOR2,0,0,2,2,3,23,1545,0.0,2.66,1.0640000000003056,0.003
b15_C,_3720_,XOR2,0,0,2,2,6,22,1534,0.0,2.394,0.7980000000006839,0.003
b15_C,_3721_,NAND4,0,0,4,1,13,19,1530,-0.0008926726057902901,2.394,1.0640000000003056,0.003
b15_C,_3722_,BUF,0,0,1,10,9,24,1736,6.487750556782856e-05,1.064,0.26600000000053114,0.003
b15_C,_3723_,AND3,0,0,3,7,7,33,2336,0.0,1.596,0.26599999999962165,0.003
b15_C,_3724_,BUF,0,0,1,10,8,32,2235,0.0,1.064,0.26600000000053114,0.003
b15_C,_3725_,AOI211,0,0,4,2,10,23,1537,-3.0133630289475022e-05,2.394,1.0640000000003056,0.003
b15_C,_3726_,XOR2,0,0,2,1,3,24,1545,0.0,2.394,0.7980000000006839,0.003
b15_C,_3727_,XNOR2,0,0,2,3,5,23,1544,0.0,2.66,1.0640000000003056,0.003
b15_C,_3728_,INV,0,0,1,1,6,22,1534,0.0,0.798,0.26599999999962165,0.003
b15_C,_3729_,AOI221,0,0,5,2,12,21,1533,-0.0007371046770601186,2.926,1.3300000000008367,0.003
b15_C,_3730_,NAND2,0,0,2,2,12,21,1533,0.0,1.33,0.5320000000001528,0.003
b15_C,_3731_,AOI22,0,0,4,1,12,21,1532,-0.0007340757238305518,2.394,1.0640000000003056,0.003
b15_C,_3732_,XNOR2,0,0,2,2,6,22,1541,0.0,2.66,1.0640000000003056,0.003
b15_C,_3733_,OAI21,0,0,3,1,13,21,1532,-6.681514452822057e-08,1.862,0.7979999999997744,0.003
b15_C,_3734_,AOI22,0,0,4,1,14,20,1531,1.113585748058199e-07,2.394,1.0640000000003056,0.003
b15_C,_3735_,AND2,0,0,2,1,4,25,1546,0.0,1.33,0.26599999999962165,0.003
b15_C,_3736_,OAI22,0,0,4,3,5,24,1545,6.681514519435439e-08,2.394,1.0640000000003056,0.003
b15_C,_3737_,OAI21,0,0,3,2,13,22,1534,-1.3363028950053035e-07,1.862,0.7979999999997744,0.003
b15_C,_3738_,NAND2,0,0,2,1,9,24,1536,-6.309576837404407e-05,1.33,0.5320000000001528,0.003
b15_C,_3739_,OAI221,0,132,5,1,13,23,1535,-0.0010260356347437938,2.926,1.3300000000008367,0.003
b15_C,_3740_,AOI21,0,132,3,2,14,22,1534,0.0016960356347439642,1.862,0.7979999999997744,0.003
b15_C,_3741_,NAND2,0,0,2,1,15,21,1532,-0.0036761915367482523,1.33,0.5320000000001528,0.003
b15_C,_3742_,NOR2,0,0,2,5,9,24,1665,-8.908685944497563e-08,1.33,0.5320000000001528,0.003
b15_C,_3743_,BUF,0,0,1,10,10,23,1648,0.0,1.064,0.26600000000053114,0.003
b15_C,_3744_,XNOR2,0,0,2,2,2,24,1536,0.0,2.66,1.0640000000003056,0.003
b15_C,_3745_,AOI22,0,0,4,1,12,22,1533,-0.0007883296213806457,2.394,1.0640000000003056,0.003
b15_C,_3746_,NOR3,0,0,3,1,11,23,1534,0.0,1.862,0.7979999999997744,0.003
b15_C,_3747_,OAI21,0,0,3,1,3,23,1534,-7.630289532278844e-05,1.862,0.7979999999997744,0.003
b15_C,_3748_,NOR3,0,0,3,1,12,22,1533,0.0,1.862,0.7979999999997744,0.003
b15_C,_3749_,OAI22,0,132,4,1,15,21,1532,-0.0032359020044543385,2.394,1.0640000000003056,0.00301
b15_C,_3750_,AND2,0,132,2,1,16,20,1531,0.00021302895322961035,1.33,0.26599999999962165,0.003
b15_C,_3751_,NOR2,0,0,2,1,13,20,1531,-2.227171491675506e-08,1.33,0.5320000000001528,0.003
b15_C,_3752_,OAI21,0,132,3,1,17,19,1530,0.000633875278396534,1.862,0.7979999999997744,0.003
b15_C,_3753_,AOI22,0,132,4,1,18,18,1529,-0.0030466815144765125,2.394,1.0640000000003056,0.003
b15_C,_3754_,NOR3,0,0,3,1,13,18,1529,-0.0009057015590197004,1.862,0.7979999999997744,0.003
b15_C,_3755_,NOR2,0,0,2,1,14,18,1529,-0.0001705345211580056,1.33,0.5320000000001528,0.003
b15_C,_3757_,NOR2,0,29,2,2,20,15,417,-0.004192293986637008,1.33,0.5320000000001528,0.003
b15_C,_3758_,NOR2,0,0,2,8,9,27,1325,-2.0512249442994346e-05,1.33,0.5320000000001528,0.003
b15_C,_3759_,NAND4,0,0,4,2,8,18,557,-6.681514452822057e-08,2.394,1.0640000000003056,0.003
b15_C,_3760_,NAND2,0,0,2,2,9,16,422,0.0,1.33,0.5320000000001528,0.003
b15_C,_3761_,NAND2,0,0,2,1,10,15,418,-8.908685944497563e-08,1.33,0.5320000000001528,0.003
b15_C,_3762_,AOI222,0,0,6,1,4,35,2285,-1.991091314024196e-05,3.724,1.5960000000004584,0.003
b15_C,_3763_,AOI222,0,0,6,1,5,35,2285,-0.0007935634743874154,3.724,1.5960000000004584,0.003
b15_C,_3764_,AND2,0,0,2,3,6,34,2284,0.0,1.33,0.26599999999962165,0.003
b15_C,_3765_,AOI22,0,0,4,1,5,35,2285,-0.0013351224944317952,2.394,1.0640000000003056,0.003
b15_C,_3766_,AOI22,0,0,4,1,5,35,2285,0.0,2.394,1.0640000000003056,0.003
b15_C,_3767_,AOI22,0,0,4,1,4,35,2285,0.0,2.394,1.0640000000003056,0.003
b15_C,_3768_,AND2,0,0,2,4,2,37,2291,0.0,1.33,0.26599999999962165,0.003
b15_C,_3769_,NAND4,0,0,4,1,3,36,2286,0.0,2.394,1.0640000000003056,0.003
b15_C,_3770_,NAND4,0,0,4,1,3,36,2286,-0.0021136971046769037,2.394,1.0640000000003056,0.003
b15_C,_3771_,NAND4,0,0,4,1,3,36,2286,0.0,2.394,1.0640000000003056,0.003
b15_C,_3772_,NAND3,0,0,3,1,3,36,2286,-8.930957683395135e-06,1.862,0.7979999999997744,0.003
b15_C,_3773_,AND4,0,0,4,1,4,35,2285,0.0,1.862,0.26600000000053114,0.003
b15_C,_3774_,AND4,0,0,4,3,6,34,2284,0.0,1.862,0.26600000000053114,0.003
b15_C,_3775_,NAND2,0,0,2,5,7,33,2175,0.0,1.33,0.5320000000001528,0.003
b15_C,_3776_,AOI22,0,0,4,1,5,35,2307,-5.011135857380111e-06,2.394,1.0640000000003056,0.003
b15_C,_3777_,AOI222,0,0,6,1,4,35,2307,-0.001605835189309568,3.724,1.5960000000004584,0.003
b15_C,_3778_,AOI22,0,0,4,1,5,35,2307,0.0,2.394,1.0640000000003056,0.003
b15_C,_3779_,AOI22,0,0,4,1,4,35,2307,0.0,2.394,1.0640000000003056,0.003
b15_C,_3780_,NAND4,0,0,4,3,6,34,2306,0.0,2.394,1.0640000000003056,0.003
b15_C,_3781_,NAND2,0,0,2,1,4,35,2307,0.0,1.33,0.5320000000001528,0.003
b15_C,_3782_,AOI222,0,0,6,1,4,35,2307,-0.0008936748329622102,3.724,1.5960000000004584,0.003
b15_C,_3783_,AOI222,0,0,6,1,4,35,2307,-0.0001235412026725502,3.724,1.5960000000004584,0.003
b15_C,_3784_,NAND3,0,0,3,3,5,34,2306,0.0,1.862,0.7979999999997744,0.003
b15_C,_3785_,OR2,0,0,2,4,7,33,2132,0.0,1.33,0.26599999999962165,0.003
b15_C,_3786_,NAND4,0,0,4,4,9,31,1888,-0.0011856124721603134,2.394,1.0640000000003056,0.003
b15_C,_3787_,AOI222,0,0,6,1,5,34,2400,-0.0006894209354120218,3.724,1.5960000000004584,0.003
b15_C,_3788_,AOI222,0,0,6,1,4,34,2400,0.0,3.724,1.5960000000004584,0.003
b15_C,_3789_,AOI22,0,0,4,1,5,34,2400,0.0,2.394,1.0640000000003056,0.003
b15_C,_3790_,NAND3,0,0,3,2,6,33,2399,0.0,1.862,0.7979999999997744,0.003
b15_C,_3791_,NAND2,0,0,2,1,5,34,2400,-0.0014290423162583998,1.33,0.5320000000001528,0.003
b15_C,_3792_,NAND2,0,0,2,1,5,34,2400,-5.924276168967069e-06,1.33,0.5320000000001528,0.003
b15_C,_3793_,AOI222,0,0,6,1,4,34,2400,-1.991091314024196e-05,3.724,1.5960000000004584,0.003
b15_C,_3794_,AOI222,0,0,6,1,4,34,2400,0.0,3.724,1.5960000000004584,0.003
b15_C,_3795_,NAND4,0,0,4,2,6,33,2399,0.0,2.394,1.0640000000003056,0.003
b15_C,_3796_,OR2,0,0,2,7,7,32,2105,0.0,1.33,0.26599999999962165,0.003
b15_C,_3797_,BUF,0,0,1,10,8,29,2044,0.0,1.064,0.26600000000053114,0.003
b15_C,_3798_,NAND2,0,0,2,2,4,33,2256,0.0,1.33,0.5320000000001528,0.003
b15_C,_3799_,AOI22,0,0,4,1,3,34,2257,-1.559020044172854e-07,2.394,1.0640000000003056,0.003
b15_C,_3800_,AOI222,0,0,6,1,4,34,2257,-0.0015302227171491989,3.724,1.5960000000004584,0.003
b15_C,_3801_,AOI22,0,0,4,1,4,34,2257,-2.0556792872827856e-05,2.394,1.0640000000003056,0.003
b15_C,_3802_,AOI22,0,0,4,1,4,34,2257,-1.8930957681462246e-06,2.394,1.0640000000003056,0.003
b15_C,_3803_,AND4,0,0,4,2,5,33,2256,0.0,1.862,0.26600000000053114,0.003
b15_C,_3804_,AOI222,0,0,6,2,5,33,2256,-0.0007935634743874154,3.724,1.5960000000004584,0.003
b15_C,_3805_,AOI222,0,0,6,2,5,33,2256,-5.879732739355603e-06,3.724,1.5960000000004584,0.003
b15_C,_3806_,AND4,0,0,4,9,6,32,1916,0.0,1.862,0.26600000000053114,0.003
b15_C,_3807_,NOR3,0,0,3,4,10,22,762,0.0,1.862,0.7979999999997744,0.003
b15_C,_3808_,AND2,0,0,2,2,11,14,417,0.0,1.33,0.26599999999962165,0.003
b15_C,_3809_,INV,0,0,1,8,1,30,2305,-3.0957683738730424e-06,0.798,0.26599999999962165,0.003
b15_C,_3810_,NOR2,0,0,2,4,2,29,2006,2.2271715138799664e-08,1.33,0.5320000000001528,0.003
b15_C,_3811_,NAND3,0,0,3,1,12,3,2,0.0,1.862,0.7979999999997744,0.003
b15_C,_3812_,OAI21,0,1,3,1,21,2,1,-0.00039367483296226524,1.862,0.7979999999997744,0.003
b15_C,_3813_,NAND4,0,0,4,2,7,33,2133,-0.002375857461024422,2.394,1.0640000000003056,0.003
b15_C,_3814_,BUF,0,0,1,10,8,32,2129,0.0,1.064,0.26600000000053114,0.003
b15_C,_3815_,NOR2,0,0,2,3,9,31,1951,-2.227171491675506e-08,1.33,0.5320000000001528,0.003
b15_C,_3816_,NOR2,0,0,2,6,7,32,1976,0.0,1.33,0.5320000000001528,0.003
b15_C,_3817_,NOR2,0,0,2,3,8,31,1946,0.0,1.33,0.5320000000001528,0.003
b15_C,_3818_,NOR2,0,0,2,5,7,32,2307,0.0,1.33,0.5320000000001528,0.003
b15_C,_3819_,NAND4,0,0,4,9,6,32,2226,4.454343005555472e-08,2.394,1.0640000000003056,0.003
b15_C,_3820_,NOR2,0,0,2,5,8,31,2060,0.0,1.33,0.5320000000001528,0.003
b15_C,_3821_,AND3,0,0,3,5,10,30,1865,0.0,1.596,0.26599999999962165,0.003
b15_C,_3822_,NAND2,0,0,2,2,20,15,416,-0.0035920712694874624,1.33,0.5320000000001528,0.003
b15_C,_3823_,NAND2,0,0,2,2,4,12,764,-6.681514452822057e-08,1.33,0.5320000000001528,0.003
b15_C,_3824_,BUF,0,0,1,10,5,11,669,2.2271715138799664e-08,1.064,0.26600000000053114,0.003
b15_C,_3825_,NOR2,0,0,2,4,9,6,187,-2.227171491675506e-08,1.33,0.5320000000001528,0.003
b15_C,_3826_,INV,0,0,1,1,10,2,1,0.0,0.798,0.26599999999962165,0.003
b15_C,_3827_,BUF,0,0,1,10,2,20,1213,2.2271715138799664e-08,1.064,0.26600000000053114,0.003
b15_C,_3828_,BUF,0,0,1,10,3,14,726,0.0,1.064,0.26600000000053114,0.003
b15_C,_3829_,BUF,0,0,1,10,4,10,504,2.2271715138799664e-08,1.064,0.26600000000053114,0.003
b15_C,_3830_,INV,0,0,1,8,1,30,1615,1.5590200463933002e-07,0.798,0.26599999999962165,0.003
b15_C,_3831_,NAND2,0,0,2,10,5,9,436,1.8485523383127145e-06,1.33,0.5320000000001528,0.003
b15_C,_3832_,CLKBUF,0,0,1,10,6,6,134,-5.122494428633217e-07,1.064,0.26600000000053114,0.003
b15_C,_3833_,BUF,0,0,1,10,1,12,707,1.5077951002195888e-05,1.064,0.26600000000053114,0.003
b15_C,_3834_,OAI221,0,1,5,0,22,1,0,-0.0005819376391980047,2.926,1.3300000000008367,0.003
b15_C,_3835_,INV,0,72,1,3,1,7,131,0.0008406458797329819,0.798,0.26599999999962165,0.003
b15_C,_3836_,NAND2,0,72,2,9,2,6,127,0.0013850556792875945,1.33,0.5320000000001528,0.003
b15_C,_3837_,INV,0,0,1,5,1,8,116,0.0,0.798,0.26599999999962165,0.003
b15_C,_3838_,NAND2,0,0,2,2,2,7,44,-1.0690423160042428e-06,1.33,0.5320000000001528,0.003
b15_C,_3839_,NAND2,0,0,2,1,3,6,41,-0.00014494432071265884,1.33,0.5320000000001528,0.003
b15_C,_3840_,NAND2,0,33,2,6,4,5,40,7.13808463252974e-05,1.33,0.5320000000001528,0.003
b15_C,_3841_,BUF,0,8,1,10,5,2,10,0.00012614699331847667,1.064,0.26600000000053114,0.003
b15_C,_3842_,BUF,0,6,1,10,3,3,12,-8.229398663694987e-05,1.064,0.26600000000053114,0.003
b15_C,_3843_,NAND2,0,1,2,1,4,2,1,-5.405345211562107e-05,1.33,0.5320000000001528,0.003
b15_C,_3844_,NAND2,0,1,2,0,6,1,0,-8.78619153674709e-05,1.33,0.5320000000001528,0.003
b15_C,_3845_,INV,0,0,1,1,1,2,1,0.0,0.798,0.26599999999962165,0.003
b15_C,_3846_,AOI21,0,28,3,1,21,14,414,-0.00018732739420945776,1.862,0.7979999999997744,0.003
b15_C,_3847_,OAI21,0,28,3,4,22,13,413,-4.122494432046153e-05,1.862,0.7979999999997744,0.003
b15_C,_3848_,NOR2,0,6,2,6,23,10,183,-2.75501113584653e-05,1.33,0.5320000000001528,0.003
b15_C,_3849_,NOR2,0,0,2,4,1,32,1436,0.0,1.33,0.5320000000001528,0.003
b15_C,_3850_,NAND2,0,0,2,2,2,31,1423,0.0,1.33,0.5320000000001528,0.003
b15_C,_3851_,BUF,0,1,1,10,1,24,1322,4.7060133630427714e-05,1.064,0.26600000000053114,0.003
b15_C,_3852_,BUF,0,1,1,10,2,15,1107,4.187082405349152e-05,1.064,0.26600000000053114,0.003
b15_C,_3853_,BUF,0,1,1,10,3,12,878,4.654788418734235e-05,1.064,0.26600000000053114,0.003
b15_C,_3854_,BUF,0,1,1,10,4,5,141,4.7795100222902676e-05,1.064,0.26600000000053114,0.003
b15_C,_3855_,OAI22,0,1,4,0,24,1,0,-0.00011271714922056475,2.394,1.0640000000003056,0.003
b15_C,_3856_,NOR3,0,0,3,2,1,4,7,-0.00013031180400879805,1.862,0.7979999999997744,0.003
b15_C,_3857_,AOI21,0,1,3,1,4,2,1,-4.432071269500071e-05,1.862,0.7979999999997744,0.003
b15_C,_3858_,OAI21,0,1,3,0,5,1,0,-6.0378619153755864e-05,1.862,0.7979999999997744,0.003
b15_C,_3859_,INV,0,3,1,3,5,4,5,-0.0003057238307349053,0.798,0.26599999999962165,0.003
b15_C,_3860_,AOI21,0,3,3,3,6,3,4,8.033407572405338e-05,1.862,0.7979999999997744,0.003
b15_C,_3861_,INV,0,0,1,7,1,22,1001,0.0,0.798,0.26599999999962165,0.003
b15_C,_3862_,BUF,0,0,1,10,2,8,531,2.9755011135890186e-05,1.064,0.26600000000053114,0.003
b15_C,_3863_,OAI21,0,1,3,0,7,1,0,-7.474387527839355e-05,1.862,0.7979999999997744,0.003
b15_C,_3864_,INV,0,39,1,3,20,16,953,-0.002627193763919733,0.798,0.26599999999962165,0.003
b15_C,_3865_,NOR2,0,37,2,2,21,12,641,0.0002597327394209259,1.33,0.5320000000001528,0.003
b15_C,_3866_,BUF,0,0,1,10,8,32,1794,0.0,1.064,0.26600000000053114,0.003
b15_C,_3867_,BUF,0,0,1,10,8,32,1815,0.0,1.064,0.26600000000053114,0.003
b15_C,_3868_,NAND2,0,0,2,3,9,30,1585,0.0,1.33,0.5320000000001528,0.003
b15_C,_3869_,NOR2,0,0,2,6,10,24,882,0.00012469933184866555,1.33,0.5320000000001528,0.003
b15_C,_3870_,NOR2,0,0,2,2,9,29,1604,0.0,1.33,0.5320000000001528,0.003
b15_C,_3871_,NOR2,0,0,2,2,5,13,639,-2.5567928730652056e-05,1.33,0.5320000000001528,0.003
b15_C,_3872_,AND3,0,0,3,1,10,12,627,0.0,1.596,0.26599999999962165,0.003
b15_C,_3873_,NAND3,0,37,3,5,22,11,626,9.766146993328562e-05,1.862,0.7979999999997744,0.003
b15_C,_3874_,BUF,0,0,1,10,23,2,10,-0.00025625835189302393,1.064,0.26600000000053114,0.003
b15_C,_3875_,XNOR2,0,0,2,4,1,31,1915,-4.1870824052381295e-06,2.66,1.0640000000003056,0.003
b15_C,_3876_,OR2,0,0,2,3,2,18,383,-6.492204899766207e-05,1.33,0.26599999999962165,0.003
b15_C,_3877_,NOR2,0,0,2,2,3,17,319,-5.055679287213621e-06,1.33,0.5320000000001528,0.003
b15_C,_3878_,NOR2,0,0,2,5,9,30,1667,-0.0005749443207123672,1.33,0.5320000000001528,0.003
b15_C,_3879_,NOR2,0,0,2,2,8,31,1820,-0.002644276169265103,1.33,0.5320000000001528,0.003
b15_C,_3880_,BUF,0,0,1,10,9,20,597,0.0,1.064,0.26600000000053114,0.003
b15_C,_3881_,NOR3,0,0,3,1,10,13,195,-5.033407572296866e-06,1.862,0.7979999999997744,0.003
b15_C,_3882_,NOR3,0,7,3,2,23,12,194,-3.118040088345708e-07,1.862,0.7979999999997744,0.003
b15_C,_3883_,NOR2,0,7,2,3,24,10,177,-0.00012795100222695588,1.33,0.5320000000001528,0.003
b15_C,_3884_,INV,0,0,1,3,1,11,30,0.0,0.798,0.26599999999962165,0.003
b15_C,_3885_,OAI21,0,1,3,0,25,1,0,-4.4587973273779724e-05,1.862,0.7979999999997744,0.003
b15_C,_3886_,NOR4,0,0,4,1,1,7,11,2.2271715138799664e-08,2.394,1.0640000000003056,0.003
b15_C,_3887_,NOR4,0,0,4,1,1,7,11,0.0,2.394,1.0640000000003056,0.003
b15_C,_3888_,NOR4,0,0,4,1,1,7,11,0.0,2.394,1.0640000000003056,0.003
b15_C,_3889_,NOR4,0,0,4,1,1,7,11,0.0,2.394,1.0640000000003056,0.003
b15_C,_3890_,NAND4,0,0,4,1,2,6,10,-0.00014327394209345812,2.394,1.0640000000003056,0.003
b15_C,_3891_,NOR4,0,0,4,1,1,7,11,4.832962138268115e-06,2.394,1.0640000000003056,0.003
b15_C,_3892_,AOI211,0,0,4,1,1,7,11,0.0,2.394,1.0640000000003056,0.003
b15_C,_3893_,NOR4,0,4,4,1,1,7,11,1.129175946545935e-05,2.394,1.0640000000003056,0.003
b15_C,_3894_,NOR4,0,0,4,1,1,7,11,0.0,2.394,1.0640000000003056,0.003
b15_C,_3895_,NAND4,0,4,4,1,2,6,10,-0.00018955456570157736,2.394,1.0640000000003056,0.003
b15_C,_3896_,NOR2,0,4,2,5,3,5,9,0.00015287305122502204,1.33,0.5320000000001528,0.003
b15_C,_3897_,INV,0,3,1,3,4,4,6,-2.4944320712538826e-05,0.798,0.26599999999962165,0.003
b15_C,_3898_,NOR4,0,2,4,2,5,3,3,3.077951002250501e-05,2.394,1.0640000000003056,0.003
b15_C,_3899_,BUF,0,0,1,10,1,5,22,0.0,1.064,0.26600000000053114,0.003
b15_C,_3900_,AOI21,0,1,3,1,6,2,1,-0.0001446102449889075,1.862,0.7979999999997744,0.003
b15_C,_3901_,INV,0,0,1,1,1,2,1,0.0,0.798,0.26599999999962165,0.003
b15_C,_3902_,OAI21,0,1,3,0,7,1,0,-7.719376391968069e-05,1.862,0.7979999999997744,0.003
b15_C,_3903_,NOR2,0,0,2,1,2,3,2,0.0,1.33,0.5320000000001528,0.003
b15_C,_3904_,MUX2,0,0,3,1,4,2,1,-3.443207126951897e-05,2.394,0.5320000000001528,0.003
b15_C,_3905_,OR2,0,1,2,0,6,1,0,-3.532293986641122e-05,1.33,0.26599999999962165,0.003
b15_C,_3906_,INV,0,0,1,5,1,30,1788,0.0,0.798,0.26599999999962165,0.003
b15_C,_3907_,NAND2,0,0,2,3,2,21,496,2.2271715138799664e-08,1.33,0.5320000000001528,0.003
b15_C,_3908_,BUF,0,0,1,10,3,20,455,0.0,1.064,0.26600000000053114,0.003
b15_C,_3909_,NOR3,0,0,3,4,4,10,163,-6.681514452822057e-08,1.862,0.7979999999997744,0.003
b15_C,_3910_,NAND2,0,0,2,6,3,11,841,0.0,1.33,0.5320000000001528,0.003
b15_C,_3911_,NOR3,0,0,3,10,4,10,364,4.0089086850159106e-07,1.862,0.7979999999997744,0.003
b15_C,_3912_,NOR3,0,0,3,2,5,10,141,-2.9042316258554024e-05,1.862,0.7979999999997744,0.003
b15_C,_3913_,NOR4,0,2,4,7,24,9,138,-3.0178173719086487e-05,2.394,1.0640000000003056,0.003
b15_C,_3914_,BUF,0,1,1,10,25,7,110,1.6703786192007186e-06,1.064,0.26600000000053114,0.003
b15_C,_3915_,BUF,0,1,1,10,26,6,48,2.2360801781973194e-05,1.064,0.26600000000053114,0.003
b15_C,_3916_,NAND2,0,0,2,1,27,4,3,-1.0200445434094263e-05,1.33,0.5320000000001528,0.003
b15_C,_3917_,INV,0,0,1,2,4,16,137,0.0,0.798,0.26599999999962165,0.003
b15_C,_3918_,BUF,0,0,1,10,1,12,618,9.799554565592672e-07,1.064,0.26600000000053114,0.003
b15_C,_3919_,OAI211,0,0,4,2,24,8,83,-0.00010187082405321846,2.394,1.0640000000003056,0.003
b15_C,_3920_,INV,0,0,1,3,1,7,86,0.0,0.798,0.26599999999962165,0.003
b15_C,_3921_,OAI21,0,0,3,1,28,3,2,0.0,1.862,0.7979999999997744,0.003
b15_C,_3922_,INV,0,0,1,2,1,11,41,0.0,0.798,0.26599999999962165,0.003
b15_C,_3923_,INV,0,0,1,2,1,14,56,0.0,0.798,0.26599999999962165,0.003
b15_C,_3924_,INV,0,0,1,2,1,17,71,0.0,0.798,0.26599999999962165,0.003
b15_C,_3925_,INV,0,0,1,1,1,19,84,0.0,0.798,0.26599999999962165,0.003
b15_C,_3926_,INV,0,0,1,1,1,21,96,0.0,0.798,0.26599999999962165,0.003
b15_C,_3927_,INV,0,0,1,1,1,23,108,0.0,0.798,0.26599999999962165,0.003
b15_C,_3928_,INV,0,0,1,2,1,26,129,0.0,0.798,0.26599999999962165,0.003
b15_C,_3929_,NAND3,0,0,3,2,1,26,129,0.0,1.862,0.7979999999997744,0.003
b15_C,_3930_,NOR2,0,0,2,2,2,25,124,0.0,1.33,0.5320000000001528,0.003
b15_C,_3931_,AND2,0,0,2,3,3,24,119,0.0,1.33,0.26599999999962165,0.003
b15_C,_3932_,NAND3,0,0,3,2,4,23,111,0.0,1.862,0.7979999999997744,0.003
b15_C,_3933_,NOR2,0,0,2,3,5,22,107,0.0,1.33,0.5320000000001528,0.003
b15_C,_3934_,NAND3,0,0,3,2,6,21,99,0.0,1.862,0.7979999999997744,0.003
b15_C,_3935_,NOR2,0,0,2,3,7,20,95,0.0,1.33,0.5320000000001528,0.003
b15_C,_3936_,NAND3,0,0,3,2,8,19,87,0.0,1.862,0.7979999999997744,0.003
b15_C,_3937_,NOR2,0,0,2,3,9,18,83,0.0,1.33,0.5320000000001528,0.003
b15_C,_3938_,NAND3,0,0,3,2,10,17,71,0.0,1.862,0.7979999999997744,0.003
b15_C,_3939_,NOR2,0,0,2,2,11,16,66,0.0,1.33,0.5320000000001528,0.003
b15_C,_3940_,AND2,0,0,2,2,12,15,61,0.0,1.33,0.26599999999962165,0.003
b15_C,_3941_,NAND2,0,0,2,2,13,14,56,0.0,1.33,0.5320000000001528,0.003
b15_C,_3942_,NOR2,0,0,2,2,14,13,51,0.0,1.33,0.5320000000001528,0.003
b15_C,_3943_,AND2,0,0,2,2,15,12,46,0.0,1.33,0.26599999999962165,0.003
b15_C,_3944_,NAND2,0,0,2,2,16,11,41,0.0,1.33,0.5320000000001528,0.003
b15_C,_3945_,NOR2,0,0,2,2,17,10,36,0.0,1.33,0.5320000000001528,0.003
b15_C,_3946_,AND2,0,0,2,4,18,9,34,0.0,1.33,0.26599999999962165,0.003
b15_C,_3947_,AND3,0,0,3,3,19,8,25,0.0,1.596,0.26599999999962165,0.003
b15_C,_3948_,AND2,0,0,2,2,20,7,17,0.0,1.33,0.26599999999962165,0.003
b15_C,_3949_,AND2,0,0,2,3,21,6,13,0.0,1.33,0.26599999999962165,0.003
b15_C,_3950_,NAND3,0,0,3,1,22,4,3,0.0,1.862,0.7979999999997744,0.003
b15_C,_3951_,XNOR2,0,0,2,1,23,3,2,0.0,2.66,1.0640000000003056,0.003
b15_C,_3952_,BUF,0,2,1,10,1,10,162,6.48329621382171e-05,1.064,0.26600000000053114,0.003
b15_C,_3953_,NOR2,0,0,2,3,8,30,1584,-0.0028706236080178194,1.33,0.5320000000001528,0.003
b15_C,_3954_,NAND2,0,1,2,3,24,9,135,-6.634743875255644e-05,1.33,0.5320000000001528,0.003
b15_C,_3955_,NAND2,0,0,2,9,9,29,1588,-0.0002312917594653463,1.33,0.5320000000001528,0.003
b15_C,_3956_,NOR4,0,15,4,8,23,8,121,0.0007367706013363673,2.394,1.0640000000003056,0.003
b15_C,_3957_,INV,0,0,1,1,24,7,30,-0.0005947438752782475,0.798,0.26599999999962165,0.003
b15_C,_3958_,AOI211,0,0,4,4,25,6,29,-2.9020044543415224e-05,2.394,1.0640000000003056,0.003
b15_C,_3959_,BUF,0,0,1,10,26,5,22,0.0,1.064,0.26600000000053114,0.003
b15_C,_3960_,NOR2,0,1,2,5,25,8,123,-5.407572383075987e-05,1.33,0.5320000000001528,0.003
b15_C,_3961_,BUF,0,0,1,10,26,7,69,-6.81514476608136e-06,1.064,0.26600000000053114,0.003
b15_C,_3962_,BUF,0,0,1,10,27,5,30,0.0,1.064,0.26600000000053114,0.003
b15_C,_3963_,AOI221,0,0,5,1,29,2,1,0.0,2.926,1.3300000000008367,0.003
b15_C,_3964_,NOR2,0,0,2,8,8,31,1852,-0.0005543429844097059,1.33,0.5320000000001528,0.003
b15_C,_3965_,NAND2,0,0,2,3,9,28,360,-1.1848552338600271e-05,1.33,0.5320000000001528,0.003
b15_C,_3966_,NOR2,0,0,2,2,8,31,1671,-0.0024541648106903846,1.33,0.5320000000001528,0.003
b15_C,_3967_,INV,0,0,1,3,9,28,360,0.0,0.798,0.26599999999962165,0.003
b15_C,_3968_,NAND2,0,0,2,5,10,27,359,0.0,1.33,0.5320000000001528,0.003
b15_C,_3969_,OAI21,0,1,3,8,9,27,359,1.15367483297657e-05,1.862,0.7979999999997744,0.003
b15_C,_3970_,AOI22,0,0,4,1,11,24,261,-2.031180400874355e-05,2.394,1.0640000000003056,0.003
b15_C,_3971_,XNOR2,0,0,2,2,12,23,260,2.227171491675506e-08,2.66,1.0640000000003056,0.00301
b15_C,_3972_,AOI22,0,1,4,1,11,26,275,-9.665924276092142e-06,2.394,1.0640000000003056,0.003
b15_C,_3973_,XNOR2,0,1,2,3,12,25,274,1.7483296213649524e-05,2.66,1.0640000000003056,0.00301
b15_C,_3974_,NOR2,0,1,2,1,13,24,261,-3.565701559038459e-05,1.33,0.5320000000001528,0.003
b15_C,_3975_,BUF,0,0,1,10,1,26,524,0.0,1.064,0.26600000000053114,0.003
b15_C,_3976_,AOI22,0,0,4,2,11,25,282,-2.031180400874355e-05,2.394,1.0640000000003056,0.003
b15_C,_3977_,MUX2,0,0,3,2,12,24,271,0.0,2.394,0.5320000000001528,0.003
b15_C,_3978_,NAND2,0,0,2,1,13,24,261,-4.178173719360245e-05,1.33,0.5320000000001528,0.00301
b15_C,_3979_,AOI21,0,1,3,2,14,23,260,1.5924276169254625e-05,1.862,0.7979999999997744,0.00301
b15_C,_3980_,AND2,0,1,2,2,15,22,251,5.055679287213621e-06,1.33,0.26599999999962165,0.00301
b15_C,_3981_,AOI22,0,0,4,1,11,23,252,-2.031180400874355e-05,2.394,1.0640000000003056,0.003
b15_C,_3982_,XNOR2,0,0,2,2,12,22,251,4.454342961146551e-08,2.66,1.0640000000003056,0.00301
b15_C,_3983_,AND2,0,1,2,4,16,21,239,1.9376391982461882e-05,1.33,0.26599999999962165,0.003
b15_C,_3984_,BUF,0,0,1,10,11,23,305,0.0,1.064,0.26600000000053114,0.003
b15_C,_3985_,AOI22,0,0,4,1,12,22,240,-2.031180400874355e-05,2.394,1.0640000000003056,0.003
b15_C,_3986_,XNOR2,0,0,2,4,13,21,239,0.0,2.66,1.0640000000003056,0.00301
b15_C,_3987_,BUF,0,0,1,10,9,22,372,0.0,1.064,0.26600000000053114,0.003
b15_C,_3988_,BUF,0,0,1,10,10,23,306,-1.1670378619044186e-05,1.064,0.26600000000053114,0.003
b15_C,_3989_,AOI22,0,0,4,1,12,22,232,0.0,2.394,1.0640000000003056,0.003
b15_C,_3990_,XNOR2,0,0,2,3,13,21,231,0.0,2.66,1.0640000000003056,0.00301
b15_C,_3991_,BUF,0,0,1,10,1,24,479,0.0,1.064,0.26600000000053114,0.003
b15_C,_3992_,AOI22,0,0,4,1,12,22,222,0.0,2.394,1.0640000000003056,0.003
b15_C,_3993_,XNOR2,0,0,2,2,13,21,221,0.0,2.66,1.0640000000003056,0.00301
b15_C,_3994_,AND4,0,1,4,3,17,20,213,2.2694877505502475e-05,1.862,0.26600000000053114,0.003
b15_C,_3995_,AOI22,0,0,4,1,12,21,214,0.0,2.394,1.0640000000003056,0.003
b15_C,_3996_,XNOR2,0,0,2,3,13,20,213,4.454342961146551e-08,2.66,1.0640000000003056,0.00301
b15_C,_3997_,AOI22,0,0,4,1,12,21,207,0.0,2.394,1.0640000000003056,0.003
b15_C,_3998_,XNOR2,0,0,2,2,13,20,206,0.0,2.66,1.0640000000003056,0.00301
b15_C,_3999_,AND3,0,1,3,5,18,19,204,3.064587973278243e-05,1.596,0.26599999999962165,0.003
b15_C,_4000_,AOI22,0,0,4,1,12,20,196,0.0,2.394,1.0640000000003056,0.003
b15_C,_4001_,XNOR2,0,0,2,4,13,19,195,1.5812917595336984e-06,2.66,1.0640000000003056,0.00301
b15_C,_4002_,AOI22,0,0,4,1,12,20,187,0.0,2.394,1.0640000000003056,0.003
b15_C,_4003_,XNOR2,0,0,2,3,13,19,186,0.0,2.66,1.0640000000003056,0.00301
b15_C,_4004_,AOI22,0,0,4,1,12,20,178,0.0,2.394,1.0640000000003056,0.003
b15_C,_4005_,XNOR2,0,0,2,2,13,19,177,0.0,2.66,1.0640000000003056,0.00301
b15_C,_4006_,NAND4,0,1,4,2,19,18,167,7.327394209610816e-06,2.394,1.0640000000003056,0.00301
b15_C,_4007_,BUF,0,0,1,10,1,21,295,0.0,1.064,0.26600000000053114,0.003
b15_C,_4008_,AOI22,0,0,4,1,12,20,169,0.0,2.394,1.0640000000003056,0.003
b15_C,_4009_,XNOR2,0,0,2,2,13,19,168,0.0,2.66,1.0640000000003056,0.00301
b15_C,_4010_,INV,0,0,1,1,14,18,158,0.0,0.798,0.26599999999962165,0.003
b15_C,_4011_,NOR2,0,1,2,3,20,17,157,2.458797327409279e-05,1.33,0.5320000000001528,0.003
b15_C,_4012_,BUF,0,0,1,10,12,19,203,0.0,1.064,0.26600000000053114,0.003
b15_C,_4013_,BUF,0,0,1,10,1,19,329,0.0,1.064,0.26600000000053114,0.003
b15_C,_4014_,AOI22,0,0,4,1,13,18,158,0.0,2.394,1.0640000000003056,0.003
b15_C,_4015_,XNOR2,0,0,2,3,14,17,157,0.0,2.66,1.0640000000003056,0.00301
b15_C,_4016_,BUF,0,0,1,10,10,20,294,0.0,1.064,0.26600000000053114,0.003
b15_C,_4017_,BUF,0,0,1,10,11,19,203,0.0,1.064,0.26600000000053114,0.003
b15_C,_4018_,AOI22,0,0,4,1,13,18,149,0.0,2.394,1.0640000000003056,0.003
b15_C,_4019_,XNOR2,0,0,2,2,14,17,148,0.0,2.66,1.0640000000003056,0.00301
b15_C,_4020_,NAND3,0,1,3,2,21,16,137,-3.630289532319253e-06,1.862,0.7979999999997744,0.003
b15_C,_4021_,AOI22,0,0,4,1,13,17,138,0.0,2.394,1.0640000000003056,0.003
b15_C,_4022_,XNOR2,0,0,2,2,14,16,137,0.0,2.66,1.0640000000003056,0.00301
b15_C,_4023_,NOR2,0,1,2,3,22,15,127,2.7594654788520856e-05,1.33,0.5320000000001528,0.003
b15_C,_4024_,BUF,0,0,1,10,1,17,278,1.113585748058199e-07,1.064,0.26600000000053114,0.003
b15_C,_4025_,AOI22,0,0,4,1,13,16,128,-6.681514452822057e-08,2.394,1.0640000000003056,0.003
b15_C,_4026_,XNOR2,0,0,2,3,14,15,127,0.0,2.66,1.0640000000003056,0.00301
b15_C,_4027_,BUF,0,0,1,10,1,17,215,0.0,1.064,0.26600000000053114,0.003
b15_C,_4028_,AOI22,0,0,4,1,13,16,121,0.0,2.394,1.0640000000003056,0.003
b15_C,_4029_,XNOR2,0,0,2,2,14,15,120,0.0,2.66,1.0640000000003056,0.00301
b15_C,_4030_,NAND3,0,1,3,2,23,14,112,-3.9643652562926235e-06,1.862,0.7979999999997744,0.003
b15_C,_4031_,AOI22,0,0,4,1,13,16,114,0.0,2.394,1.0640000000003056,0.003
b15_C,_4032_,XNOR2,0,0,2,1,14,15,113,0.0,2.66,1.0640000000003056,0.00301
b15_C,_4033_,INV,0,0,1,2,15,14,112,0.0,0.798,0.26599999999962165,0.003
b15_C,_4034_,NOR2,0,1,2,3,24,13,105,2.66592427617951e-05,1.33,0.5320000000001528,0.003
b15_C,_4035_,BUF,0,0,1,10,1,15,226,0.0,1.064,0.26600000000053114,0.003
b15_C,_4036_,AOI22,0,0,4,1,13,14,106,0.0,2.394,1.0640000000003056,0.003
b15_C,_4037_,XNOR2,0,0,2,3,14,13,105,0.0,2.66,1.0640000000003056,0.00301
b15_C,_4038_,AOI22,0,0,4,1,13,14,99,0.0,2.394,1.0640000000003056,0.003
b15_C,_4039_,XNOR2,0,0,2,2,14,13,98,0.0,2.66,1.0640000000003056,0.00301
b15_C,_4040_,NAND3,0,1,3,2,25,12,91,-6.68151447658083e-06,1.862,0.7979999999997744,0.003
b15_C,_4041_,BUF,0,0,1,10,1,15,195,0.0,1.064,0.26600000000053114,0.003
b15_C,_4042_,AOI22,0,0,4,1,13,14,93,0.0,2.394,1.0640000000003056,0.003
b15_C,_4043_,XNOR2,0,0,2,1,14,13,92,0.0,2.66,1.0640000000003056,0.00301
b15_C,_4044_,INV,0,0,1,2,15,12,91,0.0,0.798,0.26599999999962165,0.003
b15_C,_4045_,OR2,0,1,2,2,26,11,82,8.396436525615059e-06,1.33,0.26599999999962165,0.003
b15_C,_4046_,BUF,0,0,1,10,13,14,107,0.0,1.064,0.26600000000053114,0.003
b15_C,_4047_,BUF,0,0,1,10,1,14,182,0.0,1.064,0.26600000000053114,0.003
b15_C,_4048_,AOI22,0,0,4,1,14,13,84,0.0,2.394,1.0640000000003056,0.003
b15_C,_4049_,XNOR2,0,0,2,1,15,12,83,0.0,2.66,1.0640000000003056,0.00301
b15_C,_4050_,INV,0,0,1,2,16,11,82,0.0,0.798,0.26599999999962165,0.003
b15_C,_4051_,OR2,0,1,2,2,27,10,73,1.120267260579233e-05,1.33,0.26599999999962165,0.003
b15_C,_4052_,BUF,0,0,1,10,11,12,88,0.0,1.064,0.26600000000053114,0.003
b15_C,_4053_,BUF,0,0,1,10,12,13,106,0.0,1.064,0.26600000000053114,0.003
b15_C,_4054_,BUF,0,0,1,10,1,13,161,0.0,1.064,0.26600000000053114,0.003
b15_C,_4055_,AOI22,0,0,4,1,14,12,75,0.0,2.394,1.0640000000003056,0.003
b15_C,_4056_,XNOR2,0,0,2,1,15,11,74,-2.227171491675506e-08,2.66,1.0640000000003056,0.00301
b15_C,_4057_,INV,0,0,1,2,16,10,73,0.0,0.798,0.26599999999962165,0.003
b15_C,_4058_,OR2,0,1,2,2,28,9,64,1.2694877505659008e-05,1.33,0.26599999999962165,0.003
b15_C,_4059_,AOI22,0,0,4,1,14,11,66,0.0,2.394,1.0640000000003056,0.003
b15_C,_4060_,XNOR2,0,0,2,2,15,10,65,-2.227171491675506e-08,2.66,1.0640000000003056,0.00301
b15_C,_4061_,INV,0,0,1,1,16,9,55,0.0,0.798,0.26599999999962165,0.003
b15_C,_4062_,NOR2,0,1,2,3,29,8,54,3.3674832962127255e-05,1.33,0.5320000000001528,0.003
b15_C,_4063_,BUF,0,0,1,10,1,10,107,0.0,1.064,0.26600000000053114,0.003
b15_C,_4064_,AOI22,0,0,4,1,14,9,55,0.0,2.394,1.063999999999396,0.003
b15_C,_4065_,XNOR2,0,0,2,3,15,8,54,-2.227171491675506e-08,2.66,1.063999999999396,0.00301
b15_C,_4066_,CLKBUF,0,0,1,10,1,10,89,0.0,1.064,0.26599999999962165,0.003
b15_C,_4067_,AOI22,0,0,4,1,14,9,48,0.0,2.394,1.063999999999396,0.003
b15_C,_4068_,XNOR2,0,0,2,2,15,8,47,-2.227171491675506e-08,2.66,1.063999999999396,0.00301
b15_C,_4069_,NAND3,0,1,3,2,30,7,39,-4.187082405460174e-06,1.862,0.7979999999997744,0.003
b15_C,_4070_,BUF,0,0,1,10,1,10,91,0.0,1.064,0.26599999999962165,0.003
b15_C,_4071_,AOI22,0,0,4,1,14,9,41,0.0,2.394,1.063999999999396,0.003
b15_C,_4072_,XNOR2,0,0,2,2,15,8,40,-2.227171491675506e-08,2.66,1.063999999999396,0.00301
b15_C,_4073_,INV,0,0,1,1,16,7,30,0.0,0.798,0.26599999999962165,0.003
b15_C,_4074_,NOR2,0,1,2,3,31,6,29,2.7594654788520856e-05,1.33,0.5320000000001528,0.003
b15_C,_4075_,AOI22,0,0,4,1,14,7,30,0.0,2.394,1.063999999999396,0.003
b15_C,_4076_,XNOR2,0,0,2,3,15,6,29,-2.227171491675506e-08,2.66,1.063999999999396,0.00301
b15_C,_4077_,BUF,0,0,1,10,1,8,55,4.454343005555472e-08,1.064,0.26599999999962165,0.003
b15_C,_4078_,AOI22,0,0,4,1,14,7,21,-4.454342983351012e-08,2.394,1.063999999999396,0.003
b15_C,_4079_,XNOR2,0,0,2,2,15,6,20,-2.227171491675506e-08,2.66,1.063999999999396,0.00301
b15_C,_4080_,NAND3,0,1,3,2,32,5,12,-3.919821826015024e-06,1.862,0.7979999999997744,0.003
b15_C,_4081_,AOI22,0,0,4,1,14,7,14,0.0,2.394,1.063999999999396,0.003
b15_C,_4082_,XNOR2,0,0,2,1,15,6,13,-2.227171491675506e-08,2.66,1.063999999999396,0.00301
b15_C,_4083_,INV,0,0,1,2,16,5,12,0.0,0.798,0.26599999999962165,0.003
b15_C,_4084_,NOR2,0,1,2,1,33,3,4,3.7861915367365384e-06,1.33,0.5320000000001528,0.003
b15_C,_4085_,AOI22,0,0,4,1,14,4,5,0.0,2.394,1.063999999999396,0.003
b15_C,_4086_,XNOR2,0,0,2,1,15,3,4,0.0,2.66,1.063999999999396,0.00301
b15_C,_4087_,XNOR2,0,1,2,3,34,2,3,-3.452115812763168e-06,2.66,1.063999999999396,0.00301
b15_C,_4088_,NOR2,0,0,2,2,2,9,125,-1.772828507773383e-05,1.33,0.5320000000001528,0.003
b15_C,_4089_,OR2,0,1,2,3,25,8,110,1.15367483297657e-05,1.33,0.26599999999962165,0.003
b15_C,_4090_,OR2,0,0,2,1,26,6,43,-3.5857461022636983e-06,1.33,0.26599999999962165,0.003
b15_C,_4091_,BUF,0,0,1,10,27,5,42,4.0089086850159106e-07,1.064,0.26599999999962165,0.003
b15_C,_4092_,BUF,0,0,1,10,28,4,14,-8.908685944497563e-08,1.064,0.26599999999962165,0.003
b15_C,_4093_,INV,0,0,1,2,1,12,117,0.0,0.798,0.26599999999962165,0.003
b15_C,_4094_,INV,0,0,1,1,1,14,154,0.0,0.798,0.26599999999962165,0.003
b15_C,_4095_,INV,0,0,1,2,1,16,220,0.0,0.798,0.26599999999962165,0.003
b15_C,_4096_,INV,0,0,1,1,1,18,257,0.0,0.798,0.26599999999962165,0.003
b15_C,_4097_,INV,0,0,1,3,1,19,292,0.0,0.798,0.26599999999962165,0.003
b15_C,_4098_,INV,0,0,1,2,1,19,290,0.0,0.798,0.26599999999962165,0.003
b15_C,_4099_,INV,0,0,1,2,1,20,324,0.0,0.798,0.26599999999962165,0.003
b15_C,_4100_,INV,0,0,1,1,1,22,358,0.0,0.798,0.26599999999962165,0.003
b15_C,_4101_,INV,0,0,1,2,1,24,418,0.0,0.798,0.26599999999962165,0.003
b15_C,_4102_,INV,0,0,1,2,1,26,462,0.0,0.798,0.26599999999962165,0.003
b15_C,_4103_,INV,0,0,1,3,1,28,505,0.0,0.798,0.26599999999962165,0.003
b15_C,_4104_,INV,0,0,1,3,1,28,518,0.0,0.798,0.26599999999962165,0.003
b15_C,_4105_,NAND3,0,0,3,3,1,28,518,0.0,1.862,0.7979999999997744,0.003
b15_C,_4106_,NOR3,0,0,3,3,2,27,489,0.0,1.862,0.7979999999997744,0.003
b15_C,_4107_,NAND3,0,0,3,2,3,26,462,0.0,1.862,0.7979999999997744,0.003
b15_C,_4108_,NOR2,0,0,2,3,4,25,450,0.0,1.33,0.5320000000001528,0.003
b15_C,_4109_,NAND3,0,0,3,2,5,24,418,0.0,1.862,0.7979999999997744,0.003
b15_C,_4110_,NOR2,0,0,2,3,6,23,404,0.0,1.33,0.5320000000001528,0.003
b15_C,_4111_,NAND3,0,0,3,2,7,22,377,0.0,1.862,0.7979999999997744,0.003
b15_C,_4112_,NOR2,0,0,2,3,8,21,357,0.0,1.33,0.5320000000001528,0.003
b15_C,_4113_,NAND3,0,0,3,2,9,20,324,0.0,1.862,0.7979999999997744,0.003
b15_C,_4114_,OR2,0,0,2,3,10,19,308,0.0,1.33,0.26599999999962165,0.003
b15_C,_4115_,OR3,0,0,3,3,11,18,288,0.0,1.596,0.26599999999962165,0.003
b15_C,_4116_,NOR2,0,0,2,3,12,17,256,0.0,1.33,0.5320000000001528,0.003
b15_C,_4117_,NAND3,0,0,3,2,13,16,220,0.0,1.862,0.7979999999997744,0.003
b15_C,_4118_,NOR2,0,0,2,3,14,15,204,0.0,1.33,0.5320000000001528,0.003
b15_C,_4119_,NAND3,0,0,3,2,15,14,169,0.0,1.862,0.7979999999997744,0.003
b15_C,_4120_,NOR2,0,0,2,3,16,13,153,0.0,1.33,0.5320000000001528,0.003
b15_C,_4121_,NAND3,0,0,3,2,17,12,117,0.0,1.862,0.7979999999997744,0.003
b15_C,_4122_,NOR2,0,0,2,2,18,11,103,0.0,1.33,0.5320000000001528,0.003
b15_C,_4123_,NAND2,0,0,2,1,19,8,86,0.0,1.33,0.5320000000001528,0.003
b15_C,_4124_,XOR2,0,0,2,5,20,7,85,0.0,2.394,0.797999999998865,0.003
b15_C,_4125_,INV,0,0,1,2,21,6,56,0.0,0.798,0.26599999999962165,0.003
b15_C,_4126_,NAND2,0,0,2,3,22,3,23,0.0,1.33,0.5320000000001528,0.003
b15_C,_4127_,CLKBUF,0,0,1,10,23,2,10,0.0,1.064,0.26599999999962165,0.003
b15_C,_4128_,NOR2,0,0,2,9,2,23,438,-1.0801781737068694e-05,1.33,0.5320000000001528,0.003
b15_C,_4129_,BUF,0,0,1,10,3,16,349,0.0,1.064,0.26599999999962165,0.003
b15_C,_4130_,CLKBUF,0,0,1,10,4,15,291,0.0,1.064,0.26599999999962165,0.003
b15_C,_4131_,CLKBUF,0,0,1,10,5,14,231,0.0,1.064,0.26599999999962165,0.003
b15_C,_4132_,NOR2,0,0,2,5,9,24,496,2.2271715138799664e-08,1.33,0.5320000000001528,0.003
b15_C,_4133_,BUF,0,0,1,10,10,20,431,0.0,1.064,0.26599999999962165,0.003
b15_C,_4134_,BUF,0,0,1,10,11,15,315,0.0,1.064,0.26599999999962165,0.003
b15_C,_4135_,BUF,0,0,1,10,12,14,251,0.0,1.064,0.26599999999962165,0.003
b15_C,_4136_,AOI221,0,0,5,1,13,7,8,0.0,2.926,1.3299999999990177,0.003
b15_C,_4137_,INV,0,0,1,1,14,6,7,0.0,0.798,0.26599999999962165,0.003
b15_C,_4138_,CLKBUF,0,0,1,10,4,12,221,7.795100223084717e-07,1.064,0.26599999999962165,0.003
b15_C,_4139_,OAI21,0,0,3,1,21,5,6,-1.7817371911199587e-07,1.862,0.7979999999997744,0.003
b15_C,_4140_,NAND2,0,0,2,6,9,24,410,1.5590200463933002e-07,1.33,0.5320000000001528,0.003
b15_C,_4141_,NAND2,0,0,2,10,10,23,399,3.714922049002922e-05,1.33,0.5320000000001528,0.003
b15_C,_4142_,NOR2,0,0,2,4,9,27,1304,0.0,1.33,0.5320000000001528,0.003
b15_C,_4143_,NAND2,0,0,2,1,5,29,1318,-5.924276168967069e-06,1.33,0.5320000000001528,0.003
b15_C,_4144_,AOI22,0,0,4,1,5,30,1319,-2.0556792872827856e-05,2.394,1.063999999999396,0.003
b15_C,_4145_,AOI22,0,0,4,1,4,30,1319,0.0,2.394,1.063999999999396,0.003
b15_C,_4146_,AOI22,0,0,4,1,4,30,1319,0.0,2.394,1.063999999999396,0.003
b15_C,_4147_,AOI222,0,0,6,1,4,30,1319,0.0,3.724,1.595999999999549,0.003
b15_C,_4148_,AND4,0,0,4,1,6,29,1318,0.0,1.862,0.26599999999962165,0.003
b15_C,_4149_,AOI222,0,0,6,1,5,29,1318,-0.0006874832962135979,3.724,1.595999999999549,0.003
b15_C,_4150_,AOI222,0,0,6,1,5,29,1318,-0.0011738975501112137,3.724,1.595999999999549,0.003
b15_C,_4151_,NAND4,0,0,4,6,7,28,1317,0.0,2.394,1.063999999999396,0.003
b15_C,_4152_,NAND2,0,0,2,6,10,26,1293,0.0,1.33,0.5320000000001528,0.003
b15_C,_4153_,AOI22,0,0,4,2,12,22,548,-0.0007883741648104792,2.394,1.063999999999396,0.003
b15_C,_4154_,NAND2,0,0,2,2,13,21,546,0.0,1.33,0.5320000000001528,0.003
b15_C,_4155_,AOI21,0,0,3,8,10,22,540,-0.001668841870823945,1.862,0.7979999999997744,0.003
b15_C,_4156_,BUF,0,0,1,10,4,29,1380,0.0,1.064,0.26599999999962165,0.003
b15_C,_4157_,BUF,0,0,1,10,5,29,1379,-0.0006310467706012179,1.064,0.26599999999962165,0.003
b15_C,_4158_,AOI22,0,0,4,1,6,23,527,0.0,2.394,1.063999999999396,0.003
b15_C,_4159_,BUF,0,0,1,10,4,29,1381,0.0,1.064,0.26599999999962165,0.003
b15_C,_4160_,BUF,0,0,1,10,4,28,1420,0.0,1.064,0.26599999999962165,0.003
b15_C,_4161_,AOI22,0,0,4,1,5,23,527,0.0,2.394,1.063999999999396,0.003
b15_C,_4162_,BUF,0,0,1,10,4,28,1420,0.0,1.064,0.26599999999962165,0.003
b15_C,_4163_,BUF,0,0,1,10,4,29,1380,0.0,1.064,0.26599999999962165,0.003
b15_C,_4164_,AOI22,0,0,4,1,5,23,527,0.0,2.394,1.063999999999396,0.003
b15_C,_4165_,BUF,0,0,1,10,4,29,1380,0.0,1.064,0.26599999999962165,0.003
b15_C,_4166_,BUF,0,0,1,10,4,29,1380,0.0,1.064,0.26599999999962165,0.003
b15_C,_4167_,AOI22,0,0,4,1,5,23,527,0.0,2.394,1.063999999999396,0.003
b15_C,_4168_,NAND4,0,0,4,1,7,22,526,0.0,2.394,1.063999999999396,0.003
b15_C,_4169_,BUF,0,0,1,10,5,29,1380,0.0,1.064,0.26599999999962165,0.003
b15_C,_4170_,BUF,0,0,1,10,5,28,1423,-2.6280623608432307e-06,1.064,0.26599999999962165,0.003
b15_C,_4171_,AOI22,0,0,4,1,6,23,527,0.0,2.394,1.063999999999396,0.003
b15_C,_4172_,BUF,0,0,1,10,5,28,1424,-0.0003518262806232464,1.064,0.26599999999962165,0.003
b15_C,_4173_,BUF,0,0,1,10,4,29,1377,-1.0913140309209979e-06,1.064,0.26599999999962165,0.003
b15_C,_4174_,AOI22,0,0,4,1,6,23,527,0.0,2.394,1.063999999999396,0.003
b15_C,_4175_,BUF,0,0,1,10,4,29,1377,-9.665924276092142e-06,1.064,0.26599999999962165,0.003
b15_C,_4176_,BUF,0,0,1,10,4,29,1380,0.0,1.064,0.26599999999962165,0.003
b15_C,_4177_,AOI22,0,0,4,1,5,23,527,0.0,2.394,1.063999999999396,0.003
b15_C,_4178_,BUF,0,0,1,10,4,29,1380,0.0,1.064,0.26599999999962165,0.003
b15_C,_4179_,BUF,0,0,1,10,4,28,1420,0.0,1.064,0.26599999999962165,0.003
b15_C,_4180_,AOI22,0,0,4,1,5,23,527,0.0,2.394,1.063999999999396,0.003
b15_C,_4181_,NAND4,0,0,4,1,7,22,526,0.0,2.394,1.063999999999396,0.003
b15_C,_4182_,OAI21,0,0,3,2,11,21,525,0.0,1.862,0.7979999999997744,0.003
b15_C,_4183_,NAND2,0,0,2,10,10,27,1298,-0.0013469710467703955,1.33,0.5320000000001528,0.003
b15_C,_4184_,OAI21,0,0,3,1,14,20,524,0.0,1.862,0.7979999999997744,0.003
b15_C,_4185_,AOI22,0,0,4,1,5,26,633,0.0,2.394,1.063999999999396,0.003
b15_C,_4186_,AOI22,0,0,4,1,6,26,633,0.0,2.394,1.063999999999396,0.003
b15_C,_4187_,AOI22,0,0,4,1,5,26,633,0.0,2.394,1.063999999999396,0.003
b15_C,_4188_,AOI22,0,0,4,1,5,26,633,0.0,2.394,1.063999999999396,0.003
b15_C,_4189_,NAND4,0,0,4,1,7,25,632,0.0,2.394,1.063999999999396,0.003
b15_C,_4190_,AOI22,0,0,4,1,5,26,633,0.0,2.394,1.063999999999396,0.003
b15_C,_4191_,AOI22,0,0,4,1,6,26,633,0.0,2.394,1.063999999999396,0.003
b15_C,_4192_,AOI22,0,0,4,1,6,26,633,0.0,2.394,1.063999999999396,0.003
b15_C,_4193_,AOI22,0,0,4,1,6,26,633,0.0,2.394,1.063999999999396,0.003
b15_C,_4194_,NAND4,0,0,4,1,7,25,632,0.0,2.394,1.063999999999396,0.003
b15_C,_4195_,OR2,0,0,2,5,8,24,631,0.0,1.33,0.26599999999962165,0.003
b15_C,_4196_,AND2,0,0,2,1,10,23,615,0.0,1.33,0.26599999999962165,0.003
b15_C,_4197_,AOI221,0,0,5,3,11,22,614,-0.0009799554565701474,2.926,1.3299999999990177,0.003
b15_C,_4198_,AOI22,0,0,4,1,6,27,608,0.0,2.394,1.063999999999396,0.003
b15_C,_4199_,AOI22,0,0,4,1,6,27,608,0.0,2.394,1.063999999999396,0.003
b15_C,_4200_,AOI22,0,0,4,1,5,27,608,0.0,2.394,1.063999999999396,0.003
b15_C,_4201_,AOI22,0,0,4,1,5,27,608,0.0,2.394,1.063999999999396,0.003
b15_C,_4202_,NAND4,0,0,4,1,7,26,607,0.0,2.394,1.063999999999396,0.003
b15_C,_4203_,AOI22,0,0,4,1,5,27,608,0.0,2.394,1.063999999999396,0.003
b15_C,_4204_,AOI22,0,0,4,1,6,27,608,0.0,2.394,1.063999999999396,0.003
b15_C,_4205_,AOI22,0,0,4,1,6,27,608,0.0,2.394,1.063999999999396,0.003
b15_C,_4206_,AOI22,0,0,4,1,5,27,608,0.0,2.394,1.063999999999396,0.003
b15_C,_4207_,NAND4,0,0,4,1,7,26,607,0.0,2.394,1.063999999999396,0.003
b15_C,_4208_,NOR2,0,0,2,6,8,25,606,0.0,1.33,0.5320000000001528,0.003
b15_C,_4209_,NOR2,0,0,2,3,11,24,594,0.0,1.33,0.5320000000001528,0.003
b15_C,_4210_,NOR2,0,0,2,3,10,24,594,0.0,1.33,0.5320000000001528,0.003
b15_C,_4211_,AND2,0,0,2,3,12,24,594,-0.00035273942093527744,1.33,0.26599999999962165,0.003
b15_C,_4212_,OR3,0,0,3,2,13,23,580,0.0,1.596,0.26599999999962165,0.003
b15_C,_4213_,AOI22,0,0,4,1,5,27,584,0.0,2.394,1.063999999999396,0.003
b15_C,_4214_,AOI22,0,0,4,1,5,27,584,0.0,2.394,1.063999999999396,0.003
b15_C,_4215_,AOI22,0,0,4,1,5,27,584,0.0,2.394,1.063999999999396,0.003
b15_C,_4216_,AOI22,0,0,4,1,6,27,584,0.0,2.394,1.063999999999396,0.003
b15_C,_4217_,NAND4,0,0,4,1,7,26,583,0.0,2.394,1.063999999999396,0.003
b15_C,_4218_,AOI22,0,0,4,1,5,27,584,0.0,2.394,1.063999999999396,0.003
b15_C,_4219_,AOI22,0,0,4,1,6,27,584,0.0,2.394,1.063999999999396,0.003
b15_C,_4220_,AOI22,0,0,4,1,5,27,584,0.0,2.394,1.063999999999396,0.003
b15_C,_4221_,AOI22,0,0,4,1,5,27,584,0.0,2.394,1.063999999999396,0.003
b15_C,_4222_,NAND4,0,0,4,1,7,26,583,0.0,2.394,1.063999999999396,0.003
b15_C,_4223_,OR2,0,0,2,4,8,25,582,0.0,1.33,0.26599999999962165,0.003
b15_C,_4224_,AOI22,0,0,4,1,12,24,571,-0.0007883741648104792,2.394,1.063999999999396,0.003
b15_C,_4225_,INV,0,0,1,2,9,24,577,0.0,0.798,0.26599999999962165,0.003
b15_C,_4226_,OAI21,0,0,3,2,13,23,570,0.0,1.862,0.7979999999997744,0.003
b15_C,_4227_,NAND2,0,0,2,2,14,22,546,0.0,1.33,0.5320000000001528,0.003
b15_C,_4228_,NOR2,0,0,2,1,15,21,525,0.0,1.33,0.5320000000001528,0.003
b15_C,_4229_,AOI22,0,0,4,1,5,28,1221,0.0,2.394,1.063999999999396,0.003
b15_C,_4230_,AOI22,0,0,4,1,6,28,1221,0.0,2.394,1.063999999999396,0.003
b15_C,_4231_,AOI222,0,0,6,1,5,28,1221,-0.0006874832962135979,3.724,1.595999999999549,0.003
b15_C,_4232_,AOI22,0,0,4,1,5,28,1221,0.0,2.394,1.063999999999396,0.003
b15_C,_4233_,NAND4,0,0,4,1,7,27,1220,0.0,2.394,1.063999999999396,0.003
b15_C,_4234_,AOI22,0,0,4,1,6,28,1221,0.0,2.394,1.063999999999396,0.003
b15_C,_4235_,AOI22,0,0,4,1,5,28,1221,0.0,2.394,1.063999999999396,0.003
b15_C,_4236_,AOI222,0,0,6,1,5,28,1221,-4.855233852962826e-06,3.724,1.595999999999549,0.003
b15_C,_4237_,NAND3,0,0,3,1,7,27,1220,0.0,1.862,0.7979999999997744,0.003
b15_C,_4238_,NOR2,0,0,2,4,8,26,1219,0.0,1.33,0.5320000000001528,0.003
b15_C,_4239_,INV,0,0,1,2,9,25,1201,0.0,0.798,0.26599999999962165,0.003
b15_C,_4240_,AOI22,0,0,4,1,11,24,1200,-0.0010136525612471914,2.394,1.063999999999396,0.003
b15_C,_4241_,INV,0,0,1,1,12,23,1199,0.0,0.798,0.26599999999962165,0.003
b15_C,_4242_,NAND2,0,0,2,4,2,28,1385,-2.895322939622247e-06,1.33,0.5320000000001528,0.003
b15_C,_4243_,NAND2,0,0,2,5,2,29,1488,1.5590200463933002e-07,1.33,0.5320000000001528,0.003
b15_C,_4244_,NOR2,0,0,2,4,3,28,1483,1.937639198423824e-06,1.33,0.5320000000001528,0.003
b15_C,_4245_,BUF,0,0,1,10,1,30,1445,2.2271715138799664e-08,1.064,0.26599999999962165,0.003
b15_C,_4246_,NAND2,0,0,2,7,2,29,1407,0.0,1.33,0.5320000000001528,0.003
b15_C,_4247_,NAND2,0,0,2,6,2,28,1291,0.0,1.33,0.5320000000001528,0.003
b15_C,_4248_,NOR2,0,0,2,10,3,27,1283,0.0,1.33,0.5320000000001528,0.003
b15_C,_4249_,INV,0,0,1,2,4,26,1282,-9.354120267257571e-07,0.798,0.26599999999962165,0.003
b15_C,_4250_,INV,0,0,1,8,1,28,1364,0.0,0.798,0.26599999999962165,0.003
b15_C,_4251_,OAI21,0,0,3,1,3,26,1281,0.0,1.862,0.7979999999997744,0.003
b15_C,_4252_,NAND2,0,0,2,2,5,25,1280,0.0,1.33,0.5320000000001528,0.003
b15_C,_4253_,NAND2,1,237,2,3,8,31,1647,0.0010684409799555095,1.33,0.5320000000001528,0.003
b15_C,_4254_,AND2,0,0,2,8,7,32,1637,0.0,1.33,0.26599999999962165,0.003
b15_C,_4255_,OAI21,0,0,3,3,9,31,1437,-0.0012799331848549755,1.862,0.7979999999997744,0.003
b15_C,_4256_,OAI21,0,0,3,1,10,30,1420,0.0,1.862,0.7979999999997744,0.003
b15_C,_4257_,AOI21,0,0,3,1,9,31,1421,-0.0015202895322938836,1.862,0.7979999999997744,0.003
b15_C,_4258_,AOI21,0,0,3,1,9,31,1421,0.0,1.862,0.7979999999997744,0.003
b15_C,_4259_,NAND2,0,0,2,1,9,31,1421,0.0,1.33,0.5320000000001528,0.003
b15_C,_4260_,OAI211,0,0,4,6,7,32,1783,0.0,2.394,1.063999999999396,0.003
b15_C,_4261_,OR3,0,0,3,3,9,31,1753,-0.0006626726057907817,1.596,0.26599999999962165,0.003
b15_C,_4262_,AOI221,0,0,5,1,10,30,1420,0.0,2.926,1.3299999999990177,0.00301
b15_C,_4263_,AOI21,0,0,3,1,11,29,1419,-0.002185835189309371,1.862,0.7979999999997744,0.00301
b15_C,_4264_,MUX2,0,0,3,1,8,31,1431,-1.2561247215936433e-05,2.394,0.5319999999992433,0.003
b15_C,_4265_,NOR2,0,0,2,3,8,31,1510,0.0,1.33,0.5320000000001528,0.003
b15_C,_4266_,NOR3,0,0,3,2,8,31,1506,0.0,1.862,0.7979999999997744,0.003
b15_C,_4267_,NOR4,0,0,4,2,9,31,1507,0.0,2.394,1.063999999999396,0.003
b15_C,_4268_,AOI221,0,0,5,2,10,30,1430,-2.227171491675506e-08,2.926,1.3299999999990177,0.00301
b15_C,_4269_,AND2,0,0,2,1,7,32,1432,0.0,1.33,0.26599999999962165,0.003
b15_C,_4270_,OAI21,0,0,3,1,9,31,1431,0.0,1.862,0.7979999999997744,0.003
b15_C,_4271_,OAI21,0,0,3,2,10,30,1430,0.0,1.862,0.7979999999997744,0.003
b15_C,_4272_,NOR4,0,0,4,4,8,31,1557,-2.024498886421533e-05,2.394,1.063999999999396,0.003
b15_C,_4273_,NAND4,0,0,4,2,9,30,1430,-7.594654788167787e-06,2.394,1.063999999999396,0.003
b15_C,_4274_,NOR3,0,0,3,4,8,31,1511,-2.0489977728299635e-05,1.862,0.7979999999997744,0.003
b15_C,_4275_,NOR4,0,0,4,5,9,31,1592,1.5590200463933002e-07,2.394,1.063999999999396,0.003
b15_C,_4276_,NAND2,0,0,2,3,10,30,1500,-8.908685944497563e-08,1.33,0.5320000000001528,0.003
b15_C,_4277_,NAND4,0,0,4,1,11,29,1419,0.0,2.394,1.063999999999396,0.00301
b15_C,_4278_,OAI21,0,0,3,2,12,28,1418,-1.7371937639509838e-06,1.862,0.7979999999997744,0.003
b15_C,_4279_,NOR4,1,237,4,8,10,30,1642,0.021155634743875495,2.394,1.063999999999396,0.003
b15_C,_4280_,AOI21,0,0,3,1,10,30,1430,-0.001282449888641457,1.862,0.7979999999997744,0.003
b15_C,_4281_,AOI22,1,237,4,3,11,29,1429,-0.005212583518930725,2.394,1.063999999999396,0.003
b15_C,_4282_,AOI21,0,0,3,2,8,31,1516,0.0,1.862,0.7979999999997744,0.003
b15_C,_4283_,NAND3,0,0,3,1,9,31,1514,-0.0011739198218261304,1.862,0.7979999999997744,0.003
b15_C,_4284_,NAND2,0,0,2,4,10,30,1513,0.0,1.33,0.5320000000001528,0.003
b15_C,_4285_,NOR2,0,0,2,2,9,31,1515,0.0,1.33,0.5320000000001528,0.003
b15_C,_4286_,NOR2,0,0,2,2,10,30,1433,-0.0013392873051223386,1.33,0.5320000000001528,0.003
b15_C,_4287_,OAI211,0,0,4,2,11,29,1428,-2.0267260578687996e-06,2.394,1.063999999999396,0.003
b15_C,_4288_,NOR2,0,0,2,2,9,31,1503,-0.0013392873051223386,1.33,0.5320000000001528,0.003
b15_C,_4289_,AOI21,0,0,3,1,10,30,1429,-4.855233852962826e-06,1.862,0.7979999999997744,0.003
b15_C,_4290_,OR2,0,0,2,2,11,29,1428,0.0,1.33,0.26599999999962165,0.003
b15_C,_4291_,AND3,1,237,3,2,12,28,1418,0.0007900000000000684,1.596,0.26599999999962165,0.003
b15_C,_4292_,NAND2,0,0,2,2,13,26,1328,-0.001932761692650331,1.33,0.5320000000001528,0.003
b15_C,_4293_,AOI222,0,0,6,5,14,24,1277,-6.138084632523189e-05,3.724,1.595999999999549,0.003
b15_C,_4294_,NAND2,0,0,2,3,3,29,1428,0.0,1.33,0.5320000000001528,0.003
b15_C,_4295_,XNOR2,0,0,2,5,3,27,1333,0.0,2.66,1.063999999999396,0.003
b15_C,_4296_,OAI22,0,0,4,1,4,26,1327,-8.75278396428314e-06,2.394,1.063999999999396,0.003
b15_C,_4297_,AOI21,0,0,3,2,14,25,1326,0.0,1.862,0.7979999999997744,0.003
b15_C,_4298_,NAND2,0,0,2,2,9,30,1452,-6.057906458689644e-06,1.33,0.5320000000001528,0.003
b15_C,_4299_,NOR2,0,0,2,3,10,29,1440,-6.681514452822057e-08,1.33,0.5320000000001528,0.003
b15_C,_4300_,NAND2,0,0,2,1,11,28,1381,-1.781737193784494e-06,1.33,0.5320000000001528,0.003
b15_C,_4301_,AND2,0,0,2,3,12,27,1380,-0.0019424276169264232,1.33,0.26599999999962165,0.003
b15_C,_4302_,NOR2,0,0,2,4,9,30,1709,-2.7527839643548546e-05,1.33,0.5320000000001528,0.003
b15_C,_4303_,AOI21,0,0,3,1,9,31,1499,0.0,1.862,0.7979999999997744,0.003
b15_C,_4304_,AOI21,0,0,3,1,10,30,1498,0.0,1.862,0.7979999999997744,0.003
b15_C,_4305_,NOR2,0,0,2,1,9,31,1499,-2.227171491675506e-08,1.33,0.5320000000001528,0.003
b15_C,_4306_,OAI21,0,0,3,1,9,31,1499,-0.0014815590200445428,1.862,0.7979999999997744,0.003
b15_C,_4307_,NOR3,0,0,3,1,9,31,1499,-0.0013583741648104386,1.862,0.7979999999997744,0.003
b15_C,_4308_,OAI222,0,0,6,1,10,30,1498,0.0,3.724,1.595999999999549,0.00301
b15_C,_4309_,OAI21,0,0,3,2,11,29,1497,0.0,1.862,0.7979999999997744,0.00301
b15_C,_4310_,AND4,0,0,4,1,11,29,1422,0.0,1.862,0.26599999999962165,0.00301
b15_C,_4311_,AOI21,0,0,3,2,12,28,1421,0.0,1.862,0.7979999999997744,0.003
b15_C,_4312_,NAND3,0,0,3,2,12,28,1421,-0.0038303340757237514,1.862,0.7979999999997744,0.003
b15_C,_4313_,OAI21,0,0,3,3,13,27,1380,0.0,1.862,0.7979999999997744,0.003
b15_C,_4314_,AND2,0,0,2,2,3,28,1383,-2.227171491675506e-08,1.33,0.26599999999962165,0.003
b15_C,_4315_,AOI22,0,0,4,3,4,27,1380,-5.975501113586468e-05,2.394,1.063999999999396,0.003
b15_C,_4316_,NAND3,0,0,3,1,14,26,1327,0.0,1.862,0.7979999999997744,0.003
b15_C,_4317_,AND2,0,0,2,2,10,28,1419,-2.227171491675506e-08,1.33,0.26599999999962165,0.003
b15_C,_4318_,INV,0,0,1,1,10,29,1491,0.0,0.798,0.26599999999962165,0.003
b15_C,_4319_,OAI21,0,0,3,3,12,28,1490,0.0,1.862,0.7979999999997744,0.00301
b15_C,_4320_,NOR2,0,0,2,4,8,30,1458,0.0,1.33,0.5320000000001528,0.003
b15_C,_4321_,NOR4,0,0,4,1,11,29,1420,-0.0025720489977725247,2.394,1.063999999999396,0.003
b15_C,_4322_,NOR2,0,0,2,2,12,28,1419,-8.908685944497563e-08,1.33,0.5320000000001528,0.003
b15_C,_4323_,NAND2,0,0,2,3,10,30,1492,-2.227171491675506e-08,1.33,0.5320000000001528,0.003
b15_C,_4324_,NAND2,0,0,2,2,10,30,1489,0.0,1.33,0.5320000000001528,0.003
b15_C,_4325_,NOR2,0,0,2,2,8,31,1429,-0.0024541648106903846,1.33,0.5320000000001528,0.003
b15_C,_4326_,NOR2,0,0,2,1,9,30,1421,0.0,1.33,0.5320000000001528,0.003
b15_C,_4327_,AND3,0,0,3,1,11,29,1420,0.0,1.596,0.26599999999962165,0.003
b15_C,_4328_,NAND2,0,0,2,3,9,31,1523,-2.227171491675506e-08,1.33,0.5320000000001528,0.003
b15_C,_4329_,NAND2,0,0,2,3,10,30,1442,0.0,1.33,0.5320000000001528,0.003
b15_C,_4330_,NOR3,0,0,3,1,11,29,1420,-2.672605790010607e-07,1.862,0.7979999999997744,0.003
b15_C,_4331_,NAND2,0,0,2,3,9,29,1491,0.0,1.33,0.5320000000001528,0.003
b15_C,_4332_,OAI221,0,0,5,2,12,28,1419,0.0,2.926,1.3299999999990177,0.003
b15_C,_4333_,NOR4,0,0,4,2,13,27,1398,0.0,2.394,1.063999999999396,0.003
b15_C,_4334_,MUX2,0,0,3,3,4,28,1418,0.0,2.394,0.5319999999992433,0.003
b15_C,_4335_,OAI21,0,0,3,2,13,27,1398,0.0,1.862,0.7979999999997744,0.003
b15_C,_4336_,AOI21,0,0,3,1,14,26,1327,0.0,1.862,0.7979999999997744,0.003
b15_C,_4337_,AOI21,0,0,3,3,14,26,1377,0.0,1.862,0.7979999999997744,0.003
b15_C,_4338_,OAI21,0,0,3,2,15,25,1326,0.0,1.862,0.7979999999997744,0.003
b15_C,_4339_,NOR2,0,0,2,2,16,24,1265,0.0,1.33,0.5320000000001528,0.003
b15_C,_4340_,XNOR2,0,0,2,7,17,23,1248,0.0,2.66,1.063999999999396,0.00301
b15_C,_4341_,AOI221,0,0,5,3,18,22,1198,0.0,2.926,1.3299999999990177,0.00301
b15_C,_4342_,AOI22,0,0,4,1,6,27,1263,0.0,2.394,1.063999999999396,0.003
b15_C,_4343_,AOI22,0,0,4,1,4,27,1263,0.0,2.394,1.063999999999396,0.003
b15_C,_4344_,AOI22,0,0,4,1,5,27,1263,0.0,2.394,1.063999999999396,0.003
b15_C,_4345_,AOI22,0,0,4,1,6,27,1263,0.0,2.394,1.063999999999396,0.003
b15_C,_4346_,NAND4,0,0,4,1,7,26,1262,0.0,2.394,1.063999999999396,0.003
b15_C,_4347_,AOI22,0,0,4,1,5,27,1263,0.0,2.394,1.063999999999396,0.003
b15_C,_4348_,AOI22,0,0,4,1,5,27,1263,-0.0013370155902003855,2.394,1.063999999999396,0.003
b15_C,_4349_,AOI22,0,0,4,1,4,27,1263,0.0,2.394,1.063999999999396,0.003
b15_C,_4350_,AOI22,0,0,4,1,4,27,1263,-2.0556792872827856e-05,2.394,1.063999999999396,0.003
b15_C,_4351_,NAND4,0,0,4,1,6,26,1262,0.0,2.394,1.063999999999396,0.003
b15_C,_4352_,OR2,0,0,2,4,8,25,1261,0.0,1.33,0.26599999999962165,0.003
b15_C,_4353_,AOI22,0,0,4,1,11,24,1235,-0.0010136525612471914,2.394,1.063999999999396,0.003
b15_C,_4354_,INV,0,0,1,2,9,24,1238,0.0,0.798,0.26599999999962165,0.003
b15_C,_4355_,XNOR2,0,0,2,6,16,24,1295,0.0,2.66,1.063999999999396,0.00301
b15_C,_4356_,OAI221,0,0,5,2,17,23,1234,-6.171492204898321e-05,2.926,1.3299999999990177,0.00301
b15_C,_4357_,INV,0,0,1,3,18,22,1199,0.0,0.798,0.26599999999962165,0.003
b15_C,_4358_,NOR4,0,0,4,2,10,23,1235,-2.1002227171385002e-05,2.394,1.063999999999396,0.003
b15_C,_4359_,OR2,0,0,2,2,11,26,1293,0.0,1.33,0.26599999999962165,0.003
b15_C,_4360_,AOI22,0,0,4,1,4,29,1294,-1.8930957681462246e-06,2.394,1.063999999999396,0.003
b15_C,_4361_,AOI22,0,0,4,1,5,29,1294,-0.0006752561247216349,2.394,1.063999999999396,0.003
b15_C,_4362_,AOI22,0,0,4,1,5,29,1294,-5.011135857380111e-06,2.394,1.063999999999396,0.003
b15_C,_4363_,AOI22,0,0,4,1,4,29,1294,0.0,2.394,1.063999999999396,0.003
b15_C,_4364_,NAND4,0,0,4,1,6,28,1293,0.0,2.394,1.063999999999396,0.003
b15_C,_4365_,AOI22,0,0,4,1,5,29,1294,0.0,2.394,1.063999999999396,0.003
b15_C,_4366_,AOI22,0,0,4,1,5,29,1294,-0.001206837416481088,2.394,1.063999999999396,0.003
b15_C,_4367_,AOI22,0,0,4,1,4,29,1294,-2.0556792872827856e-05,2.394,1.063999999999396,0.003
b15_C,_4368_,AOI22,0,0,4,1,4,29,1294,0.0,2.394,1.063999999999396,0.003
b15_C,_4369_,NAND4,0,0,4,1,6,28,1293,0.0,2.394,1.063999999999396,0.003
b15_C,_4370_,OR2,0,0,2,5,7,27,1292,1.2026726057268178e-06,1.33,0.26599999999962165,0.003
b15_C,_4371_,AOI22,0,0,4,1,11,26,1266,-0.0010137861915364699,2.394,1.063999999999396,0.003
b15_C,_4372_,NAND2,0,0,2,2,12,25,1265,0.0,1.33,0.5320000000001528,0.003
b15_C,_4373_,INV,0,0,1,2,13,24,1236,-7.416481068833747e-06,0.798,0.26599999999962165,0.003
b15_C,_4374_,NAND2,0,0,2,3,10,24,1265,7.554565701584082e-05,1.33,0.5320000000001528,0.003
b15_C,_4375_,OR4,0,0,4,1,13,27,1364,0.0,1.862,0.26599999999962165,0.003
b15_C,_4376_,INV,0,0,1,1,5,27,1364,0.0,0.798,0.26599999999962165,0.003
b15_C,_4377_,AOI21,1,237,3,1,13,27,1364,0.0010684632516704262,1.862,0.7979999999997744,0.003
b15_C,_4378_,OAI21,1,237,3,3,14,26,1363,-0.0031751002227171643,1.862,0.7979999999997744,0.003
b15_C,_4379_,AND3,0,0,3,2,14,26,1326,0.0,1.596,0.26599999999962165,0.003
b15_C,_4380_,OAI21,0,0,3,3,15,25,1324,-0.0020641202672606607,1.862,0.7979999999997744,0.003
b15_C,_4381_,OR3,1,237,3,3,15,25,1324,0.004860155902004504,1.596,0.26599999999962165,0.003
b15_C,_4382_,NAND3,1,237,3,3,16,24,1265,0.0009396213808465781,1.862,0.7979999999997744,0.003
b15_C,_4383_,AOI21,1,224,3,2,17,23,1234,-0.0006440757238306283,1.862,0.7979999999997744,0.003
b15_C,_4384_,NOR2,0,0,2,8,11,24,1269,0.0,1.33,0.5320000000001528,0.003
b15_C,_4385_,NAND2,0,0,2,1,11,26,1288,-1.781737193784494e-06,1.33,0.5320000000001528,0.003
b15_C,_4386_,AOI22,0,0,4,1,4,28,1315,0.0,2.394,1.063999999999396,0.003
b15_C,_4387_,AOI22,0,0,4,1,4,28,1315,0.0,2.394,1.063999999999396,0.003
b15_C,_4388_,AOI22,0,0,4,1,5,28,1315,0.0,2.394,1.063999999999396,0.003
b15_C,_4389_,AOI22,0,0,4,1,4,28,1315,-2.0556792872827856e-05,2.394,1.063999999999396,0.003
b15_C,_4390_,NAND4,0,0,4,1,6,27,1314,0.0,2.394,1.063999999999396,0.003
b15_C,_4391_,AOI22,0,0,4,1,4,28,1315,0.0,2.394,1.063999999999396,0.003
b15_C,_4392_,AOI22,0,0,4,1,5,28,1315,-0.0013370155902003855,2.394,1.063999999999396,0.003
b15_C,_4393_,AOI22,0,0,4,1,5,28,1315,-5.011135857380111e-06,2.394,1.063999999999396,0.003
b15_C,_4394_,AOI22,0,0,4,1,5,28,1315,-0.0006752561247216349,2.394,1.063999999999396,0.003
b15_C,_4395_,NAND4,0,0,4,1,6,27,1314,0.0,2.394,1.063999999999396,0.003
b15_C,_4396_,OR2,0,0,2,6,7,26,1313,0.0,1.33,0.26599999999962165,0.003
b15_C,_4397_,AOI221,0,0,5,2,12,25,1287,-0.003290089086859682,2.926,1.3299999999990177,0.003
b15_C,_4398_,INV,0,0,1,2,13,24,1272,0.0,0.798,0.26599999999962165,0.003
b15_C,_4399_,MUX2,0,0,3,1,12,25,1287,0.0,2.394,0.5319999999992433,0.003
b15_C,_4400_,NAND3,0,0,3,1,14,26,1345,0.0,1.862,0.7979999999997744,0.003
b15_C,_4401_,NAND2,0,0,2,9,15,25,1344,-0.002118619153675061,1.33,0.5320000000001528,0.003
b15_C,_4402_,OAI21,0,0,3,3,16,24,1286,-7.619153674842671e-05,1.862,0.7979999999997744,0.003
b15_C,_4403_,MUX2,0,0,3,3,17,23,1261,-8.307349665725994e-06,2.394,0.5319999999992433,0.003
b15_C,_4404_,NAND3,0,0,3,2,17,23,1234,-0.002286993318485475,1.862,0.7979999999997744,0.003
b15_C,_4405_,AOI211,1,222,4,3,18,22,1199,0.006489331848552382,2.394,1.063999999999396,0.00301
b15_C,_4406_,NOR3,1,196,3,3,19,21,1165,-0.005792828507795056,1.862,0.7979999999997744,0.00301
b15_C,_4407_,NOR4,0,0,4,3,9,21,1165,-1.3964365255914046e-05,2.394,1.063999999999396,0.003
b15_C,_4408_,OAI21,0,0,3,1,20,20,524,-0.0017158574610243171,1.862,0.7979999999997744,0.003
b15_C,_4409_,OR2,0,0,2,2,13,20,545,0.0,1.33,0.26599999999962165,0.003
b15_C,_4410_,AOI21,0,0,3,4,21,19,523,0.0,1.862,0.7979999999997744,0.003
b15_C,_4411_,AOI222,0,0,6,1,6,22,508,0.0,3.724,1.595999999999549,0.003
b15_C,_4412_,AOI22,0,0,4,1,6,22,508,0.0,2.394,1.063999999999396,0.003
b15_C,_4413_,AOI22,0,0,4,1,6,22,508,0.0,2.394,1.063999999999396,0.003
b15_C,_4414_,NAND3,0,0,3,1,7,21,507,0.0,1.862,0.7979999999997744,0.003
b15_C,_4415_,AOI222,0,0,6,1,5,22,508,0.0,3.724,1.595999999999549,0.003
b15_C,_4416_,AOI222,0,0,6,1,6,22,508,0.0,3.724,1.595999999999549,0.003
b15_C,_4417_,AOI222,0,0,6,1,5,22,508,0.0,3.724,1.595999999999549,0.003
b15_C,_4418_,NAND3,0,0,3,1,7,21,507,0.0,1.862,0.7979999999997744,0.003
b15_C,_4419_,OAI21,0,0,3,1,11,20,506,0.0,1.862,0.7979999999997744,0.003
b15_C,_4420_,MUX2,0,0,3,3,12,19,505,0.0,2.394,0.5319999999992433,0.003
b15_C,_4421_,AOI22,0,0,4,1,6,22,484,0.0,2.394,1.063999999999396,0.003
b15_C,_4422_,AOI22,0,0,4,1,5,22,484,0.0,2.394,1.063999999999396,0.003
b15_C,_4423_,AOI22,0,0,4,1,5,22,484,0.0,2.394,1.063999999999396,0.003
b15_C,_4424_,AOI22,0,0,4,1,5,22,484,0.0,2.394,1.063999999999396,0.003
b15_C,_4425_,NAND4,0,0,4,1,7,21,483,0.0,2.394,1.063999999999396,0.003
b15_C,_4426_,AOI22,0,0,4,1,6,22,484,0.0,2.394,1.063999999999396,0.003
b15_C,_4427_,AOI22,0,0,4,1,6,22,484,0.0,2.394,1.063999999999396,0.003
b15_C,_4428_,AOI22,0,0,4,1,5,22,484,0.0,2.394,1.063999999999396,0.003
b15_C,_4429_,AOI22,0,0,4,1,5,22,484,0.0,2.394,1.063999999999396,0.003
b15_C,_4430_,NAND4,0,0,4,1,7,21,483,0.0,2.394,1.063999999999396,0.003
b15_C,_4431_,OAI21,0,0,3,1,11,20,482,0.0,1.862,0.7979999999997744,0.003
b15_C,_4432_,MUX2,0,0,3,2,12,19,481,0.0,2.394,0.5319999999992433,0.003
b15_C,_4433_,AND3,0,0,3,4,22,18,479,0.0,1.596,0.26599999999962165,0.003
b15_C,_4434_,AOI22,0,0,4,1,5,21,461,0.0,2.394,1.063999999999396,0.003
b15_C,_4435_,AOI22,0,0,4,1,6,21,461,0.0,2.394,1.063999999999396,0.003
b15_C,_4436_,AOI22,0,0,4,1,5,21,461,0.0,2.394,1.063999999999396,0.003
b15_C,_4437_,AOI22,0,0,4,1,6,21,461,0.0,2.394,1.063999999999396,0.003
b15_C,_4438_,NAND4,0,0,4,1,7,20,460,0.0,2.394,1.063999999999396,0.003
b15_C,_4439_,AOI22,0,0,4,1,6,21,461,0.0,2.394,1.063999999999396,0.003
b15_C,_4440_,AOI22,0,0,4,1,5,21,461,0.0,2.394,1.063999999999396,0.003
b15_C,_4441_,AOI22,0,0,4,1,5,21,461,0.0,2.394,1.063999999999396,0.003
b15_C,_4442_,AOI22,0,0,4,1,6,21,461,0.0,2.394,1.063999999999396,0.003
b15_C,_4443_,NAND4,0,0,4,1,7,20,460,0.0,2.394,1.063999999999396,0.003
b15_C,_4444_,OAI21,0,0,3,1,11,19,459,0.0,1.862,0.7979999999997744,0.003
b15_C,_4445_,MUX2,0,0,3,3,12,18,458,0.0,2.394,0.5319999999992433,0.003
b15_C,_4446_,BUF,0,0,1,10,5,22,549,0.0,1.064,0.26599999999962165,0.003
b15_C,_4447_,BUF,0,0,1,10,6,22,548,0.0,1.064,0.26599999999962165,0.003
b15_C,_4448_,AOI22,0,0,4,1,7,21,441,0.0,2.394,1.063999999999396,0.003
b15_C,_4449_,AOI22,0,0,4,1,6,21,441,0.0,2.394,1.063999999999396,0.003
b15_C,_4450_,AOI22,0,0,4,1,5,21,441,0.0,2.394,1.063999999999396,0.003
b15_C,_4451_,BUF,0,0,1,10,5,22,546,0.0,1.064,0.26599999999962165,0.003
b15_C,_4452_,BUF,0,0,1,10,5,22,549,0.0,1.064,0.26599999999962165,0.003
b15_C,_4453_,AOI22,0,0,4,1,6,21,441,0.0,2.394,1.063999999999396,0.003
b15_C,_4454_,NAND4,0,0,4,1,8,20,440,0.0,2.394,1.063999999999396,0.003
b15_C,_4455_,BUF,0,0,1,10,6,22,551,0.0,1.064,0.26599999999962165,0.003
b15_C,_4456_,BUF,0,0,1,10,5,22,547,0.0,1.064,0.26599999999962165,0.003
b15_C,_4457_,AOI22,0,0,4,1,7,21,441,0.0,2.394,1.063999999999396,0.003
b15_C,_4458_,BUF,0,0,1,10,5,22,549,0.0,1.064,0.26599999999962165,0.003
b15_C,_4459_,AOI22,0,0,4,1,6,21,441,0.0,2.394,1.063999999999396,0.003
b15_C,_4460_,AOI22,0,0,4,1,5,21,441,0.0,2.394,1.063999999999396,0.003
b15_C,_4461_,AOI22,0,0,4,1,5,21,441,0.0,2.394,1.063999999999396,0.003
b15_C,_4462_,NAND4,0,0,4,1,8,20,440,0.0,2.394,1.063999999999396,0.003
b15_C,_4463_,OAI21,0,0,3,1,11,19,439,0.0,1.862,0.7979999999997744,0.003
b15_C,_4464_,MUX2,0,0,3,2,12,18,438,0.0,2.394,0.5319999999992433,0.003
b15_C,_4465_,AND3,0,0,3,2,23,17,417,0.0,1.596,0.26599999999962165,0.003
b15_C,_4466_,BUF,0,0,1,10,5,22,527,0.0,1.064,0.26599999999962165,0.003
b15_C,_4467_,AOI22,0,0,4,1,6,20,420,0.0,2.394,1.063999999999396,0.003
b15_C,_4468_,BUF,0,0,1,10,6,22,528,0.0,1.064,0.26599999999962165,0.003
b15_C,_4469_,AOI22,0,0,4,1,7,20,420,0.0,2.394,1.063999999999396,0.003
b15_C,_4470_,BUF,0,0,1,10,5,22,528,0.0,1.064,0.26599999999962165,0.003
b15_C,_4471_,BUF,0,0,1,10,5,22,525,0.0,1.064,0.26599999999962165,0.003
b15_C,_4472_,AOI22,0,0,4,1,6,20,420,0.0,2.394,1.063999999999396,0.003
b15_C,_4473_,BUF,0,0,1,10,6,22,527,0.0,1.064,0.26599999999962165,0.003
b15_C,_4474_,AOI22,0,0,4,1,7,20,420,0.0,2.394,1.063999999999396,0.003
b15_C,_4475_,NAND4,0,0,4,1,8,19,419,0.0,2.394,1.063999999999396,0.003
b15_C,_4476_,BUF,0,0,1,10,5,22,527,0.0,1.064,0.26599999999962165,0.003
b15_C,_4477_,AOI22,0,0,4,1,7,20,420,0.0,2.394,1.063999999999396,0.003
b15_C,_4478_,BUF,0,0,1,10,5,22,527,0.0,1.064,0.26599999999962165,0.003
b15_C,_4479_,AOI22,0,0,4,1,6,20,420,0.0,2.394,1.063999999999396,0.003
b15_C,_4480_,BUF,0,0,1,10,5,22,525,0.0,1.064,0.26599999999962165,0.003
b15_C,_4481_,BUF,0,0,1,10,5,22,524,0.0,1.064,0.26599999999962165,0.003
b15_C,_4482_,AOI22,0,0,4,1,6,20,420,0.0,2.394,1.063999999999396,0.003
b15_C,_4483_,AOI22,0,0,4,1,6,20,420,0.0,2.394,1.063999999999396,0.003
b15_C,_4484_,NAND4,0,0,4,1,8,19,419,0.0,2.394,1.063999999999396,0.003
b15_C,_4485_,OAI21,0,0,3,1,11,18,418,0.0,1.862,0.7979999999997744,0.003
b15_C,_4486_,MUX2,0,0,3,2,12,17,417,0.0,2.394,0.5319999999992433,0.003
b15_C,_4487_,AND2,0,0,2,2,24,16,394,0.0,1.33,0.26599999999962165,0.003
b15_C,_4488_,AOI22,0,0,4,1,7,19,397,0.0,2.394,1.063999999999396,0.003
b15_C,_4489_,AOI22,0,0,4,1,7,19,397,0.0,2.394,1.063999999999396,0.003
b15_C,_4490_,AOI22,0,0,4,1,6,19,397,0.0,2.394,1.063999999999396,0.003
b15_C,_4491_,AOI22,0,0,4,1,7,19,397,0.0,2.394,1.063999999999396,0.003
b15_C,_4492_,NAND4,0,0,4,1,8,18,396,0.0,2.394,1.063999999999396,0.003
b15_C,_4493_,AOI22,0,0,4,1,6,19,397,0.0,2.394,1.063999999999396,0.003
b15_C,_4494_,AOI22,0,0,4,1,7,19,397,0.0,2.394,1.063999999999396,0.003
b15_C,_4495_,AOI22,0,0,4,1,6,19,397,0.0,2.394,1.063999999999396,0.003
b15_C,_4496_,AOI22,0,0,4,1,6,19,397,0.0,2.394,1.063999999999396,0.003
b15_C,_4497_,NAND4,0,0,4,1,8,18,396,0.0,2.394,1.063999999999396,0.003
b15_C,_4498_,OAI21,0,0,3,1,11,17,395,0.0,1.862,0.7979999999997744,0.003
b15_C,_4499_,MUX2,0,0,3,2,12,16,394,0.0,2.394,0.5319999999992433,0.003
b15_C,_4500_,AND2,0,0,2,3,25,15,368,0.0,1.33,0.26599999999962165,0.003
b15_C,_4501_,AOI22,0,0,4,1,7,18,371,0.0,2.394,1.063999999999396,0.003
b15_C,_4502_,AOI22,0,0,4,1,7,18,371,0.0,2.394,1.063999999999396,0.003
b15_C,_4503_,AOI22,0,0,4,1,6,18,371,0.0,2.394,1.063999999999396,0.003
b15_C,_4504_,AOI22,0,0,4,1,7,18,371,0.0,2.394,1.063999999999396,0.003
b15_C,_4505_,NAND4,0,0,4,1,8,17,370,0.0,2.394,1.063999999999396,0.003
b15_C,_4506_,AOI22,0,0,4,1,6,18,371,0.0,2.394,1.063999999999396,0.003
b15_C,_4507_,AOI22,0,0,4,1,7,18,371,0.0,2.394,1.063999999999396,0.003
b15_C,_4508_,AOI22,0,0,4,1,6,18,371,0.0,2.394,1.063999999999396,0.003
b15_C,_4509_,AOI22,0,0,4,1,6,18,371,0.0,2.394,1.063999999999396,0.003
b15_C,_4510_,NAND4,0,0,4,1,8,17,370,0.0,2.394,1.063999999999396,0.003
b15_C,_4511_,OAI21,0,0,3,1,11,16,369,0.0,1.862,0.7979999999997744,0.003
b15_C,_4512_,MUX2,0,0,3,3,12,15,368,0.0,2.394,0.5319999999992433,0.003
b15_C,_4513_,AOI211,0,0,4,4,26,14,222,-2.5389755010873927e-05,2.394,1.063999999999396,0.003
b15_C,_4514_,BUF,0,0,1,10,27,13,217,0.0,1.064,0.26599999999962165,0.003
b15_C,_4515_,BUF,0,0,1,10,28,12,162,6.681514519435439e-08,1.064,0.26599999999962165,0.003
b15_C,_4516_,BUF,0,0,1,10,29,9,79,2.739420935427006e-05,1.064,0.26599999999962165,0.003
b15_C,_4517_,XNOR2,0,0,2,3,19,10,24,0.0,2.66,1.063999999999396,0.003
b15_C,_4518_,NOR2,0,0,2,1,20,9,21,-1.3363028927848575e-07,1.33,0.5320000000001528,0.003
b15_C,_4519_,NOR2,0,0,2,3,10,22,686,0.0,1.33,0.5320000000001528,0.003
b15_C,_4520_,NAND3,0,0,3,5,11,21,602,-1.4543429843749678e-05,1.862,0.7979999999997744,0.003
b15_C,_4521_,NAND2,0,0,2,4,11,21,338,0.0,1.33,0.5320000000001528,0.003
b15_C,_4522_,AOI21,0,0,3,7,12,16,224,-2.438752783961995e-05,1.862,0.7979999999997744,0.003
b15_C,_4523_,BUF,0,0,1,10,6,18,260,0.0,1.064,0.26599999999962165,0.003
b15_C,_4524_,BUF,0,0,1,10,7,18,262,0.0,1.064,0.26599999999962165,0.003
b15_C,_4525_,AOI22,0,0,4,1,8,15,41,0.0,2.394,1.063999999999396,0.003
b15_C,_4526_,BUF,0,0,1,10,7,18,251,0.0,1.064,0.26599999999962165,0.003
b15_C,_4527_,BUF,0,0,1,10,6,18,249,0.0,1.064,0.26599999999962165,0.003
b15_C,_4528_,AOI22,0,0,4,1,8,15,41,0.0,2.394,1.063999999999396,0.003
b15_C,_4529_,BUF,0,0,1,10,6,18,253,0.0,1.064,0.26599999999962165,0.003
b15_C,_4530_,CLKBUF,0,0,1,10,6,18,250,0.0,1.064,0.26599999999962165,0.003
b15_C,_4531_,AOI22,0,0,4,1,7,15,41,0.0,2.394,1.063999999999396,0.003
b15_C,_4532_,BUF,0,0,1,10,6,18,260,0.0,1.064,0.26599999999962165,0.003
b15_C,_4533_,CLKBUF,0,0,1,10,6,18,249,0.0,1.064,0.26599999999962165,0.003
b15_C,_4534_,AOI22,0,0,4,1,7,15,41,0.0,2.394,1.063999999999396,0.003
b15_C,_4535_,NAND4,0,0,4,1,9,14,40,0.0,2.394,1.063999999999396,0.003
b15_C,_4536_,BUF,0,0,1,10,7,18,254,0.0,1.064,0.26599999999962165,0.003
b15_C,_4537_,CLKBUF,0,0,1,10,6,18,251,0.0,1.064,0.26599999999962165,0.003
b15_C,_4538_,AOI22,0,0,4,1,8,15,41,0.0,2.394,1.063999999999396,0.003
b15_C,_4539_,BUF,0,0,1,10,6,18,249,0.0,1.064,0.26599999999962165,0.003
b15_C,_4540_,BUF,0,0,1,10,7,18,256,0.0,1.064,0.26599999999962165,0.003
b15_C,_4541_,AOI22,0,0,4,1,8,15,41,0.0,2.394,1.063999999999396,0.003
b15_C,_4542_,BUF,0,0,1,10,6,18,249,0.0,1.064,0.26599999999962165,0.003
b15_C,_4543_,BUF,0,0,1,10,6,18,251,0.0,1.064,0.26599999999962165,0.003
b15_C,_4544_,AOI22,0,0,4,1,7,15,41,0.0,2.394,1.063999999999396,0.003
b15_C,_4545_,BUF,0,0,1,10,6,18,260,0.0,1.064,0.26599999999962165,0.003
b15_C,_4546_,BUF,0,0,1,10,6,18,255,0.0,1.064,0.26599999999962165,0.003
b15_C,_4547_,AOI22,0,0,4,1,7,15,41,0.0,2.394,1.063999999999396,0.003
b15_C,_4548_,NAND4,0,0,4,1,9,14,40,0.0,2.394,1.063999999999396,0.003
b15_C,_4549_,OAI21,0,0,3,2,13,13,39,0.0,1.862,0.7979999999997744,0.003
b15_C,_4550_,AOI22,0,0,4,1,7,17,79,0.0,2.394,1.063999999999396,0.003
b15_C,_4551_,AOI22,0,0,4,1,7,17,79,0.0,2.394,1.063999999999396,0.003
b15_C,_4552_,AOI22,0,0,4,1,7,17,79,0.0,2.394,1.063999999999396,0.003
b15_C,_4553_,AOI22,0,0,4,1,6,17,79,0.0,2.394,1.063999999999396,0.003
b15_C,_4554_,NAND4,0,0,4,1,8,16,78,0.0,2.394,1.063999999999396,0.003
b15_C,_4555_,AOI22,0,0,4,1,7,17,79,0.0,2.394,1.063999999999396,0.003
b15_C,_4556_,AOI22,0,0,4,1,8,17,79,0.0,2.394,1.063999999999396,0.003
b15_C,_4557_,AOI22,0,0,4,1,8,17,79,0.0,2.394,1.063999999999396,0.003
b15_C,_4558_,AOI22,0,0,4,1,6,17,79,0.0,2.394,1.063999999999396,0.003
b15_C,_4559_,NAND4,0,0,4,1,9,16,78,0.0,2.394,1.063999999999396,0.003
b15_C,_4560_,OAI21,0,0,3,2,13,15,77,0.0,1.862,0.7979999999997744,0.003
b15_C,_4561_,NAND2,0,0,2,3,12,20,289,0.0,1.33,0.5320000000001528,0.003
b15_C,_4562_,NAND2,0,0,2,4,13,19,248,-6.681514452822057e-08,1.33,0.5320000000001528,0.003
b15_C,_4563_,AOI22,0,0,4,1,7,21,153,0.0,2.394,1.063999999999396,0.003
b15_C,_4564_,AOI22,0,0,4,1,6,21,153,0.0,2.394,1.063999999999396,0.003
b15_C,_4565_,AOI22,0,0,4,1,6,21,153,0.0,2.394,1.063999999999396,0.003
b15_C,_4566_,AOI22,0,0,4,1,6,21,153,0.0,2.394,1.063999999999396,0.003
b15_C,_4567_,NAND4,0,0,4,1,8,20,152,0.0,2.394,1.063999999999396,0.003
b15_C,_4568_,AOI22,0,0,4,1,7,21,153,0.0,2.394,1.063999999999396,0.003
b15_C,_4569_,AOI22,0,0,4,1,6,21,153,0.0,2.394,1.063999999999396,0.003
b15_C,_4570_,AOI22,0,0,4,1,7,21,153,0.0,2.394,1.063999999999396,0.003
b15_C,_4571_,AOI22,0,0,4,1,7,21,153,0.0,2.394,1.063999999999396,0.003
b15_C,_4572_,NAND4,0,0,4,1,8,20,152,0.0,2.394,1.063999999999396,0.003
b15_C,_4573_,NOR2,0,0,2,2,9,19,151,0.0,1.33,0.5320000000001528,0.003
b15_C,_4574_,AOI22,0,0,4,1,7,21,153,0.0,2.394,1.063999999999396,0.003
b15_C,_4575_,AOI22,0,0,4,1,6,21,153,0.0,2.394,1.063999999999396,0.003
b15_C,_4576_,AOI22,0,0,4,1,7,21,153,0.0,2.394,1.063999999999396,0.003
b15_C,_4577_,AOI22,0,0,4,1,6,21,153,0.0,2.394,1.063999999999396,0.003
b15_C,_4578_,NAND4,0,0,4,1,8,20,152,0.0,2.394,1.063999999999396,0.003
b15_C,_4579_,AOI22,0,0,4,1,6,21,153,0.0,2.394,1.063999999999396,0.003
b15_C,_4580_,AOI22,0,0,4,1,6,21,153,0.0,2.394,1.063999999999396,0.003
b15_C,_4581_,AOI22,0,0,4,1,6,21,153,0.0,2.394,1.063999999999396,0.003
b15_C,_4582_,AOI22,0,0,4,1,5,21,153,0.0,2.394,1.063999999999396,0.003
b15_C,_4583_,NAND4,0,0,4,1,7,20,152,0.0,2.394,1.063999999999396,0.003
b15_C,_4584_,NOR2,0,0,2,2,9,19,151,0.0,1.33,0.5320000000001528,0.003
b15_C,_4585_,NOR3,0,0,3,3,14,18,148,0.0,1.862,0.7979999999997744,0.003
b15_C,_4586_,AOI22,0,0,4,1,7,20,134,0.0,2.394,1.063999999999396,0.003
b15_C,_4587_,AOI22,0,0,4,1,7,20,134,0.0,2.394,1.063999999999396,0.003
b15_C,_4588_,AOI22,0,0,4,1,6,20,134,0.0,2.394,1.063999999999396,0.003
b15_C,_4589_,AOI22,0,0,4,1,7,20,134,0.0,2.394,1.063999999999396,0.003
b15_C,_4590_,NAND4,0,0,4,1,8,19,133,0.0,2.394,1.063999999999396,0.003
b15_C,_4591_,AOI22,0,0,4,1,6,20,134,0.0,2.394,1.063999999999396,0.003
b15_C,_4592_,AOI22,0,0,4,1,7,20,134,0.0,2.394,1.063999999999396,0.003
b15_C,_4593_,AOI22,0,0,4,1,6,20,134,0.0,2.394,1.063999999999396,0.003
b15_C,_4594_,AOI22,0,0,4,1,6,20,134,0.0,2.394,1.063999999999396,0.003
b15_C,_4595_,NAND4,0,0,4,1,8,19,133,0.0,2.394,1.063999999999396,0.003
b15_C,_4596_,OR2,0,0,2,2,9,18,132,0.0,1.33,0.26599999999962165,0.003
b15_C,_4597_,AND2,0,0,2,3,15,17,130,0.0,1.33,0.26599999999962165,0.003
b15_C,_4598_,AOI22,0,0,4,1,6,20,115,0.0,2.394,1.063999999999396,0.003
b15_C,_4599_,AOI22,0,0,4,1,7,20,115,0.0,2.394,1.063999999999396,0.003
b15_C,_4600_,AOI22,0,0,4,1,7,20,115,0.0,2.394,1.063999999999396,0.003
b15_C,_4601_,AOI22,0,0,4,1,6,20,115,0.0,2.394,1.063999999999396,0.003
b15_C,_4602_,NAND4,0,0,4,1,8,19,114,0.0,2.394,1.063999999999396,0.003
b15_C,_4603_,AOI22,0,0,4,1,7,20,115,0.0,2.394,1.063999999999396,0.003
b15_C,_4604_,AOI22,0,0,4,1,6,20,115,0.0,2.394,1.063999999999396,0.003
b15_C,_4605_,AOI22,0,0,4,1,7,20,115,0.0,2.394,1.063999999999396,0.003
b15_C,_4606_,AOI22,0,0,4,1,6,20,115,0.0,2.394,1.063999999999396,0.003
b15_C,_4607_,NAND4,0,0,4,1,8,19,114,0.0,2.394,1.063999999999396,0.003
b15_C,_4608_,NOR2,0,0,2,1,9,18,113,0.0,1.33,0.5320000000001528,0.003
b15_C,_4609_,NOR2,0,0,2,2,14,17,112,0.0,1.33,0.5320000000001528,0.003
b15_C,_4610_,AND2,0,0,2,3,16,16,110,0.0,1.33,0.26599999999962165,0.003
b15_C,_4611_,AOI22,0,0,4,1,8,17,96,0.0,2.394,1.063999999999396,0.003
b15_C,_4612_,AOI22,0,0,4,1,6,17,96,0.0,2.394,1.063999999999396,0.003
b15_C,_4613_,AOI222,0,0,6,1,7,17,96,0.0,3.724,1.595999999999549,0.003
b15_C,_4614_,NAND2,0,0,2,1,6,18,97,0.0,1.33,0.5320000000001528,0.003
b15_C,_4615_,AOI222,0,0,6,1,6,18,97,0.0,3.724,1.595999999999549,0.003
b15_C,_4616_,AOI222,0,0,6,1,7,18,97,0.0,3.724,1.595999999999549,0.003
b15_C,_4617_,AOI22,0,0,4,1,7,18,97,0.0,2.394,1.063999999999396,0.003
b15_C,_4618_,AND4,0,0,4,1,8,17,96,0.0,1.862,0.26599999999962165,0.003
b15_C,_4619_,NAND4,0,0,4,2,9,16,95,0.0,2.394,1.063999999999396,0.003
b15_C,_4620_,NAND2,0,0,2,3,17,15,93,0.0,1.33,0.5320000000001528,0.003
b15_C,_4621_,NOR2,0,0,2,3,18,14,75,0.0,1.33,0.5320000000001528,0.003
b15_C,_4622_,NAND2,0,0,2,1,7,15,61,0.0,1.33,0.5320000000001528,0.003
b15_C,_4623_,AOI222,0,0,6,1,6,16,62,0.0,3.724,1.595999999999549,0.003
b15_C,_4624_,AOI22,0,0,4,1,8,16,62,0.0,2.394,1.063999999999396,0.003
b15_C,_4625_,AOI22,0,0,4,1,8,16,62,0.0,2.394,1.063999999999396,0.003
b15_C,_4626_,AOI22,0,0,4,1,8,16,62,0.0,2.394,1.063999999999396,0.003
b15_C,_4627_,AND4,0,0,4,1,9,15,61,0.0,1.862,0.26599999999962165,0.003
b15_C,_4628_,AOI222,0,0,6,1,8,15,61,0.0,3.724,1.595999999999549,0.003
b15_C,_4629_,AOI222,0,0,6,1,7,15,61,0.0,3.724,1.595999999999549,0.003
b15_C,_4630_,NAND4,0,0,4,2,10,14,60,0.0,2.394,1.063999999999396,0.003
b15_C,_4631_,NAND2,0,0,2,3,19,13,58,0.0,1.33,0.5320000000001528,0.003
b15_C,_4632_,NOR2,0,0,2,2,20,12,24,0.0,1.33,0.5320000000001528,0.003
b15_C,_4633_,NAND2,0,0,2,1,7,13,25,0.0,1.33,0.5320000000001528,0.003
b15_C,_4634_,AOI222,0,0,6,1,7,14,26,0.0,3.724,1.595999999999549,0.003
b15_C,_4635_,AOI22,0,0,4,1,8,14,26,0.0,2.394,1.063999999999396,0.003
b15_C,_4636_,AOI22,0,0,4,1,7,14,26,0.0,2.394,1.063999999999396,0.003
b15_C,_4637_,AOI22,0,0,4,1,8,14,26,0.0,2.394,1.063999999999396,0.003
b15_C,_4638_,AND4,0,0,4,1,9,13,25,0.0,1.862,0.26599999999962165,0.003
b15_C,_4639_,AOI222,0,0,6,1,8,13,25,0.0,3.724,1.595999999999549,0.003
b15_C,_4640_,AOI222,0,0,6,1,7,13,25,0.0,3.724,1.595999999999549,0.003
b15_C,_4641_,NAND4,0,0,4,2,10,12,24,0.0,2.394,1.063999999999396,0.003
b15_C,_4642_,AOI21,0,0,3,1,21,11,23,0.0,1.862,0.7979999999997744,0.003
b15_C,_4643_,AOI211,0,0,4,1,22,10,22,-2.5389755010873927e-05,2.394,1.063999999999396,0.003
b15_C,_4644_,AOI221,0,0,5,1,23,9,21,0.0,2.926,1.3299999999990177,0.003
b15_C,_4645_,AOI21,0,0,3,2,24,8,20,-1.559020044172854e-07,1.862,0.7979999999997744,0.003
b15_C,_4646_,NAND2,0,0,2,2,30,6,16,-4.23162583507164e-06,1.33,0.5320000000001528,0.003
b15_C,_4647_,NOR2,0,0,2,5,14,14,176,-2.6837416480907095e-05,1.33,0.5320000000001528,0.003
b15_C,_4648_,AOI22,0,0,4,1,8,15,142,0.0,2.394,1.063999999999396,0.003
b15_C,_4649_,AOI22,0,0,4,1,8,15,142,0.0,2.394,1.063999999999396,0.003
b15_C,_4650_,AOI22,0,0,4,1,7,15,142,0.0,2.394,1.063999999999396,0.003
b15_C,_4651_,AOI22,0,0,4,1,7,15,142,0.0,2.394,1.063999999999396,0.003
b15_C,_4652_,NAND4,0,0,4,1,9,14,141,0.0,2.394,1.063999999999396,0.003
b15_C,_4653_,AOI22,0,0,4,1,8,15,142,0.0,2.394,1.063999999999396,0.003
b15_C,_4654_,AOI22,0,0,4,1,7,15,142,0.0,2.394,1.063999999999396,0.003
b15_C,_4655_,AOI22,0,0,4,1,8,15,142,0.0,2.394,1.063999999999396,0.003
b15_C,_4656_,AOI22,0,0,4,1,7,15,142,0.0,2.394,1.063999999999396,0.003
b15_C,_4657_,NAND4,0,0,4,1,9,14,141,0.0,2.394,1.063999999999396,0.003
b15_C,_4658_,OAI21,0,0,3,1,15,13,140,0.0,1.862,0.7979999999997744,0.003
b15_C,_4659_,AOI22,0,0,4,1,13,13,140,0.0,2.394,1.063999999999396,0.003
b15_C,_4660_,AOI21,0,0,3,2,16,12,139,0.0,1.862,0.7979999999997744,0.003
b15_C,_4661_,XNOR2,0,0,2,3,11,13,142,0.0,2.66,1.063999999999396,0.003
b15_C,_4662_,NOR2,0,0,2,2,12,12,139,0.0,1.33,0.5320000000001528,0.003
b15_C,_4663_,OAI21,0,0,3,3,28,11,131,0.0,1.862,0.7979999999997744,0.003
b15_C,_4664_,NOR2,0,0,2,4,2,20,305,-1.0801781737068694e-05,1.33,0.5320000000001528,0.003
b15_C,_4665_,AOI22,0,0,4,1,13,13,161,0.0,2.394,1.063999999999396,0.003
b15_C,_4666_,AOI22,0,0,4,1,8,15,163,0.0,2.394,1.063999999999396,0.003
b15_C,_4667_,AOI22,0,0,4,1,8,15,163,0.0,2.394,1.063999999999396,0.003
b15_C,_4668_,AOI22,0,0,4,1,7,15,163,0.0,2.394,1.063999999999396,0.003
b15_C,_4669_,AOI22,0,0,4,1,7,15,163,0.0,2.394,1.063999999999396,0.003
b15_C,_4670_,NAND4,0,0,4,1,9,14,162,0.0,2.394,1.063999999999396,0.003
b15_C,_4671_,AOI22,0,0,4,1,7,15,163,0.0,2.394,1.063999999999396,0.003
b15_C,_4672_,AOI22,0,0,4,1,8,15,163,0.0,2.394,1.063999999999396,0.003
b15_C,_4673_,AOI22,0,0,4,1,8,15,163,0.0,2.394,1.063999999999396,0.003
b15_C,_4674_,AOI22,0,0,4,1,7,15,163,0.0,2.394,1.063999999999396,0.003
b15_C,_4675_,NAND4,0,0,4,1,9,14,162,0.0,2.394,1.063999999999396,0.003
b15_C,_4676_,NOR2,0,0,2,1,10,13,161,0.0,1.33,0.5320000000001528,0.003
b15_C,_4677_,AOI21,0,0,3,10,9,22,409,-6.681514452822057e-08,1.862,0.7979999999997744,0.003
b15_C,_4678_,BUF,0,0,1,10,10,18,354,0.0,1.064,0.26599999999962165,0.003
b15_C,_4679_,NAND2,0,0,2,2,13,15,170,0.0,1.33,0.5320000000001528,0.003
b15_C,_4680_,OAI21,0,0,3,2,14,12,160,0.0,1.862,0.7979999999997744,0.003
b15_C,_4681_,NAND2,0,0,2,1,9,14,164,0.0,1.33,0.5320000000001528,0.003
b15_C,_4682_,XNOR2,0,0,2,3,10,13,163,0.0,2.66,1.063999999999396,0.003
b15_C,_4683_,NOR2,0,0,2,2,11,12,160,0.0,1.33,0.5320000000001528,0.003
b15_C,_4684_,OAI21,0,0,3,4,28,11,152,0.0,1.862,0.7979999999997744,0.003
b15_C,_4685_,XNOR2,0,0,2,2,10,14,151,0.0,2.66,1.063999999999396,0.003
b15_C,_4686_,INV,0,0,1,2,11,13,150,0.0,0.798,0.26599999999962165,0.003
b15_C,_4687_,AOI22,0,0,4,1,8,15,151,0.0,2.394,1.063999999999396,0.003
b15_C,_4688_,AOI22,0,0,4,1,8,15,151,0.0,2.394,1.063999999999396,0.003
b15_C,_4689_,AOI22,0,0,4,1,7,15,151,0.0,2.394,1.063999999999396,0.003
b15_C,_4690_,AOI22,0,0,4,1,8,15,151,0.0,2.394,1.063999999999396,0.003
b15_C,_4691_,NAND4,0,0,4,1,9,14,150,0.0,2.394,1.063999999999396,0.003
b15_C,_4692_,AOI22,0,0,4,1,7,15,151,0.0,2.394,1.063999999999396,0.003
b15_C,_4693_,AOI22,0,0,4,1,8,15,151,0.0,2.394,1.063999999999396,0.003
b15_C,_4694_,AOI22,0,0,4,1,7,15,151,0.0,2.394,1.063999999999396,0.003
b15_C,_4695_,AOI22,0,0,4,1,7,15,151,0.0,2.394,1.063999999999396,0.003
b15_C,_4696_,NAND4,0,0,4,1,9,14,150,0.0,2.394,1.063999999999396,0.003
b15_C,_4697_,OAI21,0,0,3,1,15,13,149,0.0,1.862,0.7979999999997744,0.003
b15_C,_4698_,AOI221,0,0,5,1,12,13,149,0.0,2.926,1.3299999999990177,0.003
b15_C,_4699_,AOI22,0,0,4,2,16,12,148,0.0,2.394,1.063999999999396,0.003
b15_C,_4700_,NAND2,0,0,2,3,28,11,140,0.0,1.33,0.5320000000001528,0.003
b15_C,_4701_,NAND3,0,0,3,1,29,10,112,-1.2026726057268178e-06,1.862,0.7979999999997744,0.003
b15_C,_4702_,AOI21,0,0,3,1,3,14,129,-9.599109131341876e-06,1.862,0.7979999999997744,0.003
b15_C,_4703_,AOI222,0,0,6,1,7,15,130,0.0,3.724,1.595999999999549,0.003
b15_C,_4704_,AOI222,0,0,6,1,8,15,130,0.0,3.724,1.595999999999549,0.003
b15_C,_4705_,AOI22,0,0,4,1,7,15,130,0.0,2.394,1.063999999999396,0.003
b15_C,_4706_,AOI222,0,0,6,1,7,17,132,0.0,3.724,1.595999999999549,0.003
b15_C,_4707_,AOI222,0,0,6,1,7,17,132,0.0,3.724,1.595999999999549,0.003
b15_C,_4708_,NAND2,0,0,2,1,8,16,131,0.0,1.33,0.5320000000001528,0.003
b15_C,_4709_,AOI221,0,0,5,1,9,15,130,0.0,2.926,1.3299999999990177,0.003
b15_C,_4710_,NAND4,0,0,4,1,10,14,129,0.0,2.394,1.063999999999396,0.003
b15_C,_4711_,AOI221,0,0,5,1,15,13,128,0.0,2.926,1.3299999999990177,0.003
b15_C,_4712_,OAI21,0,0,3,1,11,14,131,0.0,1.862,0.7979999999997744,0.003
b15_C,_4713_,AND2,0,0,2,3,12,13,130,0.0,1.33,0.26599999999962165,0.003
b15_C,_4714_,AOI21,0,0,3,2,16,12,127,0.0,1.862,0.7979999999997744,0.003
b15_C,_4715_,AND2,0,0,2,2,29,10,121,-2.227171491675506e-08,1.33,0.26599999999962165,0.003
b15_C,_4716_,NOR2,0,0,2,3,30,9,111,1.0178173719399553e-05,1.33,0.5320000000001528,0.003
b15_C,_4717_,OAI21,0,0,3,1,3,15,112,0.0,1.862,0.7979999999997744,0.003
b15_C,_4718_,AOI22,0,0,4,1,7,17,114,0.0,2.394,1.063999999999396,0.003
b15_C,_4719_,AOI22,0,0,4,1,8,17,114,0.0,2.394,1.063999999999396,0.003
b15_C,_4720_,AOI22,0,0,4,1,8,17,114,0.0,2.394,1.063999999999396,0.003
b15_C,_4721_,AOI22,0,0,4,1,7,17,114,0.0,2.394,1.063999999999396,0.003
b15_C,_4722_,NAND4,0,0,4,1,9,16,113,0.0,2.394,1.063999999999396,0.003
b15_C,_4723_,AOI22,0,0,4,1,7,17,114,0.0,2.394,1.063999999999396,0.003
b15_C,_4724_,AOI22,0,0,4,1,8,17,114,0.0,2.394,1.063999999999396,0.003
b15_C,_4725_,AOI22,0,0,4,1,8,17,114,0.0,2.394,1.063999999999396,0.003
b15_C,_4726_,AOI22,0,0,4,1,7,17,114,0.0,2.394,1.063999999999396,0.003
b15_C,_4727_,NAND4,0,0,4,1,9,16,113,0.0,2.394,1.063999999999396,0.003
b15_C,_4728_,NOR2,0,0,2,1,10,15,112,0.0,1.33,0.5320000000001528,0.003
b15_C,_4729_,OAI21,0,0,3,1,14,14,111,0.0,1.862,0.7979999999997744,0.003
b15_C,_4730_,AOI21,0,0,3,1,15,13,110,0.0,1.862,0.7979999999997744,0.003
b15_C,_4731_,XOR2,0,0,2,3,13,13,112,0.0,2.394,0.797999999998865,0.003
b15_C,_4732_,AOI21,0,0,3,2,16,12,109,0.0,1.862,0.7979999999997744,0.003
b15_C,_4733_,NAND2,0,0,2,3,28,10,101,0.0,1.33,0.5320000000001528,0.003
b15_C,_4734_,NAND2,0,0,2,1,13,14,102,0.0,1.33,0.5320000000001528,0.003
b15_C,_4735_,XNOR2,0,0,2,3,14,13,101,0.0,2.66,1.063999999999396,0.003
b15_C,_4736_,AOI22,0,0,4,1,7,15,102,0.0,2.394,1.063999999999396,0.003
b15_C,_4737_,AOI22,0,0,4,1,7,15,102,0.0,2.394,1.063999999999396,0.003
b15_C,_4738_,AOI22,0,0,4,1,8,15,102,0.0,2.394,1.063999999999396,0.003
b15_C,_4739_,AOI22,0,0,4,1,7,15,102,0.0,2.394,1.063999999999396,0.003
b15_C,_4740_,NAND4,0,0,4,1,9,14,101,0.0,2.394,1.063999999999396,0.003
b15_C,_4741_,AOI22,0,0,4,1,8,15,102,0.0,2.394,1.063999999999396,0.003
b15_C,_4742_,AOI22,0,0,4,1,8,15,102,0.0,2.394,1.063999999999396,0.003
b15_C,_4743_,AOI22,0,0,4,1,8,15,102,0.0,2.394,1.063999999999396,0.003
b15_C,_4744_,AOI22,0,0,4,1,7,15,102,0.0,2.394,1.063999999999396,0.003
b15_C,_4745_,NAND4,0,0,4,1,9,14,101,0.0,2.394,1.063999999999396,0.003
b15_C,_4746_,OAI21,0,0,3,1,15,13,100,0.0,1.862,0.7979999999997744,0.003
b15_C,_4747_,AOI221,0,0,5,1,12,13,100,0.0,2.926,1.3299999999990177,0.003
b15_C,_4748_,AOI22,0,0,4,2,16,12,99,0.0,2.394,1.063999999999396,0.003
b15_C,_4749_,NAND2,0,0,2,2,28,10,92,0.0,1.33,0.5320000000001528,0.003
b15_C,_4750_,XNOR2,0,0,2,3,12,13,122,0.0,2.66,1.063999999999396,0.003
b15_C,_4751_,AOI22,0,0,4,1,7,15,123,0.0,2.394,1.063999999999396,0.003
b15_C,_4752_,AOI22,0,0,4,1,7,15,123,0.0,2.394,1.063999999999396,0.003
b15_C,_4753_,AOI22,0,0,4,1,7,15,123,0.0,2.394,1.063999999999396,0.003
b15_C,_4754_,AOI22,0,0,4,1,8,15,123,0.0,2.394,1.063999999999396,0.003
b15_C,_4755_,NAND4,0,0,4,1,9,14,122,0.0,2.394,1.063999999999396,0.003
b15_C,_4756_,AOI22,0,0,4,1,8,15,123,0.0,2.394,1.063999999999396,0.003
b15_C,_4757_,AOI22,0,0,4,1,8,15,123,0.0,2.394,1.063999999999396,0.003
b15_C,_4758_,AOI22,0,0,4,1,7,15,123,0.0,2.394,1.063999999999396,0.003
b15_C,_4759_,AOI22,0,0,4,1,8,15,123,0.0,2.394,1.063999999999396,0.003
b15_C,_4760_,NAND4,0,0,4,1,9,14,122,0.0,2.394,1.063999999999396,0.003
b15_C,_4761_,OAI21,0,0,3,1,15,13,121,0.0,1.862,0.7979999999997744,0.003
b15_C,_4762_,AOI221,0,0,5,1,11,13,121,0.0,2.926,1.3299999999990177,0.003
b15_C,_4763_,AOI22,0,0,4,2,16,12,120,0.0,2.394,1.063999999999396,0.003
b15_C,_4764_,NAND2,0,0,2,3,28,10,113,0.0,1.33,0.5320000000001528,0.003
b15_C,_4765_,AND3,0,0,3,2,29,9,81,-2.227171491675506e-08,1.596,0.26599999999962165,0.003
b15_C,_4766_,BUF,0,0,1,10,11,14,240,0.0,1.064,0.26599999999962165,0.003
b15_C,_4767_,AOI21,0,0,3,1,14,14,89,0.0,1.862,0.7979999999997744,0.003
b15_C,_4768_,NAND2,0,0,2,1,15,13,88,0.0,1.33,0.5320000000001528,0.003
b15_C,_4769_,OAI22,0,0,4,1,16,12,87,-1.1536748329321611e-05,2.394,1.063999999999396,0.003
b15_C,_4770_,AOI211,0,0,4,1,17,11,86,-2.227171491675506e-08,2.394,1.063999999999396,0.003
b15_C,_4771_,XNOR2,0,0,2,3,14,11,88,0.0,2.66,1.063999999999396,0.003
b15_C,_4772_,AOI21,0,0,3,2,18,10,85,0.0,1.862,0.7979999999997744,0.003
b15_C,_4773_,NAND2,0,0,2,3,29,9,80,-2.227171491675506e-08,1.33,0.5320000000001528,0.003
b15_C,_4774_,AOI21,0,0,3,1,13,13,79,0.0,1.862,0.7979999999997744,0.003
b15_C,_4775_,INV,0,0,1,1,1,13,79,0.0,0.798,0.26599999999962165,0.003
b15_C,_4776_,OAI21,0,0,3,1,14,12,78,-9.153674833006775e-06,1.862,0.7979999999997744,0.003
b15_C,_4777_,AOI21,0,0,3,1,15,13,79,0.0,1.862,0.7979999999997744,0.003
b15_C,_4778_,NOR3,0,0,3,1,16,12,78,-2.723830734963073e-05,1.862,0.7979999999997744,0.003
b15_C,_4779_,XNOR2,0,0,2,3,15,12,82,0.0,2.66,1.063999999999396,0.003
b15_C,_4780_,OAI22,0,0,4,1,17,11,77,-1.7817371911199587e-07,2.394,1.063999999999396,0.003
b15_C,_4781_,INV,0,0,1,2,18,10,76,0.0,0.798,0.26599999999962165,0.003
b15_C,_4782_,NAND2,0,0,2,2,29,9,72,-2.227171491675506e-08,1.33,0.5320000000001528,0.003
b15_C,_4783_,NAND4,0,0,4,2,31,8,62,-7.884187082307648e-06,2.394,1.063999999999396,0.003
b15_C,_4784_,AOI21,0,0,3,1,3,11,29,-1.0222717149233063e-05,1.862,0.7979999999997744,0.003
b15_C,_4785_,XOR2,0,0,2,1,20,11,29,0.0,2.394,0.797999999998865,0.003
b15_C,_4786_,AOI221,0,0,5,1,21,10,28,0.0,2.926,1.3299999999990177,0.003
b15_C,_4787_,XNOR2,0,0,2,3,18,10,30,0.0,2.66,1.063999999999396,0.003
b15_C,_4788_,AOI21,0,0,3,2,22,9,27,0.0,1.862,0.7979999999997744,0.003
b15_C,_4789_,NAND2,0,0,2,2,30,8,24,-4.23162583507164e-06,1.33,0.5320000000001528,0.003
b15_C,_4790_,INV,0,0,1,2,31,7,14,0.0,0.798,0.26599999999962165,0.003
b15_C,_4791_,INV,0,0,1,2,29,9,69,-2.227171491675506e-08,0.798,0.26599999999962165,0.003
b15_C,_4792_,AND2,0,0,2,1,13,12,42,0.0,1.33,0.26599999999962165,0.003
b15_C,_4793_,OAI211,0,0,4,1,20,11,41,0.0,2.394,1.063999999999396,0.003
b15_C,_4794_,AOI221,0,0,5,1,12,11,41,0.0,2.926,1.3299999999990177,0.003
b15_C,_4795_,NAND2,0,0,2,1,21,10,40,0.0,1.33,0.5320000000001528,0.003
b15_C,_4796_,NAND2,0,0,2,1,17,11,43,0.0,1.33,0.5320000000001528,0.003
b15_C,_4797_,XOR2,0,0,2,3,18,10,42,0.0,2.394,0.797999999998865,0.003
b15_C,_4798_,OAI21,0,0,3,2,22,9,39,-1.7817371911199587e-07,1.862,0.7979999999997744,0.003
b15_C,_4799_,NOR2,0,0,2,3,30,7,34,0.0,1.33,0.5320000000001528,0.003
b15_C,_4800_,XNOR2,0,0,2,3,17,11,54,0.0,2.66,1.063999999999396,0.003
b15_C,_4801_,NOR2,0,0,2,1,18,10,49,0.0,1.33,0.5320000000001528,0.003
b15_C,_4802_,AND2,0,0,2,1,18,12,51,0.0,1.33,0.26599999999962165,0.003
b15_C,_4803_,NOR3,0,0,3,1,19,11,50,-2.723830734963073e-05,1.862,0.7979999999997744,0.003
b15_C,_4804_,AOI221,0,0,5,1,20,10,49,0.0,2.926,1.3299999999990177,0.003
b15_C,_4805_,AOI21,0,0,3,2,21,9,48,-1.559020044172854e-07,1.862,0.7979999999997744,0.003
b15_C,_4806_,NAND2,0,0,2,2,30,8,42,-4.23162583507164e-06,1.33,0.5320000000001528,0.003
b15_C,_4807_,AOI221,0,0,5,1,12,12,73,0.0,2.926,1.3299999999990177,0.003
b15_C,_4808_,OAI21,0,0,3,1,16,12,73,0.0,1.862,0.7979999999997744,0.003
b15_C,_4809_,OAI21,0,0,3,1,17,11,72,0.0,1.862,0.7979999999997744,0.003
b15_C,_4810_,NAND2,0,0,2,1,15,12,74,0.0,1.33,0.5320000000001528,0.003
b15_C,_4811_,XOR2,0,0,2,3,16,11,73,0.0,2.394,0.797999999998865,0.003
b15_C,_4812_,OAI21,0,0,3,2,18,10,71,-1.7817371911199587e-07,1.862,0.7979999999997744,0.003
b15_C,_4813_,INV,0,0,1,2,19,9,64,0.0,0.798,0.26599999999962165,0.003
b15_C,_4814_,XNOR2,0,0,2,3,16,10,62,0.0,2.66,1.063999999999396,0.003
b15_C,_4815_,AOI221,0,0,5,1,12,10,60,4.454343005555472e-08,2.926,1.3299999999990177,0.003
b15_C,_4816_,AND2,0,0,2,1,13,11,61,0.0,1.33,0.26599999999962165,0.003
b15_C,_4817_,OAI211,0,0,4,1,18,10,60,0.0,2.394,1.063999999999396,0.003
b15_C,_4818_,AOI22,0,0,4,3,19,9,59,2.227171491675506e-08,2.394,1.063999999999396,0.003
b15_C,_4819_,OAI21,0,0,3,2,30,8,43,-4.43207126954448e-06,1.862,0.7979999999997744,0.003
b15_C,_4820_,NAND2,0,0,2,3,31,7,34,0.0,1.33,0.5320000000001528,0.003
b15_C,_4821_,NOR4,0,0,4,1,32,6,7,-8.908685944497563e-08,2.394,1.063999999999396,0.003
b15_C,_4822_,AOI22,0,0,4,2,13,13,165,0.0,2.394,1.063999999999396,0.003
b15_C,_4823_,XOR2,0,0,2,3,26,12,232,0.0,2.394,0.797999999998865,0.003
b15_C,_4824_,INV,0,0,1,3,27,11,227,0.0,0.798,0.26599999999962165,0.003
b15_C,_4825_,XOR2,0,0,2,3,9,11,163,0.0,2.394,0.797999999998865,0.003
b15_C,_4826_,OAI221,0,0,5,3,28,10,160,-1.801781737187369e-05,2.926,1.3299999999990177,0.003
b15_C,_4827_,INV,0,0,1,1,29,9,103,-6.5701559019970546e-06,0.798,0.26599999999962165,0.003
b15_C,_4828_,XOR2,0,0,2,3,25,13,248,0.0,2.394,0.797999999998865,0.003
b15_C,_4829_,AND2,0,0,2,2,26,12,175,0.0,1.33,0.26599999999962165,0.003
b15_C,_4830_,AOI221,0,0,5,1,12,13,176,0.0,2.926,1.3299999999990177,0.003
b15_C,_4831_,XNOR2,0,0,2,3,8,13,178,0.0,2.66,1.063999999999396,0.003
b15_C,_4832_,AOI21,0,0,3,2,13,12,175,0.0,1.862,0.7979999999997744,0.003
b15_C,_4833_,OR2,0,0,2,3,27,10,171,0.0,1.33,0.26599999999962165,0.003
b15_C,_4834_,XOR2,0,0,2,3,24,13,260,0.0,2.394,0.797999999998865,0.003
b15_C,_4835_,NAND2,0,0,2,1,25,11,180,0.0,1.33,0.5320000000001528,0.003
b15_C,_4836_,NAND2,0,0,2,1,13,13,184,0.0,1.33,0.5320000000001528,0.003
b15_C,_4837_,INV,0,0,1,1,1,13,184,0.0,0.798,0.26599999999962165,0.003
b15_C,_4838_,OAI21,0,0,3,2,14,12,183,-9.153674833006775e-06,1.862,0.7979999999997744,0.003
b15_C,_4839_,NAND2,0,0,2,1,15,11,180,0.0,1.33,0.5320000000001528,0.003
b15_C,_4840_,NAND2,0,0,2,1,7,12,183,0.0,1.33,0.5320000000001528,0.003
b15_C,_4841_,XNOR2,0,0,2,3,8,11,182,0.0,2.66,1.063999999999396,0.003
b15_C,_4842_,OAI211,0,0,4,4,26,10,179,4.596881959928467e-05,2.394,1.063999999999396,0.003
b15_C,_4843_,NAND4,0,0,4,2,25,11,180,-9.10913140295122e-06,2.394,1.063999999999396,0.003
b15_C,_4844_,NAND2,0,0,2,1,23,13,271,0.0,1.33,0.5320000000001528,0.003
b15_C,_4845_,XNOR2,0,0,2,5,24,12,270,0.0,2.66,1.063999999999396,0.003
b15_C,_4846_,XNOR2,0,0,2,3,7,14,192,0.0,2.66,1.063999999999396,0.003
b15_C,_4847_,NAND2,0,0,2,1,8,13,191,0.0,1.33,0.5320000000001528,0.003
b15_C,_4848_,AOI22,0,0,4,1,12,13,191,0.0,2.394,1.063999999999396,0.003
b15_C,_4849_,OAI21,0,0,3,3,13,12,190,0.0,1.862,0.7979999999997744,0.003
b15_C,_4850_,NAND3,0,0,3,2,25,11,180,0.0,1.862,0.7979999999997744,0.003
b15_C,_4851_,XOR2,0,0,2,3,23,14,280,0.0,2.394,0.797999999998865,0.003
b15_C,_4852_,AND2,0,0,2,3,24,13,196,0.0,1.33,0.26599999999962165,0.003
b15_C,_4853_,AND2,0,0,2,2,11,14,197,0.0,1.33,0.26599999999962165,0.003
b15_C,_4854_,XNOR2,0,0,2,3,6,16,199,0.0,2.66,1.063999999999396,0.003
b15_C,_4855_,NAND2,0,0,2,1,7,15,198,0.0,1.33,0.5320000000001528,0.003
b15_C,_4856_,NAND2,0,0,2,1,3,15,198,0.0,1.33,0.5320000000001528,0.003
b15_C,_4857_,NAND2,0,0,2,2,8,14,197,0.0,1.33,0.5320000000001528,0.003
b15_C,_4858_,OR2,0,0,2,2,12,13,196,0.0,1.33,0.26599999999962165,0.003
b15_C,_4859_,AND2,0,0,2,1,25,12,187,0.0,1.33,0.26599999999962165,0.003
b15_C,_4860_,AOI21,0,0,3,1,22,15,295,0.0,1.862,0.7979999999997744,0.003
b15_C,_4861_,NOR2,0,0,2,4,23,14,294,0.0,1.33,0.5320000000001528,0.003
b15_C,_4862_,AOI22,0,0,4,1,11,15,208,0.0,2.394,1.063999999999396,0.003
b15_C,_4863_,NOR2,0,0,2,2,12,14,207,0.0,1.33,0.5320000000001528,0.003
b15_C,_4864_,AND4,0,0,4,3,24,12,204,-4.4988864140727e-06,1.862,0.26599999999962165,0.003
b15_C,_4865_,NAND2,0,0,2,1,5,16,210,0.0,1.33,0.5320000000001528,0.003
b15_C,_4866_,XNOR2,0,0,2,3,6,15,209,0.0,2.66,1.063999999999396,0.003
b15_C,_4867_,NOR2,0,0,2,1,7,14,206,0.0,1.33,0.5320000000001528,0.003
b15_C,_4868_,AOI211,0,0,4,2,24,13,205,0.0,2.394,1.063999999999396,0.003
b15_C,_4869_,XOR2,0,0,2,3,22,15,311,0.0,2.394,0.797999999998865,0.003
b15_C,_4870_,AND2,0,0,2,3,23,14,218,0.0,1.33,0.26599999999962165,0.003
b15_C,_4871_,AOI221,0,0,5,1,11,15,219,0.0,2.926,1.3299999999990177,0.003
b15_C,_4872_,XOR2,0,0,2,3,5,15,221,0.0,2.394,0.797999999998865,0.003
b15_C,_4873_,AOI21,0,0,3,3,12,14,218,0.0,1.862,0.7979999999997744,0.003
b15_C,_4874_,NOR2,0,0,2,3,24,13,215,0.0,1.33,0.5320000000001528,0.003
b15_C,_4875_,AOI21,0,0,3,3,22,17,319,0.0,1.862,0.7979999999997744,0.003
b15_C,_4876_,AND2,0,0,2,2,23,14,222,0.0,1.33,0.26599999999962165,0.003
b15_C,_4877_,AOI22,0,0,4,1,11,16,224,0.0,2.394,1.063999999999396,0.003
b15_C,_4878_,NOR2,0,0,2,3,12,15,223,0.0,1.33,0.5320000000001528,0.003
b15_C,_4879_,XNOR2,0,0,2,3,4,15,225,0.0,2.66,1.063999999999396,0.003
b15_C,_4880_,AND2,0,0,2,2,5,14,222,0.0,1.33,0.26599999999962165,0.003
b15_C,_4881_,AND4,0,0,4,2,23,14,221,-4.4988864140727e-06,1.862,0.26599999999962165,0.003
b15_C,_4882_,NAND2,0,0,2,2,14,18,331,0.0,1.33,0.5320000000001528,0.003
b15_C,_4883_,NAND4,0,0,4,2,10,20,354,-0.0017429398663693085,2.394,1.063999999999396,0.003
b15_C,_4884_,NAND2,0,0,2,1,15,17,330,0.0,1.33,0.5320000000001528,0.003
b15_C,_4885_,OAI21,0,0,3,3,13,21,376,0.0,1.862,0.7979999999997744,0.003
b15_C,_4886_,AND4,0,0,4,3,10,20,398,-0.0007289755011132826,1.862,0.26599999999962165,0.003
b15_C,_4887_,NOR4,0,0,4,2,19,20,375,-0.008593118040088665,2.394,1.063999999999396,0.00301
b15_C,_4888_,NOR2,0,0,2,2,20,19,363,0.0,1.33,0.5320000000001528,0.003
b15_C,_4889_,AOI21,0,0,3,1,21,17,330,0.0,1.862,0.7979999999997744,0.003
b15_C,_4890_,MUX2,0,0,3,4,22,16,329,0.0,2.394,0.5319999999992433,0.003
b15_C,_4891_,NAND2,0,0,2,1,11,17,231,0.0,1.33,0.5320000000001528,0.003
b15_C,_4892_,INV,0,0,1,1,1,17,231,0.0,0.798,0.26599999999962165,0.003
b15_C,_4893_,OAI21,0,0,3,2,12,16,230,-9.175946547701486e-06,1.862,0.7979999999997744,0.003
b15_C,_4894_,AND4,0,0,4,3,23,14,226,-4.521158128989455e-06,1.862,0.26599999999962165,0.003
b15_C,_4895_,NAND2,0,0,2,1,3,18,233,0.0,1.33,0.5320000000001528,0.003
b15_C,_4896_,XNOR2,0,0,2,3,4,17,232,0.0,2.66,1.063999999999396,0.003
b15_C,_4897_,NOR2,0,0,2,1,5,16,229,0.0,1.33,0.5320000000001528,0.003
b15_C,_4898_,AOI221,0,0,5,2,23,15,228,3.2093541202593556e-05,2.926,1.3299999999990177,0.003
b15_C,_4899_,INV,0,0,1,1,14,20,346,0.0,0.798,0.26599999999962165,0.003
b15_C,_4901_,NAND2,0,0,2,1,14,19,345,0.0,1.33,0.5320000000001528,0.003
b15_C,_4902_,XOR2,0,0,2,2,21,18,344,0.0,2.394,0.797999999998865,0.00301
b15_C,_4903_,AND2,0,0,2,2,22,17,240,0.0,1.33,0.26599999999962165,0.003
b15_C,_4904_,AOI221,0,0,5,1,11,18,241,0.0,2.926,1.3299999999990177,0.003
b15_C,_4905_,XOR2,0,0,2,3,3,18,243,0.0,2.394,0.797999999998865,0.003
b15_C,_4906_,AOI21,0,0,3,2,12,17,240,0.0,1.862,0.7979999999997744,0.003
b15_C,_4907_,NAND2,0,0,2,4,23,15,237,0.0,1.33,0.5320000000001528,0.003
b15_C,_4908_,OR2,0,0,2,2,23,16,238,0.0,1.33,0.26599999999962165,0.003
b15_C,_4909_,AOI21,0,0,3,1,2,19,250,-9.621380846258631e-06,1.862,0.7979999999997744,0.003
b15_C,_4910_,INV,0,0,1,2,17,22,301,0.0,0.798,0.26599999999962165,0.003
b15_C,_4911_,NAND3,0,0,3,2,11,21,300,-6.681514452822057e-08,1.862,0.7979999999997744,0.003
b15_C,_4912_,NOR3,0,0,3,1,18,19,250,0.0,1.862,0.7979999999997744,0.003
b15_C,_4913_,AOI221,0,0,5,1,19,18,249,0.0,2.926,1.3299999999990177,0.003
b15_C,_4914_,NOR2,0,0,2,1,2,19,252,0.0,1.33,0.5320000000001528,0.003
b15_C,_4915_,XNOR2,0,0,2,3,3,18,251,0.0,2.66,1.063999999999396,0.003
b15_C,_4916_,AOI21,0,0,3,2,20,17,248,0.0,1.862,0.7979999999997744,0.003
b15_C,_4917_,NAND2,0,0,2,1,14,19,355,0.0,1.33,0.5320000000001528,0.003
b15_C,_4918_,XOR2,0,0,2,3,21,18,354,0.0,2.394,0.797999999998865,0.00301
b15_C,_4919_,AND2,0,0,2,2,22,17,248,0.0,1.33,0.26599999999962165,0.003
b15_C,_4920_,OR2,0,0,2,3,23,16,245,0.0,1.33,0.26599999999962165,0.003
b15_C,_4921_,XNOR2,0,0,2,3,2,20,260,0.0,2.66,1.063999999999396,0.003
b15_C,_4922_,NOR2,0,0,2,1,4,19,259,0.0,1.33,0.5320000000001528,0.003
b15_C,_4923_,OAI21,0,0,3,1,3,19,259,0.0,1.862,0.7979999999997744,0.003
b15_C,_4924_,NOR2,0,0,2,1,18,21,293,0.0,1.33,0.5320000000001528,0.003
b15_C,_4925_,XNOR2,0,0,2,4,19,20,292,0.0,2.66,1.063999999999396,0.003
b15_C,_4926_,AOI222,0,0,6,1,20,19,259,-4.585746102447885e-05,3.724,1.595999999999549,0.003
b15_C,_4927_,AOI21,0,0,3,2,21,18,258,0.0,1.862,0.7979999999997744,0.003
b15_C,_4928_,INV,0,0,1,2,22,17,256,0.0,0.798,0.26599999999962165,0.003
b15_C,_4929_,OR2,0,0,2,2,20,19,367,-0.0009563697104675306,1.33,0.26599999999962165,0.003
b15_C,_4930_,OR2,0,0,2,2,12,19,367,0.0,1.33,0.26599999999962165,0.003
b15_C,_4931_,XOR2,0,0,2,2,21,17,256,0.0,2.394,0.797999999998865,0.00301
b15_C,_4932_,XNOR2,0,0,2,2,21,18,364,0.0,2.66,1.063999999999396,0.00301
b15_C,_4933_,AOI21,0,0,3,2,22,17,255,0.0,1.862,0.7979999999997744,0.00301
b15_C,_4934_,OAI21,0,0,3,1,2,21,269,2.2271715138799664e-08,1.862,0.7979999999997744,0.003
b15_C,_4935_,AOI222,0,0,6,1,18,21,269,-4.585746102447885e-05,3.724,1.595999999999549,0.00301
b15_C,_4936_,NAND2,0,0,2,1,19,20,268,0.0,1.33,0.5320000000001528,0.003
b15_C,_4937_,NAND2,0,0,2,1,1,21,272,0.0,1.33,0.5320000000001528,0.003
b15_C,_4938_,XOR2,0,0,2,3,2,20,271,0.0,2.394,0.797999999998865,0.003
b15_C,_4939_,OAI21,0,0,3,2,20,19,267,0.0,1.862,0.7979999999997744,0.003
b15_C,_4940_,INV,0,0,1,1,21,18,264,0.0,0.798,0.26599999999962165,0.003
b15_C,_4941_,OR2,0,26,2,2,19,20,943,-0.003082717149220482,1.33,0.26599999999962165,0.003
b15_C,_4942_,AND2,0,0,2,4,20,19,941,-0.00020503340757227484,1.33,0.26599999999962165,0.00301
b15_C,_4943_,MUX2,1,222,3,4,20,19,941,0.0033373719376392774,2.394,0.5319999999992433,0.003
b15_C,_4944_,NOR2,0,63,2,8,21,18,578,0.00250710467706039,1.33,0.5320000000001528,0.003
b15_C,_4945_,AOI21,0,2,3,3,22,17,263,-0.0012755456570157087,1.862,0.7979999999997744,0.00301
b15_C,_4946_,NOR4,0,90,4,2,21,18,264,-0.0004371937639193746,2.394,1.063999999999396,0.00301
b15_C,_4947_,AOI21,0,2,3,1,18,21,964,-0.0019184632516702216,1.862,0.7979999999997744,0.00301
b15_C,_4948_,INV,0,0,1,1,11,22,965,0.0,0.798,0.26599999999962165,0.003
b15_C,_4949_,NAND2,0,0,2,1,18,21,964,0.0,1.33,0.5320000000001528,0.003
b15_C,_4950_,XOR2,0,2,2,8,19,20,963,3.97327394208169e-05,2.394,0.797999999998865,0.00301
b15_C,_4951_,AOI21,0,2,3,2,20,19,277,-2.0489977727855546e-06,1.862,0.7979999999997744,0.00301
b15_C,_4952_,XOR2,0,0,2,3,1,20,280,0.0,2.394,0.797999999998865,0.003
b15_C,_4953_,AND2,0,0,2,2,3,19,277,0.0,1.33,0.26599999999962165,0.003
b15_C,_4954_,OAI21,0,0,3,1,2,21,279,2.2271715138799664e-08,1.862,0.7979999999997744,0.003
b15_C,_4955_,NAND2,0,0,2,1,10,21,279,0.0,1.33,0.5320000000001528,0.003
b15_C,_4956_,NAND2,0,0,2,1,11,20,278,0.0,1.33,0.5320000000001528,0.003
b15_C,_4957_,INV,0,0,1,4,17,20,526,0.0,0.798,0.26599999999962165,0.003
b15_C,_4958_,AOI221,0,0,5,2,18,19,277,-5.32962138084514e-05,2.926,1.3299999999990177,0.00301
b15_C,_4959_,NOR3,0,2,3,2,21,18,274,1.9131403118377577e-05,1.862,0.7979999999997744,0.003
b15_C,_4960_,INV,0,0,1,3,1,23,291,0.0,0.798,0.26599999999962165,0.003
b15_C,_4961_,AND2,0,0,2,3,16,22,496,-0.001040066815144458,1.33,0.26599999999962165,0.003
b15_C,_4962_,NAND2,0,0,2,1,17,21,288,0.0,1.33,0.5320000000001528,0.003
b15_C,_4963_,AOI21,0,0,3,1,2,22,289,-3.0066815144280667e-06,1.862,0.7979999999997744,0.003
b15_C,_4964_,AOI221,0,0,5,1,11,21,288,-4.9487750556354015e-05,2.926,1.3299999999990177,0.003
b15_C,_4965_,AOI22,0,0,4,2,18,20,287,0.0,2.394,1.063999999999396,0.003
b15_C,_4966_,NAND2,0,13,2,1,17,22,979,-0.00229467706013331,1.33,0.5320000000001528,0.003
b15_C,_4967_,XNOR2,0,13,2,1,18,21,978,-1.968819599107441e-05,2.66,1.063999999999396,0.00301
b15_C,_4968_,XNOR2,0,13,2,9,19,20,977,0.0003277060133630716,2.66,1.063999999999396,0.00301
b15_C,_4969_,AOI21,0,1,3,2,20,19,285,-0.00011365256124751255,1.862,0.7979999999997744,0.00301
b15_C,_4970_,AOI22,0,0,4,1,11,23,297,-5.3853006681370275e-05,2.394,1.063999999999396,0.003
b15_C,_4971_,INV,0,0,1,2,1,23,299,0.0,0.798,0.26599999999962165,0.003
b15_C,_4972_,OAI221,0,0,5,2,16,22,296,-3.494432071260434e-05,2.926,1.3299999999990177,0.003
b15_C,_4973_,XNOR2,0,0,2,3,17,22,603,6.681514475026518e-08,2.66,1.063999999999396,0.00301
b15_C,_4974_,OAI211,0,0,4,1,18,21,293,-1.0957683741708024e-05,2.394,1.063999999999396,0.00301
b15_C,_4975_,NAND2,0,0,2,2,19,20,292,0.0,1.33,0.5320000000001528,0.003
b15_C,_4976_,OAI21,0,0,3,1,18,21,292,-9.665924276092142e-06,1.862,0.7979999999997744,0.003
b15_C,_4977_,NAND2,0,0,2,1,3,22,293,0.0,1.33,0.5320000000001528,0.003
b15_C,_4978_,OAI21,0,0,3,1,17,21,292,0.0,1.862,0.7979999999997744,0.003
b15_C,_4979_,NAND2,0,0,2,2,19,20,291,0.0,1.33,0.5320000000001528,0.003
b15_C,_4980_,NAND2,0,0,2,2,20,19,283,0.0,1.33,0.5320000000001528,0.003
b15_C,_4981_,NAND3,0,0,3,2,20,19,284,-0.0001826948775056625,1.862,0.7979999999997744,0.00301
b15_C,_4982_,AOI21,0,0,3,3,21,18,273,-1.5033407572362378e-05,1.862,0.7979999999997744,0.00301
b15_C,_4983_,OAI21,0,0,3,3,21,18,274,-2.7461024499020326e-05,1.862,0.7979999999997744,0.003
b15_C,_4984_,AOI211,0,90,4,2,22,17,255,-0.002515055679287226,2.394,1.063999999999396,0.00301
b15_C,_4986_,AND2,0,0,2,3,23,16,246,0.0,1.33,0.26599999999962165,0.003
b15_C,_4987_,OAI211,0,79,4,3,24,15,229,8.403118040090085e-05,2.394,1.063999999999396,0.003
b15_C,_4988_,AOI21,0,79,3,2,25,14,226,-0.00011060133630280689,1.862,0.7979999999997744,0.003
b15_C,_4990_,NAND2,0,0,2,1,24,13,196,0.0,1.33,0.5320000000001528,0.003
b15_C,_4991_,AOI211,0,64,4,2,27,12,195,0.0003563251670379852,2.394,1.063999999999396,0.003
b15_C,_4993_,AOI21,0,0,3,3,25,11,187,0.0,1.862,0.7979999999997744,0.003
b15_C,_4994_,OAI211,0,53,4,3,29,10,171,0.00039062360801800367,2.394,1.063999999999396,0.003
b15_C,_4995_,NAND3,0,35,3,2,30,9,112,-0.0009730734966590937,1.862,0.7979999999997744,0.003
b15_C,_4996_,INV,0,0,1,1,14,12,162,0.0,0.798,0.26599999999962165,0.003
b15_C,_4997_,NAND4,0,0,4,2,27,11,161,-8.97550111345069e-06,2.394,1.063999999999396,0.003
b15_C,_4998_,NAND2,0,0,2,3,27,11,171,0.0,1.33,0.5320000000001528,0.003
b15_C,_4999_,NAND2,0,0,2,2,28,10,151,0.0,1.33,0.5320000000001528,0.003
b15_C,_5000_,INV,0,0,1,1,29,9,103,0.0,0.798,0.26599999999962165,0.003
b15_C,_5001_,AOI21,0,32,3,3,31,8,102,0.0004930066815145295,1.862,0.7979999999997744,0.003
b15_C,_5002_,NOR3,0,0,3,3,28,11,152,-3.340757235292813e-07,1.862,0.7979999999997744,0.003
b15_C,_5003_,NOR3,0,0,3,2,28,11,133,-4.454342983351012e-08,1.862,0.7979999999997744,0.003
b15_C,_5004_,NOR2,0,0,2,3,28,11,141,-2.227171491675506e-08,1.33,0.5320000000001528,0.003
b15_C,_5005_,NOR3,0,0,3,2,29,10,122,0.0,1.862,0.7979999999997744,0.003
b15_C,_5006_,NOR2,0,0,2,3,29,11,122,-2.227171491675506e-08,1.33,0.5320000000001528,0.003
b15_C,_5007_,INV,0,0,1,1,30,10,82,0.0,0.798,0.26599999999962165,0.003
b15_C,_5008_,OR2,0,0,2,3,27,11,103,0.0,1.33,0.26599999999962165,0.003
b15_C,_5009_,OR2,0,0,2,4,27,11,113,0.0,1.33,0.26599999999962165,0.003
b15_C,_5010_,OR2,0,0,2,2,27,11,93,0.0,1.33,0.26599999999962165,0.003
b15_C,_5011_,AND3,0,0,3,1,28,10,82,0.0,1.596,0.26599999999962165,0.003
b15_C,_5012_,NAND3,0,0,3,2,31,9,81,0.0,1.862,0.7979999999997744,0.003
b15_C,_5013_,NOR2,0,0,2,3,29,9,81,7.260579064638506e-06,1.33,0.5320000000001528,0.003
b15_C,_5014_,NOR2,0,0,2,2,29,9,71,-2.227171491675506e-08,1.33,0.5320000000001528,0.003
b15_C,_5015_,NOR3,0,0,3,2,32,8,62,1.2895322939909803e-05,1.862,0.7979999999997744,0.003
b15_C,_5016_,NAND2,0,2,2,1,33,6,7,-0.0006057906458796225,1.33,0.5320000000001528,0.003
b15_C,_5017_,NAND2,0,0,2,3,30,8,64,0.0,1.33,0.5320000000001528,0.003
b15_C,_5018_,OR2,0,0,2,2,29,8,43,-2.227171491675506e-08,1.33,0.26599999999962165,0.003
b15_C,_5019_,OR2,0,0,2,2,29,8,43,-4.454342983351012e-08,1.33,0.26599999999962165,0.003
b15_C,_5020_,NAND3,0,0,3,2,31,7,35,-1.692650333895429e-06,1.862,0.7979999999997744,0.003
b15_C,_5021_,NOR2,0,0,2,2,30,7,18,-4.5657015588229655e-06,1.33,0.5320000000001528,0.003
b15_C,_5022_,INV,0,0,1,2,23,8,35,0.0,0.798,0.26599999999962165,0.003
b15_C,_5023_,NOR2,0,0,2,2,30,7,18,-4.5657015588229655e-06,1.33,0.5320000000001528,0.003
b15_C,_5024_,NOR2,0,0,2,3,30,7,23,-4.521158128989455e-06,1.33,0.5320000000001528,0.003
b15_C,_5025_,OR4,0,0,4,1,32,6,7,-2.227171491675506e-08,1.862,0.26599999999962165,0.003
b15_C,_5026_,OAI211,0,2,4,1,34,5,6,4.922048997935136e-06,2.394,1.063999999999396,0.00301
b15_C,_5027_,XOR2,0,2,2,3,35,4,5,5.100222717491221e-06,2.394,0.797999999998865,0.00301
b15_C,_5028_,OAI221,0,1,5,0,36,1,0,-5.4699331848651056e-05,2.926,1.3299999999990177,0.00301
b15_C,_5029_,BUF,0,0,1,10,26,5,30,-5.1002227170471315e-06,1.064,0.26599999999962165,0.003
b15_C,_5030_,OAI21,0,1,3,4,26,7,79,1.1915367483572581e-05,1.862,0.7979999999997744,0.003
b15_C,_5031_,BUF,0,1,1,10,27,6,66,1.641425389764528e-05,1.064,0.26599999999962165,0.003
b15_C,_5032_,CLKBUF,0,1,1,10,28,3,20,1.2071269487545777e-05,1.064,0.26599999999962165,0.003
b15_C,_5033_,AOI222,0,0,6,1,29,2,1,-1.0467706013317368e-05,3.724,1.595999999999549,0.003
b15_C,_5034_,NAND2,0,0,2,10,21,6,22,0.0,1.33,0.5320000000001528,0.003
b15_C,_5035_,NAND2,0,0,2,1,22,5,4,0.0,1.33,0.5320000000001528,0.003
b15_C,_5036_,XOR2,0,0,2,1,23,4,3,0.0,2.394,0.797999999998865,0.003
b15_C,_5037_,INV,0,0,1,1,25,7,59,-1.1714922048877696e-05,0.798,0.26599999999962165,0.003
b15_C,_5038_,OAI21,0,2,3,10,26,6,58,-0.0005267260579064903,1.862,0.7979999999997744,0.003
b15_C,_5039_,BUF,0,2,1,10,27,4,28,5.728285077966078e-05,1.064,0.26599999999962165,0.003
b15_C,_5040_,OAI22,0,0,4,1,28,3,2,-1.2160356347434842e-05,2.394,1.063999999999396,0.003
b15_C,_5041_,NOR2,0,0,2,2,32,5,15,-8.908685944497563e-08,1.33,0.5320000000001528,0.003
b15_C,_5042_,AOI21,0,18,3,5,33,7,53,-0.00014692650334047208,1.862,0.7979999999997744,0.003
b15_C,_5043_,NOR2,0,9,2,2,34,6,26,-9.944320712684807e-05,1.33,0.5320000000001528,0.003
b15_C,_5044_,OAI21,0,6,3,2,35,5,15,-9.86859688196784e-05,1.862,0.7979999999997744,0.003
b15_C,_5045_,OAI211,0,3,4,2,36,4,8,3.4387527839907506e-05,2.394,1.063999999999396,0.003
b15_C,_5046_,INV,0,0,1,1,31,5,9,0.0,0.798,0.26599999999962165,0.003
b15_C,_5047_,NAND2,0,0,2,2,32,4,8,0.0,1.33,0.5320000000001528,0.003
b15_C,_5048_,XNOR2,0,1,2,2,37,3,4,-5.5456570155598683e-05,2.66,1.063999999999396,0.00301
b15_C,_5049_,INV,0,0,1,3,5,6,56,0.0,0.798,0.26599999999962165,0.003
b15_C,_5050_,NOR2,0,0,2,6,21,5,19,5.478841870854012e-06,1.33,0.5320000000001528,0.003
b15_C,_5051_,AOI21,0,1,3,1,38,2,1,-6.013363029078178e-06,1.862,0.7979999999997744,0.003
b15_C,_5052_,XNOR2,0,0,2,2,33,4,6,-1.6280623607922706e-05,2.66,1.063999999999396,0.00301
b15_C,_5053_,OAI211,0,1,4,0,39,1,0,-8.97550111345069e-06,2.394,1.063999999999396,0.003
b15_C,_5054_,NAND2,0,0,2,1,27,4,3,-2.3585746102172678e-05,1.33,0.5320000000001528,0.003
b15_C,_5055_,BUF,0,1,1,10,26,5,40,2.574610245020814e-05,1.064,0.26599999999962165,0.003
b15_C,_5056_,AOI22,0,0,4,1,27,4,3,-1.5256124721529929e-05,2.394,1.063999999999396,0.003
b15_C,_5057_,XNOR2,0,0,2,1,22,4,3,0.0,2.66,1.063999999999396,0.003
b15_C,_5058_,OAI211,0,0,4,1,28,3,2,-2.6681514476711854e-05,2.394,1.063999999999396,0.003
b15_C,_5059_,NAND2,0,0,2,1,32,4,7,-2.271714922041923e-05,1.33,0.5320000000001528,0.003
b15_C,_5060_,XNOR2,0,0,2,3,33,3,6,0.0,2.66,1.063999999999396,0.00301
b15_C,_5061_,NOR2,0,0,2,4,26,6,39,-8.262806235892484e-06,1.33,0.5320000000001528,0.003
b15_C,_5062_,BUF,0,0,1,10,27,5,26,0.0,1.064,0.26599999999962165,0.003
b15_C,_5063_,NOR2,0,0,2,3,22,5,44,0.0,1.33,0.5320000000001528,0.003
b15_C,_5064_,BUF,0,0,1,10,23,4,39,0.0,1.064,0.26599999999962165,0.003
b15_C,_5065_,AOI221,0,0,5,1,34,2,1,0.0,2.926,1.3299999999990177,0.003
b15_C,_5066_,NAND2,0,3,2,1,36,3,5,-4.0066815144568224e-05,1.33,0.5320000000001528,0.003
b15_C,_5067_,NOR2,0,0,2,1,32,3,5,-2.227171491675506e-08,1.33,0.5320000000001528,0.003
b15_C,_5068_,XNOR2,0,3,2,4,37,2,4,4.171492204907423e-05,2.66,1.063999999999396,0.003
b15_C,_5069_,CLKBUF,0,0,1,10,23,2,10,0.0,1.064,0.26599999999962165,0.003
b15_C,_5070_,OAI21,0,1,3,0,38,1,0,-2.013363028940951e-05,1.862,0.7979999999997744,0.003
b15_C,_5071_,AOI22,0,0,4,1,27,4,3,-1.5256124721529929e-05,2.394,1.063999999999396,0.003
b15_C,_5072_,XNOR2,0,0,2,3,32,4,7,-2.7683741648187876e-05,2.66,1.063999999999396,0.00301
b15_C,_5073_,OAI221,0,0,5,1,33,3,2,-1.559020044172854e-07,2.926,1.3299999999990177,0.003
b15_C,_5074_,XOR2,0,0,2,1,21,3,2,0.0,2.394,0.797999999998865,0.003
b15_C,_5075_,BUF,0,0,1,10,28,5,22,-6.258351892940439e-06,1.064,0.26599999999962165,0.003
b15_C,_5076_,AOI221,0,0,5,1,34,2,1,0.0,2.926,1.3299999999990177,0.003
b15_C,_5077_,NOR2,0,3,2,1,35,5,9,-0.00016169265033405544,1.33,0.5320000000001528,0.003
b15_C,_5078_,OR2,0,0,2,1,31,5,9,0.0,1.33,0.26599999999962165,0.003
b15_C,_5079_,XNOR2,0,3,2,4,36,4,8,6.236080178911863e-07,2.66,1.063999999999396,0.003
b15_C,_5080_,OAI21,0,1,3,0,37,1,0,-1.9131403117933488e-05,1.862,0.7979999999997744,0.003
b15_C,_5081_,AOI222,0,0,6,1,28,4,3,-1.100222717131949e-05,3.724,1.595999999999549,0.003
b15_C,_5082_,XNOR2,0,0,2,1,20,4,3,0.0,2.66,1.063999999999396,0.003
b15_C,_5083_,OAI221,0,0,5,1,29,3,2,-1.0556792872762344e-05,2.926,1.3299999999990177,0.003
b15_C,_5084_,XNOR2,0,0,2,3,31,5,8,-1.6325167037756216e-05,2.66,1.063999999999396,0.00301
b15_C,_5085_,AOI21,0,0,3,1,32,2,1,0.0,1.862,0.7979999999997744,0.003
b15_C,_5086_,INV,0,0,1,2,31,6,18,0.0,0.798,0.26599999999962165,0.003
b15_C,_5087_,OAI21,0,3,3,1,34,5,7,-0.0001978396436523866,1.862,0.7979999999997744,0.003
b15_C,_5088_,NAND2,0,3,2,1,35,4,6,-4.7706013362791566e-05,1.33,0.5320000000001528,0.003
b15_C,_5089_,NAND2,0,0,2,1,31,4,6,0.0,1.33,0.5320000000001528,0.003
b15_C,_5090_,XNOR2,0,3,2,4,36,3,5,2.4699331848676565e-05,2.66,1.063999999999396,0.003
b15_C,_5091_,OAI21,0,1,3,0,37,1,0,-2.3363028953005127e-05,1.862,0.7979999999997744,0.003
b15_C,_5092_,NAND2,0,0,2,1,29,2,1,-1.3051224944327089e-05,1.33,0.5320000000001528,0.003
b15_C,_5093_,AOI21,0,0,3,1,19,4,3,0.0,1.862,0.7979999999997744,0.003
b15_C,_5094_,NOR3,0,0,3,1,28,3,2,-9.131403117867976e-06,1.862,0.7979999999997744,0.003
b15_C,_5095_,NAND2,0,0,2,1,30,4,7,-2.2962138084503536e-05,1.33,0.5320000000001528,0.003
b15_C,_5096_,XNOR2,0,0,2,3,31,3,6,0.0,2.66,1.063999999999396,0.00301
b15_C,_5097_,NAND2,0,0,2,2,30,5,19,-4.23162583507164e-06,1.33,0.5320000000001528,0.003
b15_C,_5098_,OAI21,0,3,3,1,34,4,9,-0.00019249443207125516,1.862,0.7979999999997744,0.003
b15_C,_5099_,XNOR2,0,0,2,1,30,4,9,-3.7639198215977387e-06,2.66,1.063999999999396,0.003
b15_C,_5100_,XNOR2,0,3,2,4,35,3,8,8.106904231919287e-06,2.66,1.063999999999396,0.00301
b15_C,_5101_,AOI221,0,1,5,1,36,2,1,-1.777282850756734e-05,2.926,1.3299999999990177,0.003
b15_C,_5102_,AOI222,0,0,6,1,28,2,1,0.0,3.724,1.595999999999549,0.003
b15_C,_5103_,NAND3,0,1,3,0,37,1,0,-2.7772828507632852e-05,1.862,0.7979999999997744,0.003
b15_C,_5104_,AOI222,0,0,6,1,28,4,3,-1.100222717131949e-05,3.724,1.595999999999549,0.003
b15_C,_5105_,XNOR2,0,0,2,1,19,4,3,0.0,2.66,1.063999999999396,0.003
b15_C,_5106_,XNOR2,0,0,2,3,30,4,5,-2.7951002226966892e-05,2.66,1.063999999999396,0.00301
b15_C,_5107_,OAI221,0,0,5,1,31,3,2,-1.0556792872762344e-05,2.926,1.3299999999990177,0.003
b15_C,_5108_,INV,0,0,1,1,32,2,1,0.0,0.798,0.26599999999962165,0.003
b15_C,_5109_,NAND2,0,0,2,2,31,4,8,0.0,1.33,0.5320000000001528,0.003
b15_C,_5110_,XNOR2,0,2,2,2,34,2,2,-0.0002587305122494499,2.66,1.063999999999396,0.00301
b15_C,_5111_,OAI221,0,1,5,0,35,1,0,-2.3541202672339168e-05,2.926,1.3299999999990177,0.003
b15_C,_5112_,NAND2,0,0,2,1,27,4,3,0.0,1.33,0.5320000000001528,0.003
b15_C,_5113_,NOR2,0,0,2,1,22,5,4,0.0,1.33,0.5320000000001528,0.003
b15_C,_5114_,XNOR2,0,0,2,3,29,5,8,-8.930957683395135e-06,2.66,1.063999999999396,0.00301
b15_C,_5115_,AOI221,0,0,5,1,30,4,3,-5.412026726103747e-06,2.926,1.3299999999990177,0.003
b15_C,_5116_,OAI21,0,0,3,1,27,4,3,0.0,1.862,0.7979999999997744,0.003
b15_C,_5117_,OAI211,0,0,4,1,31,3,2,0.0,2.394,1.063999999999396,0.003
b15_C,_5118_,AOI21,0,0,3,1,32,2,1,-1.091314031165247e-05,1.862,0.7979999999997744,0.003
b15_C,_5119_,INV,0,0,1,1,30,6,8,0.0,0.798,0.26599999999962165,0.003
b15_C,_5120_,NOR2,0,0,2,1,31,5,7,0.0,1.33,0.5320000000001528,0.003
b15_C,_5121_,INV,0,0,1,1,30,7,17,0.0,0.798,0.26599999999962165,0.003
b15_C,_5122_,AND3,0,15,3,1,30,9,47,-0.0003589977728284399,1.596,0.26599999999962165,0.003
b15_C,_5123_,OAI21,0,15,3,3,31,8,46,0.00020276169265032173,1.862,0.7979999999997744,0.003
b15_C,_5124_,AOI21,0,6,3,1,32,7,17,-0.0002402895322939358,1.862,0.7979999999997744,0.003
b15_C,_5125_,NOR2,0,6,2,2,33,6,16,8.668151447666084e-05,1.33,0.5320000000001528,0.003
b15_C,_5126_,OAI21,0,3,3,1,34,5,7,-9.244988864143266e-05,1.862,0.7979999999997744,0.003
b15_C,_5127_,XNOR2,0,3,2,4,35,4,6,2.0668151447633676e-05,2.66,1.063999999999396,0.003
b15_C,_5128_,OAI21,0,1,3,0,36,1,0,-3.694877505555638e-05,1.862,0.7979999999997744,0.003
b15_C,_5129_,AOI222,0,0,6,1,28,4,3,-1.100222717131949e-05,3.724,1.595999999999549,0.003
b15_C,_5130_,XNOR2,0,0,2,1,17,4,3,0.0,2.66,1.063999999999396,0.003
b15_C,_5131_,OAI21,0,0,3,1,29,3,2,-1.2850779510076293e-05,1.862,0.7979999999997744,0.003
b15_C,_5132_,CLKBUF,0,0,1,10,24,3,20,0.0,1.064,0.26599999999962165,0.003
b15_C,_5133_,AOI21,0,0,3,1,30,2,1,0.0,1.862,0.7979999999997744,0.003
b15_C,_5134_,XNOR2,0,0,2,3,28,4,7,-9.621380846258631e-06,2.66,1.063999999999396,0.00301
b15_C,_5135_,INV,0,0,1,1,30,6,9,-5.189309576714152e-06,0.798,0.26599999999962165,0.003
b15_C,_5136_,NAND2,0,0,2,1,31,5,8,0.0,1.33,0.5320000000001528,0.003
b15_C,_5137_,XNOR2,0,3,2,4,34,4,7,-6.469933184827248e-05,2.66,1.063999999999396,0.003
b15_C,_5138_,OAI221,0,1,5,0,35,1,0,-3.220489977695529e-05,2.926,1.3299999999990177,0.00301
b15_C,_5139_,AOI222,0,0,6,1,27,4,3,-3.20712694876768e-05,3.724,1.595999999999549,0.003
b15_C,_5140_,XNOR2,0,0,2,1,16,4,3,0.0,2.66,1.063999999999396,0.003
b15_C,_5141_,XNOR2,0,0,2,3,27,4,7,-9.599109131563921e-06,2.66,1.063999999999396,0.00301
b15_C,_5142_,OAI221,0,0,5,1,28,3,2,-2.3229398663504597e-05,2.926,1.3299999999990177,0.003
b15_C,_5143_,NAND2,0,0,2,1,29,4,9,0.0,1.33,0.5320000000001528,0.003
b15_C,_5144_,INV,0,0,1,2,29,6,20,0.0,0.798,0.26599999999962165,0.003
b15_C,_5145_,NAND2,0,12,2,2,32,7,39,-0.00040861915367473856,1.33,0.5320000000001528,0.003
b15_C,_5146_,OAI21,0,9,3,3,33,6,29,0.00023022271714934206,1.862,0.7979999999997744,0.003
b15_C,_5147_,OAI211,0,3,4,1,34,5,10,-0.00019685968819582733,2.394,1.063999999999396,0.003
b15_C,_5148_,NAND2,0,3,2,1,35,4,9,-2.316258351875433e-05,1.33,0.5320000000001528,0.003
b15_C,_5149_,XNOR2,0,3,2,4,36,3,8,1.7282850779620773e-05,2.66,1.063999999999396,0.003
b15_C,_5150_,AOI221,0,1,5,1,37,2,1,-2.3541202672339168e-05,2.926,1.3299999999990177,0.003
b15_C,_5151_,INV,0,1,1,0,38,1,0,-2.1536748329387123e-05,0.798,0.26599999999962165,0.003
b15_C,_5152_,AOI22,0,0,4,1,27,4,3,-1.5256124721529929e-05,2.394,1.063999999999396,0.003
b15_C,_5153_,XNOR2,0,0,2,1,15,4,3,0.0,2.66,1.063999999999396,0.003
b15_C,_5154_,OAI21,0,0,3,1,28,3,2,-2.8017817371939202e-05,1.862,0.7979999999997744,0.003
b15_C,_5155_,AOI221,0,0,5,1,29,2,1,0.0,2.926,1.3299999999990177,0.003
b15_C,_5156_,XNOR2,0,0,2,3,26,4,7,-1.6815144766146872e-05,2.66,1.063999999999396,0.00301
b15_C,_5157_,OAI21,0,3,3,1,34,5,8,-0.0002030289532293228,1.862,0.7979999999997744,0.003
b15_C,_5158_,NAND2,0,0,2,1,29,5,8,0.0,1.33,0.5320000000001528,0.003
b15_C,_5159_,XNOR2,0,3,2,4,35,4,7,4.033407572379133e-05,2.66,1.063999999999396,0.003
b15_C,_5160_,OAI221,0,1,5,0,36,1,0,-5.496659242765212e-05,2.926,1.3299999999990177,0.00301
b15_C,_5161_,AOI222,0,0,6,1,27,4,3,-2.7149220489741666e-05,3.724,1.595999999999549,0.003
b15_C,_5162_,XNOR2,0,0,2,1,14,4,3,0.0,2.66,1.063999999999396,0.003
b15_C,_5163_,OAI21,0,0,3,1,28,3,2,-1.2850779510076293e-05,1.862,0.7979999999997744,0.003
b15_C,_5164_,NAND2,0,0,2,1,29,4,9,0.0,1.33,0.5320000000001528,0.003
b15_C,_5165_,XNOR2,0,3,2,4,34,3,8,-0.00016006681514468823,2.66,1.063999999999396,0.003
b15_C,_5166_,AOI221,0,1,5,1,35,2,1,-1.6369710467367682e-05,2.926,1.3299999999990177,0.003
b15_C,_5167_,NAND2,0,0,2,1,25,5,6,-2.227171492208413e-05,1.33,0.5320000000001528,0.003
b15_C,_5168_,XOR2,0,0,2,3,26,4,5,0.0,2.394,0.797999999998865,0.00301
b15_C,_5169_,OAI21,0,1,3,0,36,1,0,-2.418708240514711e-05,1.862,0.7979999999997744,0.003
b15_C,_5170_,AOI221,0,0,5,1,26,4,3,-9.378619153666001e-05,2.926,1.3299999999990177,0.003
b15_C,_5171_,XNOR2,0,0,2,1,13,4,3,0.0,2.66,1.063999999999396,0.003
b15_C,_5172_,OAI21,0,0,3,1,27,3,2,-2.8017817371939202e-05,1.862,0.7979999999997744,0.003
b15_C,_5173_,AOI221,0,0,5,1,29,2,1,0.0,2.926,1.3299999999990177,0.003
b15_C,_5174_,XNOR2,0,0,2,3,25,4,5,-2.7149220489741666e-05,2.66,1.063999999999396,0.00301
b15_C,_5175_,AND2,0,0,2,2,29,5,18,-4.231625834183461e-07,1.33,0.26599999999962165,0.003
b15_C,_5176_,NAND3,0,3,3,1,33,4,8,-0.0001486191536748116,1.862,0.7979999999997744,0.003
b15_C,_5177_,OR2,0,0,2,1,30,4,8,0.0,1.33,0.26599999999962165,0.003
b15_C,_5178_,XNOR2,0,3,2,3,34,3,7,2.4075723830785378e-05,2.66,1.063999999999396,0.003
b15_C,_5179_,INV,0,2,1,2,35,2,2,-1.1269487750542595e-05,0.798,0.26599999999962165,0.003
b15_C,_5180_,OAI221,0,1,5,0,36,1,0,-1.552338530053099e-05,2.926,1.3299999999990177,0.00301
b15_C,_5181_,AOI221,0,0,5,1,26,4,3,-9.378619153666001e-05,2.926,1.3299999999990177,0.003
b15_C,_5182_,XNOR2,0,0,2,1,12,4,3,0.0,2.66,1.063999999999396,0.003
b15_C,_5183_,OAI21,0,0,3,1,27,3,2,-2.8017817371939202e-05,1.862,0.7979999999997744,0.003
b15_C,_5184_,AOI221,0,0,5,1,29,2,1,0.0,2.926,1.3299999999990177,0.003
b15_C,_5185_,XNOR2,0,0,2,3,24,4,5,-1.630289532283946e-05,2.66,1.063999999999396,0.00301
b15_C,_5186_,INV,0,0,1,1,29,5,9,0.0,0.798,0.26599999999962165,0.003
b15_C,_5187_,AND2,0,0,2,1,30,4,8,0.0,1.33,0.26599999999962165,0.003
b15_C,_5188_,OR2,0,6,2,2,32,6,17,-2.9465478841750326e-05,1.33,0.26599999999962165,0.003
b15_C,_5189_,AOI21,0,3,3,1,33,4,8,-6.280623607857194e-06,1.862,0.7979999999997744,0.003
b15_C,_5190_,XOR2,0,3,2,3,34,3,7,5.946547884327913e-06,2.394,0.797999999998865,0.003
b15_C,_5191_,INV,0,2,1,2,35,2,2,-3.632516703788724e-05,0.798,0.26599999999962165,0.003
b15_C,_5192_,OAI221,0,1,5,0,36,1,0,-1.645879732747879e-05,2.926,1.3299999999990177,0.003
b15_C,_5193_,NAND2,0,0,2,1,23,4,7,-2.271714922041923e-05,1.33,0.5320000000001528,0.003
b15_C,_5194_,XNOR2,0,0,2,3,24,3,6,0.0,2.66,1.063999999999396,0.00301
b15_C,_5195_,NAND2,0,0,2,1,28,2,1,0.0,1.33,0.5320000000001528,0.003
b15_C,_5196_,AOI221,0,0,5,1,27,4,3,-1.0534521157845589e-05,2.926,1.3299999999990177,0.003
b15_C,_5197_,XNOR2,0,0,2,1,11,4,3,0.0,2.66,1.063999999999396,0.003
b15_C,_5198_,OAI21,0,0,3,1,28,3,2,-2.8017817371939202e-05,1.862,0.7979999999997744,0.003
b15_C,_5199_,AOI221,0,0,5,1,29,2,1,0.0,2.926,1.3299999999990177,0.003
b15_C,_5200_,NAND2,0,3,2,1,33,5,7,-3.6057906458664135e-05,1.33,0.5320000000001528,0.003
b15_C,_5201_,INV,0,0,1,1,29,6,8,0.0,0.798,0.26599999999962165,0.003
b15_C,_5202_,NAND2,0,0,2,1,30,5,7,0.0,1.33,0.5320000000001528,0.003
b15_C,_5203_,XOR2,0,3,2,4,34,4,6,7.338530066824944e-05,2.394,0.797999999998865,0.003
b15_C,_5204_,OAI211,0,1,4,0,35,1,0,-5.4721603563345766e-05,2.394,1.063999999999396,0.003
b15_C,_5205_,INV,0,0,1,1,29,7,11,-1.0690423160042428e-06,0.798,0.26599999999962165,0.003
b15_C,_5206_,NOR2,0,0,2,1,30,6,10,0.0,1.33,0.5320000000001528,0.003
b15_C,_5207_,XNOR2,0,3,2,3,32,5,9,-0.00021242761692641388,2.66,1.063999999999396,0.003
b15_C,_5208_,NAND2,0,1,2,1,33,2,1,-3.0868596881949983e-05,1.33,0.5320000000001528,0.003
b15_C,_5209_,AOI221,0,0,5,1,27,4,3,-8.211581291739378e-05,2.926,1.3299999999990177,0.003
b15_C,_5210_,NAND2,0,0,2,1,10,5,4,0.0,1.33,0.5320000000001528,0.003
b15_C,_5211_,XOR2,0,0,2,1,11,4,3,0.0,2.394,0.797999999998865,0.003
b15_C,_5212_,OAI21,0,0,3,1,28,3,2,-2.8017817371939202e-05,1.862,0.7979999999997744,0.003
b15_C,_5213_,AOI221,0,0,5,1,29,2,1,0.0,2.926,1.3299999999990177,0.003
b15_C,_5214_,XNOR2,0,0,2,3,23,4,5,-2.7706013362882587e-05,2.66,1.063999999999396,0.00301
b15_C,_5215_,OAI211,0,1,4,0,34,1,0,-1.131403118015406e-05,2.394,1.063999999999396,0.003
b15_C,_5216_,BUF,0,0,1,10,5,8,247,-2.227171491675506e-08,1.064,0.26599999999962165,0.003
b15_C,_5217_,AOI221,0,0,5,1,27,6,5,-1.0445434298400613e-05,2.926,1.3299999999990177,0.003
b15_C,_5218_,XNOR2,0,0,2,1,10,6,5,0.0,2.66,1.063999999999396,0.003
b15_C,_5219_,OAI21,0,0,3,1,28,5,4,-2.8017817371939202e-05,1.862,0.7979999999997744,0.003
b15_C,_5220_,AOI21,0,0,3,1,29,4,3,0.0,1.862,0.7979999999997744,0.003
b15_C,_5221_,XNOR2,0,0,2,3,22,4,8,-1.6325167037756216e-05,2.66,1.063999999999396,0.00301
b15_C,_5222_,OAI21,0,0,3,1,30,3,2,-2.0044543425079553e-07,1.862,0.7979999999997744,0.003
b15_C,_5223_,AOI21,0,0,3,1,31,2,1,0.0,1.862,0.7979999999997744,0.003
b15_C,_5224_,AND2,0,3,2,1,31,5,8,-0.00018844097995529552,1.33,0.26599999999962165,0.003
b15_C,_5225_,NAND2,0,0,2,1,29,5,8,-6.213808463328974e-06,1.33,0.5320000000001528,0.003
b15_C,_5226_,XNOR2,0,3,2,4,32,4,7,4.2449888641549194e-05,2.66,1.063999999999396,0.003
b15_C,_5227_,OAI21,0,1,3,0,33,1,0,-2.7884187082438672e-05,1.862,0.7979999999997744,0.003
b15_C,_5228_,XNOR2,0,0,2,1,9,3,2,0.0,2.66,1.063999999999396,0.003
b15_C,_5229_,AOI222,0,0,6,1,29,2,1,-1.0467706013317368e-05,3.724,1.595999999999549,0.003
b15_C,_5230_,BUF,0,0,1,10,6,6,117,0.0,1.064,0.26599999999962165,0.003
b15_C,_5231_,AOI221,0,0,5,1,28,4,3,0.0,2.926,1.3299999999990177,0.003
b15_C,_5232_,NAND2,0,0,2,1,21,5,10,-2.242761692672346e-05,1.33,0.5320000000001528,0.003
b15_C,_5233_,XOR2,0,0,2,3,22,4,9,0.0,2.394,0.797999999998865,0.00301
b15_C,_5234_,OAI21,0,0,3,1,29,3,2,0.0,1.862,0.7979999999997744,0.003
b15_C,_5235_,INV,0,0,1,1,30,2,1,0.0,0.798,0.26599999999962165,0.003
b15_C,_5236_,NAND2,0,3,2,1,30,5,9,-0.001201180400890678,1.33,0.5320000000001528,0.003
b15_C,_5237_,NAND2,0,0,2,1,28,5,9,0.0,1.33,0.5320000000001528,0.003
b15_C,_5238_,XNOR2,0,3,2,4,31,4,8,4.060133630323648e-05,2.66,1.063999999999396,0.003
b15_C,_5239_,OAI211,0,1,4,0,32,1,0,-5.6280623607740665e-05,2.394,1.063999999999396,0.003
b15_C,_5240_,NAND2,0,0,2,1,8,4,3,0.0,1.33,0.5320000000001528,0.003
b15_C,_5241_,XNOR2,0,0,2,1,9,3,2,0.0,2.66,1.063999999999396,0.003
b15_C,_5242_,AOI22,0,0,4,1,27,2,1,0.0,2.394,1.063999999999396,0.003
b15_C,_5243_,AOI221,0,0,5,1,27,4,3,-1.4008908685747556e-05,2.926,1.3299999999990177,0.003
b15_C,_5244_,XNOR2,0,0,2,3,21,4,7,-2.7349665924214506e-05,2.66,1.063999999999396,0.00301
b15_C,_5245_,OAI21,0,0,3,1,28,3,2,-2.0044543425079553e-07,1.862,0.7979999999997744,0.003
b15_C,_5246_,AOI21,0,0,3,1,29,2,1,-1.091314031165247e-05,1.862,0.7979999999997744,0.003
b15_C,_5247_,OAI21,0,3,3,1,29,5,7,-0.0009785523385299477,1.862,0.7979999999997744,0.003
b15_C,_5248_,NAND2,0,0,2,1,27,5,7,-2.8129175946522977e-05,1.33,0.5320000000001528,0.003
b15_C,_5249_,XOR2,0,3,2,4,30,4,6,3.2026726058065336e-05,2.394,0.797999999998865,0.003
b15_C,_5250_,OAI211,0,1,4,0,31,1,0,-5.4187082405343645e-05,2.394,1.063999999999396,0.003
b15_C,_5251_,XNOR2,0,0,2,3,20,5,8,-2.0066815144659245e-05,2.66,1.063999999999396,0.00301
b15_C,_5252_,NAND2,0,0,2,1,28,4,3,0.0,1.33,0.5320000000001528,0.003
b15_C,_5253_,AOI221,0,0,5,1,27,4,3,-1.0445434298400613e-05,2.926,1.3299999999990177,0.003
b15_C,_5254_,NAND2,0,0,2,1,29,3,2,0.0,1.33,0.5320000000001528,0.003
b15_C,_5255_,XOR2,0,0,2,1,8,3,2,0.0,2.394,0.797999999998865,0.003
b15_C,_5256_,AOI221,0,0,5,1,30,2,1,-1.7706013362817075e-05,2.926,1.3299999999990177,0.003
b15_C,_5257_,AND3,0,0,3,1,25,5,7,0.0,1.596,0.26599999999962165,0.003
b15_C,_5258_,NOR2,0,0,2,1,26,4,6,0.0,1.33,0.5320000000001528,0.003
b15_C,_5259_,XOR2,0,4,2,4,29,3,5,-0.0014969487750555732,2.394,0.797999999998865,0.003
b15_C,_5260_,OAI221,0,1,5,0,31,1,0,-5.3853006681370275e-05,2.926,1.3299999999990177,0.003
b15_C,_5261_,NAND3,0,0,3,1,19,6,9,-1.155902004446041e-05,1.862,0.7979999999997744,0.003
b15_C,_5262_,XNOR2,0,0,2,3,20,5,8,0.0,2.66,1.063999999999396,0.00301
b15_C,_5263_,NAND2,0,0,2,1,28,4,3,0.0,1.33,0.5320000000001528,0.003
b15_C,_5264_,AOI221,0,0,5,1,27,4,3,-1.0534521157845589e-05,2.926,1.3299999999990177,0.003
b15_C,_5265_,NAND2,0,0,2,1,29,3,2,0.0,1.33,0.5320000000001528,0.003
b15_C,_5266_,XNOR2,0,0,2,1,7,3,2,0.0,2.66,1.063999999999396,0.003
b15_C,_5267_,AOI221,0,0,5,1,30,2,1,-1.7706013362817075e-05,2.926,1.3299999999990177,0.003
b15_C,_5268_,OR2,0,4,2,1,28,5,7,-0.0008718485523384611,1.33,0.26599999999962165,0.003
b15_C,_5269_,XOR2,0,0,2,1,25,5,7,0.0,2.394,0.797999999998865,0.003
b15_C,_5270_,XNOR2,0,4,2,4,29,4,6,5.8752783964388655e-05,2.66,1.063999999999396,0.00301
b15_C,_5271_,OAI221,0,1,5,0,31,1,0,-3.955456570148286e-05,2.926,1.3299999999990177,0.003
b15_C,_5272_,BUF,0,0,1,10,6,7,94,0.0,1.064,0.26599999999962165,0.003
b15_C,_5273_,AOI221,0,0,5,1,28,4,3,-9.398663696869036e-06,2.926,1.3299999999990177,0.003
b15_C,_5274_,NAND2,0,0,2,1,19,5,8,-1.2138084632296042e-05,1.33,0.5320000000001528,0.003
b15_C,_5275_,XOR2,0,0,2,3,20,4,7,0.0,2.394,0.797999999998865,0.00301
b15_C,_5276_,OAI21,0,0,3,1,29,3,2,-2.0044543425079553e-07,1.862,0.7979999999997744,0.003
b15_C,_5277_,AOI21,0,0,3,1,30,2,1,-1.091314031165247e-05,1.862,0.7979999999997744,0.003
b15_C,_5278_,NAND2,0,0,2,1,6,4,3,0.0,1.33,0.5320000000001528,0.003
b15_C,_5279_,XNOR2,0,0,2,1,7,3,2,0.0,2.66,1.063999999999396,0.003
b15_C,_5280_,AOI22,0,0,4,1,27,2,1,0.0,2.394,1.063999999999396,0.003
b15_C,_5281_,AND2,0,0,2,2,24,6,18,0.0,1.33,0.26599999999962165,0.003
b15_C,_5282_,NOR2,0,3,2,1,27,5,9,-0.0012434966592427266,1.33,0.5320000000001528,0.003
b15_C,_5283_,NOR2,0,3,2,1,28,4,8,-5.267260579033817e-05,1.33,0.5320000000001528,0.003
b15_C,_5284_,NOR2,0,0,2,1,25,4,8,2.227171491675506e-07,1.33,0.5320000000001528,0.003
b15_C,_5285_,XNOR2,0,3,2,3,29,3,7,5.3853006681814364e-05,2.66,1.063999999999396,0.00301
b15_C,_5286_,INV,0,2,1,2,30,2,2,-3.0400890868254038e-05,0.798,0.26599999999962165,0.003
b15_C,_5287_,OAI211,0,1,4,0,31,1,0,-1.4699331848389008e-05,2.394,1.063999999999396,0.003
b15_C,_5288_,AOI221,0,0,5,1,27,4,3,-1.4008908685747556e-05,2.926,1.3299999999990177,0.003
b15_C,_5289_,XNOR2,0,0,2,3,19,4,7,-1.4855233853028338e-05,2.66,1.063999999999396,0.00301
b15_C,_5290_,OAI21,0,0,3,1,28,3,2,-2.0044543425079553e-07,1.862,0.7979999999997744,0.003
b15_C,_5291_,AOI21,0,0,3,1,29,2,1,-1.091314031165247e-05,1.862,0.7979999999997744,0.003
b15_C,_5292_,XOR2,0,0,2,1,6,3,2,0.0,2.394,0.797999999998865,0.003
b15_C,_5293_,AOI22,0,0,4,1,27,2,1,0.0,2.394,1.063999999999396,0.003
b15_C,_5294_,NOR2,0,0,2,1,25,5,8,0.0,1.33,0.5320000000001528,0.003
b15_C,_5295_,XOR2,0,4,2,4,27,4,7,-0.0015815812917594485,2.394,0.797999999998865,0.00301
b15_C,_5296_,OAI211,0,1,4,0,30,1,0,-3.398663697073978e-05,2.394,1.063999999999396,0.003
b15_C,_5297_,AOI21,0,0,3,1,18,6,9,-1.530066815136344e-05,1.862,0.7979999999997744,0.00301
b15_C,_5298_,NOR2,0,0,2,3,19,5,8,-1.162583518943272e-05,1.33,0.5320000000001528,0.003
b15_C,_5299_,NAND2,0,0,2,1,27,4,3,0.0,1.33,0.5320000000001528,0.003
b15_C,_5300_,AOI221,0,0,5,1,27,4,3,-1.0534521157845589e-05,2.926,1.3299999999990177,0.003
b15_C,_5301_,NAND2,0,0,2,1,28,3,2,0.0,1.33,0.5320000000001528,0.003
b15_C,_5302_,XNOR2,0,0,2,1,5,3,2,0.0,2.66,1.063999999999396,0.003
b15_C,_5303_,AOI221,0,0,5,1,29,2,1,-1.7706013362817075e-05,2.926,1.3299999999990177,0.003
b15_C,_5304_,NOR2,0,8,2,2,26,3,10,-0.0016187750556790892,1.33,0.5320000000001528,0.003
b15_C,_5305_,NOR3,0,0,3,1,24,4,6,-9.866369710342937e-06,1.862,0.7979999999997744,0.003
b15_C,_5306_,NOR2,0,0,2,1,25,3,5,0.0,1.33,0.5320000000001528,0.003
b15_C,_5307_,XOR2,0,4,2,4,27,2,4,-3.712694877511247e-05,2.394,0.797999999998865,0.00301
b15_C,_5308_,OAI221,0,1,5,0,30,1,0,-2.706013363029669e-05,2.926,1.3299999999990177,0.003
b15_C,_5309_,AOI221,0,0,5,1,27,4,3,-1.0445434298400613e-05,2.926,1.3299999999990177,0.003
b15_C,_5310_,INV,0,0,1,1,28,3,2,0.0,0.798,0.26599999999962165,0.003
b15_C,_5311_,XOR2,0,0,2,3,18,3,6,-1.779510022270614e-05,2.394,0.797999999998865,0.00301
b15_C,_5312_,AOI221,0,0,5,1,29,2,1,0.0,2.926,1.3299999999990177,0.003
b15_C,_5313_,NAND2,0,0,2,1,4,4,3,0.0,1.33,0.5320000000001528,0.003
b15_C,_5314_,XNOR2,0,0,2,1,5,3,2,0.0,2.66,1.063999999999396,0.003
b15_C,_5315_,AOI22,0,0,4,1,27,2,1,0.0,2.394,1.063999999999396,0.003
b15_C,_5316_,NAND2,0,0,2,1,25,3,5,-0.0017375946547883991,1.33,0.5320000000001528,0.003
b15_C,_5317_,NAND3,0,0,3,1,25,3,5,-0.0018825835189308915,1.862,0.7979999999997744,0.003
b15_C,_5318_,AOI22,0,4,4,4,27,2,4,0.0001021158129175248,2.394,1.063999999999396,0.00301
b15_C,_5319_,OAI211,0,1,4,0,30,1,0,-7.681514476609586e-05,2.394,1.063999999999396,0.003
b15_C,_5320_,AOI221,0,0,5,1,27,4,3,-1.0445434298400613e-05,2.926,1.3299999999990177,0.003
b15_C,_5321_,INV,0,0,1,1,28,3,2,0.0,0.798,0.26599999999962165,0.003
b15_C,_5322_,NAND3,0,0,3,1,17,4,7,-1.0445434298400613e-05,1.862,0.7979999999997744,0.003
b15_C,_5323_,XNOR2,0,0,2,3,18,3,6,0.0,2.66,1.063999999999396,0.00301
b15_C,_5324_,AOI221,0,0,5,1,29,2,1,0.0,2.926,1.3299999999990177,0.003
b15_C,_5325_,XOR2,0,0,2,1,4,3,2,0.0,2.394,0.797999999998865,0.003
b15_C,_5326_,AOI22,0,0,4,1,27,2,1,0.0,2.394,1.063999999999396,0.003
b15_C,_5327_,OAI21,0,4,3,1,24,4,7,-0.002271559020044389,1.862,0.7979999999997744,0.003
b15_C,_5328_,AND2,0,0,2,1,24,4,7,0.0,1.33,0.26599999999962165,0.003
b15_C,_5329_,XNOR2,0,4,2,2,25,3,6,-2.6013363028765113e-05,2.66,1.063999999999396,0.00301
b15_C,_5330_,INV,0,3,1,3,26,2,3,-2.7572383073382056e-05,0.798,0.26599999999962165,0.003
b15_C,_5331_,OAI211,0,1,4,0,30,1,0,-2.525612472159544e-05,2.394,1.063999999999396,0.003
b15_C,_5332_,NAND2,0,0,2,1,17,6,9,-1.0935412026569225e-05,1.33,0.5320000000001528,0.003
b15_C,_5333_,XNOR2,0,0,2,3,18,5,8,-4.454342983351012e-08,2.66,1.063999999999396,0.00301
b15_C,_5334_,NAND2,0,0,2,1,27,4,3,0.0,1.33,0.5320000000001528,0.003
b15_C,_5335_,AOI221,0,0,5,1,26,4,3,-9.378619153666001e-05,2.926,1.3299999999990177,0.003
b15_C,_5336_,XNOR2,0,0,2,1,3,4,3,0.0,2.66,1.063999999999396,0.003
b15_C,_5337_,OAI211,0,0,4,1,28,3,2,-2.015590200454831e-05,2.394,1.063999999999396,0.003
b15_C,_5338_,AOI221,0,0,5,1,29,2,1,0.0,2.926,1.3299999999990177,0.003
b15_C,_5339_,INV,0,0,1,1,24,5,7,0.0,0.798,0.26599999999962165,0.003
b15_C,_5340_,NAND2,0,0,2,1,25,4,6,0.0,1.33,0.5320000000001528,0.003
b15_C,_5341_,XNOR2,0,4,2,1,26,3,5,-0.0028538084632516725,2.66,1.063999999999396,0.00301
b15_C,_5342_,INV,0,4,1,4,27,2,4,5.857461024660893e-06,0.798,0.26599999999962165,0.00301
b15_C,_5343_,INV,0,1,1,2,27,5,11,2.6948775058155405e-06,0.798,0.26599999999962165,0.003
b15_C,_5344_,CLKBUF,0,0,1,10,5,6,141,5.991091314161423e-06,1.064,0.26599999999962165,0.003
b15_C,_5345_,NOR2,0,0,2,1,9,5,9,-0.002521692650333973,1.33,0.5320000000001528,0.003
b15_C,_5346_,AOI21,0,1,3,6,28,4,8,2.002227171504778e-05,1.862,0.7979999999997744,0.003
b15_C,_5347_,OAI21,0,1,3,0,30,1,0,-3.714922048980718e-05,1.862,0.7979999999997744,0.003
b15_C,_5348_,XOR2,0,0,2,3,17,3,6,-1.5679287304948275e-05,2.394,0.797999999998865,0.00301
b15_C,_5349_,AOI222,0,0,6,1,29,2,1,-1.0467706013317368e-05,3.724,1.595999999999549,0.003
b15_C,_5350_,NAND2,0,0,2,2,9,8,61,-2.3296213808476907e-05,1.33,0.5320000000001528,0.003
b15_C,_5351_,OR3,0,0,3,4,25,6,16,-4.594654788414587e-05,1.596,0.26599999999962165,0.003
b15_C,_5352_,INV,0,0,1,2,26,5,6,0.0,0.798,0.26599999999962165,0.003
b15_C,_5353_,AOI221,0,0,5,1,27,4,3,-6.013363029078178e-06,2.926,1.3299999999990177,0.003
b15_C,_5354_,OR2,0,3,2,1,23,5,9,-0.0006155011135859922,1.33,0.26599999999962165,0.00301
b15_C,_5355_,NOR3,0,0,3,1,23,6,10,-2.9242761692582775e-05,1.862,0.7979999999997744,0.003
b15_C,_5356_,NOR2,0,0,2,1,24,5,9,0.0,1.33,0.5320000000001528,0.003
b15_C,_5357_,XOR2,0,3,2,4,25,4,8,-1.7594654786456942e-06,2.394,0.797999999998865,0.00301
b15_C,_5358_,XNOR2,0,0,2,1,2,4,3,0.0,2.66,1.063999999999396,0.003
b15_C,_5359_,OAI221,0,1,5,1,29,3,2,-4.494432071266985e-05,2.926,1.3299999999990177,0.00301
b15_C,_5360_,INV,0,1,1,1,30,2,1,-6.013363029078178e-06,0.798,0.26599999999962165,0.003
b15_C,_5361_,OAI211,0,1,4,0,31,1,0,-7.995545656891423e-06,2.394,1.063999999999396,0.003
b15_C,_5362_,AOI222,0,0,6,1,28,2,1,0.0,3.724,1.595999999999549,0.003
b15_C,_5363_,XOR2,0,0,2,3,16,5,10,-1.6213808463394486e-05,2.394,0.797999999998865,0.00301
b15_C,_5364_,NAND2,0,0,2,1,28,4,3,0.0,1.33,0.5320000000001528,0.003
b15_C,_5365_,NAND2,0,0,2,1,1,5,4,0.0,1.33,0.5320000000001528,0.003
b15_C,_5366_,XOR2,0,0,2,1,2,4,3,0.0,2.394,0.797999999998865,0.003
b15_C,_5367_,OAI221,0,1,5,1,29,3,2,-2.7616926501217165e-06,2.926,1.3299999999990177,0.003
b15_C,_5368_,AOI21,0,1,3,1,30,2,1,-2.5634743875180277e-05,1.862,0.7979999999997744,0.003
b15_C,_5369_,INV,0,2,1,2,22,5,17,-3.351893095770997e-05,0.798,0.26599999999962165,0.003
b15_C,_5370_,NAND2,0,0,2,1,22,5,8,-6.458797325858967e-07,1.33,0.5320000000001528,0.003
b15_C,_5371_,NAND2,0,0,2,1,23,4,7,-1.9175946547544953e-05,1.33,0.5320000000001528,0.003
b15_C,_5372_,NOR2,0,2,2,1,23,4,7,-0.00351830734966585,1.33,0.5320000000001528,0.003
b15_C,_5373_,XOR2,0,2,2,2,24,3,6,-1.4699331848389008e-05,2.394,0.797999999998865,0.00301
b15_C,_5374_,INV,0,2,1,3,25,2,3,-1.345211581282868e-05,0.798,0.26599999999962165,0.00301
b15_C,_5375_,OAI211,0,1,4,0,31,1,0,-4.146993318476788e-05,2.394,1.063999999999396,0.00301
b15_C,_5376_,NAND2,0,0,2,1,27,4,3,-6.013363029078178e-06,1.33,0.5320000000001528,0.003
b15_C,_5377_,XNOR2,0,0,2,3,15,4,7,-3.1737193763925475e-05,2.66,1.063999999999396,0.00301
b15_C,_5378_,OAI221,0,0,5,1,28,3,2,-1.559020044172854e-07,2.926,1.3299999999990177,0.00301
b15_C,_5379_,XOR2,0,0,2,1,1,3,2,0.0,2.394,0.797999999998865,0.003
b15_C,_5380_,AOI221,0,0,5,1,29,2,1,0.0,2.926,1.3299999999990177,0.003
b15_C,_5381_,AOI22,0,1,4,1,29,2,1,-4.810690423129316e-06,2.394,1.063999999999396,0.003
b15_C,_5382_,NAND2,0,2,2,1,23,4,8,-5.857461024438848e-06,1.33,0.5320000000001528,0.003
b15_C,_5383_,XNOR2,0,2,2,3,24,3,7,9.621380846258631e-06,2.66,1.063999999999396,0.00301
b15_C,_5384_,INV,0,1,1,2,25,2,2,-1.3318485523106105e-05,0.798,0.26599999999962165,0.00301
b15_C,_5385_,OAI211,0,1,4,0,30,1,0,-3.6525612472138036e-05,2.394,1.063999999999396,0.00301
b15_C,_5386_,AOI22,0,1,4,1,27,4,3,-6.013363029078178e-06,2.394,1.063999999999396,0.003
b15_C,_5387_,XNOR2,0,0,2,1,13,5,10,-2.6146993318265643e-05,2.66,1.063999999999396,0.00301
b15_C,_5388_,XNOR2,0,0,2,3,14,4,9,0.0,2.66,1.063999999999396,0.00301
b15_C,_5389_,NAND2,0,0,2,5,16,12,254,-0.0025477728285074885,1.33,0.5320000000001528,0.003
b15_C,_5390_,OAI221,0,1,5,1,28,3,2,-2.3897550111229293e-05,2.926,1.3299999999990177,0.00301
b15_C,_5391_,AOI221,0,1,5,1,29,2,1,-1.1113585745903265e-05,2.926,1.3299999999990177,0.003
b15_C,_5392_,INV,0,1,1,1,21,6,10,-6.169265033273419e-06,0.798,0.26599999999962165,0.003
b15_C,_5393_,NAND2,0,1,2,1,22,5,9,-7.371937639000237e-06,1.33,0.5320000000001528,0.003
b15_C,_5394_,XNOR2,0,1,2,4,23,4,8,3.060133630317097e-05,2.66,1.063999999999396,0.00301
b15_C,_5395_,OAI221,0,1,5,0,30,1,0,-9.242761692651591e-05,2.926,1.3299999999990177,0.00301
b15_C,_5396_,OAI21,0,0,3,1,28,2,1,0.0,1.862,0.7979999999997744,0.003
b15_C,_5397_,XNOR2,0,0,2,3,12,4,9,0.0,2.66,1.063999999999396,0.00301
b15_C,_5398_,OAI22,0,0,4,1,28,3,2,-1.7817371911199587e-07,2.394,1.063999999999396,0.003
b15_C,_5399_,NAND2,0,1,2,1,28,3,2,-1.4097995545636621e-05,1.33,0.5320000000001528,0.003
b15_C,_5400_,AOI221,0,1,5,1,29,2,1,-2.091314031171798e-05,2.926,1.3299999999990177,0.003
b15_C,_5401_,INV,0,0,1,1,20,5,7,0.0,0.798,0.26599999999962165,0.003
b15_C,_5402_,AOI22,0,0,4,4,21,4,6,6.013363029744312e-07,2.394,1.063999999999396,0.003
b15_C,_5403_,OAI211,0,1,4,0,30,1,0,-2.547884187076299e-05,2.394,1.063999999999396,0.003
b15_C,_5404_,OR2,0,14,2,3,20,16,270,-0.0016588641425387962,1.33,0.26599999999962165,0.003
b15_C,_5405_,NOR2,0,0,2,4,21,6,121,-0.00015322939866369012,1.33,0.5320000000001528,0.003
b15_C,_5406_,AND4,0,0,4,6,10,5,69,-5.077951002130376e-06,1.862,0.26599999999962165,0.003
b15_C,_5407_,NOR2,0,0,2,5,22,4,67,2.227171491675506e-08,1.33,0.5320000000001528,0.003
b15_C,_5408_,BUF,0,0,1,10,23,3,20,9.354120269478017e-07,1.064,0.26599999999962165,0.003
b15_C,_5409_,NAND2,0,0,2,1,24,2,1,-7.349665920308723e-07,1.33,0.5320000000001528,0.003
b15_C,_5410_,NAND4,0,0,4,9,10,4,33,-1.0734966592096384e-05,2.394,1.063999999999396,0.003
b15_C,_5411_,CLKBUF,0,0,1,10,11,2,10,-1.3363028927848575e-07,1.064,0.26599999999962165,0.003
b15_C,_5412_,OAI21,0,1,3,0,35,1,0,-8.151447661308708e-06,1.862,0.7979999999997744,0.003
b15_C,_5413_,INV,0,0,1,2,34,3,4,0.0,0.798,0.26599999999962165,0.003
b15_C,_5414_,CLKBUF,0,0,1,10,11,3,20,0.0,1.064,0.26599999999962165,0.003
b15_C,_5415_,CLKBUF,0,0,1,10,23,3,20,0.0,1.064,0.26599999999962165,0.003
b15_C,_5416_,AOI22,0,0,4,1,35,2,1,0.0,2.394,1.063999999999396,0.003
b15_C,_5417_,OR2,0,1,2,7,21,7,127,-3.189309576834276e-05,1.33,0.26599999999962165,0.003
b15_C,_5418_,BUF,0,1,1,10,22,6,96,4.645879732767533e-05,1.064,0.26599999999962165,0.003
b15_C,_5419_,BUF,0,1,1,10,23,5,57,4.884187082421221e-05,1.064,0.26599999999962165,0.003
b15_C,_5420_,CLKBUF,0,0,1,10,24,4,30,-6.013363027523866e-07,1.064,0.26599999999962165,0.003
b15_C,_5421_,CLKBUF,0,0,1,10,25,2,10,-1.247216035560328e-06,1.064,0.26599999999962165,0.003
b15_C,_5422_,XOR2,0,2,2,2,37,2,2,-4.681514476589932e-05,2.394,0.797999999998865,0.00301
b15_C,_5423_,OAI21,0,1,3,0,38,1,0,-4.2472160356243904e-05,1.862,0.7979999999997744,0.003
b15_C,_5424_,AOI22,0,0,4,1,34,2,1,0.0,2.394,1.063999999999396,0.003
b15_C,_5425_,OAI21,0,1,3,0,38,1,0,-2.6013363028765113e-05,1.862,0.7979999999997744,0.003
b15_C,_5426_,NOR2,0,1,2,1,37,3,2,-3.233853006667786e-05,1.33,0.5320000000001528,0.003
b15_C,_5427_,AOI21,0,1,3,1,38,2,1,1.1804008908100627e-06,1.862,0.7979999999997744,0.003
b15_C,_5428_,OAI21,0,1,3,0,39,1,0,-1.6659242761729587e-05,1.862,0.7979999999997744,0.003
b15_C,_5429_,AOI22,0,0,4,1,32,2,1,0.0,2.394,1.063999999999396,0.003
b15_C,_5430_,OAI21,0,1,3,0,37,1,0,-3.3118040088986334e-05,1.862,0.7979999999997744,0.003
b15_C,_5431_,CLKBUF,0,0,1,10,22,5,55,4.454343005555472e-08,1.064,0.26599999999962165,0.003
b15_C,_5432_,BUF,0,0,1,10,23,3,20,6.458797328079413e-07,1.064,0.26599999999962165,0.003
b15_C,_5433_,NAND2,0,1,2,1,36,2,1,-1.8463251670430836e-05,1.33,0.5320000000001528,0.003
b15_C,_5434_,AOI22,0,0,4,1,32,2,1,0.0,2.394,1.063999999999396,0.003
b15_C,_5435_,NAND2,0,1,2,0,37,1,0,-1.0378619153650348e-05,1.33,0.5320000000001528,0.003
b15_C,_5436_,XOR2,0,1,2,2,34,3,4,-0.0003364142538975212,2.394,0.797999999998865,0.00301
b15_C,_5437_,NAND2,0,1,2,1,35,2,1,-1.2271714922018617e-05,1.33,0.5320000000001528,0.003
b15_C,_5438_,NAND2,0,0,2,1,24,2,1,0.0,1.33,0.5320000000001528,0.003
b15_C,_5439_,OAI211,0,1,4,0,36,1,0,-1.146993318479339e-05,2.394,1.063999999999396,0.003
b15_C,_5440_,CLKBUF,0,0,1,10,23,3,20,4.810690423129316e-06,1.064,0.26599999999962165,0.003
b15_C,_5441_,AOI22,0,0,4,1,30,2,1,-1.4253897548943684e-06,2.394,1.063999999999396,0.003
b15_C,_5442_,OAI21,0,1,3,0,36,1,0,-4.861915367460057e-05,1.862,0.7979999999997744,0.003
b15_C,_5443_,OAI22,0,1,4,1,35,3,2,-2.9042316258109935e-05,2.394,1.063999999999396,0.003
b15_C,_5444_,AOI21,0,1,3,1,36,2,1,-1.3585746101441032e-06,1.862,0.7979999999997744,0.003
b15_C,_5445_,INV,0,1,1,0,37,1,0,-1.4432071269609992e-05,0.798,0.26599999999962165,0.003
b15_C,_5446_,NAND2,0,1,2,1,37,2,1,-1.8841870824015672e-05,1.33,0.5320000000001528,0.003
b15_C,_5447_,NAND2,0,0,2,1,24,2,1,0.0,1.33,0.5320000000001528,0.003
b15_C,_5448_,OAI211,0,1,4,0,38,1,0,-1.3919821826080536e-05,2.394,1.063999999999396,0.003
b15_C,_5449_,OAI22,0,1,4,1,36,3,2,-4.87750556792399e-05,2.394,1.063999999999396,0.003
b15_C,_5450_,AOI21,0,1,3,1,37,2,1,-1.3808463252829029e-06,1.862,0.7979999999997744,0.003
b15_C,_5451_,INV,0,1,1,0,38,1,0,-1.4432071269609992e-05,0.798,0.26599999999962165,0.003
b15_C,_5452_,AOI22,0,1,4,1,35,2,1,-1.997772828477018e-05,2.394,1.063999999999396,0.003
b15_C,_5453_,OAI21,0,1,3,0,36,1,0,-9.175946547701486e-06,1.862,0.7979999999997744,0.003
b15_C,_5454_,NAND2,0,1,2,1,35,2,1,-2.4120267260396844e-05,1.33,0.5320000000001528,0.003
b15_C,_5455_,NAND2,0,0,2,1,24,2,1,0.0,1.33,0.5320000000001528,0.003
b15_C,_5456_,OAI211,0,1,4,0,36,1,0,-1.2383073496602393e-05,2.394,1.063999999999396,0.003
b15_C,_5457_,NAND2,0,1,2,1,35,2,1,-4.819599109118222e-05,1.33,0.5320000000001528,0.003
b15_C,_5458_,NAND2,0,0,2,1,24,2,1,0.0,1.33,0.5320000000001528,0.003
b15_C,_5459_,OAI211,0,1,4,0,36,1,0,-1.3028953229410334e-05,2.394,1.063999999999396,0.003
b15_C,_5460_,AOI22,0,0,4,1,25,2,1,-1.4253897548943684e-06,2.394,1.063999999999396,0.003
b15_C,_5461_,OAI21,0,1,3,0,35,1,0,-5.8195991091247734e-05,1.862,0.7979999999997744,0.003
b15_C,_5462_,AOI22,0,1,4,1,33,2,1,-2.5278396436512196e-05,2.394,1.063999999999396,0.003
b15_C,_5463_,OAI21,0,1,3,0,34,1,0,-1.0734966592096384e-05,1.862,0.7979999999997744,0.003
b15_C,_5464_,OAI22,0,1,4,1,33,3,2,-3.140311803973006e-05,2.394,1.063999999999396,0.003
b15_C,_5465_,AOI21,0,1,3,1,34,2,1,-1.4253897548943684e-06,1.862,0.7979999999997744,0.003
b15_C,_5466_,INV,0,1,1,0,35,1,0,-1.4432071269609992e-05,0.798,0.26599999999962165,0.003
b15_C,_5467_,OAI22,0,1,4,1,32,3,2,-4.7616926503124546e-05,2.394,1.063999999999396,0.003
b15_C,_5468_,AOI21,0,1,3,1,33,2,1,-1.7371937635068946e-06,1.862,0.7979999999997744,0.003
b15_C,_5469_,INV,0,1,1,0,34,1,0,-1.4432071269609992e-05,0.798,0.26599999999962165,0.003
b15_C,_5470_,NOR2,0,1,2,1,31,3,2,-6.200445434290103e-05,1.33,0.5320000000001528,0.003
b15_C,_5471_,AOI21,0,1,3,1,32,2,1,8.685968821975365e-07,1.862,0.7979999999997744,0.003
b15_C,_5472_,OAI21,0,1,3,0,33,1,0,-1.6659242761729587e-05,1.862,0.7979999999997744,0.003
b15_C,_5473_,AOI22,0,0,4,1,24,2,1,-1.4253897548943684e-06,2.394,1.063999999999396,0.003
b15_C,_5474_,OAI21,0,1,3,0,30,1,0,-5.8329621380748264e-05,1.862,0.7979999999997744,0.003
b15_C,_5475_,AOI22,0,0,4,1,24,2,1,-1.4253897548943684e-06,2.394,1.063999999999396,0.003
b15_C,_5476_,OAI21,0,1,3,0,30,1,0,-4.1091314030961e-05,1.862,0.7979999999997744,0.003
b15_C,_5477_,NAND2,0,1,2,1,30,2,1,-4.171492204907423e-05,1.33,0.5320000000001528,0.003
b15_C,_5478_,NAND2,0,0,2,1,24,2,1,0.0,1.33,0.5320000000001528,0.003
b15_C,_5479_,OAI211,0,1,4,0,31,1,0,-8.95322939831189e-06,2.394,1.063999999999396,0.003
b15_C,_5480_,OAI22,0,1,4,1,28,3,2,-3.926503340756504e-05,2.394,1.063999999999396,0.003
b15_C,_5481_,AOI21,0,1,3,1,29,2,1,-1.4988864142528868e-05,1.862,0.7979999999997744,0.003
b15_C,_5482_,INV,0,1,1,0,30,1,0,-7.505567928500767e-06,0.798,0.26599999999962165,0.003
b15_C,_5483_,AOI22,0,0,4,1,24,2,1,-1.4253897548943684e-06,2.394,1.063999999999396,0.003
b15_C,_5484_,OAI21,0,1,3,0,28,1,0,-2.654788418698928e-05,1.862,0.7979999999997744,0.003
b15_C,_5485_,AOI22,0,0,4,1,24,2,1,-1.4253897548943684e-06,2.394,1.063999999999396,0.003
b15_C,_5486_,OAI21,0,1,3,0,28,1,0,-8.195991091319854e-05,1.862,0.7979999999997744,0.003
b15_C,_5487_,AOI22,0,0,4,1,24,2,1,-1.4253897548943684e-06,2.394,1.063999999999396,0.003
b15_C,_5488_,OAI21,0,1,3,0,27,1,0,-2.7305122494380996e-05,1.862,0.7979999999997744,0.003
b15_C,_5489_,AOI22,0,0,4,1,24,2,1,-1.4253897548943684e-06,2.394,1.063999999999396,0.003
b15_C,_5490_,OAI21,0,1,3,0,28,1,0,-2.547884187076299e-05,1.862,0.7979999999997744,0.003
b15_C,_5491_,AOI22,0,0,4,1,23,2,1,0.0,2.394,1.063999999999396,0.003
b15_C,_5492_,OAI21,0,1,3,0,26,1,0,-1.997772828477018e-05,1.862,0.7979999999997744,0.003
b15_C,_5493_,AOI22,0,0,4,1,23,2,1,0.0,2.394,1.063999999999396,0.003
b15_C,_5494_,OAI21,0,1,3,0,26,1,0,-1.387527839646907e-05,1.862,0.7979999999997744,0.003
b15_C,_5495_,NAND2,0,1,2,1,25,2,1,-1.541202672572517e-05,1.33,0.5320000000001528,0.003
b15_C,_5496_,NAND2,0,0,2,1,24,2,1,0.0,1.33,0.5320000000001528,0.003
b15_C,_5497_,OAI211,0,1,4,0,26,1,0,-1.2806236080020739e-05,2.394,1.063999999999396,0.003
b15_C,_5498_,OAI22,0,1,4,1,24,3,2,-2.5723830734847297e-05,2.394,1.063999999999396,0.00301
b15_C,_5499_,AOI21,0,1,3,1,25,2,1,-1.848552338534759e-06,1.862,0.7979999999997744,0.003
b15_C,_5500_,INV,0,1,1,0,26,1,0,-1.4432071269609992e-05,0.798,0.26599999999962165,0.003
b15_C,_5501_,OAI22,0,1,4,1,24,3,2,-9.331848552118771e-06,2.394,1.063999999999396,0.003
b15_C,_5502_,AOI21,0,1,3,1,25,2,1,-7.349665920308723e-07,1.862,0.7979999999997744,0.003
b15_C,_5503_,INV,0,1,1,0,26,1,0,-1.4409799554471192e-05,0.798,0.26599999999962165,0.003
b15_C,_5504_,NAND3,0,0,3,4,11,16,332,0.0,1.862,0.7979999999997744,0.003
b15_C,_5505_,INV,0,0,1,7,1,18,268,-5.144766146880642e-06,0.798,0.26599999999962165,0.003
b15_C,_5506_,NAND3,0,0,3,1,11,16,146,0.0,1.862,0.7979999999997744,0.003
b15_C,_5507_,AOI21,0,2,3,2,21,15,145,-0.0005618930957682622,1.862,0.7979999999997744,0.003
b15_C,_5508_,AND4,0,0,4,2,11,17,147,-0.004416213808463354,1.862,0.26599999999962165,0.003
b15_C,_5509_,AOI211,0,2,4,1,22,6,92,-5.501113585726358e-05,2.394,1.063999999999396,0.003
b15_C,_5510_,OR2,0,2,2,7,23,5,91,4.9309576837464064e-05,1.33,0.26599999999962165,0.003
b15_C,_5511_,BUF,0,0,1,10,24,4,63,-6.547884186858255e-06,1.064,0.26599999999962165,0.003
b15_C,_5512_,CLKBUF,0,0,1,10,25,3,20,-1.0690423160042428e-06,1.064,0.26599999999962165,0.003
b15_C,_5513_,NOR2,0,0,2,7,24,4,33,-2.1536748329387123e-05,1.33,0.5320000000001528,0.003
b15_C,_5514_,CLKBUF,0,0,1,10,25,3,20,0.0,1.064,0.26599999999962165,0.003
b15_C,_5515_,AOI22,0,0,4,1,26,2,1,0.0,2.394,1.063999999999396,0.003
b15_C,_5516_,INV,0,2,1,5,24,4,36,3.741648106925233e-05,0.798,0.26599999999962165,0.003
b15_C,_5517_,NAND2,0,0,2,1,25,2,1,-2.5122494431872866e-05,1.33,0.5320000000001528,0.003
b15_C,_5518_,OAI21,0,1,3,0,36,1,0,-4.289532293966225e-05,1.862,0.7979999999997744,0.003
b15_C,_5519_,AOI22,0,0,4,1,26,2,1,-4.877505567879581e-06,2.394,1.063999999999396,0.003
b15_C,_5520_,NOR3,0,0,3,6,24,4,31,-2.3608017817089433e-05,1.862,0.7979999999997744,0.003
b15_C,_5521_,CLKBUF,0,0,1,10,25,3,20,0.0,1.064,0.26599999999962165,0.003
b15_C,_5522_,NAND2,0,0,2,1,26,2,1,0.0,1.33,0.5320000000001528,0.003
b15_C,_5523_,NAND2,0,2,2,10,25,3,30,6.75278396438106e-05,1.33,0.5320000000001528,0.003
b15_C,_5524_,BUF,0,2,1,10,26,2,10,5.465478841903959e-05,1.064,0.26599999999962165,0.003
b15_C,_5525_,OAI211,0,1,4,0,38,1,0,-4.601336302867409e-05,2.394,1.063999999999396,0.003
b15_C,_5526_,NAND2,0,0,2,1,26,2,1,0.0,1.33,0.5320000000001528,0.003
b15_C,_5527_,AOI22,0,0,4,1,26,2,1,-4.877505567879581e-06,2.394,1.063999999999396,0.003
b15_C,_5528_,OAI211,0,1,4,0,38,1,0,-3.289532293981878e-05,2.394,1.063999999999396,0.003
b15_C,_5529_,NAND2,0,0,2,1,26,2,1,0.0,1.33,0.5320000000001528,0.003
b15_C,_5530_,AOI22,0,0,4,1,26,2,1,0.0,2.394,1.063999999999396,0.003
b15_C,_5531_,OAI211,0,1,4,0,37,1,0,-4.146993318454584e-05,2.394,1.063999999999396,0.003
b15_C,_5532_,NAND2,0,0,2,1,26,2,1,0.0,1.33,0.5320000000001528,0.003
b15_C,_5533_,AOI22,0,0,4,1,26,2,1,-4.877505567879581e-06,2.394,1.063999999999396,0.003
b15_C,_5534_,OAI211,0,1,4,0,37,1,0,-4.7082405345122424e-05,2.394,1.063999999999396,0.003
b15_C,_5535_,AOI21,0,0,3,3,25,3,6,-4.387527839488925e-06,1.862,0.7979999999997744,0.003
b15_C,_5536_,AOI222,0,1,6,1,36,2,1,-2.084632516718976e-05,3.724,1.595999999999549,0.003
b15_C,_5537_,INV,0,0,1,1,1,2,1,0.0,0.798,0.26599999999962165,0.003
b15_C,_5538_,OAI21,0,1,3,0,37,1,0,-4.4498886414112704e-05,1.862,0.7979999999997744,0.003
b15_C,_5539_,AND2,0,0,2,1,24,3,2,-8.240534521197773e-06,1.33,0.26599999999962165,0.003
b15_C,_5540_,AOI221,0,0,5,1,25,2,1,0.0,2.926,1.3299999999990177,0.003
b15_C,_5541_,CLKBUF,0,0,1,10,26,2,10,-7.1269487746938864e-06,1.064,0.26599999999962165,0.003
b15_C,_5542_,OAI21,0,1,3,0,35,1,0,-2.4342984409564394e-05,1.862,0.7979999999997744,0.003
b15_C,_5543_,NAND2,0,0,2,1,26,2,1,0.0,1.33,0.5320000000001528,0.003
b15_C,_5544_,AOI22,0,0,4,1,26,2,1,0.0,2.394,1.063999999999396,0.003
b15_C,_5545_,OAI211,0,1,4,0,36,1,0,-5.8574610245054615e-05,2.394,1.063999999999396,0.003
b15_C,_5546_,AND2,0,0,2,1,24,3,2,-8.240534521197773e-06,1.33,0.26599999999962165,0.003
b15_C,_5547_,AOI221,0,0,5,1,25,2,1,0.0,2.926,1.3299999999990177,0.003
b15_C,_5548_,OAI21,0,1,3,0,35,1,0,-3.305122494423607e-05,1.862,0.7979999999997744,0.003
b15_C,_5549_,AOI222,0,1,6,1,37,2,1,-1.9777282850519384e-05,3.724,1.595999999999549,0.003
b15_C,_5550_,INV,0,0,1,1,1,2,1,0.0,0.798,0.26599999999962165,0.003
b15_C,_5551_,OAI21,0,1,3,0,38,1,0,-4.4498886414112704e-05,1.862,0.7979999999997744,0.003
b15_C,_5552_,NAND2,0,0,2,1,26,2,1,0.0,1.33,0.5320000000001528,0.003
b15_C,_5553_,AOI22,0,0,4,1,26,2,1,0.0,2.394,1.063999999999396,0.003
b15_C,_5554_,OAI211,0,1,4,0,36,1,0,-6.714922048978167e-05,2.394,1.063999999999396,0.003
b15_C,_5555_,AOI222,0,1,6,1,35,2,1,-2.0044543429964534e-05,3.724,1.595999999999549,0.003
b15_C,_5556_,INV,0,0,1,1,1,2,1,0.0,0.798,0.26599999999962165,0.003
b15_C,_5557_,OAI21,0,1,3,0,36,1,0,-4.4498886414112704e-05,1.862,0.7979999999997744,0.003
b15_C,_5558_,NAND2,0,0,2,1,26,2,1,0.0,1.33,0.5320000000001528,0.003
b15_C,_5559_,AOI22,0,0,4,1,26,2,1,-4.877505567879581e-06,2.394,1.063999999999396,0.003
b15_C,_5560_,OAI211,0,1,4,0,36,1,0,-3.267260579065123e-05,2.394,1.063999999999396,0.003
b15_C,_5561_,NAND2,0,0,2,1,26,2,1,0.0,1.33,0.5320000000001528,0.003
b15_C,_5562_,AOI22,0,0,4,1,26,2,1,0.0,2.394,1.063999999999396,0.003
b15_C,_5563_,OAI211,0,1,4,0,36,1,0,-3.340757238290415e-05,2.394,1.063999999999396,0.003
b15_C,_5564_,NAND2,0,0,2,1,26,2,1,0.0,1.33,0.5320000000001528,0.003
b15_C,_5565_,AOI22,0,0,4,1,26,2,1,0.0,2.394,1.063999999999396,0.003
b15_C,_5566_,OAI211,0,1,4,0,35,1,0,-6.804008908667392e-05,2.394,1.063999999999396,0.003
b15_C,_5567_,NAND2,0,0,2,1,26,2,1,0.0,1.33,0.5320000000001528,0.003
b15_C,_5568_,AOI22,0,0,4,1,25,2,1,-4.877505567879581e-06,2.394,1.063999999999396,0.003
b15_C,_5569_,INV,0,1,1,2,33,4,4,-2.086859688188447e-05,0.798,0.26599999999962165,0.003
b15_C,_5570_,OAI211,0,1,4,0,34,1,0,-2.496659242745558e-05,2.394,1.063999999999396,0.003
b15_C,_5571_,NOR2,0,0,2,7,24,4,33,-2.1603563474359433e-05,1.33,0.5320000000001528,0.003
b15_C,_5572_,CLKBUF,0,0,1,10,25,3,20,0.0,1.064,0.26599999999962165,0.003
b15_C,_5573_,AOI22,0,0,4,1,26,2,1,0.0,2.394,1.063999999999396,0.003
b15_C,_5574_,OAI21,0,1,3,0,33,1,0,-3.790645879742094e-05,1.862,0.7979999999997744,0.003
b15_C,_5575_,AOI22,0,0,4,1,26,2,1,0.0,2.394,1.063999999999396,0.003
b15_C,_5576_,OAI21,0,1,3,0,32,1,0,-5.899777282847296e-05,1.862,0.7979999999997744,0.003
b15_C,_5577_,AOI22,0,0,4,1,26,2,1,0.0,2.394,1.063999999999396,0.003
b15_C,_5578_,OAI21,0,1,3,0,31,1,0,-5.766146993302357e-05,1.862,0.7979999999997744,0.003
b15_C,_5579_,AOI22,0,0,4,1,26,2,1,0.0,2.394,1.063999999999396,0.003
b15_C,_5580_,OAI21,0,1,3,0,30,1,0,-5.8329621380748264e-05,1.862,0.7979999999997744,0.003
b15_C,_5581_,CLKBUF,0,0,1,10,25,3,20,0.0,1.064,0.26599999999962165,0.003
b15_C,_5582_,AOI22,0,0,4,1,26,2,1,-1.1826280623683516e-05,2.394,1.063999999999396,0.003
b15_C,_5583_,OAI21,0,1,3,0,30,1,0,-4.1091314030961e-05,1.862,0.7979999999997744,0.003
b15_C,_5584_,AOI22,0,0,4,1,26,2,1,-1.1826280623683516e-05,2.394,1.063999999999396,0.003
b15_C,_5585_,OAI21,0,1,3,0,31,1,0,-1.4120267260331332e-05,1.862,0.7979999999997744,0.003
b15_C,_5586_,AOI22,0,0,4,1,26,2,1,-1.1826280623683516e-05,2.394,1.063999999999396,0.003
b15_C,_5587_,OAI21,0,1,3,0,28,1,0,-3.496659242752109e-05,1.862,0.7979999999997744,0.003
b15_C,_5588_,AOI22,0,0,4,1,26,2,1,-1.1826280623683516e-05,2.394,1.063999999999396,0.003
b15_C,_5589_,OAI21,0,1,3,0,28,1,0,-2.654788418698928e-05,1.862,0.7979999999997744,0.003
b15_C,_5590_,AOI22,0,0,4,1,26,2,1,-1.1826280623683516e-05,2.394,1.063999999999396,0.003
b15_C,_5591_,OAI21,0,1,3,0,28,1,0,-9.122494432078909e-05,1.862,0.7979999999997744,0.003
b15_C,_5592_,AOI22,0,0,4,1,26,2,1,-1.1826280623683516e-05,2.394,1.063999999999396,0.003
b15_C,_5593_,OAI21,0,1,3,0,27,1,0,-3.65701559017495e-05,1.862,0.7979999999997744,0.003
b15_C,_5594_,AOI22,0,0,4,1,26,2,1,-1.1826280623683516e-05,2.394,1.063999999999396,0.003
b15_C,_5595_,OAI21,0,1,3,0,28,1,0,-3.1915367483259516e-05,1.862,0.7979999999997744,0.003
b15_C,_5596_,AOI22,0,0,4,1,26,2,1,-1.1826280623683516e-05,2.394,1.063999999999396,0.003
b15_C,_5597_,OAI21,0,1,3,0,27,1,0,-2.641425389748875e-05,1.862,0.7979999999997744,0.003
b15_C,_5598_,AOI22,0,0,4,1,26,2,1,-1.1826280623683516e-05,2.394,1.063999999999396,0.003
b15_C,_5599_,OAI21,0,1,3,0,27,1,0,-2.031180400874355e-05,1.862,0.7979999999997744,0.003
b15_C,_5600_,AOI22,0,0,4,1,26,2,1,-1.0244988863927773e-06,2.394,1.063999999999396,0.003
b15_C,_5601_,OAI21,0,1,3,0,27,1,0,-2.3674832962061743e-05,1.862,0.7979999999997744,0.003
b15_C,_5602_,AOI22,0,0,4,1,25,2,1,-4.877505567879581e-06,2.394,1.063999999999396,0.003
b15_C,_5603_,OAI21,0,1,3,0,27,1,0,-2.525612472159544e-05,1.862,0.7979999999997744,0.003
b15_C,_5604_,AOI22,0,0,4,1,25,2,1,-4.877505567879581e-06,2.394,1.063999999999396,0.003
b15_C,_5605_,OAI21,0,1,3,0,27,1,0,-4.36525612457217e-06,1.862,0.7979999999997744,0.003
b15_C,_5606_,BUF,0,0,1,10,4,8,226,2.227171491675506e-08,1.064,0.26599999999962165,0.003
b15_C,_5607_,NAND2,0,0,2,4,4,9,567,-1.2583518930853188e-05,1.33,0.5320000000001528,0.003
b15_C,_5608_,NOR2,0,0,2,5,5,6,86,-8.908685944497563e-08,1.33,0.5320000000001528,0.003
b15_C,_5609_,NOR2,0,0,2,2,2,8,94,-0.00013224944320699983,1.33,0.5320000000001528,0.003
b15_C,_5610_,NAND2,0,19,2,2,20,7,89,-0.0031644766146992076,1.33,0.5320000000001528,0.003
b15_C,_5611_,NAND2,0,0,2,2,11,7,89,0.0,1.33,0.5320000000001528,0.003
b15_C,_5612_,NAND2,0,0,2,8,11,16,325,-2.227171491675506e-08,1.33,0.5320000000001528,0.003
b15_C,_5613_,AOI211,0,19,4,8,21,6,77,0.0018210022271714088,2.394,1.063999999999396,0.003
b15_C,_5614_,NOR2,0,19,2,5,22,5,66,-2.6525612472072524e-05,1.33,0.5320000000001528,0.003
b15_C,_5615_,BUF,0,17,1,10,23,4,38,0.00045358574610276925,1.064,0.26599999999962165,0.003
b15_C,_5616_,BUF,0,10,1,10,24,3,19,0.00028182628062389803,1.064,0.26599999999962165,0.003
b15_C,_5617_,AND2,0,1,2,0,25,1,0,-2.086859688188447e-05,1.33,0.26599999999962165,0.003
b15_C,_5618_,BUF,0,10,1,10,24,3,20,0.0002565701559018585,1.064,0.26599999999962165,0.003
b15_C,_5619_,CLKBUF,0,0,1,10,6,3,20,0.0,1.064,0.26599999999962165,0.003
b15_C,_5620_,AOI222,0,1,6,1,25,2,1,-0.0001725167037860409,3.724,1.595999999999549,0.003
b15_C,_5621_,INV,0,1,1,0,26,1,0,-5.567928730298988e-06,0.798,0.26599999999962165,0.003
b15_C,_5622_,AOI222,0,1,6,1,25,2,1,-0.0001725167037860409,3.724,1.595999999999549,0.003
b15_C,_5623_,INV,0,1,1,0,26,1,0,-5.567928730298988e-06,0.798,0.26599999999962165,0.003
b15_C,_5624_,BUF,0,2,1,10,23,3,20,-3.710467706019571e-05,1.064,0.26599999999962165,0.003
b15_C,_5625_,AOI222,0,1,6,1,25,2,1,-9.483296213796955e-05,3.724,1.595999999999549,0.003
b15_C,_5626_,INV,0,1,1,0,26,1,0,-5.545657015382233e-06,0.798,0.26599999999962165,0.003
b15_C,_5627_,AOI222,0,1,6,1,25,2,1,-9.483296213796955e-05,3.724,1.595999999999549,0.003
b15_C,_5628_,INV,0,1,1,0,26,1,0,-5.545657015382233e-06,0.798,0.26599999999962165,0.003
b15_C,_5629_,CLKBUF,0,0,1,10,6,3,20,0.0,1.064,0.26599999999962165,0.003
b15_C,_5630_,AOI222,0,1,6,1,25,2,1,-9.483296213796955e-05,3.724,1.595999999999549,0.003
b15_C,_5631_,INV,0,1,1,0,26,1,0,-5.545657015382233e-06,0.798,0.26599999999962165,0.003
b15_C,_5632_,AOI222,0,1,6,1,25,2,1,-9.483296213796955e-05,3.724,1.595999999999549,0.003
b15_C,_5633_,INV,0,1,1,0,26,1,0,-5.545657015382233e-06,0.798,0.26599999999962165,0.003
b15_C,_5634_,AOI222,0,1,6,1,25,2,1,-9.483296213796955e-05,3.724,1.595999999999549,0.003
b15_C,_5635_,INV,0,1,1,0,26,1,0,-5.545657015382233e-06,0.798,0.26599999999962165,0.003
b15_C,_5636_,AOI222,0,1,6,1,25,2,1,-9.483296213796955e-05,3.724,1.595999999999549,0.003
b15_C,_5637_,INV,0,1,1,0,26,1,0,-5.545657015382233e-06,0.798,0.26599999999962165,0.003
b15_C,_5638_,AOI222,0,1,6,1,25,2,1,-9.483296213796955e-05,3.724,1.595999999999549,0.003
b15_C,_5639_,INV,0,1,1,0,26,1,0,-5.545657015382233e-06,0.798,0.26599999999962165,0.003
b15_C,_5640_,AOI222,0,1,6,1,25,2,1,-9.483296213796955e-05,3.724,1.595999999999549,0.003
b15_C,_5641_,INV,0,1,1,0,26,1,0,-5.545657015382233e-06,0.798,0.26599999999962165,0.003
b15_C,_5642_,AOI222,0,1,6,1,24,2,1,-0.0005961024498886136,3.724,1.595999999999549,0.003
b15_C,_5643_,INV,0,1,1,0,25,1,0,-2.178173719347143e-05,0.798,0.26599999999962165,0.003
b15_C,_5644_,AOI222,0,1,6,1,24,2,1,-0.0005961024498886136,3.724,1.595999999999549,0.003
b15_C,_5645_,INV,0,1,1,0,25,1,0,-2.178173719347143e-05,0.798,0.26599999999962165,0.003
b15_C,_5646_,AOI222,0,1,6,1,24,2,1,-0.0007903340757235977,3.724,1.595999999999549,0.003
b15_C,_5647_,INV,0,1,1,0,25,1,0,-1.2694877505436963e-05,0.798,0.26599999999962165,0.003
b15_C,_5648_,AOI222,0,1,6,1,24,2,1,-0.0007903340757235977,3.724,1.595999999999549,0.003
b15_C,_5649_,INV,0,1,1,0,25,1,0,-1.2694877505436963e-05,0.798,0.26599999999962165,0.003
b15_C,_5650_,AOI222,0,1,6,1,24,2,1,-0.0007903340757235977,3.724,1.595999999999549,0.003
b15_C,_5651_,INV,0,1,1,0,25,1,0,-1.2694877505436963e-05,0.798,0.26599999999962165,0.003
b15_C,_5652_,NAND2,0,1,2,1,25,2,1,-5.672605790629781e-05,1.33,0.5320000000001528,0.003
b15_C,_5653_,CLKBUF,0,0,1,10,6,3,20,0.0,1.064,0.26599999999962165,0.003
b15_C,_5654_,BUF,0,0,1,10,22,3,20,-0.00029198218262793674,1.064,0.26599999999962165,0.003
b15_C,_5655_,AOI22,0,0,4,1,23,2,1,-1.559020044172854e-07,2.394,1.063999999999396,0.003
b15_C,_5656_,NAND2,0,1,2,0,26,1,0,-6.63697104674732e-06,1.33,0.5320000000001528,0.003
b15_C,_5657_,NAND2,0,1,2,1,25,2,1,-5.672605790629781e-05,1.33,0.5320000000001528,0.003
b15_C,_5658_,AOI22,0,0,4,1,23,2,1,-1.559020044172854e-07,2.394,1.063999999999396,0.003
b15_C,_5659_,NAND2,0,1,2,0,26,1,0,-6.63697104674732e-06,1.33,0.5320000000001528,0.003
b15_C,_5660_,NAND2,0,1,2,1,25,2,1,-5.672605790629781e-05,1.33,0.5320000000001528,0.003
b15_C,_5661_,AOI22,0,0,4,1,23,2,1,-1.559020044172854e-07,2.394,1.063999999999396,0.003
b15_C,_5662_,NAND2,0,1,2,0,26,1,0,-6.63697104674732e-06,1.33,0.5320000000001528,0.003
b15_C,_5663_,NAND2,0,1,2,1,25,2,1,-5.672605790629781e-05,1.33,0.5320000000001528,0.003
b15_C,_5664_,AOI22,0,0,4,1,22,2,1,-0.0005126280623606316,2.394,1.063999999999396,0.003
b15_C,_5665_,NAND2,0,1,2,0,26,1,0,-6.63697104674732e-06,1.33,0.5320000000001528,0.003
b15_C,_5666_,NAND2,0,0,2,1,7,2,1,0.0,1.33,0.5320000000001528,0.003
b15_C,_5667_,AOI22,0,1,4,1,24,2,1,-8.106904231608425e-05,2.394,1.063999999999396,0.003
b15_C,_5668_,NAND2,0,1,2,0,25,1,0,-1.8841870824015672e-05,1.33,0.5320000000001528,0.003
b15_C,_5669_,NAND2,0,1,2,1,25,2,1,-5.672605790629781e-05,1.33,0.5320000000001528,0.003
b15_C,_5670_,AOI22,0,0,4,1,22,2,1,-0.0005126280623606316,2.394,1.063999999999396,0.003
b15_C,_5671_,NAND2,0,1,2,0,26,1,0,-6.63697104674732e-06,1.33,0.5320000000001528,0.003
b15_C,_5672_,NAND2,0,1,2,1,25,2,1,-5.672605790629781e-05,1.33,0.5320000000001528,0.003
b15_C,_5673_,AOI22,0,0,4,1,22,2,1,-0.0005126280623606316,2.394,1.063999999999396,0.003
b15_C,_5674_,NAND2,0,1,2,0,26,1,0,-6.63697104674732e-06,1.33,0.5320000000001528,0.003
b15_C,_5675_,NAND2,0,0,2,1,7,2,1,0.0,1.33,0.5320000000001528,0.003
b15_C,_5676_,AOI22,0,1,4,1,24,2,1,-8.106904231608425e-05,2.394,1.063999999999396,0.003
b15_C,_5677_,NAND2,0,1,2,0,25,1,0,-1.8841870824015672e-05,1.33,0.5320000000001528,0.003
b15_C,_5678_,NAND2,0,0,2,1,7,2,1,0.0,1.33,0.5320000000001528,0.003
b15_C,_5679_,AOI22,0,1,4,1,24,2,1,-8.106904231608425e-05,2.394,1.063999999999396,0.003
b15_C,_5680_,NAND2,0,1,2,0,25,1,0,-1.8841870824015672e-05,1.33,0.5320000000001528,0.003
b15_C,_5681_,NAND2,0,0,2,1,7,2,1,0.0,1.33,0.5320000000001528,0.003
b15_C,_5682_,AOI22,0,1,4,1,24,2,1,-8.106904231608425e-05,2.394,1.063999999999396,0.003
b15_C,_5683_,NAND2,0,1,2,0,25,1,0,-1.8841870824015672e-05,1.33,0.5320000000001528,0.003
b15_C,_5684_,NAND2,0,1,2,1,25,2,1,-5.672605790629781e-05,1.33,0.5320000000001528,0.003
b15_C,_5685_,AOI22,0,0,4,1,22,2,1,-0.0005126280623606316,2.394,1.063999999999396,0.003
b15_C,_5686_,NAND2,0,1,2,0,26,1,0,-6.63697104674732e-06,1.33,0.5320000000001528,0.003
b15_C,_5687_,NAND2,0,0,2,1,7,2,1,0.0,1.33,0.5320000000001528,0.003
b15_C,_5688_,AOI22,0,1,4,1,24,2,1,-8.106904231608425e-05,2.394,1.063999999999396,0.003
b15_C,_5689_,NAND2,0,1,2,0,25,1,0,-1.8841870824015672e-05,1.33,0.5320000000001528,0.003
b15_C,_5690_,NAND2,0,0,2,1,7,2,1,0.0,1.33,0.5320000000001528,0.003
b15_C,_5691_,AOI22,0,1,4,1,24,2,1,-8.106904231608425e-05,2.394,1.063999999999396,0.003
b15_C,_5692_,NAND2,0,1,2,0,25,1,0,-1.8841870824015672e-05,1.33,0.5320000000001528,0.003
b15_C,_5693_,NAND2,0,0,2,1,7,2,1,0.0,1.33,0.5320000000001528,0.003
b15_C,_5694_,AOI22,0,1,4,1,24,2,1,-8.106904231608425e-05,2.394,1.063999999999396,0.003
b15_C,_5695_,NAND2,0,1,2,0,25,1,0,-1.8841870824015672e-05,1.33,0.5320000000001528,0.003
b15_C,_5696_,NAND2,0,1,2,1,25,2,1,-5.672605790629781e-05,1.33,0.5320000000001528,0.003
b15_C,_5697_,AOI22,0,0,4,1,22,2,1,-0.0005126280623606316,2.394,1.063999999999396,0.003
b15_C,_5698_,NAND2,0,1,2,0,26,1,0,-6.63697104674732e-06,1.33,0.5320000000001528,0.003
b15_C,_5699_,NAND2,0,1,2,1,25,2,1,-5.672605790629781e-05,1.33,0.5320000000001528,0.003
b15_C,_5700_,AOI22,0,0,4,1,22,2,1,-0.0005126280623606316,2.394,1.063999999999396,0.003
b15_C,_5701_,NAND2,0,1,2,0,26,1,0,-6.63697104674732e-06,1.33,0.5320000000001528,0.003
b15_C,_5702_,NAND3,0,0,3,8,10,17,179,0.0,1.862,0.7979999999997744,0.003
b15_C,_5703_,OAI211,0,31,4,3,20,5,105,-0.003428262806235871,2.394,1.063999999999396,0.003
b15_C,_5704_,OR2,0,0,2,4,21,4,65,-0.00028587973273919154,1.33,0.26599999999962165,0.003
b15_C,_5705_,BUF,0,0,1,10,22,3,20,0.0,1.064,0.26599999999962165,0.003
b15_C,_5706_,NAND2,0,0,2,1,23,2,1,0.0,1.33,0.5320000000001528,0.003
b15_C,_5707_,NOR2,0,0,2,4,21,4,65,-0.0006615812917591946,1.33,0.5320000000001528,0.003
b15_C,_5708_,BUF,0,0,1,10,22,3,20,-1.3808463251496761e-05,1.064,0.26599999999962165,0.003
b15_C,_5709_,NOR2,0,31,2,4,21,4,65,-0.0003638752783963195,1.33,0.5320000000001528,0.003
b15_C,_5710_,BUF,0,10,1,10,22,3,20,-8.427616926498516e-05,1.064,0.26599999999962165,0.003
b15_C,_5711_,AOI22,0,1,4,1,23,2,1,-9.291759465468452e-05,2.394,1.063999999999396,0.003
b15_C,_5712_,CLKBUF,0,0,1,10,11,2,10,0.0,1.064,0.26599999999962165,0.003
b15_C,_5713_,OAI21,0,1,3,0,24,1,0,-3.452115812763168e-06,1.862,0.7979999999997744,0.003
b15_C,_5714_,NAND2,0,0,2,1,23,2,1,0.0,1.33,0.5320000000001528,0.003
b15_C,_5715_,AOI22,0,1,4,1,23,2,1,-9.291759465468452e-05,2.394,1.063999999999396,0.003
b15_C,_5716_,OAI21,0,1,3,0,24,1,0,-3.452115812763168e-06,1.862,0.7979999999997744,0.003
b15_C,_5717_,NAND2,0,0,2,1,23,2,1,0.0,1.33,0.5320000000001528,0.003
b15_C,_5718_,AOI22,0,1,4,1,23,2,1,-9.291759465468452e-05,2.394,1.063999999999396,0.003
b15_C,_5719_,OAI21,0,1,3,0,24,1,0,-3.452115812763168e-06,1.862,0.7979999999997744,0.003
b15_C,_5720_,NAND2,0,0,2,1,23,2,1,0.0,1.33,0.5320000000001528,0.003
b15_C,_5721_,AOI22,0,1,4,1,23,2,1,-9.291759465468452e-05,2.394,1.063999999999396,0.003
b15_C,_5722_,OAI21,0,1,3,0,24,1,0,-3.452115812763168e-06,1.862,0.7979999999997744,0.003
b15_C,_5723_,NAND2,0,0,2,1,23,2,1,0.0,1.33,0.5320000000001528,0.003
b15_C,_5724_,AOI22,0,1,4,1,23,2,1,-9.291759465468452e-05,2.394,1.063999999999396,0.003
b15_C,_5725_,OAI21,0,1,3,0,24,1,0,-3.452115812763168e-06,1.862,0.7979999999997744,0.003
b15_C,_5726_,NAND2,0,0,2,1,23,2,1,0.0,1.33,0.5320000000001528,0.003
b15_C,_5727_,AOI22,0,1,4,1,23,2,1,-9.291759465468452e-05,2.394,1.063999999999396,0.003
b15_C,_5728_,OAI21,0,1,3,0,24,1,0,-3.452115812763168e-06,1.862,0.7979999999997744,0.003
b15_C,_5729_,NAND2,0,0,2,1,23,2,1,0.0,1.33,0.5320000000001528,0.003
b15_C,_5730_,AOI22,0,1,4,1,23,2,1,-9.291759465468452e-05,2.394,1.063999999999396,0.003
b15_C,_5731_,OAI21,0,1,3,0,24,1,0,-3.452115812763168e-06,1.862,0.7979999999997744,0.003
b15_C,_5732_,NAND2,0,0,2,1,23,2,1,0.0,1.33,0.5320000000001528,0.003
b15_C,_5733_,AOI22,0,1,4,1,23,2,1,-9.291759465468452e-05,2.394,1.063999999999396,0.003
b15_C,_5734_,OAI21,0,1,3,0,24,1,0,-3.452115812763168e-06,1.862,0.7979999999997744,0.003
b15_C,_5735_,NAND2,0,0,2,1,23,2,1,0.0,1.33,0.5320000000001528,0.003
b15_C,_5736_,AOI22,0,1,4,1,23,2,1,-9.291759465468452e-05,2.394,1.063999999999396,0.003
b15_C,_5737_,OAI21,0,1,3,0,24,1,0,-3.452115812763168e-06,1.862,0.7979999999997744,0.003
b15_C,_5738_,NAND2,0,0,2,1,23,2,1,0.0,1.33,0.5320000000001528,0.003
b15_C,_5739_,AOI22,0,1,4,1,23,2,1,-9.291759465468452e-05,2.394,1.063999999999396,0.003
b15_C,_5740_,OAI21,0,1,3,0,24,1,0,-3.452115812763168e-06,1.862,0.7979999999997744,0.003
b15_C,_5741_,BUF,0,0,1,10,22,3,20,0.0,1.064,0.26599999999962165,0.003
b15_C,_5742_,NAND2,0,0,2,1,23,2,1,0.0,1.33,0.5320000000001528,0.003
b15_C,_5743_,BUF,0,0,1,10,22,3,20,-1.3808463251496761e-05,1.064,0.26599999999962165,0.003
b15_C,_5744_,BUF,0,10,1,10,22,3,20,-8.427616926498516e-05,1.064,0.26599999999962165,0.003
b15_C,_5745_,AOI22,0,1,4,1,23,2,1,-9.291759465468452e-05,2.394,1.063999999999396,0.003
b15_C,_5746_,CLKBUF,0,0,1,10,11,2,10,0.0,1.064,0.26599999999962165,0.003
b15_C,_5747_,OAI21,0,1,3,0,24,1,0,-3.452115812763168e-06,1.862,0.7979999999997744,0.003
b15_C,_5748_,NAND2,0,0,2,1,23,2,1,0.0,1.33,0.5320000000001528,0.003
b15_C,_5749_,AOI22,0,1,4,1,23,2,1,-9.291759465468452e-05,2.394,1.063999999999396,0.003
b15_C,_5750_,OAI21,0,1,3,0,24,1,0,-3.452115812763168e-06,1.862,0.7979999999997744,0.003
b15_C,_5751_,NAND2,0,0,2,1,23,2,1,0.0,1.33,0.5320000000001528,0.003
b15_C,_5752_,AOI22,0,1,4,1,23,2,1,-9.291759465468452e-05,2.394,1.063999999999396,0.003
b15_C,_5753_,OAI21,0,1,3,0,24,1,0,-3.452115812763168e-06,1.862,0.7979999999997744,0.003
b15_C,_5754_,NAND2,0,0,2,1,23,2,1,0.0,1.33,0.5320000000001528,0.003
b15_C,_5755_,AOI22,0,1,4,1,23,2,1,-9.291759465468452e-05,2.394,1.063999999999396,0.003
b15_C,_5756_,OAI21,0,1,3,0,24,1,0,-3.452115812763168e-06,1.862,0.7979999999997744,0.003
b15_C,_5757_,NAND2,0,0,2,1,23,2,1,0.0,1.33,0.5320000000001528,0.003
b15_C,_5758_,AOI22,0,1,4,1,23,2,1,-9.291759465468452e-05,2.394,1.063999999999396,0.003
b15_C,_5759_,OAI21,0,1,3,0,24,1,0,-3.452115812763168e-06,1.862,0.7979999999997744,0.003
b15_C,_5760_,NAND2,0,0,2,1,23,2,1,0.0,1.33,0.5320000000001528,0.003
b15_C,_5761_,AOI22,0,1,4,1,23,2,1,-9.291759465468452e-05,2.394,1.063999999999396,0.003
b15_C,_5762_,OAI21,0,1,3,0,24,1,0,-3.452115812763168e-06,1.862,0.7979999999997744,0.003
b15_C,_5763_,NAND2,0,0,2,1,23,2,1,0.0,1.33,0.5320000000001528,0.003
b15_C,_5764_,AOI22,0,1,4,1,23,2,1,-9.291759465468452e-05,2.394,1.063999999999396,0.003
b15_C,_5765_,OAI21,0,1,3,0,24,1,0,-3.452115812763168e-06,1.862,0.7979999999997744,0.003
b15_C,_5766_,NAND2,0,0,2,1,23,2,1,0.0,1.33,0.5320000000001528,0.003
b15_C,_5767_,AOI22,0,1,4,1,23,2,1,-9.291759465468452e-05,2.394,1.063999999999396,0.003
b15_C,_5768_,OAI21,0,1,3,0,24,1,0,-3.452115812763168e-06,1.862,0.7979999999997744,0.003
b15_C,_5769_,NAND2,0,0,2,1,23,2,1,0.0,1.33,0.5320000000001528,0.003
b15_C,_5770_,AOI22,0,1,4,1,23,2,1,-9.291759465468452e-05,2.394,1.063999999999396,0.003
b15_C,_5771_,OAI21,0,1,3,0,24,1,0,-3.452115812763168e-06,1.862,0.7979999999997744,0.003
b15_C,_5772_,NAND2,0,0,2,1,23,2,1,0.0,1.33,0.5320000000001528,0.003
b15_C,_5773_,AOI22,0,1,4,1,23,2,1,-9.291759465468452e-05,2.394,1.063999999999396,0.003
b15_C,_5774_,OAI21,0,1,3,0,24,1,0,-3.452115812763168e-06,1.862,0.7979999999997744,0.003
b15_C,_5775_,BUF,0,0,1,10,22,3,20,0.0,1.064,0.26599999999962165,0.003
b15_C,_5776_,NAND2,0,0,2,1,23,2,1,0.0,1.33,0.5320000000001528,0.003
b15_C,_5777_,BUF,0,0,1,10,22,3,20,-1.3808463251496761e-05,1.064,0.26599999999962165,0.003
b15_C,_5778_,BUF,0,10,1,10,22,3,20,-8.427616926498516e-05,1.064,0.26599999999962165,0.003
b15_C,_5779_,AOI22,0,1,4,1,23,2,1,-9.291759465468452e-05,2.394,1.063999999999396,0.003
b15_C,_5780_,CLKBUF,0,0,1,10,11,2,10,0.0,1.064,0.26599999999962165,0.003
b15_C,_5781_,OAI21,0,1,3,0,24,1,0,-3.452115812763168e-06,1.862,0.7979999999997744,0.003
b15_C,_5782_,NAND2,0,0,2,1,23,2,1,0.0,1.33,0.5320000000001528,0.003
b15_C,_5783_,AOI22,0,1,4,1,23,2,1,-9.291759465468452e-05,2.394,1.063999999999396,0.003
b15_C,_5784_,OAI21,0,1,3,0,24,1,0,-3.452115812763168e-06,1.862,0.7979999999997744,0.003
b15_C,_5785_,NAND2,0,0,2,1,23,2,1,0.0,1.33,0.5320000000001528,0.003
b15_C,_5786_,AOI22,0,1,4,1,23,2,1,-9.291759465468452e-05,2.394,1.063999999999396,0.003
b15_C,_5787_,OAI21,0,1,3,0,24,1,0,-3.452115812763168e-06,1.862,0.7979999999997744,0.003
b15_C,_5788_,NAND2,0,0,2,1,23,2,1,0.0,1.33,0.5320000000001528,0.003
b15_C,_5789_,AOI22,0,1,4,1,23,2,1,-9.291759465468452e-05,2.394,1.063999999999396,0.003
b15_C,_5790_,OAI21,0,1,3,0,24,1,0,-3.452115812763168e-06,1.862,0.7979999999997744,0.003
b15_C,_5791_,NAND2,0,0,2,1,23,2,1,0.0,1.33,0.5320000000001528,0.003
b15_C,_5792_,AOI22,0,1,4,1,23,2,1,-9.291759465468452e-05,2.394,1.063999999999396,0.003
b15_C,_5793_,OAI21,0,1,3,0,24,1,0,-3.452115812763168e-06,1.862,0.7979999999997744,0.003
b15_C,_5794_,NAND2,0,0,2,1,23,2,1,0.0,1.33,0.5320000000001528,0.003
b15_C,_5795_,AOI22,0,1,4,1,23,2,1,-9.291759465468452e-05,2.394,1.063999999999396,0.003
b15_C,_5796_,OAI21,0,1,3,0,24,1,0,-3.452115812763168e-06,1.862,0.7979999999997744,0.003
b15_C,_5797_,NAND2,0,0,2,1,23,2,1,0.0,1.33,0.5320000000001528,0.003
b15_C,_5798_,AOI22,0,1,4,1,23,2,1,-9.291759465468452e-05,2.394,1.063999999999396,0.003
b15_C,_5799_,OAI21,0,1,3,0,24,1,0,-3.452115812763168e-06,1.862,0.7979999999997744,0.003
b15_C,_5800_,NAND2,0,0,2,1,23,2,1,0.0,1.33,0.5320000000001528,0.003
b15_C,_5801_,AOI22,0,1,4,1,23,2,1,-9.291759465468452e-05,2.394,1.063999999999396,0.003
b15_C,_5802_,OAI21,0,1,3,0,24,1,0,-3.452115812763168e-06,1.862,0.7979999999997744,0.003
b15_C,_5803_,NAND2,0,0,2,1,23,2,1,0.0,1.33,0.5320000000001528,0.003
b15_C,_5804_,AOI22,0,1,4,1,23,2,1,-9.291759465468452e-05,2.394,1.063999999999396,0.003
b15_C,_5805_,OAI21,0,1,3,0,24,1,0,-3.452115812763168e-06,1.862,0.7979999999997744,0.003
b15_C,_5806_,NAND2,0,0,2,1,23,2,1,0.0,1.33,0.5320000000001528,0.003
b15_C,_5807_,AOI22,0,1,4,1,23,2,1,-9.291759465468452e-05,2.394,1.063999999999396,0.003
b15_C,_5808_,OAI21,0,1,3,0,24,1,0,-3.452115812763168e-06,1.862,0.7979999999997744,0.003
b15_C,_5809_,NAND2,0,0,2,1,22,2,1,0.0,1.33,0.5320000000001528,0.003
b15_C,_5810_,AOI22,0,1,4,1,22,2,1,-0.0005761247216033993,2.394,1.063999999999396,0.003
b15_C,_5811_,OAI21,0,1,3,0,23,1,0,-2.7616926501217165e-06,1.862,0.7979999999997744,0.003
b15_C,_5812_,INV,0,36,1,4,23,10,516,0.00035821826280613145,0.798,0.26599999999962165,0.003
b15_C,_5813_,NOR2,0,0,2,3,3,10,559,-1.0044543429899022e-05,1.33,0.5320000000001528,0.003
b15_C,_5814_,AOI211,0,36,4,1,24,9,514,-0.00036004454342974945,2.394,1.063999999999396,0.003
b15_C,_5815_,BUF,0,36,1,7,25,8,513,0.000526481069042406,1.064,0.26599999999962165,0.003
b15_C,_5816_,BUF,0,0,1,10,26,5,53,-9.748329621372953e-05,1.064,0.26599999999962165,0.003
b15_C,_5817_,NAND2,0,0,2,1,27,4,3,0.0,1.33,0.5320000000001528,0.003
b15_C,_5818_,OAI211,0,1,4,2,23,8,260,-0.0006090868596881904,2.394,1.063999999999396,0.003
b15_C,_5819_,NAND3,0,1,3,5,24,7,257,1.2004454343017557e-05,1.862,0.7979999999997744,0.003
b15_C,_5820_,BUF,0,1,1,10,25,6,180,2.1603563474581478e-05,1.064,0.26599999999962165,0.003
b15_C,_5821_,AOI22,0,0,4,3,5,6,85,-4.7171492204789445e-05,2.394,1.063999999999396,0.003
b15_C,_5822_,OR2,0,1,2,4,26,5,39,-6.280623608012625e-05,1.33,0.26599999999962165,0.003
b15_C,_5823_,OAI221,0,0,5,1,36,3,2,-5.710467706010469e-05,2.926,1.3299999999990177,0.003
b15_C,_5824_,BUF,0,0,1,10,7,5,45,0.0,1.064,0.26599999999962165,0.003
b15_C,_5825_,CLKBUF,0,0,1,10,8,3,20,0.0,1.064,0.26599999999962165,0.003
b15_C,_5826_,AOI21,0,0,3,1,37,2,1,0.0,1.862,0.7979999999997744,0.003
b15_C,_5827_,AOI211,0,0,4,6,26,12,136,-3.051224944261577e-06,2.394,1.063999999999396,0.003
b15_C,_5828_,BUF,0,0,1,10,27,11,128,4.454343005555472e-08,1.064,0.26599999999962165,0.003
b15_C,_5829_,BUF,0,0,1,10,28,9,110,8.307349666170083e-06,1.064,0.26599999999962165,0.003
b15_C,_5830_,OAI21,0,0,3,3,29,5,19,-2.09354120239702e-06,1.862,0.7979999999997744,0.003
b15_C,_5831_,BUF,0,0,1,10,1,7,42,0.0,1.064,0.26599999999962165,0.003
b15_C,_5832_,NAND2,0,0,2,2,29,5,15,-3.051224944261577e-06,1.33,0.5320000000001528,0.003
b15_C,_5833_,BUF,0,0,1,10,29,6,68,-1.0244988863927773e-06,1.064,0.26599999999962165,0.003
b15_C,_5834_,NAND2,0,0,2,1,30,5,9,-4.454342983351012e-08,1.33,0.5320000000001528,0.003
b15_C,_5835_,NAND3,0,0,3,2,31,4,8,0.0,1.862,0.7979999999997744,0.003
b15_C,_5836_,AND2,0,0,2,1,30,4,4,0.0,1.33,0.26599999999962165,0.003
b15_C,_5837_,OR2,0,0,2,1,30,4,4,0.0,1.33,0.26599999999962165,0.003
b15_C,_5838_,NOR2,0,0,2,1,30,5,9,-4.454342983351012e-08,1.33,0.5320000000001528,0.003
b15_C,_5839_,NOR2,0,0,2,2,29,5,15,-2.7171492202882064e-06,1.33,0.5320000000001528,0.003
b15_C,_5840_,OR2,0,0,2,2,29,6,24,2.2271715138799664e-08,1.33,0.26599999999962165,0.003
b15_C,_5841_,NAND2,0,0,2,2,29,8,38,-3.051224944261577e-06,1.33,0.5320000000001528,0.003
b15_C,_5842_,NAND2,0,0,2,1,28,10,44,0.0,1.33,0.5320000000001528,0.003
b15_C,_5843_,BUF,0,0,1,10,1,14,143,0.0,1.064,0.26599999999962165,0.003
b15_C,_5844_,OAI21,0,0,3,2,27,10,48,-8.908685944497563e-08,1.862,0.7979999999997744,0.003
b15_C,_5845_,NAND2,0,0,2,2,29,9,43,0.0,1.33,0.5320000000001528,0.003
b15_C,_5846_,AOI21,0,0,3,2,30,8,38,0.0,1.862,0.7979999999997744,0.003
b15_C,_5847_,NAND2,0,0,2,2,31,7,33,0.0,1.33,0.5320000000001528,0.003
b15_C,_5848_,NAND2,0,0,2,2,28,8,62,0.0,1.33,0.5320000000001528,0.003
b15_C,_5849_,OAI21,0,0,3,3,28,8,66,-4.454342983351012e-08,1.862,0.797999999998865,0.003
b15_C,_5850_,BUF,0,0,1,10,1,16,198,0.0,1.064,0.26599999999962165,0.003
b15_C,_5851_,NAND2,0,0,2,3,28,8,66,0.0,1.33,0.5319999999992433,0.003
b15_C,_5852_,NAND3,0,0,3,2,29,7,57,-2.4498886408430565e-07,1.862,0.797999999998865,0.003
b15_C,_5853_,AND2,0,0,2,2,29,7,33,-9.354120265037125e-07,1.33,0.26599999999962165,0.003
b15_C,_5854_,OR3,0,0,3,2,32,6,28,-2.672605790010607e-07,1.596,0.26599999999962165,0.003
b15_C,_5855_,NOR2,0,0,2,2,29,8,62,-2.7171492202882064e-06,1.33,0.5319999999992433,0.003
b15_C,_5856_,OR2,0,0,2,3,28,8,67,0.0,1.33,0.26599999999962165,0.003
b15_C,_5857_,OR2,0,0,2,2,28,8,63,0.0,1.33,0.26599999999962165,0.003
b15_C,_5858_,OR2,0,0,2,4,28,8,78,-2.227171491675506e-08,1.33,0.26599999999962165,0.003
b15_C,_5859_,INV,0,0,1,5,1,18,206,0.0,0.798,0.26599999999962165,0.003
b15_C,_5860_,BUF,0,0,1,10,11,14,134,0.0,1.064,0.26599999999962165,0.003
b15_C,_5861_,AOI21,0,0,3,2,27,9,83,0.0,1.862,0.797999999998865,0.003
b15_C,_5862_,AOI21,0,0,3,3,26,9,89,0.0,1.862,0.797999999998865,0.003
b15_C,_5863_,AND3,0,0,3,2,26,10,90,0.0,1.596,0.26599999999962165,0.003
b15_C,_5864_,AND2,0,0,2,2,25,12,97,0.0,1.33,0.26599999999962165,0.003
b15_C,_5865_,NAND2,0,0,2,2,26,11,95,0.0,1.33,0.5319999999992433,0.003
b15_C,_5866_,INV,0,0,1,2,27,10,90,0.0,0.798,0.26599999999962165,0.003
b15_C,_5867_,INV,0,0,1,2,2,11,100,0.0,0.798,0.26599999999962165,0.003
b15_C,_5868_,INV,0,0,1,2,25,11,100,0.0,0.798,0.26599999999962165,0.003
b15_C,_5869_,AOI21,0,0,3,2,25,11,99,0.0,1.862,0.797999999998865,0.003
b15_C,_5870_,AOI21,0,0,3,3,24,11,103,0.0,1.862,0.797999999998865,0.003
b15_C,_5871_,AND3,0,0,3,2,24,12,104,0.0,1.596,0.26599999999962165,0.003
b15_C,_5872_,AND3,0,0,3,3,24,12,108,0.0,1.596,0.26599999999962165,0.003
b15_C,_5873_,AOI21,0,0,3,2,24,13,109,0.0,1.862,0.797999999998865,0.003
b15_C,_5874_,AOI21,0,0,3,2,23,13,114,0.0,1.862,0.797999999998865,0.003
b15_C,_5875_,AOI21,0,0,3,3,9,22,187,-1.559020044172854e-07,1.862,0.797999999998865,0.003
b15_C,_5876_,NOR2,0,0,2,3,10,21,174,0.0,1.33,0.5319999999992433,0.003
b15_C,_5877_,NAND2,0,0,2,5,11,20,164,0.0,1.33,0.5319999999992433,0.003
b15_C,_5878_,NOR3,0,0,3,3,12,18,142,0.0,1.862,0.797999999998865,0.003
b15_C,_5879_,NAND2,0,0,2,2,13,17,131,0.0,1.33,0.5319999999992433,0.003
b15_C,_5880_,NOR2,0,0,2,2,14,16,120,0.0,1.33,0.5319999999992433,0.003
b15_C,_5881_,AND2,0,0,2,2,23,16,120,0.0,1.33,0.26599999999962165,0.003
b15_C,_5882_,INV,0,0,1,5,1,23,261,0.0,0.798,0.26599999999962165,0.003
b15_C,_5883_,NOR2,0,0,2,2,24,15,119,0.0,1.33,0.5319999999992433,0.003
b15_C,_5884_,NOR2,0,0,2,1,25,14,114,0.0,1.33,0.5319999999992433,0.003
b15_C,_5885_,INV,0,0,1,5,1,22,205,0.0,0.798,0.26599999999962165,0.003
b15_C,_5886_,OR2,0,0,2,1,13,17,127,0.0,1.33,0.26599999999962165,0.003
b15_C,_5887_,AND3,0,0,3,2,14,16,126,0.0,1.596,0.26599999999962165,0.003
b15_C,_5888_,AOI21,0,0,3,1,23,15,123,0.0,1.862,0.797999999998865,0.003
b15_C,_5889_,NOR2,0,0,2,3,24,14,122,0.0,1.33,0.5319999999992433,0.003
b15_C,_5890_,AOI211,0,0,4,2,23,15,123,0.0,2.394,1.063999999999396,0.003
b15_C,_5891_,AND2,0,0,2,2,22,16,130,0.0,1.33,0.26599999999962165,0.003
b15_C,_5892_,NOR2,0,0,2,1,12,18,132,0.0,1.33,0.5319999999992433,0.003
b15_C,_5893_,NOR2,0,0,2,1,13,17,131,0.0,1.33,0.5319999999992433,0.003
b15_C,_5894_,NOR3,0,0,3,2,14,16,130,0.0,1.862,0.797999999998865,0.003
b15_C,_5895_,NOR3,0,0,3,3,23,15,128,0.0,1.862,0.797999999998865,0.003
b15_C,_5896_,AND2,0,0,2,1,22,16,127,0.0,1.33,0.26599999999962165,0.003
b15_C,_5897_,OAI21,0,0,3,1,12,19,134,0.0,1.862,0.797999999998865,0.003
b15_C,_5898_,AOI21,0,0,3,2,13,18,133,0.0,1.862,0.797999999998865,0.003
b15_C,_5899_,INV,0,0,1,2,1,17,132,0.0,0.798,0.26599999999962165,0.003
b15_C,_5900_,AOI21,0,0,3,2,22,17,132,0.0,1.862,0.797999999998865,0.003
b15_C,_5901_,NOR2,0,0,2,1,23,16,127,0.0,1.33,0.5319999999992433,0.003
b15_C,_5902_,INV,0,0,1,3,1,24,264,0.0,0.798,0.26599999999962165,0.003
b15_C,_5903_,NOR2,0,0,2,1,11,19,139,0.0,1.33,0.5319999999992433,0.003
b15_C,_5904_,NAND2,0,0,2,1,12,19,139,0.0,1.33,0.5319999999992433,0.003
b15_C,_5905_,NOR2,0,0,2,1,13,18,138,0.0,1.33,0.5319999999992433,0.003
b15_C,_5906_,AOI21,0,0,3,3,22,17,137,0.0,1.862,0.797999999998865,0.00301
b15_C,_5907_,NOR2,0,0,2,2,23,16,131,0.0,1.33,0.5319999999992433,0.003
b15_C,_5908_,AND2,0,0,2,1,10,19,143,0.0,1.33,0.26599999999962165,0.003
b15_C,_5910_,NOR2,0,0,2,2,22,17,136,-0.0012142984409799773,1.33,0.5319999999992433,0.003
b15_C,_5911_,AND2,0,0,2,2,20,18,145,-1.9443207126990103e-05,1.33,0.26599999999962165,0.003
b15_C,_5912_,NAND2,0,0,2,3,9,21,157,-0.002258886414253869,1.33,0.5319999999992433,0.003
b15_C,_5913_,AND3,0,0,3,1,9,21,150,-1.3363028927848575e-07,1.596,0.26599999999962165,0.003
b15_C,_5914_,OR2,0,0,2,2,10,20,149,0.0,1.33,0.26599999999962165,0.003
b15_C,_5915_,NAND2,0,0,2,1,11,19,146,0.0,1.33,0.5319999999992433,0.003
b15_C,_5916_,NAND2,0,0,2,2,12,18,145,0.0,1.33,0.5319999999992433,0.003
b15_C,_5917_,INV,0,0,1,2,1,26,312,0.0,0.798,0.26599999999962165,0.003
b15_C,_5918_,AOI22,0,0,4,1,20,19,145,-4.628062360811924e-05,2.394,1.063999999999396,0.00301
b15_C,_5919_,AOI21,0,0,3,2,21,18,144,0.0,1.862,0.797999999998865,0.003
b15_C,_5920_,INV,0,0,1,3,1,26,317,0.0,0.798,0.26599999999962165,0.003
b15_C,_5921_,XNOR2,0,0,2,1,8,21,153,-2.227171491675506e-07,2.66,1.063999999999396,0.00301
b15_C,_5922_,OAI221,0,0,5,2,10,20,152,-2.227171491675506e-08,2.926,1.3299999999990177,0.00301
b15_C,_5923_,AOI21,0,0,3,1,20,19,149,-0.00013195991091330406,1.862,0.797999999998865,0.00301
b15_C,_5924_,NOR2,0,0,2,3,21,18,148,0.0,1.33,0.5319999999992433,0.003
b15_C,_5925_,AOI211,0,12,4,2,20,19,149,0.00015699331848573195,2.394,1.063999999999396,0.00301
b15_C,_5926_,XNOR2,0,0,2,4,17,21,486,2.8062360801772712e-06,2.66,1.063999999999396,0.00301
b15_C,_5927_,OAI221,0,0,5,2,18,20,152,-4.788418708212561e-06,2.926,1.3299999999990177,0.00301
b15_C,_5928_,NAND2,0,0,2,2,19,19,148,0.0,1.33,0.5319999999992433,0.003
b15_C,_5929_,NOR2,0,12,2,2,21,18,144,-0.00021973273942066385,1.33,0.5319999999992433,0.003
b15_C,_5931_,NAND2,1,35,2,2,22,17,136,-0.0005872605790646634,1.33,0.5319999999992433,0.003
b15_C,_5932_,AOI221,1,47,5,2,23,16,131,0.00044726057906463446,2.926,1.3299999999990177,0.00301
b15_C,_5934_,OAI21,0,0,3,3,23,15,127,0.0,1.862,0.797999999998865,0.003
b15_C,_5935_,AOI211,1,44,4,2,25,14,118,0.000675612472160747,2.394,1.063999999999396,0.003
b15_C,_5937_,NAND3,0,0,3,3,23,13,114,0.0,1.862,0.797999999998865,0.003
b15_C,_5938_,AOI211,1,40,4,2,27,12,104,0.0006166369710469688,2.394,1.063999999999396,0.003
b15_C,_5939_,NOR3,1,39,3,2,28,11,99,-0.0008267037861910964,1.862,0.797999999998865,0.003
b15_C,_5941_,OR2,0,0,2,3,26,10,94,0.0,1.33,0.26599999999962165,0.003
b15_C,_5942_,AOI211,1,34,4,2,30,9,83,-0.00030650334075721375,2.394,1.063999999999396,0.003
b15_C,_5944_,NAND4,1,14,4,2,32,7,33,-0.0010718485523386612,2.394,1.063999999999396,0.003
b15_C,_5945_,NOR2,0,0,2,2,27,9,55,-4.454342983351012e-08,1.33,0.5319999999992433,0.003
b15_C,_5946_,AOI21,0,0,3,1,27,9,46,-8.908685944497563e-08,1.862,0.797999999998865,0.003
b15_C,_5947_,OR2,0,0,2,2,28,8,45,-4.454342983351012e-08,1.33,0.26599999999962165,0.003
b15_C,_5948_,NOR2,0,0,2,2,28,8,34,0.0,1.33,0.5319999999992433,0.003
b15_C,_5949_,OR2,0,0,2,3,27,9,39,6.681514519435439e-08,1.33,0.26599999999962165,0.003
b15_C,_5950_,OR2,0,0,2,3,27,9,41,-2.227171491675506e-08,1.33,0.26599999999962165,0.003
b15_C,_5951_,NAND2,0,0,2,1,28,8,30,-4.0089086872363566e-07,1.33,0.5319999999992433,0.003
b15_C,_5952_,OR3,0,0,3,1,29,7,29,0.0,1.596,0.26599999999962165,0.003
b15_C,_5953_,NOR3,1,12,3,2,33,6,28,1.4298440980109461e-05,1.862,0.797999999998865,0.003
b15_C,_5954_,OAI221,1,8,5,3,34,5,19,-0.00023169265033406994,2.926,1.3299999999990177,0.003
b15_C,_5955_,NOR3,1,4,3,2,35,4,8,6.74832962155314e-06,1.862,0.797999999998865,0.003
b15_C,_5956_,AOI211,1,2,4,1,36,3,3,-0.00011389755011115277,2.394,1.063999999999396,0.003
b15_C,_5957_,XNOR2,0,0,2,1,30,3,3,0.0,2.66,1.063999999999396,0.003
b15_C,_5958_,XNOR2,1,2,2,2,37,2,2,-4.409799554627725e-06,2.66,1.063999999999396,0.003
b15_C,_5959_,OAI21,0,1,3,0,38,1,0,-8.73051224914434e-06,1.862,0.797999999998865,0.003
b15_C,_5960_,AOI22,0,0,4,1,27,4,3,0.0,2.394,1.063999999999396,0.003
b15_C,_5961_,BUF,0,1,1,10,27,4,29,2.6926503341018204e-05,1.064,0.26599999999962165,0.003
b15_C,_5962_,OAI21,0,0,3,1,28,3,2,-5.567928730076943e-06,1.862,0.797999999998865,0.003
b15_C,_5963_,BUF,0,0,1,10,2,13,483,3.786191538068806e-07,1.064,0.26599999999962165,0.003
b15_C,_5964_,NOR3,0,35,3,3,26,7,430,0.0006091091314031072,1.862,0.797999999998865,0.003
b15_C,_5965_,BUF,0,20,1,10,27,6,216,0.00012547884187097402,1.064,0.26599999999962165,0.003
b15_C,_5966_,BUF,0,17,1,10,28,5,127,0.0005452561247216714,1.064,0.26599999999962165,0.003
b15_C,_5967_,BUF,0,2,1,10,29,3,20,2.0044543429964534e-05,1.064,0.26599999999962165,0.003
b15_C,_5968_,AOI21,0,0,3,1,38,2,1,-3.0111358574558267e-05,1.862,0.797999999998865,0.003
b15_C,_5969_,NOR2,0,2,2,1,36,3,3,-0.00010307349665938936,1.33,0.5319999999992433,0.003
b15_C,_5970_,CLKBUF,0,0,1,10,30,5,37,3.2739420938732167e-06,1.064,0.26599999999962165,0.003
b15_C,_5971_,XNOR2,0,0,2,1,31,3,3,1.2694877509211722e-06,2.66,1.063999999999396,0.003
b15_C,_5972_,XNOR2,0,2,2,2,37,2,2,-2.9621380845945566e-06,2.66,1.063999999999396,0.003
b15_C,_5973_,OAI21,0,1,3,0,39,1,0,-8.95322939831189e-06,1.862,0.797999999998865,0.003
b15_C,_5974_,BUF,0,0,1,10,27,3,20,0.0,1.064,0.26599999999962165,0.003
b15_C,_5975_,NOR2,0,0,2,9,26,5,41,-0.00017924276169267728,1.33,0.5319999999992433,0.003
b15_C,_5976_,CLKBUF,0,0,1,10,27,3,20,0.0,1.064,0.26599999999962165,0.003
b15_C,_5977_,AOI222,0,0,6,1,28,2,1,0.0,3.724,1.5959999999986394,0.003
b15_C,_5978_,OAI211,0,2,4,1,35,4,5,-8.797327394183263e-05,2.394,1.063999999999396,0.003
b15_C,_5979_,XNOR2,0,0,2,1,29,4,5,-3.5412026722081436e-06,2.66,1.063999999999396,0.003
b15_C,_5980_,XNOR2,0,2,2,2,36,3,4,-2.4721603563371275e-05,2.66,1.063999999999396,0.003
b15_C,_5981_,NAND2,0,1,2,1,37,2,1,-0.0003739198218262185,1.33,0.5319999999992433,0.003
b15_C,_5982_,BUF,0,1,1,10,26,4,16,2.7349665924658595e-05,1.064,0.26599999999962165,0.003
b15_C,_5983_,OAI211,0,1,4,0,38,1,0,-3.8930957683813716e-05,2.394,1.063999999999396,0.003
b15_C,_5984_,BUF,0,0,1,10,7,5,38,0.0,1.064,0.26599999999962165,0.003
b15_C,_5985_,CLKBUF,0,0,1,10,26,5,27,-7.318485523399865e-05,1.064,0.26599999999962165,0.003
b15_C,_5986_,AOI22,0,0,4,1,27,4,3,0.0,2.394,1.063999999999396,0.003
b15_C,_5987_,BUF,0,0,1,10,26,4,26,-2.873051224705492e-06,1.064,0.26599999999962165,0.003
b15_C,_5988_,OAI221,0,0,5,1,37,3,2,-3.3162583518819844e-05,2.926,1.3299999999990177,0.003
b15_C,_5989_,INV,0,0,1,1,38,2,1,0.0,0.798,0.26599999999962165,0.003
b15_C,_5990_,NAND2,0,2,2,1,35,3,3,-7.717149220476394e-05,1.33,0.5319999999992433,0.003
b15_C,_5991_,XOR2,0,0,2,1,30,3,3,0.0,2.394,0.797999999998865,0.003
b15_C,_5992_,XNOR2,0,2,2,2,36,2,2,2.939866369899846e-06,2.66,1.063999999999396,0.003
b15_C,_5993_,OAI21,0,1,3,0,39,1,0,-1.7238307349787263e-05,1.862,0.797999999998865,0.003
b15_C,_5994_,OR2,0,0,2,1,37,2,1,-1.6770601336091318e-05,1.33,0.26599999999962165,0.003
b15_C,_5995_,NOR2,0,0,2,1,27,3,2,-8.79732739411665e-06,1.33,0.5319999999992433,0.003
b15_C,_5996_,AOI221,0,0,5,1,28,2,1,0.0,2.926,1.3299999999990177,0.003
b15_C,_5997_,AND2,0,0,2,1,30,4,4,0.0,1.33,0.26599999999962165,0.003
b15_C,_5998_,OR2,0,4,2,2,34,4,7,-0.00013583518930948557,1.33,0.26599999999962165,0.003
b15_C,_5999_,AOI21,0,2,3,1,35,3,3,-3.6748329621305587e-05,1.862,0.797999999998865,0.003
b15_C,_6000_,XNOR2,0,0,2,1,31,3,3,1.2249443206435728e-06,2.66,1.063999999999396,0.003
b15_C,_6001_,XNOR2,0,2,2,2,36,2,2,-5.345211577800768e-07,2.66,1.063999999999396,0.003
b15_C,_6002_,CLKBUF,0,0,1,10,23,2,10,-0.00019213808463258708,1.064,0.26599999999962165,0.003
b15_C,_6003_,OAI211,0,1,4,0,38,1,0,-1.0423162583483858e-05,2.394,1.063999999999396,0.003
b15_C,_6004_,NAND2,0,0,2,1,36,2,1,-4.792873051218116e-05,1.33,0.5319999999992433,0.003
b15_C,_6005_,AOI222,0,0,6,1,28,2,1,0.0,3.724,1.5959999999986394,0.003
b15_C,_6006_,XOR2,0,0,2,1,30,3,3,0.0,2.394,0.797999999998865,0.003
b15_C,_6007_,XNOR2,0,2,2,2,35,2,2,-1.8797327394182162e-05,2.66,1.063999999999396,0.003
b15_C,_6008_,OAI211,0,1,4,0,37,1,0,-1.75946547882333e-05,2.394,1.063999999999396,0.003
b15_C,_6009_,AOI22,0,0,4,1,27,4,3,0.0,2.394,1.063999999999396,0.003
b15_C,_6010_,OAI21,0,0,3,1,28,3,2,-5.567928730076943e-06,1.862,0.797999999998865,0.003
b15_C,_6011_,AOI21,0,0,3,1,35,2,1,-4.2293986636909864e-05,1.862,0.797999999998865,0.003
b15_C,_6012_,AND4,0,12,4,1,32,7,28,-0.0002472605790642124,1.862,0.26599999999962165,0.003
b15_C,_6013_,INV,0,0,1,2,30,7,32,0.0,0.798,0.26599999999962165,0.003
b15_C,_6014_,AOI21,0,12,3,3,33,6,27,-9.955456569787913e-06,1.862,0.797999999998865,0.003
b15_C,_6015_,NOR2,0,6,2,3,34,5,14,5.082405345246954e-05,1.33,0.5319999999992433,0.003
b15_C,_6016_,AND2,0,2,2,1,35,4,4,-4.178173719360245e-05,1.33,0.26599999999962165,0.003
b15_C,_6017_,AOI21,0,2,3,1,36,3,3,-1.1002227171541534e-05,1.862,0.797999999998865,0.003
b15_C,_6018_,OR2,0,0,2,1,30,3,3,0.0,1.33,0.26599999999962165,0.003
b15_C,_6019_,XNOR2,0,2,2,2,37,2,2,-3.118040086125262e-07,2.66,1.063999999999396,0.003
b15_C,_6020_,OAI21,0,1,3,0,38,1,0,-9.020044543506245e-06,1.862,0.797999999998865,0.003
b15_C,_6021_,AOI22,0,0,4,1,27,4,3,0.0,2.394,1.063999999999396,0.003
b15_C,_6022_,OAI221,0,0,5,1,36,3,2,-5.244988864117062e-05,2.926,1.3299999999990177,0.003
b15_C,_6023_,INV,0,0,1,1,37,2,1,0.0,0.798,0.26599999999962165,0.003
b15_C,_6024_,NAND2,0,2,2,1,35,4,4,-0.00013262806236058466,1.33,0.5319999999992433,0.003
b15_C,_6025_,NAND2,0,2,2,1,36,3,3,-1.0556792872762344e-05,1.33,0.5319999999992433,0.003
b15_C,_6026_,AND2,0,0,2,1,30,3,3,-1.7817371955608508e-07,1.33,0.26599999999962165,0.003
b15_C,_6027_,XNOR2,0,2,2,2,37,2,2,3.719376392208318e-06,2.66,1.063999999999396,0.003
b15_C,_6028_,OAI21,0,1,3,0,38,1,0,-1.563474387533681e-05,1.862,0.797999999998865,0.003
b15_C,_6029_,OR2,0,0,2,1,35,2,1,-2.178173719347143e-05,1.33,0.26599999999962165,0.003
b15_C,_6030_,AOI222,0,0,6,1,28,2,1,0.0,3.724,1.5959999999986394,0.003
b15_C,_6031_,NOR2,0,2,2,1,35,3,3,-0.00012363028953221722,1.33,0.5319999999992433,0.003
b15_C,_6032_,XNOR2,0,0,2,1,31,3,3,1.2249443206435728e-06,2.66,1.063999999999396,0.003
b15_C,_6033_,XNOR2,0,2,2,2,36,2,2,2.8730512253716256e-06,2.66,1.063999999999396,0.003
b15_C,_6034_,OAI211,0,1,4,0,37,1,0,-1.0467706013317368e-05,2.394,1.063999999999396,0.003
b15_C,_6035_,NAND2,0,0,2,1,37,2,1,-4.846325167018328e-05,1.33,0.5319999999992433,0.003
b15_C,_6036_,AOI222,0,0,6,1,28,2,1,0.0,3.724,1.5959999999986394,0.003
b15_C,_6037_,XOR2,0,0,2,1,31,3,3,-8.908685966702024e-07,2.394,0.797999999998865,0.003
b15_C,_6038_,NOR2,0,0,2,1,31,4,4,-6.904231624194068e-07,1.33,0.5319999999992433,0.003
b15_C,_6039_,OR2,0,4,2,2,34,4,8,7.661469933362142e-06,1.33,0.26599999999962165,0.003
b15_C,_6040_,AOI21,0,2,3,1,35,3,3,-1.3808463252829029e-06,1.862,0.797999999998865,0.003
b15_C,_6041_,XNOR2,0,2,2,2,36,2,2,-2.9398663696778016e-05,2.66,1.063999999999396,0.003
b15_C,_6042_,OAI211,0,1,4,0,38,1,0,-1.7616926503150054e-05,2.394,1.063999999999396,0.003
b15_C,_6043_,OR2,0,0,2,1,36,2,1,-2.6837416480907095e-05,1.33,0.26599999999962165,0.003
b15_C,_6044_,AOI222,0,0,6,1,28,2,1,0.0,3.724,1.5959999999986394,0.003
b15_C,_6045_,INV,0,0,1,3,1,13,66,0.0,0.798,0.26599999999962165,0.003
b15_C,_6046_,XNOR2,0,0,2,1,31,3,3,-7.349665920308723e-07,2.66,1.063999999999396,0.003
b15_C,_6047_,NAND2,0,0,2,1,31,4,4,-7.126948773361619e-07,1.33,0.5319999999992433,0.003
b15_C,_6048_,NAND2,0,2,2,1,35,3,3,-2.1425389754803348e-05,1.33,0.5319999999992433,0.003
b15_C,_6049_,XNOR2,0,2,2,2,36,2,2,0.0,2.66,1.063999999999396,0.003
b15_C,_6050_,OAI211,0,1,4,0,37,1,0,-1.7394209353982504e-05,2.394,1.063999999999396,0.003
b15_C,_6051_,NAND2,0,0,2,1,35,2,1,-4.870824053471168e-05,1.33,0.5319999999992433,0.003
b15_C,_6052_,AOI222,0,0,6,1,28,2,1,0.0,3.724,1.5959999999986394,0.003
b15_C,_6053_,XNOR2,0,0,2,1,31,3,3,-9.131403115869574e-07,2.66,1.063999999999396,0.003
b15_C,_6054_,XNOR2,0,2,2,2,34,2,2,-0.00010258351893077666,2.66,1.063999999999396,0.003
b15_C,_6055_,OAI211,0,1,4,0,36,1,0,-1.0311804008678038e-05,2.394,1.063999999999396,0.003
b15_C,_6056_,NAND2,0,0,2,1,35,2,1,-5.322939866347909e-05,1.33,0.5319999999992433,0.003
b15_C,_6057_,BUF,0,0,1,10,7,6,57,0.0,1.064,0.26599999999962165,0.003
b15_C,_6058_,CLKBUF,0,0,1,10,8,5,22,0.0,1.064,0.26599999999962165,0.003
b15_C,_6059_,AOI222,0,0,6,1,28,2,1,0.0,3.724,1.5959999999986394,0.003
b15_C,_6060_,NAND2,0,0,2,1,31,3,3,0.0,1.33,0.5319999999992433,0.003
b15_C,_6061_,NAND3,0,2,3,1,33,3,3,-0.0002198218262805529,1.862,0.797999999998865,0.003
b15_C,_6062_,XOR2,0,2,2,2,34,2,2,5.857461024660893e-06,2.394,0.797999999998865,0.003
b15_C,_6063_,OAI211,0,1,4,0,36,1,0,-3.3786191536488985e-05,2.394,1.063999999999396,0.003
b15_C,_6064_,AOI22,0,0,4,1,28,2,1,0.0,2.394,1.063999999999396,0.003
b15_C,_6065_,AOI22,0,0,4,1,35,2,1,-0.00022752783964352652,2.394,1.063999999999396,0.003
b15_C,_6066_,AND2,0,0,2,1,29,3,3,0.0,1.33,0.26599999999962165,0.003
b15_C,_6067_,NAND2,0,4,2,2,32,4,8,-0.001011314031180266,1.33,0.5319999999992433,0.003
b15_C,_6068_,NOR2,0,0,2,1,31,4,4,-6.904231624194068e-07,1.33,0.5319999999992433,0.003
b15_C,_6069_,OAI21,0,2,3,1,33,3,3,-1.795100222690138e-05,1.862,0.797999999998865,0.003
b15_C,_6070_,XNOR2,0,2,2,2,34,2,2,-2.739420935382597e-05,2.66,1.063999999999396,0.003
b15_C,_6071_,OAI211,0,1,4,0,36,1,0,-1.9131403117933488e-05,2.394,1.063999999999396,0.003
b15_C,_6072_,AOI22,0,0,4,1,27,4,3,0.0,2.394,1.063999999999396,0.003
b15_C,_6073_,OAI221,0,0,5,1,35,3,2,-6.202672605781778e-05,2.926,1.3299999999990177,0.003
b15_C,_6074_,INV,0,0,1,1,36,2,1,0.0,0.798,0.26599999999962165,0.003
b15_C,_6075_,XOR2,0,0,2,1,31,3,3,-8.908685966702024e-07,2.394,0.797999999998865,0.003
b15_C,_6076_,NAND2,0,0,2,2,30,5,10,1.113585748058199e-07,1.33,0.5319999999992433,0.003
b15_C,_6077_,NAND2,0,2,2,1,33,3,3,-3.935412026723206e-05,1.33,0.5319999999992433,0.003
b15_C,_6078_,XNOR2,0,2,2,2,34,2,2,-1.0022271714760222e-06,2.66,1.063999999999396,0.003
b15_C,_6079_,OAI21,0,1,3,0,37,1,0,-1.60356347438384e-05,1.862,0.797999999998865,0.003
b15_C,_6080_,AOI222,0,0,6,1,27,4,3,-0.0001964810690422425,3.724,1.5959999999986394,0.003
b15_C,_6081_,OAI21,0,0,3,1,34,3,2,-1.5167037861640864e-05,1.862,0.797999999998865,0.003
b15_C,_6082_,NAND2,0,0,2,1,31,4,5,-2.8953229369577116e-07,1.33,0.5319999999992433,0.003
b15_C,_6083_,XNOR2,0,2,2,2,32,3,4,-0.001039064587972982,2.66,1.063999999999396,0.003
b15_C,_6084_,AOI21,0,1,3,1,35,2,1,-0.0004617817371936894,1.862,0.797999999998865,0.003
b15_C,_6085_,INV,0,1,1,0,36,1,0,-7.349665923861437e-06,0.798,0.26599999999962165,0.003
b15_C,_6086_,OR2,0,0,2,1,33,2,1,-1.8574610244792567e-05,1.33,0.26599999999962165,0.003
b15_C,_6087_,AOI222,0,0,6,1,28,2,1,0.0,3.724,1.5959999999986394,0.003
b15_C,_6088_,NOR2,0,2,2,1,31,4,4,-0.0006066815144765147,1.33,0.5319999999992433,0.003
b15_C,_6089_,NOR3,0,0,3,1,28,5,5,-3.897550111098269e-06,1.862,0.797999999998865,0.003
b15_C,_6090_,NOR2,0,0,2,1,29,4,4,4.231625834183461e-07,1.33,0.5319999999992433,0.003
b15_C,_6091_,XNOR2,0,2,2,2,32,3,3,-6.81514476608136e-06,2.66,1.063999999999396,0.003
b15_C,_6092_,OAI211,0,1,4,0,34,1,0,-2.3942093541062803e-05,2.394,1.063999999999396,0.003
b15_C,_6093_,AOI222,0,0,6,1,27,4,3,-0.0001964810690422425,3.724,1.5959999999986394,0.003
b15_C,_6094_,OAI21,0,0,3,1,32,3,2,-6.218262806201302e-05,1.862,0.797999999998865,0.003
b15_C,_6095_,AOI21,0,2,3,1,30,4,5,-0.0009372605790645139,1.862,0.797999999998865,0.003
b15_C,_6096_,NOR2,0,0,2,1,27,4,5,1.5590200463933002e-07,1.33,0.5319999999992433,0.003
b15_C,_6097_,XNOR2,0,2,2,2,31,3,4,-1.8886414253849182e-05,2.66,1.063999999999396,0.003
b15_C,_6098_,AOI21,0,1,3,1,33,2,1,-0.0004589532293985954,1.862,0.797999999998865,0.003
b15_C,_6099_,INV,0,1,1,0,34,1,0,-7.3051224942499715e-06,0.798,0.26599999999962165,0.003
b15_C,_6100_,AOI222,0,0,6,1,28,2,1,0.0,3.724,1.5959999999986394,0.003
b15_C,_6101_,NAND2,0,0,2,1,27,3,3,0.0,1.33,0.5319999999992433,0.003
b15_C,_6102_,XOR2,0,2,2,2,30,2,2,-0.0013663251670379406,2.394,0.797999999998865,0.003
b15_C,_6103_,CLKBUF,0,0,1,10,23,3,11,-0.00019213808463258708,1.064,0.26599999999962165,0.003
b15_C,_6104_,OAI221,0,1,5,0,31,1,0,-7.253897550074662e-05,2.926,1.3299999999990177,0.003
b15_C,_6105_,AOI22,0,0,4,1,27,3,2,0.0,2.394,1.063999999999396,0.003
b15_C,_6106_,OAI221,0,1,5,1,30,2,1,-5.732739420927224e-05,2.926,1.3299999999990177,0.003
b15_C,_6107_,NOR2,0,1,2,1,29,4,4,-0.0005827839643650634,1.33,0.5319999999992433,0.003
b15_C,_6108_,NOR3,0,0,3,1,26,5,5,-3.897550111098269e-06,1.862,0.797999999998865,0.003
b15_C,_6109_,NOR2,0,0,2,1,27,4,4,3.5634743889012555e-07,1.33,0.5319999999992433,0.003
b15_C,_6110_,XNOR2,0,1,2,2,30,3,3,-6.681514452822057e-08,2.66,1.063999999999396,0.003
b15_C,_6111_,NOR2,0,0,2,1,31,2,1,-2.6458797327544303e-05,1.33,0.5319999999992433,0.003
b15_C,_6112_,OR2,0,1,2,0,32,1,0,-1.4699331847278785e-06,1.33,0.26599999999962165,0.003
b15_C,_6113_,AOI22,0,0,4,1,27,4,3,0.0,2.394,1.063999999999396,0.003
b15_C,_6114_,OAI221,0,1,5,1,30,3,2,-4.2160356347409333e-05,2.926,1.3299999999990177,0.003
b15_C,_6115_,INV,0,1,1,1,31,2,1,-4.788418708212561e-06,0.798,0.26599999999962165,0.003
b15_C,_6116_,NOR2,0,1,2,1,28,3,3,-0.0012219153674832839,1.33,0.5319999999992433,0.003
b15_C,_6117_,NOR2,0,0,2,1,25,3,3,-5.790645880576761e-07,1.33,0.5319999999992433,0.003
b15_C,_6118_,XOR2,0,1,2,2,29,2,2,-9.06458797311771e-06,2.394,0.797999999998865,0.003
b15_C,_6119_,OAI21,0,1,3,0,32,1,0,-2.723830734963073e-05,1.862,0.797999999998865,0.003
b15_C,_6120_,NAND2,0,0,2,1,30,2,1,-7.109131403093549e-05,1.33,0.5319999999992433,0.003
b15_C,_6121_,AOI222,0,0,6,1,28,2,1,0.0,3.724,1.5959999999986394,0.003
b15_C,_6122_,INV,0,0,1,2,24,4,8,0.0,0.798,0.26599999999962165,0.003
b15_C,_6123_,NAND2,0,2,2,1,27,4,4,-0.0007358351893091974,1.33,0.5319999999992433,0.003
b15_C,_6124_,NAND2,0,2,2,1,28,3,3,-2.2984409799198247e-05,1.33,0.5319999999992433,0.003
b15_C,_6125_,NOR2,0,0,2,1,25,3,3,0.0,1.33,0.5319999999992433,0.003
b15_C,_6126_,XOR2,0,2,2,2,29,2,2,8.329621381086838e-06,2.394,0.797999999998865,0.003
b15_C,_6127_,OAI211,0,1,4,0,31,1,0,-3.3006681514180514e-05,2.394,1.063999999999396,0.003
b15_C,_6128_,OR2,0,1,2,1,28,2,1,-2.494432071120656e-06,1.33,0.26599999999962165,0.003
b15_C,_6129_,AOI222,0,0,6,1,28,2,1,0.0,3.724,1.5959999999986394,0.003
b15_C,_6130_,NAND2,0,0,2,1,25,3,3,0.0,1.33,0.5319999999992433,0.003
b15_C,_6131_,XNOR2,0,1,2,2,27,2,2,-0.0007419599109130814,2.66,1.063999999999396,0.003
b15_C,_6132_,OAI211,0,1,4,0,29,1,0,-1.855233852987581e-05,2.394,1.063999999999396,0.003
b15_C,_6133_,NOR2,0,0,2,1,27,3,2,-8.79732739411665e-06,1.33,0.5319999999992433,0.003
b15_C,_6134_,AOI221,0,0,5,1,28,2,1,0.0,2.926,1.3299999999990177,0.003
b15_C,_6135_,NOR2,0,1,2,1,26,3,3,-0.0014669042316255432,1.33,0.5319999999992433,0.003
b15_C,_6136_,XNOR2,0,0,2,1,25,3,3,1.0690423162262874e-06,2.66,1.063999999999396,0.003
b15_C,_6137_,XNOR2,0,1,2,2,27,2,2,-3.9643652562926235e-06,2.66,1.063999999999396,0.00301
b15_C,_6138_,OAI221,0,1,5,0,29,1,0,-3.572383073491281e-05,2.926,1.3299999999990177,0.00301
b15_C,_6139_,AOI222,0,0,6,1,28,2,1,0.0,3.724,1.5959999999986394,0.003
b15_C,_6140_,AOI21,0,1,3,1,25,3,3,-0.0006976391982180807,1.862,0.797999999998865,0.003
b15_C,_6141_,OR2,0,0,2,1,25,3,3,0.0,1.33,0.26599999999962165,0.003
b15_C,_6142_,XOR2,0,1,2,2,26,2,2,-2.0734966592161896e-05,2.394,0.797999999998865,0.00301
b15_C,_6143_,OAI221,0,1,5,0,29,1,0,-8.077951002216643e-05,2.926,1.3299999999990177,0.00301
b15_C,_6144_,NAND2,0,1,2,1,30,2,1,-8.066815144758266e-05,1.33,0.5319999999992433,0.003
b15_C,_6145_,AOI222,0,0,6,1,28,2,1,0.0,3.724,1.5959999999986394,0.003
b15_C,_6146_,INV,0,0,1,1,24,4,4,0.0,0.798,0.26599999999962165,0.003
b15_C,_6147_,NAND2,0,0,2,1,25,3,3,0.0,1.33,0.5319999999992433,0.003
b15_C,_6148_,XNOR2,0,1,2,2,26,2,2,-0.0008523385300667208,2.66,1.063999999999396,0.00301
b15_C,_6149_,OAI211,0,1,4,0,31,1,0,-1.9242761692739307e-05,2.394,1.063999999999396,0.003
b15_C,_6150_,AOI222,0,0,6,1,28,2,1,0.0,3.724,1.5959999999986394,0.003
b15_C,_6151_,NOR2,0,1,2,1,24,3,3,-0.001542538975500829,1.33,0.5319999999992433,0.003
b15_C,_6152_,XNOR2,0,0,2,1,23,3,3,1.046770601531577e-06,2.66,1.063999999999396,0.003
b15_C,_6153_,XNOR2,0,1,2,2,25,2,2,-2.227171492119595e-06,2.66,1.063999999999396,0.00301
b15_C,_6154_,OAI221,0,1,5,0,29,1,0,-3.291759465473554e-05,2.926,1.3299999999990177,0.00301
b15_C,_6155_,AOI22,0,0,4,1,27,4,3,0.0,2.394,1.063999999999396,0.003
b15_C,_6156_,OAI221,0,1,5,1,28,3,2,-1.8530066814959056e-05,2.926,1.3299999999990177,0.00301
b15_C,_6157_,INV,0,1,1,1,29,2,1,-1.2583518930853188e-05,0.798,0.26599999999962165,0.003
b15_C,_6158_,AOI21,0,0,3,1,23,3,3,-0.0009569265033404495,1.862,0.797999999998865,0.00301
b15_C,_6159_,XNOR2,0,0,2,1,23,3,3,0.0,2.66,1.063999999999396,0.00301
b15_C,_6160_,XNOR2,0,0,2,2,24,2,2,0.0,2.66,1.063999999999396,0.00301
b15_C,_6161_,OAI21,0,1,3,0,30,1,0,-7.260579064416461e-06,1.862,0.797999999998865,0.003
b15_C,_6162_,AOI22,0,0,4,1,27,4,3,0.0,2.394,1.063999999999396,0.003
b15_C,_6163_,OAI21,0,0,3,1,28,3,2,-5.567928730076943e-06,1.862,0.797999999998865,0.003
b15_C,_6164_,AOI21,0,1,3,1,30,2,1,-5.8530066815221105e-05,1.862,0.797999999998865,0.00301
b15_C,_6165_,XNOR2,0,0,2,1,22,3,3,-0.0016640534521155104,2.66,1.063999999999396,0.00301
b15_C,_6166_,XNOR2,0,0,2,2,23,2,2,-0.0005452338530065326,2.66,1.063999999999396,0.00301
b15_C,_6167_,OAI21,0,1,3,0,31,1,0,-1.0155902004260753e-05,1.862,0.797999999998865,0.003
b15_C,_6168_,NAND2,0,1,2,1,30,2,1,-3.6614699331805056e-05,1.33,0.5319999999992433,0.003
b15_C,_6169_,AOI222,0,0,6,1,28,2,1,0.0,3.724,1.5959999999986394,0.003
b15_C,_6170_,NOR2,0,0,2,1,22,3,3,-0.00014596881959927366,1.33,0.5319999999992433,0.003
b15_C,_6171_,NOR3,0,0,3,1,21,4,4,0.0,1.862,0.797999999998865,0.003
b15_C,_6172_,NOR2,0,0,2,1,22,3,3,0.0,1.33,0.5319999999992433,0.003
b15_C,_6173_,XOR2,0,0,2,2,23,2,2,0.0,2.394,0.797999999998865,0.00301
b15_C,_6174_,OAI211,0,1,4,0,31,1,0,-1.1804008908544716e-05,2.394,1.063999999999396,0.003
b15_C,_6175_,AOI22,0,0,4,1,27,4,3,0.0,2.394,1.063999999999396,0.003
b15_C,_6176_,OAI221,0,1,5,1,28,3,2,-2.240534521158466e-05,2.926,1.3299999999990177,0.003
b15_C,_6177_,INV,0,1,1,1,29,2,1,-1.2561247215714388e-05,0.798,0.26599999999962165,0.003
b15_C,_6178_,OR2,0,0,2,1,22,3,3,-0.00019498886414237582,1.33,0.26599999999962165,0.003
b15_C,_6179_,XNOR2,0,0,2,2,23,2,2,0.0,2.66,1.063999999999396,0.00301
b15_C,_6180_,OAI21,0,1,3,0,30,1,0,-7.260579064416461e-06,1.862,0.797999999998865,0.003
b15_C,_6181_,AOI21,0,0,3,1,24,3,2,-1.1269487750542595e-05,1.862,0.797999999998865,0.003
b15_C,_6182_,AOI21,0,0,3,1,25,2,1,0.0,1.862,0.797999999998865,0.003
b15_C,_6183_,BUF,0,0,1,10,2,7,38,0.0,1.064,0.26599999999962165,0.003
b15_C,_6184_,XNOR2,0,0,2,2,19,2,2,0.0,2.66,1.063999999999396,0.00301
b15_C,_6185_,OAI221,0,1,5,0,27,1,0,-2.7616926501217165e-06,2.926,1.3299999999990177,0.003
b15_C,_6186_,INV,0,0,1,2,1,13,52,0.0,0.798,0.26599999999962165,0.003
b15_C,_6187_,INV,0,0,1,1,1,15,59,0.0,0.798,0.26599999999962165,0.003
b15_C,_6188_,INV,0,0,1,3,1,18,87,0.0,0.798,0.26599999999962165,0.003
b15_C,_6189_,INV,0,0,1,2,1,20,100,0.0,0.798,0.26599999999962165,0.003
b15_C,_6190_,INV,0,0,1,4,1,26,284,0.0,0.798,0.26599999999962165,0.003
b15_C,_6191_,NOR3,0,0,3,4,2,25,199,0.0,1.862,0.797999999998865,0.003
b15_C,_6192_,AND3,0,0,3,6,3,24,190,0.0,1.596,0.26599999999962165,0.003
b15_C,_6193_,NAND3,0,0,3,2,4,23,115,0.0,1.862,0.797999999998865,0.003
b15_C,_6194_,NOR2,0,0,2,2,5,22,110,0.0,1.33,0.5319999999992433,0.003
b15_C,_6195_,AND2,0,0,2,2,6,21,105,0.0,1.33,0.26599999999962165,0.003
b15_C,_6196_,NAND2,0,0,2,2,7,20,100,0.0,1.33,0.5319999999992433,0.003
b15_C,_6197_,NOR2,0,0,2,3,8,19,95,0.0,1.33,0.5319999999992433,0.003
b15_C,_6198_,NAND3,0,0,3,3,9,18,86,0.0,1.862,0.797999999998865,0.003
b15_C,_6199_,NOR3,0,0,3,4,10,17,80,1.4253897548943684e-06,1.862,0.797999999998865,0.003
b15_C,_6200_,AND3,0,0,3,5,11,16,74,-5.790645880576761e-07,1.596,0.26599999999962165,0.003
b15_C,_6201_,NAND3,0,0,3,2,12,15,62,0.0,1.862,0.797999999998865,0.003
b15_C,_6202_,NOR2,0,0,2,3,13,14,58,0.0,1.33,0.5319999999992433,0.003
b15_C,_6203_,NAND3,0,0,3,2,14,13,50,0.0,1.862,0.797999999998865,0.003
b15_C,_6204_,NOR2,0,0,2,2,15,12,46,0.0,1.33,0.5319999999992433,0.003
b15_C,_6205_,AND2,0,0,2,4,16,11,41,0.0,1.33,0.26599999999962165,0.003
b15_C,_6206_,AND3,0,0,3,4,17,10,34,0.0,1.596,0.26599999999962165,0.003
b15_C,_6207_,AND2,0,0,2,6,18,9,29,0.0,1.33,0.26599999999962165,0.003
b15_C,_6208_,AND3,0,0,3,3,19,8,15,0.0,1.596,0.26599999999962165,0.003
b15_C,_6209_,NAND2,0,0,2,3,20,7,11,0.0,1.33,0.5319999999992433,0.003
b15_C,_6210_,INV,0,0,1,2,12,15,89,0.0,0.798,0.26599999999962165,0.003
b15_C,_6211_,OAI21,0,0,3,1,10,15,195,-2.227171491675506e-08,1.862,0.797999999998865,0.003
b15_C,_6212_,NAND4,0,0,4,1,11,14,194,-0.0015567483296210494,2.394,1.063999999999396,0.003
b15_C,_6213_,AND2,0,0,2,1,12,13,193,0.0,1.33,0.26599999999962165,0.003
b15_C,_6214_,AOI21,0,0,3,1,20,12,192,-0.0037484187082406084,1.862,0.797999999998865,0.003
b15_C,_6215_,NAND2,0,0,2,1,11,13,193,-0.010881469933184729,1.33,0.5319999999992433,0.003
b15_C,_6216_,OAI21,0,0,3,1,21,12,192,-0.000782093541202622,1.862,0.797999999998865,0.003
b15_C,_6217_,OAI21,0,0,3,2,22,11,191,0.0,1.862,0.797999999998865,0.003
b15_C,_6218_,NAND2,0,6,2,5,25,9,175,0.00010191536748349606,1.33,0.5319999999992433,0.003
b15_C,_6219_,INV,0,5,1,4,26,8,161,1.3407572383217214e-05,0.798,0.26599999999962165,0.003
b15_C,_6220_,NAND2,0,0,2,2,27,7,53,-3.6904231625944917e-05,1.33,0.5319999999992433,0.003
b15_C,_6221_,BUF,0,0,1,10,28,6,48,1.2472160357823725e-06,1.064,0.26599999999962165,0.003
b15_C,_6222_,INV,0,0,1,1,2,15,78,0.0,0.798,0.26599999999962165,0.003
b15_C,_6223_,AOI21,0,0,3,4,1,24,171,0.0,1.862,0.797999999998865,0.003
b15_C,_6224_,NOR3,0,0,3,4,2,23,161,0.0,1.862,0.797999999998865,0.003
b15_C,_6225_,AND3,0,0,3,3,3,22,150,0.0,1.596,0.26599999999962165,0.003
b15_C,_6226_,AND2,0,0,2,4,4,21,143,0.0,1.33,0.26599999999962165,0.003
b15_C,_6227_,AND3,0,0,3,3,5,20,130,0.0,1.596,0.26599999999962165,0.003
b15_C,_6228_,AND2,0,0,2,4,6,19,123,0.0,1.33,0.26599999999962165,0.003
b15_C,_6229_,AND3,0,0,3,4,7,18,112,0.0,1.596,0.26599999999962165,0.003
b15_C,_6230_,NAND3,0,0,3,2,8,17,97,0.0,1.862,0.797999999998865,0.003
b15_C,_6231_,NOR2,0,0,2,3,9,16,93,0.0,1.33,0.5319999999992433,0.003
b15_C,_6232_,NAND3,0,0,3,2,10,15,83,-6.681514452822057e-08,1.862,0.797999999998865,0.003
b15_C,_6233_,NOR2,0,0,2,3,11,14,77,0.0,1.33,0.5319999999992433,0.003
b15_C,_6234_,NAND3,0,0,3,2,12,13,65,0.0,1.862,0.797999999998865,0.003
b15_C,_6235_,NOR2,0,0,2,2,13,12,59,0.0,1.33,0.5319999999992433,0.003
b15_C,_6236_,AND2,0,0,2,3,14,11,53,0.0,1.33,0.26599999999962165,0.003
b15_C,_6237_,AND3,0,0,3,4,15,10,46,0.0,1.596,0.26599999999962165,0.003
b15_C,_6238_,AND3,0,0,3,3,16,9,35,0.0,1.596,0.26599999999962165,0.003
b15_C,_6239_,AND2,0,0,2,4,17,8,29,0.0,1.33,0.26599999999962165,0.003
b15_C,_6240_,AND3,0,0,3,3,18,7,17,-2.227171491675506e-08,1.596,0.26599999999962165,0.003
b15_C,_6241_,NAND2,0,0,2,2,19,6,10,0.0,1.33,0.5319999999992433,0.003
b15_C,_6242_,OAI22,0,0,4,1,29,5,4,-1.162583518943272e-05,2.394,1.063999999999396,0.003
b15_C,_6243_,INV,0,0,1,1,30,4,3,0.0,0.798,0.26599999999962165,0.003
b15_C,_6244_,AOI21,0,0,3,2,10,19,171,0.0,1.862,0.797999999998865,0.003
b15_C,_6245_,NOR3,0,0,3,2,10,20,173,-0.001617060133630277,1.862,0.797999999998865,0.003
b15_C,_6246_,NAND2,0,0,2,2,9,20,172,0.0,1.33,0.5319999999992433,0.003
b15_C,_6247_,OAI22,0,0,4,1,11,19,160,-1.541202672616926e-05,2.394,1.063999999999396,0.00301
b15_C,_6248_,AOI211,0,0,4,1,11,19,160,0.0,2.394,1.063999999999396,0.00301
b15_C,_6249_,OAI21,0,0,3,1,12,18,159,-8.908685944497563e-08,1.862,0.797999999998865,0.00301
b15_C,_6250_,NOR3,0,0,3,1,13,17,158,0.0,1.862,0.797999999998865,0.00301
b15_C,_6251_,OAI211,0,0,4,3,14,16,157,-4.454342983351012e-08,2.394,1.063999999999396,0.00301
b15_C,_6252_,OAI221,0,0,5,1,11,8,101,-3.062360801764363e-05,2.926,1.3299999999990177,0.003
b15_C,_6253_,OAI21,0,2,3,5,27,7,100,1.2561247216158478e-05,1.862,0.797999999998865,0.003
b15_C,_6254_,INV,0,0,1,2,21,6,6,0.0,0.798,0.26599999999962165,0.003
b15_C,_6255_,NAND2,0,0,2,1,22,5,4,0.0,1.33,0.5319999999992433,0.003
b15_C,_6256_,XOR2,0,0,2,1,23,4,3,0.0,2.394,0.797999999998865,0.003
b15_C,_6257_,OAI22,0,0,4,1,31,3,2,-1.8975501113294158e-05,2.394,1.063999999999396,0.003
b15_C,_6258_,NOR2,0,3,2,4,27,7,125,5.928730512261282e-05,1.33,0.5319999999992433,0.003
b15_C,_6259_,AOI21,0,0,3,2,28,4,6,-6.380846325160228e-05,1.862,0.797999999998865,0.003
b15_C,_6260_,OAI21,0,0,3,1,29,3,2,-4.899777281686113e-07,1.862,0.797999999998865,0.003
b15_C,_6261_,AOI221,0,0,5,1,32,2,1,0.0,2.926,1.3299999999990177,0.003
b15_C,_6262_,NOR2,0,0,2,2,10,10,57,0.0,1.33,0.5319999999992433,0.003
b15_C,_6263_,NOR2,0,0,2,1,11,7,43,0.0,1.33,0.5319999999992433,0.003
b15_C,_6264_,OAI21,0,0,3,1,12,6,42,-1.5968819599088135e-05,1.862,0.797999999998865,0.003
b15_C,_6265_,AOI21,0,0,3,1,11,6,42,-0.009143207126948605,1.862,0.797999999998865,0.003
b15_C,_6266_,NAND3,0,0,3,1,13,5,41,0.0,1.862,0.797999999998865,0.003
b15_C,_6267_,NAND2,0,0,2,3,27,4,40,-3.1959910913093026e-05,1.33,0.5319999999992433,0.003
b15_C,_6268_,BUF,0,0,1,10,28,3,30,0.0,1.064,0.26599999999962165,0.003
b15_C,_6269_,AOI22,0,0,4,2,11,7,84,-0.0016583518930957108,2.394,1.063999999999396,0.003
b15_C,_6270_,OR2,0,0,2,1,26,6,49,-3.262806236081772e-05,1.33,0.26599999999962165,0.003
b15_C,_6271_,BUF,0,0,1,9,27,5,48,0.0,1.064,0.26599999999962165,0.003
b15_C,_6272_,BUF,0,0,1,10,28,4,23,6.681514475026518e-08,1.064,0.26599999999962165,0.003
b15_C,_6273_,OAI221,1,1,5,0,38,1,0,-2.418708240514711e-05,2.926,1.3299999999990177,0.003
b15_C,_6274_,NOR2,0,0,2,4,26,6,32,-6.924276169262278e-05,1.33,0.5319999999992433,0.003
b15_C,_6275_,BUF,0,0,1,10,27,5,24,0.0,1.064,0.26599999999962165,0.003
b15_C,_6276_,OR2,0,0,2,1,20,3,2,0.0,1.33,0.26599999999962165,0.003
b15_C,_6277_,NAND3,0,0,3,1,28,2,1,0.0,1.862,0.797999999998865,0.003
b15_C,_6278_,AOI21,0,0,3,1,22,4,3,0.0,1.862,0.797999999998865,0.003
b15_C,_6279_,INV,0,0,1,3,2,15,67,-4.454342983351012e-08,0.798,0.26599999999962165,0.003
b15_C,_6280_,NAND3,0,0,3,3,4,22,106,0.0,1.862,0.797999999998865,0.003
b15_C,_6281_,NOR3,0,0,3,2,5,21,96,0.0,1.862,0.797999999998865,0.003
b15_C,_6282_,AND2,0,0,2,3,6,20,95,0.0,1.33,0.26599999999962165,0.003
b15_C,_6283_,AND2,0,0,2,3,7,19,88,0.0,1.33,0.26599999999962165,0.003
b15_C,_6284_,AND2,0,0,2,4,8,18,83,0.0,1.33,0.26599999999962165,0.003
b15_C,_6285_,AND3,0,0,3,3,9,17,74,0.0,1.596,0.26599999999962165,0.003
b15_C,_6286_,AND2,0,0,2,2,10,16,69,0.0,1.33,0.26599999999962165,0.003
b15_C,_6287_,NAND2,0,0,2,2,11,15,65,0.0,1.33,0.5319999999992433,0.003
b15_C,_6288_,NOR2,0,0,2,2,12,14,60,0.0,1.33,0.5319999999992433,0.003
b15_C,_6289_,AND3,0,0,3,3,13,13,55,0.0,1.596,0.26599999999962165,0.003
b15_C,_6290_,AND2,0,0,2,2,14,12,47,0.0,1.33,0.26599999999962165,0.003
b15_C,_6291_,AND2,0,0,2,2,15,11,42,0.0,1.33,0.26599999999962165,0.003
b15_C,_6292_,AND2,0,0,2,2,16,10,37,0.0,1.33,0.26599999999962165,0.003
b15_C,_6293_,AND2,0,0,2,2,17,9,32,0.0,1.33,0.26599999999962165,0.003
b15_C,_6294_,AND2,0,0,2,2,18,8,27,0.0,1.33,0.26599999999962165,0.003
b15_C,_6295_,AND3,0,0,3,3,19,7,22,0.0,1.596,0.26599999999962165,0.003
b15_C,_6296_,AND4,0,0,4,3,20,6,14,0.0,1.862,0.26599999999962165,0.003
b15_C,_6297_,NAND2,0,0,2,1,21,5,4,-4.454342983351012e-08,1.33,0.5319999999992433,0.003
b15_C,_6298_,XOR2,0,0,2,1,22,4,3,0.0,2.394,0.797999999998865,0.003
b15_C,_6299_,OAI22,0,0,4,1,29,3,2,-2.1804008908388184e-05,2.394,1.063999999999396,0.003
b15_C,_6300_,NOR2,0,0,2,5,26,5,33,-6.447661469910493e-05,1.33,0.5319999999992433,0.003
b15_C,_6301_,AOI221,0,0,5,1,35,2,1,0.0,2.926,1.3299999999990177,0.003
b15_C,_6302_,CLKBUF,0,0,1,10,29,2,10,0.0,1.064,0.26599999999962165,0.003
b15_C,_6303_,OAI211,0,1,4,0,38,1,0,-1.0534521157845589e-05,2.394,1.063999999999396,0.003
b15_C,_6304_,AOI21,0,0,3,1,18,6,5,-4.454342983351012e-08,1.862,0.797999999998865,0.003
b15_C,_6305_,NOR3,0,0,3,1,22,5,4,-1.0222717149233063e-05,1.862,0.797999999998865,0.003
b15_C,_6306_,AOI221,0,0,5,1,28,4,3,-7.104677060132403e-05,2.926,1.3299999999990177,0.003
b15_C,_6307_,XNOR2,0,0,2,1,21,4,3,-4.454342983351012e-08,2.66,1.063999999999396,0.003
b15_C,_6308_,BUF,0,2,1,10,28,6,85,6.322939866376664e-05,1.064,0.26599999999962165,0.003
b15_C,_6309_,OAI21,0,0,3,1,29,3,2,-2.1982182627722224e-05,1.862,0.797999999998865,0.003
b15_C,_6310_,INV,0,0,1,3,28,3,6,0.0,0.798,0.26599999999962165,0.003
b15_C,_6311_,CLKBUF,0,0,1,10,27,3,20,1.113585748058199e-07,1.064,0.26599999999962165,0.003
b15_C,_6312_,AOI221,0,1,5,1,37,2,1,-3.919821826015024e-06,2.926,1.3299999999990177,0.003
b15_C,_6313_,AOI21,0,0,3,1,19,3,2,-4.454342983351012e-08,1.862,0.797999999998865,0.003
b15_C,_6314_,OR2,0,0,2,1,20,2,1,0.0,1.33,0.26599999999962165,0.003
b15_C,_6315_,BUF,0,0,1,10,29,4,20,-2.4498886408430565e-07,1.064,0.26599999999962165,0.003
b15_C,_6316_,OAI21,0,1,3,0,38,1,0,-2.4342984409564394e-05,1.862,0.797999999998865,0.003
b15_C,_6317_,XOR2,0,0,2,1,18,5,4,0.0,2.394,0.797999999998865,0.003
b15_C,_6318_,AOI22,0,0,4,1,23,4,3,0.0,2.394,1.063999999999396,0.003
b15_C,_6319_,AOI21,0,0,3,1,19,6,5,0.0,1.862,0.797999999998865,0.003
b15_C,_6320_,NOR3,0,0,3,1,29,5,4,-2.0178173719020975e-05,1.862,0.797999999998865,0.003
b15_C,_6321_,BUF,0,3,1,10,28,6,72,0.00010679287305159768,1.064,0.26599999999962165,0.003
b15_C,_6322_,BUF,0,3,1,10,29,5,35,0.00011650334075730129,1.064,0.26599999999962165,0.003
b15_C,_6323_,AOI21,0,0,3,1,30,4,3,-3.1291759465590374e-05,1.862,0.797999999998865,0.003
b15_C,_6324_,OAI211,0,0,4,1,33,3,2,-1.1135857436173069e-07,2.394,1.063999999999396,0.003
b15_C,_6325_,INV,0,0,1,1,34,2,1,0.0,0.798,0.26599999999962165,0.003
b15_C,_6326_,XNOR2,0,0,2,1,19,2,1,0.0,2.66,1.063999999999396,0.003
b15_C,_6327_,OAI221,0,1,5,0,37,1,0,-1.8463251670430836e-05,2.926,1.3299999999990177,0.003
b15_C,_6328_,NOR2,0,0,2,1,17,6,5,0.0,1.33,0.5319999999992433,0.003
b15_C,_6329_,NOR3,0,0,3,1,23,5,4,-9.955456569787913e-06,1.862,0.797999999998865,0.003
b15_C,_6330_,AOI21,0,0,3,1,24,4,3,0.0,1.862,0.797999999998865,0.003
b15_C,_6331_,AOI21,0,0,3,1,18,6,5,0.0,1.862,0.797999999998865,0.003
b15_C,_6332_,AOI211,0,0,4,1,28,5,4,-1.8975501113294158e-05,2.394,1.063999999999396,0.003
b15_C,_6333_,BUF,0,0,1,10,28,5,40,-3.22717149219276e-05,1.064,0.26599999999962165,0.003
b15_C,_6334_,AOI221,0,0,5,1,32,4,3,0.0,2.926,1.3299999999990177,0.003
b15_C,_6335_,OAI21,0,0,3,1,28,4,3,0.0,1.862,0.797999999998865,0.003
b15_C,_6336_,OAI211,0,0,4,1,33,3,2,0.0,2.394,1.063999999999396,0.003
b15_C,_6337_,INV,0,0,1,1,34,2,1,0.0,0.798,0.26599999999962165,0.003
b15_C,_6338_,CLKBUF,0,0,1,10,29,2,10,0.0,1.064,0.26599999999962165,0.003
b15_C,_6339_,OAI21,0,1,3,0,37,1,0,-1.4766146992917228e-05,1.862,0.797999999998865,0.003
b15_C,_6340_,AOI21,0,0,3,1,17,3,2,0.0,1.862,0.797999999998865,0.003
b15_C,_6341_,OR3,0,0,3,1,30,2,1,0.0,1.596,0.26599999999962165,0.003
b15_C,_6342_,NAND2,0,0,2,1,29,4,3,0.0,1.33,0.5319999999992433,0.003
b15_C,_6343_,AOI21,0,0,3,1,16,5,4,0.0,1.862,0.797999999998865,0.003
b15_C,_6344_,OR3,0,0,3,1,23,4,3,-5.011135857380111e-06,1.596,0.26599999999962165,0.003
b15_C,_6345_,XNOR2,0,0,2,1,20,4,3,0.0,2.66,1.063999999999396,0.003
b15_C,_6346_,OAI211,0,0,4,1,30,3,2,-2.0734966592161896e-05,2.394,1.063999999999396,0.003
b15_C,_6347_,AOI221,0,0,5,1,32,2,1,0.0,2.926,1.3299999999990177,0.003
b15_C,_6348_,OAI211,0,1,4,0,36,1,0,-1.75946547882333e-05,2.394,1.063999999999396,0.003
b15_C,_6349_,BUF,0,1,1,10,29,4,30,4.307349665944038e-05,1.064,0.26599999999962165,0.003
b15_C,_6350_,AOI21,0,0,3,1,17,4,3,0.0,1.862,0.797999999998865,0.003
b15_C,_6351_,NOR3,0,0,3,1,30,3,2,-9.755011135537117e-06,1.862,0.797999999998865,0.003
b15_C,_6352_,AOI22,0,0,4,1,30,4,3,-2.9710467706056676e-05,2.394,1.063999999999396,0.003
b15_C,_6353_,XNOR2,0,0,2,1,16,4,3,0.0,2.66,1.063999999999396,0.003
b15_C,_6354_,OAI21,0,0,3,1,31,3,2,-1.4097995545636621e-05,1.862,0.797999999998865,0.003
b15_C,_6355_,XOR2,0,0,2,1,17,3,2,0.0,2.394,0.797999999998865,0.003
b15_C,_6356_,AOI211,0,0,4,1,32,2,1,0.0,2.394,1.063999999999396,0.003
b15_C,_6357_,OAI221,0,1,5,0,38,1,0,-1.4053452115803111e-05,2.926,1.3299999999990177,0.003
b15_C,_6358_,AOI21,0,0,3,1,15,6,5,0.0,1.862,0.797999999998865,0.003
b15_C,_6359_,NOR3,0,0,3,1,23,5,4,-9.955456569787913e-06,1.862,0.797999999998865,0.003
b15_C,_6360_,AOI221,0,0,5,1,29,4,3,-3.1202672605479265e-05,2.926,1.3299999999990177,0.003
b15_C,_6361_,XNOR2,0,0,2,1,19,4,3,0.0,2.66,1.063999999999396,0.003
b15_C,_6362_,BUF,0,0,1,10,29,4,25,-1.0267260579066573e-05,1.064,0.26599999999962165,0.003
b15_C,_6363_,XNOR2,0,0,2,1,16,4,3,0.0,2.66,1.063999999999396,0.003
b15_C,_6364_,OAI221,0,0,5,1,30,3,2,-4.454342983351012e-08,2.926,1.3299999999990177,0.003
b15_C,_6365_,AOI21,0,0,3,1,31,2,1,-2.4498886408430565e-07,1.862,0.797999999998865,0.003
b15_C,_6366_,OAI21,0,1,3,0,38,1,0,-2.024498886421533e-05,1.862,0.797999999998865,0.003
b15_C,_6367_,XNOR2,0,0,2,1,15,5,4,0.0,2.66,1.063999999999396,0.003
b15_C,_6368_,AOI222,0,0,6,1,29,4,3,0.0,3.724,1.5959999999986394,0.003
b15_C,_6369_,XNOR2,0,0,2,1,18,4,3,0.0,2.66,1.063999999999396,0.003
b15_C,_6370_,OAI221,0,0,5,1,30,3,2,-9.376391981730237e-06,2.926,1.3299999999990177,0.003
b15_C,_6371_,XNOR2,0,0,2,1,15,3,2,0.0,2.66,1.063999999999396,0.003
b15_C,_6372_,AOI21,0,0,3,1,31,2,1,0.0,1.862,0.797999999998865,0.003
b15_C,_6373_,OAI21,0,1,3,0,37,1,0,-1.4810690422972783e-05,1.862,0.797999999998865,0.003
b15_C,_6374_,XOR2,0,0,2,1,14,5,4,0.0,2.394,0.797999999998865,0.003
b15_C,_6375_,AOI222,0,0,6,1,29,4,3,0.0,3.724,1.5959999999986394,0.003
b15_C,_6376_,XNOR2,0,0,2,1,17,4,3,0.0,2.66,1.063999999999396,0.003
b15_C,_6377_,OAI221,0,0,5,1,30,3,2,-9.26503340759055e-06,2.926,1.3299999999990177,0.003
b15_C,_6378_,NAND2,0,0,2,1,14,4,3,0.0,1.33,0.5319999999992433,0.003
b15_C,_6379_,XNOR2,0,0,2,1,15,3,2,0.0,2.66,1.063999999999396,0.003
b15_C,_6380_,AOI21,0,0,3,1,31,2,1,0.0,1.862,0.797999999998865,0.003
b15_C,_6381_,OAI21,0,1,3,0,37,1,0,-2.2316258351695595e-05,1.862,0.797999999998865,0.003
b15_C,_6382_,XNOR2,0,0,2,1,13,5,4,0.0,2.66,1.063999999999396,0.003
b15_C,_6383_,AOI222,0,0,6,1,29,4,3,0.0,3.724,1.5959999999986394,0.003
b15_C,_6384_,XNOR2,0,0,2,1,16,4,3,0.0,2.66,1.063999999999396,0.003
b15_C,_6385_,OAI221,0,0,5,1,30,3,2,-9.26503340759055e-06,2.926,1.3299999999990177,0.003
b15_C,_6386_,XNOR2,0,0,2,1,14,3,2,0.0,2.66,1.063999999999396,0.003
b15_C,_6387_,AOI21,0,0,3,1,31,2,1,0.0,1.862,0.797999999998865,0.003
b15_C,_6388_,OAI21,0,1,3,0,37,1,0,-2.204899777291658e-05,1.862,0.797999999998865,0.003
b15_C,_6389_,NAND2,0,0,2,1,12,6,5,0.0,1.33,0.5319999999992433,0.003
b15_C,_6390_,XNOR2,0,0,2,1,13,5,4,0.0,2.66,1.063999999999396,0.003
b15_C,_6391_,AOI222,0,0,6,1,29,4,3,0.0,3.724,1.5959999999986394,0.003
b15_C,_6392_,XNOR2,0,0,2,1,15,4,3,0.0,2.66,1.063999999999396,0.003
b15_C,_6393_,OAI221,0,0,5,1,30,3,2,-9.26503340759055e-06,2.926,1.3299999999990177,0.003
b15_C,_6394_,XNOR2,0,0,2,1,13,3,2,0.0,2.66,1.063999999999396,0.003
b15_C,_6395_,AOI21,0,0,3,1,31,2,1,0.0,1.862,0.797999999998865,0.003
b15_C,_6396_,OAI21,0,1,3,0,35,1,0,-1.4498886414138212e-05,1.862,0.797999999998865,0.003
b15_C,_6397_,XOR2,0,0,2,1,12,5,4,0.0,2.394,0.797999999998865,0.003
b15_C,_6398_,AOI222,0,0,6,1,29,4,3,0.0,3.724,1.5959999999986394,0.003
b15_C,_6399_,XNOR2,0,0,2,1,14,4,3,0.0,2.66,1.063999999999396,0.003
b15_C,_6400_,OAI221,0,0,5,1,30,3,2,-9.26503340759055e-06,2.926,1.3299999999990177,0.003
b15_C,_6401_,NAND2,0,0,2,1,12,4,3,0.0,1.33,0.5319999999992433,0.003
b15_C,_6402_,XNOR2,0,0,2,1,13,3,2,0.0,2.66,1.063999999999396,0.003
b15_C,_6403_,AOI21,0,0,3,1,31,2,1,0.0,1.862,0.797999999998865,0.003
b15_C,_6404_,OAI21,0,1,3,0,35,1,0,-4.26503340753559e-05,1.862,0.797999999998865,0.003
b15_C,_6405_,AOI21,0,0,3,1,12,4,3,0.0,1.862,0.797999999998865,0.003
b15_C,_6406_,NOR3,0,0,3,1,29,3,2,-2.0178173719020975e-05,1.862,0.797999999998865,0.003
b15_C,_6407_,XNOR2,0,0,2,1,11,5,4,0.0,2.66,1.063999999999396,0.003
b15_C,_6408_,AOI22,0,0,4,1,30,4,3,-3.734966592428002e-05,2.394,1.063999999999396,0.003
b15_C,_6409_,OAI21,0,0,3,1,31,3,2,0.0,1.862,0.797999999998865,0.003
b15_C,_6410_,AOI211,0,0,4,1,32,2,1,0.0,2.394,1.063999999999396,0.003
b15_C,_6411_,XNOR2,0,0,2,1,12,2,1,0.0,2.66,1.063999999999396,0.003
b15_C,_6412_,OAI221,0,1,5,0,35,1,0,-2.0111358574492755e-05,2.926,1.3299999999990177,0.003
b15_C,_6413_,AOI21,0,0,3,1,11,3,2,-1.4922048996446335e-06,1.862,0.797999999998865,0.003
b15_C,_6414_,OR3,0,0,3,1,30,2,1,0.0,1.596,0.26599999999962165,0.003
b15_C,_6415_,AOI22,0,0,4,1,29,4,3,-2.679287305085154e-05,2.394,1.063999999999396,0.003
b15_C,_6416_,XNOR2,0,0,2,1,13,4,3,0.0,2.66,1.063999999999396,0.003
b15_C,_6417_,OAI21,0,0,3,1,30,3,2,-2.1982182627722224e-05,1.862,0.797999999998865,0.003
b15_C,_6418_,NAND2,0,0,2,1,10,4,3,-4.454342983351012e-08,1.33,0.5319999999992433,0.003
b15_C,_6419_,XNOR2,0,0,2,1,11,3,2,0.0,2.66,1.063999999999396,0.003
b15_C,_6420_,AOI221,0,0,5,1,31,2,1,-2.8953229369577116e-07,2.926,1.3299999999990177,0.003
b15_C,_6421_,OAI211,0,1,4,0,35,1,0,-1.6347438752450927e-05,2.394,1.063999999999396,0.003
b15_C,_6422_,XNOR2,0,0,2,1,10,5,4,0.0,2.66,1.063999999999396,0.003
b15_C,_6423_,AOI222,0,0,6,1,29,4,3,-6.681514452822057e-08,3.724,1.5959999999986394,0.003
b15_C,_6424_,XNOR2,0,0,2,1,12,4,3,0.0,2.66,1.063999999999396,0.003
b15_C,_6425_,OAI221,0,0,5,1,30,3,2,-8.440979955448569e-06,2.926,1.3299999999990177,0.003
b15_C,_6426_,AOI21,0,1,3,1,33,2,1,-2.216035634727831e-05,1.862,0.797999999998865,0.003
b15_C,_6427_,XNOR2,0,0,2,1,11,2,1,-1.8708240532294695e-06,2.66,1.063999999999396,0.003
b15_C,_6428_,OAI21,0,1,3,0,34,1,0,-6.057906458689644e-06,1.862,0.797999999998865,0.003
b15_C,_6429_,AOI22,0,0,4,1,30,3,2,-2.9710467706056676e-05,2.394,1.063999999999396,0.003
b15_C,_6430_,XNOR2,0,0,2,1,11,3,2,0.0,2.66,1.063999999999396,0.003
b15_C,_6431_,OAI221,0,0,5,1,31,2,1,-1.3363028950053035e-07,2.926,1.3299999999990177,0.003
b15_C,_6432_,NOR2,0,0,2,1,10,4,3,0.0,1.33,0.5319999999992433,0.003
b15_C,_6433_,OAI21,0,0,3,1,27,3,2,0.0,1.862,0.797999999998865,0.003
b15_C,_6434_,XNOR2,0,0,2,1,9,3,2,0.0,2.66,1.063999999999396,0.003
b15_C,_6435_,OAI222,0,1,6,1,33,2,1,-4.572383073497832e-05,3.724,1.5959999999986394,0.003
b15_C,_6436_,OR2,0,1,2,0,34,1,0,2.0489977730075992e-06,1.33,0.26599999999962165,0.003
b15_C,_6437_,AOI22,0,0,4,1,29,4,3,-2.679287305085154e-05,2.394,1.063999999999396,0.003
b15_C,_6438_,NAND2,0,0,2,1,8,5,4,0.0,1.33,0.5319999999992433,0.003
b15_C,_6439_,XNOR2,0,0,2,1,9,4,3,0.0,2.66,1.063999999999396,0.003
b15_C,_6440_,OAI221,0,0,5,1,30,3,2,-9.465478841841346e-06,2.926,1.3299999999990177,0.003
b15_C,_6441_,XNOR2,0,0,2,1,10,3,2,0.0,2.66,1.063999999999396,0.003
b15_C,_6442_,AOI221,0,1,5,1,32,2,1,-2.0712694877023097e-06,2.926,1.3299999999990177,0.003
b15_C,_6443_,XNOR2,0,0,2,1,10,2,1,0.0,2.66,1.063999999999396,0.003
b15_C,_6444_,OAI21,0,1,3,0,33,1,0,-2.4565701558731945e-05,1.862,0.797999999998865,0.003
b15_C,_6445_,AOI22,0,0,4,1,30,4,3,-2.9710467706056676e-05,2.394,1.063999999999396,0.003
b15_C,_6446_,XNOR2,0,0,2,1,8,4,3,0.0,2.66,1.063999999999396,0.003
b15_C,_6447_,OAI221,0,0,5,1,31,3,2,-1.2249443207101862e-05,2.926,1.3299999999990177,0.003
b15_C,_6448_,NAND2,0,0,2,1,9,4,3,0.0,1.33,0.5319999999992433,0.003
b15_C,_6449_,XNOR2,0,0,2,1,10,3,2,0.0,2.66,1.063999999999396,0.003
b15_C,_6450_,AOI21,0,0,3,1,32,2,1,0.0,1.862,0.797999999998865,0.003
b15_C,_6451_,AOI21,0,0,3,1,9,3,2,0.0,1.862,0.797999999998865,0.003
b15_C,_6452_,OR2,0,0,2,1,10,2,1,0.0,1.33,0.26599999999962165,0.003
b15_C,_6453_,OAI221,0,1,5,0,33,1,0,-1.0467706013317368e-05,2.926,1.3299999999990177,0.003
b15_C,_6454_,AOI21,0,0,3,1,7,6,5,0.0,1.862,0.797999999998865,0.003
b15_C,_6455_,NOR3,0,0,3,1,22,5,4,-1.0222717149233063e-05,1.862,0.797999999998865,0.003
b15_C,_6456_,AOI221,0,0,5,1,29,4,3,-3.1202672605479265e-05,2.926,1.3299999999990177,0.003
b15_C,_6457_,XNOR2,0,0,2,1,9,4,3,0.0,2.66,1.063999999999396,0.003
b15_C,_6458_,XNOR2,0,0,2,1,9,4,3,0.0,2.66,1.063999999999396,0.003
b15_C,_6459_,OAI221,0,0,5,1,30,3,2,-9.26503340759055e-06,2.926,1.3299999999990177,0.003
b15_C,_6460_,AOI21,0,0,3,1,31,2,1,-2.4498886408430565e-07,1.862,0.797999999998865,0.003
b15_C,_6461_,OAI21,0,1,3,0,32,1,0,-2.4654788418843054e-05,1.862,0.797999999998865,0.003
b15_C,_6462_,AOI22,0,0,4,1,30,4,3,-2.9710467706056676e-05,2.394,1.063999999999396,0.003
b15_C,_6463_,XNOR2,0,0,2,1,8,4,3,0.0,2.66,1.063999999999396,0.003
b15_C,_6464_,XNOR2,0,0,2,1,7,4,3,0.0,2.66,1.063999999999396,0.003
b15_C,_6465_,OAI221,0,0,5,1,31,3,2,-1.367483296199623e-05,2.926,1.3299999999990177,0.003
b15_C,_6466_,NOR2,0,0,2,1,8,4,3,0.0,1.33,0.5319999999992433,0.003
b15_C,_6467_,NOR3,0,0,3,1,30,3,2,-2.227171491675506e-08,1.862,0.797999999998865,0.003
b15_C,_6468_,AOI211,0,0,4,1,32,2,1,-2.672605790010607e-07,2.394,1.063999999999396,0.003
b15_C,_6469_,OAI21,0,1,3,0,33,1,0,-1.8619153674626077e-05,1.862,0.797999999998865,0.003
b15_C,_6470_,NOR2,0,0,2,1,7,4,3,0.0,1.33,0.5319999999992433,0.003
b15_C,_6471_,NOR3,0,0,3,1,30,3,2,-2.227171491675506e-08,1.862,0.797999999998865,0.003
b15_C,_6472_,NOR2,0,0,2,1,6,6,5,0.0,1.33,0.5319999999992433,0.003
b15_C,_6473_,NOR3,0,0,3,1,23,5,4,-9.955456569787913e-06,1.862,0.797999999998865,0.003
b15_C,_6474_,AOI221,0,0,5,1,29,4,3,0.0,2.926,1.3299999999990177,0.003
b15_C,_6475_,XNOR2,0,0,2,1,7,4,3,0.0,2.66,1.063999999999396,0.003
b15_C,_6476_,OAI221,0,0,5,1,30,3,2,-6.013363029744312e-07,2.926,1.3299999999990177,0.003
b15_C,_6477_,NOR2,0,0,2,1,31,2,1,0.0,1.33,0.5319999999992433,0.003
b15_C,_6478_,OAI21,0,1,3,0,32,1,0,-4.167037861901868e-05,1.862,0.797999999998865,0.003
b15_C,_6479_,AOI21,0,0,3,1,5,6,5,0.0,1.862,0.797999999998865,0.003
b15_C,_6480_,NOR3,0,0,3,1,23,5,4,-9.955456569787913e-06,1.862,0.797999999998865,0.003
b15_C,_6481_,AOI221,0,0,5,1,29,4,3,0.0,2.926,1.3299999999990177,0.003
b15_C,_6482_,NOR2,0,0,2,1,29,5,4,-1.991091314024196e-05,1.33,0.5319999999992433,0.003
b15_C,_6483_,OAI21,0,0,3,1,30,4,3,0.0,1.862,0.797999999998865,0.003
b15_C,_6484_,XNOR2,0,0,2,1,6,4,3,0.0,2.66,1.063999999999396,0.003
b15_C,_6485_,OAI211,0,0,4,1,31,3,2,0.0,2.394,1.063999999999396,0.003
b15_C,_6486_,INV,0,0,1,1,32,2,1,0.0,0.798,0.26599999999962165,0.003
b15_C,_6487_,OAI221,0,1,5,0,33,1,0,-8.81959910925545e-06,2.926,1.3299999999990177,0.003
b15_C,_6488_,XNOR2,0,0,2,1,5,6,5,0.0,2.66,1.063999999999396,0.003
b15_C,_6489_,NOR2,0,0,2,1,23,5,4,-9.821826280731472e-06,1.33,0.5319999999992433,0.003
b15_C,_6490_,AOI221,0,0,5,1,29,4,3,-3.1202672605479265e-05,2.926,1.3299999999990177,0.003
b15_C,_6491_,XNOR2,0,0,2,1,5,4,3,0.0,2.66,1.063999999999396,0.003
b15_C,_6492_,NOR2,0,0,2,1,5,5,4,0.0,1.33,0.5319999999992433,0.003
b15_C,_6493_,XNOR2,0,0,2,1,6,4,3,0.0,2.66,1.063999999999396,0.003
b15_C,_6494_,OAI221,0,0,5,1,30,3,2,-5.345211577800768e-07,2.926,1.3299999999990177,0.003
b15_C,_6495_,AOI21,0,0,3,1,31,2,1,-2.4498886408430565e-07,1.862,0.797999999998865,0.003
b15_C,_6496_,OAI21,0,1,3,0,32,1,0,-4.209354120376929e-06,1.862,0.797999999998865,0.003
b15_C,_6497_,NOR2,0,0,2,1,4,6,5,0.0,1.33,0.5319999999992433,0.003
b15_C,_6498_,NOR3,0,0,3,1,22,5,4,-1.0222717149233063e-05,1.862,0.797999999998865,0.003
b15_C,_6499_,AOI221,0,0,5,1,29,4,3,-3.1202672605479265e-05,2.926,1.3299999999990177,0.003
b15_C,_6500_,XNOR2,0,0,2,1,5,4,3,0.0,2.66,1.063999999999396,0.003
b15_C,_6501_,NAND2,0,0,2,1,4,5,4,0.0,1.33,0.5319999999992433,0.003
b15_C,_6502_,XNOR2,0,0,2,1,5,4,3,0.0,2.66,1.063999999999396,0.003
b15_C,_6503_,OAI221,0,0,5,1,30,3,2,-9.821826280509427e-06,2.926,1.3299999999990177,0.003
b15_C,_6504_,AOI21,0,0,3,1,31,2,1,-2.4498886408430565e-07,1.862,0.797999999998865,0.003
b15_C,_6505_,OAI21,0,1,3,0,32,1,0,-1.9821826280352894e-06,1.862,0.797999999998865,0.003
b15_C,_6506_,AOI21,0,0,3,1,3,6,5,0.0,1.862,0.797999999998865,0.003
b15_C,_6507_,NOR3,0,0,3,1,22,5,4,-1.0222717149233063e-05,1.862,0.797999999998865,0.003
b15_C,_6508_,AOI221,0,0,5,1,29,4,3,-3.1202672605479265e-05,2.926,1.3299999999990177,0.003
b15_C,_6509_,XNOR2,0,0,2,1,4,4,3,0.0,2.66,1.063999999999396,0.003
b15_C,_6510_,NAND2,0,0,2,2,4,5,6,0.0,1.33,0.5319999999992433,0.003
b15_C,_6511_,XOR2,0,0,2,1,5,4,3,0.0,2.394,0.797999999998865,0.003
b15_C,_6512_,OAI221,0,0,5,1,30,3,2,-5.345211577800768e-07,2.926,1.3299999999990177,0.003
b15_C,_6513_,AOI21,0,0,3,1,31,2,1,-2.4498886408430565e-07,1.862,0.797999999998865,0.003
b15_C,_6514_,OAI21,0,1,3,0,32,1,0,-1.7928730511984625e-05,1.862,0.797999999998865,0.003
b15_C,_6515_,AOI22,0,0,4,1,29,4,3,-2.679287305085154e-05,2.394,1.063999999999396,0.003
b15_C,_6516_,AOI21,0,0,3,1,3,5,4,0.0,1.862,0.797999999998865,0.003
b15_C,_6517_,OR3,0,0,3,1,28,4,3,0.0,1.596,0.26599999999962165,0.003
b15_C,_6518_,XNOR2,0,0,2,1,3,4,3,0.0,2.66,1.063999999999396,0.003
b15_C,_6519_,OAI211,0,0,4,1,30,3,2,-8.775055679199895e-06,2.394,1.063999999999396,0.003
b15_C,_6520_,AND3,0,0,3,3,2,6,18,0.0,1.596,0.26599999999962165,0.003
b15_C,_6521_,AND2,0,0,2,2,3,5,8,0.0,1.33,0.26599999999962165,0.003
b15_C,_6522_,AOI21,0,0,3,1,4,4,3,0.0,1.862,0.797999999998865,0.003
b15_C,_6523_,NOR2,0,0,2,1,29,3,2,-1.991091314024196e-05,1.33,0.5319999999992433,0.003
b15_C,_6524_,AOI221,0,0,5,1,31,2,1,-2.4498886408430565e-07,2.926,1.3299999999990177,0.003
b15_C,_6525_,OAI21,0,1,3,0,32,1,0,-4.209354120376929e-06,1.862,0.797999999998865,0.003
b15_C,_6526_,NOR2,0,0,2,1,2,7,6,0.0,1.33,0.5319999999992433,0.003
b15_C,_6527_,NOR2,0,0,2,1,3,6,5,0.0,1.33,0.5319999999992433,0.003
b15_C,_6528_,NOR3,0,0,3,1,22,5,4,-1.0222717149233063e-05,1.862,0.797999999998865,0.003
b15_C,_6529_,AOI221,0,0,5,1,29,4,3,-3.1202672605479265e-05,2.926,1.3299999999990177,0.003
b15_C,_6530_,XNOR2,0,0,2,1,4,4,3,0.0,2.66,1.063999999999396,0.003
b15_C,_6531_,XNOR2,0,0,2,1,3,4,3,0.0,2.66,1.063999999999396,0.003
b15_C,_6532_,OAI221,0,1,5,1,30,3,2,-4.721603563240251e-06,2.926,1.3299999999990177,0.003
b15_C,_6533_,AOI21,0,1,3,1,31,2,1,-6.013363029744312e-07,1.862,0.797999999998865,0.003
b15_C,_6534_,OAI21,0,1,3,0,32,1,0,-1.6481069042173502e-05,1.862,0.797999999998865,0.003
b15_C,_6535_,AOI21,0,0,3,1,1,4,3,0.0,1.862,0.797999999998865,0.003
b15_C,_6536_,NOR3,0,0,3,1,30,3,2,9.354120269478017e-07,1.862,0.797999999998865,0.003
b15_C,_6537_,AOI222,0,1,6,1,30,4,3,-2.521158129176193e-05,3.724,1.5959999999986394,0.003
b15_C,_6538_,XNOR2,0,0,2,1,3,4,3,0.0,2.66,1.063999999999396,0.003
b15_C,_6539_,OAI21,0,1,3,1,31,3,2,-4.23162583507164e-06,1.862,0.797999999998865,0.003
b15_C,_6540_,NOR2,0,1,2,1,32,2,1,-8.307349665725994e-06,1.33,0.5319999999992433,0.003
b15_C,_6541_,XNOR2,0,0,2,1,2,2,1,0.0,2.66,1.063999999999396,0.003
b15_C,_6542_,OAI221,0,1,5,0,33,1,0,-1.086859688181896e-05,2.926,1.3299999999990177,0.00301
b15_C,_6543_,XNOR2,0,0,2,1,1,4,3,0.0,2.66,1.063999999999396,0.003
b15_C,_6544_,OAI22,0,0,4,1,29,3,2,-6.458797325858967e-07,2.394,1.063999999999396,0.003
b15_C,_6545_,OR2,0,0,2,2,3,4,4,0.0,1.33,0.26599999999962165,0.003
b15_C,_6546_,AOI21,0,0,3,1,30,2,1,-3.340757235292813e-07,1.862,0.797999999998865,0.003
b15_C,_6547_,NOR2,0,0,2,1,29,3,2,-1.991091314024196e-05,1.33,0.5319999999992433,0.003
b15_C,_6548_,AOI221,0,1,5,1,30,2,1,-2.8262806235801463e-05,2.926,1.3299999999990177,0.003
b15_C,_6549_,OAI211,0,1,4,0,31,1,0,-8.129175946391953e-06,2.394,1.063999999999396,0.003
b15_C,_6550_,XNOR2,0,0,2,2,2,13,38,0.0,2.66,1.063999999999396,0.003
b15_C,_6551_,AOI21,0,1,3,1,29,3,2,-2.1870824053360494e-05,1.862,0.797999999998865,0.003
b15_C,_6552_,AOI221,0,1,5,1,30,2,1,1.425389755116413e-06,2.926,1.3299999999990177,0.003
b15_C,_6553_,NOR2,0,0,2,1,29,3,2,-1.1135857436173069e-07,1.33,0.5319999999992433,0.003
b15_C,_6554_,AOI21,0,0,3,1,30,2,1,-3.1291759465590374e-05,1.862,0.797999999998865,0.003
b15_C,_6555_,OAI211,0,1,4,0,31,1,0,-3.0757238307144164e-05,2.394,1.063999999999396,0.003
b15_C,_6556_,AOI21,0,0,3,1,30,3,2,-2.939866369455757e-06,1.862,0.797999999998865,0.003
b15_C,_6557_,NAND2,0,0,2,1,8,4,3,0.0,1.33,0.5319999999992433,0.003
b15_C,_6558_,OAI21,0,1,3,1,30,4,3,-2.8997772828276425e-05,1.862,0.797999999998865,0.003
b15_C,_6559_,OAI211,0,1,4,1,31,3,2,-7.394209353916992e-06,2.394,1.063999999999396,0.003
b15_C,_6560_,NOR2,0,1,2,1,32,2,1,-7.238307349721751e-06,1.33,0.5319999999992433,0.003
b15_C,_6561_,OAI21,0,1,3,0,33,1,0,-3.919821826015024e-06,1.862,0.797999999998865,0.003
b15_C,_6562_,NOR2,0,0,2,3,5,6,20,-2.3786191536645518e-05,1.33,0.5319999999992433,0.003
b15_C,_6563_,NAND2,0,0,2,2,6,5,17,-2.24944320703635e-06,1.33,0.5319999999992433,0.003
b15_C,_6564_,NAND2,0,0,2,5,20,10,480,-0.004461982182627944,1.33,0.5319999999992433,0.003
b15_C,_6565_,INV,0,0,1,2,21,9,469,-1.3363028950053035e-07,0.798,0.26599999999962165,0.003
b15_C,_6566_,AOI21,0,0,3,3,22,8,465,-2.227171491675506e-08,1.862,0.797999999998865,0.003
b15_C,_6567_,OAI21,0,0,3,1,23,4,9,-6.681514452822057e-08,1.862,0.797999999998865,0.003
b15_C,_6568_,NOR2,0,0,2,4,3,12,34,-7.126948775582065e-07,1.33,0.5319999999992433,0.003
b15_C,_6569_,NAND2,0,0,2,1,4,11,26,0.0,1.33,0.5319999999992433,0.003
b15_C,_6570_,NAND2,0,0,2,1,20,12,28,-0.008793741648106979,1.33,0.5319999999992433,0.003
b15_C,_6571_,NOR4,0,0,4,1,11,18,55,0.0,2.394,1.063999999999396,0.00301
b15_C,_6572_,AOI211,0,0,4,1,11,18,55,0.0,2.394,1.063999999999396,0.003
b15_C,_6573_,OAI21,0,0,3,1,12,17,54,0.0,1.862,0.797999999998865,0.003
b15_C,_6574_,AOI211,0,0,4,1,13,16,53,8.685968819754919e-06,2.394,1.063999999999396,0.003
b15_C,_6575_,NAND2,0,13,2,1,21,15,52,-7.49888641426999e-05,1.33,0.5319999999992433,0.003
b15_C,_6576_,AOI21,0,0,3,1,12,15,52,0.0,1.862,0.797999999998865,0.003
b15_C,_6577_,AOI211,0,13,4,7,22,14,51,-0.003038307349665814,2.394,1.063999999999396,0.003
b15_C,_6578_,MUX2,0,3,3,3,23,11,27,-0.0001068151447658483,2.394,0.5319999999992433,0.003
b15_C,_6579_,OAI21,0,3,3,2,24,10,25,-6.837416480998115e-06,1.862,0.797999999998865,0.003
b15_C,_6580_,NAND2,0,0,2,1,4,11,27,0.0,1.33,0.5319999999992433,0.003
b15_C,_6581_,NOR2,0,0,2,1,2,17,37,0.0,1.33,0.5319999999992433,0.003
b15_C,_6582_,XNOR2,0,0,2,2,3,17,37,-0.002151670378618853,2.66,1.063999999999396,0.003
b15_C,_6583_,AOI21,0,0,3,2,4,16,36,0.0,1.862,0.797999999998865,0.003
b15_C,_6584_,NOR3,0,0,3,1,12,15,35,0.0,1.862,0.797999999998865,0.003
b15_C,_6585_,AOI21,0,0,3,1,13,14,34,0.0,1.862,0.797999999998865,0.003
b15_C,_6586_,INV,0,0,1,1,14,13,33,0.0,0.798,0.26599999999962165,0.003
b15_C,_6587_,NOR2,0,0,2,1,3,14,34,0.0,1.33,0.5319999999992433,0.003
b15_C,_6588_,XNOR2,0,0,2,1,4,13,33,0.0,2.66,1.063999999999396,0.003
b15_C,_6589_,NAND2,0,0,2,2,12,14,41,0.0,1.33,0.5319999999992433,0.003
b15_C,_6590_,NOR2,0,0,2,2,10,16,56,0.0,1.33,0.5319999999992433,0.003
b15_C,_6591_,NAND3,0,0,3,2,11,16,56,0.0,1.862,0.797999999998865,0.003
b15_C,_6592_,OR4,0,0,4,2,15,13,40,-0.004669376391982061,1.862,0.26599999999962165,0.003
b15_C,_6593_,AOI221,0,0,5,2,18,12,32,0.0,2.926,1.3299999999990177,0.00301
b15_C,_6594_,MUX2,0,0,3,3,23,11,29,-0.0001768374164810016,2.394,0.5319999999992433,0.00301
b15_C,_6595_,OAI21,0,0,3,1,24,10,26,-3.474387527679923e-06,1.862,0.797999999998865,0.003
b15_C,_6596_,NAND2,0,0,2,1,4,11,27,0.0,1.33,0.5319999999992433,0.003
b15_C,_6597_,NOR3,0,0,3,1,12,13,34,-0.0016788641425389272,1.862,0.797999999998865,0.003
b15_C,_6598_,NOR2,0,0,2,1,12,14,35,0.0,1.33,0.5319999999992433,0.003
b15_C,_6599_,XNOR2,0,0,2,2,3,14,35,0.0,2.66,1.063999999999396,0.003
b15_C,_6600_,MUX2,0,0,3,1,13,13,34,0.0,2.394,0.5319999999992433,0.003
b15_C,_6601_,AOI211,0,0,4,2,18,12,33,0.0,2.394,1.063999999999396,0.00301
b15_C,_6602_,MUX2,0,5,3,3,23,11,30,-0.0001662806236080172,2.394,0.5319999999992433,0.00301
b15_C,_6603_,NOR2,0,0,2,1,1,13,35,0.0,1.33,0.5319999999992433,0.003
b15_C,_6604_,AOI21,0,0,3,3,3,12,34,0.0,1.862,0.797999999998865,0.003
b15_C,_6605_,NAND3,0,0,3,2,4,11,29,-2.650334075537941e-06,1.862,0.797999999998865,0.003
b15_C,_6606_,OAI221,0,5,5,1,24,10,26,-3.0111358574558267e-05,2.926,1.3299999999990177,0.00301
b15_C,_6607_,NAND2,0,5,2,2,25,9,25,-3.0334075723725817e-05,1.33,0.5319999999992433,0.003
b15_C,_6608_,NAND2,0,0,2,1,23,13,31,-0.000448574610244723,1.33,0.5319999999992433,0.003
b15_C,_6609_,NOR4,0,0,4,2,15,15,40,-0.010045167037861846,2.394,1.063999999999396,0.00301
b15_C,_6610_,NOR2,0,0,2,1,16,14,34,0.0,1.33,0.5319999999992433,0.003
b15_C,_6611_,NOR2,0,0,2,1,12,14,34,-1.1135857436173069e-07,1.33,0.5319999999992433,0.003
b15_C,_6612_,AOI211,0,0,4,2,17,13,33,-1.1135857436173069e-07,2.394,1.063999999999396,0.00301
b15_C,_6613_,OAI21,0,0,3,2,24,12,30,-0.0004405122494430813,1.862,0.797999999998865,0.003
b15_C,_6614_,NAND3,0,0,3,1,13,12,32,0.0,1.862,0.797999999998865,0.003
b15_C,_6615_,OAI221,0,0,5,2,17,11,31,0.0,2.926,1.3299999999990177,0.00301
b15_C,_6616_,MUX2,0,0,3,2,23,10,27,-0.00021167037861902216,2.394,0.5319999999992433,0.00301
b15_C,_6617_,OAI21,0,0,3,1,25,6,14,1.447661470033168e-06,1.862,0.797999999998865,0.00301
b15_C,_6618_,AOI211,0,0,4,1,4,7,15,-6.904231624194068e-07,2.394,1.063999999999396,0.003
b15_C,_6619_,AOI21,0,0,3,1,5,6,14,0.0,1.862,0.797999999998865,0.003
b15_C,_6620_,AOI21,0,5,3,1,26,5,13,-3.7817371937531874e-05,1.862,0.797999999998865,0.003
b15_C,_6621_,OR2,0,5,2,2,27,4,12,3.699331848583398e-05,1.33,0.26599999999962165,0.003
b15_C,_6622_,AOI21,0,5,3,8,28,3,8,0.00027534521158134595,1.862,0.797999999998865,0.003
b15_C,_6623_,AND2,0,1,2,0,29,1,0,-3.155902004436939e-05,1.33,0.26599999999962165,0.003
b15_C,_6624_,BUF,0,0,1,10,18,8,278,-8.685968817534473e-07,1.064,0.26599999999962165,0.003
b15_C,_6625_,OR2,0,34,2,5,21,9,307,-6.857461024489808e-05,1.33,0.26599999999962165,0.00301
b15_C,_6626_,NOR2,0,0,2,3,20,9,206,-0.00020706013363014364,1.33,0.5319999999992433,0.00301
b15_C,_6627_,AND2,0,16,2,5,22,8,100,9.543429844116602e-05,1.33,0.26599999999962165,0.00301
b15_C,_6628_,AND2,0,0,2,1,23,7,50,-4.899777282840745e-05,1.33,0.26599999999962165,0.003
b15_C,_6629_,BUF,0,0,1,9,24,6,49,0.0,1.064,0.26599999999962165,0.003
b15_C,_6630_,BUF,0,0,1,10,25,3,20,0.0,1.064,0.26599999999962165,0.003
b15_C,_6631_,BUF,0,15,1,10,27,6,297,-8.779510022272063e-05,1.064,0.26599999999962165,0.003
b15_C,_6632_,AND2,0,0,2,4,28,5,29,-7.893095768385372e-05,1.33,0.26599999999962165,0.003
b15_C,_6633_,CLKBUF,0,0,1,10,29,3,20,0.0,1.064,0.26599999999962165,0.003
b15_C,_6634_,NOR2,0,0,2,10,23,7,429,-6.681514452822057e-08,1.33,0.5319999999992433,0.003
b15_C,_6635_,NAND2,0,0,2,8,24,6,296,0.0,1.33,0.5319999999992433,0.003
b15_C,_6636_,NOR2,0,0,2,7,25,5,37,0.0,1.33,0.5319999999992433,0.003
b15_C,_6637_,CLKBUF,0,0,1,10,26,3,20,0.0,1.064,0.26599999999962165,0.003
b15_C,_6638_,NAND2,0,0,2,7,2,7,90,0.0,1.33,0.5319999999992433,0.003
b15_C,_6639_,NOR2,0,0,2,10,3,6,30,4.454343005555472e-08,1.33,0.5319999999992433,0.003
b15_C,_6640_,AOI22,0,0,4,1,30,2,1,-8.218262806281018e-06,2.394,1.063999999999396,0.003
b15_C,_6641_,BUF,0,0,1,10,24,5,176,5.367483296270237e-06,1.064,0.26599999999962165,0.003
b15_C,_6642_,AND2,0,0,2,4,17,7,110,0.0,1.33,0.26599999999962165,0.003
b15_C,_6643_,NOR2,0,0,2,4,18,6,104,0.0,1.33,0.5319999999992433,0.00301
b15_C,_6644_,AOI21,0,0,3,2,19,5,26,2.917594654983091e-06,1.862,0.797999999998865,0.003
b15_C,_6645_,BUF,0,0,1,10,2,7,362,-2.672605790010607e-07,1.064,0.26599999999962165,0.003
b15_C,_6646_,NOR2,0,0,2,9,6,6,280,2.3763919821728763e-05,1.33,0.5319999999992433,0.003
b15_C,_6647_,BUF,0,0,1,10,7,5,135,-3.2739420934291275e-06,1.064,0.26599999999962165,0.003
b15_C,_6648_,AND2,0,0,2,5,20,8,197,-8.48997772826543e-05,1.33,0.26599999999962165,0.00301
b15_C,_6649_,NAND2,0,12,2,4,22,7,79,-0.0009190868596880009,1.33,0.5319999999992433,0.00301
b15_C,_6650_,NOR2,0,10,2,9,23,6,52,0.0005032293986637626,1.33,0.5319999999992433,0.003
b15_C,_6651_,NOR3,0,3,3,1,26,5,18,-0.0002229398663697868,1.862,0.797999999998865,0.003
b15_C,_6652_,OAI21,0,3,3,1,27,4,17,-1.1959910912739957e-05,1.862,0.797999999998865,0.003
b15_C,_6653_,NAND2,0,0,2,9,2,7,143,0.0,1.33,0.5319999999992433,0.003
b15_C,_6654_,OR2,0,0,2,2,3,5,36,0.0,1.33,0.26599999999962165,0.003
b15_C,_6655_,BUF,0,0,1,10,1,6,161,0.0,1.064,0.26599999999962165,0.003
b15_C,_6656_,OAI221,0,0,5,1,7,4,17,-2.227171491675506e-08,2.926,1.3299999999990177,0.003
b15_C,_6657_,NAND3,0,3,3,8,28,3,16,3.3118040088986334e-05,1.862,0.797999999998865,0.003
b15_C,_6658_,AND2,0,0,2,7,24,4,33,0.0,1.33,0.26599999999962165,0.003
b15_C,_6659_,CLKBUF,0,0,1,10,25,3,20,0.0,1.064,0.26599999999962165,0.003
b15_C,_6660_,NOR2,0,0,2,10,3,6,44,-2.227171491675506e-08,1.33,0.5319999999992433,0.003
b15_C,_6661_,OAI21,0,0,3,1,5,4,17,-8.351893095781548e-06,1.862,0.797999999998865,0.003
b15_C,_6662_,BUF,0,0,1,10,4,5,138,0.0,1.064,0.26599999999962165,0.003
b15_C,_6663_,OAI21,0,5,3,1,25,5,18,-0.00017759465478817127,1.862,0.797999999998865,0.003
b15_C,_6664_,NAND2,0,5,2,1,26,4,17,-6.403118040076983e-05,1.33,0.5319999999992433,0.003
b15_C,_6665_,OAI21,0,5,3,8,27,3,16,0.00011665924276194062,1.862,0.797999999998865,0.003
b15_C,_6666_,BUF,0,11,1,10,28,5,148,0.0003170601336304202,1.064,0.26599999999962165,0.003
b15_C,_6667_,AND2,0,4,2,4,29,4,27,3.1247216035756864e-05,1.33,0.26599999999962165,0.003
b15_C,_6668_,AOI222,0,1,6,1,30,2,1,-0.00032258351893088566,3.724,1.5959999999986394,0.003
b15_C,_6669_,NAND2,0,1,2,0,31,1,0,-2.66592427617951e-05,1.33,0.5319999999992433,0.003
b15_C,_6670_,NAND2,0,0,2,1,29,2,1,-4.380846325147125e-05,1.33,0.5319999999992433,0.003
b15_C,_6671_,BUF,0,2,1,10,24,3,20,-5.1380846325166374e-05,1.064,0.26599999999962165,0.003
b15_C,_6672_,AND2,0,0,2,4,28,5,29,-8.106904231608425e-05,1.33,0.26599999999962165,0.003
b15_C,_6673_,CLKBUF,0,0,1,10,29,3,20,0.0,1.064,0.26599999999962165,0.003
b15_C,_6674_,NAND2,0,0,2,1,30,2,1,-1.6347438752450927e-05,1.33,0.5319999999992433,0.003
b15_C,_6675_,AND2,0,0,2,7,24,4,33,0.0,1.33,0.26599999999962165,0.003
b15_C,_6676_,CLKBUF,0,0,1,10,25,3,20,0.0,1.064,0.26599999999962165,0.003
b15_C,_6677_,AND2,0,0,2,2,28,5,25,-8.106904231608425e-05,1.33,0.26599999999962165,0.003
b15_C,_6678_,CLKBUF,0,0,1,10,29,3,20,0.0,1.064,0.26599999999962165,0.003
b15_C,_6679_,NOR2,0,0,2,7,25,5,41,-6.681514452822057e-08,1.33,0.5319999999992433,0.003
b15_C,_6680_,AOI222,0,1,6,1,30,2,1,-2.7260579064547485e-05,3.724,1.5959999999986394,0.003
b15_C,_6681_,NAND3,0,1,3,0,31,1,0,-3.1358574610118595e-05,1.862,0.797999999998865,0.003
b15_C,_6682_,NAND2,0,0,2,1,29,2,1,-4.380846325147125e-05,1.33,0.5319999999992433,0.003
b15_C,_6683_,AND2,0,5,2,5,29,4,29,5.888641425411123e-05,1.33,0.26599999999962165,0.003
b15_C,_6684_,CLKBUF,0,5,1,10,30,3,20,0.00017570155902002504,1.064,0.26599999999962165,0.003
b15_C,_6685_,NAND2,0,0,2,1,31,2,1,-6.826280623584147e-05,1.33,0.5319999999992433,0.003
b15_C,_6686_,NOR2,0,0,2,7,25,5,35,0.0,1.33,0.5319999999992433,0.003
b15_C,_6687_,CLKBUF,0,0,1,10,26,3,20,0.0,1.064,0.26599999999962165,0.003
b15_C,_6688_,AND2,0,1,2,3,29,4,25,-4.7037861915288914e-05,1.33,0.26599999999962165,0.003
b15_C,_6689_,AND2,0,0,2,7,24,4,33,0.0,1.33,0.26599999999962165,0.003
b15_C,_6690_,CLKBUF,0,0,1,10,25,3,20,0.0,1.064,0.26599999999962165,0.003
b15_C,_6691_,AOI222,0,1,6,1,30,2,1,-4.42316258348896e-05,3.724,1.5959999999986394,0.003
b15_C,_6692_,NAND3,0,1,3,0,32,1,0,-3.204899777298209e-05,1.862,0.797999999998865,0.003
b15_C,_6693_,NAND2,0,0,2,1,29,2,1,-4.380846325147125e-05,1.33,0.5319999999992433,0.003
b15_C,_6694_,AND2,0,0,2,5,29,4,29,-5.4743875278484566e-05,1.33,0.26599999999962165,0.003
b15_C,_6695_,BUF,0,0,1,10,30,3,20,3.1180400892338866e-06,1.064,0.26599999999962165,0.003
b15_C,_6696_,NAND2,0,0,2,1,31,2,1,-2.5746102449764052e-05,1.33,0.5319999999992433,0.003
b15_C,_6697_,NOR2,0,0,2,7,25,4,33,0.0,1.33,0.5319999999992433,0.003
b15_C,_6698_,CLKBUF,0,0,1,10,26,3,20,0.0,1.064,0.26599999999962165,0.003
b15_C,_6699_,AND2,0,5,2,5,29,4,29,3.721603563477949e-05,1.33,0.26599999999962165,0.003
b15_C,_6700_,BUF,0,5,1,10,30,3,20,0.00012810690423181725,1.064,0.26599999999962165,0.003
b15_C,_6701_,AND2,0,0,2,7,24,4,33,0.0,1.33,0.26599999999962165,0.003
b15_C,_6702_,CLKBUF,0,0,1,10,25,3,20,0.0,1.064,0.26599999999962165,0.003
b15_C,_6703_,AOI222,0,1,6,1,31,2,1,-7.801781737204472e-05,3.724,1.5959999999986394,0.003
b15_C,_6704_,NAND3,0,1,3,0,32,1,0,-3.204899777298209e-05,1.862,0.797999999998865,0.003
b15_C,_6705_,NAND2,0,0,2,1,29,2,1,-4.380846325147125e-05,1.33,0.5319999999992433,0.003
b15_C,_6706_,AND2,0,0,2,5,28,5,31,-8.106904231608425e-05,1.33,0.26599999999962165,0.003
b15_C,_6707_,CLKBUF,0,0,1,10,29,3,20,0.0,1.064,0.26599999999962165,0.003
b15_C,_6708_,NAND2,0,0,2,1,30,2,1,-1.6347438752450927e-05,1.33,0.5319999999992433,0.003
b15_C,_6709_,NOR2,0,0,2,7,25,5,39,-0.001455144766146832,1.33,0.5319999999992433,0.003
b15_C,_6710_,CLKBUF,0,0,1,10,26,3,20,0.0,1.064,0.26599999999962165,0.003
b15_C,_6711_,AND2,0,2,2,5,28,5,31,-6.18485523382617e-05,1.33,0.26599999999962165,0.003
b15_C,_6712_,AND2,0,0,2,7,24,4,33,0.0,1.33,0.26599999999962165,0.003
b15_C,_6713_,CLKBUF,0,0,1,10,25,3,20,0.0,1.064,0.26599999999962165,0.003
b15_C,_6714_,AOI222,0,1,6,1,29,2,1,-6.41425389753536e-05,3.724,1.5959999999986394,0.003
b15_C,_6715_,NAND3,0,1,3,0,31,1,0,-3.204899777298209e-05,1.862,0.797999999998865,0.003
b15_C,_6716_,NAND2,0,1,2,1,29,2,1,-3.556792873027348e-05,1.33,0.5319999999992433,0.003
b15_C,_6717_,AND2,0,7,2,5,29,4,29,0.00010425389755019943,1.33,0.26599999999962165,0.003
b15_C,_6718_,BUF,0,7,1,10,30,3,20,0.0002680178173719572,1.064,0.26599999999962165,0.003
b15_C,_6719_,AND2,0,0,2,4,28,4,27,-9.521158129177643e-05,1.33,0.26599999999962165,0.003
b15_C,_6720_,CLKBUF,0,0,1,10,29,3,20,0.0,1.064,0.26599999999962165,0.003
b15_C,_6721_,AOI22,0,0,4,1,31,2,1,-8.841870824061182e-05,2.394,1.063999999999396,0.003
b15_C,_6722_,AND2,0,0,2,7,25,4,33,-5.790645878356315e-07,1.33,0.26599999999962165,0.003
b15_C,_6723_,CLKBUF,0,0,1,10,26,3,20,0.0,1.064,0.26599999999962165,0.003
b15_C,_6724_,NOR2,0,0,2,7,25,4,33,0.0,1.33,0.5319999999992433,0.003
b15_C,_6725_,CLKBUF,0,0,1,10,26,3,20,0.0,1.064,0.26599999999962165,0.003
b15_C,_6726_,AOI22,0,0,4,1,28,2,1,-3.97327394208169e-05,2.394,1.063999999999396,0.003
b15_C,_6727_,NAND3,0,1,3,0,32,1,0,-9.465478841841346e-06,1.862,0.797999999998865,0.003
b15_C,_6728_,NAND2,0,0,2,1,29,2,1,-4.380846325147125e-05,1.33,0.5319999999992433,0.003
b15_C,_6729_,NOR2,0,0,2,7,25,5,37,0.0,1.33,0.5319999999992433,0.003
b15_C,_6730_,CLKBUF,0,0,1,10,26,3,20,0.0,1.064,0.26599999999962165,0.003
b15_C,_6731_,NAND2,0,0,2,1,27,2,1,0.0,1.33,0.5319999999992433,0.003
b15_C,_6732_,AND2,0,0,2,7,24,4,33,0.0,1.33,0.26599999999962165,0.003
b15_C,_6733_,CLKBUF,0,0,1,10,25,3,20,0.0,1.064,0.26599999999962165,0.003
b15_C,_6734_,AND2,0,0,2,4,28,5,29,-8.106904231608425e-05,1.33,0.26599999999962165,0.003
b15_C,_6735_,AND2,0,0,2,2,28,4,23,-9.521158129177643e-05,1.33,0.26599999999962165,0.003
b15_C,_6736_,CLKBUF,0,0,1,10,29,3,20,0.0,1.064,0.26599999999962165,0.003
b15_C,_6737_,AOI222,0,1,6,1,30,2,1,-0.0002621158129174628,3.724,1.5959999999986394,0.003
b15_C,_6738_,NAND3,0,1,3,0,31,1,0,-3.1358574610118595e-05,1.862,0.797999999998865,0.003
b15_C,_6739_,NAND2,0,1,2,1,29,2,1,-3.556792873027348e-05,1.33,0.5320000000001528,0.003
b15_C,_6740_,AND2,0,3,2,5,29,4,29,-1.6636971046812832e-05,1.33,0.26599999999962165,0.003
b15_C,_6741_,BUF,0,3,1,10,30,3,20,7.260579064594097e-05,1.064,0.26599999999962165,0.003
b15_C,_6742_,AND2,0,1,2,2,29,4,23,-4.394209354119383e-05,1.33,0.26599999999962165,0.003
b15_C,_6743_,BUF,0,1,1,10,30,3,20,4.808463251682049e-05,1.064,0.26599999999962165,0.003
b15_C,_6744_,AOI22,0,0,4,1,31,2,1,-5.659242761679728e-05,2.394,1.063999999999396,0.003
b15_C,_6745_,AND2,0,0,2,7,24,5,35,0.0,1.33,0.26599999999962165,0.003
b15_C,_6746_,CLKBUF,0,0,1,10,25,3,20,0.0,1.064,0.26599999999962165,0.003
b15_C,_6747_,NOR2,0,0,2,7,25,4,33,0.0,1.33,0.5320000000001528,0.003
b15_C,_6748_,CLKBUF,0,0,1,10,26,3,20,0.0,1.064,0.26599999999962165,0.003
b15_C,_6749_,AOI22,0,0,4,1,28,2,1,-3.97327394208169e-05,2.394,1.063999999999396,0.003
b15_C,_6750_,NAND3,0,1,3,0,32,1,0,-9.465478841841346e-06,1.862,0.797999999998865,0.003
b15_C,_6751_,NOR3,0,0,3,9,3,6,32,0.0,1.862,0.797999999998865,0.003
b15_C,_6752_,NOR2,0,0,2,4,17,7,104,0.0,1.33,0.5320000000001528,0.003
b15_C,_6753_,AOI21,0,0,3,2,19,5,27,0.0,1.862,0.797999999998865,0.003
b15_C,_6754_,NOR2,0,0,2,1,26,5,18,-0.00012184855233821068,1.33,0.5320000000001528,0.003
b15_C,_6755_,OAI21,0,0,3,1,27,4,17,-1.403118040199658e-06,1.862,0.797999999998865,0.003
b15_C,_6756_,BUF,0,0,1,10,2,11,122,0.0,1.064,0.26599999999962165,0.003
b15_C,_6757_,OAI21,0,0,3,1,7,4,17,0.0,1.862,0.797999999998865,0.003
b15_C,_6758_,AOI211,0,0,4,6,23,4,102,3.498886414265989e-05,2.394,1.063999999999396,0.003
b15_C,_6759_,NAND3,0,0,3,8,28,3,16,-1.5033407572362378e-05,1.862,0.797999999998865,0.003
b15_C,_6760_,NAND2,0,0,2,1,29,2,1,0.0,1.33,0.5320000000001528,0.003
b15_C,_6761_,BUF,0,4,1,10,30,3,20,0.00015757238307356758,1.064,0.26599999999962165,0.003
b15_C,_6762_,AOI22,0,0,4,1,31,2,1,-4.251670378629946e-05,2.394,1.063999999999396,0.003
b15_C,_6763_,AND2,0,8,2,1,23,4,17,7.772828507945917e-06,1.33,0.26599999999962165,0.003
b15_C,_6765_,BUF,0,0,1,10,18,8,306,5.6726057906519856e-05,1.064,0.26599999999962165,0.003
b15_C,_6766_,AND2,0,8,2,3,23,6,38,4.445434298450124e-05,1.33,0.26599999999962165,0.00301
b15_C,_6767_,BUF,0,0,1,10,24,3,20,-2.478841870812154e-05,1.064,0.26599999999962165,0.003
b15_C,_6768_,AOI22,0,1,4,1,30,2,1,-0.000263919821826164,2.394,1.063999999999396,0.003
b15_C,_6769_,NAND3,0,1,3,0,32,1,0,-2.0957683741329447e-05,1.862,0.797999999998865,0.003
b15_C,_6770_,NAND2,0,0,2,1,29,2,1,0.0,1.33,0.5320000000001528,0.003
b15_C,_6771_,CLKBUF,0,0,1,10,26,3,20,0.0,1.064,0.26599999999962165,0.003
b15_C,_6772_,NAND2,0,0,2,1,27,2,1,0.0,1.33,0.5320000000001528,0.003
b15_C,_6773_,AOI222,0,1,6,1,30,2,1,-0.0002041648106905214,3.724,1.5959999999986394,0.003
b15_C,_6774_,NAND3,0,1,3,0,31,1,0,-1.614699331820013e-05,1.862,0.797999999998865,0.003
b15_C,_6775_,NAND2,0,0,2,1,29,2,1,0.0,1.33,0.5320000000001528,0.003
b15_C,_6776_,BUF,0,1,1,10,30,3,20,5.590200445437787e-06,1.064,0.26599999999962165,0.003
b15_C,_6777_,AOI22,0,0,4,1,31,2,1,-1.0556792872762344e-05,2.394,1.063999999999396,0.003
b15_C,_6778_,AOI22,0,1,4,1,31,2,1,-0.0002507795100221699,2.394,1.063999999999396,0.003
b15_C,_6779_,NAND3,0,1,3,0,32,1,0,-1.9465478841906858e-05,1.862,0.797999999998865,0.003
b15_C,_6780_,NAND2,0,0,2,1,29,2,1,0.0,1.33,0.5320000000001528,0.003
b15_C,_6781_,NAND2,0,0,2,1,31,2,1,-9.398663696869036e-06,1.33,0.5320000000001528,0.003
b15_C,_6782_,AOI222,0,1,6,1,31,2,1,-0.0002585968819597273,3.724,1.5959999999986394,0.003
b15_C,_6783_,NAND3,0,1,3,0,32,1,0,-1.614699331820013e-05,1.862,0.797999999998865,0.003
b15_C,_6784_,NAND2,0,0,2,1,29,2,1,0.0,1.33,0.5320000000001528,0.003
b15_C,_6785_,AOI22,0,0,4,1,30,2,1,0.0,2.394,1.063999999999396,0.003
b15_C,_6786_,CLKBUF,0,2,1,10,29,3,20,9.46547884206339e-06,1.064,0.26599999999962165,0.003
b15_C,_6787_,AOI22,0,1,4,1,30,2,1,-0.0002885523385298683,2.394,1.063999999999396,0.003
b15_C,_6788_,NAND3,0,1,3,0,31,1,0,-2.0957683741329447e-05,1.862,0.797999999998865,0.003
b15_C,_6789_,NAND2,0,0,2,1,29,2,1,0.0,1.33,0.5320000000001528,0.003
b15_C,_6790_,AOI222,0,1,6,1,30,2,1,-0.0002723385300669179,3.724,1.5959999999986394,0.003
b15_C,_6791_,NAND2,0,0,2,3,29,2,3,-0.00020325167037849035,1.33,0.5320000000001528,0.003
b15_C,_6792_,NAND2,0,0,2,6,23,4,10,-0.00013084632516680017,1.33,0.5320000000001528,0.00301
b15_C,_6793_,OAI211,0,1,4,0,31,1,0,-1.2293986636935372e-05,2.394,1.063999999999396,0.003
b15_C,_6794_,NAND2,0,0,2,1,29,2,1,0.0,1.33,0.5320000000001528,0.003
b15_C,_6795_,CLKBUF,0,0,1,10,29,3,20,0.0,1.064,0.26599999999962165,0.003
b15_C,_6796_,AOI222,0,1,6,1,30,2,1,-0.00020574610244983305,3.724,1.5959999999986394,0.003
b15_C,_6797_,NAND2,0,0,2,5,28,4,9,-0.00022959910913167292,1.33,0.5320000000001528,0.003
b15_C,_6798_,OAI211,0,1,4,0,31,1,0,-1.2293986636935372e-05,2.394,1.063999999999396,0.003
b15_C,_6799_,NAND2,0,0,2,1,29,2,1,0.0,1.33,0.5320000000001528,0.003
b15_C,_6800_,AOI222,0,1,6,1,30,2,1,-0.0002333853006681874,3.724,1.5959999999986394,0.003
b15_C,_6801_,NAND2,0,0,2,5,28,4,7,-0.00022959910913167292,1.33,0.5320000000001528,0.003
b15_C,_6802_,OAI211,0,1,4,0,31,1,0,-1.2293986636935372e-05,2.394,1.063999999999396,0.003
b15_C,_6803_,NAND3,0,0,3,5,2,7,61,0.0,1.862,0.797999999998865,0.003
b15_C,_6804_,NOR2,0,0,2,9,3,6,31,0.0,1.33,0.5320000000001528,0.003
b15_C,_6805_,INV,0,0,1,2,20,9,339,-0.00014396436525609957,0.798,0.26599999999962165,0.00301
b15_C,_6806_,NOR2,0,0,2,2,21,8,201,-3.899777282834194e-05,1.33,0.5320000000001528,0.00301
b15_C,_6807_,NAND2,0,7,2,4,22,7,97,-0.0001414031180400066,1.33,0.5320000000001528,0.00301
b15_C,_6808_,NOR2,0,0,2,9,23,6,52,-8.309576837395305e-05,1.33,0.5320000000001528,0.00301
b15_C,_6809_,AOI22,0,0,4,1,29,4,3,-1.0734966592096384e-05,2.394,1.063999999999396,0.003
b15_C,_6810_,NAND2,0,0,2,3,28,4,7,-0.00022959910913167292,1.33,0.5320000000001528,0.003
b15_C,_6811_,OAI21,0,0,3,1,30,3,2,0.0,1.862,0.797999999998865,0.003
b15_C,_6812_,NAND2,0,0,2,10,3,6,152,-2.227171491675506e-08,1.33,0.5320000000001528,0.003
b15_C,_6813_,AND2,0,0,2,4,17,6,101,0.0,1.33,0.26599999999962165,0.003
b15_C,_6814_,AOI21,0,0,3,2,19,5,24,0.0,1.862,0.797999999998865,0.003
b15_C,_6815_,OAI21,0,8,3,1,24,5,18,4.685968819617692e-05,1.862,0.797999999998865,0.00301
b15_C,_6816_,INV,0,8,1,1,25,4,17,-0.00011334075723823389,0.798,0.26599999999962165,0.003
b15_C,_6818_,NOR3,0,0,3,1,25,5,18,-7.006681514454272e-05,1.862,0.797999999998865,0.003
b15_C,_6819_,OAI21,0,0,3,1,26,4,17,-9.487750556758101e-06,1.862,0.797999999998865,0.003
b15_C,_6820_,OAI21,0,0,3,1,3,4,17,0.0,1.862,0.797999999998865,0.003
b15_C,_6821_,OAI21,0,0,3,1,4,4,17,-9.420935412007836e-06,1.862,0.797999999998865,0.003
b15_C,_6822_,NAND4,0,0,4,8,27,3,16,-1.113585745837753e-06,2.394,1.063999999999396,0.003
b15_C,_6823_,AOI221,0,1,5,1,31,2,1,-0.00023619153674836468,2.926,1.3299999999990177,0.003
b15_C,_6824_,INV,0,1,1,0,32,1,0,-1.0534521158067633e-05,0.798,0.26599999999962165,0.003
b15_C,_6825_,AOI22,0,0,4,1,29,4,3,-2.0044543425079553e-07,2.394,1.063999999999396,0.003
b15_C,_6826_,NAND2,0,0,2,3,28,4,9,-0.00022959910913167292,1.33,0.5320000000001528,0.003
b15_C,_6827_,OAI21,0,0,3,1,30,3,2,0.0,1.862,0.797999999998865,0.003
b15_C,_6828_,AOI221,0,1,5,1,31,2,1,-0.00023619153674836468,2.926,1.3299999999990177,0.003
b15_C,_6829_,INV,0,1,1,0,32,1,0,-1.0534521158067633e-05,0.798,0.26599999999962165,0.003
b15_C,_6830_,NAND2,0,0,2,1,28,2,1,0.0,1.33,0.5320000000001528,0.003
b15_C,_6831_,BUF,0,0,1,10,24,3,20,-2.227171491675506e-08,1.064,0.26599999999962165,0.003
b15_C,_6832_,NAND2,0,0,2,1,31,2,1,-8.50779509997679e-06,1.33,0.5320000000001528,0.003
b15_C,_6833_,AOI222,0,1,6,1,31,2,1,-0.0002479510022270759,3.724,1.5959999999986394,0.003
b15_C,_6834_,NAND3,0,1,3,0,32,1,0,-1.608017817367191e-05,1.862,0.797999999998865,0.003
b15_C,_6835_,NAND2,0,0,2,1,28,2,1,0.0,1.33,0.5320000000001528,0.003
b15_C,_6836_,NAND2,0,0,2,1,31,2,1,-4.476614699333581e-05,1.33,0.5320000000001528,0.003
b15_C,_6837_,AOI222,0,1,6,1,31,2,1,-0.00021195991091271793,3.724,1.5959999999986394,0.003
b15_C,_6838_,NAND3,0,1,3,0,32,1,0,-1.608017817367191e-05,1.862,0.797999999998865,0.003
b15_C,_6839_,NAND2,0,0,2,1,28,2,1,0.0,1.33,0.5320000000001528,0.003
b15_C,_6840_,NAND2,0,0,2,1,30,2,1,-2.6525612472072524e-05,1.33,0.5320000000001528,0.003
b15_C,_6841_,AOI222,0,1,6,1,30,2,1,-0.00020469933184830147,3.724,1.5959999999986394,0.003
b15_C,_6842_,NAND3,0,1,3,0,31,1,0,-1.608017817367191e-05,1.862,0.797999999998865,0.003
b15_C,_6843_,AOI22,0,0,4,1,30,2,1,0.0,2.394,1.063999999999396,0.003
b15_C,_6844_,AOI222,0,1,6,1,30,2,1,-0.00027158129175952617,3.724,1.5959999999986394,0.003
b15_C,_6845_,NAND2,0,1,2,0,31,1,0,-1.4543429844193767e-05,1.33,0.5320000000001528,0.003
b15_C,_6846_,NAND2,0,0,2,1,28,2,1,0.0,1.33,0.5320000000001528,0.003
b15_C,_6847_,AOI222,0,1,6,1,30,2,1,-0.00020478841870819053,3.724,1.5959999999986394,0.003
b15_C,_6848_,NAND2,0,0,2,3,29,4,5,-0.0001445211581292405,1.33,0.5320000000001528,0.003
b15_C,_6849_,OAI211,0,1,4,0,31,1,0,-1.2249443207101862e-05,2.394,1.063999999999396,0.003
b15_C,_6850_,NAND2,0,0,2,1,28,2,1,0.0,1.33,0.5320000000001528,0.003
b15_C,_6851_,NAND2,0,0,2,1,27,2,1,0.0,1.33,0.5320000000001528,0.003
b15_C,_6852_,AOI222,0,1,6,1,31,2,1,-0.0002451670378618154,3.724,1.5959999999986394,0.003
b15_C,_6853_,NAND3,0,1,3,0,32,1,0,-1.608017817367191e-05,1.862,0.797999999998865,0.003
b15_C,_6854_,NAND2,0,0,2,1,7,4,17,0.0,1.33,0.5320000000001528,0.003
b15_C,_6855_,AOI21,0,3,3,1,28,4,17,-0.00027576837416498634,1.862,0.797999999998865,0.003
b15_C,_6856_,NOR2,0,0,2,9,3,6,26,0.0,1.33,0.5320000000001528,0.003
b15_C,_6857_,NOR2,0,0,2,4,17,6,106,0.0,1.33,0.5320000000001528,0.003
b15_C,_6858_,AOI21,0,0,3,2,19,5,23,-1.2917594651717934e-06,1.862,0.797999999998865,0.003
b15_C,_6859_,INV,0,0,1,1,20,4,17,0.0,0.798,0.26599999999962165,0.003
b15_C,_6860_,OAI211,0,3,4,8,29,3,16,4.2449888641549194e-05,2.394,1.063999999999396,0.003
b15_C,_6861_,AOI22,0,1,4,1,31,2,1,-8.0178173719192e-05,2.394,1.063999999999396,0.003
b15_C,_6862_,OAI21,0,0,3,1,23,4,17,-5.997772828503223e-05,1.862,0.797999999998865,0.003
b15_C,_6863_,OAI22,0,0,4,8,24,3,16,6.770601336469895e-06,2.394,1.063999999999396,0.003
b15_C,_6864_,NOR2,0,7,2,9,23,6,47,0.00042265033407584696,1.33,0.5320000000001528,0.00301
b15_C,_6865_,AOI222,0,0,6,1,30,2,1,-0.00013605790645865312,3.724,1.5959999999986394,0.003
b15_C,_6866_,NAND2,0,1,2,0,32,1,0,-8.062360801641688e-06,1.33,0.5320000000001528,0.003
b15_C,_6867_,AOI22,0,1,4,1,30,2,1,-4.583518930934005e-05,2.394,1.063999999999396,0.003
b15_C,_6868_,AOI222,0,0,6,1,30,2,1,-0.00012788418708242766,3.724,1.5959999999986394,0.003
b15_C,_6869_,NAND2,0,1,2,0,31,1,0,-8.97550111345069e-06,1.33,0.5320000000001528,0.003
b15_C,_6870_,AOI22,0,1,4,1,31,2,1,-8.632516703777071e-05,2.394,1.063999999999396,0.003
b15_C,_6871_,AOI222,0,0,6,1,31,2,1,-0.00013786191536735437,3.724,1.5959999999986394,0.003
b15_C,_6872_,NAND2,0,1,2,0,32,1,0,-8.106904231475198e-06,1.33,0.5320000000001528,0.003
b15_C,_6873_,BUF,0,0,1,10,24,3,20,-6.846325167031431e-05,1.064,0.26599999999962165,0.003
b15_C,_6874_,AOI22,0,1,4,1,31,2,1,-5.2004454342835515e-05,2.394,1.063999999999396,0.003
b15_C,_6875_,AOI222,0,0,6,1,30,2,1,-6.72828507792822e-05,3.724,1.5959999999986394,0.003
b15_C,_6876_,NAND2,0,1,2,0,32,1,0,-5.6570155901880526e-06,1.33,0.5320000000001528,0.003
b15_C,_6877_,AOI22,0,0,4,1,30,2,1,-2.942093541169477e-05,2.394,1.063999999999396,0.003
b15_C,_6878_,AOI222,0,1,6,1,30,2,1,-5.554565701570979e-05,3.724,1.5959999999986394,0.003
b15_C,_6879_,NAND2,0,1,2,0,31,1,0,-1.1269487750542595e-05,1.33,0.5320000000001528,0.003
b15_C,_6880_,AOI22,0,0,4,1,30,2,1,-5.4142538975510135e-05,2.394,1.063999999999396,0.003
b15_C,_6881_,AOI222,0,1,6,1,31,2,1,-0.00018213808463252157,3.724,1.5959999999986394,0.003
b15_C,_6882_,NAND2,0,1,2,0,32,1,0,-9.443207126924591e-06,1.33,0.5320000000001528,0.003
b15_C,_6883_,AOI22,0,0,4,1,30,2,1,-2.24944320703635e-06,2.394,1.063999999999396,0.003
b15_C,_6884_,AOI222,0,1,6,1,30,2,1,-5.554565701570979e-05,3.724,1.5959999999986394,0.003
b15_C,_6885_,NAND2,0,1,2,0,31,1,0,-1.1269487750542595e-05,1.33,0.5320000000001528,0.003
b15_C,_6886_,AOI22,0,1,4,1,31,2,1,-1.124721603562584e-05,2.394,1.063999999999396,0.003
b15_C,_6887_,AOI222,0,0,6,1,30,2,1,-8.757238307355308e-05,3.724,1.5959999999986394,0.003
b15_C,_6888_,NAND2,0,1,2,0,32,1,0,-5.6570155901880526e-06,1.33,0.5320000000001528,0.003
b15_C,_6889_,NOR2,0,0,2,10,3,7,33,6.1915367484122186e-06,1.33,0.5320000000001528,0.003
b15_C,_6890_,AND2,0,0,2,4,18,7,108,0.0,1.33,0.26599999999962165,0.003
b15_C,_6891_,AOI21,0,0,3,2,19,6,27,-1.0022271714760222e-06,1.862,0.797999999998865,0.003
b15_C,_6892_,AND2,0,0,2,3,21,8,194,-1.9086859688099977e-05,1.33,0.26599999999962165,0.00301
b15_C,_6893_,NAND2,0,1,2,3,22,7,82,-0.0002579510022271414,1.33,0.5320000000001528,0.00301
b15_C,_6894_,NOR2,0,1,2,4,23,6,49,-1.140311804026517e-05,1.33,0.5320000000001528,0.00301
b15_C,_6895_,NOR3,0,2,3,1,26,5,18,-0.00014806236080167068,1.862,0.797999999998865,0.003
b15_C,_6896_,OAI21,0,2,3,1,27,4,17,-1.0913140309209979e-06,1.862,0.797999999998865,0.003
b15_C,_6897_,NOR2,0,0,2,1,4,5,18,-1.3363028952273481e-06,1.33,0.5320000000001528,0.003
b15_C,_6898_,OR3,0,0,3,2,4,5,25,-2.36080178184217e-06,1.596,0.26599999999962165,0.003
b15_C,_6899_,AOI21,0,0,3,1,5,4,17,-9.955456570009957e-06,1.862,0.797999999998865,0.003
b15_C,_6900_,NAND3,0,2,3,8,28,3,16,2.518930957706722e-05,1.862,0.797999999998865,0.003
b15_C,_6901_,NAND2,0,0,2,1,29,2,1,-2.9265033407277485e-05,1.33,0.5320000000001528,0.003
b15_C,_6902_,OAI21,0,5,3,1,24,5,18,-7.817371937623996e-05,1.862,0.797999999998865,0.00301
b15_C,_6903_,NOR2,0,0,2,1,20,5,18,0.0,1.33,0.5320000000001528,0.003
b15_C,_6904_,NAND2,0,5,2,1,25,4,17,-4.7327394209428775e-05,1.33,0.5320000000001528,0.003
b15_C,_6905_,OAI21,0,5,3,8,26,3,16,0.00011861915367505915,1.862,0.797999999998865,0.003
b15_C,_6906_,AOI222,0,1,6,1,31,2,1,-7.487750556789408e-05,3.724,1.5959999999986394,0.003
b15_C,_6907_,NAND2,0,0,2,3,29,2,3,-0.00020325167037849035,1.33,0.5320000000001528,0.003
b15_C,_6908_,AND2,0,2,2,3,22,6,50,-0.00010979955456558166,1.33,0.26599999999962165,0.00301
b15_C,_6909_,NAND2,0,0,2,5,23,4,7,-1.75723830730945e-05,1.33,0.5320000000001528,0.00301
b15_C,_6910_,OAI211,0,1,4,0,32,1,0,-2.6748329621240075e-05,2.394,1.063999999999396,0.003
b15_C,_6911_,NAND2,0,0,2,1,29,2,1,-2.9265033407277485e-05,1.33,0.5320000000001528,0.003
b15_C,_6912_,NAND2,0,0,2,1,30,2,1,-1.113585745837753e-06,1.33,0.5320000000001528,0.003
b15_C,_6913_,BUF,0,1,1,10,24,5,22,2.8040089086855957e-05,1.064,0.26599999999962165,0.003
b15_C,_6914_,AOI222,0,1,6,1,30,2,1,-4.336302895313615e-05,3.724,1.5959999999986394,0.003
b15_C,_6915_,NAND3,0,1,3,0,31,1,0,-3.178173719353694e-05,1.862,0.797999999998865,0.003
b15_C,_6916_,NAND2,0,0,2,1,29,2,1,-2.9265033407277485e-05,1.33,0.5320000000001528,0.003
b15_C,_6917_,AOI222,0,1,6,1,30,2,1,-8.951002227153282e-05,3.724,1.5959999999986394,0.003
b15_C,_6918_,NAND2,0,0,2,4,28,4,6,-0.00022959910913167292,1.33,0.5320000000001528,0.003
b15_C,_6919_,OAI211,0,1,4,0,31,1,0,-2.6971046770407625e-05,2.394,1.063999999999396,0.003
b15_C,_6920_,NAND2,0,0,2,1,29,2,1,-2.9265033407277485e-05,1.33,0.5320000000001528,0.003
b15_C,_6921_,AOI222,0,1,6,1,31,2,1,-3.9109131403147757e-05,3.724,1.5959999999986394,0.003
b15_C,_6922_,NAND2,0,0,2,2,29,2,2,-0.00020325167037849035,1.33,0.5320000000001528,0.003
b15_C,_6923_,OAI211,0,1,4,0,32,1,0,-2.6971046770407625e-05,2.394,1.063999999999396,0.003
b15_C,_6924_,AOI22,0,0,4,1,30,2,1,-3.968819599120543e-05,2.394,1.063999999999396,0.003
b15_C,_6925_,AOI222,0,1,6,1,29,2,1,-0.0001967037861916321,3.724,1.5959999999986394,0.003
b15_C,_6926_,NAND2,0,1,2,0,31,1,0,-2.66592427617951e-05,1.33,0.5320000000001528,0.003
b15_C,_6927_,NAND2,0,0,2,1,29,2,1,-2.9265033407277485e-05,1.33,0.5320000000001528,0.003
b15_C,_6928_,AOI22,0,1,4,1,31,2,1,-5.3429844097729884e-05,2.394,1.063999999999396,0.003
b15_C,_6929_,AOI22,0,0,4,1,30,2,1,-4.6993318485455404e-05,2.394,1.063999999999396,0.003
b15_C,_6930_,NAND3,0,1,3,0,32,1,0,-1.162583518943272e-05,1.862,0.797999999998865,0.003
b15_C,_6931_,NAND2,0,0,2,1,29,2,1,-2.9265033407277485e-05,1.33,0.5320000000001528,0.003
b15_C,_6932_,AOI222,0,1,6,1,30,2,1,-3.3563474387321435e-05,3.724,1.5959999999986394,0.003
b15_C,_6933_,OAI211,0,1,4,0,31,1,0,-2.6971046770407625e-05,2.394,1.063999999999396,0.003
b15_C,_6934_,AOI22,0,0,4,1,31,2,1,-2.1403118040108637e-05,2.394,1.063999999999396,0.003
b15_C,_6935_,AOI222,0,1,6,1,30,2,1,-0.00022400890868601309,3.724,1.5959999999986394,0.003
b15_C,_6936_,NAND2,0,1,2,0,32,1,0,-2.66592427617951e-05,1.33,0.5320000000001528,0.003
b15_C,_6937_,NOR3,0,0,3,9,3,7,31,1.534521158119695e-05,1.862,0.797999999998865,0.003
b15_C,_6938_,AOI21,0,0,3,2,19,6,26,-4.164810690321374e-06,1.862,0.797999999998865,0.003
b15_C,_6939_,NOR2,0,0,2,1,25,5,18,-3.073496659222741e-05,1.33,0.5320000000001528,0.003
b15_C,_6940_,OAI21,0,0,3,1,26,4,17,-9.487750556758101e-06,1.862,0.797999999998865,0.003
b15_C,_6941_,NOR2,0,0,2,2,3,7,26,0.0,1.33,0.5320000000001528,0.003
b15_C,_6942_,OAI211,0,0,4,8,27,3,16,-1.1224944320709085e-05,2.394,1.063999999999396,0.003
b15_C,_6943_,AOI222,0,1,6,1,31,2,1,-4.387527839666561e-05,3.724,1.5959999999986394,0.003
b15_C,_6944_,NAND2,0,0,2,1,4,6,19,-9.086859688034465e-06,1.33,0.5320000000001528,0.003
b15_C,_6945_,OAI21,0,0,3,1,23,6,19,-1.5278396436446684e-05,1.862,0.797999999998865,0.003
b15_C,_6946_,OAI21,0,0,3,8,24,5,18,0.0,1.862,0.797999999998865,0.003
b15_C,_6947_,NOR2,0,0,2,7,23,6,30,-7.550111358556322e-06,1.33,0.5320000000001528,0.00301
b15_C,_6948_,AOI22,0,0,4,1,30,2,1,-9.465478841841346e-06,2.394,1.063999999999396,0.003
b15_C,_6949_,NAND2,0,1,2,0,32,1,0,-6.5701559019970546e-06,1.33,0.5320000000001528,0.003
b15_C,_6950_,AOI22,0,1,4,1,29,4,3,1.2249443206435728e-06,2.394,1.063999999999396,0.003
b15_C,_6951_,NAND2,0,2,2,2,23,5,31,-1.2293986636935372e-05,1.33,0.5320000000001528,0.00301
b15_C,_6952_,BUF,0,2,1,10,24,4,22,8.674832962163315e-05,1.064,0.26599999999962165,0.003
b15_C,_6953_,NAND2,0,0,2,5,28,4,9,-0.00022959910913167292,1.33,0.5320000000001528,0.003
b15_C,_6954_,OAI21,0,1,3,1,30,3,2,-3.249443207131719e-05,1.862,0.797999999998865,0.003
b15_C,_6955_,AOI221,0,1,5,1,31,2,1,-5.567928729188765e-07,2.926,1.3299999999990177,0.003
b15_C,_6956_,INV,0,1,1,0,32,1,0,-2.173719376363792e-05,0.798,0.26599999999962165,0.003
b15_C,_6957_,AOI222,0,1,6,1,31,2,1,-4.87750556792399e-05,3.724,1.5959999999986394,0.003
b15_C,_6958_,AOI22,0,0,4,1,31,2,1,-1.162583518943272e-05,2.394,1.063999999999396,0.003
b15_C,_6959_,NAND2,0,1,2,0,32,1,0,-6.659242761664075e-06,1.33,0.5320000000001528,0.003
b15_C,_6960_,AOI222,0,0,6,1,31,2,1,-1.8752783964126607e-05,3.724,1.5959999999986394,0.003
b15_C,_6961_,AOI22,0,1,4,1,31,2,1,-5.1469933184833394e-05,2.394,1.063999999999396,0.003
b15_C,_6962_,NAND2,0,1,2,0,32,1,0,-7.861915367390893e-06,1.33,0.5320000000001528,0.003
b15_C,_6963_,AOI222,0,1,6,1,30,2,1,-3.4008908685656536e-05,3.724,1.5959999999986394,0.003
b15_C,_6964_,AOI22,0,0,4,1,30,2,1,-6.057906458689644e-06,2.394,1.063999999999396,0.003
b15_C,_6965_,NAND2,0,1,2,0,31,1,0,-1.2227171492185107e-05,1.33,0.5320000000001528,0.003
b15_C,_6966_,AOI222,0,1,6,1,31,2,1,-6.723830734967073e-05,3.724,1.5959999999986394,0.003
b15_C,_6967_,AOI22,0,0,4,1,30,2,1,-1.0690423160042428e-06,2.394,1.063999999999396,0.003
b15_C,_6968_,NAND2,0,1,2,0,32,1,0,-6.63697104674732e-06,1.33,0.5320000000001528,0.003
b15_C,_6969_,AOI22,0,0,4,1,29,4,3,-1.4209354120442441e-05,2.394,1.063999999999396,0.003
b15_C,_6970_,OAI21,0,1,3,1,30,3,2,-1.0334075723594793e-05,1.862,0.797999999998865,0.003
b15_C,_6971_,AOI221,0,1,5,1,31,2,1,-4.65478841871203e-06,2.926,1.3299999999990177,0.003
b15_C,_6972_,INV,0,1,1,0,32,1,0,-2.173719376363792e-05,0.798,0.26599999999962165,0.003
b15_C,_6973_,NAND2,0,0,2,1,25,4,3,0.0,1.33,0.5320000000001528,0.003
b15_C,_6974_,NAND2,0,0,2,2,29,4,4,-0.0001445211581292405,1.33,0.5320000000001528,0.003
b15_C,_6975_,OAI221,0,1,5,1,30,3,2,-1.801781737187369e-05,2.926,1.3299999999990177,0.003
b15_C,_6976_,AOI221,0,1,5,1,31,2,1,-9.688195991008897e-06,2.926,1.3299999999990177,0.003
b15_C,_6977_,INV,0,1,1,0,32,1,0,-2.173719376363792e-05,0.798,0.26599999999962165,0.003
b15_C,_6978_,NAND3,0,0,3,3,2,7,60,0.0,1.862,0.797999999998865,0.003
b15_C,_6979_,NOR2,0,0,2,10,3,6,32,0.0,1.33,0.5320000000001528,0.003
b15_C,_6980_,NAND2,0,0,2,1,26,4,3,0.0,1.33,0.5320000000001528,0.003
b15_C,_6981_,OAI21,0,0,3,1,29,3,2,-1.8084632516623955e-05,1.862,0.797999999998865,0.003
b15_C,_6982_,AOI21,0,0,3,2,19,5,24,0.0,1.862,0.797999999998865,0.003
b15_C,_6983_,NAND2,0,8,2,4,22,7,91,-9.037861915373036e-05,1.33,0.5320000000001528,0.00301
b15_C,_6984_,NOR2,0,8,2,5,23,6,44,2.8307349665857018e-05,1.33,0.5320000000001528,0.00301
b15_C,_6985_,INV,0,8,1,5,24,5,18,0.00016000000000016001,0.798,0.26599999999962165,0.003
b15_C,_6986_,AOI21,0,8,3,1,25,4,17,-7.073496659226741e-05,1.862,0.797999999998865,0.003
b15_C,_6988_,OAI21,0,0,3,1,5,4,17,-8.351893095781548e-06,1.862,0.797999999998865,0.003
b15_C,_6989_,OAI21,0,0,3,1,24,5,18,-2.4498886408430565e-07,1.862,0.797999999998865,0.003
b15_C,_6991_,AOI21,0,0,3,1,26,4,17,0.0,1.862,0.797999999998865,0.003
b15_C,_6992_,NAND2,0,0,2,8,27,3,16,0.0,1.33,0.5320000000001528,0.003
b15_C,_6993_,AOI221,0,1,5,1,30,2,1,-0.00023975501113571163,2.926,1.3299999999990177,0.003
b15_C,_6994_,OAI21,0,1,3,0,31,1,0,-8.151447661441935e-05,1.862,0.797999999998865,0.003
b15_C,_6995_,NAND2,0,0,2,1,26,4,3,-2.227171491675506e-08,1.33,0.5320000000001528,0.003
b15_C,_6996_,OAI21,0,0,3,1,29,3,2,-1.8084632516623955e-05,1.862,0.797999999998865,0.003
b15_C,_6997_,AOI221,0,1,5,1,30,2,1,-0.00023975501113571163,2.926,1.3299999999990177,0.003
b15_C,_6998_,OAI21,0,1,3,0,31,1,0,-8.151447661441935e-05,1.862,0.797999999998865,0.003
b15_C,_6999_,NAND2,0,0,2,1,28,2,1,0.0,1.33,0.5320000000001528,0.003
b15_C,_7000_,BUF,0,0,1,10,24,3,20,-2.173719376363792e-05,1.064,0.26599999999962165,0.003
b15_C,_7001_,AOI222,0,1,6,1,30,2,1,-0.00022093541202683475,3.724,1.5959999999986394,0.003
b15_C,_7002_,NAND2,0,0,2,2,29,4,4,-0.0001445211581292405,1.33,0.5320000000001528,0.003
b15_C,_7003_,OAI211,0,1,4,0,31,1,0,-3.269487750556799e-05,2.394,1.063999999999396,0.003
b15_C,_7004_,NAND2,0,0,2,1,28,2,1,0.0,1.33,0.5320000000001528,0.003
b15_C,_7005_,AOI222,0,1,6,1,30,2,1,-0.00026485523385266774,3.724,1.5959999999986394,0.003
b15_C,_7006_,NAND2,0,0,2,2,29,2,2,-0.00020325167037849035,1.33,0.5320000000001528,0.003
b15_C,_7007_,OAI211,0,1,4,0,31,1,0,-3.269487750556799e-05,2.394,1.063999999999396,0.003
b15_C,_7008_,NAND2,0,0,2,1,26,4,3,0.0,1.33,0.5320000000001528,0.003
b15_C,_7009_,NAND2,0,0,2,2,29,4,6,-0.0001445211581292405,1.33,0.5320000000001528,0.003
b15_C,_7010_,OAI21,0,0,3,1,30,3,2,-1.8084632516623955e-05,1.862,0.797999999998865,0.003
b15_C,_7011_,AOI221,0,1,5,1,31,2,1,-0.00023975501113571163,2.926,1.3299999999990177,0.003
b15_C,_7012_,NAND2,0,0,2,2,29,4,4,-0.0001445211581292405,1.33,0.5320000000001528,0.003
b15_C,_7013_,OAI21,0,1,3,0,32,1,0,-8.151447661441935e-05,1.862,0.797999999998865,0.003
b15_C,_7014_,NAND2,0,0,2,1,28,2,1,0.0,1.33,0.5320000000001528,0.003
b15_C,_7015_,AOI222,0,1,6,1,29,2,1,-0.0002961024498884246,3.724,1.5959999999986394,0.003
b15_C,_7016_,NAND2,0,0,2,2,29,2,2,-0.00020325167037849035,1.33,0.5320000000001528,0.003
b15_C,_7017_,OAI211,0,1,4,0,30,1,0,-3.1982182627787736e-05,2.394,1.063999999999396,0.003
b15_C,_7018_,NAND2,0,0,2,1,28,2,1,0.0,1.33,0.5320000000001528,0.003
b15_C,_7019_,AOI222,0,1,6,1,30,2,1,-0.00024846325167060535,3.724,1.5959999999986394,0.003
b15_C,_7020_,OAI211,0,1,4,0,31,1,0,-3.269487750556799e-05,2.394,1.063999999999396,0.003
b15_C,_7021_,NAND2,0,0,2,1,28,2,1,0.0,1.33,0.5320000000001528,0.003
b15_C,_7022_,AOI222,0,1,6,1,31,2,1,-0.00023492204899766556,3.724,1.5959999999986394,0.003
b15_C,_7023_,OAI211,0,1,4,0,32,1,0,-9.17149220489577e-05,2.394,1.063999999999396,0.003
b15_C,_7024_,AOI22,0,0,4,1,5,4,17,-9.999999999843467e-06,2.394,1.063999999999396,0.003
b15_C,_7025_,AOI21,0,2,3,1,28,4,17,-0.00028510022271688307,1.862,0.797999999998865,0.003
b15_C,_7026_,AOI21,0,0,3,2,19,5,27,-8.685968817534473e-07,1.862,0.797999999998865,0.003
b15_C,_7027_,INV,0,0,1,1,20,4,17,0.0,0.798,0.26599999999962165,0.003
b15_C,_7028_,OAI211,0,2,4,8,29,3,16,4.2494432071382704e-05,2.394,1.063999999999396,0.003
b15_C,_7029_,NAND2,0,0,2,1,30,2,1,-7.801781737204472e-05,1.33,0.5320000000001528,0.003
b15_C,_7030_,OAI21,0,0,3,1,23,4,17,-8.302895322942483e-05,1.862,0.797999999998865,0.003
b15_C,_7031_,OAI22,0,0,4,8,24,3,16,3.0512249444836215e-06,2.394,1.063999999999396,0.003
b15_C,_7032_,NAND2,0,0,2,1,26,2,1,-2.0712694877023097e-06,1.33,0.5320000000001528,0.003
b15_C,_7033_,NOR2,0,0,2,9,23,6,48,-3.8106904231671734e-05,1.33,0.5320000000001528,0.00301
b15_C,_7034_,AOI222,0,1,6,1,31,2,1,-5.113585746108207e-05,3.724,1.5959999999986394,0.003
b15_C,_7035_,NAND3,0,1,3,0,32,1,0,-1.0311804008678038e-05,1.862,0.797999999998865,0.003
b15_C,_7036_,BUF,0,0,1,10,24,3,20,-6.258351892940439e-06,1.064,0.26599999999962165,0.003
b15_C,_7037_,AOI222,0,1,6,1,30,2,1,-5.6391982182546485e-05,3.724,1.5959999999986394,0.003
b15_C,_7038_,AOI22,0,0,4,1,27,2,1,-2.4498886412871457e-06,2.394,1.063999999999396,0.003
b15_C,_7039_,NAND2,0,1,2,0,31,1,0,-7.171492204749441e-06,1.33,0.5320000000001528,0.003
b15_C,_7040_,AOI222,0,1,6,1,31,2,1,-0.00011004454342988801,3.724,1.5959999999986394,0.003
b15_C,_7041_,AOI22,0,0,4,1,27,2,1,-2.4498886412871457e-06,2.394,1.063999999999396,0.003
b15_C,_7042_,NAND2,0,1,2,0,32,1,0,-6.881959910831625e-06,1.33,0.5320000000001528,0.003
b15_C,_7043_,AOI222,0,1,6,1,31,2,1,-0.00013066815144746613,3.724,1.5959999999986394,0.003
b15_C,_7044_,AOI22,0,0,4,1,27,2,1,-2.4498886412871457e-06,2.394,1.063999999999396,0.003
b15_C,_7045_,NAND2,0,1,2,0,32,1,0,-4.476614699155945e-06,1.33,0.5320000000001528,0.003
b15_C,_7046_,AOI222,0,0,6,1,30,2,1,-5.6837416480881586e-05,3.724,1.5959999999986394,0.003
b15_C,_7047_,AOI22,0,1,4,1,30,2,1,-3.0022271714669202e-05,2.394,1.063999999999396,0.003
b15_C,_7048_,NAND2,0,1,2,0,31,1,0,-7.973273941974668e-06,1.33,0.5320000000001528,0.003
b15_C,_7049_,AOI222,0,0,6,1,30,2,1,-7.360801781741699e-05,3.724,1.5959999999986394,0.003
b15_C,_7050_,AOI22,0,1,4,1,31,2,1,-5.320712694856233e-05,2.394,1.063999999999396,0.003
b15_C,_7051_,NAND2,0,1,2,0,32,1,0,-1.097995545662478e-05,1.33,0.5320000000001528,0.003
b15_C,_7052_,AOI222,0,1,6,1,30,2,1,-6.995545656995894e-05,3.724,1.5959999999986394,0.003
b15_C,_7053_,AOI22,0,0,4,1,30,2,1,-2.9844097997333563e-06,2.394,1.063999999999396,0.003
b15_C,_7054_,NAND2,0,1,2,0,31,1,0,-7.171492204749441e-06,1.33,0.5320000000001528,0.003
b15_C,_7055_,AOI222,0,1,6,1,31,2,1,-0.00010801781737201921,3.724,1.5959999999986394,0.003
b15_C,_7056_,AOI22,0,0,4,1,27,2,1,-2.4498886412871457e-06,2.394,1.063999999999396,0.003
b15_C,_7057_,NAND2,0,1,2,0,32,1,0,-6.85968819591487e-06,1.33,0.5320000000001528,0.003
b15_C,_7058_,NAND2,0,0,2,6,2,7,83,0.0,1.33,0.5320000000001528,0.003
b15_C,_7059_,NOR2,0,0,2,10,3,6,30,-2.227171491675506e-08,1.33,0.5320000000001528,0.003
b15_C,_7060_,AND2,0,12,2,4,22,8,101,-0.00038202672605791577,1.33,0.26599999999962165,0.00301
b15_C,_7061_,AND2,0,8,2,1,23,7,53,-1.8841870824015672e-05,1.33,0.26599999999962165,0.003
b15_C,_7062_,BUF,0,8,1,9,24,6,52,0.0003048997772827633,1.064,0.26599999999962165,0.003
b15_C,_7063_,AOI22,0,0,4,1,30,2,1,-8.026726057908107e-05,2.394,1.063999999999396,0.003
b15_C,_7064_,AND2,0,0,2,4,18,6,104,0.0,1.33,0.26599999999962165,0.00301
b15_C,_7065_,AOI21,0,0,3,2,19,5,26,1.091314031365087e-06,1.862,0.797999999998865,0.003
b15_C,_7066_,NOR3,0,1,3,1,26,5,18,-0.00010919821826260723,1.862,0.797999999998865,0.003
b15_C,_7067_,OAI21,0,1,3,1,27,4,17,7.126948777802511e-07,1.862,0.797999999998865,0.003
b15_C,_7068_,NOR2,0,0,2,1,4,5,18,-2.0044543425079553e-07,1.33,0.5320000000001528,0.003
b15_C,_7069_,NAND3,0,0,3,2,6,5,26,-8.418708240531814e-06,1.862,0.797999999998865,0.003
b15_C,_7070_,AOI21,0,0,3,1,7,4,17,-9.955456570009957e-06,1.862,0.797999999998865,0.003
b15_C,_7071_,NAND3,0,1,3,8,28,3,16,2.6948775058155405e-06,1.862,0.797999999998865,0.003
b15_C,_7072_,OAI21,0,7,3,1,25,5,18,-4.815144766134871e-05,1.862,0.797999999998865,0.003
b15_C,_7073_,NAND2,0,7,2,1,26,4,17,-5.8017817371913694e-05,1.33,0.5320000000001528,0.003
b15_C,_7074_,OAI22,0,7,4,8,27,3,16,0.00016699331848579746,2.394,1.063999999999396,0.003
b15_C,_7075_,AOI222,0,1,6,1,30,2,1,-0.0001090868596882455,3.724,1.5959999999986394,0.003
b15_C,_7076_,NAND2,0,1,2,0,31,1,0,-2.66592427617951e-05,1.33,0.5320000000001528,0.003
b15_C,_7077_,NAND2,0,0,2,1,29,2,1,-1.4632516703860787e-05,1.33,0.5320000000001528,0.003
b15_C,_7078_,NAND2,0,0,2,1,30,2,1,0.0,1.33,0.5320000000001528,0.003
b15_C,_7079_,AOI222,0,1,6,1,30,2,1,-0.0001393541202674431,3.724,1.5959999999986394,0.003
b15_C,_7080_,NAND3,0,1,3,0,31,1,0,-3.178173719353694e-05,1.862,0.797999999998865,0.003
b15_C,_7081_,NAND2,0,0,2,1,29,2,1,-1.4632516703860787e-05,1.33,0.5320000000001528,0.003
b15_C,_7082_,BUF,0,0,1,10,25,3,20,-4.120267260554478e-05,1.064,0.26599999999962165,0.003
b15_C,_7083_,NAND2,0,0,2,1,31,2,1,-8.50779509997679e-06,1.33,0.5320000000001528,0.003
b15_C,_7084_,AOI222,0,1,6,1,31,2,1,-9.732739420931225e-05,3.724,1.5959999999986394,0.003
b15_C,_7085_,NAND3,0,1,3,0,32,1,0,-3.204899777298209e-05,1.862,0.797999999998865,0.003
b15_C,_7086_,NAND2,0,0,2,1,29,2,1,-1.4632516703860787e-05,1.33,0.5320000000001528,0.003
b15_C,_7087_,NAND2,0,0,2,1,31,2,1,-6.837416480998115e-06,1.33,0.5320000000001528,0.003
b15_C,_7088_,AOI222,0,1,6,1,31,2,1,-0.00018316258351891435,3.724,1.5959999999986394,0.003
b15_C,_7089_,NAND3,0,1,3,0,32,1,0,-3.204899777298209e-05,1.862,0.797999999998865,0.003
b15_C,_7090_,NAND2,0,0,2,1,29,2,1,-1.4632516703860787e-05,1.33,0.5320000000001528,0.003
b15_C,_7091_,NAND2,0,0,2,1,30,2,1,-2.6525612472072524e-05,1.33,0.5320000000001528,0.003
b15_C,_7092_,AOI222,0,1,6,1,30,2,1,-5.407572383075987e-05,3.724,1.5959999999986394,0.003
b15_C,_7093_,NAND3,0,1,3,0,31,1,0,-3.204899777298209e-05,1.862,0.797999999998865,0.003
b15_C,_7094_,NAND2,0,0,2,1,29,2,1,-1.4632516703860787e-05,1.33,0.5320000000001528,0.003
b15_C,_7095_,NAND2,0,0,2,1,30,2,1,0.0,1.33,0.5320000000001528,0.003
b15_C,_7096_,AOI222,0,1,6,1,31,2,1,-0.00011579064587952104,3.724,1.5959999999986394,0.003
b15_C,_7097_,NAND3,0,1,3,0,32,1,0,-3.204899777298209e-05,1.862,0.797999999998865,0.003
b15_C,_7098_,NAND2,0,0,2,1,29,2,1,-1.4632516703860787e-05,1.33,0.5320000000001528,0.003
b15_C,_7099_,NAND2,0,0,2,1,30,2,1,0.0,1.33,0.5320000000001528,0.003
b15_C,_7100_,AOI222,0,1,6,1,30,2,1,-5.5790645879572054e-05,3.724,1.5959999999986394,0.003
b15_C,_7101_,NAND3,0,1,3,0,31,1,0,-3.204899777298209e-05,1.862,0.797999999998865,0.003
b15_C,_7102_,NAND2,0,0,2,1,29,2,1,-1.4632516703860787e-05,1.33,0.5320000000001528,0.003
b15_C,_7103_,NAND2,0,0,2,1,31,2,1,-1.0534521157845589e-05,1.33,0.5320000000001528,0.003
b15_C,_7104_,AOI222,0,1,6,1,31,2,1,-8.000000000008001e-05,3.724,1.5959999999986394,0.003
b15_C,_7105_,NAND3,0,1,3,0,32,1,0,-3.204899777298209e-05,1.862,0.797999999998865,0.003
b15_C,_7106_,AND2,0,4,2,1,23,7,49,-4.42316258348896e-05,1.33,0.26599999999962165,0.003
b15_C,_7107_,BUF,0,4,1,9,24,6,48,7.824053452143431e-05,1.064,0.26599999999962165,0.003
b15_C,_7108_,BUF,0,4,1,10,25,3,20,7.99554565702465e-05,1.064,0.26599999999962165,0.003
b15_C,_7109_,AOI22,0,1,4,1,31,2,1,-7.937639198196678e-05,2.394,1.063999999999396,0.003
b15_C,_7110_,NOR3,0,0,3,9,3,6,24,7.750556793029162e-06,1.862,0.797999999998865,0.003
b15_C,_7111_,AOI21,0,0,3,2,19,5,21,-1.8708240532294695e-06,1.862,0.797999999998865,0.003
b15_C,_7112_,NOR2,0,0,2,1,26,5,18,-0.0001648997772827343,1.33,0.5320000000001528,0.003
b15_C,_7113_,OAI21,0,0,3,1,27,4,17,-1.403118040199658e-06,1.862,0.797999999998865,0.003
b15_C,_7114_,OAI21,0,0,3,1,7,4,17,0.0,1.862,0.797999999998865,0.003
b15_C,_7115_,NAND3,0,0,3,8,28,3,16,-8.75278396428314e-06,1.862,0.797999999998865,0.003
b15_C,_7116_,AND2,0,0,2,1,23,4,17,-6.93318485522898e-05,1.33,0.26599999999962165,0.003
b15_C,_7118_,AOI222,0,0,6,1,29,2,1,-3.9643652562926235e-06,3.724,1.5959999999986394,0.003
b15_C,_7119_,NAND2,0,1,2,0,32,1,0,-6.592427616691765e-06,1.33,0.5320000000001528,0.003
b15_C,_7120_,AOI22,0,1,4,1,30,2,1,-3.6035634743525335e-05,2.394,1.063999999999396,0.003
b15_C,_7121_,AOI222,0,0,6,1,29,2,1,-3.9643652562926235e-06,3.724,1.5959999999986394,0.003
b15_C,_7122_,NAND2,0,1,2,0,31,1,0,-6.592427616691765e-06,1.33,0.5320000000001528,0.003
b15_C,_7123_,AOI22,0,0,4,1,27,2,1,-3.2962138083458825e-06,2.394,1.063999999999396,0.003
b15_C,_7124_,AOI222,0,1,6,1,31,2,1,-0.00017590200445427584,3.724,1.5959999999986394,0.003
b15_C,_7125_,NAND2,0,1,2,0,32,1,0,-1.1514476614404856e-05,1.33,0.5320000000001528,0.003
b15_C,_7126_,AOI22,0,1,4,1,31,2,1,-8.962138084633864e-05,2.394,1.063999999999396,0.003
b15_C,_7127_,AOI222,0,0,6,1,30,2,1,-9.721603563472847e-05,3.724,1.5959999999986394,0.003
b15_C,_7128_,NAND2,0,1,2,0,32,1,0,-5.322939866214682e-06,1.33,0.5320000000001528,0.003
b15_C,_7129_,AOI22,0,1,4,1,30,2,1,-6.90645879730667e-05,2.394,1.063999999999396,0.003
b15_C,_7130_,AOI222,0,0,6,1,29,2,1,-3.9643652562926235e-06,3.724,1.5959999999986394,0.003
b15_C,_7131_,NAND2,0,1,2,0,31,1,0,-6.592427616691765e-06,1.33,0.5320000000001528,0.003
b15_C,_7132_,AOI22,0,1,4,1,31,2,1,-9.316258351876883e-05,2.394,1.063999999999396,0.003
b15_C,_7133_,AOI222,0,0,6,1,29,2,1,-3.9643652562926235e-06,3.724,1.5959999999986394,0.003
b15_C,_7134_,NAND2,0,1,2,0,32,1,0,-8.351893095559504e-06,1.33,0.5320000000001528,0.003
b15_C,_7135_,AOI22,0,1,4,1,30,2,1,-3.8173719376199955e-05,2.394,1.063999999999396,0.003
b15_C,_7136_,AOI222,0,0,6,1,29,2,1,-9.37416481068265e-05,3.724,1.5959999999986394,0.003
b15_C,_7137_,NAND2,0,1,2,0,31,1,0,-6.302895322773949e-06,1.33,0.5320000000001528,0.003
b15_C,_7138_,AOI22,0,1,4,1,31,2,1,-1.8240534521263285e-05,2.394,1.063999999999396,0.003
b15_C,_7139_,AOI222,0,0,6,1,31,2,1,-6.688195991078061e-05,3.724,1.5959999999986394,0.003
b15_C,_7140_,NAND2,0,1,2,0,32,1,0,-7.639198218223342e-06,1.33,0.5320000000001528,0.003
b15_C,_7141_,NAND3,0,0,3,5,2,7,61,4.6770601369594544e-07,1.862,0.797999999998865,0.003
b15_C,_7142_,NOR2,0,0,2,9,3,6,27,-2.227171491675506e-07,1.33,0.5320000000001528,0.003
b15_C,_7143_,AOI21,0,0,3,2,19,5,26,0.0,1.862,0.797999999998865,0.003
b15_C,_7144_,NAND2,0,21,2,4,22,7,102,-0.0008225835189308306,1.33,0.5320000000001528,0.00301
b15_C,_7145_,NOR2,0,9,2,9,23,6,53,-5.96213808461421e-05,1.33,0.5320000000001528,0.003
b15_C,_7146_,NOR3,0,1,3,1,26,5,18,-0.0002687973273940436,1.862,0.797999999998865,0.003
b15_C,_7147_,OAI21,0,1,3,1,27,4,17,-1.3140311800885485e-06,1.862,0.797999999998865,0.003
b15_C,_7148_,OAI21,0,0,3,1,5,4,17,-8.351893095781548e-06,1.862,0.797999999998865,0.003
b15_C,_7149_,OAI21,0,0,3,1,3,4,17,-2.227171491675506e-07,1.862,0.797999999998865,0.003
b15_C,_7150_,NAND4,0,1,4,8,28,3,16,4.048997772843066e-05,2.394,1.063999999999396,0.003
b15_C,_7151_,NAND2,0,0,2,1,29,2,1,-2.0089086859576e-05,1.33,0.5320000000001528,0.003
b15_C,_7152_,BUF,0,1,1,10,24,3,20,-7.948775055655055e-05,1.064,0.26599999999962165,0.003
b15_C,_7153_,NAND2,0,0,2,1,30,2,1,-1.6191536748255686e-05,1.33,0.5320000000001528,0.003
b15_C,_7154_,OAI21,0,7,3,1,25,5,18,-0.00018138084632512985,1.862,0.797999999998865,0.003
b15_C,_7155_,INV,0,7,1,1,26,4,17,-5.1603563474333924e-05,0.798,0.26599999999962165,0.003
b15_C,_7157_,AOI222,0,1,6,1,31,2,1,-0.00014222717149214859,3.724,1.5959999999986394,0.003
b15_C,_7158_,NAND3,0,1,3,0,32,1,0,-3.178173719353694e-05,1.862,0.797999999998865,0.003
b15_C,_7159_,NAND2,0,0,2,1,29,2,1,-2.0089086859576e-05,1.33,0.5320000000001528,0.003
b15_C,_7160_,NAND2,0,0,2,1,30,2,1,-9.977728284926712e-06,1.33,0.5320000000001528,0.003
b15_C,_7161_,AOI222,0,1,6,1,30,2,1,-9.614699331828014e-05,3.724,1.5959999999986394,0.003
b15_C,_7162_,NAND3,0,1,3,0,31,1,0,-3.2004454342926536e-05,1.862,0.797999999998865,0.003
b15_C,_7163_,AOI22,0,0,4,1,31,2,1,-0.00011349665924265118,2.394,1.063999999999396,0.003
b15_C,_7164_,AOI222,0,1,6,1,29,2,1,-6.385300668143579e-05,3.724,1.5959999999986394,0.003
b15_C,_7165_,NAND2,0,1,2,0,32,1,0,-2.6146993318265643e-05,1.33,0.5320000000001528,0.003
b15_C,_7166_,NAND2,0,0,2,1,29,2,1,-2.0089086859576e-05,1.33,0.5320000000001528,0.003
b15_C,_7167_,NAND2,0,0,2,1,31,2,1,-5.4743875278484566e-05,1.33,0.5320000000001528,0.003
b15_C,_7168_,AOI222,0,1,6,1,31,2,1,-0.00011073496659230742,3.724,1.5959999999986394,0.003
b15_C,_7169_,NAND3,0,1,3,0,32,1,0,-3.2004454342926536e-05,1.862,0.797999999998865,0.003
b15_C,_7170_,NAND2,0,0,2,1,29,2,1,-2.0089086859576e-05,1.33,0.5320000000001528,0.003
b15_C,_7171_,NAND2,0,0,2,1,30,2,1,-3.650334075722128e-05,1.33,0.5320000000001528,0.003
b15_C,_7172_,AOI222,0,1,6,1,30,2,1,-0.00010347438752789095,3.724,1.5959999999986394,0.003
b15_C,_7173_,NAND3,0,1,3,0,31,1,0,-3.2004454342926536e-05,1.862,0.797999999998865,0.003
b15_C,_7174_,NAND2,0,0,2,1,29,2,1,-2.0089086859576e-05,1.33,0.5320000000001528,0.003
b15_C,_7175_,NAND2,0,0,2,1,31,2,1,-0.00011213808463250707,1.33,0.5320000000001528,0.003
b15_C,_7176_,AOI222,0,1,6,1,30,2,1,-0.000227483296213693,3.724,1.5959999999986394,0.003
b15_C,_7177_,NAND3,0,1,3,0,32,1,0,-3.1759465478620186e-05,1.862,0.797999999998865,0.003
b15_C,_7178_,NAND2,0,0,2,1,29,2,1,-2.0089086859576e-05,1.33,0.5320000000001528,0.003
b15_C,_7179_,NAND2,0,0,2,1,30,2,1,-9.977728284926712e-06,1.33,0.5320000000001528,0.003
b15_C,_7180_,AOI222,0,1,6,1,30,2,1,-0.00010518930957670314,3.724,1.5959999999986394,0.003
b15_C,_7181_,NAND3,0,1,3,0,31,1,0,-3.2004454342926536e-05,1.862,0.797999999998865,0.003
b15_C,_7182_,NAND2,0,0,2,1,29,2,1,-2.0089086859576e-05,1.33,0.5320000000001528,0.003
b15_C,_7183_,NAND2,0,0,2,1,31,2,1,-2.0512249442994346e-05,1.33,0.5320000000001528,0.003
b15_C,_7184_,AOI222,0,1,6,1,31,2,1,-0.00012939866369698905,3.724,1.5959999999986394,0.003
b15_C,_7185_,NAND3,0,1,3,0,32,1,0,-3.2004454342926536e-05,1.862,0.797999999998865,0.003
b15_C,_7186_,NAND2,0,0,2,1,7,4,17,-2.227171491675506e-07,1.33,0.5320000000001528,0.003
b15_C,_7187_,AOI21,0,0,3,1,28,4,17,-0.00044440979955440163,1.862,0.797999999998865,0.003
b15_C,_7188_,NOR2,0,0,2,9,3,6,30,-2.227171491675506e-07,1.33,0.5320000000001528,0.003
b15_C,_7189_,AOI21,0,0,3,2,19,5,27,-1.113585745837753e-07,1.862,0.797999999998865,0.003
b15_C,_7190_,INV,0,0,1,1,20,4,17,0.0,0.798,0.26599999999962165,0.003
b15_C,_7191_,OAI211,0,0,4,8,29,3,16,1.2249443206435728e-06,2.394,1.063999999999396,0.003
b15_C,_7192_,NAND2,0,0,2,1,30,2,1,-5.033407572296866e-06,1.33,0.5320000000001528,0.003
b15_C,_7193_,NAND2,0,0,2,1,27,2,1,-5.122494428633217e-07,1.33,0.5320000000001528,0.003
b15_C,_7194_,OAI21,0,1,3,1,23,4,17,-0.0002358351893096966,1.862,0.797999999998865,0.003
b15_C,_7195_,OAI22,0,1,4,8,24,3,16,4.899777286127005e-07,2.394,1.063999999999396,0.003
b15_C,_7196_,NOR2,0,11,2,9,23,6,48,0.0003993986636969815,1.33,0.5320000000001528,0.00301
b15_C,_7197_,AOI222,0,1,6,1,30,2,1,-0.0004449888641424593,3.724,1.5959999999986394,0.003
b15_C,_7198_,NAND3,0,1,3,0,31,1,0,-3.124721603553482e-05,1.862,0.797999999998865,0.003
b15_C,_7199_,BUF,0,2,1,10,24,3,20,-3.5478841870828504e-05,1.064,0.26599999999962165,0.003
b15_C,_7200_,AOI222,0,1,6,1,30,2,1,-0.00019525612472137688,3.724,1.5959999999986394,0.003
b15_C,_7201_,AOI22,0,0,4,1,27,2,1,-9.487750556758101e-06,2.394,1.063999999999396,0.003
b15_C,_7202_,NAND2,0,1,2,0,31,1,0,-5.322939866436727e-06,1.33,0.5320000000001528,0.003
b15_C,_7203_,AOI222,0,1,6,1,31,2,1,-0.00021690423162556982,3.724,1.5959999999986394,0.003
b15_C,_7204_,AOI22,0,0,4,1,31,2,1,-4.209354120265907e-05,2.394,1.063999999999396,0.003
b15_C,_7205_,NAND2,0,1,2,0,32,1,0,-6.85968819591487e-06,1.33,0.5320000000001528,0.003
b15_C,_7206_,NAND2,0,0,2,1,30,2,1,-5.033407572296866e-06,1.33,0.5320000000001528,0.003
b15_C,_7207_,NAND2,0,1,2,1,31,2,1,-2.6948775053714513e-06,1.33,0.5320000000001528,0.003
b15_C,_7208_,AOI222,0,0,6,1,30,2,1,-0.00027596881959923714,3.724,1.5959999999986394,0.003
b15_C,_7209_,NAND3,0,1,3,0,32,1,0,-1.2271714922018617e-05,1.862,0.797999999998865,0.003
b15_C,_7210_,AOI222,0,1,6,1,30,2,1,-5.9287305122390777e-05,3.724,1.5959999999986394,0.003
b15_C,_7211_,AOI22,0,0,4,1,30,2,1,-1.8953229398377403e-05,2.394,1.063999999999396,0.003
b15_C,_7212_,NAND2,0,1,2,0,31,1,0,-5.322939866436727e-06,1.33,0.5320000000001528,0.003
b15_C,_7213_,NAND2,0,0,2,1,30,2,1,-5.033407572296866e-06,1.33,0.5320000000001528,0.003
b15_C,_7214_,NAND2,0,1,2,1,31,2,1,-6.013363028967156e-05,1.33,0.5320000000001528,0.003
b15_C,_7215_,AOI222,0,0,6,1,29,2,1,-0.0002179510022271014,3.724,1.5959999999986394,0.003
b15_C,_7216_,NAND3,0,1,3,0,32,1,0,-1.345211581282868e-05,1.862,0.797999999998865,0.003
b15_C,_7217_,NAND2,0,0,2,1,30,2,1,-5.033407572296866e-06,1.33,0.5320000000001528,0.003
b15_C,_7218_,NAND2,0,0,2,1,26,2,1,-1.0645879732651409e-05,1.33,0.5320000000001528,0.003
b15_C,_7219_,AOI222,0,1,6,1,30,2,1,-0.00037775055679278857,3.724,1.5959999999986394,0.003
b15_C,_7220_,NAND3,0,1,3,0,31,1,0,-1.2806236080020739e-05,1.862,0.797999999998865,0.003
b15_C,_7221_,AOI222,0,1,6,1,31,2,1,-0.00023017817371906446,3.724,1.5959999999986394,0.003
b15_C,_7222_,AOI22,0,0,4,1,27,2,1,-9.487750556758101e-06,2.394,1.063999999999396,0.003
b15_C,_7223_,NAND2,0,1,2,0,32,1,0,-6.837416480998115e-06,1.33,0.5320000000001528,0.003
b15_C,_7224_,NOR2,0,0,2,9,3,6,31,-4.454342983351012e-08,1.33,0.5320000000001528,0.003
b15_C,_7225_,NOR2,0,0,2,4,17,6,105,0.0,1.33,0.5320000000001528,0.00301
b15_C,_7226_,AOI21,0,0,3,2,18,5,27,0.0,1.862,0.797999999998865,0.003
b15_C,_7227_,AND2,0,16,2,5,22,7,94,-0.00020167037861895665,1.33,0.26599999999962165,0.00301
b15_C,_7228_,AND2,0,0,2,5,23,6,49,-7.710467706001367e-05,1.33,0.26599999999962165,0.003
b15_C,_7229_,NOR3,0,0,3,1,26,5,18,-0.0002597772828507594,1.862,0.797999999998865,0.003
b15_C,_7230_,OAI21,0,0,3,1,27,4,17,-1.403118040199658e-06,1.862,0.797999999998865,0.003
b15_C,_7231_,NAND2,0,0,2,2,4,5,27,0.0,1.33,0.5320000000001528,0.003
b15_C,_7232_,OAI21,0,0,3,1,5,4,17,-1.530066815136344e-05,1.862,0.797999999998865,0.003
b15_C,_7233_,OAI21,0,0,3,1,3,4,17,-4.454342983351012e-08,1.862,0.797999999998865,0.003
b15_C,_7234_,NAND4,0,0,4,8,28,3,16,-1.113585745837753e-06,2.394,1.063999999999396,0.003
b15_C,_7235_,NAND2,0,0,2,1,29,2,1,0.0,1.33,0.5320000000001528,0.003
b15_C,_7236_,NAND2,0,0,2,1,31,2,1,-6.327394209360016e-05,1.33,0.5320000000001528,0.003
b15_C,_7237_,BUF,0,0,1,10,24,3,20,0.0,1.064,0.26599999999962165,0.003
b15_C,_7238_,OAI21,0,8,3,1,24,5,18,-0.00012565701559030806,1.862,0.797999999998865,0.003
b15_C,_7239_,INV,0,8,1,1,25,4,17,-6.837416481086933e-05,0.798,0.26599999999962165,0.003
b15_C,_7241_,AOI222,0,1,6,1,30,2,1,-7.895322939854843e-05,3.724,1.5959999999986394,0.003
b15_C,_7242_,NAND3,0,1,3,0,32,1,0,-3.1759465478620186e-05,1.862,0.797999999998865,0.003
b15_C,_7243_,NAND2,0,0,2,1,29,2,1,0.0,1.33,0.5320000000001528,0.003
b15_C,_7244_,AOI222,0,1,6,1,30,2,1,-8.289532293970225e-05,3.724,1.5959999999986394,0.003
b15_C,_7245_,NAND2,0,0,2,4,23,2,4,-0.00018300668151427502,1.33,0.5320000000001528,0.00301
b15_C,_7246_,OAI211,0,1,4,0,31,1,0,-2.641425389748875e-05,2.394,1.063999999999396,0.003
b15_C,_7247_,NAND2,0,0,2,1,29,2,1,0.0,1.33,0.5320000000001528,0.003
b15_C,_7248_,AOI222,0,1,6,1,30,2,1,-0.00014053452115780907,3.724,1.5959999999986394,0.003
b15_C,_7249_,OAI211,0,1,4,0,31,1,0,-2.6436525612627548e-05,2.394,1.063999999999396,0.003
b15_C,_7250_,NAND2,0,0,2,1,29,2,1,0.0,1.33,0.5320000000001528,0.003
b15_C,_7251_,NAND2,0,0,2,1,27,2,1,0.0,1.33,0.5320000000001528,0.003
b15_C,_7252_,AOI222,0,1,6,1,31,2,1,-0.0001477060133630026,3.724,1.5959999999986394,0.003
b15_C,_7253_,NAND3,0,1,3,0,32,1,0,-3.200445434270449e-05,1.862,0.797999999998865,0.003
b15_C,_7254_,NAND2,0,0,2,1,29,2,1,0.0,1.33,0.5320000000001528,0.003
b15_C,_7255_,NAND2,0,0,2,1,27,2,1,0.0,1.33,0.5320000000001528,0.003
b15_C,_7256_,AOI222,0,1,6,1,30,2,1,-0.00012129175946506976,3.724,1.5959999999986394,0.003
b15_C,_7257_,NAND3,0,1,3,0,31,1,0,-3.200445434270449e-05,1.862,0.797999999998865,0.003
b15_C,_7258_,NAND2,0,0,2,1,29,2,1,0.0,1.33,0.5320000000001528,0.003
b15_C,_7259_,AOI222,0,1,6,1,30,2,1,-0.00034790645879723137,3.724,1.5959999999986394,0.003
b15_C,_7260_,OAI211,0,1,4,0,31,1,0,-2.6436525612627548e-05,2.394,1.063999999999396,0.003
b15_C,_7261_,NAND2,0,0,2,1,29,2,1,0.0,1.33,0.5320000000001528,0.003
b15_C,_7262_,NAND2,0,0,2,1,27,2,1,0.0,1.33,0.5320000000001528,0.003
b15_C,_7263_,AOI222,0,1,6,1,30,2,1,-8.51447661467386e-05,3.724,1.5959999999986394,0.003
b15_C,_7264_,NAND3,0,1,3,0,31,1,0,-3.200445434270449e-05,1.862,0.797999999998865,0.003
b15_C,_7265_,NAND2,0,0,2,1,29,2,1,0.0,1.33,0.5320000000001528,0.003
b15_C,_7266_,AOI222,0,1,6,1,31,2,1,-0.00029661469933195406,3.724,1.5959999999986394,0.003
b15_C,_7267_,OAI211,0,1,4,0,32,1,0,-2.6436525612627548e-05,2.394,1.063999999999396,0.003
b15_C,_7268_,NOR3,0,0,3,9,3,6,29,-8.908685944497563e-08,1.862,0.797999999998865,0.003
b15_C,_7269_,AOI21,0,0,3,2,18,5,26,0.0,1.862,0.797999999998865,0.003
b15_C,_7270_,AND2,0,1,2,1,23,4,17,-7.022271714918205e-05,1.33,0.26599999999962165,0.003
b15_C,_7272_,NAND2,0,0,2,1,26,2,1,-3.260579064567892e-05,1.33,0.5320000000001528,0.003
b15_C,_7273_,NOR2,0,7,2,1,25,5,18,-0.0001540534521158321,1.33,0.5320000000001528,0.003
b15_C,_7274_,OAI21,0,7,3,1,26,4,17,2.8062360801772712e-05,1.862,0.797999999998865,0.003
b15_C,_7275_,OAI21,0,0,3,1,7,4,17,-2.227171491675506e-08,1.862,0.797999999998865,0.003
b15_C,_7276_,NAND3,0,7,3,8,27,3,16,0.00015187082405332397,1.862,0.797999999998865,0.003
b15_C,_7277_,AOI222,0,1,6,1,31,2,1,-0.00012066815144762266,3.724,1.5959999999986394,0.003
b15_C,_7278_,NAND2,0,8,2,9,23,6,40,0.00010683741648120915,1.33,0.5320000000001528,0.00301
b15_C,_7279_,CLKBUF,0,0,1,10,24,2,10,-2.6481069042239014e-05,1.064,0.26599999999962165,0.003
b15_C,_7280_,OAI211,0,1,4,0,32,1,0,-2.6191536748321198e-05,2.394,1.063999999999396,0.003
b15_C,_7281_,NAND2,0,0,2,1,26,2,1,-3.260579064567892e-05,1.33,0.5320000000001528,0.003
b15_C,_7282_,AOI222,0,1,6,1,29,2,1,-7.017817371934854e-05,3.724,1.5959999999986394,0.003
b15_C,_7283_,OAI211,0,1,4,0,30,1,0,-2.634743875251644e-05,2.394,1.063999999999396,0.003
b15_C,_7284_,NAND2,0,0,2,1,26,2,1,-3.260579064567892e-05,1.33,0.5320000000001528,0.003
b15_C,_7285_,AOI222,0,1,6,1,30,2,1,-0.00012781737193745535,3.724,1.5959999999986394,0.003
b15_C,_7286_,OAI211,0,1,4,0,31,1,0,-2.634743875251644e-05,2.394,1.063999999999396,0.003
b15_C,_7287_,NAND2,0,0,2,1,26,2,1,-3.260579064567892e-05,1.33,0.5320000000001528,0.003
b15_C,_7288_,AOI222,0,1,6,1,30,2,1,-7.806236080165618e-05,3.724,1.5959999999986394,0.003
b15_C,_7289_,OAI211,0,1,4,0,31,1,0,-2.634743875251644e-05,2.394,1.063999999999396,0.003
b15_C,_7290_,AOI22,0,0,4,1,29,4,3,0.0,2.394,1.063999999999396,0.003
b15_C,_7291_,OAI21,0,0,3,1,30,3,2,-6.104677060125852e-05,1.862,0.797999999998865,0.003
b15_C,_7292_,AOI221,0,1,5,1,31,2,1,-0.00010262806236083222,2.926,1.3299999999990177,0.003
b15_C,_7293_,INV,0,1,1,0,32,1,0,-1.1714922048877696e-05,0.798,0.26599999999962165,0.003
b15_C,_7294_,NAND2,0,0,2,1,27,2,1,-3.260579064567892e-05,1.33,0.5320000000001528,0.003
b15_C,_7295_,AOI222,0,1,6,1,30,2,1,-0.0001387082405344131,3.724,1.5959999999986394,0.003
b15_C,_7296_,OAI211,0,1,4,0,31,1,0,-2.634743875251644e-05,2.394,1.063999999999396,0.003
b15_C,_7297_,NAND2,0,0,2,1,26,2,1,-3.260579064567892e-05,1.33,0.5320000000001528,0.003
b15_C,_7298_,AOI222,0,1,6,1,30,2,1,-7.187082405324396e-05,3.724,1.5959999999986394,0.003
b15_C,_7299_,OAI211,0,1,4,0,31,1,0,-2.634743875251644e-05,2.394,1.063999999999396,0.003
b15_C,_7300_,NAND2,0,0,2,1,26,2,1,-3.260579064567892e-05,1.33,0.5320000000001528,0.003
b15_C,_7301_,AOI222,0,1,6,1,31,2,1,-9.608017817375192e-05,3.724,1.5959999999986394,0.003
b15_C,_7302_,OAI211,0,1,4,0,32,1,0,-2.634743875251644e-05,2.394,1.063999999999396,0.003
b15_C,_7303_,NAND3,0,0,3,4,2,7,59,0.0,1.862,0.797999999998865,0.003
b15_C,_7304_,NOR2,0,0,2,9,3,6,32,0.0,1.33,0.5320000000001528,0.003
b15_C,_7305_,AOI21,0,0,3,2,18,5,23,0.0,1.862,0.797999999998865,0.003
b15_C,_7306_,NAND3,0,0,3,5,22,6,28,-0.0012285077951001977,1.862,0.797999999998865,0.00301
b15_C,_7307_,AND3,0,4,3,1,27,5,18,-0.0005763919821826224,1.596,0.26599999999962165,0.003
b15_C,_7308_,OAI21,0,4,3,1,28,4,17,9.042316258200955e-06,1.862,0.797999999998865,0.003
b15_C,_7309_,OAI21,0,0,3,1,4,4,17,-9.443207126924591e-06,1.862,0.797999999998865,0.003
b15_C,_7310_,OAI21,0,0,3,1,3,4,17,0.0,1.862,0.797999999998865,0.003
b15_C,_7311_,NAND4,0,4,4,8,29,3,16,0.00016423162583523165,2.394,1.063999999999396,0.003
b15_C,_7312_,NAND2,0,0,2,1,30,2,1,-7.946547884185584e-05,1.33,0.5320000000001528,0.003
b15_C,_7313_,NOR2,0,0,2,4,23,5,29,-0.00019585746102457335,1.33,0.5320000000001528,0.003
b15_C,_7314_,BUF,0,0,1,10,24,3,20,2.6280623608432307e-06,1.064,0.26599999999962165,0.003
b15_C,_7315_,AOI21,0,4,3,1,24,4,17,-2.086859688188447e-05,1.862,0.797999999998865,0.003
b15_C,_7317_,AOI222,0,1,6,1,29,2,1,-4.077951002212643e-05,3.724,1.5959999999986394,0.003
b15_C,_7318_,OAI211,0,1,4,0,31,1,0,-2.6213808463237953e-05,2.394,1.063999999999396,0.003
b15_C,_7319_,NAND2,0,0,2,1,26,4,3,-2.227171491675506e-08,1.33,0.5320000000001528,0.003
b15_C,_7320_,OAI221,0,0,5,1,29,3,2,-8.320712694898091e-05,2.926,1.3299999999990177,0.003
b15_C,_7321_,AOI221,0,1,5,1,30,2,1,-9.888641425392919e-05,2.926,1.3299999999990177,0.003
b15_C,_7322_,INV,0,1,1,0,31,1,0,-2.064587973271692e-05,0.798,0.26599999999962165,0.003
b15_C,_7323_,NAND2,0,0,2,1,26,4,3,0.0,1.33,0.5320000000001528,0.003
b15_C,_7324_,OAI221,0,0,5,1,30,3,2,-8.320712694898091e-05,2.926,1.3299999999990177,0.003
b15_C,_7325_,AOI221,0,1,5,1,31,2,1,-9.888641425392919e-05,2.926,1.3299999999990177,0.003
b15_C,_7326_,INV,0,1,1,0,32,1,0,-2.064587973271692e-05,0.798,0.26599999999962165,0.003
b15_C,_7327_,NAND2,0,0,2,1,30,2,1,-7.946547884185584e-05,1.33,0.5320000000001528,0.003
b15_C,_7328_,AOI222,0,1,6,1,30,2,1,-8.20267260579488e-05,3.724,1.5959999999986394,0.003
b15_C,_7329_,OAI211,0,1,4,0,31,1,0,-2.641425389748875e-05,2.394,1.063999999999396,0.003
b15_C,_7330_,AOI22,0,0,4,1,29,4,3,-3.8619153674535056e-05,2.394,1.063999999999396,0.003
b15_C,_7331_,OAI21,0,0,3,1,30,3,2,-6.104677060125852e-05,1.862,0.797999999998865,0.003
b15_C,_7332_,AOI221,0,1,5,1,31,2,1,-9.888641425392919e-05,2.926,1.3299999999990177,0.003
b15_C,_7333_,INV,0,1,1,0,32,1,0,-2.064587973271692e-05,0.798,0.26599999999962165,0.003
b15_C,_7334_,NAND2,0,0,2,1,30,2,1,-7.946547884185584e-05,1.33,0.5320000000001528,0.003
b15_C,_7335_,AOI222,0,1,6,1,29,2,1,-2.9510022271583836e-05,3.724,1.5959999999986394,0.003
b15_C,_7336_,OAI211,0,1,4,0,31,1,0,-2.6213808463237953e-05,2.394,1.063999999999396,0.003
b15_C,_7337_,NAND2,0,0,2,1,26,4,3,0.0,1.33,0.5320000000001528,0.003
b15_C,_7338_,OAI221,0,0,5,1,30,3,2,-8.320712694898091e-05,2.926,1.3299999999990177,0.003
b15_C,_7339_,AOI221,0,1,5,1,31,2,1,-9.888641425392919e-05,2.926,1.3299999999990177,0.003
b15_C,_7340_,INV,0,1,1,0,32,1,0,-2.064587973271692e-05,0.798,0.26599999999962165,0.003
b15_C,_7341_,NAND2,0,0,2,1,30,2,1,-7.946547884185584e-05,1.33,0.5320000000001528,0.003
b15_C,_7342_,AOI222,0,1,6,1,30,2,1,-5.0200445434134267e-05,3.724,1.5959999999986394,0.003
b15_C,_7343_,OAI211,0,1,4,0,31,1,0,-0.0001081959910911312,2.394,1.063999999999396,0.003
b15_C,_7344_,AOI22,0,0,4,1,4,4,17,-1.118040089065353e-05,2.394,1.063999999999396,0.003
b15_C,_7345_,AOI21,0,2,3,1,28,4,17,-0.00033249443207128415,1.862,0.797999999998865,0.003
b15_C,_7346_,AOI21,0,0,3,2,18,5,25,0.0,1.862,0.797999999998865,0.003
b15_C,_7347_,INV,0,0,1,1,19,4,17,0.0,0.798,0.26599999999962165,0.003
b15_C,_7348_,OAI211,0,2,4,8,29,3,16,4.567928730514481e-05,2.394,1.063999999999396,0.003
b15_C,_7349_,AOI22,0,0,4,1,30,2,1,-3.697104677047314e-05,2.394,1.063999999999396,0.003
b15_C,_7350_,OAI21,0,0,3,1,23,4,17,-0.00014648106904213698,1.862,0.797999999998865,0.003
b15_C,_7351_,OAI22,0,0,4,8,24,3,16,8.173719376447508e-06,2.394,1.063999999999396,0.003
b15_C,_7352_,AOI222,0,1,6,1,31,2,1,-5.6770601336353366e-05,3.724,1.5959999999986394,0.003
b15_C,_7353_,NAND2,0,1,2,0,32,1,0,-7.661469933140097e-06,1.33,0.5320000000001528,0.003
b15_C,_7354_,AOI22,0,0,4,1,27,2,1,-2.16035634736933e-06,2.394,1.063999999999396,0.003
b15_C,_7355_,AOI222,0,1,6,1,30,2,1,-4.3118040089051846e-05,3.724,1.5959999999986394,0.003
b15_C,_7356_,NAND2,0,1,2,0,31,1,0,-9.554565701286322e-06,1.33,0.5320000000001528,0.003
b15_C,_7357_,AOI22,0,0,4,1,27,2,1,-2.16035634736933e-06,2.394,1.063999999999396,0.003
b15_C,_7358_,AOI222,0,1,6,1,31,2,1,-0.00029685968819603836,3.724,1.5959999999986394,0.003
b15_C,_7359_,NAND2,0,1,2,0,32,1,0,-2.195991091280547e-05,1.33,0.5320000000001528,0.003
b15_C,_7360_,AOI22,0,0,4,1,30,2,1,-3.697104677047314e-05,2.394,1.063999999999396,0.003
b15_C,_7361_,AOI222,0,1,6,1,31,2,1,-0.00025184855233817416,3.724,1.5959999999986394,0.003
b15_C,_7362_,NAND2,0,1,2,0,32,1,0,-7.639198218223342e-06,1.33,0.5320000000001528,0.003
b15_C,_7363_,AOI22,0,0,4,1,27,2,1,-2.16035634736933e-06,2.394,1.063999999999396,0.003
b15_C,_7364_,AOI222,0,1,6,1,30,2,1,-0.00024532293986623266,3.724,1.5959999999986394,0.003
b15_C,_7365_,NAND2,0,1,2,0,31,1,0,-2.75501113584653e-05,1.33,0.5320000000001528,0.003
b15_C,_7366_,AOI22,0,1,4,1,31,2,1,-8.550111358562873e-05,2.394,1.063999999999396,0.003
b15_C,_7367_,AOI222,0,0,6,1,30,2,1,-3.999999999981796e-05,3.724,1.5959999999986394,0.003
b15_C,_7368_,NAND2,0,1,2,0,32,1,0,-5.679287304882763e-06,1.33,0.5320000000001528,0.003
b15_C,_7369_,AOI22,0,1,4,1,30,2,1,-1.342984409813397e-05,2.394,1.063999999999396,0.003
b15_C,_7370_,AOI222,0,0,6,1,30,2,1,-3.296213808456905e-05,3.724,1.5959999999986394,0.003
b15_C,_7371_,NAND2,0,1,2,0,31,1,0,-2.2873051224836516e-05,1.33,0.5320000000001528,0.003
b15_C,_7372_,AOI22,0,0,4,1,27,2,1,-2.16035634736933e-06,2.394,1.063999999999396,0.003
b15_C,_7373_,AOI222,0,1,6,1,31,2,1,-0.0002612917594653208,3.724,1.5959999999986394,0.003
b15_C,_7374_,NAND2,0,1,2,0,32,1,0,-2.75501113584653e-05,1.33,0.5320000000001528,0.003
b15_C,_7375_,NOR3,0,0,3,1,5,7,11,-6.681514452822057e-08,1.862,0.797999999998865,0.003
b15_C,_7376_,OAI21,0,0,3,1,24,11,15,-0.00021481069042295076,1.862,0.797999999998865,0.003
b15_C,_7377_,NAND2,0,0,2,1,25,10,14,0.0,1.33,0.5320000000001528,0.003
b15_C,_7378_,AOI211,0,3,4,1,26,9,13,-0.000893140311803986,2.394,1.063999999999396,0.003
b15_C,_7379_,OAI211,0,3,4,1,27,8,12,-0.00016877505567913786,2.394,1.063999999999396,0.00301
b15_C,_7380_,AOI22,0,0,4,1,24,8,12,-2.8396436525524038e-05,2.394,1.063999999999396,0.003
b15_C,_7381_,NAND2,0,0,2,1,24,10,14,-5.679287305127012e-05,1.33,0.5320000000001528,0.003
b15_C,_7382_,NOR2,0,0,2,2,25,11,16,-4.899777281686113e-07,1.33,0.5320000000001528,0.003
b15_C,_7383_,NAND2,0,0,2,1,26,10,14,0.0,1.33,0.5320000000001528,0.003
b15_C,_7384_,NOR2,0,0,2,1,26,10,14,0.0,1.33,0.5320000000001528,0.003
b15_C,_7385_,OAI211,0,0,4,1,27,9,13,0.0,2.394,1.063999999999396,0.00301
b15_C,_7386_,OAI221,0,0,5,1,28,8,12,-5.2717149220615767e-05,2.926,1.3299999999990177,0.00301
b15_C,_7387_,AOI21,0,3,3,2,29,7,11,2.273942093555803e-05,1.862,0.797999999998865,0.00301
b15_C,_7388_,AOI21,0,3,3,1,30,6,10,-4.873051224940639e-05,1.862,0.797999999998865,0.003
b15_C,_7389_,NOR4,0,0,4,1,21,6,10,-0.00046180400890838413,2.394,1.063999999999396,0.003
b15_C,_7390_,OR3,0,3,3,3,31,5,9,5.8930957683722696e-05,1.596,0.26599999999962165,0.003
b15_C,_7391_,OAI21,0,1,3,1,32,4,3,-2.1002227171385002e-05,1.862,0.797999999998865,0.003
b15_C,_7392_,NAND2,0,1,2,1,33,3,2,-2.8240534521106753e-05,1.33,0.5320000000001528,0.003
b15_C,_7393_,NOR2,0,0,2,2,28,3,4,-4.879732739415665e-05,1.33,0.5320000000001528,0.003
b15_C,_7394_,NAND2,0,1,2,3,32,3,5,-1.5122494431807354e-05,1.33,0.5320000000001528,0.003
b15_C,_7395_,OAI21,0,1,3,1,34,2,1,-2.280623608008625e-05,1.862,0.797999999998865,0.003
b15_C,_7396_,NOR2,0,1,2,3,5,4,7,-2.037861915371586e-05,1.33,0.5320000000001528,0.003
b15_C,_7397_,AOI21,0,0,3,1,6,2,1,-2.6592427616600744e-05,1.862,0.797999999998865,0.003
b15_C,_7398_,OAI211,0,1,4,0,35,1,0,-7.489977728258879e-05,2.394,1.063999999999396,0.00301
b15_C,_7399_,OAI21,0,0,3,1,3,3,2,-1.835189309584706e-05,1.862,0.797999999998865,0.003
b15_C,_7400_,INV,0,0,1,1,4,2,1,0.0,0.798,0.26599999999962165,0.003
b15_C,_7401_,NAND2,0,0,2,1,6,3,2,-2.501113585728909e-05,1.33,0.5320000000001528,0.003
b15_C,_7402_,AND2,0,1,2,1,32,2,1,-1.109131403098651e-05,1.33,0.26599999999962165,0.003
b15_C,_7403_,OAI221,0,1,5,0,33,1,0,-1.855233852987581e-05,2.926,1.3299999999990177,0.003
b15_C,_7404_,NAND3,0,1,3,1,6,2,1,-1.0066815144593733e-05,1.862,0.797999999998865,0.003
b15_C,_7405_,NAND2,0,0,2,1,5,2,1,-1.7817371911199587e-07,1.33,0.5320000000001528,0.003
b15_C,_7406_,OAI211,0,1,4,0,7,1,0,-7.104677059999176e-06,2.394,1.063999999999396,0.003
b15_C,_7407_,AND2,0,1,2,0,6,1,0,-3.291759465473554e-05,1.33,0.26599999999962165,0.003
b15_C,_7408_,AND2,0,1,2,0,6,1,0,-3.291759465473554e-05,1.33,0.26599999999962165,0.003
b15_C,_7409_,AND2,0,1,2,0,6,1,0,-3.291759465473554e-05,1.33,0.26599999999962165,0.003
b15_C,_7410_,AND2,0,1,2,0,6,1,0,-3.291759465473554e-05,1.33,0.26599999999962165,0.003
b15_C,_7411_,AND2,0,1,2,0,6,1,0,-3.291759465473554e-05,1.33,0.26599999999962165,0.003
b15_C,_7412_,AND2,0,1,2,0,6,1,0,-3.291759465473554e-05,1.33,0.26599999999962165,0.003
b15_C,_7413_,AND2,0,1,2,0,6,1,0,-3.291759465473554e-05,1.33,0.26599999999962165,0.003
b15_C,_7414_,AND2,0,1,2,0,6,1,0,-3.291759465473554e-05,1.33,0.26599999999962165,0.003
b15_C,_7415_,BUF,0,10,1,10,5,2,10,0.00016253897550133622,1.064,0.26599999999962165,0.003
b15_C,_7416_,AND2,0,1,2,0,6,1,0,-4.289532293966225e-05,1.33,0.26599999999962165,0.003
b15_C,_7417_,AND2,0,1,2,0,6,1,0,-4.289532293966225e-05,1.33,0.26599999999962165,0.003
b15_C,_7418_,AND2,0,1,2,0,6,1,0,-4.289532293966225e-05,1.33,0.26599999999962165,0.003
b15_C,_7419_,AND2,0,1,2,0,6,1,0,-4.289532293966225e-05,1.33,0.26599999999962165,0.003
b15_C,_7420_,AND2,0,1,2,0,6,1,0,-4.289532293966225e-05,1.33,0.26599999999962165,0.003
b15_C,_7421_,AND2,0,1,2,0,6,1,0,-4.659242761673177e-05,1.33,0.26599999999962165,0.003
b15_C,_7422_,AND2,0,1,2,0,6,1,0,-4.289532293966225e-05,1.33,0.26599999999962165,0.003
b15_C,_7423_,AND2,0,1,2,0,6,1,0,-4.289532293966225e-05,1.33,0.26599999999962165,0.003
b15_C,_7424_,AND2,0,1,2,0,6,1,0,-4.289532293966225e-05,1.33,0.26599999999962165,0.003
b15_C,_7425_,AND2,0,1,2,0,6,1,0,-4.289532293966225e-05,1.33,0.26599999999962165,0.003
b15_C,_7426_,BUF,0,10,1,10,5,2,10,0.00016253897550133622,1.064,0.26599999999962165,0.003
b15_C,_7427_,AND2,0,1,2,0,6,1,0,-4.289532293966225e-05,1.33,0.26599999999962165,0.003
b15_C,_7428_,AND2,0,1,2,0,6,1,0,-4.289532293966225e-05,1.33,0.26599999999962165,0.003
b15_C,_7429_,AND2,0,1,2,0,6,1,0,-4.289532293966225e-05,1.33,0.26599999999962165,0.003
b15_C,_7430_,AND2,0,1,2,0,6,1,0,-4.289532293966225e-05,1.33,0.26599999999962165,0.003
b15_C,_7431_,AND2,0,1,2,0,6,1,0,-4.289532293966225e-05,1.33,0.26599999999962165,0.003
b15_C,_7432_,AND2,0,1,2,0,6,1,0,-4.289532293966225e-05,1.33,0.26599999999962165,0.003
b15_C,_7433_,AND2,0,1,2,0,6,1,0,-4.289532293966225e-05,1.33,0.26599999999962165,0.003
b15_C,_7434_,AND2,0,1,2,0,6,1,0,-4.289532293966225e-05,1.33,0.26599999999962165,0.003
b15_C,_7435_,AND2,0,1,2,0,6,1,0,-4.289532293966225e-05,1.33,0.26599999999962165,0.003
b15_C,_7436_,AND2,0,1,2,0,6,1,0,-4.289532293966225e-05,1.33,0.26599999999962165,0.003
b15_C,_7437_,AND2,0,1,2,0,5,1,0,-0.0001607349665921909,1.33,0.26599999999962165,0.003
b15_C,_7438_,AND2,0,1,2,0,5,1,0,-0.0001607349665921909,1.33,0.26599999999962165,0.003
b15_C,_7439_,INV,0,0,1,1,1,6,11,0.0,0.798,0.26599999999962165,0.003
b15_C,_7440_,NAND2,0,0,2,3,2,5,10,0.0,1.33,0.5320000000001528,0.003
b15_C,_7441_,AOI21,0,0,3,3,3,3,4,-0.00017189309576837175,1.862,0.797999999998865,0.003
b15_C,_7442_,OAI21,0,1,3,2,3,4,5,-7.104677059999176e-06,1.862,0.797999999998865,0.003
b15_C,_7443_,OR2,0,1,2,1,4,2,1,5.300668151742016e-06,1.33,0.26599999999962165,0.003
b15_C,_7444_,AND3,0,0,3,2,2,3,3,-7.661469933184506e-05,1.596,0.26599999999962165,0.003
b15_C,_7445_,INV,0,0,1,2,1,5,7,0.0,0.798,0.26599999999962165,0.003
b15_C,_7446_,NOR2,0,0,2,2,2,4,5,-0.00013224944320699983,1.33,0.5320000000001528,0.003
b15_C,_7447_,AOI21,0,0,3,1,3,2,1,-2.9398663696778016e-06,1.862,0.797999999998865,0.003
b15_C,_7448_,OAI221,0,1,5,0,5,1,0,-1.0712694877401674e-05,2.926,1.3299999999990177,0.003
b15_C,_7449_,NOR3,0,1,3,2,2,4,6,-5.345211581131437e-06,1.862,0.797999999998865,0.003
b15_C,_7450_,AOI21,0,1,3,1,3,3,2,-0.0009129844097994777,1.862,0.797999999998865,0.003
b15_C,_7451_,NOR2,0,0,2,2,2,4,5,-0.0007688418708240441,1.33,0.5320000000001528,0.003
b15_C,_7452_,NAND2,0,0,2,1,2,3,2,-3.1180400887897974e-06,1.33,0.5320000000001528,0.003
b15_C,_7453_,OAI211,0,1,4,1,4,2,1,-1.1336302895070816e-05,2.394,1.063999999999396,0.003
b15_C,_7454_,NOR2,0,0,2,1,2,2,1,-3.775055679278161e-05,1.33,0.5320000000001528,0.003
b15_C,_7455_,NOR2,0,0,2,1,4,2,1,0.0,1.33,0.5320000000001528,0.003
b15_C,_7456_,OAI221,0,1,5,0,5,1,0,-6.677060133619683e-05,2.926,1.3299999999990177,0.003
b15_C,_7457_,BUF,0,10,1,10,3,4,19,-3.90423162579534e-05,1.064,0.26599999999962165,0.003
b15_C,_7458_,OAI221,0,1,5,1,4,3,2,-0.00011864142538953182,2.926,1.3299999999990177,0.003
b15_C,_7459_,NAND2,0,1,2,1,5,2,1,-1.2427616926435903e-05,1.33,0.5320000000001528,0.003
b15_C,_7460_,NOR3,0,0,3,1,1,3,2,-3.5634743873469432e-06,1.862,0.797999999998865,0.003
b15_C,_7461_,AOI21,0,0,3,1,2,2,1,-1.85077951000423e-05,1.862,0.797999999998865,0.003
b15_C,_7462_,OAI221,0,0,5,1,3,2,1,-0.0001926726057905892,2.926,1.3299999999990177,0.003
b15_C,_7463_,OAI21,0,1,3,0,6,1,0,-6.9042316257483805e-06,1.862,0.797999999998865,0.003
b15_C,_7464_,NOR2,0,0,2,3,3,4,63,-0.0007758129175945427,1.33,0.5320000000001528,0.003
b15_C,_7465_,BUF,0,0,1,10,4,3,20,0.0,1.064,0.26599999999962165,0.003
b15_C,_7466_,NOR2,0,3,2,3,3,4,63,-0.0007481737193764104,1.33,0.5320000000001528,0.003
b15_C,_7467_,BUF,0,3,1,10,4,3,20,6.512249443213491e-05,1.064,0.26599999999962165,0.003
b15_C,_7468_,AOI222,0,1,6,1,5,2,1,-6.051224944303435e-05,3.724,1.5959999999986394,0.003
b15_C,_7469_,INV,0,1,1,0,6,1,0,-2.1469933184858903e-05,0.798,0.26599999999962165,0.003
b15_C,_7470_,BUF,0,0,1,10,4,3,20,0.0,1.064,0.26599999999962165,0.003
b15_C,_7471_,BUF,0,0,1,10,4,3,20,-1.5456570155780724e-05,1.064,0.26599999999962165,0.003
b15_C,_7472_,AOI222,0,1,6,1,5,2,1,-6.12026726056758e-05,3.724,1.5959999999986394,0.003
b15_C,_7473_,INV,0,1,1,0,6,1,0,-2.1492204899775658e-05,0.798,0.26599999999962165,0.003
b15_C,_7474_,AOI222,0,1,6,1,5,2,1,-6.12026726056758e-05,3.724,1.5959999999986394,0.003
b15_C,_7475_,INV,0,1,1,0,6,1,0,-2.1492204899775658e-05,0.798,0.26599999999962165,0.003
b15_C,_7476_,AOI222,0,1,6,1,5,2,1,-6.12026726056758e-05,3.724,1.5959999999986394,0.003
b15_C,_7477_,INV,0,1,1,0,6,1,0,-2.1492204899775658e-05,0.798,0.26599999999962165,0.003
b15_C,_7478_,AOI222,0,1,6,1,5,2,1,-6.12026726056758e-05,3.724,1.5959999999986394,0.003
b15_C,_7479_,INV,0,1,1,0,6,1,0,-2.1492204899775658e-05,0.798,0.26599999999962165,0.003
b15_C,_7480_,AOI222,0,1,6,1,5,2,1,-6.12026726056758e-05,3.724,1.5959999999986394,0.003
b15_C,_7481_,INV,0,1,1,0,6,1,0,-2.1492204899775658e-05,0.798,0.26599999999962165,0.003
b15_C,_7482_,AOI222,0,1,6,1,5,2,1,-6.12026726056758e-05,3.724,1.5959999999986394,0.003
b15_C,_7483_,INV,0,1,1,0,6,1,0,-2.1492204899775658e-05,0.798,0.26599999999962165,0.003
b15_C,_7484_,AOI222,0,1,6,1,5,2,1,-6.12026726056758e-05,3.724,1.5959999999986394,0.003
b15_C,_7485_,INV,0,1,1,0,6,1,0,-2.1492204899775658e-05,0.798,0.26599999999962165,0.003
b15_C,_7486_,BUF,0,10,1,10,3,3,20,-0.00016325167037845034,1.064,0.26599999999962165,0.003
b15_C,_7487_,AOI222,0,1,6,1,5,2,1,-4.7906458797264406e-05,3.724,1.5959999999986394,0.003
b15_C,_7488_,INV,0,1,1,0,6,1,0,-2.1492204899775658e-05,0.798,0.26599999999962165,0.003
b15_C,_7489_,AOI222,0,1,6,1,5,2,1,-4.7906458797264406e-05,3.724,1.5959999999986394,0.003
b15_C,_7490_,INV,0,1,1,0,6,1,0,-2.1492204899775658e-05,0.798,0.26599999999962165,0.003
b15_C,_7491_,AOI222,0,1,6,1,5,2,1,-4.7906458797264406e-05,3.724,1.5959999999986394,0.003
b15_C,_7492_,INV,0,1,1,0,6,1,0,-2.1492204899775658e-05,0.798,0.26599999999962165,0.003
b15_C,_7493_,BUF,0,0,1,10,4,3,20,0.0,1.064,0.26599999999962165,0.003
b15_C,_7494_,BUF,0,0,1,10,4,3,20,-1.5456570155780724e-05,1.064,0.26599999999962165,0.003
b15_C,_7495_,AOI222,0,1,6,1,5,2,1,-4.7906458797264406e-05,3.724,1.5959999999986394,0.003
b15_C,_7496_,INV,0,1,1,0,6,1,0,-2.1492204899775658e-05,0.798,0.26599999999962165,0.003
b15_C,_7497_,AOI222,0,1,6,1,5,2,1,-4.7906458797264406e-05,3.724,1.5959999999986394,0.003
b15_C,_7498_,INV,0,1,1,0,6,1,0,-2.1492204899775658e-05,0.798,0.26599999999962165,0.003
b15_C,_7499_,AOI222,0,1,6,1,5,2,1,-4.7906458797264406e-05,3.724,1.5959999999986394,0.003
b15_C,_7500_,INV,0,1,1,0,6,1,0,-2.1492204899775658e-05,0.798,0.26599999999962165,0.003
b15_C,_7501_,AOI222,0,1,6,1,5,2,1,-4.7906458797264406e-05,3.724,1.5959999999986394,0.003
b15_C,_7502_,INV,0,1,1,0,6,1,0,-2.1492204899775658e-05,0.798,0.26599999999962165,0.003
b15_C,_7503_,AOI222,0,1,6,1,5,2,1,-4.7906458797264406e-05,3.724,1.5959999999986394,0.003
b15_C,_7504_,INV,0,1,1,0,6,1,0,-2.1492204899775658e-05,0.798,0.26599999999962165,0.003
b15_C,_7505_,AOI222,0,1,6,1,5,2,1,-4.7906458797264406e-05,3.724,1.5959999999986394,0.003
b15_C,_7506_,INV,0,1,1,0,6,1,0,-2.1492204899775658e-05,0.798,0.26599999999962165,0.003
b15_C,_7507_,AOI222,0,1,6,1,5,2,1,-4.7906458797264406e-05,3.724,1.5959999999986394,0.003
b15_C,_7508_,INV,0,1,1,0,6,1,0,-2.1492204899775658e-05,0.798,0.26599999999962165,0.003
b15_C,_7509_,BUF,0,10,1,10,3,3,20,-0.00016403118040075881,1.064,0.26599999999962165,0.003
b15_C,_7510_,AOI222,0,1,6,1,5,2,1,-4.7906458797264406e-05,3.724,1.5959999999986394,0.003
b15_C,_7511_,INV,0,1,1,0,6,1,0,-2.1492204899775658e-05,0.798,0.26599999999962165,0.003
b15_C,_7512_,AOI222,0,1,6,1,5,2,1,-4.7906458797264406e-05,3.724,1.5959999999986394,0.003
b15_C,_7513_,INV,0,1,1,0,6,1,0,-2.1492204899775658e-05,0.798,0.26599999999962165,0.003
b15_C,_7514_,AOI222,0,1,6,1,5,2,1,-4.7906458797264406e-05,3.724,1.5959999999986394,0.003
b15_C,_7515_,INV,0,1,1,0,6,1,0,-2.1492204899775658e-05,0.798,0.26599999999962165,0.003
b15_C,_7516_,AOI222,0,1,6,1,5,2,1,-6.249443207106964e-05,3.724,1.5959999999986394,0.003
b15_C,_7517_,INV,0,1,1,0,6,1,0,-2.1492204899775658e-05,0.798,0.26599999999962165,0.003
b15_C,_7518_,AOI222,0,1,6,1,5,2,1,-6.249443207106964e-05,3.724,1.5959999999986394,0.003
b15_C,_7519_,INV,0,1,1,0,6,1,0,-2.1492204899775658e-05,0.798,0.26599999999962165,0.003
b15_C,_7520_,AOI222,0,1,6,1,5,2,1,-6.249443207106964e-05,3.724,1.5959999999986394,0.003
b15_C,_7521_,INV,0,1,1,0,6,1,0,-2.1492204899775658e-05,0.798,0.26599999999962165,0.003
b15_C,_7522_,AOI222,0,1,6,1,5,2,1,-6.249443207106964e-05,3.724,1.5959999999986394,0.003
b15_C,_7523_,INV,0,1,1,0,6,1,0,-2.1492204899775658e-05,0.798,0.26599999999962165,0.003
b15_C,_7524_,AOI222,0,1,6,1,5,2,1,-6.249443207106964e-05,3.724,1.5959999999986394,0.003
b15_C,_7525_,INV,0,1,1,0,6,1,0,-2.1492204899775658e-05,0.798,0.26599999999962165,0.003
b15_C,_7526_,AOI222,0,1,6,1,5,2,1,-6.249443207106964e-05,3.724,1.5959999999986394,0.003
b15_C,_7527_,INV,0,1,1,0,6,1,0,-2.1492204899775658e-05,0.798,0.26599999999962165,0.003
b15_C,_7528_,AOI222,0,1,6,1,5,2,1,-6.249443207106964e-05,3.724,1.5959999999986394,0.003
b15_C,_7529_,INV,0,1,1,0,6,1,0,-2.1492204899775658e-05,0.798,0.26599999999962165,0.003
b15_C,_7530_,AOI222,0,1,6,1,5,2,1,-0.0007905122494431538,3.724,1.5959999999986394,0.003
b15_C,_7531_,INV,0,1,1,0,6,1,0,-2.178173719347143e-05,0.798,0.26599999999962165,0.003
b15_C,_7532_,AOI222,0,1,6,1,5,2,1,-0.0007905122494431538,3.724,1.5959999999986394,0.003
b15_C,_7533_,INV,0,1,1,0,6,1,0,-2.178173719347143e-05,0.798,0.26599999999962165,0.003
b15_C,_7534_,MUX2,0,1,3,0,4,1,0,-5.959910913144739e-05,2.394,0.5320000000001528,0.003
b15_C,_7535_,MUX2,0,1,3,0,4,1,0,-5.959910913144739e-05,2.394,0.5320000000001528,0.003
b15_C,_7536_,MUX2,0,1,3,0,4,1,0,-5.959910913144739e-05,2.394,0.5320000000001528,0.003
b15_C,_7537_,MUX2,0,1,3,0,4,1,0,-6.57238307348873e-05,2.394,0.5320000000001528,0.003
b15_C,_7538_,INV,0,1,1,1,7,2,1,-5.1915367483168495e-05,0.798,0.26599999999962165,0.003
b15_C,_7539_,INV,0,0,1,1,1,2,1,0.0,0.798,0.26599999999962165,0.003
b15_C,_7540_,AOI21,0,1,3,0,8,1,0,-8.22271714921996e-05,1.862,0.797999999998865,0.003
b15_C,_7541_,INV,0,0,1,1,1,2,1,0.0,0.798,0.26599999999962165,0.003
b15_C,_7542_,OAI21,0,1,3,0,7,1,0,-6.902004454345523e-05,1.862,0.797999999998865,0.003
b15_C,_7543_,AOI21,0,1,3,1,33,2,1,-1.2138084632518087e-05,1.862,0.797999999998865,0.003
b15_C,_7544_,INV,0,1,1,0,34,1,0,-5.033407572296866e-06,0.798,0.26599999999962165,0.003
b15_C,_7545_,OAI221,0,5,5,6,23,3,6,-0.00020737193763920025,2.926,1.3299999999990177,0.003
b15_C,_7546_,NAND4,0,1,4,1,24,2,1,-0.010293118040088922,2.394,1.063999999999396,0.003
b15_C,_7547_,OAI21,0,1,3,0,25,1,0,-6.574610244980406e-05,1.862,0.797999999998865,0.003
b15_C,_7548_,OAI22,0,0,4,1,21,2,1,-5.345211580021214e-07,2.394,1.063999999999396,0.00301
b15_C,_7549_,MUX2,0,1,3,0,24,1,0,-5.345211581264664e-05,2.394,0.5320000000001528,0.003
b15_C,_7550_,OAI221,0,0,5,1,21,2,1,-6.458797325858967e-07,2.926,1.3299999999990177,0.00301
b15_C,_7551_,MUX2,0,1,3,0,24,1,0,-5.345211581264664e-05,2.394,0.5320000000001528,0.003
b15_C,_7552_,NAND2,0,0,2,1,18,3,2,0.0,1.33,0.5320000000001528,0.003
b15_C,_7553_,NAND3,0,0,3,1,22,3,2,0.0,1.862,0.797999999998865,0.003
b15_C,_7554_,NAND2,0,0,2,1,3,3,2,-2.7839643650384716e-06,1.33,0.5320000000001528,0.003
b15_C,_7555_,OAI211,0,0,4,1,23,2,1,0.0,2.394,1.063999999999396,0.003
b15_C,_7556_,MUX2,0,1,3,0,24,1,0,-5.345211581264664e-05,2.394,0.5320000000001528,0.003
b15_C,_7557_,OAI222,0,0,6,1,21,2,1,-1.2249443206435728e-06,3.724,1.5959999999986394,0.00301
b15_C,_7558_,MUX2,0,1,3,0,24,1,0,-5.345211581264664e-05,2.394,0.5320000000001528,0.003
b15_C,_7559_,NOR2,0,0,2,4,3,5,13,-7.126948775582065e-07,1.33,0.5320000000001528,0.003
b15_C,_7560_,INV,0,0,1,1,4,4,3,0.0,0.798,0.26599999999962165,0.003
b15_C,_7561_,AOI22,0,0,4,1,22,3,2,-0.0012981291759466274,2.394,1.063999999999396,0.00301
b15_C,_7562_,XNOR2,0,0,2,1,22,3,2,-0.0015883518930956964,2.66,1.063999999999396,0.00301
b15_C,_7563_,NAND2,0,0,2,3,5,4,8,-2.227171491675506e-08,1.33,0.5320000000001528,0.003
b15_C,_7564_,OAI21,0,0,3,1,23,2,1,0.0,1.862,0.797999999998865,0.00301
b15_C,_7565_,MUX2,0,1,3,0,29,1,0,-7.692650334067963e-05,2.394,0.5320000000001528,0.003
b15_C,_7566_,NOR3,0,0,3,1,21,3,2,-7.349665922529169e-07,1.862,0.797999999998865,0.00301
b15_C,_7567_,NAND2,0,0,2,1,20,4,3,-3.897550111342518e-05,1.33,0.5320000000001528,0.003
b15_C,_7568_,OAI21,0,0,3,1,21,3,2,0.0,1.862,0.797999999998865,0.00301
b15_C,_7569_,NOR3,0,1,3,1,29,2,1,-7.775055679282161e-05,1.862,0.797999999998865,0.00301
b15_C,_7570_,AOI21,0,1,3,0,30,1,0,-8.510022271712714e-05,1.862,0.797999999998865,0.003
b15_C,_7571_,OAI22,0,0,4,1,20,3,2,-0.00012893095768395924,2.394,1.063999999999396,0.00301
b15_C,_7572_,AOI211,0,1,4,1,29,2,1,-0.0002253674832961572,2.394,1.063999999999396,0.00301
b15_C,_7573_,AOI21,0,1,3,0,30,1,0,-0.00010080178173699217,1.862,0.797999999998865,0.003
b15_C,_7574_,OAI22,0,0,4,1,19,3,2,0.0,2.394,1.063999999999396,0.00301
b15_C,_7575_,NOR3,0,1,3,1,29,2,1,-7.775055679282161e-05,1.862,0.797999999998865,0.003
b15_C,_7576_,AOI21,0,1,3,0,30,1,0,-8.510022271712714e-05,1.862,0.797999999998865,0.003
b15_C,_7577_,NAND2,0,0,2,1,2,3,2,0.0,1.33,0.5320000000001528,0.003
b15_C,_7578_,MUX2,0,0,3,1,1,3,2,0.0,2.394,0.5320000000001528,0.003
b15_C,_7579_,OAI21,0,0,3,1,3,2,1,0.0,1.862,0.797999999998865,0.003
b15_C,_7580_,MUX2,0,1,3,0,4,1,0,-7.06904231624339e-05,2.394,0.5320000000001528,0.003
b15_C,_7581_,NOR3,0,1,3,1,5,2,1,-1.957683741626859e-05,1.862,0.797999999998865,0.003
b15_C,_7582_,INV,0,0,1,1,1,2,1,0.0,0.798,0.26599999999962165,0.003
b15_C,_7583_,AOI21,0,1,3,0,6,1,0,-5.071269487744168e-05,1.862,0.797999999998865,0.003
b15_C,_7584_,NAND2,0,1,2,1,4,2,1,-5.391982182612054e-05,1.33,0.5320000000001528,0.003
b15_C,_7585_,OAI21,0,1,3,0,5,1,0,-5.8864142538750386e-05,1.862,0.797999999998865,0.003
b15_C,_7586_,OAI21,0,1,3,1,26,2,1,-0.00010643652561226347,1.862,0.797999999998865,0.003
b15_C,_7587_,INV,0,1,1,0,27,1,0,-5.6570155901880526e-06,0.798,0.26599999999962165,0.003
b15_C,_7588_,NAND2,0,0,2,2,5,4,5,-8.040089086724933e-06,1.33,0.5320000000001528,0.003
b15_C,_7589_,AOI21,0,0,3,1,10,4,3,-2.4498886408430565e-07,1.862,0.797999999998865,0.003
b15_C,_7590_,OAI21,0,0,3,1,11,3,2,-6.681514452822057e-08,1.862,0.797999999998865,0.003
b15_C,_7591_,NAND3,0,0,3,1,10,3,2,-4.454342983351012e-08,1.862,0.797999999998865,0.003
b15_C,_7592_,NAND3,0,0,3,1,12,2,1,0.0,1.862,0.797999999998865,0.003
b15_C,_7593_,NOR3,0,0,3,1,6,3,2,-7.349665920308723e-07,1.862,0.797999999998865,0.003
b15_C,_7594_,NOR4,0,1,4,1,24,2,1,-0.00017066815144772818,2.394,1.063999999999396,0.003
b15_C,_7595_,MUX2,0,1,3,0,25,1,0,-2.1714922048943208e-05,2.394,0.5320000000001528,0.003
b15_C,_7596_,MUX2,0,1,3,0,4,1,0,-6.57238307348873e-05,2.394,0.5320000000001528,0.003
b15_C,_7597_,AOI211,0,1,4,1,24,2,1,-9.808463251670396e-05,2.394,1.063999999999396,0.003
b15_C,_7598_,NOR4,0,0,4,1,23,2,1,-0.00030055679287288584,2.394,1.063999999999396,0.003
b15_C,_7599_,NAND2,0,0,2,1,12,2,1,-1.534521158119695e-05,1.33,0.5320000000001528,0.003
b15_C,_7600_,AOI21,0,1,3,0,25,1,0,-1.1581291758933077e-06,1.862,0.797999999998865,0.003
