DESIGN,CELL,LOGIC-TYPE,PATH-OCURENCE,PATHS-OCURENCE,FA-IN,FA-OUT,LOGIC-LEVEL,DEEP,LOADED-CELLS,DIF-ARRIVAL,CELL-AREA,COST-AREA,POWER
b20_C,_4597_,XNOR2,0,1,2,0,1,1,0,1.8749999999290168e-06,2.66,1.0640000000003056,0.00765
b20_C,_4603_,INV,0,0,1,1,1,39,1994,0.0,0.798,0.26599999999962165,0.00765
b20_C,_4606_,NOR3,0,0,3,3,1,39,2108,0.0,1.862,0.7979999999997744,0.00765
b20_C,_4598_,INV,0,2,1,2,1,11,436,1.3281249999774758e-05,0.798,0.26599999999962165,0.00765
b20_C,_4601_,BUF,0,0,1,10,1,38,2168,0.0,1.064,0.26600000000053114,0.00765
b20_C,_4596_,XNOR2,0,1,2,0,1,1,0,1.8945312498797051e-06,2.66,1.0640000000003056,0.00765
b20_C,_4602_,BUF,0,0,1,10,2,36,1761,0.0,1.064,0.26600000000053114,0.00765
b20_C,_4604_,OR4,0,212,4,3,1,40,2190,0.005602656249999782,1.862,0.26600000000053114,0.00765
b20_C,_4605_,NOR4,0,212,4,4,2,39,2121,0.014984433593749902,2.394,1.0640000000003056,0.00765
b20_C,_4599_,BUF,0,2,1,10,2,7,182,6.718750000000995e-05,1.064,0.26600000000053114,0.00765
b20_C,_4600_,NAND2,0,0,2,2,3,4,4,-1.6328125000075744e-05,1.33,0.5320000000001528,0.00765
b20_C,_4607_,OR3,0,0,3,2,1,40,2067,0.0,1.596,0.26599999999962165,0.00765
b20_C,_4608_,OR2,0,0,2,3,1,40,2039,0.0,1.33,0.26599999999962165,0.00765
b20_C,_4610_,NAND4,0,212,4,3,3,38,1993,-0.004713320312500269,2.394,1.0640000000003056,0.00765
b20_C,_4609_,NOR4,0,0,4,2,2,39,2022,0.0,2.394,1.0640000000003056,0.00765
b20_C,_4614_,INV,0,0,1,9,1,35,1865,0.0,0.798,0.26599999999962165,0.00765
b20_C,_4616_,NOR4,0,39,4,4,5,36,1650,-0.0012117187500002569,2.394,1.0640000000003056,0.00765
b20_C,_4611_,OR2,0,0,2,2,4,36,1151,-0.0017202148437502895,1.33,0.26599999999962165,0.00765
b20_C,_4612_,NAND2,0,0,2,2,5,33,1113,0.0,1.33,0.5320000000001528,0.00765
b20_C,_4615_,OR4,0,212,4,5,4,37,1963,0.005413828124999798,1.862,0.26600000000053114,0.00765
b20_C,_4617_,NOR2,0,0,2,3,1,36,1646,0.0,1.33,0.5320000000001528,0.00765
b20_C,_4613_,XNOR2,0,0,2,6,6,32,881,0.0,2.66,1.0640000000003056,0.00765
b20_C,_4618_,AOI21,0,0,3,1,6,34,827,-0.0012433007812500119,1.862,0.7979999999997744,0.00765
b20_C,_4619_,XNOR2,0,0,2,6,7,33,826,0.0,2.66,1.0640000000003056,0.00765
b20_C,_4620_,OR4,0,173,4,5,5,36,1865,0.004808886718749683,1.862,0.26600000000053114,0.00765
b20_C,_4621_,OAI21,0,2,3,1,6,34,826,-0.0017404687500000016,1.862,0.7979999999997744,0.00765
b20_C,_4622_,XOR2,0,2,2,5,7,33,825,4.031249999991715e-05,2.394,0.7980000000006839,0.00765
b20_C,_4623_,NOR2,0,39,2,1,6,34,826,-0.000953710937499963,1.33,0.5320000000001528,0.00765
b20_C,_4624_,XNOR2,0,39,2,7,7,33,825,0.000381679687500025,2.66,1.0640000000003056,0.00765
b20_C,_4626_,NOR3,0,0,3,1,5,32,742,-0.0020868359375003642,1.862,0.7979999999997744,0.00765
b20_C,_4625_,NOR3,0,36,3,8,8,31,640,0.0018917187499998267,1.862,0.7979999999997744,0.00765
b20_C,_4628_,XNOR2,0,0,2,3,7,29,688,0.0,2.66,1.0640000000003056,0.00765
b20_C,_4627_,OR2,0,0,2,2,6,31,741,0.0,1.33,0.26599999999962165,0.00765
b20_C,_4629_,BUF,0,0,1,10,8,28,632,0.0,1.064,0.26600000000053114,0.00765
b20_C,_4630_,BUF,0,0,1,10,9,20,590,0.0,1.064,0.26600000000053114,0.00765
b20_C,_4631_,NOR3,0,32,3,2,10,10,343,-0.0006895312500001527,1.862,0.7979999999997744,0.00765
b20_C,_4632_,OAI21,0,0,3,2,5,35,855,0.0,1.862,0.7979999999997744,0.00765
b20_C,_4633_,XNOR2,0,0,2,9,6,32,569,0.0,2.66,1.0640000000003056,0.00765
b20_C,_4634_,OAI21,0,0,3,2,5,33,1109,-0.0020685546875003347,1.862,0.7979999999997744,0.00765
b20_C,_4635_,XOR2,0,0,2,7,6,31,928,3.906249990137667e-08,2.394,0.7980000000006839,0.00765
b20_C,_4636_,AND2,0,0,2,2,5,35,965,-0.0008578125000000547,1.33,0.26599999999962165,0.00765
b20_C,_4637_,XNOR2,0,0,2,6,6,32,775,0.0,2.66,1.0640000000003056,0.00765
b20_C,_4638_,NAND2,0,0,2,5,7,11,389,-9.765625019753088e-08,1.33,0.5320000000001528,0.00765
b20_C,_4639_,NOR2,0,0,2,4,8,10,326,0.0,1.33,0.5320000000001528,0.00765
b20_C,_4640_,AND3,0,0,3,4,11,9,187,-0.0002301757812501748,1.596,0.26599999999962165,0.00765
b20_C,_4641_,BUF,0,0,1,10,12,6,98,0.0,1.064,0.26600000000053114,0.00765
b20_C,_4642_,BUF,0,32,1,10,11,9,223,0.0005791992187498263,1.064,0.26600000000053114,0.00765
b20_C,_4643_,XOR2,0,0,2,9,6,34,794,5.546874999762252e-06,2.394,0.7980000000006839,0.00765
b20_C,_4644_,NOR2,0,0,2,5,8,8,139,-1.1328125002485478e-06,1.33,0.5320000000001528,0.00765
b20_C,_4645_,AND2,0,0,2,1,12,5,39,-7.875000000012733e-05,1.33,0.26599999999962165,0.00765
b20_C,_4647_,INV,0,0,1,2,8,13,419,0.0,0.798,0.26599999999962165,0.00765
b20_C,_4646_,NAND2,0,0,2,1,8,12,376,-0.00034037109375018026,1.33,0.5320000000001528,0.00765
b20_C,_4648_,NAND3,0,0,3,1,8,13,418,-0.0004108007812502201,1.862,0.7979999999997744,0.00765
b20_C,_4649_,OAI211,0,0,4,5,9,12,417,-0.00024208984375029274,2.394,1.0640000000003056,0.00765
b20_C,_4650_,OAI21,0,0,3,3,10,11,375,-8.867187500261053e-06,1.862,0.7979999999997744,0.00765
b20_C,_4651_,NOR3,0,0,3,1,1,13,380,0.0,1.862,0.7979999999997744,0.00765
b20_C,_4652_,NOR4,0,0,4,1,1,13,380,0.0,2.394,1.0640000000003056,0.00765
b20_C,_4653_,NOR3,0,0,3,1,1,13,380,0.0,1.862,0.7979999999997744,0.00765
b20_C,_4654_,NOR4,0,0,4,1,1,13,380,0.0,2.394,1.0640000000003056,0.00765
b20_C,_4655_,NAND4,0,0,4,1,2,12,379,0.0,2.394,1.0640000000003056,0.00765
b20_C,_4656_,NOR4,0,0,4,1,1,13,380,0.0,2.394,1.0640000000003056,0.00765
b20_C,_4657_,NOR2,0,0,2,1,1,13,380,0.0,1.33,0.5320000000001528,0.00765
b20_C,_4658_,NOR4,0,0,4,1,1,13,380,0.0,2.394,1.0640000000003056,0.00765
b20_C,_4659_,NOR4,0,0,4,1,1,13,380,0.0,2.394,1.0640000000003056,0.00765
b20_C,_4660_,NAND4,0,0,4,1,2,12,379,0.0,2.394,1.0640000000003056,0.00765
b20_C,_4661_,NOR4,0,0,4,2,3,11,378,0.0,2.394,1.0640000000003056,0.00765
b20_C,_4662_,NOR2,0,0,2,1,10,10,146,-1.2382812500044693e-05,1.33,0.5320000000001528,0.00765
b20_C,_4663_,NAND2,0,0,2,2,8,11,377,-6.47460937501787e-05,1.33,0.5320000000001528,0.00765
b20_C,_4664_,OAI21,0,0,3,3,10,10,375,-4.511718750155325e-06,1.862,0.7979999999997744,0.00765
b20_C,_4665_,NOR3,0,0,3,7,11,9,145,-4.1210937502533795e-06,1.862,0.7979999999997744,0.00765
b20_C,_4666_,AOI21,0,0,3,10,13,4,38,-2.1347656250281233e-05,1.862,0.7979999999997744,0.00765
b20_C,_4667_,OR2,0,0,2,4,1,36,1693,0.0,1.33,0.26599999999962165,0.00765
b20_C,_4668_,OR4,0,143,4,2,6,34,1436,0.0026532812499997505,1.862,0.26600000000053114,0.00765
b20_C,_4669_,AND3,0,143,3,3,7,33,1434,0.0008661132812499694,1.596,0.26599999999962165,0.00765
b20_C,_4670_,AOI21,0,0,3,3,7,33,1434,-0.0014142578125002636,1.862,0.7979999999997744,0.00765
b20_C,_4671_,OR3,0,0,3,2,6,34,1365,-0.0006833398437502414,1.596,0.26599999999962165,0.00765
b20_C,_4672_,AND3,0,0,3,2,7,33,1363,0.0,1.596,0.26599999999962165,0.00765
b20_C,_4673_,AOI21,0,0,3,2,7,33,1363,0.0,1.862,0.7979999999997744,0.00765
b20_C,_4674_,OAI22,0,122,4,8,8,32,1103,0.006517089843749657,2.394,1.0640000000003056,0.00765
b20_C,_4675_,INV,0,62,1,2,1,39,2672,0.00018080078124982357,0.798,0.26599999999962165,0.00765
b20_C,_4676_,NOR2,0,0,2,4,2,38,2558,-0.00029916015625008896,1.33,0.5320000000001528,0.00765
b20_C,_4677_,INV,0,0,1,1,1,39,2559,-2.55859375020151e-06,0.798,0.26599999999962165,0.00765
b20_C,_4678_,INV,0,7,1,2,1,39,2672,3.722656249993683e-05,0.798,0.26599999999962165,0.00765
b20_C,_4679_,INV,0,0,1,1,1,39,2559,0.0,0.798,0.26599999999962165,0.00765
b20_C,_4680_,AOI22,0,7,4,4,2,38,2558,-2.349609375018602e-05,2.394,1.0640000000003056,0.00765
b20_C,_4681_,NOR2,0,2,2,7,3,36,2454,-3.666015625025665e-05,1.33,0.5320000000001528,0.00765
b20_C,_4683_,OR2,0,0,2,2,5,29,557,-8.359375000210889e-06,1.33,0.26599999999962165,0.00765
b20_C,_4682_,BUF,0,2,1,10,4,34,2246,6.580078124995836e-05,1.064,0.26600000000053114,0.00765
b20_C,_4685_,OAI22,0,62,4,3,2,38,2634,0.0014310742187499947,2.394,1.0640000000003056,0.00765
b20_C,_4684_,NAND2,0,0,2,3,2,38,2634,-0.00021244140625009678,1.33,0.5320000000001528,0.00765
b20_C,_4686_,NAND2,0,62,2,6,3,37,2627,0.00047945312499986237,1.33,0.5320000000001528,0.00765
b20_C,_4687_,BUF,0,1,1,10,4,36,2476,-0.0002188476562501318,1.064,0.26600000000053114,0.00765
b20_C,_4688_,MUX2,0,0,3,2,5,33,1952,-3.925781250080362e-06,2.394,0.5320000000001528,0.00765
b20_C,_4689_,AND2,0,0,2,3,6,31,1949,0.0,1.33,0.26599999999962165,0.00765
b20_C,_4690_,NOR2,0,0,2,2,6,32,1950,0.0,1.33,0.5320000000001528,0.00765
b20_C,_4691_,NOR2,0,0,2,1,7,30,968,0.0,1.33,0.5320000000001528,0.00765
b20_C,_4692_,MUX2,0,0,3,3,5,33,2036,-3.925781250080362e-06,2.394,0.5320000000001528,0.00765
b20_C,_4694_,AND2,0,0,2,2,4,35,2116,-1.6230468750100258e-05,1.33,0.26599999999962165,0.00765
b20_C,_4693_,NOR2,0,0,2,2,6,32,1950,0.0,1.33,0.5320000000001528,0.00765
b20_C,_4695_,AND2,0,0,2,2,5,35,2116,-4.199218750056133e-06,1.33,0.26599999999962165,0.00765
b20_C,_4696_,OR2,0,0,2,2,6,34,2115,0.0,1.33,0.26599999999962165,0.00765
b20_C,_4697_,AND2,0,0,2,1,7,33,2034,0.0,1.33,0.26599999999962165,0.00765
b20_C,_4698_,MUX2,0,0,3,2,4,35,2202,-0.00026150390625012676,2.394,0.5320000000001528,0.00765
b20_C,_4699_,AND2,0,0,2,3,5,33,2199,1.9531249950688334e-08,1.33,0.26599999999962165,0.00765
b20_C,_4700_,NOR2,0,0,2,2,5,34,2200,0.0,1.33,0.5320000000001528,0.00765
b20_C,_4701_,MUX2,0,0,3,3,4,35,2288,-0.00026150390625012676,2.394,0.5320000000001528,0.00765
b20_C,_4702_,NOR2,0,0,2,1,5,34,2115,0.0,1.33,0.5320000000001528,0.00765
b20_C,_4703_,AND2,0,0,2,1,4,35,2116,-1.6230468750100258e-05,1.33,0.26599999999962165,0.00765
b20_C,_4704_,AND2,0,0,2,1,5,35,2116,-4.199218750056133e-06,1.33,0.26599999999962165,0.00765
b20_C,_4705_,MUX2,0,2,3,2,4,36,2361,-0.00027066406250009223,2.394,0.5320000000001528,0.00765
b20_C,_4706_,AND2,0,2,2,2,5,35,2267,8.242187499840625e-06,1.33,0.26599999999962165,0.00765
b20_C,_4707_,INV,0,0,1,2,1,36,2459,0.0,0.798,0.26599999999962165,0.00765
b20_C,_4708_,NAND3,0,0,3,2,3,36,2459,-0.0014731640625003095,1.862,0.7979999999997744,0.00765
b20_C,_4710_,NAND3,0,0,3,2,3,37,2446,-0.0014731640625003095,1.862,0.7979999999997744,0.00765
b20_C,_4709_,OAI21,0,4,3,2,3,36,2459,-0.00010103515625026205,1.862,0.7979999999997744,0.00765
b20_C,_4711_,OAI21,0,0,3,2,3,37,2446,-0.00013880859375015042,1.862,0.7979999999997744,0.00765
b20_C,_4712_,AOI221,0,4,5,2,4,35,2360,4.712890625002686e-05,2.926,1.3300000000008367,0.00765
b20_C,_4713_,INV,0,0,1,1,1,36,2117,0.0,0.798,0.26599999999962165,0.00765
b20_C,_4714_,INV,0,0,1,1,1,38,2496,0.0,0.798,0.26599999999962165,0.00765
b20_C,_4715_,OAI21,0,1,3,1,3,37,2495,-0.00014972656250011873,1.862,0.7979999999997744,0.00765
b20_C,_4716_,OAI211,0,60,4,4,4,36,2494,6.789062500001108e-05,2.394,1.0640000000003056,0.00765
b20_C,_4717_,AND2,0,0,2,3,4,36,2443,0.0,1.33,0.26599999999962165,0.00765
b20_C,_4718_,AOI21,0,57,3,1,5,35,2116,-0.0005465625000002916,1.862,0.7979999999997744,0.00765
b20_C,_4720_,NAND2,0,0,2,3,5,34,2285,0.0,1.33,0.5320000000001528,0.00765
b20_C,_4721_,AOI211,0,57,4,2,7,33,2114,-0.0007955664062502255,2.394,1.0640000000003056,0.00765
b20_C,_4723_,NAND2,0,0,2,2,6,32,1950,0.0,1.33,0.5320000000001528,0.00765
b20_C,_4724_,AOI21,0,1,3,1,9,30,968,-0.001340000000000341,1.862,0.7979999999997744,0.00765
b20_C,_4725_,XOR2,0,1,2,3,10,29,967,-1.4804687500147296e-05,2.394,0.7980000000006839,0.00765
b20_C,_4726_,BUF,0,1,1,10,5,34,2205,4.216796874989548e-05,1.064,0.26600000000053114,0.00765
b20_C,_4727_,OAI211,0,0,4,3,11,28,554,-0.002158828125000234,2.394,1.0640000000003056,0.00765
b20_C,_4728_,NOR2,0,21,2,10,8,32,1091,0.00084957031249977,1.33,0.5320000000001528,0.00765
b20_C,_4729_,NOR2,0,0,2,10,8,32,1016,1.3945312499874518e-05,1.33,0.5320000000001528,0.00765
b20_C,_4730_,NOR2,0,21,2,7,9,31,993,0.00027308593749975074,1.33,0.5320000000001528,0.00765
b20_C,_4731_,BUF,0,21,1,10,10,30,895,0.0004879101562498267,1.064,0.26600000000053114,0.00765
b20_C,_4732_,OR2,0,0,2,3,2,32,816,-0.000881875000000143,1.33,0.26599999999962165,0.00765
b20_C,_4733_,OR3,0,0,3,2,3,31,699,0.0,1.596,0.26599999999962165,0.00765
b20_C,_4734_,NAND2,0,0,2,1,4,30,667,0.0,1.33,0.5320000000001528,0.00765
b20_C,_4735_,XNOR2,0,0,2,9,5,29,666,6.8554687500110845e-06,2.66,1.0640000000003056,0.00765
b20_C,_4736_,NAND2,0,0,2,3,11,28,554,-0.00010357421875006878,1.33,0.5320000000001528,0.00765
b20_C,_4737_,AND2,0,0,2,4,12,26,121,-1.1718750014821921e-07,1.33,0.26599999999962165,0.00765
b20_C,_4738_,XOR2,0,0,2,7,6,32,943,1.9531249950688334e-08,2.394,0.7980000000006839,0.00765
b20_C,_4739_,NAND2,0,0,2,5,7,31,516,-1.035156250051017e-06,1.33,0.5320000000001528,0.00765
b20_C,_4740_,XNOR2,0,0,2,3,6,32,843,1.9531249950688334e-08,2.66,1.0640000000003056,0.00765
b20_C,_4741_,BUF,0,0,1,10,7,31,744,-1.953125017273294e-08,1.064,0.26600000000053114,0.00765
b20_C,_4742_,XOR2,0,0,2,8,6,34,762,0.0,2.394,0.7980000000006839,0.00765
b20_C,_4743_,NAND2,0,0,2,7,8,10,335,0.0,1.33,0.5320000000001528,0.00765
b20_C,_4744_,NOR2,0,0,2,3,9,9,114,0.0,1.33,0.5320000000001528,0.00765
b20_C,_4745_,AND2,0,0,2,3,12,8,107,-7.875000000012733e-05,1.33,0.26599999999962165,0.00765
b20_C,_4746_,NAND3,0,0,3,4,13,6,58,-0.0003203125000001972,1.862,0.7979999999997744,0.00765
b20_C,_4747_,BUF,0,0,1,10,14,5,48,0.0,1.064,0.26600000000053114,0.00765
b20_C,_4748_,OR3,0,0,3,2,1,36,1371,0.0,1.596,0.26599999999962165,0.00765
b20_C,_4749_,NOR4,0,28,4,3,6,35,1363,-0.0013558203125003665,2.394,1.0640000000003056,0.00765
b20_C,_4750_,NOR3,0,10,3,2,7,34,1327,-0.0010914062500000377,1.862,0.7979999999997744,0.00765
b20_C,_4751_,BUF,0,10,1,10,8,33,1325,7.279296874984631e-05,1.064,0.26600000000053114,0.00765
b20_C,_4752_,INV,0,0,1,3,1,35,1363,0.0,0.798,0.26599999999962165,0.00765
b20_C,_4753_,INV,0,0,1,3,1,36,1368,0.0,0.798,0.26599999999962165,0.00765
b20_C,_4754_,NOR3,0,0,3,2,1,36,1369,0.0,1.862,0.7979999999997744,0.00765
b20_C,_4755_,NAND4,0,0,4,2,6,35,1361,-0.0014123437500002112,2.394,1.0640000000003056,0.00765
b20_C,_4756_,AOI21,0,0,3,2,7,34,1327,0.0,1.862,0.7979999999997744,0.00765
b20_C,_4757_,BUF,0,0,1,10,8,33,1325,9.765624975344167e-08,1.064,0.26600000000053114,0.00765
b20_C,_4758_,NOR3,0,0,3,2,6,35,1361,-0.0012941210937502667,1.862,0.7979999999997744,0.00765
b20_C,_4759_,NOR3,0,0,3,2,7,34,1323,-0.0005279492187502122,1.862,0.7979999999997744,0.00765
b20_C,_4760_,CLKBUF,0,0,1,10,8,33,1321,0.0,1.064,0.26600000000053114,0.00765
b20_C,_4761_,NAND3,0,0,3,2,6,35,1361,-0.0011626367187500541,1.862,0.7979999999997744,0.00765
b20_C,_4762_,AOI21,0,0,3,2,7,34,1323,0.0,1.862,0.7979999999997744,0.00765
b20_C,_4763_,CLKBUF,0,0,1,10,8,33,1321,1.9531249950688334e-08,1.064,0.26600000000053114,0.00765
b20_C,_4764_,NOR4,0,4,4,10,9,31,1155,-2.5410156250238458e-05,2.394,1.0640000000003056,0.00765
b20_C,_4765_,NAND2,0,0,2,3,10,29,481,-0.0005039648437501487,1.33,0.5320000000001528,0.00765
b20_C,_4766_,OAI22,0,0,4,9,9,31,703,-4.869140625030077e-05,2.394,1.0640000000003056,0.00765
b20_C,_4767_,INV,0,0,1,2,1,34,1102,0.0,0.798,0.26599999999962165,0.00765
b20_C,_4768_,NAND3,0,0,3,2,1,34,1102,0.0,1.862,0.7979999999997744,0.00765
b20_C,_4769_,XNOR2,0,0,2,3,2,31,485,0.0,2.66,1.0640000000003056,0.00765
b20_C,_4770_,NOR2,0,0,2,1,10,30,482,-2.734375001978151e-07,1.33,0.5320000000001528,0.00765
b20_C,_4771_,NOR3,0,0,3,2,7,34,1312,-0.0006313281250001079,1.862,0.7979999999997744,0.00765
b20_C,_4772_,CLKBUF,0,0,1,10,8,33,1310,0.0,1.064,0.26600000000053114,0.00765
b20_C,_4773_,AOI21,0,0,3,2,7,34,1312,0.0,1.862,0.7979999999997744,0.00765
b20_C,_4774_,CLKBUF,0,0,1,10,8,33,1310,0.0,1.064,0.26600000000053114,0.00765
b20_C,_4775_,NOR4,0,6,4,10,9,31,1156,9.363281249985533e-05,2.394,1.0640000000003056,0.00765
b20_C,_4776_,NOR3,0,18,3,2,7,34,1316,-0.0009955078125001293,1.862,0.7979999999997744,0.00765
b20_C,_4777_,BUF,0,18,1,10,8,33,1314,0.00011726562499991822,1.064,0.26600000000053114,0.00765
b20_C,_4778_,AOI21,0,0,3,2,7,34,1316,0.0,1.862,0.7979999999997744,0.00765
b20_C,_4779_,BUF,0,0,1,10,8,33,1314,0.0,1.064,0.26600000000053114,0.00765
b20_C,_4780_,NOR4,0,18,4,10,9,31,1156,0.00042876953124992845,2.394,1.0640000000003056,0.00765
b20_C,_4781_,AOI221,0,1,5,3,11,29,481,-0.0009943164062500287,2.926,1.3300000000008367,0.00765
b20_C,_4782_,AND2,0,0,2,9,12,28,356,-7.500000000160156e-06,1.33,0.26599999999962165,0.00765
b20_C,_4783_,OAI221,0,0,5,1,15,3,2,0.0,2.926,1.3300000000008367,0.00765
b20_C,_4784_,INV,0,0,1,4,12,8,85,-6.835937500504485e-07,0.798,0.26599999999962165,0.00765
b20_C,_4785_,INV,0,0,1,3,13,7,83,0.0,0.798,0.26599999999962165,0.00765
b20_C,_4786_,NOR3,0,0,3,9,14,5,22,-0.0003524218750001751,1.862,0.7979999999997744,0.00765
b20_C,_4787_,AND2,0,0,2,3,10,28,447,-0.00014097656250022794,1.33,0.26599999999962165,0.00765
b20_C,_4788_,NOR4,0,0,4,8,9,31,948,-9.353515625010189e-05,2.394,1.0640000000003056,0.00765
b20_C,_4789_,NOR2,0,0,2,2,2,33,1057,0.0,1.33,0.5320000000001528,0.00765
b20_C,_4790_,AND2,0,0,2,3,3,32,1014,0.0,1.33,0.26599999999962165,0.00765
b20_C,_4791_,XOR2,0,0,2,3,4,30,452,0.0,2.394,0.7980000000006839,0.00765
b20_C,_4792_,NAND2,0,0,2,1,10,29,448,-4.1015625029672265e-07,1.33,0.5320000000001528,0.00765
b20_C,_4793_,AOI22,0,1,4,1,10,29,448,-0.000927304687500019,2.394,1.0640000000003056,0.00765
b20_C,_4794_,NAND2,0,1,2,3,11,28,447,-4.355468750105729e-06,1.33,0.5320000000001528,0.00765
b20_C,_4795_,OR2,0,1,2,6,12,26,139,2.5624999999918074e-05,1.33,0.26599999999962165,0.00765
b20_C,_4796_,XNOR2,0,0,2,2,3,31,470,0.0,2.66,1.0640000000003056,0.00765
b20_C,_4797_,INV,0,0,1,2,4,30,467,0.0,0.798,0.26599999999962165,0.00765
b20_C,_4798_,NOR2,0,0,2,5,8,9,297,0.0,1.33,0.5320000000001528,0.00765
b20_C,_4799_,NAND2,0,0,2,5,9,8,155,0.0,1.33,0.5320000000001528,0.00765
b20_C,_4800_,NAND3,0,0,3,1,13,7,75,0.0,1.862,0.7979999999997744,0.00765
b20_C,_4801_,NOR2,0,0,2,4,7,12,452,-3.906250034546588e-08,1.33,0.5320000000001528,0.00765
b20_C,_4802_,AOI211,0,4,4,2,10,11,306,-0.0007121875000000166,2.394,1.0640000000003056,0.00765
b20_C,_4803_,AOI21,0,0,3,2,14,6,74,-0.00011900390625019241,1.862,0.7979999999997744,0.00765
b20_C,_4804_,NAND2,0,0,2,2,12,7,77,-0.00015750000000003261,1.33,0.5320000000001528,0.00765
b20_C,_4805_,AOI21,0,0,3,2,14,6,74,-1.169921875021629e-05,1.862,0.7979999999997744,0.00765
b20_C,_4806_,OR2,0,0,2,3,15,5,48,0.0,1.33,0.26599999999962165,0.00765
b20_C,_4807_,BUF,0,0,1,10,16,4,39,0.0,1.064,0.26600000000053114,0.00765
b20_C,_4808_,BUF,0,0,1,10,17,3,20,0.0,1.064,0.26600000000053114,0.00765
b20_C,_4809_,AOI221,0,0,5,1,18,2,1,-1.3867187500071765e-05,2.926,1.3300000000008367,0.00765
b20_C,_4810_,OR3,0,5,3,6,8,32,394,-3.984375000154472e-06,1.596,0.26599999999962165,0.00765
b20_C,_4811_,NAND3,0,0,3,3,7,31,239,-9.960937501496403e-07,1.862,0.7979999999997744,0.00765
b20_C,_4812_,OAI211,0,0,4,5,9,30,167,-3.878906250021075e-05,2.394,1.0640000000003056,0.00765
b20_C,_4814_,AOI22,0,0,4,2,10,29,465,-0.0005048437500001501,2.394,1.0640000000003056,0.00765
b20_C,_4813_,AOI22,0,1,4,2,10,29,465,-0.0008345507812501651,2.394,1.0640000000003056,0.00765
b20_C,_4815_,AND2,0,0,2,8,11,27,374,-8.867187500261053e-06,1.33,0.26599999999962165,0.00765
b20_C,_4816_,NAND2,0,0,2,10,7,33,512,-9.570312502482636e-07,1.33,0.5320000000001528,0.00765
b20_C,_4817_,INV,0,0,1,2,8,32,280,-1.3671875009890755e-07,0.798,0.26599999999962165,0.00765
b20_C,_4818_,NAND2,0,0,2,5,9,31,199,-3.316406250020165e-05,1.33,0.5320000000001528,0.00765
b20_C,_4819_,CLKBUF,0,0,1,10,10,30,171,0.0,1.064,0.26600000000053114,0.00765
b20_C,_4820_,OAI22,0,0,4,2,13,25,86,0.0,2.394,1.0640000000003056,0.00765
b20_C,_4821_,NAND3,0,0,3,2,7,31,232,-1.953125017273294e-08,1.862,0.7979999999997744,0.00765
b20_C,_4822_,AND2,0,0,2,3,9,30,183,-1.6562500000150138e-05,1.33,0.26599999999962165,0.00765
b20_C,_4823_,AND2,0,0,2,1,10,29,165,-7.812500024684255e-08,1.33,0.26599999999962165,0.00765
b20_C,_4824_,BUF,0,0,1,7,11,28,164,0.0,1.064,0.26600000000053114,0.00765
b20_C,_4825_,NAND2,0,1,2,6,11,28,420,1.3300781249725446e-05,1.33,0.5320000000001528,0.00765
b20_C,_4826_,NOR2,0,0,2,7,9,30,246,-0.0008375000000002686,1.33,0.5320000000001528,0.00765
b20_C,_4827_,BUF,0,0,1,10,10,28,204,0.0,1.064,0.26600000000053114,0.00765
b20_C,_4828_,NOR2,0,0,2,3,8,31,275,-1.3671875009890755e-07,1.33,0.5320000000001528,0.00765
b20_C,_4829_,AOI211,0,0,4,4,9,30,221,-0.0007942968750001,2.394,1.0640000000003056,0.00765
b20_C,_4830_,CLKBUF,0,0,1,10,10,28,190,-1.953125017273294e-08,1.064,0.26600000000053114,0.00765
b20_C,_4831_,NAND2,0,0,2,8,12,27,545,1.9531249999538147e-06,1.33,0.5320000000001528,0.00765
b20_C,_4832_,AOI22,0,0,4,1,13,26,87,-9.160156250187512e-06,2.394,1.0640000000003056,0.00765
b20_C,_4833_,XNOR2,0,0,2,2,14,25,86,0.0,2.66,1.0640000000003056,0.00765
b20_C,_4834_,NAND2,0,0,2,3,15,24,83,0.0,1.33,0.5320000000001528,0.00765
b20_C,_4835_,NOR2,0,0,2,3,15,24,84,0.0,1.33,0.5320000000001528,0.00765
b20_C,_4836_,INV,0,0,1,1,16,4,3,0.0,0.798,0.26599999999962165,0.00765
b20_C,_4837_,AND2,0,0,2,1,17,3,2,0.0,1.33,0.26599999999962165,0.00765
b20_C,_4838_,NOR2,0,0,2,2,13,27,90,0.0,1.33,0.5320000000001528,0.00765
b20_C,_4839_,OAI21,0,0,3,1,3,31,697,0.0,1.862,0.7979999999997744,0.00765
b20_C,_4840_,XNOR2,0,0,2,9,4,30,696,5.097656250008242e-06,2.66,1.0640000000003056,0.00765
b20_C,_4841_,AND2,0,0,2,4,10,29,574,-8.552734375011362e-05,1.33,0.26599999999962165,0.00765
b20_C,_4842_,NOR2,0,0,2,2,5,30,577,-1.886718750010452e-05,1.33,0.5320000000001528,0.00765
b20_C,_4843_,XNOR2,0,0,2,1,6,31,1007,0.0,2.66,1.0640000000003056,0.00765
b20_C,_4844_,XNOR2,0,1,2,3,9,30,1006,-0.0015944726562500122,2.66,1.0640000000003056,0.00765
b20_C,_4845_,AOI211,0,0,4,4,10,29,574,-0.0001859765625003007,2.394,1.0640000000003056,0.00765
b20_C,_4846_,NOR2,0,0,2,7,11,28,563,7.050781249740012e-06,1.33,0.5320000000001528,0.00765
b20_C,_4847_,NOR2,0,0,2,2,12,27,90,-6.855468750233129e-06,1.33,0.5320000000001528,0.00765
b20_C,_4848_,NAND2,0,1,2,5,12,28,438,8.828124999915588e-06,1.33,0.5320000000001528,0.00765
b20_C,_4849_,OR2,0,0,2,4,11,28,100,-7.2851562502584954e-06,1.33,0.26599999999962165,0.00765
b20_C,_4850_,AOI22,0,0,4,1,13,27,90,-1.0546875000017053e-05,2.394,1.0640000000003056,0.00765
b20_C,_4851_,XNOR2,0,0,2,3,14,26,89,0.0,2.66,1.0640000000003056,0.00765
b20_C,_4852_,OR2,0,0,2,2,14,26,89,0.0,1.33,0.26599999999962165,0.00765
b20_C,_4853_,AND2,0,0,2,2,15,25,87,0.0,1.33,0.26599999999962165,0.00765
b20_C,_4854_,NOR2,0,0,2,3,7,31,317,0.0,1.33,0.5320000000001528,0.00765
b20_C,_4855_,AOI211,0,0,4,6,9,30,179,-0.0007941601562502232,2.394,1.0640000000003056,0.00765
b20_C,_4856_,NAND2,0,0,2,1,1,32,503,0.0,1.33,0.5320000000001528,0.00765
b20_C,_4857_,XNOR2,0,0,2,3,2,31,502,0.0,2.66,1.0640000000003056,0.00765
b20_C,_4858_,AOI22,0,0,4,2,10,30,498,-0.000504785156250076,2.394,1.0640000000003056,0.00765
b20_C,_4859_,AOI22,0,1,4,2,10,30,498,-0.0008341601562502632,2.394,1.0640000000003056,0.00765
b20_C,_4860_,NAND2,0,1,2,8,11,28,156,1.871093749983288e-05,1.33,0.5320000000001528,0.00765
b20_C,_4861_,NAND2,0,0,2,1,3,31,728,0.0,1.33,0.5320000000001528,0.00765
b20_C,_4862_,XNOR2,0,0,2,9,4,30,727,0.0,2.66,1.0640000000003056,0.00765
b20_C,_4863_,AND2,0,0,2,4,10,29,596,-8.507812500013756e-05,1.33,0.26599999999962165,0.00765
b20_C,_4864_,NOR2,0,0,2,2,5,30,599,-1.886718750010452e-05,1.33,0.5320000000001528,0.00765
b20_C,_4865_,OR2,0,1,2,1,8,31,1042,-0.0003153906250001892,1.33,0.26599999999962165,0.00765
b20_C,_4866_,XOR2,0,0,2,1,7,31,1042,9.179687499027978e-07,2.394,0.7980000000006839,0.00765
b20_C,_4868_,AOI211,0,0,4,4,10,29,596,-0.00020132812500039954,2.394,1.0640000000003056,0.00765
b20_C,_4867_,XNOR2,0,1,2,3,9,30,1041,4.3749999998343725e-06,2.66,1.0640000000003056,0.00765
b20_C,_4869_,OR2,0,0,2,7,11,28,387,2.734374997537259e-07,1.33,0.26599999999962165,0.00765
b20_C,_4870_,AOI22,0,0,4,3,12,26,93,-1.0585937500362519e-05,2.394,1.0640000000003056,0.00765
b20_C,_4871_,NAND3,0,0,3,5,9,30,160,-3.1523437500124984e-05,1.862,0.7979999999997744,0.00765
b20_C,_4872_,BUF,0,0,1,10,10,27,132,-2.734375001978151e-07,1.064,0.26600000000053114,0.00765
b20_C,_4873_,AOI22,0,0,4,1,12,27,94,-1.0527343750066365e-05,2.394,1.0640000000003056,0.00765
b20_C,_4874_,XNOR2,0,0,2,3,13,26,93,0.0,2.66,1.0640000000003056,0.00765
b20_C,_4875_,NOR2,0,0,2,2,14,25,87,0.0,1.33,0.5320000000001528,0.00765
b20_C,_4876_,NAND2,0,0,2,2,10,30,519,-0.0005860351562501087,1.33,0.5320000000001528,0.00765
b20_C,_4877_,NAND2,0,1,2,2,10,30,519,-0.0008456640625000844,1.33,0.5320000000001528,0.00765
b20_C,_4879_,XNOR2,0,0,2,1,1,32,524,0.0,2.66,1.0640000000003056,0.00765
b20_C,_4878_,NAND2,0,0,2,2,10,30,519,-0.00048589843750024286,1.33,0.5320000000001528,0.00765
b20_C,_4880_,INV,0,0,1,3,2,31,523,0.0,0.798,0.26599999999962165,0.00765
b20_C,_4881_,NAND2,0,0,2,2,10,30,519,-3.7109375017330137e-07,1.33,0.5320000000001528,0.00765
b20_C,_4882_,NAND4,0,1,4,8,11,29,490,1.2109374999846878e-05,2.394,1.0640000000003056,0.00765
b20_C,_4883_,NAND2,0,0,2,1,2,32,761,-0.0020714062500002406,1.33,0.5320000000001528,0.00765
b20_C,_4884_,XNOR2,0,0,2,10,3,31,760,1.9531249950688334e-08,2.66,1.0640000000003056,0.00765
b20_C,_4885_,OR2,0,0,2,2,5,34,1174,0.0,1.33,0.26599999999962165,0.00765
b20_C,_4886_,INV,0,0,1,1,1,34,1174,0.0,0.798,0.26599999999962165,0.00765
b20_C,_4887_,NOR2,0,0,2,1,4,34,1174,-3.660156250018254e-05,1.33,0.5320000000001528,0.00765
b20_C,_4888_,NOR2,0,0,2,1,4,34,1174,-0.0005917578125003153,1.33,0.5320000000001528,0.00765
b20_C,_4889_,NOR2,0,0,2,2,5,34,1248,-4.291015625002004e-05,1.33,0.5320000000001528,0.00765
b20_C,_4890_,AND2,0,0,2,2,5,34,1248,-0.0005009375000000205,1.33,0.26599999999962165,0.00765
b20_C,_4891_,NOR2,0,4,2,2,5,34,1248,-6.888671875016072e-05,1.33,0.5320000000001528,0.00765
b20_C,_4893_,INV,0,0,1,1,6,33,1089,0.0,0.798,0.26599999999962165,0.00765
b20_C,_4894_,OAI21,0,2,3,1,7,32,1088,-7.322265625009372e-05,1.862,0.7979999999997744,0.00765
b20_C,_4895_,NOR2,0,0,2,1,6,32,1088,1.2890624998540545e-06,1.33,0.5320000000001528,0.00765
b20_C,_4896_,XNOR2,0,2,2,2,8,31,1087,-2.1074218750083418e-05,2.66,1.0640000000003056,0.00765
b20_C,_4897_,MUX2,0,1,3,3,9,30,623,-1.953125017273294e-08,2.394,0.5320000000001528,0.00765
b20_C,_4898_,MUX2,0,0,3,9,10,29,501,-0.0008790625000003605,2.394,0.5320000000001528,0.00765
b20_C,_4899_,AOI22,0,0,4,1,12,28,99,-1.0371093750016769e-05,2.394,1.0640000000003056,0.00765
b20_C,_4900_,INV,0,0,1,2,13,27,98,0.0,0.798,0.26599999999962165,0.00765
b20_C,_4901_,AOI22,0,0,4,1,12,28,99,-1.035156250006608e-05,2.394,1.0640000000003056,0.00765
b20_C,_4902_,XNOR2,0,0,2,2,13,27,98,0.0,2.66,1.0640000000003056,0.00765
b20_C,_4903_,NOR2,0,0,2,3,14,26,95,0.0,1.33,0.5320000000001528,0.00765
b20_C,_4904_,OAI221,0,0,5,1,9,32,529,-5.839843750021778e-05,2.926,1.3300000000008367,0.00765
b20_C,_4905_,INV,0,0,1,2,1,33,531,0.0,0.798,0.26599999999962165,0.00765
b20_C,_4906_,OAI221,0,0,5,1,9,32,529,-6.742187500030639e-05,2.926,1.3300000000008367,0.00765
b20_C,_4907_,OAI221,0,0,5,1,9,32,529,-9.501953125012896e-05,2.926,1.3300000000008367,0.00765
b20_C,_4908_,OAI221,0,0,5,1,9,32,529,-9.332031250020023e-05,2.926,1.3300000000008367,0.00765
b20_C,_4909_,AND4,0,0,4,5,10,31,528,0.0,1.862,0.26600000000053114,0.00765
b20_C,_4910_,BUF,0,0,1,10,11,30,397,2.9296874997086775e-06,1.064,0.26600000000053114,0.00765
b20_C,_4911_,NOR2,0,0,2,2,12,29,101,-1.7773437501755751e-06,1.33,0.5320000000001528,0.00765
b20_C,_4912_,BUF,0,0,1,10,1,39,939,0.0,1.064,0.26600000000053114,0.00765
b20_C,_4913_,NOR3,0,0,3,1,2,35,788,-0.00046023437500020137,1.862,0.7979999999997744,0.00765
b20_C,_4914_,NOR2,0,0,2,1,3,34,787,0.0,1.33,0.5320000000001528,0.00765
b20_C,_4915_,XOR2,0,0,2,9,4,33,786,1.5820312497805133e-06,2.394,0.7980000000006839,0.00765
b20_C,_4916_,INV,0,0,1,2,5,32,613,-8.593750000507328e-07,0.798,0.26599999999962165,0.00765
b20_C,_4917_,AND2,0,0,2,1,5,32,540,-4.199218750056133e-06,1.33,0.26599999999962165,0.00765
b20_C,_4918_,NAND2,0,0,2,1,6,33,1123,0.0,1.33,0.5320000000001528,0.00765
b20_C,_4919_,XNOR2,0,2,2,3,7,32,1122,-8.505859375018687e-05,2.66,1.0640000000003056,0.00765
b20_C,_4920_,AOI21,0,0,3,1,8,31,539,-4.199218750011724e-05,1.862,0.7979999999997744,0.00765
b20_C,_4921_,MUX2,0,0,3,9,9,30,538,-0.0008758007812501578,2.394,0.5320000000001528,0.00765
b20_C,_4922_,NOR2,0,0,2,2,11,29,101,-2.734375001978151e-07,1.33,0.5320000000001528,0.00765
b20_C,_4923_,OAI211,0,0,4,9,9,30,154,-3.775390625015973e-05,2.394,1.0640000000003056,0.00765
b20_C,_4924_,OAI22,0,0,4,1,11,29,101,-1.796875000348308e-06,2.394,1.0640000000003056,0.00765
b20_C,_4925_,XNOR2,0,0,2,3,12,28,100,-5.664062501242739e-07,2.66,1.0640000000003056,0.00765
b20_C,_4926_,OR2,0,0,2,2,13,28,100,0.0,1.33,0.26599999999962165,0.00765
b20_C,_4927_,AND2,0,0,2,1,14,27,95,0.0,1.33,0.26599999999962165,0.00765
b20_C,_4928_,OAI221,0,0,5,2,9,31,546,-9.328125000007681e-05,2.926,1.3300000000008367,0.00765
b20_C,_4929_,OAI221,0,0,5,2,9,31,546,-5.839843750021778e-05,2.926,1.3300000000008367,0.00765
b20_C,_4930_,OAI221,0,0,5,2,9,31,546,-9.501953125012896e-05,2.926,1.3300000000008367,0.00765
b20_C,_4931_,OAI221,0,0,5,2,9,31,546,-6.742187500030639e-05,2.926,1.3300000000008367,0.00765
b20_C,_4932_,NAND4,0,0,4,8,10,30,536,1.4453124999036504e-06,2.394,1.0640000000003056,0.00765
b20_C,_4933_,OAI21,0,0,3,2,2,37,872,-0.0003230468750001769,1.862,0.7979999999997744,0.00765
b20_C,_4934_,XNOR2,0,0,2,2,3,35,813,0.0,2.66,1.0640000000003056,0.00765
b20_C,_4935_,NOR2,0,0,2,1,6,33,1150,-3.7031250000207905e-05,1.33,0.5320000000001528,0.00765
b20_C,_4936_,OR2,0,2,2,1,6,33,1150,1.849609374993122e-05,1.33,0.26599999999962165,0.00765
b20_C,_4937_,XNOR2,0,2,2,3,7,32,1149,1.4648437498543387e-06,2.66,1.0640000000003056,0.00765
b20_C,_4938_,MUX2,0,1,3,3,8,31,633,-7.324218750159872e-06,2.394,0.5320000000001528,0.00765
b20_C,_4939_,MUX2,0,0,3,10,9,30,630,-0.0008791210937504346,2.394,0.5320000000001528,0.00765
b20_C,_4940_,AOI22,0,0,4,3,11,28,104,-9.960937501496403e-07,2.394,1.0640000000003056,0.00765
b20_C,_4941_,AOI22,0,0,4,1,11,29,105,-9.960937501496403e-07,2.394,1.0640000000003056,0.00765
b20_C,_4942_,XNOR2,0,0,2,3,12,28,104,7.617187499864286e-06,2.66,1.0640000000003056,0.00765
b20_C,_4943_,NOR2,0,0,2,2,13,27,99,-2.5312500000040927e-05,1.33,0.5320000000001528,0.00765
b20_C,_4944_,OAI221,0,0,5,2,9,31,564,-6.742187500030639e-05,2.926,1.3300000000008367,0.00765
b20_C,_4945_,OAI221,0,0,5,2,9,31,564,-9.332031250020023e-05,2.926,1.3300000000008367,0.00765
b20_C,_4946_,OAI221,0,0,5,2,9,31,564,-9.501953125012896e-05,2.926,1.3300000000008367,0.00765
b20_C,_4947_,OAI221,0,0,5,2,9,31,564,-5.839843750021778e-05,2.926,1.3300000000008367,0.00765
b20_C,_4948_,AND4,0,0,4,7,10,30,152,-4.88281250099476e-07,1.862,0.26600000000053114,0.00765
b20_C,_4949_,INV,0,0,1,2,1,38,847,-0.000363300781250242,0.798,0.26599999999962165,0.00765
b20_C,_4950_,INV,0,0,1,3,2,38,864,0.0,0.798,0.26599999999962165,0.00765
b20_C,_4951_,NOR2,0,0,2,1,3,37,846,0.0,1.33,0.5320000000001528,0.00765
b20_C,_4952_,OAI22,0,0,4,10,4,36,845,1.0546874997796607e-06,2.394,1.0640000000003056,0.00765
b20_C,_4953_,INV,0,0,1,1,5,31,394,-1.5625000004959588e-07,0.798,0.26599999999962165,0.00765
b20_C,_4954_,XNOR2,0,2,2,1,5,34,1197,-0.0011416015625003162,2.66,1.0640000000003056,0.00765
b20_C,_4955_,XNOR2,0,2,2,2,6,33,1196,-2.2187500000159233e-05,2.66,1.0640000000003056,0.00765
b20_C,_4956_,MUX2,0,1,3,3,7,32,684,-7.812500000259348e-06,2.394,0.5320000000001528,0.00765
b20_C,_4957_,INV,0,0,1,1,8,31,394,-7.148437500159588e-06,0.798,0.26599999999962165,0.00765
b20_C,_4958_,BUF,0,44,1,10,9,31,979,0.0005561328124996656,1.064,0.26600000000053114,0.00765
b20_C,_4959_,MUX2,0,12,3,6,10,30,393,3.707031249966519e-05,2.394,0.5320000000001528,0.00765
b20_C,_4960_,OAI22,0,0,4,2,11,29,110,-9.878906250015973e-05,2.394,1.0640000000003056,0.00765
b20_C,_4961_,OAI221,0,0,5,2,11,29,110,-0.00010478515625034213,2.926,1.3300000000008367,0.00765
b20_C,_4962_,MUX2,0,69,3,2,9,31,575,-0.00314232421875027,2.394,0.5320000000001528,0.00765
b20_C,_4963_,BUF,0,69,1,10,10,30,573,0.00028884765624992426,1.064,0.26600000000053114,0.00765
b20_C,_4964_,NAND4,0,0,4,2,11,29,110,-0.0004657421875002843,2.394,1.0640000000003056,0.00765
b20_C,_4965_,AOI21,0,0,3,3,12,28,108,-1.9531250017301716e-07,1.862,0.7979999999997744,0.00765
b20_C,_4966_,OAI221,0,0,5,2,9,31,568,-9.332031250020023e-05,2.926,1.3300000000008367,0.00765
b20_C,_4967_,OAI221,0,0,5,2,9,31,568,-0.00021646484375015262,2.926,1.3300000000008367,0.00765
b20_C,_4968_,OAI221,0,0,5,2,9,31,568,-5.839843750021778e-05,2.926,1.3300000000008367,0.00765
b20_C,_4969_,OAI221,0,0,5,2,8,31,568,-0.00015583984375000526,2.926,1.3300000000008367,0.00765
b20_C,_4970_,NAND4,0,0,4,9,10,30,559,6.933593749813838e-06,2.394,1.0640000000003056,0.00765
b20_C,_4972_,AND2,0,1,2,2,5,33,1210,-0.000493457031250033,1.33,0.26599999999962165,0.00765
b20_C,_4971_,NAND3,0,0,3,1,4,34,1211,-4.787109375015142e-05,1.862,0.7979999999997744,0.00765
b20_C,_4973_,MUX2,0,0,3,3,6,32,693,-1.7871093750176925e-05,2.394,0.5320000000001528,0.00765
b20_C,_4974_,MUX2,0,9,3,9,9,30,583,-0.0013106835937501948,2.394,0.5320000000001528,0.00765
b20_C,_4975_,AOI222,0,0,6,3,11,29,116,-0.0011329101562502775,3.724,1.5960000000004584,0.00765
b20_C,_4976_,NAND2,0,0,2,1,9,30,118,-0.0009493945312502028,1.33,0.5320000000001528,0.00765
b20_C,_4977_,INV,0,0,1,1,7,31,401,0.0,0.798,0.26599999999962165,0.00765
b20_C,_4978_,MUX2,0,32,3,5,10,30,400,-0.0007336914062501254,2.394,0.5320000000001528,0.00765
b20_C,_4979_,AND4,0,0,4,3,10,30,156,0.0,1.862,0.26600000000053114,0.00765
b20_C,_4980_,OAI221,0,29,5,4,11,29,117,0.000799277343749738,2.926,1.3300000000008367,0.00765
b20_C,_4981_,MUX2,0,27,3,2,12,28,103,-9.207031250002551e-05,2.394,0.5320000000001528,0.00765
b20_C,_4983_,AOI221,0,26,5,2,13,27,99,-2.80078125001193e-05,2.926,1.3300000000008367,0.00765
b20_C,_4982_,NAND3,0,0,3,4,12,28,107,1.4062500000022737e-06,1.862,0.7979999999997744,0.00765
b20_C,_4985_,NAND2,0,0,2,3,14,26,96,0.0,1.33,0.5320000000001528,0.00765
b20_C,_4986_,AOI221,0,23,5,2,16,25,87,-0.0004041796875000614,2.926,1.3300000000008367,0.00765
b20_C,_4988_,XOR2,0,1,2,1,18,2,1,-0.000717539062500272,2.394,0.7980000000006839,0.00766
b20_C,_4989_,NAND4,0,0,4,9,12,5,57,-0.00022128906250040714,2.394,1.0640000000003056,0.00765
b20_C,_4990_,CLKBUF,0,0,1,10,13,4,32,3.6328124997098143e-06,1.064,0.26600000000053114,0.00765
b20_C,_4991_,CLKBUF,0,0,1,10,14,2,10,-1.0937500001251266e-06,1.064,0.26600000000053114,0.00765
b20_C,_4992_,OAI21,0,1,3,0,19,1,0,-1.1992187500142748e-05,1.862,0.7979999999997744,0.00765
b20_C,_4993_,INV,0,0,1,3,1,18,233,0.0,0.798,0.26599999999962165,0.00765
b20_C,_4994_,INV,0,0,1,3,1,23,370,0.0,0.798,0.26599999999962165,0.00765
b20_C,_4995_,INV,0,0,1,2,1,25,461,0.0,0.798,0.26599999999962165,0.00765
b20_C,_4996_,INV,0,0,1,2,1,27,605,0.0,0.798,0.26599999999962165,0.00765
b20_C,_4997_,INV,0,0,1,3,1,29,743,0.0,0.798,0.26599999999962165,0.00765
b20_C,_4998_,INV,0,0,1,1,1,31,883,0.0,0.798,0.26599999999962165,0.00765
b20_C,_4999_,NAND3,0,0,3,2,4,31,929,0.0,1.862,0.7979999999997744,0.00765
b20_C,_5000_,NOR2,0,0,2,3,5,30,882,0.0,1.33,0.5320000000001528,0.00765
b20_C,_5001_,NAND3,0,0,3,2,6,29,785,0.0,1.862,0.7979999999997744,0.00765
b20_C,_5002_,NOR2,0,0,2,3,7,28,741,0.0,1.33,0.5320000000001528,0.00765
b20_C,_5003_,NAND3,0,0,3,2,8,27,652,0.0,1.862,0.7979999999997744,0.00765
b20_C,_5004_,NOR2,0,0,2,3,9,26,604,0.0,1.33,0.5320000000001528,0.00765
b20_C,_5005_,NAND3,0,0,3,2,10,25,508,0.0,1.862,0.7979999999997744,0.00765
b20_C,_5006_,NOR2,0,0,2,3,11,24,458,0.0,1.33,0.5320000000001528,0.00765
b20_C,_5007_,NAND3,0,0,3,2,12,23,369,0.0,1.862,0.7979999999997744,0.00765
b20_C,_5008_,NOR2,0,0,2,3,13,22,325,0.0,1.33,0.5320000000001528,0.00765
b20_C,_5009_,NAND3,0,0,3,2,14,18,233,0.0,1.862,0.7979999999997744,0.00765
b20_C,_5010_,NOR2,0,0,2,4,15,17,186,0.0,1.33,0.5320000000001528,0.00765
b20_C,_5011_,NAND2,0,0,2,1,16,16,102,0.0,1.33,0.5320000000001528,0.00765
b20_C,_5012_,XNOR2,0,0,2,3,17,15,101,0.0,2.66,1.0640000000003056,0.00765
b20_C,_5013_,NAND2,0,0,2,1,18,4,3,0.0,1.33,0.5320000000001528,0.00765
b20_C,_5014_,BUF,0,5,1,10,10,27,775,6.77148437500108e-05,1.064,0.26600000000053114,0.00765
b20_C,_5015_,BUF,0,5,1,10,11,21,380,9.722656249966377e-05,1.064,0.26600000000053114,0.00765
b20_C,_5016_,BUF,0,0,1,10,10,25,584,4.042968749784492e-06,1.064,0.26600000000053114,0.00765
b20_C,_5017_,NAND3,0,0,3,1,16,16,83,0.0,1.862,0.7979999999997744,0.00765
b20_C,_5018_,XNOR2,0,0,2,3,17,15,82,0.0,2.66,1.0640000000003056,0.00765
b20_C,_5019_,AOI22,0,1,4,1,18,14,78,-4.7402343750224674e-05,2.394,1.0640000000003056,0.00765
b20_C,_5020_,INV,0,1,1,1,19,13,77,-2.6953125003004175e-06,0.798,0.26599999999962165,0.00765
b20_C,_5021_,BUF,0,2,1,10,10,27,774,-2.0253906250156106e-05,1.064,0.26600000000053114,0.00765
b20_C,_5022_,BUF,0,1,1,10,11,21,380,1.2285156249847162e-05,1.064,0.26600000000053114,0.00765
b20_C,_5023_,BUF,0,12,1,10,10,27,774,7.322265624987168e-05,1.064,0.26600000000053114,0.00765
b20_C,_5024_,BUF,0,5,1,10,11,21,402,8.044921874983402e-05,1.064,0.26600000000053114,0.00765
b20_C,_5025_,AOI221,0,1,5,6,20,12,76,-5.888671875009521e-05,2.926,1.3300000000008367,0.00765
b20_C,_5026_,BUF,0,1,1,10,21,9,45,2.5253906249744773e-05,1.064,0.26600000000053114,0.00765
b20_C,_5027_,OR2,0,0,2,5,8,7,209,-0.0003611132812502138,1.33,0.26599999999962165,0.00765
b20_C,_5028_,NAND3,0,0,3,2,13,6,56,-1.679687500022453e-05,1.862,0.7979999999997744,0.00765
b20_C,_5029_,XOR2,0,0,2,3,16,16,117,0.0,2.394,0.7980000000006839,0.00765
b20_C,_5030_,NAND2,0,0,2,2,17,15,112,-6.054687502476952e-07,1.33,0.5320000000001528,0.00765
b20_C,_5031_,NAND2,0,0,2,2,12,15,112,-2.1250000000083702e-05,1.33,0.5320000000001528,0.00765
b20_C,_5032_,NAND2,0,0,2,2,12,15,112,-5.265625000028251e-05,1.33,0.5320000000001528,0.00765
b20_C,_5033_,NAND2,0,1,2,2,12,15,112,-4.142578125021501e-05,1.33,0.5320000000001528,0.00765
b20_C,_5034_,AND4,0,0,4,8,18,14,71,-3.5351562501784173e-06,1.862,0.26600000000053114,0.00765
b20_C,_5035_,OAI221,0,0,5,1,22,3,2,-6.582031250257359e-06,2.926,1.3300000000008367,0.00765
b20_C,_5036_,BUF,0,0,1,10,10,27,682,-0.00018953125000020776,1.064,0.26600000000053114,0.00765
b20_C,_5037_,BUF,0,0,1,10,11,19,402,0.0,1.064,0.26600000000053114,0.00765
b20_C,_5038_,BUF,0,0,1,10,12,15,215,2.734374997537259e-07,1.064,0.26600000000053114,0.00765
b20_C,_5039_,BUF,0,1,1,10,6,33,1854,4.097656250001691e-05,1.064,0.26600000000053114,0.00765
b20_C,_5041_,BUF,0,1,1,10,8,23,1002,4.609374999997584e-05,1.064,0.26600000000053114,0.00765
b20_C,_5040_,BUF,0,1,1,10,7,27,1459,3.5312499999884395e-05,1.064,0.26600000000053114,0.00765
b20_C,_5042_,BUF,0,1,1,10,9,19,632,4.4101562499898606e-05,1.064,0.26600000000053114,0.00765
b20_C,_5043_,MUX2,0,0,3,3,10,17,300,-3.652343750104592e-06,2.394,0.5320000000001528,0.00765
b20_C,_5044_,XOR2,0,0,2,1,11,15,180,8.203124999273115e-07,2.394,0.7980000000006839,0.00765
b20_C,_5045_,MUX2,0,0,3,3,10,18,379,-3.652343750104592e-06,2.394,0.5320000000001528,0.00765
b20_C,_5046_,NOR2,0,0,2,1,11,17,298,0.0,1.33,0.5320000000001528,0.00765
b20_C,_5047_,MUX2,0,0,3,2,9,20,463,-3.6718750000552802e-06,2.394,0.5320000000001528,0.00765
b20_C,_5048_,AND2,0,0,2,3,10,18,460,0.0,1.33,0.26599999999962165,0.00765
b20_C,_5049_,NOR2,0,0,2,2,10,19,461,0.0,1.33,0.5320000000001528,0.00765
b20_C,_5050_,MUX2,0,0,3,2,9,20,544,-3.6718750000552802e-06,2.394,0.5320000000001528,0.00765
b20_C,_5051_,NOR2,0,0,2,3,10,19,542,0.0,1.33,0.5320000000001528,0.00765
b20_C,_5052_,BUF,0,2,1,10,5,32,1980,8.708984374994344e-05,1.064,0.26600000000053114,0.00765
b20_C,_5053_,BUF,0,2,1,10,6,31,1712,7.886718749983146e-05,1.064,0.26600000000053114,0.00765
b20_C,_5054_,BUF,0,2,1,10,7,28,1397,8.73828124998699e-05,1.064,0.26600000000053114,0.00765
b20_C,_5055_,BUF,0,2,1,10,8,24,1000,8.253906249988674e-05,1.064,0.26600000000053114,0.00765
b20_C,_5056_,AND2,0,0,2,2,9,22,627,-8.417968750062954e-06,1.33,0.26599999999962165,0.00765
b20_C,_5057_,AND2,0,0,2,2,9,22,627,-3.945312500253095e-06,1.33,0.26599999999962165,0.00765
b20_C,_5058_,OR2,0,0,2,2,10,21,626,0.0,1.33,0.26599999999962165,0.00765
b20_C,_5059_,AND2,0,0,2,1,11,20,543,0.0,1.33,0.26599999999962165,0.00765
b20_C,_5060_,MUX2,0,0,3,2,9,22,708,-3.6718750000552802e-06,2.394,0.5320000000001528,0.00765
b20_C,_5061_,AND2,0,0,2,4,10,21,705,0.0,1.33,0.26599999999962165,0.00765
b20_C,_5062_,NOR2,0,0,2,2,10,21,706,0.0,1.33,0.5320000000001528,0.00765
b20_C,_5063_,MUX2,0,0,3,3,9,22,787,-3.6718750000552802e-06,2.394,0.5320000000001528,0.00765
b20_C,_5064_,NOR2,0,0,2,2,10,21,706,0.0,1.33,0.5320000000001528,0.00765
b20_C,_5065_,AND2,0,0,2,2,8,24,867,-8.496093750087752e-06,1.33,0.26599999999962165,0.00765
b20_C,_5066_,AND2,0,0,2,2,8,24,867,-4.199218750056133e-06,1.33,0.26599999999962165,0.00765
b20_C,_5067_,OR2,0,0,2,2,9,23,866,0.0,1.33,0.26599999999962165,0.00765
b20_C,_5068_,AND2,0,0,2,2,10,22,864,0.0,1.33,0.26599999999962165,0.00765
b20_C,_5069_,MUX2,0,0,3,2,8,24,948,-3.945312500253095e-06,2.394,0.5320000000001528,0.00765
b20_C,_5070_,AND2,0,0,2,4,9,23,945,0.0,1.33,0.26599999999962165,0.00765
b20_C,_5071_,NOR2,0,0,2,2,9,23,946,0.0,1.33,0.5320000000001528,0.00765
b20_C,_5072_,MUX2,0,0,3,3,8,24,1030,-3.945312500253095e-06,2.394,0.5320000000001528,0.00765
b20_C,_5073_,NOR2,0,0,2,2,9,23,946,0.0,1.33,0.5320000000001528,0.00765
b20_C,_5074_,AND2,0,0,2,2,7,26,1110,-8.710937500211458e-06,1.33,0.26599999999962165,0.00765
b20_C,_5075_,AND2,0,0,2,2,8,26,1110,-4.199218750056133e-06,1.33,0.26599999999962165,0.00765
b20_C,_5076_,OR2,0,0,2,2,9,25,1109,0.0,1.33,0.26599999999962165,0.00765
b20_C,_5077_,AND2,0,0,2,1,10,24,1028,0.0,1.33,0.26599999999962165,0.00765
b20_C,_5078_,MUX2,0,0,3,2,7,26,1197,-3.964843750203784e-06,2.394,0.5320000000001528,0.00765
b20_C,_5079_,AND2,0,0,2,3,8,25,1194,0.0,1.33,0.26599999999962165,0.00765
b20_C,_5080_,NOR2,0,0,2,2,8,25,1195,0.0,1.33,0.5320000000001528,0.00765
b20_C,_5081_,MUX2,0,0,3,3,7,26,1277,-3.964843750203784e-06,2.394,0.5320000000001528,0.00765
b20_C,_5082_,NOR2,0,0,2,2,8,25,1195,0.0,1.33,0.5320000000001528,0.00765
b20_C,_5083_,AND2,0,0,2,2,7,28,1364,-8.710937500211458e-06,1.33,0.26599999999962165,0.00765
b20_C,_5084_,AND2,0,0,2,2,7,28,1364,-4.238281250179554e-06,1.33,0.26599999999962165,0.00765
b20_C,_5086_,AND2,0,0,2,1,9,26,1275,0.0,1.33,0.26599999999962165,0.00765
b20_C,_5085_,OR2,0,0,2,2,8,27,1363,0.0,1.33,0.26599999999962165,0.00765
b20_C,_5087_,MUX2,0,0,3,2,7,29,1453,-3.964843750203784e-06,2.394,0.5320000000001528,0.00765
b20_C,_5088_,AND2,0,0,2,3,8,28,1450,0.0,1.33,0.26599999999962165,0.00765
b20_C,_5089_,NOR2,0,0,2,2,8,28,1451,0.0,1.33,0.5320000000001528,0.00765
b20_C,_5091_,NOR2,0,0,2,2,7,28,1451,0.0,1.33,0.5320000000001528,0.00765
b20_C,_5090_,MUX2,0,0,3,3,6,29,1539,-3.945312500253095e-06,2.394,0.5320000000001528,0.00765
b20_C,_5092_,AND2,0,0,2,2,5,31,1621,-8.359375000210889e-06,1.33,0.26599999999962165,0.00765
b20_C,_5093_,AND2,0,0,2,2,6,31,1621,-4.218750000006821e-06,1.33,0.26599999999962165,0.00765
b20_C,_5094_,OR2,0,0,2,2,7,30,1620,0.0,1.33,0.26599999999962165,0.00765
b20_C,_5095_,AND2,0,0,2,1,8,29,1537,0.0,1.33,0.26599999999962165,0.00765
b20_C,_5096_,MUX2,0,0,3,2,6,31,1709,-3.945312500253095e-06,2.394,0.5320000000001528,0.00765
b20_C,_5097_,AND2,0,0,2,3,7,29,1706,0.0,1.33,0.26599999999962165,0.00765
b20_C,_5098_,NOR2,0,0,2,2,7,30,1707,0.0,1.33,0.5320000000001528,0.00765
b20_C,_5099_,MUX2,0,0,3,3,6,31,1792,-3.945312500253095e-06,2.394,0.5320000000001528,0.00765
b20_C,_5100_,NOR2,0,0,2,2,7,30,1707,0.0,1.33,0.5320000000001528,0.00765
b20_C,_5102_,AND2,0,0,2,2,5,33,1871,-4.199218750056133e-06,1.33,0.26599999999962165,0.00765
b20_C,_5101_,AND2,0,0,2,2,5,33,1871,-8.359375000210889e-06,1.33,0.26599999999962165,0.00765
b20_C,_5103_,OR2,0,0,2,2,6,32,1870,0.0,1.33,0.26599999999962165,0.00765
b20_C,_5104_,AND2,0,0,2,1,7,31,1790,0.0,1.33,0.26599999999962165,0.00765
b20_C,_5105_,AOI211,0,54,4,2,9,31,1869,-0.00044507812500027555,2.394,1.0640000000003056,0.00765
b20_C,_5107_,NAND2,0,0,2,2,7,30,1707,0.0,1.33,0.5320000000001528,0.00765
b20_C,_5108_,AOI211,0,48,4,2,11,29,1619,-0.00043927734375026617,2.394,1.0640000000003056,0.00765
b20_C,_5111_,AOI211,0,42,4,2,13,26,1362,-0.0003986132812501264,2.394,1.0640000000003056,0.00765
b20_C,_5110_,NAND2,0,0,2,2,7,28,1451,0.0,1.33,0.5320000000001528,0.00765
b20_C,_5113_,NAND2,0,0,2,2,8,25,1195,0.0,1.33,0.5320000000001528,0.00765
b20_C,_5114_,AOI211,0,36,4,2,15,24,1108,-0.00035570312500010637,2.394,1.0640000000003056,0.00765
b20_C,_5116_,NAND2,0,0,2,2,9,23,946,0.0,1.33,0.5320000000001528,0.00765
b20_C,_5117_,AOI211,0,30,4,3,17,22,866,-0.0002875781250000209,2.394,1.0640000000003056,0.00765
b20_C,_5119_,NAND2,0,0,2,2,10,21,706,0.0,1.33,0.5320000000001528,0.00765
b20_C,_5120_,AOI211,0,24,4,3,19,20,624,-0.000175214843750382,2.394,1.0640000000003056,0.00765
b20_C,_5122_,NAND2,0,0,2,3,10,19,541,0.0,1.33,0.5320000000001528,0.00765
b20_C,_5124_,AOI211,0,16,4,1,22,17,298,-0.00014080078125022766,2.394,1.0640000000003056,0.00765
b20_C,_5123_,AOI211,0,18,4,2,21,18,378,-0.00023072265625012633,2.394,1.0640000000003056,0.00765
b20_C,_5125_,OR2,0,16,2,3,23,16,297,0.00010105468749976865,1.33,0.26599999999962165,0.00765
b20_C,_5126_,XNOR2,0,2,2,2,24,14,179,-0.00020220703125017891,2.66,1.0640000000003056,0.00765
b20_C,_5127_,BUF,0,2,1,10,9,20,720,7.832031249987992e-05,1.064,0.26600000000053114,0.00765
b20_C,_5128_,BUF,0,2,1,10,10,17,463,9.351562499970711e-05,1.064,0.26600000000053114,0.00765
b20_C,_5130_,AND2,0,0,2,6,26,12,79,-3.8085937501541878e-06,1.33,0.26599999999962165,0.00765
b20_C,_5129_,MUX2,0,1,3,3,25,13,106,3.906249999019451e-07,2.394,0.5320000000001528,0.00765
b20_C,_5131_,BUF,0,0,1,10,7,8,208,0.0,1.064,0.26600000000053114,0.00765
b20_C,_5132_,NAND3,0,0,3,3,12,6,55,-0.0001768750000001873,1.862,0.7979999999997744,0.00765
b20_C,_5133_,CLKBUF,0,0,1,10,13,4,44,1.8554687497562838e-06,1.064,0.26600000000053114,0.00765
b20_C,_5134_,OAI21,0,0,3,10,14,3,20,-4.88281250099476e-07,1.862,0.7979999999997744,0.00765
b20_C,_5135_,BUF,0,2,1,10,3,6,109,8.166015624988532e-05,1.064,0.26600000000053114,0.00765
b20_C,_5136_,BUF,0,2,1,10,4,5,74,6.908203124966761e-05,1.064,0.26600000000053114,0.00765
b20_C,_5137_,AOI221,0,0,5,1,27,2,1,-1.79882812501031e-05,2.926,1.3300000000008367,0.00765
b20_C,_5138_,CLKBUF,0,0,1,10,10,26,116,0.0,1.064,0.26600000000053114,0.00765
b20_C,_5139_,AOI22,0,0,4,1,18,14,96,-2.1835937500158664e-05,2.394,1.0640000000003056,0.00765
b20_C,_5140_,AOI22,0,1,4,1,12,14,96,-8.810546875026581e-05,2.394,1.0640000000003056,0.00765
b20_C,_5141_,NAND2,0,1,2,3,19,13,95,1.2890624998540545e-06,1.33,0.5320000000001528,0.00765
b20_C,_5142_,BUF,0,1,1,10,20,12,89,4.2812499999822506e-05,1.064,0.26600000000053114,0.00765
b20_C,_5143_,INV,0,0,1,5,21,11,55,-8.847656250310365e-06,0.798,0.26599999999962165,0.00765
b20_C,_5144_,NAND2,0,0,2,8,26,12,75,-8.496093750309797e-06,1.33,0.5320000000001528,0.00765
b20_C,_5145_,CLKBUF,0,0,1,10,11,17,71,0.0,1.064,0.26600000000053114,0.00765
b20_C,_5146_,OAI22,0,0,4,3,27,5,8,-1.953125017273294e-08,2.394,1.0640000000003056,0.00765
b20_C,_5147_,BUF,0,0,1,10,12,23,107,3.906249990137667e-08,1.064,0.26600000000053114,0.00765
b20_C,_5148_,CLKBUF,0,0,1,10,11,22,126,0.0,1.064,0.26600000000053114,0.00765
b20_C,_5149_,CLKBUF,0,0,1,10,12,16,70,0.0,1.064,0.26600000000053114,0.00765
b20_C,_5150_,BUF,0,0,1,10,11,22,103,0.0,1.064,0.26600000000053114,0.00765
b20_C,_5151_,AOI22,0,0,4,1,27,6,9,-1.0214843750189218e-05,2.394,1.0640000000003056,0.00765
b20_C,_5153_,XNOR2,0,0,2,1,29,3,2,0.0,2.66,1.0640000000003056,0.00765
b20_C,_5152_,XNOR2,0,0,2,3,28,5,8,-1.5625000004959588e-07,2.66,1.0640000000003056,0.00765
b20_C,_5154_,CLKBUF,0,0,1,10,10,23,103,-1.953125017273294e-08,1.064,0.26600000000053114,0.00765
b20_C,_5155_,NAND4,0,1,4,9,18,13,77,2.808593749970001e-05,2.394,1.0640000000003056,0.00765
b20_C,_5156_,NOR2,0,2,2,1,22,17,221,-0.0002607226562501008,1.33,0.5320000000001528,0.00765
b20_C,_5157_,XOR2,0,0,2,1,11,17,221,2.363281249806448e-06,2.394,0.7980000000006839,0.00765
b20_C,_5158_,XNOR2,0,2,2,2,23,16,220,-3.226562500024954e-05,2.66,1.0640000000003056,0.00765
b20_C,_5159_,MUX2,0,1,3,3,24,15,129,-4.29687500247411e-07,2.394,0.5320000000001528,0.00765
b20_C,_5160_,AND2,0,0,2,2,25,12,113,-3.8085937501541878e-06,1.33,0.26599999999962165,0.00765
b20_C,_5161_,BUF,0,0,1,10,26,11,111,0.0,1.064,0.26600000000053114,0.00765
b20_C,_5162_,AOI22,0,0,4,2,27,7,12,-1.0781250000313491e-05,2.394,1.0640000000003056,0.00765
b20_C,_5163_,AOI22,0,0,4,1,27,8,13,-1.0781250000313491e-05,2.394,1.0640000000003056,0.00765
b20_C,_5164_,XNOR2,0,0,2,2,28,7,12,0.0,2.66,1.0640000000003056,0.00765
b20_C,_5165_,NOR2,0,0,2,2,29,5,9,0.0,1.33,0.5320000000001528,0.00765
b20_C,_5166_,AND2,0,0,2,2,29,6,10,0.0,1.33,0.26599999999962165,0.00765
b20_C,_5167_,AOI222,0,1,6,1,12,16,134,-0.0001003515625002116,3.724,1.5960000000004584,0.00765
b20_C,_5168_,XNOR2,0,0,2,3,15,16,139,0.0,2.66,1.0640000000003056,0.00765
b20_C,_5169_,OAI21,0,1,3,7,16,15,133,1.736328124968267e-05,1.862,0.7979999999997744,0.00765
b20_C,_5170_,BUF,0,1,1,10,17,12,100,4.394531249984901e-05,1.064,0.26600000000053114,0.00765
b20_C,_5171_,NAND2,0,0,2,1,18,9,17,-1.0292968750214015e-05,1.33,0.5320000000001528,0.00765
b20_C,_5172_,AOI21,0,2,3,2,21,18,342,-0.0004946289062499609,1.862,0.7979999999997744,0.00765
b20_C,_5173_,NOR2,0,0,2,1,11,17,262,0.0,1.33,0.5320000000001528,0.00765
b20_C,_5174_,XOR2,0,2,2,2,22,16,261,-3.898437500016172e-05,2.394,0.7980000000006839,0.00765
b20_C,_5175_,MUX2,0,1,3,3,23,15,154,2.6171874998315303e-06,2.394,0.5320000000001528,0.00765
b20_C,_5176_,NAND2,0,0,2,7,24,14,132,4.179687499661355e-06,1.33,0.5320000000001528,0.00765
b20_C,_5177_,OAI21,0,0,3,3,25,8,16,-3.3398437500054e-06,1.862,0.7979999999997744,0.00765
b20_C,_5178_,AND2,0,0,2,7,24,14,81,-3.3984375003015543e-06,1.33,0.26599999999962165,0.00765
b20_C,_5179_,AOI22,0,0,4,1,25,9,17,-1.035156250006608e-05,2.394,1.0640000000003056,0.00765
b20_C,_5180_,XNOR2,0,0,2,3,26,8,16,-1.5625000004959588e-07,2.66,1.0640000000003056,0.00765
b20_C,_5181_,AND2,0,0,2,1,27,7,10,0.0,1.33,0.26599999999962165,0.00765
b20_C,_5182_,NAND2,0,0,2,1,14,20,157,0.0,1.33,0.5320000000001528,0.00765
b20_C,_5183_,XOR2,0,0,2,3,15,19,156,0.0,2.394,0.7980000000006839,0.00765
b20_C,_5184_,NOR2,0,0,2,1,16,18,150,-2.734375001978151e-07,1.33,0.5320000000001528,0.00765
b20_C,_5185_,AOI21,0,0,3,2,17,17,149,-4.37890625002435e-05,1.862,0.7979999999997744,0.00765
b20_C,_5186_,AOI22,0,1,4,2,12,17,149,-5.1835937500133156e-05,2.394,1.0640000000003056,0.00765
b20_C,_5188_,AND2,0,2,2,1,21,18,297,-0.0002534960937501385,1.33,0.26599999999962165,0.00765
b20_C,_5187_,AND2,0,0,2,7,18,16,114,-4.960937500131379e-06,1.33,0.26599999999962165,0.00765
b20_C,_5189_,OAI22,0,2,4,2,22,17,296,-0.0007016210937500489,2.394,1.0640000000003056,0.00765
b20_C,_5190_,MUX2,0,1,3,3,23,16,171,-7.226562501738698e-07,2.394,0.5320000000001528,0.00765
b20_C,_5191_,NAND2,0,0,2,7,24,15,149,-8.24218750006267e-06,1.33,0.5320000000001528,0.00765
b20_C,_5192_,OAI22,0,0,4,3,25,9,20,-2.3437500029643843e-07,2.394,1.0640000000003056,0.00765
b20_C,_5193_,OAI22,0,0,4,1,25,10,21,-1.7773437503976197e-06,2.394,1.0640000000003056,0.00765
b20_C,_5194_,XNOR2,0,0,2,3,26,9,20,0.0,2.66,1.0640000000003056,0.00765
b20_C,_5195_,NOR2,0,0,2,1,27,8,14,-1.1718750014821921e-07,1.33,0.5320000000001528,0.00765
b20_C,_5196_,XOR2,0,0,2,3,14,21,171,0.0,2.394,0.7980000000006839,0.00765
b20_C,_5197_,AOI22,0,0,4,1,15,20,166,-0.00012064453125004704,2.394,1.0640000000003056,0.00765
b20_C,_5198_,INV,0,0,1,1,16,19,165,0.0,0.798,0.26599999999962165,0.00765
b20_C,_5199_,AOI221,0,1,5,3,17,18,164,-5.615234375033751e-05,2.926,1.3300000000008367,0.00765
b20_C,_5200_,BUF,0,1,1,10,18,16,158,2.472656249974392e-05,1.064,0.26600000000053114,0.00765
b20_C,_5201_,INV,0,0,1,6,19,15,112,-4.277343750302975e-06,0.798,0.26599999999962165,0.00765
b20_C,_5202_,OR2,0,0,2,3,10,18,194,-8.750000000112834e-06,1.33,0.26599999999962165,0.00765
b20_C,_5203_,XNOR2,0,0,2,2,11,20,341,0.0,2.66,1.0640000000003056,0.00765
b20_C,_5204_,OAI21,0,0,3,2,20,19,339,-0.0002814843750003071,1.862,0.7979999999997744,0.00765
b20_C,_5205_,OR3,0,2,3,2,20,19,339,-0.00011787109374994387,1.596,0.26599999999962165,0.00765
b20_C,_5206_,NAND3,0,1,3,3,21,18,194,-2.812500000026752e-05,1.862,0.7979999999997744,0.00765
b20_C,_5207_,AND3,0,0,3,7,22,17,153,-4.3359375001550404e-06,1.596,0.26599999999962165,0.00765
b20_C,_5208_,AOI22,0,0,4,3,23,10,24,-5.468750001735856e-07,2.394,1.0640000000003056,0.00765
b20_C,_5209_,NAND3,0,0,3,8,22,17,136,3.84765624983352e-06,1.862,0.7979999999997744,0.00765
b20_C,_5210_,OAI22,0,0,4,1,23,11,25,-1.8203125000226805e-05,2.394,1.0640000000003056,0.00765
b20_C,_5211_,XNOR2,0,0,2,3,24,10,24,-1.5625000004959588e-07,2.66,1.0640000000003056,0.00765
b20_C,_5212_,NAND2,0,0,2,1,25,9,18,0.0,1.33,0.5320000000001528,0.00765
b20_C,_5213_,XNOR2,0,0,2,3,13,22,189,0.0,2.66,1.0640000000003056,0.00765
b20_C,_5214_,NOR2,0,0,2,1,14,21,185,-2.734375001978151e-07,1.33,0.5320000000001528,0.00765
b20_C,_5215_,AOI21,0,0,3,2,15,20,184,-1.7167968750175788e-05,1.862,0.7979999999997744,0.00765
b20_C,_5216_,AOI22,0,1,4,2,12,20,184,-8.50976562503103e-05,2.394,1.0640000000003056,0.00765
b20_C,_5217_,AND2,0,0,2,5,16,18,162,-5.058593750106866e-06,1.33,0.26599999999962165,0.00765
b20_C,_5218_,OR2,0,0,2,2,10,19,167,-8.750000000112834e-06,1.33,0.26599999999962165,0.00765
b20_C,_5219_,AOI21,0,2,3,2,19,20,375,-0.0006360156250000415,1.862,0.7979999999997744,0.00765
b20_C,_5220_,NOR2,0,0,2,2,11,20,375,0.0,1.33,0.5320000000001528,0.00765
b20_C,_5221_,XOR2,0,1,2,2,20,19,167,-3.888671875018623e-05,2.394,0.7980000000006839,0.00765
b20_C,_5222_,OAI211,0,0,4,6,21,18,164,-1.4179687500170957e-05,2.394,1.0640000000003056,0.00765
b20_C,_5223_,OAI22,0,0,4,2,22,12,27,-1.953125017273294e-08,2.394,1.0640000000003056,0.00765
b20_C,_5224_,NAND2,0,1,2,10,16,19,173,3.9140624999767226e-05,1.33,0.5320000000001528,0.00765
b20_C,_5225_,BUF,0,21,1,10,11,29,752,0.000489316406249829,1.064,0.26600000000053114,0.00765
b20_C,_5226_,BUF,0,21,1,10,12,22,457,0.0005233007812499579,1.064,0.26600000000053114,0.00765
b20_C,_5227_,NOR2,0,0,2,1,9,19,207,-1.83593750002764e-05,1.33,0.5320000000001528,0.00765
b20_C,_5228_,XNOR2,0,1,2,2,20,19,362,-1.7558593750077733e-05,2.66,1.0640000000003056,0.00765
b20_C,_5229_,AOI211,0,0,4,8,21,18,206,-0.00012619140625025338,2.394,1.0640000000003056,0.00765
b20_C,_5230_,AOI22,0,0,4,1,22,13,28,-1.1093750000190639e-05,2.394,1.0640000000003056,0.00765
b20_C,_5231_,XNOR2,0,0,2,2,23,12,27,-3.906250034546588e-08,2.66,1.0640000000003056,0.00765
b20_C,_5232_,NOR2,0,0,2,2,24,10,24,2.4804687499546674e-06,1.33,0.5320000000001528,0.00765
b20_C,_5233_,AND2,0,1,2,2,12,20,203,-1.035156250006608e-05,1.33,0.26599999999962165,0.00765
b20_C,_5234_,NAND2,0,0,2,1,11,21,204,-5.537109375008953e-05,1.33,0.5320000000001528,0.00765
b20_C,_5235_,NAND2,0,0,2,1,12,23,208,0.0,1.33,0.5320000000001528,0.00765
b20_C,_5236_,XNOR2,0,0,2,3,13,22,207,0.0,2.66,1.0640000000003056,0.00765
b20_C,_5237_,AOI22,0,0,4,1,14,21,204,-5.3964843750087255e-05,2.394,1.0640000000003056,0.00765
b20_C,_5238_,NAND2,0,0,2,2,15,20,203,0.0,1.33,0.5320000000001528,0.00765
b20_C,_5239_,OR2,0,1,2,5,16,19,202,1.7031249999854836e-05,1.33,0.26599999999962165,0.00765
b20_C,_5240_,BUF,0,1,1,10,17,18,153,4.124999999977064e-05,1.064,0.26600000000053114,0.00765
b20_C,_5241_,XOR2,0,0,2,1,10,21,416,0.0,2.394,0.7980000000006839,0.00765
b20_C,_5242_,XNOR2,0,2,2,2,19,20,415,-0.0008024023437500638,2.66,1.0640000000003056,0.00765
b20_C,_5243_,MUX2,0,1,3,3,20,19,239,-8.63281250018666e-06,2.394,0.5320000000001528,0.00765
b20_C,_5244_,AND2,0,0,2,7,21,18,136,-3.7500000003021228e-06,1.33,0.26599999999962165,0.00765
b20_C,_5245_,AOI22,0,0,4,3,22,12,30,3.535156249734328e-06,2.394,1.0640000000003056,0.00765
b20_C,_5246_,AOI22,0,0,4,1,22,13,31,-1.052734375028841e-05,2.394,1.0640000000003056,0.00765
b20_C,_5247_,XNOR2,0,0,2,3,23,12,30,0.0,2.66,1.0640000000003056,0.00765
b20_C,_5248_,NAND2,0,0,2,1,24,11,24,-8.828125000359677e-06,1.33,0.5320000000001528,0.00765
b20_C,_5249_,XOR2,0,0,2,3,12,21,226,0.0,2.394,0.7980000000006839,0.00765
b20_C,_5250_,AOI22,0,0,4,2,13,20,221,-5.6757812500141114e-05,2.394,1.0640000000003056,0.00765
b20_C,_5251_,AOI22,0,1,4,2,11,20,221,-0.0001237500000002001,2.394,1.0640000000003056,0.00765
b20_C,_5252_,NAND2,0,1,2,10,14,19,176,3.539062499990919e-05,1.33,0.5320000000001528,0.00765
b20_C,_5253_,NOR2,0,0,2,2,9,20,263,-1.83593750002764e-05,1.33,0.5320000000001528,0.00765
b20_C,_5255_,OR4,0,2,4,1,18,21,454,-0.00016820312500009926,1.862,0.26600000000053114,0.00765
b20_C,_5254_,OR2,0,0,2,1,18,21,454,-0.00020957031250024016,1.33,0.26599999999962165,0.00765
b20_C,_5256_,AOI22,0,2,4,3,19,20,453,-0.0006164843750002813,2.394,1.0640000000003056,0.00765
b20_C,_5257_,AOI211,0,0,4,5,20,19,168,-0.00014595703125008797,2.394,1.0640000000003056,0.00765
b20_C,_5258_,AOI22,0,0,4,3,21,14,35,-9.80468750011454e-06,2.394,1.0640000000003056,0.00765
b20_C,_5259_,AOI22,0,0,4,1,21,15,36,-9.80468750011454e-06,2.394,1.0640000000003056,0.00765
b20_C,_5260_,XNOR2,0,0,2,3,22,14,35,0.0,2.66,1.0640000000003056,0.00765
b20_C,_5261_,NOR2,0,0,2,1,23,13,29,0.0,1.33,0.5320000000001528,0.00765
b20_C,_5263_,AOI22,0,0,4,1,12,21,242,-5.3964843750087255e-05,2.394,1.0640000000003056,0.00765
b20_C,_5262_,XNOR2,0,0,2,3,11,22,247,0.0,2.66,1.0640000000003056,0.00765
b20_C,_5264_,AOI22,0,1,4,1,11,21,242,-0.00013732421875012335,2.394,1.0640000000003056,0.00765
b20_C,_5265_,AND2,0,1,2,8,13,20,241,1.660156249982947e-05,1.33,0.26599999999962165,0.00765
b20_C,_5266_,BUF,0,1,1,10,14,17,101,2.4374999999743352e-05,1.064,0.26600000000053114,0.00765
b20_C,_5267_,NOR2,0,0,2,1,11,20,168,0.0,1.33,0.5320000000001528,0.00765
b20_C,_5268_,AOI21,0,2,3,1,17,22,494,-0.0007937304687501978,1.862,0.7979999999997744,0.00765
b20_C,_5269_,NOR2,0,0,2,1,10,22,494,0.0,1.33,0.5320000000001528,0.00765
b20_C,_5270_,XOR2,0,2,2,2,18,21,493,-4.089843750021416e-05,2.394,0.7980000000006839,0.00765
b20_C,_5271_,MUX2,0,1,3,3,19,20,287,8.203124999273115e-07,2.394,0.5320000000001528,0.00765
b20_C,_5272_,AOI21,0,0,3,7,20,19,167,-6.6796875000108e-06,1.862,0.7979999999997744,0.00765
b20_C,_5273_,OAI22,0,0,4,3,21,15,39,-5.664062500354561e-06,2.394,1.0640000000003056,0.00765
b20_C,_5274_,OAI22,0,0,4,1,21,16,40,-7.1875000000609646e-06,2.394,1.0640000000003056,0.00765
b20_C,_5275_,XNOR2,0,0,2,3,22,15,39,0.0,2.66,1.0640000000003056,0.00765
b20_C,_5276_,NOR2,0,0,2,1,23,14,33,-1.5625000004959588e-07,1.33,0.5320000000001528,0.00765
b20_C,_5277_,NAND2,0,0,2,1,10,25,269,0.0,1.33,0.5320000000001528,0.00765
b20_C,_5278_,XNOR2,0,0,2,3,11,24,268,0.0,2.66,1.0640000000003056,0.00765
b20_C,_5279_,AOI22,0,0,4,2,12,23,264,-5.6757812500141114e-05,2.394,1.0640000000003056,0.00765
b20_C,_5280_,AOI22,0,1,4,2,11,23,264,-0.00012380859375005215,2.394,1.0640000000003056,0.00765
b20_C,_5281_,NAND2,0,1,2,2,13,22,250,-2.5195312503001333e-06,1.33,0.5320000000001528,0.00765
b20_C,_5282_,BUF,0,1,1,10,14,21,248,4.308593749979828e-05,1.064,0.26600000000053114,0.00765
b20_C,_5283_,XOR2,0,0,2,1,9,23,534,0.0,2.394,0.7980000000006839,0.00765
b20_C,_5284_,XNOR2,0,2,2,2,17,22,533,-0.0009583984375001187,2.66,1.0640000000003056,0.00765
b20_C,_5285_,MUX2,0,1,3,3,18,21,308,-7.167968750110276e-06,2.394,0.5320000000001528,0.00765
b20_C,_5286_,BUF,0,0,1,10,3,30,807,0.0,1.064,0.26600000000053114,0.00765
b20_C,_5287_,NAND2,0,0,2,1,4,23,330,-0.003952539062500371,1.33,0.5320000000001528,0.00765
b20_C,_5288_,XNOR2,0,0,2,10,5,22,329,0.0,2.66,1.0640000000003056,0.00765
b20_C,_5289_,MUX2,0,0,3,7,19,20,238,-5.0058593750179625e-05,2.394,0.5320000000001528,0.00765
b20_C,_5290_,AOI22,0,0,4,2,20,17,43,-1.0253906250090594e-05,2.394,1.0640000000003056,0.00765
b20_C,_5291_,AOI22,0,0,4,1,20,18,44,-1.0253906250090594e-05,2.394,1.0640000000003056,0.00765
b20_C,_5292_,XNOR2,0,0,2,2,21,17,43,0.0,2.66,1.0640000000003056,0.00765
b20_C,_5293_,NAND2,0,0,2,2,22,15,40,0.0,1.33,0.5320000000001528,0.00765
b20_C,_5294_,AOI22,0,1,4,2,11,22,280,-0.00013191406250001592,2.394,1.0640000000003056,0.00765
b20_C,_5296_,NOR2,0,0,2,1,11,23,281,-2.734375001978151e-07,1.33,0.5320000000001528,0.00765
b20_C,_5295_,XNOR2,0,0,2,3,10,24,284,0.0,2.66,1.0640000000003056,0.00765
b20_C,_5297_,AOI21,0,0,3,2,12,22,280,-4.322265625011923e-05,1.862,0.7979999999997744,0.00765
b20_C,_5298_,AND2,0,0,2,8,13,20,246,-5.019531250205489e-06,1.33,0.26599999999962165,0.00765
b20_C,_5299_,NAND3,0,0,3,1,3,25,422,-0.007230253906250095,1.862,0.7979999999997744,0.00765
b20_C,_5300_,NAND2,0,0,2,2,4,24,421,0.0,1.33,0.5320000000001528,0.00765
b20_C,_5301_,XNOR2,0,0,2,9,5,22,360,0.0,2.66,1.0640000000003056,0.00765
b20_C,_5302_,AND2,0,0,2,1,12,21,224,-5.2109375000108926e-05,1.33,0.26599999999962165,0.00765
b20_C,_5303_,NOR2,0,2,2,1,16,23,571,-0.0005256640625002085,1.33,0.5320000000001528,0.00765
b20_C,_5304_,XOR2,0,0,2,1,10,23,571,1.0546875000017053e-06,2.394,0.7980000000006839,0.00765
b20_C,_5305_,XNOR2,0,2,2,2,17,22,570,-2.8085937500144098e-05,2.66,1.0640000000003056,0.00765
b20_C,_5306_,MUX2,0,1,3,3,18,21,332,-3.105468750153051e-06,2.394,0.5320000000001528,0.00765
b20_C,_5307_,AOI21,0,0,3,9,19,20,223,0.00019960937499963194,1.862,0.7979999999997744,0.00765
b20_C,_5308_,OAI22,0,0,4,3,20,17,46,-3.8359375000407425e-05,2.394,1.0640000000003056,0.00765
b20_C,_5309_,NAND2,0,1,2,9,13,21,124,3.177734374992802e-05,1.33,0.5320000000001528,0.00765
b20_C,_5310_,MUX2,0,0,3,8,19,20,287,-4.966796875027768e-05,2.394,0.5320000000001528,0.00765
b20_C,_5311_,AOI22,0,0,4,1,20,18,47,-1.0664062500165272e-05,2.394,1.0640000000003056,0.00765
b20_C,_5312_,XNOR2,0,0,2,3,21,17,46,-1.5625000004959588e-07,2.66,1.0640000000003056,0.00765
b20_C,_5313_,NAND2,0,0,2,1,22,16,40,-1.3671875009890755e-07,1.33,0.5320000000001528,0.00765
b20_C,_5314_,AOI22,0,1,4,2,11,23,303,-0.0001237500000002001,2.394,1.0640000000003056,0.00765
b20_C,_5315_,XNOR2,0,0,2,3,9,24,305,0.0,2.66,1.0640000000003056,0.00765
b20_C,_5316_,AOI22,0,0,4,2,11,23,303,-5.193359375010864e-05,2.394,1.0640000000003056,0.00765
b20_C,_5318_,BUF,0,1,1,10,13,21,239,4.52539062498758e-05,1.064,0.26600000000053114,0.00765
b20_C,_5317_,NAND2,0,1,2,5,12,22,295,1.21484374999703e-05,1.33,0.5320000000001528,0.00765
b20_C,_5319_,INV,0,0,1,2,1,25,397,0.0,0.798,0.26599999999962165,0.00765
b20_C,_5320_,NAND2,0,0,2,3,3,30,753,-0.007577285156250113,1.33,0.5320000000001528,0.00765
b20_C,_5321_,OR2,0,0,2,4,4,28,573,0.0,1.33,0.26599999999962165,0.00765
b20_C,_5322_,NOR3,0,0,3,1,5,25,397,0.0,1.862,0.7979999999997744,0.00765
b20_C,_5323_,NOR2,0,0,2,1,6,24,396,0.0,1.33,0.5320000000001528,0.00765
b20_C,_5325_,NAND2,0,0,2,1,12,22,222,-0.00010478515625012008,1.33,0.5320000000001528,0.00765
b20_C,_5324_,OAI22,0,0,4,9,7,23,395,5.292968749959215e-06,2.394,1.0640000000003056,0.00765
b20_C,_5326_,INV,0,0,1,1,1,23,359,0.0,0.798,0.26599999999962165,0.00765
b20_C,_5327_,AOI21,0,2,3,1,15,24,619,-0.0009371093750001336,1.862,0.7979999999997744,0.00765
b20_C,_5328_,NOR2,0,0,2,1,9,24,619,2.1484374990166089e-07,1.33,0.5320000000001528,0.00765
b20_C,_5329_,XNOR2,0,2,2,2,16,23,618,-2.013671875022993e-05,2.66,1.0640000000003056,0.00765
b20_C,_5330_,MUX2,0,1,3,3,17,22,358,1.0546875000017053e-06,2.394,0.5320000000001528,0.00765
b20_C,_5331_,OAI21,0,0,3,9,18,21,221,-0.00013535156250021885,1.862,0.7979999999997744,0.00765
b20_C,_5332_,AOI22,0,0,4,3,19,18,50,-1.0703125000066649e-05,2.394,1.0640000000003056,0.00765
b20_C,_5333_,AOI22,0,0,4,1,19,20,52,-1.068359375011596e-05,2.394,1.0640000000003056,0.00765
b20_C,_5334_,XNOR2,0,0,2,2,20,19,51,-1.5625000004959588e-07,2.66,1.0640000000003056,0.00765
b20_C,_5335_,INV,0,0,1,2,21,18,46,0.0,0.798,0.26599999999962165,0.00765
b20_C,_5336_,NAND2,0,0,2,1,22,17,44,0.0,1.33,0.5320000000001528,0.00765
b20_C,_5337_,AND2,0,0,2,3,11,23,318,-1.6347656250026432e-05,1.33,0.26599999999962165,0.00765
b20_C,_5338_,NAND2,0,1,2,1,11,24,319,-0.00011335937500023263,1.33,0.5320000000001528,0.00765
b20_C,_5339_,NAND2,0,0,2,1,11,24,319,-5.2441406250158806e-05,1.33,0.5320000000001528,0.00765
b20_C,_5340_,NAND2,0,0,2,1,8,25,322,0.0,1.33,0.5320000000001528,0.00765
b20_C,_5341_,XOR2,0,0,2,3,9,24,321,0.0,2.394,0.7980000000006839,0.00765
b20_C,_5342_,OAI211,0,1,4,3,12,23,318,7.031250000011369e-07,2.394,1.0640000000003056,0.00765
b20_C,_5343_,OR2,0,1,2,7,13,22,122,3.060546875000014e-05,1.33,0.26599999999962165,0.00765
b20_C,_5344_,AND2,0,0,2,2,8,24,381,-4.199218750056133e-06,1.33,0.26599999999962165,0.00765
b20_C,_5345_,XOR2,0,0,2,1,8,25,655,0.0,2.394,0.7980000000006839,0.00765
b20_C,_5346_,XNOR2,0,2,2,3,15,24,654,-0.0011126953125000227,2.66,1.0640000000003056,0.00765
b20_C,_5347_,AOI211,0,0,4,2,16,23,378,-0.00014634765625021195,2.394,1.0640000000003056,0.00765
b20_C,_5348_,OAI21,0,0,3,1,5,25,426,0.0,1.862,0.7979999999997744,0.00765
b20_C,_5349_,XNOR2,0,0,2,9,6,24,425,0.0,2.66,1.0640000000003056,0.00765
b20_C,_5350_,NOR2,0,0,2,2,11,23,378,0.0,1.33,0.5320000000001528,0.00765
b20_C,_5351_,NOR2,0,0,2,9,17,22,355,0.0,1.33,0.5320000000001528,0.00765
b20_C,_5352_,AOI22,0,0,4,2,18,20,54,-1.0507812500115676e-05,2.394,1.0640000000003056,0.00765
b20_C,_5353_,AOI22,0,0,4,1,18,21,55,-1.0507812500115676e-05,2.394,1.0640000000003056,0.00765
b20_C,_5354_,XNOR2,0,0,2,2,19,20,54,0.0,2.66,1.0640000000003056,0.00765
b20_C,_5355_,NAND2,0,0,2,2,20,19,52,0.0,1.33,0.5320000000001528,0.00765
b20_C,_5356_,INV,0,0,1,1,21,18,48,0.0,0.798,0.26599999999962165,0.00765
b20_C,_5357_,AOI22,0,1,4,2,11,24,339,-8.132812500027953e-05,2.394,1.0640000000003056,0.00765
b20_C,_5358_,NAND2,0,0,2,2,11,24,339,-0.00011339843750013401,1.33,0.5320000000001528,0.00765
b20_C,_5359_,XOR2,0,0,2,3,8,25,344,0.0,2.394,0.7980000000006839,0.00765
b20_C,_5360_,NAND2,0,0,2,2,11,24,339,-6.054687502476952e-07,1.33,0.5320000000001528,0.00765
b20_C,_5361_,NAND3,0,1,3,8,12,23,248,2.8574218749799485e-05,1.862,0.7979999999997744,0.00765
b20_C,_5362_,AND2,0,0,2,1,8,24,403,-4.199218750056133e-06,1.33,0.26599999999962165,0.00765
b20_C,_5363_,NOR2,0,2,2,1,14,25,701,-0.0006183398437502596,1.33,0.5320000000001528,0.00765
b20_C,_5364_,XNOR2,0,0,2,1,9,25,701,0.0,2.66,1.0640000000003056,0.00765
b20_C,_5365_,XOR2,0,2,2,3,15,24,700,-2.015625000018062e-05,2.394,0.7980000000006839,0.00765
b20_C,_5366_,AOI211,0,0,4,3,16,23,402,-0.00015656250000017913,2.394,1.0640000000003056,0.00765
b20_C,_5367_,OAI21,0,0,3,1,5,25,458,0.0,1.862,0.7979999999997744,0.00765
b20_C,_5368_,XNOR2,0,0,2,9,6,24,457,0.0,2.66,1.0640000000003056,0.00765
b20_C,_5369_,NOR2,0,0,2,3,11,23,402,0.0,1.33,0.5320000000001528,0.00765
b20_C,_5370_,NOR2,0,0,2,10,17,22,343,0.0,1.33,0.5320000000001528,0.00765
b20_C,_5371_,AOI22,0,0,4,2,18,20,58,-1.0449218750263611e-05,2.394,1.0640000000003056,0.00765
b20_C,_5372_,AOI22,0,0,4,1,18,21,59,-1.0449218750263611e-05,2.394,1.0640000000003056,0.00765
b20_C,_5373_,XNOR2,0,0,2,2,19,20,58,0.0,2.66,1.0640000000003056,0.00765
b20_C,_5374_,NAND2,0,0,2,2,20,19,56,0.0,1.33,0.5320000000001528,0.00765
b20_C,_5375_,XNOR2,0,0,2,3,7,27,355,0.0,2.66,1.0640000000003056,0.00765
b20_C,_5376_,NAND2,0,0,2,2,10,26,351,1.5624999982755128e-07,1.33,0.5320000000001528,0.00765
b20_C,_5377_,NAND2,0,0,2,2,11,26,351,-5.537109375008953e-05,1.33,0.5320000000001528,0.00765
b20_C,_5378_,NAND2,0,1,2,2,11,26,351,-0.00011019531250022752,1.33,0.5320000000001528,0.00765
b20_C,_5379_,NAND2,0,0,2,2,11,26,351,-5.337890625023434e-05,1.33,0.5320000000001528,0.00765
b20_C,_5380_,NAND4,0,1,4,2,12,25,344,-6.582031250257359e-06,2.394,1.0640000000003056,0.00765
b20_C,_5381_,BUF,0,1,1,10,13,24,342,4.363281249997186e-05,1.064,0.26600000000053114,0.00765
b20_C,_5382_,AND2,0,0,2,2,8,26,426,-4.199218750056133e-06,1.33,0.26599999999962165,0.00765
b20_C,_5383_,AOI21,0,2,3,1,13,27,740,-0.0010806250000001683,1.862,0.7979999999997744,0.00765
b20_C,_5384_,NOR2,0,0,2,1,9,27,740,0.0,1.33,0.5320000000001528,0.00765
b20_C,_5386_,AOI211,0,0,4,3,15,25,423,-0.0001357226562501701,2.394,1.0640000000003056,0.00765
b20_C,_5385_,XOR2,0,2,2,3,14,26,739,-3.353515625015291e-05,2.394,0.7980000000006839,0.00765
b20_C,_5387_,NAND2,0,0,2,1,5,27,488,0.0,1.33,0.5320000000001528,0.00765
b20_C,_5388_,XNOR2,0,0,2,9,6,26,487,2.832031249955236e-06,2.66,1.0640000000003056,0.00765
b20_C,_5389_,NOR2,0,0,2,3,10,25,423,-0.00036351562500014367,1.33,0.5320000000001528,0.00765
b20_C,_5390_,NOR2,0,0,2,5,16,24,371,0.0,1.33,0.5320000000001528,0.00765
b20_C,_5391_,BUF,0,0,1,10,17,23,273,0.0,1.064,0.26600000000053114,0.00765
b20_C,_5392_,AOI22,0,0,4,2,18,22,62,-1.0097656250263043e-05,2.394,1.0640000000003056,0.00765
b20_C,_5393_,INV,0,0,1,2,19,21,57,0.0,0.798,0.26599999999962165,0.00765
b20_C,_5394_,AOI22,0,0,4,1,18,22,62,-1.0097656250263043e-05,2.394,1.0640000000003056,0.00765
b20_C,_5395_,XNOR2,0,0,2,3,19,21,61,-1.5625000004959588e-07,2.66,1.0640000000003056,0.00765
b20_C,_5396_,NAND2,0,0,2,1,20,20,55,0.0,1.33,0.5320000000001528,0.00765
b20_C,_5397_,NAND2,0,0,2,2,10,27,376,-0.0005860351562501087,1.33,0.5320000000001528,0.00765
b20_C,_5398_,NAND2,0,1,2,2,10,27,376,-0.0008680273437500219,1.33,0.5320000000001528,0.00765
b20_C,_5399_,NAND2,0,0,2,2,10,27,376,-0.0004858789062502922,1.33,0.5320000000001528,0.00765
b20_C,_5400_,NAND2,0,0,2,1,6,29,382,0.0,1.33,0.5320000000001528,0.00765
b20_C,_5401_,XOR2,0,0,2,3,7,28,381,0.0,2.394,0.7980000000006839,0.00765
b20_C,_5402_,OR2,0,0,2,2,10,27,376,-1.1718750014821921e-07,1.33,0.26599999999962165,0.00765
b20_C,_5403_,AND4,0,0,4,1,11,26,366,-9.277343750113687e-06,1.862,0.26600000000053114,0.00765
b20_C,_5404_,BUF,0,0,1,10,12,25,365,6.210937499862013e-06,1.064,0.26600000000053114,0.00765
b20_C,_5405_,NOR2,0,0,2,2,13,23,68,-3.5156250000056843e-06,1.33,0.5320000000001528,0.00765
b20_C,_5406_,NOR2,0,0,2,2,7,26,451,-1.9667968750081144e-05,1.33,0.5320000000001528,0.00765
b20_C,_5407_,XNOR2,0,0,2,1,7,27,783,0.0,2.66,1.0640000000003056,0.00765
b20_C,_5408_,XNOR2,0,2,2,3,13,26,782,-0.001280761718750023,2.66,1.0640000000003056,0.00765
b20_C,_5409_,AOI211,0,0,4,4,14,25,448,-0.00014564453124998877,2.394,1.0640000000003056,0.00765
b20_C,_5410_,OAI21,0,0,3,2,4,29,577,0.0,1.862,0.7979999999997744,0.00765
b20_C,_5411_,INV,0,0,1,1,5,28,521,0.0,0.798,0.26599999999962165,0.00765
b20_C,_5412_,AOI21,0,0,3,1,6,27,520,0.0,1.862,0.7979999999997744,0.00765
b20_C,_5413_,XNOR2,0,0,2,9,7,26,519,0.0,2.66,1.0640000000003056,0.00765
b20_C,_5414_,AND2,0,0,2,4,11,25,448,-5.1074218750279954e-05,1.33,0.26599999999962165,0.00765
b20_C,_5415_,NOR2,0,0,2,7,15,24,439,4.2382812499575095e-06,1.33,0.5320000000001528,0.00765
b20_C,_5416_,NOR2,0,0,2,2,16,23,68,-7.109375000258211e-06,1.33,0.5320000000001528,0.00765
b20_C,_5417_,NAND4,0,1,4,5,11,24,352,7.226562499518252e-07,2.394,1.0640000000003056,0.00765
b20_C,_5418_,OR2,0,0,2,5,15,24,119,0.0,1.33,0.26599999999962165,0.00765
b20_C,_5419_,AOI22,0,0,4,1,16,23,68,-1.04687500002143e-05,2.394,1.0640000000003056,0.00765
b20_C,_5420_,XNOR2,0,0,2,3,17,22,67,-1.1718750014821921e-07,2.66,1.0640000000003056,0.00765
b20_C,_5421_,OR2,0,0,2,2,17,22,67,0.0,1.33,0.26599999999962165,0.00765
b20_C,_5422_,AND2,0,0,2,3,18,21,65,-1.9531250394777544e-08,1.33,0.26599999999962165,0.00765
b20_C,_5423_,AOI22,0,1,4,1,10,26,397,-0.0009313671875001983,2.394,1.0640000000003056,0.00765
b20_C,_5424_,XOR2,0,0,2,3,6,27,401,0.0,2.394,0.7980000000006839,0.00765
b20_C,_5425_,AOI22,0,0,4,1,10,26,397,-0.0005998437500001064,2.394,1.0640000000003056,0.00765
b20_C,_5426_,AND2,0,1,2,7,11,25,396,1.2890624999872813e-05,1.33,0.26599999999962165,0.00765
b20_C,_5427_,BUF,0,1,1,10,12,24,160,2.4042968749915516e-05,1.064,0.26600000000053114,0.00765
b20_C,_5428_,NOR2,0,0,2,2,6,26,471,-1.8769531250129035e-05,1.33,0.5320000000001528,0.00765
b20_C,_5429_,NOR2,0,2,2,1,12,27,819,-0.0007099804687502598,1.33,0.5320000000001528,0.00765
b20_C,_5430_,XNOR2,0,0,2,1,8,27,819,0.0,2.66,1.0640000000003056,0.00765
b20_C,_5431_,XNOR2,0,2,2,3,13,26,818,-5.039062500156177e-06,2.66,1.0640000000003056,0.00765
b20_C,_5432_,AOI211,0,0,4,4,14,25,468,-0.0001456835937501122,2.394,1.0640000000003056,0.00765
b20_C,_5433_,XNOR2,0,0,2,9,5,26,549,6.8359374998383515e-06,2.66,1.0640000000003056,0.00765
b20_C,_5434_,AND2,0,0,2,4,11,25,468,-5.167968750008356e-05,1.33,0.26599999999962165,0.00765
b20_C,_5435_,NOR2,0,0,2,9,15,24,368,1.9531249995097255e-07,1.33,0.5320000000001528,0.00765
b20_C,_5436_,OAI22,0,0,4,2,16,23,71,-9.746093750262474e-06,2.394,1.0640000000003056,0.00765
b20_C,_5437_,OAI221,0,0,5,2,16,23,71,-9.511718750410125e-06,2.926,1.3300000000008367,0.00765
b20_C,_5438_,OR2,0,0,2,6,15,24,150,0.0,1.33,0.26599999999962165,0.00765
b20_C,_5439_,NAND4,0,0,4,2,16,23,71,-1.3671875009890755e-07,2.394,1.0640000000003056,0.00765
b20_C,_5440_,AND3,0,0,3,3,17,21,68,0.0,1.596,0.26599999999962165,0.00765
b20_C,_5441_,AOI21,0,0,3,2,17,22,69,0.0,1.862,0.7979999999997744,0.00765
b20_C,_5442_,NAND2,0,0,2,2,10,26,418,-0.0004911132812501773,1.33,0.5320000000001528,0.00765
b20_C,_5443_,XNOR2,0,0,2,3,5,27,420,0.0,2.66,1.0640000000003056,0.00765
b20_C,_5444_,NAND2,0,0,2,2,10,26,418,-4.1015625029672265e-07,1.33,0.5320000000001528,0.00765
b20_C,_5445_,NAND2,0,0,2,2,10,26,418,-0.0005858593750001084,1.33,0.5320000000001528,0.00765
b20_C,_5446_,NAND2,0,1,2,2,10,26,418,-0.00086847656250022,1.33,0.5320000000001528,0.00765
b20_C,_5447_,AND4,0,0,4,7,11,25,330,-9.042968750261338e-06,1.862,0.26600000000053114,0.00765
b20_C,_5448_,NAND2,0,0,2,1,4,28,585,0.0,1.33,0.5320000000001528,0.00765
b20_C,_5449_,XNOR2,0,0,2,10,5,27,584,4.863281249711804e-06,2.66,1.0640000000003056,0.00765
b20_C,_5450_,AND2,0,0,2,2,12,25,381,-5.2500000000232916e-05,1.33,0.26599999999962165,0.00765
b20_C,_5451_,AND2,0,0,2,1,7,27,498,-4.238281250179554e-06,1.33,0.26599999999962165,0.00765
b20_C,_5452_,AOI21,0,2,3,1,11,28,863,-0.0012230664062502505,1.862,0.7979999999997744,0.00765
b20_C,_5453_,NOR2,0,0,2,1,8,28,863,0.0,1.33,0.5320000000001528,0.00765
b20_C,_5454_,XOR2,0,2,2,2,12,27,862,-3.878906250021075e-05,2.394,0.7980000000006839,0.00765
b20_C,_5455_,AOI21,0,1,3,3,13,26,497,-4.218750000006821e-06,1.862,0.7979999999997744,0.00765
b20_C,_5456_,NOR2,0,0,2,2,14,25,381,-0.00011351562500028223,1.33,0.5320000000001528,0.00765
b20_C,_5457_,NOR2,0,0,2,7,15,24,293,3.5351562499563727e-06,1.33,0.5320000000001528,0.00765
b20_C,_5458_,OAI22,0,0,4,2,16,23,76,-9.76562500198952e-07,2.394,1.0640000000003056,0.00765
b20_C,_5459_,NAND4,0,1,4,10,11,25,320,1.8535156249832596e-05,2.394,1.0640000000003056,0.00765
b20_C,_5460_,NAND2,0,0,2,1,11,26,401,-0.00010318359375016684,1.33,0.5320000000001528,0.00765
b20_C,_5461_,OAI21,0,0,3,9,14,25,400,-0.00014320312500015753,1.862,0.7979999999997744,0.00765
b20_C,_5463_,XNOR2,0,0,2,2,16,23,76,0.0,2.66,1.0640000000003056,0.00765
b20_C,_5462_,AOI22,0,0,4,1,15,24,77,-9.765625000213163e-06,2.394,1.0640000000003056,0.00765
b20_C,_5464_,NOR2,0,0,2,3,17,22,73,0.0,1.33,0.5320000000001528,0.00765
b20_C,_5465_,AND2,0,0,2,3,10,27,431,-0.00013904296875022482,1.33,0.26599999999962165,0.00765
b20_C,_5466_,AOI22,0,1,4,1,10,28,432,-0.000840253906250199,2.394,1.0640000000003056,0.00765
b20_C,_5467_,NAND2,0,0,2,1,4,29,437,0.0,1.33,0.5320000000001528,0.00765
b20_C,_5468_,XOR2,0,0,2,3,5,28,436,0.0,2.394,0.7980000000006839,0.00765
b20_C,_5469_,OAI21,0,1,3,3,11,27,431,2.1484374990166089e-07,1.862,0.7979999999997744,0.00765
b20_C,_5470_,NOR2,0,0,2,7,12,26,354,-1.2792968750119371e-05,1.33,0.5320000000001528,0.00765
b20_C,_5471_,NOR2,0,0,2,2,13,25,78,0.0,1.33,0.5320000000001528,0.00765
b20_C,_5472_,NOR2,0,0,2,1,1,30,612,0.0,1.33,0.5320000000001528,0.00765
b20_C,_5473_,AOI21,0,0,3,1,3,29,611,-0.007726718750000305,1.862,0.7979999999997744,0.00765
b20_C,_5474_,XOR2,0,0,2,10,4,28,610,5.566406249934985e-06,2.394,0.7980000000006839,0.00765
b20_C,_5475_,OR2,0,0,2,1,10,27,408,-0.00018876953125035456,1.33,0.26599999999962165,0.00765
b20_C,_5477_,XNOR2,0,2,2,2,11,28,898,-0.0014707812500001083,2.66,1.0640000000003056,0.00765
b20_C,_5476_,XOR2,0,0,2,1,7,29,899,0.0,2.394,0.7980000000006839,0.00765
b20_C,_5478_,MUX2,0,1,3,3,12,27,516,-7.46093750025878e-06,2.394,0.5320000000001528,0.00765
b20_C,_5479_,OAI21,0,0,3,5,13,26,407,-0.00013425781250031577,1.862,0.7979999999997744,0.00765
b20_C,_5480_,NOR2,0,0,2,2,14,25,78,0.0,1.33,0.5320000000001528,0.00765
b20_C,_5481_,OR2,0,1,2,8,12,26,341,3.265624999992944e-05,1.33,0.26599999999962165,0.00765
b20_C,_5482_,MUX2,0,0,3,10,13,26,446,-0.0001680468750002717,2.394,0.5320000000001528,0.00765
b20_C,_5483_,AOI22,0,0,4,1,14,25,78,-1.2226562500217142e-05,2.394,1.0640000000003056,0.00765
b20_C,_5485_,OR2,0,0,2,2,15,24,77,0.0,1.33,0.26599999999962165,0.00765
b20_C,_5484_,XNOR2,0,0,2,3,15,24,77,0.0,2.66,1.0640000000003056,0.00765
b20_C,_5486_,AND2,0,0,2,1,16,23,73,0.0,1.33,0.26599999999962165,0.00765
b20_C,_5487_,OAI21,0,0,3,1,4,29,641,0.0,1.862,0.7979999999997744,0.00765
b20_C,_5488_,XNOR2,0,0,2,10,5,28,640,6.484374999837783e-06,2.66,1.0640000000003056,0.00765
b20_C,_5489_,NOR2,0,0,2,3,10,27,532,-0.00036376953125016875,1.33,0.5320000000001528,0.00765
b20_C,_5490_,AND2,0,0,2,1,6,28,533,-4.218750000006821e-06,1.33,0.26599999999962165,0.00765
b20_C,_5491_,NOR2,0,2,2,1,10,29,933,-0.0008231250000001467,1.33,0.5320000000001528,0.00765
b20_C,_5492_,XNOR2,0,0,2,1,7,29,933,0.0,2.66,1.0640000000003056,0.00765
b20_C,_5493_,XOR2,0,2,2,3,11,28,932,-2.013671875022993e-05,2.394,0.7980000000006839,0.00765
b20_C,_5494_,AOI211,0,0,4,3,12,27,532,-0.0002257421875002663,2.394,1.0640000000003056,0.00765
b20_C,_5495_,NOR2,0,0,2,5,13,26,135,-1.9531250394777544e-08,1.33,0.5320000000001528,0.00765
b20_C,_5496_,AOI22,0,0,4,2,14,25,82,-1.0605468750091163e-05,2.394,1.0640000000003056,0.00765
b20_C,_5497_,NOR2,0,0,2,9,12,27,410,-9.160156250187512e-06,1.33,0.5320000000001528,0.00765
b20_C,_5499_,XNOR2,0,0,2,2,14,25,82,0.0,2.66,1.0640000000003056,0.00765
b20_C,_5500_,NOR2,0,0,2,3,15,23,79,0.0,1.33,0.5320000000001528,0.00765
b20_C,_5501_,AND2,0,0,2,2,15,24,80,0.0,1.33,0.26599999999962165,0.00765
b20_C,_5502_,AOI211,0,20,4,2,18,23,76,-0.0001885937499999102,2.394,1.0640000000003056,0.00765
b20_C,_5504_,NAND2,0,0,2,3,17,22,74,0.0,1.33,0.5320000000001528,0.00765
b20_C,_5505_,AOI211,0,17,4,2,20,21,65,-0.00020113281250022652,2.394,1.0640000000003056,0.00765
b20_C,_5507_,NOR2,0,0,2,1,20,20,55,0.0,1.33,0.5320000000001528,0.00765
b20_C,_5508_,OAI21,0,15,3,3,22,19,54,-9.220703125012442e-05,1.862,0.7979999999997744,0.00765
b20_C,_5509_,NOR2,0,0,2,2,20,19,55,0.0,1.33,0.5320000000001528,0.00765
b20_C,_5510_,OAI21,0,14,3,2,23,18,50,0.0002005859374998309,1.862,0.7979999999997744,0.00765
b20_C,_5511_,OR2,0,0,2,2,20,18,51,0.0,1.33,0.26599999999962165,0.00765
b20_C,_5512_,AOI21,0,13,3,3,24,17,47,-6.464843750020322e-05,1.862,0.7979999999997744,0.00765
b20_C,_5513_,NOR2,0,0,2,1,22,17,44,0.0,1.33,0.5320000000001528,0.00765
b20_C,_5514_,OAI21,0,12,3,3,25,16,43,0.00027183593749979806,1.862,0.7979999999997744,0.00765
b20_C,_5515_,NOR2,0,0,2,1,22,16,40,-1.5625000004959588e-07,1.33,0.5320000000001528,0.00765
b20_C,_5516_,OAI21,0,11,3,2,26,15,39,-6.935546875030951e-05,1.862,0.7979999999997744,0.00765
b20_C,_5517_,OR2,0,0,2,2,22,16,41,0.0,1.33,0.26599999999962165,0.00765
b20_C,_5518_,INV,0,0,1,1,23,15,37,-1.953125017273294e-08,0.798,0.26599999999962165,0.00765
b20_C,_5519_,OAI21,0,10,3,3,27,14,36,0.000227441406249973,1.862,0.7979999999997744,0.00765
b20_C,_5520_,NAND2,0,0,2,1,23,14,33,-1.5625000004959588e-07,1.33,0.5320000000001528,0.00765
b20_C,_5521_,AOI21,0,9,3,3,28,13,32,-4.289062500006935e-05,1.862,0.7979999999997744,0.00765
b20_C,_5522_,NAND2,0,0,2,1,23,13,29,-1.953125017273294e-08,1.33,0.5320000000001528,0.00765
b20_C,_5523_,AOI21,0,8,3,3,29,12,28,0.00015156249999970228,1.862,0.7979999999997744,0.00765
b20_C,_5524_,OAI21,0,7,3,1,30,11,24,-0.00010527343750021956,1.862,0.7979999999997744,0.00765
b20_C,_5525_,NAND2,0,7,2,2,31,10,23,2.187499999806164e-06,1.33,0.5320000000001528,0.00765
b20_C,_5526_,AND2,0,0,2,2,24,11,25,-1.1718750014821921e-07,1.33,0.26599999999962165,0.00765
b20_C,_5527_,INV,0,0,1,1,25,10,21,0.0,0.798,0.26599999999962165,0.00765
b20_C,_5528_,AOI21,0,6,3,2,32,9,20,-1.5058593750172378e-05,1.862,0.7979999999997744,0.00765
b20_C,_5529_,NOR2,0,0,2,2,25,9,21,0.0,1.33,0.5320000000001528,0.00765
b20_C,_5530_,OAI21,0,5,3,3,33,8,17,0.00011732421874999233,1.862,0.7979999999997744,0.00765
b20_C,_5531_,NAND2,0,0,2,1,27,8,14,-1.1718750014821921e-07,1.33,0.5320000000001528,0.00765
b20_C,_5532_,AOI21,0,4,3,3,34,7,13,-2.7089843750216502e-05,1.862,0.7979999999997744,0.00765
b20_C,_5533_,OR2,0,0,2,1,27,7,10,0.0,1.33,0.26599999999962165,0.00765
b20_C,_5534_,AOI21,0,3,3,2,35,6,9,3.142578124970541e-05,1.862,0.7979999999997744,0.00765
b20_C,_5535_,NOR2,0,2,2,1,36,5,6,-4.7499999999978115e-05,1.33,0.5320000000001528,0.00765
b20_C,_5536_,NOR2,0,2,2,2,37,4,5,3.343749999995538e-05,1.33,0.5320000000001528,0.00765
b20_C,_5537_,XNOR2,0,1,2,1,38,2,1,-4.6152343750271996e-05,2.66,1.0640000000003056,0.00766
b20_C,_5538_,OAI21,0,1,3,0,39,1,0,-5.23437500010715e-06,1.862,0.7979999999997744,0.00765
b20_C,_5539_,INV,0,0,1,1,21,5,4,0.0,0.798,0.26599999999962165,0.00765
b20_C,_5540_,NOR2,0,0,2,2,22,4,3,0.0,1.33,0.5320000000001528,0.00765
b20_C,_5541_,AOI21,0,1,3,1,23,3,2,-0.00014996093750019313,1.862,0.7979999999997744,0.00765
b20_C,_5542_,OAI21,0,1,3,1,24,2,1,-0.00022701171875016968,1.862,0.7979999999997744,0.00765
b20_C,_5544_,NOR2,0,0,2,9,13,22,227,2.7539062497083933e-06,1.33,0.5320000000001528,0.00765
b20_C,_5543_,NAND2,0,0,2,1,3,4,3,-1.6328125000075744e-05,1.33,0.5320000000001528,0.00765
b20_C,_5545_,BUF,0,0,1,10,14,5,52,0.0,1.064,0.26600000000053114,0.00765
b20_C,_5546_,OAI21,0,0,3,1,15,3,2,-2.656250000176996e-06,1.862,0.7979999999997744,0.00765
b20_C,_5547_,AOI221,0,0,5,1,18,2,1,0.0,2.926,1.3300000000008367,0.00765
b20_C,_5548_,BUF,0,0,1,10,15,4,20,0.0,1.064,0.26600000000053114,0.00765
b20_C,_5549_,AND4,0,0,4,6,12,22,70,-5.312500000131948e-06,1.862,0.26600000000053114,0.00765
b20_C,_5550_,OAI211,0,1,4,0,25,1,0,-7.734375000012506e-06,2.394,1.0640000000003056,0.00765
b20_C,_5551_,NOR3,0,0,3,6,14,5,16,0.0,1.862,0.7979999999997744,0.00765
b20_C,_5552_,AOI22,0,0,4,1,17,4,3,-2.751953125024187e-05,2.394,1.0640000000003056,0.00765
b20_C,_5553_,OAI21,0,0,3,1,19,3,2,0.0,1.862,0.7979999999997744,0.00765
b20_C,_5554_,AOI221,0,0,5,1,23,2,1,0.0,2.926,1.3300000000008367,0.00765
b20_C,_5555_,AND2,0,0,2,1,25,4,3,0.0,1.33,0.26599999999962165,0.00765
b20_C,_5556_,NOR2,0,0,2,1,26,3,2,0.0,1.33,0.5320000000001528,0.00765
b20_C,_5557_,XNOR2,0,1,2,1,33,2,1,-4.5214843750196465e-05,2.66,1.0640000000003056,0.00765
b20_C,_5558_,OAI21,0,1,3,0,34,1,0,-1.2695312501254108e-06,1.862,0.7979999999997744,0.00765
b20_C,_5559_,INV,0,0,1,1,18,5,4,0.0,0.798,0.26599999999962165,0.00765
b20_C,_5560_,OR2,0,0,2,2,19,4,3,0.0,1.33,0.26599999999962165,0.00765
b20_C,_5561_,AOI21,0,1,3,1,20,3,2,-0.0004414648437502944,1.862,0.7979999999997744,0.00765
b20_C,_5562_,OAI21,0,1,3,1,21,2,1,-0.0005432031250003355,1.862,0.7979999999997744,0.00765
b20_C,_5563_,OAI22,0,0,4,1,15,3,2,-6.191406250133369e-06,2.394,1.0640000000003056,0.00765
b20_C,_5564_,AOI221,0,0,5,1,17,2,1,-1.79882812501031e-05,2.926,1.3300000000008367,0.00765
b20_C,_5565_,CLKBUF,0,0,1,10,14,2,10,0.0,1.064,0.26600000000053114,0.00765
b20_C,_5566_,OAI211,0,1,4,0,22,1,0,-1.068359375011596e-05,2.394,1.0640000000003056,0.00765
b20_C,_5567_,XNOR2,0,0,2,2,14,4,3,-2.9882812500048317e-06,2.66,1.0640000000003056,0.00765
b20_C,_5568_,NOR2,0,1,2,2,14,4,3,-0.00030738281250020094,1.33,0.5320000000001528,0.00765
b20_C,_5569_,AOI21,0,1,3,1,15,3,2,-4.042968750450626e-06,1.862,0.7979999999997744,0.00765
b20_C,_5570_,OAI21,0,1,3,1,16,2,1,-2.417968750023647e-05,1.862,0.7979999999997744,0.00765
b20_C,_5571_,NAND2,0,0,2,2,4,4,4,-1.6015625000198597e-05,1.33,0.5320000000001528,0.00765
b20_C,_5572_,AND4,0,0,4,7,11,29,287,-9.296875000064375e-06,1.862,0.26600000000053114,0.00765
b20_C,_5573_,BUF,0,0,1,10,15,4,24,0.0,1.064,0.26600000000053114,0.00765
b20_C,_5574_,OAI221,0,0,5,1,16,3,2,-2.3437500029643843e-07,2.926,1.3300000000008367,0.00765
b20_C,_5575_,AOI21,0,0,3,1,18,2,1,0.0,1.862,0.7979999999997744,0.00765
b20_C,_5576_,AND4,0,0,4,8,10,29,399,-1.953125017273294e-08,1.862,0.26600000000053114,0.00765
b20_C,_5577_,OAI211,0,1,4,0,19,1,0,-7.6171875003083755e-06,2.394,1.0640000000003056,0.00765
b20_C,_5578_,XNOR2,0,0,2,2,23,4,3,0.0,2.66,1.0640000000003056,0.00765
b20_C,_5579_,AOI21,0,1,3,1,28,3,2,-0.00019035156250035712,1.862,0.7979999999997744,0.00765
b20_C,_5580_,OAI21,0,1,3,1,29,2,1,-0.00023611328125028308,1.862,0.7979999999997744,0.00765
b20_C,_5581_,BUF,0,0,1,10,1,11,376,2.4999999999053557e-06,1.064,0.26600000000053114,0.00765
b20_C,_5582_,AND2,0,0,2,4,13,20,157,-4.941406250180691e-06,1.33,0.26599999999962165,0.00765
b20_C,_5583_,OAI22,0,0,4,1,15,3,2,-1.367187500100897e-06,2.394,1.0640000000003056,0.00765
b20_C,_5584_,MUX2,0,0,3,8,20,19,207,-3.3007812501040235e-06,2.394,0.5320000000001528,0.00765
b20_C,_5585_,AOI221,0,0,5,1,21,2,1,-1.1718750014821921e-07,2.926,1.3300000000008367,0.00765
b20_C,_5586_,AND2,0,0,2,6,14,19,155,-4.980468750082068e-06,1.33,0.26599999999962165,0.00765
b20_C,_5587_,OAI211,0,1,4,0,30,1,0,-9.23828125021231e-06,2.394,1.0640000000003056,0.00765
b20_C,_5588_,NAND2,0,0,2,1,3,4,3,-1.6328125000075744e-05,1.33,0.5320000000001528,0.00765
b20_C,_5589_,NAND2,0,1,2,1,12,14,51,-1.458984375002359e-05,1.33,0.5320000000001528,0.00765
b20_C,_5590_,NAND4,0,0,4,2,16,14,52,0.0,2.394,1.0640000000003056,0.00765
b20_C,_5591_,OAI21,0,1,3,1,17,13,50,-4.023437500055849e-06,1.862,0.7979999999997744,0.00765
b20_C,_5592_,AOI221,0,1,5,8,18,12,49,-9.29101562503476e-05,2.926,1.3300000000008367,0.00765
b20_C,_5593_,OAI21,0,0,3,1,19,3,2,-4.375000000056417e-06,1.862,0.7979999999997744,0.00765
b20_C,_5594_,AOI221,0,0,5,1,21,2,1,-9.375000000311218e-06,2.926,1.3300000000008367,0.00765
b20_C,_5595_,NOR2,0,0,2,2,11,16,218,7.675781249716351e-06,1.33,0.5320000000001528,0.00765
b20_C,_5596_,NAND2,0,0,2,2,11,16,218,0.0,1.33,0.5320000000001528,0.00765
b20_C,_5597_,AOI21,0,2,3,1,24,15,135,-0.00014539062500018574,1.862,0.7979999999997744,0.00765
b20_C,_5598_,MUX2,0,0,3,2,10,17,220,-3.652343750104592e-06,2.394,0.5320000000001528,0.00765
b20_C,_5599_,AND2,0,0,2,3,11,16,217,3.906249990137667e-08,1.33,0.26599999999962165,0.00765
b20_C,_5600_,NOR2,0,0,2,2,11,16,218,0.0,1.33,0.5320000000001528,0.00765
b20_C,_5601_,NOR2,0,0,2,1,12,15,135,-1.2402343750217426e-05,1.33,0.5320000000001528,0.00765
b20_C,_5602_,XOR2,0,2,2,2,25,14,134,-1.828125000002956e-05,2.394,0.7980000000006839,0.00765
b20_C,_5603_,MUX2,0,1,3,2,26,13,83,-6.445312501490719e-07,2.394,0.5320000000001528,0.00765
b20_C,_5604_,NAND2,0,0,2,4,27,12,81,-9.296875000064375e-06,1.33,0.5320000000001528,0.00765
b20_C,_5605_,BUF,0,0,1,10,28,10,59,1.1503906249821227e-05,1.064,0.26600000000053114,0.00765
b20_C,_5607_,NOR2,0,0,2,1,29,4,3,-1.953125017273294e-08,1.33,0.5320000000001528,0.00765
b20_C,_5606_,NAND2,0,0,2,1,29,4,3,-1.953125017273294e-08,1.33,0.5320000000001528,0.00765
b20_C,_5608_,OAI21,0,1,3,1,38,3,2,-2.673828124999389e-05,1.862,0.7979999999997744,0.00765
b20_C,_5609_,OAI22,0,0,4,1,29,4,3,-8.554687500161862e-06,2.394,1.0640000000003056,0.00765
b20_C,_5610_,OAI22,0,0,4,1,29,5,4,-1.0078125000312355e-05,2.394,1.0640000000003056,0.00765
b20_C,_5611_,XNOR2,0,0,2,1,30,4,3,-1.3671875009890755e-07,2.66,1.0640000000003056,0.00765
b20_C,_5613_,XNOR2,0,1,2,1,39,2,1,-5.722656250206626e-06,2.66,1.0640000000003056,0.00766
b20_C,_5612_,XNOR2,0,0,2,1,31,3,2,9.570312498041744e-07,2.66,1.0640000000003056,0.00765
b20_C,_5614_,OAI221,0,1,5,0,40,1,0,-8.671875000310081e-06,2.926,1.3300000000008367,0.00765
b20_C,_5615_,NAND2,0,0,2,1,18,2,1,0.0,1.33,0.5320000000001528,0.00765
b20_C,_5616_,OR2,0,0,2,7,13,26,421,8.789062500014211e-06,1.33,0.26599999999962165,0.00765
b20_C,_5617_,OAI22,0,0,4,1,15,3,2,-3.7500000003021228e-06,2.394,1.0640000000003056,0.00765
b20_C,_5618_,AOI221,0,0,5,1,16,2,1,-3.0253906249999574e-05,2.926,1.3300000000008367,0.00765
b20_C,_5619_,AOI21,0,1,3,1,18,3,2,-0.0005140820312501404,1.862,0.7979999999997744,0.00765
b20_C,_5620_,OR2,0,0,2,1,16,3,2,0.0,1.33,0.26599999999962165,0.00765
b20_C,_5621_,XOR2,0,1,2,1,19,2,1,-2.103515625018204e-05,2.394,0.7980000000006839,0.00766
b20_C,_5622_,OAI211,0,1,4,0,20,1,0,-3.3398437500054e-06,2.394,1.0640000000003056,0.00765
b20_C,_5623_,BUF,0,1,1,9,5,1,14,2.9238281249899245e-05,1.064,0.26600000000053114,0.00765
b20_C,_5624_,NAND2,0,0,2,2,6,2,2,-7.226562500184386e-06,1.33,0.5320000000001528,0.00765
b20_C,_5625_,OAI22,0,0,4,1,15,3,2,-0.00010380859375014317,2.394,1.0640000000003056,0.00765
b20_C,_5626_,AOI221,0,0,5,1,17,2,1,-5.078125000057554e-06,2.926,1.3300000000008367,0.00765
b20_C,_5627_,NOR2,0,1,2,1,13,5,5,-0.0005536914062500564,1.33,0.5320000000001528,0.00765
b20_C,_5628_,AOI21,0,1,3,2,14,4,4,-0.00048304687500033694,1.862,0.7979999999997744,0.00765
b20_C,_5629_,INV,0,0,1,2,13,4,4,-5.078125000057554e-06,0.798,0.26599999999962165,0.00765
b20_C,_5630_,AOI21,0,0,3,1,15,2,1,-1.783203125027555e-05,1.862,0.7979999999997744,0.00765
b20_C,_5631_,BUF,0,0,1,10,10,5,40,3.00781249995552e-06,1.064,0.26600000000053114,0.00765
b20_C,_5633_,NAND3,0,1,3,1,15,3,2,-1.6523437500026716e-05,1.862,0.7979999999997744,0.00765
b20_C,_5632_,AND4,0,0,4,2,12,3,4,-7.69726562501738e-05,1.862,0.26600000000053114,0.00765
b20_C,_5634_,NAND2,0,1,2,1,16,2,1,-9.492187500015348e-06,1.33,0.5320000000001528,0.00765
b20_C,_5635_,OAI211,0,1,4,0,18,1,0,-7.753906250185238e-06,2.394,1.0640000000003056,0.00765
b20_C,_5636_,XNOR2,0,0,2,2,24,4,3,-1.0644531250214584e-05,2.66,1.0640000000003056,0.00765
b20_C,_5637_,AOI21,0,1,3,1,30,3,2,-0.0001313085937502123,1.862,0.7979999999997744,0.00765
b20_C,_5638_,OAI21,0,1,3,1,31,2,1,-0.00016634765625012093,1.862,0.7979999999997744,0.00765
b20_C,_5639_,OAI22,0,0,4,1,17,3,2,0.0,2.394,1.0640000000003056,0.00765
b20_C,_5640_,AOI221,0,0,5,1,18,2,1,-1.660156250027356e-05,2.926,1.3300000000008367,0.00765
b20_C,_5641_,NAND2,0,0,2,6,21,18,178,-8.398437500112266e-06,1.33,0.5320000000001528,0.00765
b20_C,_5642_,OAI211,0,1,4,0,32,1,0,-9.218750000261622e-06,2.394,1.0640000000003056,0.00765
b20_C,_5643_,OR2,0,2,2,3,21,6,8,-9.03320312501954e-05,1.33,0.26599999999962165,0.00765
b20_C,_5644_,NOR2,0,0,2,2,18,5,8,8.007812497545785e-07,1.33,0.5320000000001528,0.00765
b20_C,_5645_,NOR2,0,0,2,2,19,4,3,-1.1132812502978595e-06,1.33,0.5320000000001528,0.00765
b20_C,_5646_,AOI21,0,1,3,1,22,3,2,-7.109375000258211e-06,1.862,0.7979999999997744,0.00765
b20_C,_5647_,OAI21,0,1,3,1,23,2,1,-2.9453125000244995e-05,1.862,0.7979999999997744,0.00765
b20_C,_5648_,NAND2,0,0,2,1,4,4,3,-1.6015625000198597e-05,1.33,0.5320000000001528,0.00765
b20_C,_5649_,NOR2,0,0,2,8,15,4,24,0.0,1.33,0.5320000000001528,0.00765
b20_C,_5650_,OAI221,0,0,5,1,16,3,2,-5.390625000156746e-06,2.926,1.3300000000008367,0.00765
b20_C,_5651_,AOI21,0,0,3,1,17,2,1,-1.619140625019888e-05,1.862,0.7979999999997744,0.00765
b20_C,_5652_,OAI211,0,1,4,0,24,1,0,-1.4902343750122782e-05,2.394,1.0640000000003056,0.00765
b20_C,_5653_,XOR2,0,0,2,2,27,4,3,0.0,2.394,0.7980000000006839,0.00765
b20_C,_5654_,AOI21,0,1,3,1,35,3,2,-2.8339843750391225e-05,1.862,0.7979999999997744,0.00765
b20_C,_5655_,OAI21,0,1,3,1,36,2,1,-5.914062500034234e-05,1.862,0.7979999999997744,0.00765
b20_C,_5656_,OAI222,0,0,6,1,19,3,2,-1.4453125003477396e-06,3.724,1.5960000000004584,0.00765
b20_C,_5657_,AOI21,0,0,3,1,25,2,1,0.0,1.862,0.7979999999997744,0.00765
b20_C,_5658_,CLKBUF,0,0,1,10,2,3,10,-5.859375000749623e-07,1.064,0.26600000000053114,0.00765
b20_C,_5659_,OAI211,0,1,4,0,37,1,0,-7.988281250259632e-06,2.394,1.0640000000003056,0.00765
b20_C,_5660_,XNOR2,0,0,2,2,21,4,3,0.0,2.66,1.0640000000003056,0.00765
b20_C,_5661_,AOI21,0,1,3,1,25,3,2,-9.58007812501549e-05,1.862,0.7979999999997744,0.00765
b20_C,_5662_,OAI21,0,1,3,1,26,2,1,-0.00015296875000014865,1.862,0.7979999999997744,0.00765
b20_C,_5663_,OAI22,0,0,4,1,15,3,2,-1.367187500100897e-06,2.394,1.0640000000003056,0.00765
b20_C,_5664_,AOI221,0,0,5,1,19,2,1,-3.906250034546588e-08,2.926,1.3300000000008367,0.00765
b20_C,_5665_,OAI211,0,1,4,0,27,1,0,-1.0976562500264464e-05,2.394,1.0640000000003056,0.00765
b20_C,_5666_,XOR2,0,0,2,2,14,4,3,0.0,2.394,0.7980000000006839,0.00765
b20_C,_5667_,AOI21,0,1,3,2,16,4,3,-0.000585371093750231,1.862,0.7979999999997744,0.00765
b20_C,_5668_,AOI21,0,1,3,1,17,3,2,-1.7558593750077733e-05,1.862,0.7979999999997744,0.00765
b20_C,_5669_,OAI21,0,1,3,1,18,2,1,-2.3105468750284075e-05,1.862,0.7979999999997744,0.00765
b20_C,_5670_,NAND2,0,0,2,2,4,4,4,-1.6015625000198597e-05,1.33,0.5320000000001528,0.00765
b20_C,_5671_,NOR2,0,0,2,6,11,27,275,8.673828124972083e-05,1.33,0.5320000000001528,0.00765
b20_C,_5672_,OAI221,0,0,5,1,16,3,2,-5.5644531250287343e-05,2.926,1.3300000000008367,0.00765
b20_C,_5673_,AOI21,0,0,3,1,18,2,1,0.0,1.862,0.7979999999997744,0.00765
b20_C,_5674_,OAI211,0,1,4,0,19,1,0,-8.964843750014495e-06,2.394,1.0640000000003056,0.00765
b20_C,_5675_,XNOR2,0,0,2,2,22,4,3,1.9531249950688334e-08,2.66,1.0640000000003056,0.00765
b20_C,_5676_,AOI21,0,1,3,1,26,3,2,-0.000224531250000215,1.862,0.7979999999997744,0.00765
b20_C,_5677_,OAI21,0,1,3,1,27,2,1,-0.0002745312500000985,1.862,0.7979999999997744,0.00765
b20_C,_5678_,AND2,0,0,2,3,12,17,22,-5.117187500180975e-06,1.33,0.26599999999962165,0.00765
b20_C,_5679_,OAI22,0,0,4,1,16,3,2,0.0,2.394,1.0640000000003056,0.00765
b20_C,_5680_,AOI221,0,0,5,1,17,2,1,-2.8652343750046327e-05,2.926,1.3300000000008367,0.00765
b20_C,_5681_,OAI211,0,1,4,0,28,1,0,-5.1171875000033396e-05,2.394,1.0640000000003056,0.00765
b20_C,_5682_,XNOR2,0,0,2,2,27,4,3,0.0,2.66,1.0640000000003056,0.00765
b20_C,_5683_,AOI21,0,1,3,1,34,3,2,-9.187500000029658e-05,1.862,0.7979999999997744,0.00765
b20_C,_5684_,OAI21,0,1,3,1,35,2,1,-0.00011976562500004562,1.862,0.7979999999997744,0.00765
b20_C,_5685_,AOI22,0,0,4,1,18,2,1,-1.8457031250251887e-05,2.394,1.0640000000003056,0.00765
b20_C,_5686_,OAI22,0,0,4,1,19,3,2,-4.023437500277893e-06,2.394,1.0640000000003056,0.00765
b20_C,_5687_,AND2,0,0,2,6,24,15,105,-3.3984375000795097e-06,1.33,0.26599999999962165,0.00765
b20_C,_5688_,AOI21,0,0,3,1,25,2,1,0.0,1.862,0.7979999999997744,0.00765
b20_C,_5689_,NAND3,0,1,3,0,36,1,0,-6.171874999960636e-06,1.862,0.7979999999997744,0.00765
b20_C,_5690_,NAND2,0,0,2,2,4,4,4,-1.6015625000198597e-05,1.33,0.5320000000001528,0.00765
b20_C,_5691_,OR2,0,0,2,1,10,29,399,-0.00018828125000025508,1.33,0.26599999999962165,0.00765
b20_C,_5692_,OAI21,0,0,3,5,12,28,398,-0.00011451171875020982,1.862,0.7979999999997744,0.00765
b20_C,_5693_,AND2,0,0,2,9,11,29,344,-8.886718750211742e-06,1.33,0.26599999999962165,0.00765
b20_C,_5694_,OAI221,0,0,5,1,16,3,2,-7.421875000357403e-06,2.926,1.3300000000008367,0.00765
b20_C,_5695_,AOI21,0,0,3,1,18,2,1,0.0,1.862,0.7979999999997744,0.00765
b20_C,_5696_,INV,0,0,1,1,15,4,3,0.0,0.798,0.26599999999962165,0.00765
b20_C,_5697_,NOR2,0,0,2,1,16,3,2,0.0,1.33,0.5320000000001528,0.00765
b20_C,_5698_,XOR2,0,1,2,1,17,2,1,-0.0008599804687501322,2.394,0.7980000000006839,0.00765
b20_C,_5699_,OAI221,0,1,5,0,19,1,0,-9.726562500311786e-06,2.926,1.3300000000008367,0.00765
b20_C,_5700_,AOI22,0,0,4,1,15,4,3,-2.677734375011731e-05,2.394,1.0640000000003056,0.00765
b20_C,_5701_,OAI221,0,0,5,1,16,3,2,-1.2890625002981437e-06,2.926,1.3300000000008367,0.00765
b20_C,_5702_,AOI21,0,0,3,1,17,2,1,-1.7578125000028422e-06,1.862,0.7979999999997744,0.00765
b20_C,_5703_,NOR2,0,1,2,1,19,3,2,-0.0002957421875002808,1.33,0.5320000000001528,0.00765
b20_C,_5704_,XOR2,0,0,2,1,16,3,2,-5.859375029615421e-08,2.394,0.7980000000006839,0.00765
b20_C,_5705_,XOR2,0,1,2,1,20,2,1,-1.7539062500127045e-05,2.394,0.7980000000006839,0.00766
b20_C,_5706_,OAI21,0,1,3,0,21,1,0,-1.2070312500167546e-05,1.862,0.7979999999997744,0.00765
b20_C,_5707_,OAI21,0,0,3,1,18,2,1,-8.769531250063523e-06,1.862,0.7979999999997744,0.00765
b20_C,_5708_,XNOR2,0,1,2,2,12,4,6,-0.0007354492187501283,2.66,1.0640000000003056,0.00765
b20_C,_5709_,NAND4,0,0,4,10,10,30,444,0.00015091796874977526,2.394,1.0640000000003056,0.00765
b20_C,_5710_,AOI222,0,1,6,1,15,2,1,-0.00035291015625027455,3.724,1.5960000000004584,0.00765
b20_C,_5711_,NAND2,0,1,2,0,19,1,0,-2.4296875000162643e-05,1.33,0.5320000000001528,0.00765
b20_C,_5712_,XOR2,0,0,2,2,23,4,3,-1.953125017273294e-08,2.394,0.7980000000006839,0.00765
b20_C,_5713_,AOI21,0,1,3,1,29,3,2,-6.980468750028557e-05,1.862,0.7979999999997744,0.00765
b20_C,_5714_,OAI21,0,1,3,1,30,2,1,-0.0001161328125003358,1.862,0.7979999999997744,0.00765
b20_C,_5715_,NAND2,0,0,2,1,3,4,3,-1.6328125000075744e-05,1.33,0.5320000000001528,0.00765
b20_C,_5716_,OAI21,0,0,3,1,15,3,2,-3.906250000129674e-06,1.862,0.7979999999997744,0.00765
b20_C,_5717_,AOI221,0,0,5,1,18,2,1,-1.2265625000118519e-05,2.926,1.3300000000008367,0.00765
b20_C,_5718_,AOI21,0,1,3,2,20,19,205,-4.1503906250017764e-05,1.862,0.7979999999997744,0.00765
b20_C,_5719_,NAND2,0,0,2,10,21,18,203,4.699218749992795e-05,1.33,0.5320000000001528,0.00765
b20_C,_5720_,OAI211,0,1,4,0,31,1,0,-2.4296875000384688e-05,2.394,1.0640000000003056,0.00765
b20_C,_5721_,NOR2,0,1,2,1,22,5,4,-3.828125000104876e-06,1.33,0.5320000000001528,0.00765
b20_C,_5722_,NOR2,0,1,2,2,23,4,3,-1.3769531250096279e-05,1.33,0.5320000000001528,0.00765
b20_C,_5723_,XNOR2,0,0,2,2,20,4,3,0.0,2.66,1.0640000000003056,0.00765
b20_C,_5724_,AOI21,0,1,3,1,24,3,2,3.7109374972921216e-07,1.862,0.7979999999997744,0.00765
b20_C,_5725_,OAI21,0,1,3,1,25,2,1,-2.0214843750032685e-05,1.862,0.7979999999997744,0.00765
b20_C,_5726_,AND3,0,0,3,1,12,23,244,-4.960937500131379e-06,1.596,0.26599999999962165,0.00765
b20_C,_5727_,BUF,0,0,1,10,13,22,243,0.0,1.064,0.26600000000053114,0.00765
b20_C,_5728_,OAI22,0,0,4,1,15,3,2,-1.367187500100897e-06,2.394,1.0640000000003056,0.00765
b20_C,_5729_,AOI221,0,0,5,1,18,2,1,0.0,2.926,1.3300000000008367,0.00765
b20_C,_5731_,NOR2,0,0,2,1,2,3,2,-1.4648437500763833e-06,1.33,0.5320000000001528,0.00765
b20_C,_5730_,OAI211,0,1,4,0,26,1,0,-1.1230468750067502e-05,2.394,1.0640000000003056,0.00765
b20_C,_5732_,OAI222,0,0,6,1,22,3,2,-4.687500000155609e-06,3.724,1.5960000000004584,0.00765
b20_C,_5733_,AOI211,0,0,4,1,23,2,1,-1.041015625014019e-05,2.394,1.0640000000003056,0.00765
b20_C,_5734_,NOR2,0,0,2,1,25,3,2,-9.531250000360814e-06,1.33,0.5320000000001528,0.00765
b20_C,_5735_,XOR2,0,1,2,1,32,2,1,-8.347656250018431e-05,2.394,0.7980000000006839,0.00766
b20_C,_5736_,OAI21,0,1,3,0,33,1,0,-1.1972656249970015e-05,1.862,0.7979999999997744,0.00765
b20_C,_5737_,OAI22,0,0,4,1,15,3,2,-3.750000000080078e-06,2.394,1.0640000000003056,0.00765
b20_C,_5738_,AOI221,0,0,5,1,17,2,1,-1.660156250027356e-05,2.926,1.3300000000008367,0.00765
b20_C,_5739_,AOI21,0,1,3,1,20,3,2,-0.0004354492187501613,1.862,0.7979999999997744,0.00765
b20_C,_5740_,NOR2,0,0,2,1,18,3,2,7.812499980275334e-08,1.33,0.5320000000001528,0.00765
b20_C,_5741_,XNOR2,0,1,2,1,21,2,1,-1.2617187500119087e-05,2.66,1.0640000000003056,0.00765
b20_C,_5742_,OAI221,0,1,5,0,22,1,0,-9.57031250026219e-06,2.926,1.3300000000008367,0.00765
b20_C,_5743_,NAND2,0,0,2,2,4,4,4,-1.6015625000198597e-05,1.33,0.5320000000001528,0.00765
b20_C,_5744_,BUF,0,0,1,10,4,34,557,0.0,1.064,0.26600000000053114,0.00765
b20_C,_5745_,INV,0,0,1,1,5,31,300,0.0,0.798,0.26599999999962165,0.00765
b20_C,_5746_,AND2,0,0,2,1,7,32,301,-4.238281250179554e-06,1.33,0.26599999999962165,0.00765
b20_C,_5747_,AOI21,0,0,3,1,8,31,300,-3.455078125025324e-05,1.862,0.7979999999997744,0.00765
b20_C,_5748_,MUX2,0,0,3,4,10,30,299,-0.0001667187500000722,2.394,0.5320000000001528,0.00765
b20_C,_5749_,OAI221,0,0,5,1,16,3,2,0.0,2.926,1.3300000000008367,0.00765
b20_C,_5750_,AOI21,0,0,3,1,18,2,1,0.0,1.862,0.7979999999997744,0.00765
b20_C,_5751_,AOI21,0,1,3,1,13,3,2,-0.0002503906250002075,1.862,0.7979999999997744,0.00765
b20_C,_5752_,XOR2,0,0,2,1,13,3,2,-3.011718750012271e-05,2.394,0.7980000000006839,0.00765
b20_C,_5753_,XNOR2,0,1,2,1,14,2,1,-1.2949218750168967e-05,2.66,1.0640000000003056,0.00765
b20_C,_5754_,OAI221,0,1,5,0,19,1,0,-1.3652343750170104e-05,2.926,1.3300000000008367,0.00765
b20_C,_5755_,AND2,0,0,2,2,3,3,4,-8.281250000186091e-06,1.33,0.26599999999962165,0.00765
b20_C,_5756_,OAI22,0,0,4,1,16,3,2,-5.644531250181828e-06,2.394,1.0640000000003056,0.00765
b20_C,_5757_,AOI211,0,0,4,1,18,2,1,0.0,2.394,1.0640000000003056,0.00765
b20_C,_5759_,AOI21,0,0,3,7,19,20,220,1.7968749999708322e-05,1.862,0.7979999999997744,0.00765
b20_C,_5758_,AND2,0,0,2,1,13,21,221,-4.5156250000122355e-05,1.33,0.26599999999962165,0.00765
b20_C,_5760_,NAND2,0,0,2,1,23,3,2,-1.953125017273294e-08,1.33,0.5320000000001528,0.00765
b20_C,_5761_,XOR2,0,1,2,1,27,2,1,-0.0001443945312500361,2.394,0.7980000000006839,0.00766
b20_C,_5762_,OAI221,0,1,5,0,28,1,0,-1.1718750000166978e-05,2.926,1.3300000000008367,0.00765
b20_C,_5763_,NOR2,0,0,2,1,15,5,4,-1.9531249950688334e-08,1.33,0.5320000000001528,0.00765
b20_C,_5764_,NOR2,0,0,2,2,16,4,3,0.0,1.33,0.5320000000001528,0.00765
b20_C,_5765_,OR2,0,1,2,2,17,4,3,-0.0001288867187501097,1.33,0.26599999999962165,0.00765
b20_C,_5766_,AOI21,0,1,3,1,18,3,2,-9.277343750113687e-06,1.862,0.7979999999997744,0.00765
b20_C,_5767_,OAI21,0,1,3,1,19,2,1,-1.1601562500018758e-05,1.862,0.7979999999997744,0.00765
b20_C,_5768_,OAI222,0,0,6,1,16,3,2,-5.859375029615421e-08,3.724,1.5960000000004584,0.00765
b20_C,_5769_,CLKBUF,0,0,1,10,5,3,17,-7.441406250308091e-06,1.064,0.26600000000053114,0.00765
b20_C,_5770_,AOI21,0,0,3,1,17,2,1,0.0,1.862,0.7979999999997744,0.00765
b20_C,_5771_,OAI211,0,1,4,0,20,1,0,-1.4882812500172093e-05,2.394,1.0640000000003056,0.00765
b20_C,_5772_,AOI222,0,0,6,1,21,4,3,-2.0078125000377867e-05,3.724,1.5960000000004584,0.00765
b20_C,_5773_,NAND2,0,0,2,5,25,14,49,-8.515625000260485e-06,1.33,0.5320000000001528,0.00765
b20_C,_5774_,OAI21,0,0,3,1,26,3,2,0.0,1.862,0.7979999999997744,0.00765
b20_C,_5775_,AOI21,0,0,3,1,27,2,1,0.0,1.862,0.7979999999997744,0.00765
b20_C,_5776_,NOR2,0,0,2,1,30,3,2,0.0,1.33,0.5320000000001528,0.00765
b20_C,_5777_,XOR2,0,1,2,1,36,2,1,-6.560546875022943e-05,2.394,0.7980000000006839,0.00766
b20_C,_5778_,OAI21,0,1,3,0,37,1,0,-1.2187500000315765e-05,1.862,0.7979999999997744,0.00765
b20_C,_5779_,AND2,0,0,2,2,3,3,4,-8.281250000186091e-06,1.33,0.26599999999962165,0.00765
b20_C,_5780_,OAI22,0,0,4,1,16,3,2,0.0,2.394,1.0640000000003056,0.00765
b20_C,_5781_,AOI211,0,0,4,1,17,2,1,-1.0371093750238813e-05,2.394,1.0640000000003056,0.00765
b20_C,_5782_,OR2,0,0,2,6,17,21,201,0.0,1.33,0.26599999999962165,0.00765
b20_C,_5783_,NAND2,0,0,2,1,21,3,2,0.0,1.33,0.5320000000001528,0.00765
b20_C,_5784_,XNOR2,0,1,2,1,24,2,1,-0.00031271484375006153,2.66,1.0640000000003056,0.00765
b20_C,_5785_,OAI221,0,1,5,0,25,1,0,-1.3261718750268159e-05,2.926,1.3300000000008367,0.00765
b20_C,_5786_,NAND2,0,0,2,5,9,5,48,-0.0003376562500001512,1.33,0.5320000000001528,0.00765
b20_C,_5787_,INV,0,0,1,3,10,4,11,0.0,0.798,0.26599999999962165,0.00765
b20_C,_5788_,AOI21,0,0,3,1,11,3,2,0.0,1.862,0.7979999999997744,0.00765
b20_C,_5789_,XOR2,0,0,2,5,7,30,223,0.0,2.394,0.7980000000006839,0.00765
b20_C,_5790_,BUF,0,0,1,10,8,27,154,0.0,1.064,0.26600000000053114,0.00765
b20_C,_5791_,BUF,0,0,1,10,9,15,113,0.0,1.064,0.26600000000053114,0.00765
b20_C,_5792_,NOR3,0,0,3,1,10,4,3,-1.9042968750104805e-05,1.862,0.7979999999997744,0.00765
b20_C,_5793_,NOR2,0,0,2,1,12,3,2,-0.00014500000000006175,1.33,0.5320000000001528,0.00765
b20_C,_5794_,OAI21,0,0,3,1,13,2,1,0.0,1.862,0.7979999999997744,0.00765
b20_C,_5795_,CLKBUF,0,0,1,10,2,3,15,-5.859375000749623e-07,1.064,0.26600000000053114,0.00765
b20_C,_5796_,BUF,0,1,1,10,10,15,216,5.2636718749887734e-05,1.064,0.26600000000053114,0.00765
b20_C,_5797_,INV,0,0,1,1,1,14,60,0.0,0.798,0.26599999999962165,0.00765
b20_C,_5798_,NOR2,0,0,2,2,11,16,99,-1.8125000000202007e-05,1.33,0.5320000000001528,0.00765
b20_C,_5799_,NOR2,0,0,2,2,10,16,99,-8.710937500211458e-06,1.33,0.5320000000001528,0.00765
b20_C,_5800_,NOR2,0,0,2,2,12,15,98,0.0,1.33,0.5320000000001528,0.00765
b20_C,_5801_,NOR2,0,0,2,1,13,14,60,0.0,1.33,0.5320000000001528,0.00765
b20_C,_5802_,MUX2,0,0,3,3,10,15,148,-3.652343750104592e-06,2.394,0.5320000000001528,0.00765
b20_C,_5803_,NOR2,0,0,2,2,11,14,97,0.0,1.33,0.5320000000001528,0.00765
b20_C,_5804_,AOI211,0,12,4,2,24,15,147,-6.412109375020236e-05,2.394,1.0640000000003056,0.00765
b20_C,_5805_,AOI211,0,10,4,2,25,14,97,0.0002085937500000412,2.394,1.0640000000003056,0.00765
b20_C,_5807_,MUX2,0,0,3,1,11,14,60,-4.00390625010516e-06,2.394,0.5320000000001528,0.00765
b20_C,_5808_,XOR2,0,0,2,1,12,13,59,0.0,2.394,0.7980000000006839,0.00765
b20_C,_5809_,XNOR2,0,5,2,2,27,12,58,1.484374999805027e-06,2.66,1.0640000000003056,0.00765
b20_C,_5810_,NOR2,0,1,2,1,28,11,32,-5.6679687500116316e-05,1.33,0.5320000000001528,0.00765
b20_C,_5811_,AOI21,0,1,3,4,29,10,31,-1.2890625000760991e-06,1.862,0.7979999999997744,0.00765
b20_C,_5812_,AOI222,0,1,6,5,12,12,44,-8.414062500028407e-05,3.724,1.5960000000004584,0.00765
b20_C,_5813_,INV,0,1,1,3,13,9,19,6.5039062497884714e-06,0.798,0.26599999999962165,0.00765
b20_C,_5814_,NOR3,0,0,3,2,30,8,12,-0.0001092968750002754,1.862,0.7979999999997744,0.00765
b20_C,_5815_,BUF,0,0,1,10,7,9,224,0.0,1.064,0.26600000000053114,0.00765
b20_C,_5816_,NAND2,0,0,2,3,10,7,10,0.0,1.33,0.5320000000001528,0.00765
b20_C,_5817_,NOR3,0,0,3,1,31,5,4,0.0,1.862,0.7979999999997744,0.00765
b20_C,_5818_,NOR2,0,5,2,1,26,13,69,-0.00026052734375014985,1.33,0.5320000000001528,0.00765
b20_C,_5819_,XNOR2,0,0,2,1,13,13,69,5.2734375000085265e-06,2.66,1.0640000000003056,0.00765
b20_C,_5820_,XNOR2,0,5,2,2,27,12,68,-2.3027343750037232e-05,2.66,1.0640000000003056,0.00765
b20_C,_5821_,BUF,0,2,1,10,11,12,82,9.998046874981625e-05,1.064,0.26600000000053114,0.00765
b20_C,_5822_,MUX2,0,1,3,3,28,11,42,-9.824218750065228e-06,2.394,0.5320000000001528,0.00765
b20_C,_5823_,NAND2,0,0,2,5,29,10,24,-8.125000000136495e-06,1.33,0.5320000000001528,0.00765
b20_C,_5824_,AOI222,0,1,6,4,12,12,35,-8.750000000024016e-05,3.724,1.5960000000004584,0.00765
b20_C,_5825_,NOR2,0,0,2,3,13,11,16,-1.7519531250176357e-05,1.33,0.5320000000001528,0.00765
b20_C,_5826_,NOR2,0,2,2,1,25,14,89,-6.37500000002511e-05,1.33,0.5320000000001528,0.00765
b20_C,_5827_,XOR2,0,0,2,1,11,14,89,2.1484374999047873e-06,2.394,0.7980000000006839,0.00765
b20_C,_5828_,XNOR2,0,2,2,2,26,13,88,-3.160156250014978e-05,2.66,1.0640000000003056,0.00765
b20_C,_5829_,MUX2,0,1,3,3,27,12,55,-1.5625000004959588e-07,2.394,0.5320000000001528,0.00765
b20_C,_5830_,AND2,0,0,2,6,28,11,51,-3.8085937501541878e-06,1.33,0.26599999999962165,0.00765
b20_C,_5831_,NAND2,0,0,2,3,29,9,23,-4.78515625035314e-06,1.33,0.5320000000001528,0.00765
b20_C,_5833_,INV,0,0,1,2,14,10,14,0.0,0.798,0.26599999999962165,0.00765
b20_C,_5832_,AND2,0,0,2,5,29,10,33,-3.828125000104876e-06,1.33,0.26599999999962165,0.00765
b20_C,_5834_,NOR2,0,0,2,1,29,10,26,-4.531250000106013e-06,1.33,0.5320000000001528,0.00765
b20_C,_5835_,INV,0,0,1,3,30,9,25,0.0,0.798,0.26599999999962165,0.00765
b20_C,_5836_,INV,0,0,1,2,29,9,20,-3.0859375002023626e-06,0.798,0.26599999999962165,0.00765
b20_C,_5837_,NOR2,0,0,2,2,30,8,16,-4.941406250180691e-06,1.33,0.5320000000001528,0.00765
b20_C,_5838_,NAND2,0,0,2,2,30,8,18,-4.3359375001550404e-06,1.33,0.5320000000001528,0.00765
b20_C,_5839_,NOR2,0,0,2,1,27,9,22,-9.003906250137916e-06,1.33,0.5320000000001528,0.00765
b20_C,_5840_,NAND2,0,0,2,3,27,10,44,-8.320312500309512e-06,1.33,0.5320000000001528,0.00765
b20_C,_5841_,NOR2,0,0,2,2,25,11,57,-1.3027343750193765e-05,1.33,0.5320000000001528,0.00765
b20_C,_5842_,AOI21,0,0,3,2,27,10,38,-1.914062500052438e-06,1.862,0.7979999999997744,0.00765
b20_C,_5843_,AND2,0,0,2,3,25,11,65,-5.8398437501328004e-06,1.33,0.26599999999962165,0.00765
b20_C,_5844_,NAND2,0,1,2,8,18,15,113,2.5332031249991616e-05,1.33,0.5320000000001528,0.00765
b20_C,_5845_,NOR2,0,0,2,3,25,12,73,-9.531250000360814e-06,1.33,0.5320000000001528,0.00765
b20_C,_5846_,NOR2,0,0,2,3,25,13,73,0.0,1.33,0.5320000000001528,0.00765
b20_C,_5847_,NOR2,0,0,2,2,23,14,64,-1.25195312501436e-05,1.33,0.5320000000001528,0.00765
b20_C,_5848_,NAND2,0,0,2,1,23,14,56,-1.3164062500070628e-05,1.33,0.5320000000001528,0.00765
b20_C,_5849_,NOR2,0,0,2,3,22,16,95,-9.47265625006466e-06,1.33,0.5320000000001528,0.00765
b20_C,_5850_,INV,0,0,1,1,23,15,64,0.0,0.798,0.26599999999962165,0.00765
b20_C,_5851_,NOR2,0,0,2,3,22,16,103,-9.296875000064375e-06,1.33,0.5320000000001528,0.00765
b20_C,_5852_,NOR2,0,0,2,2,22,17,101,-2.5546875000337366e-05,1.33,0.5320000000001528,0.00765
b20_C,_5853_,NOR2,0,0,2,3,21,18,113,1.3476562497061195e-06,1.33,0.5320000000001528,0.00765
b20_C,_5854_,NOR2,0,0,2,3,21,18,112,-4.785156250131095e-06,1.33,0.5320000000001528,0.00765
b20_C,_5855_,NOR2,0,0,2,4,20,19,134,-1.6074218750272706e-05,1.33,0.5320000000001528,0.00765
b20_C,_5856_,AOI21,0,0,3,1,21,18,82,-5.644531250181828e-06,1.862,0.7979999999997744,0.00765
b20_C,_5857_,INV,0,0,1,2,8,22,270,-9.179687501248424e-07,0.798,0.26599999999962165,0.00765
b20_C,_5858_,MUX2,0,0,3,7,18,21,255,-2.792968750053859e-06,2.394,0.5320000000001528,0.00765
b20_C,_5859_,NAND2,0,0,2,2,19,20,119,-8.750000000112834e-06,1.33,0.5320000000001528,0.00765
b20_C,_5860_,NAND2,0,0,2,3,18,21,144,-2.695312500078373e-06,1.33,0.5320000000001528,0.00765
b20_C,_5862_,OAI21,0,0,3,3,16,23,187,-8.57421875011255e-06,1.862,0.7979999999997744,0.00765
b20_C,_5863_,NAND2,0,0,2,4,16,23,199,-1.6054687500322018e-05,1.33,0.5320000000001528,0.00765
b20_C,_5864_,OAI21,0,0,3,2,15,24,184,-3.164062500005116e-06,1.862,0.7979999999997744,0.00765
b20_C,_5865_,OAI21,0,0,3,2,15,24,170,-4.882812500106581e-06,1.862,0.7979999999997744,0.00765
b20_C,_5866_,NOR2,0,0,2,3,14,25,231,-9.296875000064375e-06,1.33,0.5320000000001528,0.00765
b20_C,_5867_,NAND2,0,0,2,2,14,25,207,-8.554687500161862e-06,1.33,0.5320000000001528,0.00765
b20_C,_5868_,NOR2,0,0,2,4,13,26,247,-6.640625000997602e-07,1.33,0.5320000000001528,0.00765
b20_C,_5869_,AOI21,0,0,3,2,12,27,246,-8.984375000187228e-06,1.862,0.7979999999997744,0.00765
b20_C,_5870_,NOR2,0,0,2,3,13,27,257,-1.6171875000248193e-05,1.33,0.5320000000001528,0.00765
b20_C,_5871_,AOI211,0,0,4,4,12,28,259,-2.1503906250108784e-05,2.394,1.0640000000003056,0.00765
b20_C,_5872_,NOR3,0,0,3,3,12,28,241,4.746093750007674e-06,1.862,0.7979999999997744,0.00765
b20_C,_5873_,OAI21,0,0,3,2,12,28,224,-1.3671875009890755e-07,1.862,0.7979999999997744,0.00765
b20_C,_5874_,NOR2,0,0,2,2,12,28,248,-9.765625019753088e-08,1.33,0.5320000000001528,0.00765
b20_C,_5875_,AOI211,0,0,4,1,13,27,222,-1.1074218750017906e-05,2.394,1.0640000000003056,0.00765
b20_C,_5876_,MUX2,0,1,3,2,8,30,290,-9.160156250187512e-06,2.394,0.5320000000001528,0.00765
b20_C,_5877_,MUX2,0,0,3,4,10,29,288,-0.00017054687500017707,2.394,0.5320000000001528,0.00765
b20_C,_5878_,NOR2,0,0,2,3,12,28,257,-1.6796875002000888e-06,1.33,0.5320000000001528,0.00765
b20_C,_5879_,OAI22,0,3,4,3,11,29,272,-0.00030248046875014367,2.394,1.0640000000003056,0.00765
b20_C,_5880_,AOI22,0,12,4,3,11,29,265,-1.052734375028841e-05,2.394,1.0640000000003056,0.00765
b20_C,_5881_,AOI222,0,10,6,3,12,28,256,0.00016408203124962384,3.724,1.5960000000004584,0.00765
b20_C,_5882_,OAI221,0,1,5,1,13,27,222,-0.0002566601562501436,2.926,1.3300000000008367,0.00765
b20_C,_5883_,AOI211,0,1,4,2,14,26,221,1.1191406249722036e-05,2.394,1.0640000000003056,0.00765
b20_C,_5884_,AND2,0,0,2,1,12,27,217,-5.265625000006047e-05,1.33,0.26599999999962165,0.00765
b20_C,_5885_,MUX2,0,1,3,2,12,27,218,-8.457031250186375e-06,2.394,0.5320000000001528,0.00765
b20_C,_5886_,AOI211,0,0,4,2,13,26,216,-8.12500000035854e-06,2.394,1.0640000000003056,0.00765
b20_C,_5888_,AOI221,0,1,5,4,16,24,196,4.701171874987864e-05,2.926,1.3300000000008367,0.00765
b20_C,_5890_,OAI211,0,1,4,2,17,23,159,-1.435546875017124e-05,2.394,1.0640000000003056,0.00765
b20_C,_5891_,AND3,0,1,3,3,18,22,149,4.667968749760831e-06,1.596,0.26599999999962165,0.00765
b20_C,_5892_,OAI222,0,1,6,2,19,21,129,7.167968749666187e-06,3.724,1.5960000000004584,0.00765
b20_C,_5893_,OAI211,0,1,4,2,20,20,119,-1.3964843750269296e-05,2.394,1.0640000000003056,0.00765
b20_C,_5894_,AOI22,0,1,4,2,21,19,101,-1.1718750014821921e-07,2.394,1.0640000000003056,0.00765
b20_C,_5895_,OAI22,0,0,4,2,20,19,101,-2.734375001978151e-07,2.394,1.0640000000003056,0.00765
b20_C,_5896_,OR2,0,1,2,1,22,18,82,-2.3046875001764278e-06,1.33,0.26599999999962165,0.00765
b20_C,_5897_,AOI211,0,1,4,1,23,17,81,-9.90234375031207e-06,2.394,1.0640000000003056,0.00765
b20_C,_5898_,OR2,0,1,2,2,24,16,80,1.1113281249919282e-05,1.33,0.26599999999962165,0.00765
b20_C,_5899_,AND2,0,0,2,3,22,17,105,-4.355468750105729e-06,1.33,0.26599999999962165,0.00765
b20_C,_5900_,INV,0,0,1,1,23,16,72,0.0,0.798,0.26599999999962165,0.00765
b20_C,_5901_,AOI21,0,1,3,3,25,15,71,2.3769531249939746e-05,1.862,0.7979999999997744,0.00765
b20_C,_5902_,NOR2,0,0,2,3,22,15,93,-2.734375001978151e-07,1.33,0.5320000000001528,0.00765
b20_C,_5903_,OAI21,0,1,3,2,26,14,63,-4.082031250352003e-06,1.862,0.7979999999997744,0.00765
b20_C,_5904_,AOI21,0,1,3,2,27,13,55,1.1230468749845457e-05,1.862,0.7979999999997744,0.00765
b20_C,_5905_,NOR2,0,1,2,1,28,12,48,-1.402343750012136e-05,1.33,0.5320000000001528,0.00765
b20_C,_5906_,NOR2,0,1,2,3,29,11,47,1.7070312499978257e-05,1.33,0.5320000000001528,0.00765
b20_C,_5907_,OR2,0,1,2,2,30,10,39,2.578124999708109e-06,1.33,0.26599999999962165,0.00765
b20_C,_5908_,AOI22,0,1,4,2,31,9,30,-1.0058593750139622e-05,2.394,1.0640000000003056,0.00765
b20_C,_5909_,AOI21,0,1,3,2,32,8,21,1.5117187499802398e-05,1.862,0.7979999999997744,0.00765
b20_C,_5910_,AOI21,0,1,3,2,33,7,12,-9.941406250213447e-06,1.862,0.7979999999997744,0.00765
b20_C,_5911_,AOI22,0,1,4,1,34,6,5,-2.0507812501513456e-06,2.394,1.0640000000003056,0.00765
b20_C,_5912_,AOI22,0,1,4,1,35,5,4,-1.904296875032685e-05,2.394,1.0640000000003056,0.00765
b20_C,_5913_,NOR2,0,0,2,5,30,9,25,-9.332031250020023e-05,1.33,0.5320000000001528,0.00765
b20_C,_5914_,NOR2,0,0,2,3,31,8,11,-1.3339843750292957e-05,1.33,0.5320000000001528,0.00765
b20_C,_5915_,OAI21,0,1,3,1,36,4,3,2.2070312497568523e-06,1.862,0.7979999999997744,0.00765
b20_C,_5916_,NOR2,0,0,2,7,8,30,185,0.0,1.33,0.5320000000001528,0.00765
b20_C,_5917_,BUF,0,0,1,10,9,21,88,0.0,1.064,0.26600000000053114,0.00765
b20_C,_5918_,NOR2,0,0,2,8,9,29,100,0.0,1.33,0.5320000000001528,0.00765
b20_C,_5919_,BUF,0,0,1,10,10,25,83,0.0,1.064,0.26600000000053114,0.00765
b20_C,_5920_,CLKBUF,0,0,1,10,11,23,58,0.0,1.064,0.26600000000053114,0.00765
b20_C,_5921_,CLKBUF,0,0,1,10,12,17,33,0.0,1.064,0.26600000000053114,0.00765
b20_C,_5922_,AOI22,0,0,4,2,31,8,8,-1.470703125017181e-05,2.394,1.0640000000003056,0.00765
b20_C,_5923_,NAND2,0,0,2,4,7,29,215,-9.765625019753088e-08,1.33,0.5320000000001528,0.00765
b20_C,_5924_,NAND2,0,0,2,10,8,28,85,0.0,1.33,0.5320000000001528,0.00765
b20_C,_5925_,CLKBUF,0,0,1,10,9,20,56,0.0,1.064,0.26600000000053114,0.00765
b20_C,_5926_,CLKBUF,0,0,1,10,10,18,38,0.0,1.064,0.26600000000053114,0.00765
b20_C,_5928_,NAND2,0,0,2,1,32,7,6,0.0,1.33,0.5320000000001528,0.00765
b20_C,_5929_,BUF,0,0,1,10,8,28,155,0.0,1.064,0.26600000000053114,0.00765
b20_C,_5930_,BUF,0,0,1,10,9,22,119,0.0,1.064,0.26600000000053114,0.00765
b20_C,_5931_,OAI22,0,0,4,2,30,9,10,-6.640625000997602e-07,2.394,1.0640000000003056,0.00765
b20_C,_5932_,AOI22,0,0,4,2,30,9,10,0.0,2.394,1.0640000000003056,0.00765
b20_C,_5934_,OAI22,0,0,4,1,21,11,10,-1.1289062500141611e-05,2.394,1.0640000000003056,0.00765
b20_C,_5933_,NOR2,0,0,2,1,31,8,7,0.0,1.33,0.5320000000001528,0.00765
b20_C,_5935_,AOI21,0,0,3,2,29,10,9,0.0,1.862,0.7979999999997744,0.00765
b20_C,_5936_,NOR2,0,0,2,7,8,28,65,0.0,1.33,0.5320000000001528,0.00765
b20_C,_5937_,CLKBUF,0,0,1,10,9,23,44,0.0,1.064,0.26600000000053114,0.00765
b20_C,_5938_,NAND2,0,0,2,3,28,11,16,-8.496093750309797e-06,1.33,0.5320000000001528,0.00765
b20_C,_5939_,AOI22,0,0,4,2,29,10,9,-4.492187500204636e-06,2.394,1.0640000000003056,0.00765
b20_C,_5940_,NOR2,0,0,2,1,30,9,8,0.0,1.33,0.5320000000001528,0.00765
b20_C,_5941_,OAI22,0,0,4,1,28,11,11,-4.863281250155893e-06,2.394,1.0640000000003056,0.00765
b20_C,_5942_,AOI21,0,0,3,2,29,10,10,-8.476562500137064e-06,1.862,0.7979999999997744,0.00765
b20_C,_5943_,AOI22,0,0,4,2,28,10,10,-4.960937500353424e-06,2.394,1.0640000000003056,0.00765
b20_C,_5945_,NAND2,0,0,2,5,9,28,60,0.0,1.33,0.5320000000001528,0.00765
b20_C,_5944_,NOR2,0,0,2,1,30,9,8,0.0,1.33,0.5320000000001528,0.00765
b20_C,_5946_,CLKBUF,0,0,1,10,10,24,45,0.0,1.064,0.26600000000053114,0.00765
b20_C,_5947_,OAI22,0,0,4,2,27,11,11,-8.750000000112834e-06,2.394,1.0640000000003056,0.00765
b20_C,_5948_,AOI22,0,0,4,1,20,12,12,-2.142578125030603e-05,2.394,1.0640000000003056,0.00765
b20_C,_5949_,OAI21,0,0,3,2,27,11,11,0.0,1.862,0.7979999999997744,0.00765
b20_C,_5950_,NOR2,0,0,2,1,28,10,9,0.0,1.33,0.5320000000001528,0.00765
b20_C,_5951_,OAI22,0,0,4,1,26,13,13,-1.5625000000518696e-06,2.394,1.0640000000003056,0.00765
b20_C,_5952_,AOI21,0,0,3,2,27,12,12,-8.222656250111982e-06,1.862,0.7979999999997744,0.00765
b20_C,_5953_,AOI22,0,0,4,2,26,12,12,-1.5625000000518696e-06,2.394,1.0640000000003056,0.00765
b20_C,_5954_,NOR2,0,0,2,1,28,11,10,0.0,1.33,0.5320000000001528,0.00765
b20_C,_5955_,AOI22,0,0,4,1,19,14,15,-2.0527343750131877e-05,2.394,1.0640000000003056,0.00765
b20_C,_5956_,OAI21,0,0,3,2,25,13,14,-3.984375000154472e-06,1.862,0.7979999999997744,0.00765
b20_C,_5957_,OAI22,0,0,4,2,25,13,14,-8.105468750185807e-06,2.394,1.0640000000003056,0.00765
b20_C,_5958_,NOR2,0,0,2,1,26,12,11,0.0,1.33,0.5320000000001528,0.00765
b20_C,_5959_,AOI21,0,0,3,1,28,11,10,0.0,1.862,0.7979999999997744,0.00765
b20_C,_5960_,AOI22,0,0,4,2,23,16,15,-2.0585937500205986e-05,2.394,1.0640000000003056,0.00765
b20_C,_5961_,OAI22,0,0,4,1,18,17,16,-9.882812500139337e-06,2.394,1.0640000000003056,0.00765
b20_C,_5962_,AOI21,0,0,3,2,23,16,15,0.0,1.862,0.7979999999997744,0.00765
b20_C,_5964_,AOI22,0,0,4,1,17,18,17,-2.1191406250231637e-05,2.394,1.0640000000003056,0.00765
b20_C,_5963_,NOR2,0,0,2,1,24,15,14,0.0,1.33,0.5320000000001528,0.00765
b20_C,_5965_,OAI21,0,0,3,2,22,17,16,0.0,1.862,0.7979999999997744,0.00765
b20_C,_5966_,OAI22,0,0,4,2,22,17,16,-9.082031250162714e-06,2.394,1.0640000000003056,0.00765
b20_C,_5967_,AOI22,0,0,4,1,17,18,19,-1.9921875000106226e-05,2.394,1.0640000000003056,0.00765
b20_C,_5968_,OAI21,0,0,3,2,22,17,18,0.0,1.862,0.7979999999997744,0.00765
b20_C,_5969_,OAI22,0,0,4,2,22,17,18,-8.222656250111982e-06,2.394,1.0640000000003056,0.00765
b20_C,_5970_,OAI22,0,0,4,1,23,16,15,0.0,2.394,1.0640000000003056,0.00765
b20_C,_5971_,INV,0,0,1,1,24,15,14,0.0,0.798,0.26599999999962165,0.00765
b20_C,_5972_,AOI22,0,0,4,1,21,18,18,-7.968750000308944e-06,2.394,1.0640000000003056,0.00765
b20_C,_5973_,OAI21,0,0,3,2,22,17,17,-4.492187500204636e-06,1.862,0.7979999999997744,0.00765
b20_C,_5974_,OAI22,0,0,4,2,21,17,17,-7.968750000308944e-06,2.394,1.0640000000003056,0.00765
b20_C,_5975_,AOI22,0,0,4,1,23,16,15,0.0,2.394,1.0640000000003056,0.00765
b20_C,_5976_,OAI22,0,0,4,1,14,19,20,-5.996093750182396e-06,2.394,1.0640000000003056,0.00765
b20_C,_5977_,AOI21,0,0,3,2,21,18,19,-1.1718750014821921e-07,1.862,0.7979999999997744,0.00765
b20_C,_5979_,NAND2,0,0,2,1,22,17,16,0.0,1.33,0.5320000000001528,0.00765
b20_C,_5978_,AOI22,0,0,4,2,21,18,19,-4.609375000130811e-06,2.394,1.0640000000003056,0.00765
b20_C,_5980_,OAI21,0,0,3,1,23,16,15,0.0,1.862,0.7979999999997744,0.00765
b20_C,_5981_,AOI22,0,0,4,1,14,20,20,-2.04882812502305e-05,2.394,1.0640000000003056,0.00765
b20_C,_5982_,OAI21,0,0,3,2,20,19,19,-4.50781250003196e-05,1.862,0.7979999999997744,0.00765
b20_C,_5983_,OAI22,0,0,4,2,20,19,19,-8.96484375023654e-06,2.394,1.0640000000003056,0.00765
b20_C,_5984_,AOI22,0,0,4,1,15,20,19,-2.082031250028038e-05,2.394,1.0640000000003056,0.00765
b20_C,_5985_,OAI21,0,0,3,2,20,19,18,-7.265625000307807e-06,1.862,0.7979999999997744,0.00765
b20_C,_5986_,OAI22,0,0,4,2,20,19,18,-8.476562500137064e-06,2.394,1.0640000000003056,0.00765
b20_C,_5987_,OAI22,0,0,4,1,21,18,17,0.0,2.394,1.0640000000003056,0.00765
b20_C,_5988_,AOI22,0,0,4,1,14,20,20,-2.0625000000107363e-05,2.394,1.0640000000003056,0.00765
b20_C,_5990_,OAI22,0,0,4,2,19,19,19,-8.828125000137632e-06,2.394,1.0640000000003056,0.00765
b20_C,_5989_,OAI21,0,0,3,2,19,19,19,-4.1015625029672265e-07,1.862,0.7979999999997744,0.00765
b20_C,_5991_,AOI22,0,0,4,1,21,18,17,0.0,2.394,1.0640000000003056,0.00765
b20_C,_5992_,OAI22,0,0,4,1,14,21,21,-3.1250000001037392e-06,2.394,1.0640000000003056,0.00765
b20_C,_5993_,AOI21,0,0,3,2,18,20,20,0.0,1.862,0.7979999999997744,0.00765
b20_C,_5994_,AOI22,0,0,4,2,18,20,20,-2.695312500078373e-06,2.394,1.0640000000003056,0.00765
b20_C,_5995_,NAND2,0,0,2,1,19,19,18,0.0,1.33,0.5320000000001528,0.00765
b20_C,_5996_,OAI22,0,0,4,1,14,21,21,0.0,2.394,1.0640000000003056,0.00765
b20_C,_5997_,AOI21,0,0,3,2,18,20,20,0.0,1.862,0.7979999999997744,0.00765
b20_C,_5998_,OR2,0,0,2,6,17,21,192,0.0,1.33,0.26599999999962165,0.00765
b20_C,_5999_,AOI22,0,0,4,2,18,20,20,0.0,2.394,1.0640000000003056,0.00765
b20_C,_6000_,OAI22,0,0,4,1,19,19,18,0.0,2.394,1.0640000000003056,0.00765
b20_C,_6001_,OAI22,0,0,4,2,17,21,21,-8.320312500309512e-06,2.394,1.0640000000003056,0.00765
b20_C,_6002_,AOI22,0,0,4,1,17,22,22,-1.04687500002143e-05,2.394,1.0640000000003056,0.00765
b20_C,_6003_,OAI21,0,0,3,2,18,21,21,0.0,1.862,0.7979999999997744,0.00765
b20_C,_6004_,NOR2,0,0,2,1,19,20,19,0.0,1.33,0.5320000000001528,0.00765
b20_C,_6005_,OAI22,0,0,4,1,12,23,23,-5.937500000108287e-06,2.394,1.0640000000003056,0.00765
b20_C,_6006_,AOI21,0,0,3,2,16,22,22,0.0,1.862,0.7979999999997744,0.00765
b20_C,_6007_,AOI22,0,0,4,2,16,22,22,-8.808593750186944e-06,2.394,1.0640000000003056,0.00765
b20_C,_6008_,AOI22,0,0,4,2,16,22,23,-1.074218750019007e-05,2.394,1.0640000000003056,0.00765
b20_C,_6009_,OAI22,0,0,4,1,13,23,24,-1.0000000000065512e-05,2.394,1.0640000000003056,0.00765
b20_C,_6010_,AOI21,0,0,3,2,16,22,23,0.0,1.862,0.7979999999997744,0.00765
b20_C,_6011_,AOI22,0,0,4,1,17,21,20,0.0,2.394,1.0640000000003056,0.00765
b20_C,_6012_,AOI22,0,0,4,1,15,24,25,-7.988281250259632e-06,2.394,1.0640000000003056,0.00765
b20_C,_6013_,OAI21,0,0,3,2,16,23,24,0.0,1.862,0.7979999999997744,0.00765
b20_C,_6014_,OAI22,0,0,4,2,15,23,24,-7.988281250259632e-06,2.394,1.0640000000003056,0.00765
b20_C,_6015_,NAND2,0,0,2,1,17,22,21,0.0,1.33,0.5320000000001528,0.00765
b20_C,_6016_,OAI21,0,0,3,1,18,21,20,0.0,1.862,0.7979999999997744,0.00765
b20_C,_6017_,AOI22,0,0,4,1,13,24,24,-1.880859375003041e-05,2.394,1.0640000000003056,0.00765
b20_C,_6018_,OAI21,0,0,3,2,14,23,23,0.0,1.862,0.7979999999997744,0.00765
b20_C,_6019_,OAI22,0,0,4,2,14,23,23,-1.0664062500165272e-05,2.394,1.0640000000003056,0.00765
b20_C,_6020_,OAI22,0,0,4,1,17,22,21,0.0,2.394,1.0640000000003056,0.00765
b20_C,_6021_,OAI22,0,0,4,1,13,25,26,-1.2890625002981437e-06,2.394,1.0640000000003056,0.00765
b20_C,_6023_,AOI22,0,0,4,2,14,24,25,-5.800781250453468e-06,2.394,1.0640000000003056,0.00765
b20_C,_6022_,AOI21,0,0,3,2,14,24,25,0.0,1.862,0.7979999999997744,0.00765
b20_C,_6024_,NOR2,0,0,2,1,15,23,22,0.0,1.33,0.5320000000001528,0.00765
b20_C,_6025_,AOI21,0,0,3,1,16,22,21,0.0,1.862,0.7979999999997744,0.00765
b20_C,_6026_,NAND2,0,0,2,1,15,23,22,0.0,1.33,0.5320000000001528,0.00765
b20_C,_6027_,OAI22,0,0,4,1,13,25,25,0.0,2.394,1.0640000000003056,0.00765
b20_C,_6028_,AOI21,0,0,3,2,14,24,24,-5.859375002970069e-07,1.862,0.7979999999997744,0.00765
b20_C,_6029_,AOI22,0,0,4,2,13,24,24,0.0,2.394,1.0640000000003056,0.00765
b20_C,_6030_,NAND2,0,0,2,1,15,23,22,0.0,1.33,0.5320000000001528,0.00765
b20_C,_6031_,OAI22,0,0,4,1,13,25,25,-6.953125000208615e-06,2.394,1.0640000000003056,0.00765
b20_C,_6032_,AOI21,0,0,3,2,14,24,24,-1.0371093750016769e-05,1.862,0.7979999999997744,0.00765
b20_C,_6033_,AOI22,0,0,4,2,13,24,24,-7.382812500011937e-06,2.394,1.0640000000003056,0.00765
b20_C,_6034_,AOI22,0,0,4,1,12,26,26,-1.886718750010452e-05,2.394,1.0640000000003056,0.00765
b20_C,_6035_,OAI21,0,0,3,2,13,25,25,-6.853515625016016e-05,1.862,0.7979999999997744,0.00765
b20_C,_6036_,OAI22,0,0,4,2,12,25,25,-8.730468750162146e-06,2.394,1.0640000000003056,0.00765
b20_C,_6037_,NAND2,0,0,2,1,14,24,23,0.0,1.33,0.5320000000001528,0.00765
b20_C,_6038_,OAI22,0,0,4,1,12,27,27,-1.5625000000518696e-06,2.394,1.0640000000003056,0.00765
b20_C,_6039_,AOI21,0,0,3,2,13,26,26,-9.765625019753088e-08,1.862,0.7979999999997744,0.00765
b20_C,_6040_,AOI22,0,0,4,2,13,26,26,-8.867187500261053e-06,2.394,1.0640000000003056,0.00765
b20_C,_6041_,NAND2,0,0,2,1,14,25,24,0.0,1.33,0.5320000000001528,0.00765
b20_C,_6042_,OAI22,0,0,4,1,12,27,27,-2.656250000176996e-06,2.394,1.0640000000003056,0.00765
b20_C,_6043_,AOI21,0,0,3,2,13,26,26,0.0,1.862,0.7979999999997744,0.00765
b20_C,_6044_,AOI22,0,0,4,2,12,26,26,-1.8359375002496847e-06,2.394,1.0640000000003056,0.00765
b20_C,_6045_,OAI22,0,0,4,1,14,25,24,0.0,2.394,1.0640000000003056,0.00765
b20_C,_6046_,AOI22,0,0,4,1,11,28,28,-3.986328125016314e-05,2.394,1.0640000000003056,0.00765
b20_C,_6047_,OAI21,0,0,3,2,12,27,27,-7.597656250357687e-06,1.862,0.7979999999997744,0.00765
b20_C,_6048_,OAI22,0,0,4,2,11,27,27,-7.812500002479794e-07,2.394,1.0640000000003056,0.00765
b20_C,_6049_,NOR2,0,0,2,1,13,26,25,0.0,1.33,0.5320000000001528,0.00765
b20_C,_6050_,AOI22,0,0,4,1,11,28,27,-0.0003899218750000877,2.394,1.0640000000003056,0.00765
b20_C,_6051_,OAI21,0,0,3,1,12,27,26,0.0,1.862,0.7979999999997744,0.00765
b20_C,_6052_,NAND2,0,0,2,3,11,28,37,-0.00038876953125033253,1.33,0.5320000000001528,0.00765
b20_C,_6053_,MUX2,0,0,3,2,12,27,27,0.0,2.394,0.5320000000001528,0.00765
b20_C,_6054_,OAI22,0,0,4,2,11,27,27,-0.0004112304687502455,2.394,1.0640000000003056,0.00765
b20_C,_6055_,OAI21,0,0,3,1,13,26,25,0.0,1.862,0.7979999999997744,0.00765
b20_C,_6056_,AOI22,0,0,4,1,13,26,25,0.0,2.394,1.0640000000003056,0.00765
b20_C,_6057_,AOI221,0,0,5,1,14,25,24,0.0,2.926,1.3300000000008367,0.00765
b20_C,_6058_,OAI221,0,0,5,1,15,24,23,0.0,2.926,1.3300000000008367,0.00765
b20_C,_6059_,AOI22,0,0,4,1,16,23,22,0.0,2.394,1.0640000000003056,0.00765
b20_C,_6060_,OAI22,0,0,4,1,15,23,22,0.0,2.394,1.0640000000003056,0.00765
b20_C,_6061_,OAI211,0,0,4,1,17,22,21,0.0,2.394,1.0640000000003056,0.00765
b20_C,_6062_,AOI21,0,0,3,1,18,21,20,0.0,1.862,0.7979999999997744,0.00765
b20_C,_6063_,OAI21,0,0,3,1,19,20,19,0.0,1.862,0.7979999999997744,0.00765
b20_C,_6064_,NOR2,0,0,2,1,17,21,20,0.0,1.33,0.5320000000001528,0.00765
b20_C,_6065_,AOI21,0,0,3,1,19,20,19,0.0,1.862,0.7979999999997744,0.00765
b20_C,_6066_,AOI221,0,0,5,1,20,19,18,0.0,2.926,1.3300000000008367,0.00765
b20_C,_6067_,OAI221,0,0,5,1,21,18,17,0.0,2.926,1.3300000000008367,0.00765
b20_C,_6068_,AOI21,0,0,3,1,22,17,16,0.0,1.862,0.7979999999997744,0.00765
b20_C,_6069_,NOR2,0,0,2,1,22,17,16,0.0,1.33,0.5320000000001528,0.00765
b20_C,_6070_,AOI211,0,0,4,1,23,16,15,0.0,2.394,1.0640000000003056,0.00765
b20_C,_6071_,OAI21,0,0,3,1,24,15,14,0.0,1.862,0.7979999999997744,0.00765
b20_C,_6072_,AOI221,0,0,5,1,25,14,13,0.0,2.926,1.3300000000008367,0.00765
b20_C,_6073_,OAI22,0,0,4,1,19,15,14,-5.781250000058691e-06,2.394,1.0640000000003056,0.00765
b20_C,_6074_,AOI21,0,0,3,2,25,14,13,0.0,1.862,0.7979999999997744,0.00765
b20_C,_6075_,AOI22,0,0,4,2,25,14,13,-2.734375001978151e-07,2.394,1.0640000000003056,0.00765
b20_C,_6076_,AOI221,0,0,5,1,26,13,12,0.0,2.926,1.3300000000008367,0.00765
b20_C,_6077_,AOI21,0,0,3,1,27,12,11,0.0,1.862,0.7979999999997744,0.00765
b20_C,_6078_,OAI21,0,0,3,1,28,11,10,0.0,1.862,0.7979999999997744,0.00765
b20_C,_6079_,AOI21,0,0,3,1,29,10,9,0.0,1.862,0.7979999999997744,0.00765
b20_C,_6080_,NAND2,0,0,2,1,28,10,9,0.0,1.33,0.5320000000001528,0.00765
b20_C,_6081_,AOI221,0,0,5,1,30,9,8,0.0,2.926,1.3300000000008367,0.00765
b20_C,_6082_,NOR3,0,0,3,1,31,8,7,0.0,1.862,0.7979999999997744,0.00765
b20_C,_6083_,AOI211,0,0,4,1,32,7,6,0.0,2.394,1.0640000000003056,0.00765
b20_C,_6084_,NAND2,0,0,2,1,31,8,7,0.0,1.33,0.5320000000001528,0.00765
b20_C,_6085_,OAI21,0,0,3,1,32,7,6,0.0,1.862,0.7979999999997744,0.00765
b20_C,_6086_,OAI21,0,0,3,2,33,6,5,0.0,1.862,0.7979999999997744,0.00765
b20_C,_6087_,NOR4,0,0,4,1,34,5,4,0.0,2.394,1.0640000000003056,0.00765
b20_C,_6088_,NOR2,0,0,2,3,10,7,9,0.0,1.33,0.5320000000001528,0.00765
b20_C,_6089_,INV,0,1,1,2,13,8,11,2.2070312497568523e-06,0.798,0.26599999999962165,0.00765
b20_C,_6090_,AOI21,0,0,3,3,31,7,9,-1.1230468750067502e-05,1.862,0.7979999999997744,0.00765
b20_C,_6091_,NAND2,0,0,2,2,30,9,12,-9.746093750262474e-06,1.33,0.5320000000001528,0.00765
b20_C,_6092_,INV,0,0,1,1,31,8,8,0.0,0.798,0.26599999999962165,0.00765
b20_C,_6093_,NAND2,0,0,2,3,31,8,17,-6.054687502476952e-07,1.33,0.5320000000001528,0.00765
b20_C,_6094_,XOR2,0,0,2,3,28,9,19,-6.835937500504485e-07,2.394,0.7980000000006839,0.00765
b20_C,_6095_,NAND2,0,0,2,2,27,10,24,0.0,1.33,0.5320000000001528,0.00765
b20_C,_6096_,NAND2,0,0,2,3,28,9,18,0.0,1.33,0.5320000000001528,0.00765
b20_C,_6098_,NOR2,0,0,2,4,26,10,20,9.570312498041744e-07,1.33,0.5320000000001528,0.00765
b20_C,_6097_,XNOR2,0,0,2,3,27,9,17,-1.8945312501017497e-06,2.66,1.0640000000003056,0.00765
b20_C,_6099_,NOR2,0,0,2,3,26,10,19,-3.906250003460343e-07,1.33,0.5320000000001528,0.00765
b20_C,_6100_,XNOR2,0,0,2,3,23,11,19,-5.410156250107434e-06,2.66,1.0640000000003056,0.00765
b20_C,_6101_,NOR2,0,0,2,4,23,12,22,-1.1718750001499245e-06,1.33,0.5320000000001528,0.00765
b20_C,_6102_,NOR2,0,0,2,3,23,12,23,0.0,1.33,0.5320000000001528,0.00765
b20_C,_6103_,NOR2,0,0,2,4,23,12,22,7.480468749765379e-06,1.33,0.5320000000001528,0.00765
b20_C,_6104_,AND2,0,0,2,2,21,16,44,-2.246093750102318e-06,1.33,0.26599999999962165,0.00765
b20_C,_6105_,OR2,0,0,2,3,22,13,21,0.0,1.33,0.26599999999962165,0.00765
b20_C,_6106_,NAND2,0,0,2,2,18,18,39,0.0,1.33,0.5320000000001528,0.00765
b20_C,_6107_,NAND2,0,0,2,3,19,13,23,0.0,1.33,0.5320000000001528,0.00765
b20_C,_6109_,NOR2,0,0,2,3,21,14,23,6.8554687500110845e-06,1.33,0.5320000000001528,0.00765
b20_C,_6108_,NOR2,0,0,2,2,20,16,37,0.0,1.33,0.5320000000001528,0.00765
b20_C,_6110_,NAND2,0,0,2,3,20,16,48,-3.71093750395346e-07,1.33,0.5320000000001528,0.00765
b20_C,_6111_,NAND2,0,0,2,2,20,16,34,-5.437500000016193e-05,1.33,0.5320000000001528,0.00765
b20_C,_6112_,NAND2,0,0,2,3,21,15,26,0.0,1.33,0.5320000000001528,0.00765
b20_C,_6113_,XNOR2,0,0,2,3,19,15,27,-1.0644531250214584e-05,2.66,1.0640000000003056,0.00765
b20_C,_6114_,XNOR2,0,0,2,3,18,15,26,-1.041015625014019e-05,2.66,1.0640000000003056,0.00765
b20_C,_6115_,XNOR2,0,0,2,3,18,16,25,-3.906250000129674e-06,2.66,1.0640000000003056,0.00765
b20_C,_6116_,AND2,0,0,2,3,17,16,26,0.0,1.33,0.26599999999962165,0.00765
b20_C,_6117_,AND2,0,0,2,2,16,19,44,-2.4414062500532907e-06,1.33,0.26599999999962165,0.00765
b20_C,_6118_,NOR2,0,0,2,2,16,20,45,-4.472656250253948e-06,1.33,0.5320000000001528,0.00765
b20_C,_6119_,NOR2,0,0,2,3,17,16,27,3.222656249857181e-06,1.33,0.5320000000001528,0.00765
b20_C,_6120_,XNOR2,0,3,2,4,11,18,31,-0.00045597656250029317,2.66,1.0640000000003056,0.00765
b20_C,_6121_,NOR2,0,0,2,3,14,18,26,-3.906250012342127e-08,1.33,0.5320000000001528,0.00765
b20_C,_6122_,NOR2,0,0,2,2,14,22,46,-2.0312500002006573e-06,1.33,0.5320000000001528,0.00765
b20_C,_6123_,NOR2,0,0,2,3,15,18,26,0.0,1.33,0.5320000000001528,0.00765
b20_C,_6124_,NOR2,0,0,2,3,12,27,277,-9.199218750088889e-06,1.33,0.5320000000001528,0.00765
b20_C,_6125_,AND2,0,0,2,2,12,28,278,-4.3359375001550404e-06,1.33,0.26599999999962165,0.00765
b20_C,_6126_,NOR2,0,0,2,3,13,19,30,0.0,1.33,0.5320000000001528,0.00765
b20_C,_6127_,INV,0,0,1,1,14,18,18,-7.812500024684255e-08,0.798,0.26599999999962165,0.00765
b20_C,_6128_,NAND4,0,0,4,1,16,17,17,-2.5800781250140403e-05,2.394,1.0640000000003056,0.00765
b20_C,_6129_,XNOR2,0,0,2,3,14,18,27,-6.816406250109708e-06,2.66,1.0640000000003056,0.00765
b20_C,_6130_,XNOR2,0,0,2,1,11,19,29,-1.0742187501744382e-06,2.66,1.0640000000003056,0.00765
b20_C,_6131_,INV,0,0,1,3,12,18,28,0.0,0.798,0.26599999999962165,0.00765
b20_C,_6132_,NOR2,0,0,2,2,11,28,286,-2.9296875014850343e-07,1.33,0.5320000000001528,0.00765
b20_C,_6133_,NAND2,0,0,2,2,11,28,287,-2.9296875014850343e-07,1.33,0.5320000000001528,0.00765
b20_C,_6134_,INV,0,0,1,1,12,20,29,0.0,0.798,0.26599999999962165,0.00765
b20_C,_6135_,NOR2,0,0,2,3,13,19,28,5.195312499761684e-06,1.33,0.5320000000001528,0.00765
b20_C,_6136_,INV,0,0,1,1,14,18,18,-2.187500000250253e-06,0.798,0.26599999999962165,0.00765
b20_C,_6137_,NOR2,0,0,2,3,14,18,28,-5.449218750008811e-06,1.33,0.5320000000001528,0.00765
b20_C,_6138_,NAND4,0,0,4,1,15,17,17,-3.2617187502026468e-06,2.394,1.0640000000003056,0.00765
b20_C,_6139_,XNOR2,0,0,2,3,15,17,29,0.0,2.66,1.0640000000003056,0.00765
b20_C,_6140_,XNOR2,0,0,2,3,11,18,24,-0.0005099414062503804,2.66,1.0640000000003056,0.00765
b20_C,_6141_,XNOR2,0,0,2,3,12,18,27,-1.0625000000263896e-05,2.66,1.0640000000003056,0.00765
b20_C,_6142_,NAND2,0,0,2,1,13,17,17,0.0,1.33,0.5320000000001528,0.00765
b20_C,_6143_,NOR4,0,0,4,1,17,16,16,0.0,2.394,1.0640000000003056,0.00765
b20_C,_6144_,NAND4,0,0,4,1,19,15,15,-7.714843750061817e-06,2.394,1.0640000000003056,0.00765
b20_C,_6145_,NOR4,0,0,4,1,22,14,14,0.0,2.394,1.0640000000003056,0.00765
b20_C,_6146_,NAND2,0,0,2,1,23,13,13,-3.22265625030127e-06,1.33,0.5320000000001528,0.00765
b20_C,_6147_,NOR3,0,0,3,1,24,12,12,3.906249990137667e-08,1.862,0.7979999999997744,0.00765
b20_C,_6148_,NAND4,0,0,4,1,25,11,11,-4.90234375005727e-06,2.394,1.0640000000003056,0.00765
b20_C,_6149_,NOR2,0,0,2,1,26,10,10,0.0,1.33,0.5320000000001528,0.00765
b20_C,_6150_,NAND3,0,0,3,1,27,9,9,-2.792968750053859e-06,1.862,0.7979999999997744,0.00765
b20_C,_6151_,OR4,0,0,4,1,29,8,8,-2.22656250015163e-06,1.862,0.26600000000053114,0.00765
b20_C,_6152_,NOR4,0,0,4,2,32,7,7,-3.906250034546588e-08,2.394,1.0640000000003056,0.00765
b20_C,_6153_,AOI21,0,0,3,1,33,6,5,0.0,1.862,0.7979999999997744,0.00765
b20_C,_6154_,AND3,0,0,3,1,33,6,5,0.0,1.596,0.26599999999962165,0.00765
b20_C,_6155_,NOR3,0,0,3,1,34,5,4,0.0,1.862,0.7979999999997744,0.00765
b20_C,_6156_,AND4,0,0,4,1,11,5,4,0.0,1.862,0.26600000000053114,0.00765
b20_C,_6157_,AOI211,0,0,4,1,35,4,3,0.0,2.394,1.0640000000003056,0.00765
b20_C,_6158_,AOI21,0,1,3,1,37,3,2,-1.2070312500167546e-05,1.862,0.7979999999997744,0.00765
b20_C,_6159_,NOR2,0,0,2,1,11,4,3,0.0,1.33,0.5320000000001528,0.00765
b20_C,_6160_,NOR3,0,0,3,1,10,4,3,0.0,1.862,0.7979999999997744,0.00765
b20_C,_6161_,INV,0,0,1,1,28,9,8,-1.5625000004959588e-07,0.798,0.26599999999962165,0.00765
b20_C,_6162_,OR2,0,0,2,2,22,15,23,0.0,1.33,0.26599999999962165,0.00765
b20_C,_6163_,AOI21,0,0,3,1,21,15,14,-4.845703125022638e-05,1.862,0.7979999999997744,0.00765
b20_C,_6164_,NOR2,0,0,2,1,19,16,15,0.0,1.33,0.5320000000001528,0.00765
b20_C,_6165_,OAI21,0,0,3,1,19,17,16,-1.0566406250189786e-05,1.862,0.7979999999997744,0.00765
b20_C,_6166_,NOR2,0,0,2,2,18,18,27,0.0,1.33,0.5320000000001528,0.00765
b20_C,_6167_,AOI21,0,0,3,1,19,17,16,-1.0625000000263896e-05,1.862,0.7979999999997744,0.00765
b20_C,_6169_,NAND2,0,0,2,1,16,19,18,-9.121093750064091e-06,1.33,0.5320000000001528,0.00765
b20_C,_6168_,NAND2,0,0,2,1,17,18,17,0.0,1.33,0.5320000000001528,0.00765
b20_C,_6170_,NOR2,0,0,2,2,13,21,43,0.0,1.33,0.5320000000001528,0.00765
b20_C,_6171_,AOI211,0,0,4,1,13,21,20,-0.000205957031250259,2.394,1.0640000000003056,0.00765
b20_C,_6172_,NOR4,0,0,4,1,15,21,20,-1.0937500003471712e-06,2.394,1.0640000000003056,0.00765
b20_C,_6173_,NAND4,0,0,4,1,16,20,19,-0.0001413476562501792,2.394,1.0640000000003056,0.00765
b20_C,_6174_,AOI21,0,0,3,1,17,19,18,-3.1250000000149214e-05,1.862,0.7979999999997744,0.00765
b20_C,_6175_,AOI221,0,0,5,1,18,18,17,-3.73046875012939e-06,2.926,1.3300000000008367,0.00765
b20_C,_6176_,OAI221,0,0,5,1,19,17,16,-9.589843750212879e-06,2.926,1.3300000000008367,0.00765
b20_C,_6177_,AOI21,0,0,3,1,20,16,15,0.0,1.862,0.7979999999997744,0.00765
b20_C,_6178_,OAI21,0,0,3,1,21,15,14,0.0,1.862,0.7979999999997744,0.00765
b20_C,_6180_,OAI22,0,0,4,1,24,13,12,-2.6113281250239595e-05,2.394,1.0640000000003056,0.00765
b20_C,_6179_,AOI21,0,0,3,1,23,14,13,0.0,1.862,0.7979999999997744,0.00765
b20_C,_6181_,NOR2,0,0,2,1,23,13,12,-1.6015625001752909e-06,1.33,0.5320000000001528,0.00765
b20_C,_6182_,AOI211,0,0,4,1,25,12,11,0.0,2.394,1.0640000000003056,0.00765
b20_C,_6183_,AOI211,0,0,4,1,26,11,10,-1.4160156250220268e-05,2.394,1.0640000000003056,0.00765
b20_C,_6184_,NOR3,0,0,3,1,27,10,9,0.0,1.862,0.7979999999997744,0.00765
b20_C,_6185_,NOR3,0,0,3,1,28,9,8,-5.273437500008527e-07,1.862,0.7979999999997744,0.00765
b20_C,_6186_,OAI221,0,0,5,1,29,8,7,-1.7382812500521538e-06,2.926,1.3300000000008367,0.00765
b20_C,_6187_,NAND3,0,0,3,1,31,7,6,0.0,1.862,0.7979999999997744,0.00765
b20_C,_6188_,NAND2,0,0,2,1,32,6,5,0.0,1.33,0.5320000000001528,0.00765
b20_C,_6189_,OAI211,0,0,4,1,33,5,4,-1.4843750002491163e-06,2.394,1.0640000000003056,0.00765
b20_C,_6191_,MUX2,0,0,3,1,35,3,2,0.0,2.394,0.5320000000001528,0.00765
b20_C,_6190_,AOI21,0,0,3,1,34,4,3,-5.859375029615421e-08,1.862,0.7979999999997744,0.00765
b20_C,_6192_,OAI21,0,1,3,1,38,2,1,1.3281249997554312e-06,1.862,0.7979999999997744,0.00765
b20_C,_6193_,NAND2,0,1,2,0,39,1,0,-1.6523437500026716e-05,1.33,0.5320000000001528,0.00765
b20_C,_6194_,NOR2,0,5,2,3,10,7,121,0.00013738281249997542,1.33,0.5320000000001528,0.00765
b20_C,_6195_,AOI211,0,21,4,4,13,6,76,0.0007854492187497897,2.394,1.0640000000003056,0.00765
b20_C,_6196_,NAND2,0,16,2,5,14,5,62,-0.00026199218750022624,1.33,0.5320000000001528,0.00765
b20_C,_6197_,NOR2,0,6,2,7,15,4,33,8.511718749981689e-05,1.33,0.5320000000001528,0.00765
b20_C,_6198_,BUF,0,6,1,10,16,3,20,0.00018335937499980304,1.064,0.26600000000053114,0.00765
b20_C,_6199_,NAND2,0,0,2,3,2,35,97,0.0,1.33,0.5320000000001528,0.00765
b20_C,_6200_,OR2,0,0,2,1,2,3,2,0.0,1.33,0.26599999999962165,0.00765
b20_C,_6201_,NAND3,0,1,3,1,17,2,1,-3.9980468750089315e-05,1.862,0.7979999999997744,0.00765
b20_C,_6202_,OR2,0,5,2,1,14,1,43,-0.00024144531250014367,1.33,0.26599999999962165,0.00765
b20_C,_6203_,NOR2,0,4,2,2,15,5,42,-0.0001335351562501419,1.33,0.5320000000001528,0.00765
b20_C,_6204_,BUF,0,4,1,10,16,4,39,9.509765624970967e-05,1.064,0.26600000000053114,0.00765
b20_C,_6205_,XNOR2,0,0,2,1,2,5,7,0.0,2.66,1.0640000000003056,0.00765
b20_C,_6206_,OAI22,0,0,4,2,10,4,6,-0.0004007812500002039,2.394,1.0640000000003056,0.00765
b20_C,_6207_,AND2,0,0,2,3,14,3,10,-0.00029021484375002515,1.33,0.26599999999962165,0.00765
b20_C,_6208_,AOI222,0,0,6,1,17,2,1,-2.839843750024329e-05,3.724,1.5960000000004584,0.00765
b20_C,_6209_,NAND2,0,1,2,0,18,1,0,-1.0058593750139622e-05,1.33,0.5320000000001528,0.00765
b20_C,_6211_,XOR2,0,0,2,1,5,4,3,-2.148437503457501e-07,2.394,0.7980000000006839,0.00765
b20_C,_6210_,NAND2,0,0,2,2,2,35,86,0.0,1.33,0.5320000000001528,0.00765
b20_C,_6212_,XNOR2,0,0,2,1,6,3,2,0.0,2.66,1.0640000000003056,0.00765
b20_C,_6213_,NOR2,0,0,2,2,15,4,23,-0.00015402343750015035,1.33,0.5320000000001528,0.00765
b20_C,_6214_,CLKBUF,0,0,1,10,16,3,20,0.0,1.064,0.26600000000053114,0.00765
b20_C,_6215_,NAND2,0,0,2,1,17,2,1,0.0,1.33,0.5320000000001528,0.00765
b20_C,_6216_,BUF,0,3,1,10,17,3,20,7.093749999986798e-05,1.064,0.26600000000053114,0.00765
b20_C,_6217_,XOR2,0,0,2,1,5,4,3,-2.148437503457501e-07,2.394,0.7980000000006839,0.00765
b20_C,_6218_,XNOR2,0,0,2,1,6,3,2,0.0,2.66,1.0640000000003056,0.00765
b20_C,_6219_,NOR2,0,10,2,10,15,4,39,0.00030458984374992504,1.33,0.5320000000001528,0.00765
b20_C,_6220_,AOI222,0,1,6,1,18,2,1,-0.0002921093750001269,3.724,1.5960000000004584,0.00765
b20_C,_6222_,NAND2,0,5,2,10,11,4,45,8.306640624988759e-05,1.33,0.5320000000001528,0.00765
b20_C,_6221_,NAND3,0,1,3,0,19,1,0,-2.7773437500044906e-05,1.862,0.7979999999997744,0.00765
b20_C,_6223_,NOR2,0,0,2,1,9,4,4,-2.863281250009564e-05,1.33,0.5320000000001528,0.00765
b20_C,_6224_,AOI21,0,0,3,1,13,3,3,-1.2343750000143316e-05,1.862,0.7979999999997744,0.00765
b20_C,_6225_,OR2,0,0,2,2,14,2,2,-1.7597656250201155e-05,1.33,0.26599999999962165,0.00765
b20_C,_6226_,NAND2,0,0,2,1,18,2,1,-1.6523437500026716e-05,1.33,0.5320000000001528,0.00765
b20_C,_6227_,BUF,0,10,1,10,16,3,20,0.0004040234375000118,1.064,0.26600000000053114,0.00765
b20_C,_6228_,XNOR2,0,0,2,1,5,4,3,0.0,2.66,1.0640000000003056,0.00765
b20_C,_6229_,NOR2,0,0,2,1,5,35,83,-1.5625000004959588e-07,1.33,0.5320000000001528,0.00765
b20_C,_6230_,NAND2,0,0,2,1,5,35,83,-1.5625000004959588e-07,1.33,0.5320000000001528,0.00765
b20_C,_6231_,AOI21,0,0,3,2,6,34,82,0.0,1.862,0.7979999999997744,0.00765
b20_C,_6232_,XNOR2,0,0,2,1,7,3,2,0.0,2.66,1.0640000000003056,0.00765
b20_C,_6233_,XNOR2,0,0,2,1,5,4,3,0.0,2.66,1.0640000000003056,0.00765
b20_C,_6234_,NOR2,0,0,2,1,5,35,92,-1.5625000004959588e-07,1.33,0.5320000000001528,0.00765
b20_C,_6235_,NAND2,0,0,2,1,5,35,92,-1.5625000004959588e-07,1.33,0.5320000000001528,0.00765
b20_C,_6236_,AOI21,0,0,3,2,6,34,91,0.0,1.862,0.7979999999997744,0.00765
b20_C,_6237_,XNOR2,0,0,2,1,7,3,2,0.0,2.66,1.0640000000003056,0.00765
b20_C,_6238_,AOI222,0,1,6,1,17,2,1,-0.0001864257812500547,3.724,1.5960000000004584,0.00765
b20_C,_6239_,NAND4,0,1,4,0,19,1,0,-1.2089843750118234e-05,2.394,1.0640000000003056,0.00765
b20_C,_6240_,INV,0,0,1,2,1,32,78,0.0,0.798,0.26599999999962165,0.00765
b20_C,_6241_,XNOR2,0,0,2,1,5,4,3,-1.2500000001747225e-06,2.66,1.0640000000003056,0.00765
b20_C,_6242_,NOR2,0,0,2,1,5,33,78,0.0,1.33,0.5320000000001528,0.00765
b20_C,_6244_,OR2,0,0,2,2,8,32,77,0.0,1.33,0.26599999999962165,0.00765
b20_C,_6243_,AOI21,0,0,3,1,7,33,78,0.0,1.862,0.7979999999997744,0.00765
b20_C,_6245_,XNOR2,0,0,2,1,9,3,2,0.0,2.66,1.0640000000003056,0.00765
b20_C,_6246_,NAND2,0,0,2,1,17,2,1,0.0,1.33,0.5320000000001528,0.00765
b20_C,_6247_,XOR2,0,0,2,1,5,4,3,-1.1132812502978595e-06,2.394,0.7980000000006839,0.00765
b20_C,_6248_,NAND2,0,0,2,1,5,33,87,0.0,1.33,0.5320000000001528,0.00765
b20_C,_6249_,OAI21,0,0,3,1,7,33,87,0.0,1.862,0.7979999999997744,0.00765
b20_C,_6250_,AND2,0,0,2,2,8,32,86,0.0,1.33,0.26599999999962165,0.00765
b20_C,_6251_,XNOR2,0,0,2,1,9,3,2,0.0,2.66,1.0640000000003056,0.00765
b20_C,_6252_,AOI222,0,1,6,1,18,2,1,-0.00019550781250021743,3.724,1.5960000000004584,0.00765
b20_C,_6253_,NAND3,0,1,3,0,19,1,0,-9.492187500015348e-06,1.862,0.7979999999997744,0.00765
b20_C,_6254_,XNOR2,0,0,2,1,4,4,3,0.0,2.66,1.0640000000003056,0.00765
b20_C,_6255_,NOR2,0,0,2,1,5,32,83,-9.375000002975753e-07,1.33,0.5320000000001528,0.00765
b20_C,_6256_,NAND2,0,0,2,1,5,32,83,-9.76562500198952e-07,1.33,0.5320000000001528,0.00765
b20_C,_6257_,AOI21,0,0,3,2,9,31,82,0.0,1.862,0.7979999999997744,0.00765
b20_C,_6258_,XNOR2,0,0,2,1,10,3,2,0.0,2.66,1.0640000000003056,0.00765
b20_C,_6259_,NAND2,0,0,2,1,17,2,1,-4.894531250010381e-05,1.33,0.5320000000001528,0.00765
b20_C,_6260_,XOR2,0,0,2,1,4,4,3,0.0,2.394,0.7980000000006839,0.00765
b20_C,_6261_,AOI21,0,0,3,1,9,31,73,0.0,1.862,0.7979999999997744,0.00765
b20_C,_6262_,AOI21,0,0,3,2,10,30,72,-8.203125001493561e-07,1.862,0.7979999999997744,0.00765
b20_C,_6263_,XNOR2,0,0,2,1,11,3,2,0.0,2.66,1.0640000000003056,0.00765
b20_C,_6264_,AOI222,0,1,6,1,18,2,1,-0.00014861328125004292,3.724,1.5960000000004584,0.00765
b20_C,_6265_,NAND4,0,1,4,0,19,1,0,-3.220703125017543e-05,2.394,1.0640000000003056,0.00765
b20_C,_6266_,INV,0,5,1,4,12,3,33,4.84374999998316e-05,0.798,0.26599999999962165,0.00765
b20_C,_6267_,BUF,0,5,1,9,13,1,9,0.0002052148437499124,1.064,0.26600000000053114,0.00765
b20_C,_6268_,XOR2,0,0,2,1,5,4,3,0.0,2.394,0.7980000000006839,0.00765
b20_C,_6269_,NAND2,0,0,2,1,4,30,78,0.0,1.33,0.5320000000001528,0.00765
b20_C,_6270_,OAI21,0,0,3,1,10,30,78,0.0,1.862,0.7979999999997744,0.00765
b20_C,_6271_,AND2,0,0,2,2,11,29,77,0.0,1.33,0.26599999999962165,0.00765
b20_C,_6272_,XNOR2,0,0,2,1,12,3,2,0.0,2.66,1.0640000000003056,0.00765
b20_C,_6273_,NAND2,0,0,2,1,17,2,1,-4.894531250010381e-05,1.33,0.5320000000001528,0.00765
b20_C,_6274_,XOR2,0,0,2,1,5,4,3,0.0,2.394,0.7980000000006839,0.00765
b20_C,_6275_,NOR2,0,0,2,1,4,30,69,0.0,1.33,0.5320000000001528,0.00765
b20_C,_6276_,NOR2,0,0,2,1,11,29,68,0.0,1.33,0.5320000000001528,0.00765
b20_C,_6277_,AOI21,0,0,3,2,12,28,67,0.0,1.862,0.7979999999997744,0.00765
b20_C,_6278_,XNOR2,0,0,2,1,13,3,2,0.0,2.66,1.0640000000003056,0.00765
b20_C,_6279_,AOI222,0,1,6,1,18,2,1,-0.00014869140625028976,3.724,1.595999999999549,0.00765
b20_C,_6280_,NAND3,0,1,3,0,19,1,0,-2.7773437500044906e-05,1.862,0.7980000000006839,0.00765
b20_C,_6281_,XOR2,0,0,2,1,5,5,4,-1.2109375000513012e-06,2.394,0.7979999999997744,0.00765
b20_C,_6282_,NAND2,0,0,2,1,5,29,74,0.0,1.33,0.5320000000001528,0.00765
b20_C,_6283_,NOR2,0,0,2,1,5,29,74,0.0,1.33,0.5320000000001528,0.00765
b20_C,_6284_,OAI21,0,0,3,2,12,28,73,0.0,1.862,0.7980000000006839,0.00765
b20_C,_6285_,XNOR2,0,0,2,1,13,4,3,0.0,2.66,1.0640000000003056,0.00765
b20_C,_6286_,NOR3,0,0,3,1,15,3,2,-0.00017625000000021096,1.862,0.7980000000006839,0.00765
b20_C,_6287_,AOI221,0,0,5,1,17,2,1,-3.9921875000015206e-05,2.926,1.3299999999999272,0.00765
b20_C,_6288_,XNOR2,0,0,2,1,5,4,3,-1.3476562501502087e-06,2.66,1.0640000000003056,0.00765
b20_C,_6289_,NAND2,0,0,2,1,5,28,64,0.0,1.33,0.5320000000001528,0.00765
b20_C,_6290_,NOR2,0,0,2,1,5,28,64,0.0,1.33,0.5320000000001528,0.00765
b20_C,_6291_,OAI21,0,0,3,2,13,27,63,0.0,1.862,0.7980000000006839,0.00765
b20_C,_6292_,XNOR2,0,0,2,1,14,3,2,0.0,2.66,1.0640000000003056,0.00765
b20_C,_6293_,AOI22,0,1,4,1,17,2,1,-8.58593750001635e-05,2.394,1.0640000000003056,0.00765
b20_C,_6294_,NAND2,0,1,2,0,18,1,0,-8.085937500013074e-06,1.33,0.5320000000001528,0.00765
b20_C,_6295_,XNOR2,0,0,2,1,6,4,3,-1.6796875002000888e-06,2.66,1.0640000000003056,0.00765
b20_C,_6296_,NAND2,0,0,2,1,5,27,68,-1.0742187501744382e-06,1.33,0.5320000000001528,0.00765
b20_C,_6297_,OAI21,0,0,3,1,13,27,68,-8.593750000507328e-07,1.862,0.7980000000006839,0.00765
b20_C,_6298_,NAND2,0,0,2,2,14,26,67,0.0,1.33,0.5320000000001528,0.00765
b20_C,_6299_,XNOR2,0,0,2,1,15,3,2,0.0,2.66,1.0640000000003056,0.00765
b20_C,_6300_,NAND2,0,0,2,1,17,2,1,-4.894531250010381e-05,1.33,0.5320000000001528,0.00765
b20_C,_6301_,XNOR2,0,0,2,1,6,4,3,-1.6796875002000888e-06,2.66,1.0640000000003056,0.00765
b20_C,_6303_,OAI21,0,0,3,2,14,26,59,-8.593750000507328e-07,1.862,0.7980000000006839,0.00765
b20_C,_6302_,NAND2,0,0,2,2,5,26,59,-1.0742187501744382e-06,1.33,0.5320000000001528,0.00765
b20_C,_6304_,NAND2,0,0,2,1,15,4,3,0.0,1.33,0.5320000000001528,0.00765
b20_C,_6305_,XNOR2,0,0,2,1,16,3,2,0.0,2.66,1.0640000000003056,0.00765
b20_C,_6306_,AOI22,0,1,4,1,17,2,1,-8.572265625028663e-05,2.394,1.0640000000003056,0.00765
b20_C,_6307_,NAND2,0,0,2,1,18,2,1,-1.6523437500026716e-05,1.33,0.5320000000001528,0.00765
b20_C,_6308_,NAND4,0,1,4,0,19,1,0,-1.068359375011596e-05,2.394,1.0640000000003056,0.00765
b20_C,_6309_,AOI22,0,0,4,1,18,2,1,-2.1152343750108216e-05,2.394,1.0640000000003056,0.00765
b20_C,_6310_,XOR2,0,0,2,1,6,4,3,-1.445312500125695e-06,2.394,0.7979999999997744,0.00765
b20_C,_6311_,AOI21,0,0,3,1,15,25,63,-1.0937500001251266e-06,1.862,0.7980000000006839,0.00765
b20_C,_6312_,INV,0,0,1,1,16,24,62,0.0,0.798,0.26599999999962165,0.00765
b20_C,_6313_,OAI21,0,0,3,2,17,23,61,-1.0546875000017053e-06,1.862,0.7980000000006839,0.00765
b20_C,_6314_,XNOR2,0,0,2,1,18,3,2,0.0,2.66,1.0640000000003056,0.00765
b20_C,_6315_,NAND2,0,0,2,1,19,2,1,-4.894531250010381e-05,1.33,0.5320000000001528,0.00765
b20_C,_6316_,XOR2,0,0,2,1,6,4,3,-1.445312500125695e-06,2.394,0.7979999999997744,0.00765
b20_C,_6317_,NAND2,0,0,2,1,6,26,55,-1.3281250001995204e-06,1.33,0.5320000000001528,0.00765
b20_C,_6318_,NAND3,0,0,3,1,15,25,54,0.0,1.862,0.7980000000006839,0.00765
b20_C,_6319_,OAI21,0,0,3,2,16,24,53,-1.0546875000017053e-06,1.862,0.7980000000006839,0.00765
b20_C,_6320_,XNOR2,0,0,2,1,17,3,2,0.0,2.66,1.0640000000003056,0.00765
b20_C,_6321_,AOI22,0,1,4,1,18,2,1,-8.59375000001883e-05,2.394,1.0640000000003056,0.00765
b20_C,_6322_,NAND3,0,1,3,0,20,1,0,-1.035156250006608e-05,1.862,0.7980000000006839,0.00765
b20_C,_6323_,XNOR2,0,0,2,1,5,4,3,-1.4648437500763833e-06,2.66,1.0640000000003056,0.00765
b20_C,_6325_,NAND2,0,0,2,1,6,24,50,-1.2695312501254108e-06,1.33,0.5320000000001528,0.00765
b20_C,_6324_,NOR2,0,0,2,1,6,24,50,-1.2109375000513012e-06,1.33,0.5320000000001528,0.00765
b20_C,_6326_,AOI21,0,0,3,2,17,23,49,0.0,1.862,0.7980000000006839,0.00765
b20_C,_6327_,XNOR2,0,0,2,1,18,3,2,0.0,2.66,1.0640000000003056,0.00765
b20_C,_6328_,NAND2,0,0,2,1,19,2,1,0.0,1.33,0.5320000000001528,0.00765
b20_C,_6329_,XNOR2,0,0,2,1,5,4,3,-1.4648437500763833e-06,2.66,1.0640000000003056,0.00765
b20_C,_6330_,NOR2,0,0,2,1,6,23,58,-1.2109375000513012e-06,1.33,0.5320000000001528,0.00765
b20_C,_6331_,NAND2,0,0,2,1,6,23,58,-1.2695312501254108e-06,1.33,0.5320000000001528,0.00765
b20_C,_6332_,AOI21,0,0,3,2,18,22,57,0.0,1.862,0.7980000000006839,0.00765
b20_C,_6333_,XNOR2,0,0,2,1,19,3,2,0.0,2.66,1.0640000000003056,0.00765
b20_C,_6334_,AOI22,0,1,4,1,20,2,1,-0.0002042773437500589,2.394,1.0640000000003056,0.00765
b20_C,_6336_,NAND3,0,1,3,0,21,1,0,-8.671875000310081e-06,1.862,0.7980000000006839,0.00765
b20_C,_6335_,AOI22,0,0,4,1,18,2,1,-1.3945312500096563e-05,2.394,1.0640000000003056,0.00765
b20_C,_6337_,XNOR2,0,0,2,1,6,4,3,-1.1914062501006129e-06,2.66,1.0640000000003056,0.00765
b20_C,_6338_,NAND2,0,0,2,2,5,21,53,-1.1328125002485478e-06,1.33,0.5320000000001528,0.00765
b20_C,_6339_,OAI21,0,0,3,2,19,21,53,-9.179687501248424e-07,1.862,0.7980000000006839,0.00765
b20_C,_6340_,NAND2,0,0,2,1,20,4,3,0.0,1.33,0.5320000000001528,0.00765
b20_C,_6341_,XNOR2,0,0,2,1,21,3,2,0.0,2.66,1.0640000000003056,0.00765
b20_C,_6342_,AOI222,0,1,6,1,22,2,1,-0.0001999609375000766,3.724,1.595999999999549,0.00765
b20_C,_6343_,XNOR2,0,0,2,1,6,4,3,-1.1914062501006129e-06,2.66,1.0640000000003056,0.00765
b20_C,_6344_,NOR2,0,0,2,1,5,22,45,-1.0742187499523936e-06,1.33,0.5320000000001528,0.00765
b20_C,_6345_,AOI21,0,0,3,1,18,22,45,-9.375000000755307e-07,1.862,0.7980000000006839,0.00765
b20_C,_6346_,NOR2,0,0,2,2,19,21,44,0.0,1.33,0.5320000000001528,0.00765
b20_C,_6347_,XNOR2,0,0,2,1,20,3,2,0.0,2.66,1.0640000000003056,0.00765
b20_C,_6348_,AOI22,0,0,4,1,21,2,1,-1.5449218750074323e-05,2.394,1.0640000000003056,0.00765
b20_C,_6349_,NAND2,0,1,2,0,23,1,0,-4.00390625010516e-06,1.33,0.5320000000001528,0.00765
b20_C,_6350_,CLKBUF,0,1,1,10,5,4,17,4.367187499987324e-05,1.064,0.26600000000053114,0.00765
b20_C,_6351_,AOI222,0,1,6,1,17,2,1,-0.00011365234375015909,3.724,1.595999999999549,0.00765
b20_C,_6352_,XOR2,0,0,2,1,6,4,3,-1.6015625001752909e-06,2.394,0.7979999999997744,0.00765
b20_C,_6353_,OR2,0,0,2,1,6,21,41,-3.906250001239897e-07,1.33,0.26600000000053114,0.00765
b20_C,_6354_,AND2,0,0,2,1,6,21,41,-3.906250001239897e-07,1.33,0.26600000000053114,0.00765
b20_C,_6355_,OAI21,0,0,3,2,20,20,40,0.0,1.862,0.7980000000006839,0.00765
b20_C,_6356_,XNOR2,0,0,2,1,21,3,2,0.0,2.66,1.0640000000003056,0.00765
b20_C,_6357_,XNOR2,0,0,2,2,6,4,4,-1.7773437501755751e-06,2.66,1.0640000000003056,0.00765
b20_C,_6358_,NAND2,0,0,2,1,6,21,49,-9.375000002975753e-07,1.33,0.5320000000001528,0.00765
b20_C,_6359_,NAND3,0,0,3,1,20,20,48,0.0,1.862,0.7980000000006839,0.00765
b20_C,_6360_,OAI21,0,0,3,3,21,19,47,-7.617187502972911e-07,1.862,0.7980000000006839,0.00765
b20_C,_6361_,OR2,0,0,2,1,22,3,2,0.0,1.33,0.26600000000053114,0.00765
b20_C,_6362_,AOI21,0,0,3,1,22,3,2,-2.55078124999919e-05,1.862,0.7980000000006839,0.00765
b20_C,_6363_,AOI22,0,0,4,1,23,2,1,0.0,2.394,1.0640000000003056,0.00765
b20_C,_6364_,OAI21,0,1,3,0,24,1,0,-0.00017160156250017877,1.862,0.7980000000006839,0.00765
b20_C,_6365_,AOI222,0,0,6,1,17,2,1,-0.00020935546875011646,3.724,1.595999999999549,0.00765
b20_C,_6366_,XNOR2,0,0,2,1,8,4,3,0.0,2.66,1.0640000000003056,0.00765
b20_C,_6367_,NOR2,0,0,2,1,6,19,43,-1.3281250001995204e-06,1.33,0.5320000000001528,0.00765
b20_C,_6368_,NAND2,0,0,2,1,6,19,43,-1.4062500000022737e-06,1.33,0.5320000000001528,0.00765
b20_C,_6369_,AOI21,0,0,3,2,22,18,42,0.0,1.862,0.7980000000006839,0.00765
b20_C,_6370_,XNOR2,0,0,2,1,23,3,2,0.0,2.66,1.0640000000003056,0.00765
b20_C,_6371_,NAND2,0,1,2,1,24,2,1,-4.156250000009187e-05,1.33,0.5320000000001528,0.00765
b20_C,_6372_,XOR2,0,0,2,1,8,3,2,0.0,2.394,0.7979999999997744,0.00765
b20_C,_6373_,NOR2,0,0,2,1,6,20,37,-1.3281250001995204e-06,1.33,0.5320000000001528,0.00765
b20_C,_6374_,NAND2,0,0,2,1,6,20,37,-1.4062500000022737e-06,1.33,0.5320000000001528,0.00765
b20_C,_6375_,AOI21,0,0,3,2,21,19,36,0.0,1.862,0.7980000000006839,0.00765
b20_C,_6376_,XNOR2,0,0,2,1,22,2,1,0.0,2.66,1.0640000000003056,0.00765
b20_C,_6377_,NAND2,0,0,2,5,15,2,5,0.0,1.33,0.5320000000001528,0.00765
b20_C,_6378_,OAI211,0,1,4,0,25,1,0,-1.3066406250095142e-05,2.394,1.0640000000003056,0.00765
b20_C,_6379_,XOR2,0,0,2,1,7,5,4,-1.1523437501992362e-06,2.394,0.7979999999997744,0.00765
b20_C,_6380_,NAND2,0,0,2,1,8,18,33,0.0,1.33,0.5320000000001528,0.00765
b20_C,_6381_,OAI21,0,0,3,1,22,18,33,0.0,1.862,0.7980000000006839,0.00765
b20_C,_6382_,NAND2,0,0,2,2,23,17,32,0.0,1.33,0.5320000000001528,0.00765
b20_C,_6383_,XNOR2,0,0,2,1,24,4,3,0.0,2.66,1.0640000000003056,0.00765
b20_C,_6384_,XNOR2,0,0,2,1,7,5,4,-1.2890625002981437e-06,2.66,1.0640000000003056,0.00765
b20_C,_6385_,OAI21,0,0,3,1,23,17,38,0.0,1.862,0.7980000000006839,0.00765
b20_C,_6386_,INV,0,0,1,1,24,16,37,0.0,0.798,0.26599999999962165,0.00765
b20_C,_6387_,AOI21,0,0,3,2,25,15,36,0.0,1.862,0.7980000000006839,0.00765
b20_C,_6389_,OAI22,0,0,4,1,27,3,2,-2.9023437499997584e-05,2.394,1.0640000000003056,0.00765
b20_C,_6388_,XNOR2,0,0,2,1,26,4,3,0.0,2.66,1.0640000000003056,0.00765
b20_C,_6390_,NAND2,0,0,2,1,28,2,1,0.0,1.33,0.5320000000001528,0.00765
b20_C,_6391_,AOI22,0,1,4,1,18,2,1,-8.294921875018346e-05,2.394,1.0640000000003056,0.00765
b20_C,_6392_,OAI211,0,1,4,0,29,1,0,-7.753906250185238e-06,2.394,1.0640000000003056,0.00765
b20_C,_6394_,NAND2,0,0,2,1,7,15,32,-1.0156250001003286e-06,1.33,0.5320000000001528,0.00765
b20_C,_6393_,XOR2,0,0,2,1,7,4,3,0.0,2.394,0.7979999999997744,0.00765
b20_C,_6395_,NAND2,0,0,2,1,26,14,31,0.0,1.33,0.5320000000001528,0.00765
b20_C,_6396_,OAI21,0,0,3,2,27,13,30,-8.203125001493561e-07,1.862,0.7980000000006839,0.00765
b20_C,_6397_,XNOR2,0,0,2,1,28,3,2,0.0,2.66,1.0640000000003056,0.00765
b20_C,_6398_,NAND2,0,1,2,1,29,2,1,-4.140625000026432e-05,1.33,0.5320000000001528,0.00765
b20_C,_6399_,AOI222,0,0,6,1,17,2,1,-0.00020935546875011646,3.724,1.595999999999549,0.00765
b20_C,_6400_,XOR2,0,0,2,1,7,3,2,0.0,2.394,0.7979999999997744,0.00765
b20_C,_6401_,NOR2,0,0,2,1,7,16,27,-9.570312502482636e-07,1.33,0.5320000000001528,0.00765
b20_C,_6402_,AOI21,0,0,3,1,24,16,27,-8.398437501000444e-07,1.862,0.7980000000006839,0.00765
b20_C,_6403_,NOR2,0,0,2,2,25,15,26,0.0,1.33,0.5320000000001528,0.00765
b20_C,_6404_,XNOR2,0,0,2,1,26,2,1,0.0,2.66,1.0640000000003056,0.00765
b20_C,_6405_,OAI211,0,1,4,0,30,1,0,-1.1894531250167262e-05,2.394,1.0640000000003056,0.00765
b20_C,_6406_,XNOR2,0,0,2,1,7,4,3,0.0,2.66,1.0640000000003056,0.00765
b20_C,_6407_,NAND2,0,0,2,1,7,13,27,0.0,1.33,0.5320000000001528,0.00765
b20_C,_6408_,NOR2,0,0,2,1,7,13,27,0.0,1.33,0.5320000000001528,0.00765
b20_C,_6409_,OAI21,0,0,3,2,28,12,26,0.0,1.862,0.7980000000006839,0.00765
b20_C,_6410_,XNOR2,0,0,2,1,29,3,2,0.0,2.66,1.0640000000003056,0.00765
b20_C,_6411_,NAND2,0,1,2,1,30,2,1,-4.140625000026432e-05,1.33,0.5320000000001528,0.00765
b20_C,_6412_,AOI221,0,0,5,1,17,2,1,-0.0001776171875000898,2.926,1.3299999999999272,0.00765
b20_C,_6413_,XOR2,0,0,2,1,7,3,2,0.0,2.394,0.7979999999997744,0.00765
b20_C,_6414_,NAND2,0,0,2,1,7,14,23,0.0,1.33,0.5320000000001528,0.00765
b20_C,_6416_,NAND2,0,0,2,2,27,13,22,0.0,1.33,0.5320000000001528,0.00765
b20_C,_6415_,OAI21,0,0,3,1,26,14,23,0.0,1.862,0.7980000000006839,0.00765
b20_C,_6417_,XNOR2,0,0,2,1,28,2,1,0.0,2.66,1.0640000000003056,0.00765
b20_C,_6418_,OAI211,0,1,4,0,31,1,0,-1.1894531250167262e-05,2.394,1.0640000000003056,0.00765
b20_C,_6419_,INV,0,0,1,2,1,10,18,0.0,0.798,0.26599999999962165,0.00765
b20_C,_6420_,XNOR2,0,0,2,1,8,4,3,-1.3476562501502087e-06,2.66,1.0640000000003056,0.00765
b20_C,_6421_,OAI21,0,0,3,1,28,12,19,0.0,1.862,0.7980000000006839,0.00765
b20_C,_6422_,INV,0,0,1,1,29,11,18,0.0,0.798,0.26599999999962165,0.00765
b20_C,_6423_,AOI21,0,0,3,2,30,10,17,0.0,1.862,0.7980000000006839,0.00765
b20_C,_6424_,XNOR2,0,0,2,1,31,3,2,0.0,2.66,1.0640000000003056,0.00765
b20_C,_6425_,AOI222,0,0,6,1,32,2,1,-1.886718750010452e-05,3.724,1.595999999999549,0.00765
b20_C,_6426_,XNOR2,0,0,2,1,8,4,3,-1.3476562501502087e-06,2.66,1.0640000000003056,0.00765
b20_C,_6427_,NAND2,0,0,2,2,7,11,22,0.0,1.33,0.5320000000001528,0.00765
b20_C,_6428_,OAI21,0,0,3,2,29,11,22,0.0,1.862,0.7980000000006839,0.00765
b20_C,_6429_,NAND2,0,0,2,1,30,4,3,0.0,1.33,0.5320000000001528,0.00765
b20_C,_6430_,XNOR2,0,0,2,1,31,3,2,0.0,2.66,1.0640000000003056,0.00765
b20_C,_6431_,AOI22,0,1,4,1,32,2,1,-0.00020433593750013301,2.394,1.0640000000003056,0.00765
b20_C,_6432_,NAND2,0,1,2,0,33,1,0,-7.968750000308944e-06,1.33,0.5320000000001528,0.00765
b20_C,_6433_,AND2,0,0,2,3,6,8,15,0.0,1.33,0.26600000000053114,0.00765
b20_C,_6434_,NOR2,0,0,2,1,8,11,18,-1.0156250001003286e-06,1.33,0.5320000000001528,0.00765
b20_C,_6435_,AOI21,0,0,3,1,30,10,17,0.0,1.862,0.7980000000006839,0.00765
b20_C,_6436_,AOI21,0,0,3,3,31,9,16,-8.789062500014211e-07,1.862,0.7980000000006839,0.00765
b20_C,_6438_,OR3,0,0,3,1,32,3,2,0.0,1.596,0.26600000000053114,0.00765
b20_C,_6437_,NOR2,0,0,2,3,6,9,16,0.0,1.33,0.5320000000001528,0.00765
b20_C,_6439_,OAI21,0,0,3,1,32,3,2,0.0,1.862,0.7980000000006839,0.00765
b20_C,_6440_,NAND3,0,1,3,1,33,2,1,-3.986328125016314e-05,1.862,0.7980000000006839,0.00765
b20_C,_6441_,AOI222,0,0,6,1,17,2,1,-0.00020935546875011646,3.724,1.595999999999549,0.00765
b20_C,_6442_,AOI21,0,0,3,1,31,9,13,0.0,1.862,0.7980000000006839,0.00765
b20_C,_6443_,AOI21,0,0,3,2,32,8,12,-8.789062500014211e-07,1.862,0.7980000000006839,0.00765
b20_C,_6444_,XNOR2,0,0,2,1,6,3,2,0.0,2.66,1.0640000000003056,0.00765
b20_C,_6445_,XNOR2,0,0,2,1,33,2,1,0.0,2.66,1.0640000000003056,0.00765
b20_C,_6446_,OAI211,0,1,4,0,34,1,0,-1.3886718750022453e-05,2.394,1.0640000000003056,0.00765
b20_C,_6447_,XOR2,0,0,2,1,6,4,3,0.0,2.394,0.7979999999997744,0.00765
b20_C,_6448_,NOR2,0,0,2,1,32,8,11,0.0,1.33,0.5320000000001528,0.00765
b20_C,_6449_,NOR2,0,0,2,2,33,7,10,0.0,1.33,0.5320000000001528,0.00765
b20_C,_6450_,XNOR2,0,0,2,1,34,3,2,0.0,2.66,1.0640000000003056,0.00765
b20_C,_6451_,NAND2,0,1,2,1,35,2,1,-4.140625000026432e-05,1.33,0.5320000000001528,0.00765
b20_C,_6452_,AOI221,0,0,5,1,16,2,1,-0.0001809765625000459,2.926,1.3299999999999272,0.00765
b20_C,_6453_,XNOR2,0,0,2,1,6,3,2,0.0,2.66,1.0640000000003056,0.00765
b20_C,_6454_,NOR2,0,0,2,1,6,8,10,0.0,1.33,0.5320000000001528,0.00765
b20_C,_6455_,NOR2,0,0,2,1,33,7,9,0.0,1.33,0.5320000000001528,0.00765
b20_C,_6456_,AOI21,0,0,3,2,34,6,8,0.0,1.862,0.7980000000006839,0.00765
b20_C,_6457_,XNOR2,0,0,2,1,35,2,1,0.0,2.66,1.0640000000003056,0.00765
b20_C,_6458_,OAI211,0,1,4,0,36,1,0,-1.1894531250167262e-05,2.394,1.0640000000003056,0.00765
b20_C,_6459_,NOR2,0,0,2,1,6,7,7,0.0,1.33,0.5320000000001528,0.00765
b20_C,_6460_,NAND2,0,0,2,1,6,7,7,0.0,1.33,0.5320000000001528,0.00765
b20_C,_6461_,AOI21,0,0,3,2,34,6,6,0.0,1.862,0.7980000000006839,0.00765
b20_C,_6462_,XNOR2,0,0,2,2,8,6,6,0.0,2.66,1.0640000000003056,0.00765
b20_C,_6463_,AOI21,0,0,3,1,35,5,5,-2.55078124999919e-05,1.862,0.7980000000006839,0.00765
b20_C,_6464_,OAI21,0,0,3,1,36,4,4,0.0,1.862,0.7980000000006839,0.00765
b20_C,_6465_,NOR2,0,0,2,1,6,6,6,0.0,1.33,0.5320000000001528,0.00765
b20_C,_6466_,NAND2,0,0,2,1,6,6,6,0.0,1.33,0.5320000000001528,0.00765
b20_C,_6467_,AOI21,0,0,3,1,35,5,5,0.0,1.862,0.7980000000006839,0.00765
b20_C,_6468_,XNOR2,0,0,2,1,8,5,5,0.0,2.66,1.0640000000003056,0.00765
b20_C,_6469_,XNOR2,0,0,2,1,36,4,4,0.0,2.66,1.0640000000003056,0.00765
b20_C,_6470_,OAI21,0,0,3,2,37,3,3,0.0,1.862,0.7980000000006839,0.00765
b20_C,_6471_,NOR2,0,0,2,1,9,3,2,-0.0003739453125000125,1.33,0.5320000000001528,0.00765
b20_C,_6472_,OAI211,0,0,4,1,38,2,1,-0.0007815234374999314,2.394,1.0640000000003056,0.00765
b20_C,_6473_,AOI222,0,1,6,1,17,2,1,-0.0003767968750003625,3.724,1.595999999999549,0.00765
b20_C,_6474_,NOR2,0,0,2,2,10,3,3,-7.714843750061817e-06,1.33,0.5320000000001528,0.00765
b20_C,_6475_,NAND2,0,0,2,1,38,2,1,0.0,1.33,0.5320000000001528,0.00765
b20_C,_6476_,OAI211,0,1,4,0,39,1,0,-0.0001304101562502602,2.394,1.0640000000003056,0.00765
b20_C,_6477_,INV,0,0,1,2,11,10,187,0.0,0.798,0.26599999999962165,0.00765
b20_C,_6478_,OAI211,0,4,4,2,11,10,230,-5.72265625002899e-05,2.394,1.0640000000003056,0.00765
b20_C,_6479_,NOR3,0,2,3,2,12,9,145,-4.367187500031733e-05,1.862,0.7980000000006839,0.00765
b20_C,_6480_,NOR2,0,1,2,9,13,7,120,-3.587890625023071e-05,1.33,0.5320000000001528,0.00765
b20_C,_6481_,BUF,0,0,1,10,14,6,91,-8.808593750186944e-06,1.064,0.26600000000053114,0.00765
b20_C,_6482_,NOR2,0,0,2,2,9,7,144,-0.0003472070312500186,1.33,0.5320000000001528,0.00765
b20_C,_6483_,BUF,0,0,1,10,10,6,108,0.0,1.064,0.26600000000053114,0.00765
b20_C,_6484_,NAND2,0,0,2,1,9,6,19,-3.0214843750098197e-05,1.33,0.5320000000001528,0.00765
b20_C,_6485_,NAND2,0,0,2,2,11,5,18,0.0,1.33,0.5320000000001528,0.00765
b20_C,_6486_,OR2,0,0,2,3,13,4,11,-3.3398437502274447e-06,1.33,0.26600000000053114,0.00765
b20_C,_6487_,NOR2,0,0,2,2,15,3,4,-8.203125001493561e-07,1.33,0.5320000000001528,0.00765
b20_C,_6488_,NOR3,0,6,3,3,11,25,266,-0.00023423828125013202,1.862,0.7980000000006839,0.00765
b20_C,_6489_,AND2,0,6,2,2,12,24,249,2.140624999968921e-05,1.33,0.26600000000053114,0.00765
b20_C,_6490_,NAND2,0,6,2,2,13,23,240,-5.058593750106866e-06,1.33,0.5320000000001528,0.00765
b20_C,_6491_,NOR2,0,6,2,2,14,22,230,0.00010039062499966889,1.33,0.5320000000001528,0.00765
b20_C,_6492_,NAND2,0,6,2,2,15,21,220,-5.23828125000847e-05,1.33,0.5320000000001528,0.00765
b20_C,_6493_,NOR2,0,6,2,2,16,20,212,9.779296875001009e-05,1.33,0.5320000000001528,0.00765
b20_C,_6494_,NAND2,0,6,2,3,17,19,204,-2.9921875000171738e-05,1.33,0.5320000000001528,0.00765
b20_C,_6495_,NOR2,0,6,2,2,18,18,193,5.4726562499940457e-05,1.33,0.5320000000001528,0.00765
b20_C,_6496_,NAND4,0,6,4,4,19,17,175,3.1015624999852776e-05,2.394,1.0640000000003056,0.00765
b20_C,_6497_,NOR4,0,6,4,3,20,16,149,0.00020984374999977184,2.394,1.0640000000003056,0.00765
b20_C,_6498_,NAND2,0,6,2,4,21,15,138,-0.00011687500000023832,1.33,0.5320000000001528,0.00765
b20_C,_6499_,NOR2,0,6,2,2,22,14,121,8.337890624998678e-05,1.33,0.5320000000001528,0.00765
b20_C,_6500_,NAND2,0,6,2,2,23,13,113,-5.136718750020641e-05,1.33,0.5320000000001528,0.00765
b20_C,_6501_,NOR2,0,6,2,3,24,12,105,0.00015035156249965098,1.33,0.5320000000001528,0.00765
b20_C,_6502_,NAND3,0,6,3,4,25,11,94,4.531249999661924e-06,1.862,0.7980000000006839,0.00765
b20_C,_6503_,NOR3,0,6,3,2,26,10,69,0.00010541015624987438,1.862,0.7980000000006839,0.00765
b20_C,_6504_,AND2,0,6,2,2,27,9,59,1.9453124999735394e-05,1.33,0.26600000000053114,0.00765
b20_C,_6505_,NAND2,0,6,2,3,28,8,51,1.7773437499979394e-05,1.33,0.5320000000001528,0.00765
b20_C,_6506_,NOR3,0,6,3,2,29,7,32,0.0001647656249996743,1.862,0.7980000000006839,0.00765
b20_C,_6507_,NAND2,0,6,2,3,30,6,23,-7.335937499997058e-05,1.33,0.5320000000001528,0.00765
b20_C,_6508_,NOR3,0,3,3,1,31,5,7,2.0507812497072564e-06,1.862,0.7980000000006839,0.00765
b20_C,_6509_,XNOR2,0,3,2,2,32,4,6,-9.164062500022219e-05,2.66,1.0640000000003056,0.00765
b20_C,_6510_,NOR3,0,0,3,7,14,5,16,-1.9414062500278106e-05,1.862,0.7980000000006839,0.00765
b20_C,_6511_,NAND2,0,0,2,5,9,7,48,0.0,1.33,0.5320000000001528,0.00765
b20_C,_6512_,NOR2,0,1,2,3,14,6,35,-3.027343750128253e-06,1.33,0.5320000000001528,0.00765
b20_C,_6514_,AOI221,0,1,5,1,33,2,1,-2.9453125000244995e-05,2.926,1.3299999999999272,0.00765
b20_C,_6513_,CLKBUF,0,1,1,10,15,5,26,2.6562499999549516e-06,1.064,0.26600000000053114,0.00765
b20_C,_6515_,OR2,0,1,2,1,13,8,102,-2.0312500002006573e-06,1.33,0.26600000000053114,0.00765
b20_C,_6516_,BUF,0,1,1,8,14,7,101,1.7890624999683524e-05,1.064,0.26600000000053114,0.00765
b20_C,_6517_,BUF,0,0,1,10,15,3,19,-1.0156250001003286e-06,1.064,0.26600000000053114,0.00765
b20_C,_6518_,INV,0,0,1,1,1,2,1,0.0,0.798,0.26599999999962165,0.00765
b20_C,_6519_,OAI21,0,1,3,0,34,1,0,-2.2773437500234195e-05,1.862,0.7980000000006839,0.00765
b20_C,_6520_,BUF,0,0,1,10,15,5,34,0.0,1.064,0.26600000000053114,0.00765
b20_C,_6521_,AOI221,0,0,5,1,30,2,1,-1.1367187500166409e-05,2.926,1.3299999999999272,0.00765
b20_C,_6522_,NOR2,0,3,2,1,31,4,5,-1.0996093750215152e-05,1.33,0.5320000000001528,0.00765
b20_C,_6523_,XNOR2,0,3,2,2,32,3,4,-4.080078125001663e-05,2.66,1.0640000000003056,0.00765
b20_C,_6524_,NAND3,0,1,3,10,15,5,50,3.572265624995907e-05,1.862,0.7980000000006839,0.00765
b20_C,_6525_,BUF,0,1,1,10,16,4,22,4.2207031249796856e-05,1.064,0.26600000000053114,0.00765
b20_C,_6526_,OAI21,0,1,3,0,33,1,0,-3.496093750010587e-05,1.862,0.7980000000006839,0.00765
b20_C,_6527_,NAND2,0,0,2,10,15,6,34,-1.041015625014019e-05,1.33,0.5320000000001528,0.00765
b20_C,_6528_,NOR2,0,0,2,1,19,5,4,-4.531250000106013e-06,1.33,0.5320000000001528,0.00765
b20_C,_6529_,AOI221,0,0,5,1,20,4,3,-1.9082031250228226e-05,2.926,1.3299999999999272,0.00765
b20_C,_6530_,XNOR2,0,0,2,2,30,4,7,-0.00023923828125016477,2.66,1.0640000000003056,0.00765
b20_C,_6531_,NAND2,0,0,2,5,15,5,43,-1.314453125011994e-05,1.33,0.5320000000001528,0.00765
b20_C,_6532_,OAI221,0,0,5,1,31,3,2,-1.882812500042519e-05,2.926,1.3299999999999272,0.00765
b20_C,_6533_,NOR2,0,0,2,9,14,4,37,-1.804687500017721e-05,1.33,0.5320000000001528,0.00765
b20_C,_6534_,CLKBUF,0,0,1,10,15,3,20,7.226562499518252e-07,1.064,0.26600000000053114,0.00765
b20_C,_6535_,NOR2,0,0,2,1,27,7,19,0.0,1.33,0.5320000000001528,0.00765
b20_C,_6536_,NOR2,0,0,2,2,27,8,29,-9.453125000113971e-06,1.33,0.5320000000001528,0.00765
b20_C,_6537_,AND2,0,0,2,1,25,9,37,-4.06250000017927e-06,1.33,0.26600000000053114,0.00765
b20_C,_6538_,OR2,0,0,2,1,25,9,37,-4.433593750130527e-06,1.33,0.26600000000053114,0.00765
b20_C,_6539_,NOR2,0,0,2,1,25,10,46,-9.257812500162999e-06,1.33,0.5320000000001528,0.00765
b20_C,_6540_,AND2,0,0,2,1,22,15,74,-4.160156250154756e-06,1.33,0.26600000000053114,0.00765
b20_C,_6541_,NOR2,0,0,2,2,22,15,85,-1.6953125000274127e-05,1.33,0.5320000000001528,0.00765
b20_C,_6542_,AND2,0,0,2,2,21,16,95,-2.5390625002508216e-06,1.33,0.26600000000053114,0.00765
b20_C,_6544_,NAND2,0,0,2,2,20,18,113,-4.5820312500222116e-05,1.33,0.5320000000001528,0.00765
b20_C,_6543_,NOR2,0,0,2,1,20,17,103,-9.101562500113403e-06,1.33,0.5320000000001528,0.00765
b20_C,_6545_,NAND2,0,0,2,2,19,19,124,-8.144531250309228e-06,1.33,0.5320000000001528,0.00765
b20_C,_6546_,NOR2,0,0,2,1,18,20,136,-2.89062500025139e-06,1.33,0.5320000000001528,0.00765
b20_C,_6547_,NOR2,0,0,2,2,18,20,147,0.0,1.33,0.5320000000001528,0.00765
b20_C,_6548_,NOR2,0,0,2,2,17,21,157,-8.945312500063807e-06,1.33,0.5320000000001528,0.00765
b20_C,_6549_,NAND2,0,0,2,2,17,21,157,-8.320312500309512e-06,1.33,0.5320000000001528,0.00765
b20_C,_6550_,NOR2,0,0,2,1,16,22,167,-1.0390625000411546e-05,1.33,0.5320000000001528,0.00765
b20_C,_6551_,NOR2,0,0,2,2,16,22,177,-8.710937500211458e-06,1.33,0.5320000000001528,0.00765
b20_C,_6552_,NOR2,0,0,2,2,15,23,189,-8.63281250018666e-06,1.33,0.5320000000001528,0.00765
b20_C,_6553_,NOR2,0,0,2,1,14,24,200,0.0,1.33,0.5320000000001528,0.00765
b20_C,_6554_,NOR2,0,0,2,2,14,24,208,-5.664062500354561e-06,1.33,0.5320000000001528,0.00765
b20_C,_6555_,NOR2,0,0,2,2,13,25,218,-9.765625000213163e-06,1.33,0.5320000000001528,0.00765
b20_C,_6556_,NAND2,0,0,2,2,13,25,218,-9.042968750261338e-06,1.33,0.5320000000001528,0.00765
b20_C,_6558_,NOR2,0,0,2,2,12,26,236,-6.625000000015646e-05,1.33,0.5320000000001528,0.00765
b20_C,_6557_,NOR2,0,0,2,1,13,26,226,-6.855468750233129e-06,1.33,0.5320000000001528,0.00765
b20_C,_6559_,INV,0,0,1,2,13,27,246,0.0,0.798,0.26599999999962165,0.00765
b20_C,_6560_,NOR2,0,0,2,1,10,29,266,-0.00016494140625011866,1.33,0.5320000000001528,0.00765
b20_C,_6561_,NOR2,0,0,2,1,9,29,266,-0.001972148437500376,1.33,0.5320000000001528,0.00765
b20_C,_6562_,NOR2,0,60,2,2,11,29,275,-3.79492187501107e-05,1.33,0.5320000000001528,0.00765
b20_C,_6563_,NOR2,0,0,2,1,11,29,266,-8.203125001493561e-07,1.33,0.5320000000001528,0.00765
b20_C,_6564_,AOI22,0,9,4,2,11,29,275,-0.0006907226562502533,2.394,1.0640000000003056,0.00765
b20_C,_6566_,AOI21,0,69,3,3,13,27,256,0.0012407812499999338,1.862,0.7980000000006839,0.00765
b20_C,_6567_,AOI221,0,69,5,2,14,26,236,-0.0004400976562501935,2.926,1.3299999999999272,0.00765
b20_C,_6569_,AOI221,0,63,5,2,16,24,208,-0.0008782617187501618,2.926,1.3299999999999272,0.00765
b20_C,_6571_,NAND2,0,0,2,2,15,23,189,-7.949218750136211e-06,1.33,0.5320000000001528,0.00765
b20_C,_6572_,AOI221,0,54,5,2,18,22,177,-0.0009828515625001089,2.926,1.3299999999999272,0.00765
b20_C,_6574_,AOI221,0,45,5,2,20,20,147,-0.0007944726562501003,2.926,1.3299999999999272,0.00765
b20_C,_6576_,NOR2,0,0,2,2,19,19,124,-8.808593750186944e-06,1.33,0.5320000000001528,0.00765
b20_C,_6577_,OAI221,0,36,5,2,22,18,113,-0.0008188476562500657,2.926,1.3299999999999272,0.00765
b20_C,_6578_,AOI22,0,33,4,1,23,17,103,-0.0004220117187501149,2.394,1.0640000000003056,0.00765
b20_C,_6579_,OR2,0,33,2,3,24,16,102,0.0003382226562498314,1.33,0.26600000000053114,0.00765
b20_C,_6580_,OR2,0,0,2,2,21,16,95,-2.2656250000530065e-06,1.33,0.26600000000053114,0.00765
b20_C,_6581_,AOI221,0,27,5,2,25,15,85,-0.00018074218750019355,2.926,1.3299999999999272,0.00765
b20_C,_6583_,AOI21,0,21,3,1,27,13,64,-0.0004559570312503425,1.862,0.7980000000006839,0.00765
b20_C,_6584_,AOI21,0,21,3,2,28,12,63,0.0002959374999997877,1.862,0.7980000000006839,0.00765
b20_C,_6585_,AOI21,0,18,3,1,29,11,55,-0.0002921093750001269,1.862,0.7980000000006839,0.00765
b20_C,_6586_,AOI21,0,18,3,2,30,10,54,0.00037785156249992013,1.862,0.7980000000006839,0.00765
b20_C,_6587_,NAND2,0,0,2,1,25,10,46,-8.515625000260485e-06,1.33,0.5320000000001528,0.00765
b20_C,_6588_,AOI21,0,15,3,2,31,9,45,-0.00012378906250010147,1.862,0.7980000000006839,0.00765
b20_C,_6589_,AOI21,0,12,3,3,32,8,36,0.00028218749999986414,1.862,0.7980000000006839,0.00765
b20_C,_6590_,NAND2,0,0,2,2,26,8,29,-8.710937500211458e-06,1.33,0.5320000000001528,0.00765
b20_C,_6591_,AOI221,0,6,5,1,33,7,19,-0.00021218750000029374,2.926,1.3299999999999272,0.00765
b20_C,_6592_,OR2,0,6,2,2,34,6,18,6.359374999975742e-05,1.33,0.26600000000053114,0.00765
b20_C,_6593_,XOR2,0,3,2,3,35,5,8,-4.042968750006537e-05,2.394,0.7979999999997744,0.00765
b20_C,_6594_,XNOR2,0,0,2,2,8,9,190,-1.562500002716405e-07,2.66,1.0640000000003056,0.00765
b20_C,_6595_,AND2,0,0,2,1,9,8,109,0.0,1.33,0.26600000000053114,0.00765
b20_C,_6596_,BUF,0,0,1,9,10,7,108,0.0,1.064,0.26600000000053114,0.00765
b20_C,_6597_,OAI22,0,0,4,9,8,6,108,-9.960937501496403e-07,2.394,1.0640000000003056,0.00765
b20_C,_6598_,XNOR2,0,0,2,1,33,5,7,-2.818359375034163e-05,2.66,1.0640000000003056,0.00765
b20_C,_6599_,AOI22,0,3,4,1,36,4,6,1.1347656249771632e-05,2.394,1.0640000000003056,0.00765
b20_C,_6600_,NAND2,0,0,2,8,9,7,111,-0.0003166015625002405,1.33,0.5320000000001528,0.00765
b20_C,_6601_,BUF,0,0,1,10,10,6,64,1.509765624985171e-05,1.064,0.26600000000053114,0.00765
b20_C,_6602_,OAI21,0,3,3,2,37,3,5,-3.708984375005997e-05,1.862,0.7980000000006839,0.00765
b20_C,_6603_,AOI221,0,1,5,1,38,2,1,-3.3671875000251816e-05,2.926,1.3299999999999272,0.00765
b20_C,_6604_,INV,0,1,1,0,39,1,0,-1.892578125017863e-05,0.798,0.26599999999962165,0.00765
b20_C,_6605_,CLKBUF,0,0,1,10,13,5,26,0.0,1.064,0.26600000000053114,0.00765
b20_C,_6606_,NAND2,0,0,2,1,18,2,1,0.0,1.33,0.5320000000001528,0.00765
b20_C,_6607_,NOR2,0,0,2,1,22,5,4,-3.984375000154472e-06,1.33,0.5320000000001528,0.00765
b20_C,_6608_,AOI221,0,0,5,1,27,4,3,-3.041015625004917e-05,2.926,1.3299999999999272,0.00765
b20_C,_6609_,NOR2,0,0,2,1,29,5,8,-4.937500000012918e-05,1.33,0.5320000000001528,0.00765
b20_C,_6610_,XNOR2,0,0,2,2,30,4,7,0.0,2.66,1.0640000000003056,0.00765
b20_C,_6611_,OAI21,0,0,3,1,31,3,2,-1.9570312500105658e-05,1.862,0.7980000000006839,0.00765
b20_C,_6612_,AOI21,0,3,3,1,33,6,8,-0.00017669921875018701,1.862,0.7980000000006839,0.00765
b20_C,_6613_,XOR2,0,3,2,3,34,5,7,-2.460937500003979e-05,2.394,0.7979999999997744,0.00765
b20_C,_6614_,BUF,0,0,1,10,11,6,60,5.8593749852065e-08,1.064,0.26600000000053114,0.00765
b20_C,_6615_,XOR2,0,0,2,1,32,5,7,-1.1425781250018474e-05,2.394,0.7979999999997744,0.00765
b20_C,_6616_,AOI22,0,3,4,1,35,4,6,1.0078124999868265e-05,2.394,1.0640000000003056,0.00765
b20_C,_6617_,OAI21,0,3,3,2,36,3,5,-3.226562500024954e-05,1.862,0.7980000000006839,0.00765
b20_C,_6618_,AOI221,0,1,5,1,37,2,1,-4.158203125004256e-05,2.926,1.3299999999999272,0.00765
b20_C,_6619_,NAND2,0,1,2,0,38,1,0,-2.4082031250038938e-05,1.33,0.5320000000001528,0.00765
b20_C,_6620_,NAND2,0,0,2,4,9,6,93,-3.906250012342127e-08,1.33,0.5320000000001528,0.00765
b20_C,_6621_,NOR2,0,0,2,8,14,5,28,-1.6855468750076597e-05,1.33,0.5320000000001528,0.00765
b20_C,_6622_,AOI22,0,0,4,1,21,4,3,-1.0371093750016769e-05,2.394,1.0640000000003056,0.00765
b20_C,_6623_,XNOR2,0,0,2,2,29,5,8,-6.257812500010118e-05,2.66,1.0640000000003056,0.00765
b20_C,_6624_,BUF,0,0,1,10,16,4,30,0.0,1.064,0.26600000000053114,0.00765
b20_C,_6625_,OAI221,0,0,5,1,30,3,2,-1.6015625000198597e-05,2.926,1.3299999999999272,0.00765
b20_C,_6626_,AOI21,0,0,3,1,31,2,1,0.0,1.862,0.7980000000006839,0.00765
b20_C,_6627_,XOR2,0,3,2,3,33,5,6,-0.00020242187500008058,2.394,0.7979999999997744,0.00765
b20_C,_6628_,NAND2,0,0,2,2,15,5,16,-1.314453125011994e-05,1.33,0.5320000000001528,0.00765
b20_C,_6629_,CLKBUF,0,0,1,10,16,4,12,0.0,1.064,0.26600000000053114,0.00765
b20_C,_6630_,BUF,0,0,1,10,15,4,36,1.6015624999532463e-06,1.064,0.26600000000053114,0.00765
b20_C,_6631_,CLKBUF,0,0,1,10,16,3,12,-2.5390625024712676e-07,1.064,0.26600000000053114,0.00765
b20_C,_6632_,NAND2,0,0,2,3,9,7,79,0.0,1.33,0.5320000000001528,0.00765
b20_C,_6633_,CLKBUF,0,0,1,10,10,6,62,7.499999999716067e-06,1.064,0.26600000000053114,0.00765
b20_C,_6634_,OAI21,0,0,3,1,31,6,7,-2.2753906250283507e-05,1.862,0.7980000000006839,0.00765
b20_C,_6635_,XNOR2,0,0,2,1,32,5,6,0.0,2.66,1.0640000000003056,0.00765
b20_C,_6636_,AOI22,0,0,4,3,8,7,85,0.0,2.394,1.0640000000003056,0.00765
b20_C,_6637_,CLKBUF,0,0,1,10,9,6,67,0.0,1.064,0.26600000000053114,0.00765
b20_C,_6638_,OAI22,0,3,4,1,34,4,5,-5.857421874999602e-05,2.394,1.0640000000003056,0.00765
b20_C,_6639_,NOR2,0,0,2,3,9,6,67,0.0,1.33,0.5320000000001528,0.00765
b20_C,_6640_,CLKBUF,0,0,1,10,10,5,54,0.0,1.064,0.26600000000053114,0.00765
b20_C,_6641_,AOI21,0,3,3,2,35,3,4,2.3691406249914948e-05,1.862,0.7980000000006839,0.00765
b20_C,_6642_,OAI221,0,1,5,0,36,1,0,-0.0001320898437500162,2.926,1.3299999999999272,0.00765
b20_C,_6643_,NOR2,0,0,2,1,16,5,4,-1.953125017273294e-08,1.33,0.5320000000001528,0.00765
b20_C,_6644_,AOI221,0,0,5,1,19,4,3,-2.8105468750094786e-05,2.926,1.3299999999999272,0.00765
b20_C,_6645_,OAI21,0,0,3,1,25,3,2,-3.984375000154472e-06,1.862,0.7980000000006839,0.00765
b20_C,_6646_,XNOR2,0,3,2,3,32,4,7,-0.00015787109375020592,2.66,1.0640000000003056,0.00765
b20_C,_6647_,XNOR2,0,0,2,2,28,4,6,-8.355468750020911e-05,2.66,1.0640000000003056,0.00765
b20_C,_6648_,AOI221,0,0,5,1,33,2,1,-2.560546875018943e-05,2.926,1.3299999999999272,0.00765
b20_C,_6649_,OAI21,0,0,3,1,30,5,6,-2.4589843750089102e-05,1.862,0.7980000000006839,0.00765
b20_C,_6650_,AOI21,0,0,3,1,31,4,5,-2.5253906250188862e-05,1.862,0.7980000000006839,0.00765
b20_C,_6651_,AOI221,0,3,5,2,33,3,4,3.7480468749961915e-05,2.926,1.3299999999999272,0.00765
b20_C,_6652_,BUF,0,0,1,10,16,2,10,-3.320312500498801e-07,1.064,0.26600000000053114,0.00765
b20_C,_6653_,OAI21,0,1,3,0,34,1,0,-6.986328125035968e-05,1.862,0.7980000000006839,0.00765
b20_C,_6654_,NOR2,0,0,2,1,16,5,4,-1.953125017273294e-08,1.33,0.5320000000001528,0.00765
b20_C,_6655_,AOI221,0,0,5,1,18,4,3,-8.769531250285567e-06,2.926,1.3299999999999272,0.00765
b20_C,_6656_,XNOR2,0,0,2,2,27,5,8,-0.00023964843750023945,2.66,1.0640000000003056,0.00765
b20_C,_6657_,OAI221,0,0,5,1,28,3,2,-1.0371093750238813e-05,2.926,1.3299999999999272,0.00765
b20_C,_6658_,XNOR2,0,3,2,2,31,5,7,-0.00047193359375041766,2.66,1.0640000000003056,0.00765
b20_C,_6659_,INV,0,3,1,2,32,4,6,-2.6367187500042633e-06,0.798,0.26599999999962165,0.00765
b20_C,_6660_,AOI21,0,0,3,1,33,2,1,-1.8886718750277254e-05,1.862,0.7980000000006839,0.00765
b20_C,_6661_,CLKBUF,0,0,1,10,9,5,55,3.4765624996602185e-06,1.064,0.26600000000053114,0.00765
b20_C,_6662_,XOR2,0,0,2,1,28,4,5,-2.404296875013756e-05,2.394,0.7979999999997744,0.00765
b20_C,_6663_,AOI222,0,3,6,2,33,3,4,5.48242187496939e-05,3.724,1.595999999999549,0.00765
b20_C,_6664_,OAI21,0,1,3,0,34,1,0,-7.154296875011568e-05,1.862,0.7980000000006839,0.00765
b20_C,_6665_,AOI22,0,0,4,1,19,4,3,-1.0625000000263896e-05,2.394,1.0640000000003056,0.00765
b20_C,_6666_,NOR2,0,0,2,1,26,6,9,-7.148437500026361e-05,1.33,0.5320000000001528,0.00765
b20_C,_6667_,XNOR2,0,0,2,2,27,5,8,-1.2734375000267306e-05,2.66,1.0640000000003056,0.00765
b20_C,_6669_,AOI21,0,0,3,1,29,2,1,0.0,1.862,0.7980000000006839,0.00765
b20_C,_6668_,OAI221,0,0,5,1,28,3,2,-2.6386718750215366e-05,2.926,1.3299999999999272,0.00765
b20_C,_6670_,XOR2,0,3,2,3,29,5,6,-0.0004255468750002933,2.394,0.7979999999997744,0.00765
b20_C,_6671_,XNOR2,0,0,2,1,27,5,6,-1.1230468750067502e-05,2.66,1.0640000000003056,0.00765
b20_C,_6672_,OAI22,0,3,4,1,30,4,5,-5.7636718750142535e-05,2.394,1.0640000000003056,0.00765
b20_C,_6673_,AOI21,0,3,3,2,31,3,4,2.306640624993861e-05,1.862,0.7980000000006839,0.00765
b20_C,_6674_,OAI221,0,1,5,0,32,1,0,-0.00013029296875011198,2.926,1.3299999999999272,0.00765
b20_C,_6675_,NAND2,0,0,2,1,15,4,3,-1.953125017273294e-08,1.33,0.5320000000001528,0.00765
b20_C,_6676_,OAI221,0,0,5,1,19,3,2,-5.097656250230287e-06,2.926,1.3299999999999272,0.00765
b20_C,_6677_,XOR2,0,3,2,3,27,4,7,-0.0007478125000002223,2.394,0.7979999999997744,0.00765
b20_C,_6678_,AOI221,0,0,5,1,28,2,1,-4.746093750007674e-05,2.926,1.3299999999999272,0.00765
b20_C,_6679_,XNOR2,0,0,2,2,26,5,6,-9.076171875022077e-05,2.66,1.0640000000003056,0.00765
b20_C,_6680_,OAI21,0,0,3,1,26,5,6,-2.1855468750331397e-05,1.862,0.7980000000006839,0.00765
b20_C,_6681_,AOI21,0,0,3,1,27,4,5,-2.2363281250159517e-05,1.862,0.7980000000006839,0.00765
b20_C,_6682_,AOI221,0,3,5,2,28,3,4,3.093749999982798e-05,2.926,1.3299999999999272,0.00765
b20_C,_6683_,OAI221,0,1,5,0,29,1,0,-9.304687500022446e-05,2.926,1.3299999999999272,0.00765
b20_C,_6684_,OR2,0,3,2,1,26,7,10,-7.041015625031122e-05,1.33,0.26600000000053114,0.00765
b20_C,_6685_,XOR2,0,3,2,3,27,6,9,3.697265624991175e-05,2.394,0.7979999999997744,0.00765
b20_C,_6686_,NOR2,0,3,2,1,28,5,7,-4.232421875016712e-05,1.33,0.5320000000001528,0.00765
b20_C,_6687_,XNOR2,0,0,2,1,25,5,7,-7.734375000012506e-06,2.66,1.0640000000003056,0.00765
b20_C,_6688_,AOI221,0,3,5,2,29,4,6,5.003906249978485e-05,2.926,1.3299999999999272,0.00765
b20_C,_6689_,NAND2,0,0,2,3,9,7,106,-1.035156250051017e-06,1.33,0.5320000000001528,0.00765
b20_C,_6690_,BUF,0,0,1,10,10,6,95,7.812499980275334e-08,1.064,0.26600000000053114,0.00765
b20_C,_6691_,NAND2,0,0,2,1,25,6,8,-0.00013791015624997627,1.33,0.5320000000001528,0.00765
b20_C,_6692_,AOI21,0,0,3,1,26,5,7,0.0,1.862,0.7980000000006839,0.00765
b20_C,_6693_,NAND2,0,0,2,2,27,4,6,-6.175781250017387e-05,1.33,0.5320000000001528,0.00765
b20_C,_6694_,OAI221,0,1,5,1,30,3,2,-0.0001047656250001694,2.926,1.3299999999999272,0.00765
b20_C,_6695_,NAND2,0,1,2,1,31,2,1,-1.0546875000017053e-05,1.33,0.5320000000001528,0.00765
b20_C,_6696_,AOI222,0,0,6,1,17,2,1,-1.1484375000314628e-05,3.724,1.595999999999549,0.00765
b20_C,_6697_,OAI211,0,1,4,0,32,1,0,-6.37695312502018e-05,2.394,1.0640000000003056,0.00765
b20_C,_6698_,NOR2,0,0,2,2,22,7,17,-1.9003906249981384e-05,1.33,0.5320000000001528,0.00765
b20_C,_6699_,OAI22,0,0,4,2,23,6,8,-4.06250000017927e-06,2.394,1.0640000000003056,0.00765
b20_C,_6700_,AOI21,0,0,3,1,24,5,7,-3.925781250302407e-06,1.862,0.7980000000006839,0.00765
b20_C,_6701_,OAI21,0,0,3,1,25,4,6,-3.8085937501541878e-06,1.862,0.7980000000006839,0.00765
b20_C,_6702_,AOI21,0,3,3,1,25,5,8,-0.0002892382812502703,1.862,0.7980000000006839,0.00765
b20_C,_6703_,XOR2,0,3,2,3,26,4,7,-1.5058593750172378e-05,2.394,0.7979999999997744,0.00765
b20_C,_6704_,OAI221,0,3,5,2,27,3,5,-2.2089843750183746e-05,2.926,1.3299999999999272,0.00765
b20_C,_6705_,NAND2,0,1,2,1,28,2,1,-5.0625000000081855e-05,1.33,0.5320000000001528,0.00765
b20_C,_6706_,AOI22,0,0,4,1,18,4,3,-1.0625000000263896e-05,2.394,1.0640000000003056,0.00765
b20_C,_6707_,XNOR2,0,0,2,2,25,4,7,-0.00017312500000032927,2.66,1.0640000000003056,0.00765
b20_C,_6708_,OAI221,0,0,5,1,26,3,2,-2.4472656250384972e-05,2.926,1.3299999999999272,0.00765
b20_C,_6709_,AOI21,0,0,3,1,27,2,1,0.0,1.862,0.7980000000006839,0.00765
b20_C,_6710_,OAI211,0,1,4,0,29,1,0,-3.699218750030653e-05,2.394,1.0640000000003056,0.00765
b20_C,_6711_,AOI22,0,0,4,1,16,4,3,-5.859375029615421e-08,2.394,1.0640000000003056,0.00765
b20_C,_6712_,OAI221,0,0,5,1,21,3,2,0.0,2.926,1.3299999999999272,0.00765
b20_C,_6713_,XNOR2,0,0,2,2,24,4,6,-7.125000000018922e-05,2.66,1.0640000000003056,0.00765
b20_C,_6714_,AOI21,0,0,3,1,25,2,1,0.0,1.862,0.7980000000006839,0.00765
b20_C,_6715_,XOR2,0,3,2,3,25,5,6,-0.0003406640625001067,2.394,0.7979999999997744,0.00765
b20_C,_6716_,NOR2,0,0,2,1,23,6,7,0.0,1.33,0.5320000000001528,0.00765
b20_C,_6717_,XOR2,0,0,2,1,24,5,6,3.906249990137667e-08,2.394,0.7979999999997744,0.00765
b20_C,_6718_,OAI22,0,3,4,1,26,4,5,-5.845703125029189e-05,2.394,1.0640000000003056,0.00765
b20_C,_6719_,AOI21,0,3,3,2,27,3,4,2.3671874999742215e-05,1.862,0.7980000000006839,0.00765
b20_C,_6720_,OAI221,0,1,5,0,28,1,0,-0.00013199218750026276,2.926,1.3299999999999272,0.00765
b20_C,_6722_,OAI221,0,0,5,1,20,3,2,-1.0371093750016769e-05,2.926,1.3299999999999272,0.00765
b20_C,_6721_,AOI22,0,0,4,1,16,4,3,-5.859375029615421e-08,2.394,1.0640000000003056,0.00765
b20_C,_6723_,NAND2,0,3,2,1,23,5,8,-0.0005082031250001062,1.33,0.5320000000001528,0.00765
b20_C,_6724_,XOR2,0,3,2,3,24,4,7,-9.57031250026219e-06,2.394,0.7979999999997744,0.00765
b20_C,_6725_,AOI21,0,0,3,1,25,2,1,-1.9980468750180336e-05,1.862,0.7980000000006839,0.00765
b20_C,_6726_,XNOR2,0,0,2,2,23,5,6,-0.00016785156250032074,2.66,1.0640000000003056,0.00765
b20_C,_6727_,NAND2,0,0,2,2,21,7,16,-1.3652343750170104e-05,1.33,0.5320000000001528,0.00765
b20_C,_6728_,NAND2,0,0,2,1,22,6,7,0.0,1.33,0.5320000000001528,0.00765
b20_C,_6729_,NAND2,0,0,2,1,23,5,6,0.0,1.33,0.5320000000001528,0.00765
b20_C,_6730_,XOR2,0,0,2,1,24,4,5,-4.45312500030326e-06,2.394,0.7979999999997744,0.00765
b20_C,_6731_,AOI222,0,3,6,2,25,3,4,4.0468749999966747e-05,3.724,1.595999999999549,0.00765
b20_C,_6732_,OAI221,0,1,5,0,26,1,0,-9.308593750012584e-05,2.926,1.3299999999999272,0.00765
b20_C,_6733_,XNOR2,0,0,2,1,22,5,7,0.0,2.66,1.0640000000003056,0.00765
b20_C,_6734_,AOI22,0,0,4,1,23,4,6,-9.511718750410125e-06,2.394,1.0640000000003056,0.00765
b20_C,_6735_,OAI21,0,3,3,1,22,5,9,-0.0009538281250001113,1.862,0.7980000000006839,0.00765
b20_C,_6736_,XNOR2,0,3,2,2,23,4,8,-4.277343750302975e-06,2.66,1.0640000000003056,0.00765
b20_C,_6737_,OAI21,0,2,3,2,24,3,5,-3.507812500025409e-05,1.862,0.7980000000006839,0.00765
b20_C,_6738_,CLKBUF,0,0,1,10,11,5,51,0.0,1.064,0.26600000000053114,0.00765
b20_C,_6739_,NAND2,0,0,2,2,15,4,7,-8.417968750062954e-06,1.33,0.5320000000001528,0.00765
b20_C,_6740_,AOI21,0,0,3,1,22,5,8,-6.568359375025423e-05,1.862,0.7980000000006839,0.00765
b20_C,_6741_,OAI21,0,0,3,2,23,4,7,-5.349609375016051e-05,1.862,0.7980000000006839,0.00765
b20_C,_6742_,OAI221,0,0,5,1,24,3,2,-4.677734375002629e-05,2.926,1.3299999999999272,0.00765
b20_C,_6743_,OAI21,0,0,3,1,25,2,1,-1.580078125007489e-05,1.862,0.7980000000006839,0.00765
b20_C,_6744_,INV,0,1,1,2,24,3,5,-4.5781250000098694e-05,0.798,0.26599999999962165,0.00765
b20_C,_6745_,AOI22,0,1,4,1,25,2,1,-1.0742187501744382e-06,2.394,1.0640000000003056,0.00765
b20_C,_6746_,OAI211,0,1,4,0,26,1,0,-1.5410156250172946e-05,2.394,1.0640000000003056,0.00765
b20_C,_6747_,XNOR2,0,3,2,3,22,6,10,-0.0014993164062500064,2.66,1.0640000000003056,0.00765
b20_C,_6748_,AOI222,0,0,6,1,23,2,1,-4.4609375000170814e-05,3.724,1.595999999999549,0.00765
b20_C,_6749_,NAND2,0,3,2,1,23,5,7,-2.5468750000312568e-05,1.33,0.5320000000001528,0.00765
b20_C,_6750_,NAND2,0,0,2,1,20,6,8,-2.0683593750181473e-05,1.33,0.5320000000001528,0.00765
b20_C,_6751_,XNOR2,0,0,2,1,21,5,7,0.0,2.66,1.0640000000003056,0.00765
b20_C,_6752_,OAI221,0,3,5,2,24,4,6,-1.7187500000126477e-05,2.926,1.3299999999999272,0.00765
b20_C,_6753_,NAND2,0,0,2,2,14,4,6,-8.554687500161862e-06,1.33,0.5320000000001528,0.00765
b20_C,_6754_,BUF,0,0,1,10,9,6,52,0.0,1.064,0.26600000000053114,0.00765
b20_C,_6755_,OR2,0,0,2,1,21,5,7,-0.00011171875000015596,1.33,0.26600000000053114,0.00765
b20_C,_6756_,NAND3,0,0,3,2,22,4,6,-6.644531250010743e-05,1.862,0.7980000000006839,0.00765
b20_C,_6757_,OAI21,0,0,3,1,23,3,2,0.0,1.862,0.7980000000006839,0.00765
b20_C,_6758_,AOI211,0,1,4,1,25,2,1,-1.794921874997968e-05,2.394,1.0640000000003056,0.00765
b20_C,_6759_,OAI21,0,1,3,0,26,1,0,-1.8789062500079723e-05,1.862,0.7980000000006839,0.00765
b20_C,_6760_,NOR2,0,0,2,1,19,8,10,-6.484375000059828e-06,1.33,0.5320000000001528,0.00765
b20_C,_6761_,NOR2,0,0,2,1,20,7,9,0.0,1.33,0.5320000000001528,0.00765
b20_C,_6762_,XNOR2,0,0,2,1,21,6,8,0.0,2.66,1.0640000000003056,0.00765
b20_C,_6763_,NOR2,0,3,2,1,21,7,10,-0.0005075390625002285,1.33,0.5320000000001528,0.00765
b20_C,_6764_,XOR2,0,3,2,3,22,6,9,4.628906249859455e-06,2.394,0.7979999999997744,0.00765
b20_C,_6765_,OAI222,0,3,6,1,23,5,7,-5.164062500018218e-05,3.724,1.595999999999549,0.00765
b20_C,_6766_,AOI21,0,3,3,2,24,4,6,1.691406249992866e-05,1.862,0.7980000000006839,0.00765
b20_C,_6767_,NOR2,0,0,2,2,20,7,18,-8.80468750001917e-05,1.33,0.5320000000001528,0.00765
b20_C,_6768_,AOI21,0,0,3,1,21,6,9,0.0,1.862,0.7980000000006839,0.00765
b20_C,_6769_,NOR3,0,0,3,2,22,5,8,-0.0002572265625002679,1.862,0.7980000000006839,0.00765
b20_C,_6770_,AOI22,0,0,4,1,23,4,3,0.0,2.394,1.0640000000003056,0.00765
b20_C,_6771_,AOI21,0,1,3,1,25,3,2,-4.832031250012747e-05,1.862,0.7980000000006839,0.00765
b20_C,_6772_,NOR2,0,0,2,1,23,3,2,-6.095703125019725e-05,1.33,0.5320000000001528,0.00765
b20_C,_6773_,AOI211,0,1,4,1,26,2,1,5.039062499712088e-06,2.394,1.0640000000003056,0.00765
b20_C,_6774_,OAI21,0,1,3,0,27,1,0,-2.2910156250111058e-05,1.862,0.7980000000006839,0.00765
b20_C,_6775_,AOI21,0,0,3,1,19,5,7,-5.644531250181828e-06,1.862,0.7980000000006839,0.00765
b20_C,_6776_,XNOR2,0,0,2,1,20,4,6,-4.648437500254232e-06,2.66,1.0640000000003056,0.00765
b20_C,_6778_,XOR2,0,3,2,3,21,4,7,-3.542968750025466e-05,2.394,0.7979999999997744,0.00765
b20_C,_6777_,AOI21,0,3,3,1,20,5,8,-0.001572226562500223,1.862,0.7980000000006839,0.00765
b20_C,_6780_,NAND2,0,1,2,1,23,2,1,-5.07031250003287e-05,1.33,0.5320000000001528,0.00765
b20_C,_6779_,OAI222,0,3,6,2,22,3,5,1.6640624999730846e-05,3.724,1.595999999999549,0.00765
b20_C,_6781_,AOI22,0,0,4,1,16,4,3,-5.859375029615421e-08,2.394,1.0640000000003056,0.00765
b20_C,_6782_,OAI221,0,0,5,1,18,3,2,-2.636718750226308e-06,2.926,1.3299999999999272,0.00765
b20_C,_6783_,XNOR2,0,0,2,2,21,5,7,0.0,2.66,1.0640000000003056,0.00765
b20_C,_6784_,AOI21,0,0,3,1,22,2,1,0.0,1.862,0.7980000000006839,0.00765
b20_C,_6785_,OAI211,0,1,4,0,24,1,0,-3.4902343750253806e-05,2.394,1.0640000000003056,0.00765
b20_C,_6786_,XNOR2,0,3,2,3,20,5,8,-0.0019527734375002215,2.66,1.0640000000003056,0.00765
b20_C,_6787_,AND2,0,0,2,1,18,6,8,-8.63281250018666e-06,1.33,0.26600000000053114,0.00765
b20_C,_6788_,XOR2,0,0,2,1,20,5,7,0.0,2.394,0.7979999999997744,0.00765
b20_C,_6789_,AOI22,0,3,4,1,21,4,6,-1.4296875000097131e-05,2.394,1.0640000000003056,0.00765
b20_C,_6790_,OAI21,0,3,3,2,22,3,5,-3.136718750029743e-05,1.862,0.7980000000006839,0.00765
b20_C,_6791_,NAND2,0,1,2,1,23,2,1,-2.292968750028379e-05,1.33,0.5320000000001528,0.00765
b20_C,_6792_,AOI22,0,0,4,1,15,4,3,0.0,2.394,1.0640000000003056,0.00765
b20_C,_6793_,OAI21,0,0,3,1,16,3,2,0.0,1.862,0.7980000000006839,0.00765
b20_C,_6794_,AOI221,0,0,5,1,21,2,1,-5.60156250002386e-05,2.926,1.3299999999999272,0.00765
b20_C,_6795_,XNOR2,0,0,2,2,20,4,5,-0.00011136718750037744,2.66,1.0640000000003056,0.00765
b20_C,_6796_,OAI211,0,1,4,0,24,1,0,-1.8769531250129035e-05,2.394,1.0640000000003056,0.00765
b20_C,_6797_,NOR2,0,0,2,1,13,5,7,-9.257812500162999e-06,1.33,0.5320000000001528,0.00765
b20_C,_6798_,NOR2,0,3,2,1,19,7,9,-0.0007491992187502738,1.33,0.5320000000001528,0.00765
b20_C,_6799_,XNOR2,0,3,2,3,20,6,8,-1.101562500016584e-05,2.66,1.0640000000003056,0.00765
b20_C,_6800_,OAI21,0,0,3,1,17,7,9,-2.55078124999919e-05,1.862,0.7980000000006839,0.00765
b20_C,_6801_,XOR2,0,0,2,1,18,6,8,0.0,2.394,0.7979999999997744,0.00765
b20_C,_6802_,OAI22,0,3,4,1,21,5,7,-6.070312500039421e-05,2.394,1.0640000000003056,0.00765
b20_C,_6803_,NOR2,0,3,2,2,22,4,6,2.996093749985107e-05,1.33,0.5320000000001528,0.00765
b20_C,_6804_,NAND2,0,0,2,3,19,7,25,-0.00012052734375034291,1.33,0.5320000000001528,0.00765
b20_C,_6805_,OAI21,0,0,3,1,20,6,9,0.0,1.862,0.7980000000006839,0.00765
b20_C,_6806_,NAND3,0,0,3,2,21,5,8,-8.558593750018773e-05,1.862,0.7980000000006839,0.00765
b20_C,_6807_,OAI221,0,1,5,1,23,3,2,-7.478515625036763e-05,2.926,1.3299999999999272,0.00765
b20_C,_6808_,NAND2,0,1,2,1,24,2,1,-8.808593750186944e-06,1.33,0.5320000000001528,0.00765
b20_C,_6809_,NOR2,0,0,2,1,14,3,2,-5.078125000501643e-07,1.33,0.5320000000001528,0.00765
b20_C,_6811_,OAI211,0,1,4,0,25,1,0,-7.503906250017067e-05,2.394,1.0640000000003056,0.00765
b20_C,_6810_,AOI221,0,0,5,1,16,2,1,-8.63281250018666e-06,2.926,1.3299999999999272,0.00765
b20_C,_6812_,AOI22,0,0,4,1,15,4,3,0.0,2.394,1.0640000000003056,0.00765
b20_C,_6813_,XNOR2,0,0,2,2,20,4,7,0.0,2.66,1.0640000000003056,0.00765
b20_C,_6814_,OAI221,0,0,5,1,21,3,2,-1.9414062500278106e-05,2.926,1.3299999999999272,0.00765
b20_C,_6815_,AOI21,0,3,3,1,18,6,10,-0.0015187890625001366,1.862,0.7980000000006839,0.00765
b20_C,_6816_,XNOR2,0,3,2,3,19,5,9,-2.050781250018119e-05,2.66,1.0640000000003056,0.00765
b20_C,_6817_,AOI21,0,0,3,1,17,6,8,-3.7031250000207905e-05,1.862,0.7980000000006839,0.00765
b20_C,_6818_,XNOR2,0,0,2,1,18,5,7,-4.921875000007958e-06,2.66,1.0640000000003056,0.00765
b20_C,_6819_,AOI222,0,3,6,1,20,4,6,1.3085937498047429e-06,3.724,1.595999999999549,0.00765
b20_C,_6820_,BUF,0,0,1,10,10,5,53,7.226562499962341e-06,1.064,0.26600000000053114,0.00765
b20_C,_6822_,AOI221,0,1,5,1,22,2,1,-5.324218750013543e-05,2.926,1.3299999999999272,0.00765
b20_C,_6821_,OAI21,0,3,3,2,21,3,5,-5.867187500019355e-05,1.862,0.7980000000006839,0.00765
b20_C,_6823_,INV,0,1,1,0,23,1,0,-1.8906250000227942e-05,0.798,0.26599999999962165,0.00765
b20_C,_6824_,NOR2,0,0,2,2,13,4,6,-7.40234375018467e-06,1.33,0.5320000000001528,0.00765
b20_C,_6825_,OAI21,0,0,3,1,16,7,9,-7.2851562502584954e-06,1.862,0.7980000000006839,0.00765
b20_C,_6826_,XOR2,0,0,2,1,17,6,8,0.0,2.394,0.7979999999997744,0.00765
b20_C,_6827_,OAI22,0,0,4,1,18,5,7,-1.1132812502978595e-06,2.394,1.0640000000003056,0.00765
b20_C,_6828_,XNOR2,0,3,2,3,18,5,9,-0.002323476562500204,2.66,1.0640000000003056,0.00765
b20_C,_6829_,AOI21,0,3,3,2,19,4,6,2.9277343749800622e-05,1.862,0.7980000000006839,0.00765
b20_C,_6830_,OAI21,0,0,3,1,18,5,7,-6.126953125029644e-05,1.862,0.7980000000006839,0.00765
b20_C,_6831_,NAND3,0,0,3,2,20,4,6,0.0,1.862,0.7980000000006839,0.00765
b20_C,_6832_,OAI221,0,1,5,1,21,3,2,-7.195312499996831e-05,2.926,1.3299999999999272,0.00765
b20_C,_6833_,OAI21,0,1,3,1,22,2,1,-5.332031250304681e-06,1.862,0.7980000000006839,0.00765
b20_C,_6834_,AOI222,0,0,6,1,19,2,1,-4.511718750022098e-05,3.724,1.595999999999549,0.00765
b20_C,_6835_,NAND2,0,1,2,0,23,1,0,-1.2792968750119371e-05,1.33,0.5320000000001528,0.00765
b20_C,_6836_,AOI22,0,0,4,1,16,4,3,-1.1816406250364508e-05,2.394,1.0640000000003056,0.00765
b20_C,_6837_,XNOR2,0,0,2,2,18,5,8,-7.177734375041211e-05,2.66,1.0640000000003056,0.00765
b20_C,_6838_,OAI221,0,0,5,1,19,3,2,-1.013671875016442e-05,2.926,1.3299999999999272,0.00765
b20_C,_6839_,INV,0,0,1,1,20,2,1,0.0,0.798,0.26599999999962165,0.00765
b20_C,_6840_,NOR2,0,3,2,1,17,6,7,-0.000893652343750162,1.33,0.5320000000001528,0.00765
b20_C,_6841_,XNOR2,0,3,2,3,18,5,6,5.4511718750038796e-05,2.66,1.0640000000003056,0.00765
b20_C,_6842_,OAI222,0,3,6,1,19,4,5,-5.3496093750382556e-05,3.724,1.595999999999549,0.00765
b20_C,_6843_,XNOR2,0,0,2,1,16,4,5,-9.746093750262474e-06,2.66,1.0640000000003056,0.00765
b20_C,_6844_,AOI21,0,3,3,2,20,3,4,2.695312499989555e-05,1.862,0.7980000000006839,0.00765
b20_C,_6845_,OAI221,0,1,5,0,21,1,0,-0.0001322460937500658,2.926,1.3299999999999272,0.00765
b20_C,_6846_,AOI22,0,0,4,1,15,4,3,0.0,2.394,1.0640000000003056,0.00765
b20_C,_6847_,OAI221,0,0,5,1,16,3,2,-3.867187500006253e-06,2.926,1.3299999999999272,0.00765
b20_C,_6848_,AOI21,0,3,3,1,16,5,8,-0.001987187500000376,1.862,0.7980000000006839,0.00765
b20_C,_6849_,XNOR2,0,3,2,3,17,4,7,-4.363281250019391e-05,2.66,1.0640000000003056,0.00765
b20_C,_6850_,XNOR2,0,0,2,2,17,4,6,-0.00016281250000016456,2.66,1.0640000000003056,0.00765
b20_C,_6851_,AOI221,0,0,5,1,18,2,1,-2.6250000000116458e-05,2.926,1.3299999999999272,0.00765
b20_C,_6852_,OR2,0,0,2,1,15,5,6,-1.3867187500071765e-05,1.33,0.26600000000053114,0.00765
b20_C,_6853_,XOR2,0,0,2,1,16,4,5,-4.316406250204352e-06,2.394,0.7979999999997744,0.00765
b20_C,_6854_,AOI222,0,3,6,2,18,3,4,4.14648437496723e-05,3.724,1.595999999999549,0.00765
b20_C,_6856_,NAND2,0,0,2,1,15,4,3,-1.953125017273294e-08,1.33,0.5320000000001528,0.00765
b20_C,_6855_,OAI21,0,1,3,0,19,1,0,-6.984375000018694e-05,1.862,0.7980000000006839,0.00765
b20_C,_6857_,OAI221,0,0,5,1,16,3,2,-1.8164062502989964e-06,2.926,1.3299999999999272,0.00765
b20_C,_6858_,XNOR2,0,0,2,2,16,4,6,-7.019531250018751e-05,2.66,1.0640000000003056,0.00765
b20_C,_6859_,AOI221,0,0,5,1,17,2,1,-1.0664062500165272e-05,2.926,1.3299999999999272,0.00765
b20_C,_6860_,XNOR2,0,0,2,3,16,5,6,-0.0025250781250001353,2.66,1.0640000000003056,0.00765
b20_C,_6861_,INV,0,0,1,1,14,7,8,0.0,0.798,0.26599999999962165,0.00765
b20_C,_6862_,INV,0,6,1,1,13,10,23,-0.00020119140625007859,0.798,0.26599999999962165,0.00765
b20_C,_6863_,AOI22,0,6,4,2,14,9,22,3.2578124999904645e-05,2.394,1.0640000000003056,0.00765
b20_C,_6864_,NOR2,0,3,2,1,15,8,15,-0.0001015625000002629,1.33,0.5320000000001528,0.00765
b20_C,_6865_,AOI21,0,3,3,2,16,7,14,4.619140624972928e-05,1.862,0.7980000000006839,0.00765
b20_C,_6866_,AOI21,0,3,3,1,17,6,7,-4.35742187501198e-05,1.862,0.7980000000006839,0.00765
b20_C,_6867_,XOR2,0,3,2,1,18,5,6,-3.0585937500049454e-05,2.394,0.7979999999997744,0.00765
b20_C,_6868_,OAI222,0,3,6,1,19,4,5,-3.863281250016115e-05,3.724,1.595999999999549,0.00765
b20_C,_6869_,INV,0,3,1,2,20,3,4,-1.1660156250314913e-05,0.798,0.26599999999962165,0.00765
b20_C,_6870_,OAI221,0,1,5,0,21,1,0,-2.9160156250096492e-05,2.926,1.3299999999999272,0.00765
b20_C,_6871_,XNOR2,0,0,2,2,15,5,8,-0.00016066406250025977,2.66,1.0640000000003056,0.00765
b20_C,_6872_,AOI22,0,0,4,1,16,4,3,-1.0566406250189786e-05,2.394,1.0640000000003056,0.00765
b20_C,_6873_,NOR2,0,3,2,1,15,6,9,-0.0009677929687503806,1.33,0.5320000000001528,0.00765
b20_C,_6874_,XNOR2,0,3,2,3,16,5,8,5.3398437499740936e-05,2.66,1.0640000000003056,0.00765
b20_C,_6875_,OAI221,0,0,5,1,17,3,2,-7.335937500019263e-05,2.926,1.3299999999999272,0.00765
b20_C,_6876_,AOI21,0,0,3,1,18,2,1,0.0,1.862,0.7980000000006839,0.00765
b20_C,_6877_,OAI222,0,3,6,1,17,4,5,-5.226562500038057e-05,3.724,1.595999999999549,0.00765
b20_C,_6878_,XOR2,0,0,2,1,17,4,5,-7.273437500021629e-05,2.394,0.7979999999997744,0.00765
b20_C,_6879_,AOI21,0,3,3,2,18,3,4,2.7128906249895834e-05,1.862,0.7980000000006839,0.00765
b20_C,_6880_,OAI21,0,1,3,0,19,1,0,-4.7402343750224674e-05,1.862,0.7980000000006839,0.00765
b20_C,_6881_,AOI222,0,0,6,1,16,4,3,-1.0546875000017053e-05,3.724,1.595999999999549,0.00765
b20_C,_6882_,XNOR2,0,0,2,2,14,5,8,-6.492187500017899e-05,2.66,1.0640000000003056,0.00765
b20_C,_6883_,OAI221,0,0,5,1,17,3,2,-6.578125000022972e-05,2.926,1.3299999999999272,0.00765
b20_C,_6884_,AOI21,0,0,3,1,14,5,8,-0.0013768554687503265,1.862,0.7980000000006839,0.00765
b20_C,_6885_,XNOR2,0,0,2,3,15,4,7,0.0,2.66,1.0640000000003056,0.00765
b20_C,_6886_,AOI21,0,0,3,1,18,2,1,-1.7578125000028422e-07,1.862,0.7980000000006839,0.00765
b20_C,_6887_,XOR2,0,3,2,1,15,4,5,-0.0001201757812501203,2.394,0.7979999999997744,0.00765
b20_C,_6888_,AOI222,0,3,6,2,16,3,4,2.5234374999794085e-05,3.724,1.595999999999549,0.00765
b20_C,_6889_,OAI21,0,1,3,0,19,1,0,-6.654296875008292e-05,1.862,0.7980000000006839,0.00765
b20_C,_6890_,AOI222,0,0,6,1,15,4,3,-2.4472656250162927e-05,3.724,1.595999999999549,0.00765
b20_C,_6891_,XNOR2,0,0,2,2,13,4,7,-9.132812500034504e-05,2.66,1.0640000000003056,0.00765
b20_C,_6892_,OAI221,0,0,5,1,16,3,2,-1.6074218750272706e-05,2.926,1.3299999999999272,0.00765
b20_C,_6893_,XNOR2,0,0,2,3,14,5,9,-0.0017389257812503445,2.66,1.0640000000003056,0.00765
b20_C,_6894_,NOR2,0,3,2,1,13,6,8,-0.00024371093750019668,1.33,0.5320000000001528,0.00765
b20_C,_6895_,XOR2,0,3,2,1,14,5,7,-4.107421875021444e-05,2.394,0.7979999999997744,0.00765
b20_C,_6896_,AOI22,0,3,4,1,15,4,6,4.980468749860023e-06,2.394,1.0640000000003056,0.00765
b20_C,_6897_,OAI21,0,3,3,2,16,3,5,-3.8476562500111555e-05,1.862,0.7980000000006839,0.00765
b20_C,_6898_,AOI221,0,1,5,1,17,2,1,-2.3417968750161222e-05,2.926,1.3299999999999272,0.00765
b20_C,_6899_,INV,0,1,1,0,18,1,0,-1.8906250000227942e-05,0.798,0.26599999999962165,0.00765
b20_C,_6900_,AOI22,0,1,4,1,16,4,3,-3.7109375017330137e-07,2.394,1.0640000000003056,0.00765
b20_C,_6901_,XNOR2,0,0,2,2,12,5,8,-0.0002385156249999909,2.66,1.0640000000003056,0.00765
b20_C,_6902_,OAI221,0,1,5,1,17,3,2,-2.9394531250170886e-05,2.926,1.3299999999999272,0.00765
b20_C,_6903_,XOR2,0,0,2,3,14,4,7,-0.0012664257812504687,2.394,0.7979999999997744,0.00765
b20_C,_6904_,AOI21,0,1,3,1,18,2,1,-1.134765625021572e-05,1.862,0.7980000000006839,0.00765
b20_C,_6905_,OAI22,0,0,4,1,12,4,5,-7.656250000209752e-06,2.394,1.0640000000003056,0.00765
b20_C,_6906_,AOI22,0,2,4,1,12,5,6,-0.0001814453125001947,2.394,1.0640000000003056,0.00765
b20_C,_6907_,XNOR2,0,2,2,1,14,4,5,-8.281250000186091e-06,2.66,1.0640000000003056,0.00765
b20_C,_6908_,AOI221,0,2,5,2,15,3,4,4.0937499999671445e-05,2.926,1.3299999999999272,0.00765
b20_C,_6909_,OAI21,0,1,3,0,19,1,0,-6.841796875001194e-05,1.862,0.7980000000006839,0.00765
b20_C,_6910_,AOI22,0,0,4,1,15,4,3,0.0,2.394,1.0640000000003056,0.00765
b20_C,_6911_,AOI21,0,0,3,1,11,5,7,-0.00030099609375033864,1.862,0.7980000000006839,0.00765
b20_C,_6912_,OR2,0,0,2,2,12,4,6,-8.414062500028407e-05,1.33,0.26600000000053114,0.00765
b20_C,_6913_,OAI21,0,0,3,1,16,3,2,-1.9570312500105658e-05,1.862,0.7980000000006839,0.00765
b20_C,_6914_,NOR2,0,0,2,1,12,5,8,-0.0013345703125002828,1.33,0.5320000000001528,0.00765
b20_C,_6915_,XNOR2,0,0,2,3,13,4,7,0.0,2.66,1.0640000000003056,0.00765
b20_C,_6916_,AOI221,0,0,5,1,17,2,1,-1.0195312500016485e-05,2.926,1.3299999999999272,0.00765
b20_C,_6917_,OAI21,0,3,3,1,12,6,7,-0.0003238671875003263,1.862,0.7980000000006839,0.00765
b20_C,_6918_,XNOR2,0,3,2,1,13,5,6,-1.0312500000164704e-05,2.66,1.0640000000003056,0.00765
b20_C,_6919_,OAI222,0,3,6,1,14,4,5,-4.72851562502985e-05,3.724,1.595999999999549,0.00765
b20_C,_6920_,AOI21,0,3,3,2,15,3,4,1.781249999988077e-05,1.862,0.7980000000006839,0.00765
b20_C,_6921_,OAI21,0,1,3,0,18,1,0,-4.8066406250324434e-05,1.862,0.7980000000006839,0.00765
b20_C,_6922_,XNOR2,0,0,2,2,11,4,6,-0.0005539648437502542,2.66,1.0640000000003056,0.00765
b20_C,_6923_,NOR2,0,0,2,1,16,3,2,-1.5175781250098552e-05,1.33,0.5320000000001528,0.00765
b20_C,_6924_,NAND2,0,0,2,1,11,7,11,-0.00039500000000014523,1.33,0.5320000000001528,0.00765
b20_C,_6925_,XOR2,0,3,2,3,12,6,10,-1.1503906250265317e-05,2.394,0.7979999999997744,0.00765
b20_C,_6926_,AOI221,0,0,5,1,17,2,1,-0.00031398437500018694,2.926,1.3299999999999272,0.00765
b20_C,_6927_,AOI21,0,0,3,1,12,6,8,-2.3984375000285496e-05,1.862,0.7980000000006839,0.00765
b20_C,_6928_,OAI21,0,0,3,1,13,5,7,-2.326171875033367e-05,1.862,0.7980000000006839,0.00765
b20_C,_6929_,AOI22,0,3,4,1,13,5,7,3.906249999019451e-07,2.394,1.0640000000003056,0.00765
b20_C,_6930_,OAI211,0,3,4,2,14,4,6,-2.527343750013955e-05,2.394,1.0640000000003056,0.00765
b20_C,_6931_,AOI211,0,1,4,1,16,2,1,-2.1835937500158664e-05,2.394,1.0640000000003056,0.00765
b20_C,_6932_,NOR2,0,0,2,1,16,2,1,-1.4453125003477396e-06,1.33,0.5320000000001528,0.00765
b20_C,_6933_,OAI21,0,1,3,0,18,1,0,-1.8828125000203144e-05,1.862,0.7980000000006839,0.00765
b20_C,_6934_,NAND2,0,1,2,1,17,3,2,-2.402343750151914e-06,1.33,0.5320000000001528,0.00765
b20_C,_6935_,AOI222,0,1,6,1,18,2,1,-0.0003840820312501769,3.724,1.595999999999549,0.00765
b20_C,_6936_,NOR3,0,0,3,1,12,3,2,0.0,1.862,0.7980000000006839,0.00765
b20_C,_6937_,AOI21,0,0,3,1,13,2,1,-4.898437500022723e-05,1.862,0.7980000000006839,0.00765
b20_C,_6938_,OAI21,0,1,3,0,19,1,0,-2.1484375000158096e-05,1.862,0.7980000000006839,0.00765
b20_C,_6939_,NAND2,0,32,2,5,12,3,35,0.0003084570312499313,1.33,0.5320000000001528,0.00765
b20_C,_6940_,BUF,0,10,1,10,13,2,10,0.0001774023437499661,1.064,0.26600000000053114,0.00765
b20_C,_6941_,AND2,0,1,2,0,14,1,0,-3.7187500000035456e-05,1.33,0.26600000000053114,0.00765
b20_C,_6942_,AND2,0,1,2,0,14,1,0,-3.7187500000035456e-05,1.33,0.26600000000053114,0.00765
b20_C,_6943_,AND2,0,1,2,0,14,1,0,-3.7187500000035456e-05,1.33,0.26600000000053114,0.00765
b20_C,_6944_,AND2,0,1,2,0,14,1,0,-3.7187500000035456e-05,1.33,0.26600000000053114,0.00765
b20_C,_6945_,AND2,0,1,2,0,14,1,0,-3.7187500000035456e-05,1.33,0.26600000000053114,0.00765
b20_C,_6946_,AND2,0,1,2,0,14,1,0,-3.7187500000035456e-05,1.33,0.26600000000053114,0.00765
b20_C,_6947_,AND2,0,1,2,0,14,1,0,-3.7187500000035456e-05,1.33,0.26600000000053114,0.00765
b20_C,_6948_,AND2,0,1,2,0,14,1,0,-3.7187500000035456e-05,1.33,0.26600000000053114,0.00765
b20_C,_6949_,AND2,0,1,2,0,14,1,0,-3.7187500000035456e-05,1.33,0.26600000000053114,0.00765
b20_C,_6950_,BUF,0,10,1,10,13,2,10,0.00016124999999989065,1.064,0.26600000000053114,0.00765
b20_C,_6951_,AND2,0,1,2,0,14,1,0,-3.761718750006082e-05,1.33,0.26600000000053114,0.00765
b20_C,_6952_,AND2,0,1,2,0,14,1,0,-3.761718750006082e-05,1.33,0.26600000000053114,0.00765
b20_C,_6953_,AND2,0,1,2,0,14,1,0,-3.761718750006082e-05,1.33,0.26600000000053114,0.00765
b20_C,_6954_,AND2,0,1,2,0,14,1,0,-3.761718750006082e-05,1.33,0.26600000000053114,0.00765
b20_C,_6955_,AND2,0,1,2,0,14,1,0,-3.761718750006082e-05,1.33,0.26600000000053114,0.00765
b20_C,_6956_,AND2,0,1,2,0,14,1,0,-3.761718750006082e-05,1.33,0.26600000000053114,0.00765
b20_C,_6957_,AND2,0,1,2,0,14,1,0,-3.761718750006082e-05,1.33,0.26600000000053114,0.00765
b20_C,_6958_,AND2,0,1,2,0,14,1,0,-3.761718750006082e-05,1.33,0.26600000000053114,0.00765
b20_C,_6959_,AND2,0,1,2,0,14,1,0,-3.761718750006082e-05,1.33,0.26600000000053114,0.00765
b20_C,_6960_,AND2,0,1,2,0,14,1,0,-3.761718750006082e-05,1.33,0.26600000000053114,0.00765
b20_C,_6961_,BUF,0,10,1,10,13,2,10,0.00016124999999989065,1.064,0.26600000000053114,0.00765
b20_C,_6962_,AND2,0,1,2,0,14,1,0,-3.761718750006082e-05,1.33,0.26600000000053114,0.00765
b20_C,_6963_,AND2,0,1,2,0,14,1,0,-3.761718750006082e-05,1.33,0.26600000000053114,0.00765
b20_C,_6964_,AND2,0,1,2,0,14,1,0,-3.761718750006082e-05,1.33,0.26600000000053114,0.00765
b20_C,_6965_,AND2,0,1,2,0,14,1,0,-3.761718750006082e-05,1.33,0.26600000000053114,0.00765
b20_C,_6966_,AND2,0,1,2,0,14,1,0,-3.761718750006082e-05,1.33,0.26600000000053114,0.00765
b20_C,_6967_,AND2,0,1,2,0,14,1,0,-3.761718750006082e-05,1.33,0.26600000000053114,0.00765
b20_C,_6968_,AND2,0,1,2,0,14,1,0,-3.761718750006082e-05,1.33,0.26600000000053114,0.00765
b20_C,_6969_,AND2,0,1,2,0,14,1,0,-3.761718750006082e-05,1.33,0.26600000000053114,0.00765
b20_C,_6970_,AND2,0,1,2,0,14,1,0,-3.761718750006082e-05,1.33,0.26600000000053114,0.00765
b20_C,_6971_,AND2,0,1,2,0,14,1,0,-3.761718750006082e-05,1.33,0.26600000000053114,0.00765
b20_C,_6972_,AND2,0,1,2,0,13,1,0,-0.00012320312500024855,1.33,0.26600000000053114,0.00765
b20_C,_6973_,NAND4,0,0,4,1,7,2,1,-0.0014895507812502373,2.394,1.0640000000003056,0.00765
b20_C,_6974_,OAI21,0,1,3,0,30,1,0,-9.628906250114255e-06,1.862,0.7980000000006839,0.00765
b20_C,_6975_,NOR2,0,0,2,1,9,2,1,-7.556640625017153e-05,1.33,0.5320000000001528,0.00765
b20_C,_6976_,MUX2,0,1,3,0,29,1,0,5.058593749884821e-06,2.394,0.5320000000001528,0.00765
b20_C,_6977_,NOR2,0,0,2,1,9,2,1,-3.3789062501288214e-06,1.33,0.5320000000001528,0.00765
b20_C,_6978_,MUX2,0,1,3,0,28,1,0,5.058593749884821e-06,2.394,0.5320000000001528,0.00765
b20_C,_6979_,MUX2,0,1,3,0,27,1,0,-0.0001316406250002622,2.394,0.5320000000001528,0.00765
b20_C,_6980_,CLKBUF,0,0,1,10,5,2,10,-7.441406250308091e-06,1.064,0.26600000000053114,0.00765
b20_C,_6981_,MUX2,0,1,3,0,26,1,0,-5.878906250256222e-06,2.394,0.5320000000001528,0.00765
b20_C,_6982_,MUX2,0,1,3,0,25,1,0,5.058593749884821e-06,2.394,0.5320000000001528,0.00765
b20_C,_6983_,NAND2,0,1,2,1,24,2,1,-1.0410156250362235e-05,1.33,0.5320000000001528,0.00765
b20_C,_6984_,OAI21,0,1,3,0,25,1,0,-6.328125000010232e-05,1.862,0.7980000000006839,0.00765
b20_C,_6985_,NAND2,0,1,2,1,24,2,1,-1.0410156250362235e-05,1.33,0.5320000000001528,0.00765
b20_C,_6986_,OAI21,0,1,3,0,25,1,0,-0.0002721093749999959,1.862,0.7980000000006839,0.00765
b20_C,_6987_,AND3,0,1,3,1,22,2,1,-5.937500000108287e-06,1.596,0.26600000000053114,0.00765
b20_C,_6988_,OR2,0,1,2,0,23,1,0,-2.8515625001279687e-06,1.33,0.26600000000053114,0.00765
b20_C,_6989_,OAI211,0,1,4,1,21,2,1,-7.46093750025878e-06,2.394,1.0640000000003056,0.00765
b20_C,_6990_,OAI21,0,1,3,0,22,1,0,-2.3300781250235048e-05,1.862,0.7980000000006839,0.00765
b20_C,_6992_,MUX2,0,1,3,0,21,1,0,3.6523437498825473e-06,2.394,0.5320000000001528,0.00765
b20_C,_6991_,MUX2,0,1,3,0,21,1,0,5.058593749884821e-06,2.394,0.5320000000001528,0.00765
b20_C,_6993_,MUX2,0,1,3,0,20,1,0,5.0195312497614e-06,2.394,0.5320000000001528,0.00765
b20_C,_6994_,MUX2,0,1,3,0,19,1,0,4.3749999998343725e-06,2.394,0.5320000000001528,0.00765
b20_C,_6995_,MUX2,0,1,3,0,19,1,0,4.3554687496616395e-06,2.394,0.5320000000001528,0.00765
b20_C,_6996_,NAND2,0,0,2,1,8,2,1,-1.0742187501744382e-06,1.33,0.5320000000001528,0.00765
b20_C,_6997_,OAI21,0,1,3,0,18,1,0,-4.492187501980993e-07,1.862,0.7980000000006839,0.00765
b20_C,_6998_,NAND2,0,0,2,1,7,2,1,0.0,1.33,0.5320000000001528,0.00765
b20_C,_6999_,AOI21,0,1,3,1,16,2,1,-3.5039062500352713e-05,1.862,0.7980000000006839,0.00765
b20_C,_7000_,OAI21,0,1,3,0,17,1,0,-3.574218750079794e-06,1.862,0.7980000000006839,0.00765
b20_C,_7001_,MUX2,0,1,3,1,16,2,1,-1.3066406250095142e-05,2.394,0.5320000000001528,0.00765
b20_C,_7002_,MUX2,0,1,3,0,17,1,0,9.96093749705551e-07,2.394,0.5320000000001528,0.00765
b20_C,_7003_,NAND2,0,0,2,1,7,2,1,-1.1523437501992362e-06,1.33,0.5320000000001528,0.00765
b20_C,_7004_,AOI21,0,1,3,1,15,2,1,-2.318359375008683e-05,1.862,0.7980000000006839,0.00765
b20_C,_7005_,OAI21,0,1,3,0,16,1,0,-1.2265625000118519e-05,1.862,0.7980000000006839,0.00765
b20_C,_7006_,AOI21,0,1,3,1,14,2,1,-3.6679687500207336e-05,1.862,0.7980000000006839,0.00765
b20_C,_7007_,MUX2,0,1,3,0,15,1,0,3.2617187497585576e-06,2.394,0.5320000000001528,0.00765
b20_C,_7008_,AOI21,0,1,3,1,14,2,1,-3.6679687500207336e-05,1.862,0.7980000000006839,0.00765
b20_C,_7009_,MUX2,0,1,3,0,15,1,0,2.773437499881126e-06,2.394,0.5320000000001528,0.00765
b20_C,_7010_,NAND2,0,0,2,1,6,2,1,-1.0742187503964828e-06,1.33,0.5320000000001528,0.00765
b20_C,_7011_,OAI21,0,1,3,0,14,1,0,-1.0839843750165556e-05,1.862,0.7980000000006839,0.00765
b20_C,_7012_,MUX2,0,1,3,0,13,1,0,4.589843749958078e-06,2.394,0.5320000000001528,0.00765
b20_C,_7013_,MUX2,0,1,3,0,13,1,0,4.472656249809859e-06,2.394,0.5320000000001528,0.00765
b20_C,_7014_,NAND2,0,0,2,1,6,2,1,-1.464843750298428e-06,1.33,0.5320000000001528,0.00765
b20_C,_7015_,OAI21,0,1,3,1,11,2,1,-8.69140625026077e-06,1.862,0.7980000000006839,0.00765
b20_C,_7016_,OAI21,0,1,3,0,12,1,0,-4.472656250253948e-06,1.862,0.7980000000006839,0.00765
b20_C,_7017_,AOI21,0,1,3,1,12,2,1,-2.7675781250291465e-05,1.862,0.7980000000006839,0.00765
b20_C,_7018_,MUX2,0,1,3,0,13,1,0,2.1289062497320543e-06,2.394,0.5320000000001528,0.00765
b20_C,_7019_,AOI21,0,1,3,1,12,2,1,-2.464843750016321e-05,1.862,0.7980000000006839,0.00765
b20_C,_7020_,MUX2,0,1,3,0,13,1,0,3.4960937498329514e-06,2.394,0.5320000000001528,0.00765
b20_C,_7021_,MUX2,0,1,3,0,10,1,0,1.582031250002558e-06,2.394,0.5320000000001528,0.00765
b20_C,_7022_,MUX2,0,1,3,0,9,1,0,9.960937499275957e-07,2.394,0.5320000000001528,0.00765
b20_C,_7023_,MUX2,0,1,3,0,9,1,0,1.6796874997559996e-06,2.394,0.5320000000001528,0.00765
b20_C,_7024_,MUX2,0,1,3,0,8,1,0,4.394531249785061e-06,2.394,0.5320000000001528,0.00765
b20_C,_7025_,MUX2,0,1,3,0,7,1,0,-3.4453125000055707e-05,2.394,0.5320000000001528,0.00765
b20_C,_7026_,XNOR2,0,0,2,2,31,5,8,-7.482421875026901e-05,2.66,1.0640000000003056,0.00765
b20_C,_7028_,NAND2,0,0,2,1,29,6,9,-7.851562500160725e-06,1.33,0.5320000000001528,0.00765
b20_C,_7027_,OAI222,0,0,6,1,32,3,2,-1.6113281250174083e-05,3.724,1.595999999999549,0.00765
b20_C,_7029_,NOR2,0,0,2,1,29,6,9,-7.324218750159872e-06,1.33,0.5320000000001528,0.00765
b20_C,_7030_,OAI21,0,3,3,1,35,5,8,4.179687499661355e-06,1.862,0.7980000000006839,0.00765
b20_C,_7031_,XNOR2,0,3,2,3,36,4,7,-5.271484375013458e-05,2.66,1.0640000000003056,0.00765
b20_C,_7032_,AOI221,0,1,5,1,37,2,1,-1.2382812500266738e-05,2.926,1.3299999999999272,0.00765
b20_C,_7033_,OAI22,0,0,4,1,22,4,5,-1.3496093750342553e-05,2.394,1.0640000000003056,0.00765
b20_C,_7034_,XOR2,0,0,2,1,34,4,5,-1.2773437500168683e-05,2.394,0.7979999999997744,0.00765
b20_C,_7035_,AOI221,0,2,5,2,37,3,4,3.623046875000924e-05,2.926,1.3299999999999272,0.00765
b20_C,_7037_,AND3,0,0,3,1,12,2,1,-0.0002190234375001321,1.596,0.26600000000053114,0.00765
b20_C,_7036_,OAI21,0,1,3,0,38,1,0,-7.5468749999974e-05,1.862,0.7980000000006839,0.00765
b20_C,_7038_,INV,0,0,1,1,1,2,1,0.0,0.798,0.26599999999962165,0.00765
b20_C,_7039_,AOI21,0,1,3,0,14,1,0,-8.070312500008114e-05,1.862,0.7980000000006839,0.00765
b20_C,_7040_,MUX2,0,1,3,0,13,1,0,-0.0001480468750001407,2.394,0.5320000000001528,0.00765
b20_C,_7041_,AOI211,0,0,4,1,12,3,3,-2.1484375003488765e-06,2.394,1.0640000000003056,0.00765
b20_C,_7042_,OAI222,0,0,6,2,13,2,2,-0.0001881054687502548,3.724,1.595999999999549,0.00765
b20_C,_7043_,AOI21,0,2,3,1,12,6,83,-2.083984375023107e-05,1.862,0.7980000000006839,0.00765
b20_C,_7044_,NAND2,0,2,2,2,13,5,82,-2.554687500011532e-05,1.33,0.5320000000001528,0.00765
b20_C,_7045_,NOR2,0,1,2,10,14,4,40,6.724609374986201e-05,1.33,0.5320000000001528,0.00765
b20_C,_7046_,BUF,0,1,1,10,15,2,10,4.330078124992198e-05,1.064,0.26600000000053114,0.00765
b20_C,_7047_,MUX2,0,1,3,0,16,1,0,-3.4863281250130385e-05,2.394,0.5320000000001528,0.00765
b20_C,_7048_,INV,0,2,1,1,15,3,3,-1.7675781250225953e-05,0.798,0.26599999999962165,0.00765
b20_C,_7050_,CLKBUF,0,0,1,10,9,5,80,0.0,1.064,0.26600000000053114,0.00765
b20_C,_7049_,NOR2,0,0,2,2,8,6,85,0.0,1.33,0.5320000000001528,0.00765
b20_C,_7051_,CLKBUF,0,0,1,10,10,4,40,0.0,1.064,0.26600000000053114,0.00765
b20_C,_7052_,NOR2,0,0,2,8,10,5,68,0.0,1.33,0.5320000000001528,0.00765
b20_C,_7053_,AOI22,0,0,4,1,13,3,3,-0.0003041210937504424,2.394,1.0640000000003056,0.00765
b20_C,_7054_,BUF,0,0,1,10,11,5,40,1.1093749999968594e-05,1.064,0.26600000000053114,0.00765
b20_C,_7056_,MUX2,0,1,3,0,17,1,0,-4.2578125001302425e-06,2.394,0.5320000000001528,0.00765
b20_C,_7055_,OAI211,0,2,4,2,16,2,2,-1.402343750012136e-05,2.394,1.0640000000003056,0.00765
b20_C,_7057_,AOI22,0,0,4,1,14,3,3,0.0,2.394,1.0640000000003056,0.00765
b20_C,_7058_,OAI211,0,2,4,2,16,2,2,-5.089843750027967e-05,2.394,1.0640000000003056,0.00765
b20_C,_7059_,MUX2,0,1,3,0,17,1,0,-4.765625000180407e-06,2.394,0.5320000000001528,0.00765
b20_C,_7061_,CLKBUF,0,0,1,10,11,4,37,0.0,1.064,0.26600000000053114,0.00765
b20_C,_7060_,NOR2,0,0,2,1,13,4,4,-2.148437500126832e-06,1.33,0.5320000000001528,0.00765
b20_C,_7062_,AOI21,0,0,3,1,15,3,3,0.0,1.862,0.7980000000006839,0.00765
b20_C,_7063_,OAI211,0,2,4,2,16,2,2,-7.205078125016584e-05,2.394,1.0640000000003056,0.00765
b20_C,_7064_,MUX2,0,1,3,0,17,1,0,-5.957031250058975e-06,2.394,0.5320000000001528,0.00765
b20_C,_7065_,NAND2,0,0,2,1,12,4,4,-8.3398437502602e-06,1.33,0.5320000000001528,0.00765
b20_C,_7066_,AOI22,0,0,4,1,15,4,4,-5.859375029615421e-08,2.394,1.0640000000003056,0.00765
b20_C,_7067_,OAI211,0,0,4,1,16,3,3,-1.8750000001510614e-06,2.394,1.0640000000003056,0.00765
b20_C,_7068_,OR2,0,2,2,2,17,2,2,1.0039062499966889e-05,1.33,0.26600000000053114,0.00765
b20_C,_7069_,MUX2,0,1,3,0,18,1,0,-1.7382812500521538e-06,2.394,0.5320000000001528,0.00765
b20_C,_7070_,OAI222,0,0,6,1,15,4,4,-6.763671875020805e-05,3.724,1.595999999999549,0.00765
b20_C,_7071_,AOI21,0,0,3,1,16,3,3,0.0,1.862,0.7980000000006839,0.00765
b20_C,_7072_,NAND2,0,2,2,2,17,2,2,-5.2460937500109495e-05,1.33,0.5320000000001528,0.00765
b20_C,_7073_,MUX2,0,1,3,0,18,1,0,-5.976562500009663e-06,2.394,0.5320000000001528,0.00765
b20_C,_7074_,AOI22,0,0,4,1,16,3,3,0.0,2.394,1.0640000000003056,0.00765
b20_C,_7075_,NAND2,0,0,2,3,10,5,40,-1.035156250051017e-06,1.33,0.5320000000001528,0.00765
b20_C,_7076_,BUF,0,0,1,10,11,4,31,0.0,1.064,0.26600000000053114,0.00765
b20_C,_7077_,OAI211,0,2,4,2,19,2,2,-0.00011519531250003823,2.394,1.0640000000003056,0.00765
b20_C,_7078_,MUX2,0,1,3,0,20,1,0,-4.6679687502049205e-06,2.394,0.5320000000001528,0.00765
b20_C,_7079_,AOI222,0,0,6,1,17,3,3,-9.101562500113403e-06,3.724,1.595999999999549,0.00765
b20_C,_7080_,OAI211,0,2,4,2,21,2,2,-2.310546875006203e-05,2.394,1.0640000000003056,0.00765
b20_C,_7081_,MUX2,0,1,3,0,22,1,0,-4.199218750056133e-06,2.394,0.5320000000001528,0.00765
b20_C,_7082_,AOI22,0,0,4,1,18,3,3,-8.63281250018666e-06,2.394,1.0640000000003056,0.00765
b20_C,_7083_,AOI22,0,0,4,1,18,3,3,-2.1894531250232774e-05,2.394,1.0640000000003056,0.00765
b20_C,_7084_,NAND3,0,2,3,2,19,2,2,-5.367187500038284e-05,1.862,0.7980000000006839,0.00765
b20_C,_7085_,MUX2,0,1,3,0,20,1,0,-8.183593750210605e-06,2.394,0.5320000000001528,0.00765
b20_C,_7086_,NOR2,0,0,2,1,19,4,4,-2.148437500126832e-06,1.33,0.5320000000001528,0.00765
b20_C,_7087_,AOI21,0,0,3,1,20,3,3,-1.7578125000028422e-06,1.862,0.7980000000006839,0.00765
b20_C,_7088_,OAI211,0,2,4,2,21,2,2,-0.00011892578125016762,2.394,1.0640000000003056,0.00765
b20_C,_7089_,MUX2,0,1,3,0,22,1,0,-4.687500000155609e-06,2.394,0.5320000000001528,0.00765
b20_C,_7090_,NAND2,0,0,2,1,19,3,3,-3.8593750000259774e-05,1.33,0.5320000000001528,0.00765
b20_C,_7091_,AOI21,0,0,3,1,15,3,3,0.0,1.862,0.7980000000006839,0.00765
b20_C,_7092_,NAND4,0,2,4,2,21,2,2,-4.0039062500163425e-05,2.394,1.0640000000003056,0.00765
b20_C,_7093_,CLKBUF,0,0,1,10,15,2,10,-6.445312500158451e-06,1.064,0.26600000000053114,0.00765
b20_C,_7094_,MUX2,0,1,3,0,22,1,0,-4.00390625010516e-06,2.394,0.5320000000001528,0.00765
b20_C,_7095_,NAND2,0,0,2,1,20,4,4,-2.214843750003581e-05,1.33,0.5320000000001528,0.00765
b20_C,_7096_,OAI221,0,0,5,1,21,3,3,-5.585937500107718e-06,2.926,1.3299999999999272,0.00765
b20_C,_7097_,OR2,0,2,2,2,22,2,2,8.164062499815827e-06,1.33,0.26600000000053114,0.00765
b20_C,_7098_,MUX2,0,1,3,0,23,1,0,1.6796874997559996e-06,2.394,0.5320000000001528,0.00765
b20_C,_7099_,INV,0,0,1,1,22,4,4,0.0,0.798,0.26599999999962165,0.00765
b20_C,_7100_,AOI221,0,0,5,1,23,3,3,-8.554687500161862e-06,2.926,1.3299999999999272,0.00765
b20_C,_7101_,OAI211,0,2,4,2,24,2,2,-0.0001199414062500459,2.394,1.0640000000003056,0.00765
b20_C,_7102_,MUX2,0,1,3,0,25,1,0,-9.570312502482636e-07,2.394,0.5320000000001528,0.00765
b20_C,_7103_,CLKBUF,0,0,1,10,15,3,10,-6.445312500158451e-06,1.064,0.26600000000053114,0.00765
b20_C,_7104_,NOR2,0,0,2,1,16,2,1,0.0,1.33,0.5320000000001528,0.00765
b20_C,_7105_,AOI22,0,0,4,1,18,4,4,-1.0585937500140474e-05,2.394,1.0640000000003056,0.00765
b20_C,_7106_,OAI21,0,0,3,1,21,3,3,-2.4218750001026024e-06,1.862,0.7980000000006839,0.00765
b20_C,_7107_,AOI211,0,2,4,2,23,2,2,-9.726562500089742e-06,2.394,1.0640000000003056,0.00765
b20_C,_7108_,AOI21,0,1,3,0,24,1,0,-4.138671875009159e-05,1.862,0.7980000000006839,0.00765
b20_C,_7109_,NOR2,0,0,2,1,16,2,1,0.0,1.33,0.5320000000001528,0.00765
b20_C,_7110_,AOI222,0,0,6,1,22,4,4,-1.04687500002143e-05,3.724,1.595999999999549,0.00765
b20_C,_7112_,NOR2,0,2,2,2,24,2,2,-2.7343750000241585e-05,1.33,0.5320000000001528,0.00765
b20_C,_7111_,OAI21,0,0,3,1,23,3,3,-2.650390625014154e-05,1.862,0.7980000000006839,0.00765
b20_C,_7113_,AOI21,0,1,3,0,25,1,0,-1.164062500014218e-05,1.862,0.7980000000006839,0.00765
b20_C,_7114_,AOI21,0,0,3,1,23,3,3,0.0,1.862,0.7980000000006839,0.00765
b20_C,_7115_,OAI211,0,2,4,2,25,2,2,-0.00010996093750015312,2.394,1.0640000000003056,0.00765
b20_C,_7116_,MUX2,0,1,3,0,26,1,0,-1.2695312501254108e-06,2.394,0.5320000000001528,0.00765
b20_C,_7117_,INV,0,2,1,1,25,3,3,-1.679687500022453e-05,0.798,0.26599999999962165,0.00765
b20_C,_7118_,AOI22,0,0,4,1,23,3,3,-3.740234375015916e-05,2.394,1.0640000000003056,0.00765
b20_C,_7119_,NAND4,0,2,4,2,26,2,2,-1.0507812500115676e-05,2.394,1.0640000000003056,0.00765
b20_C,_7120_,MUX2,0,1,3,0,27,1,0,-3.4765625001043077e-06,2.394,0.5320000000001528,0.00765
b20_C,_7121_,NOR2,0,0,2,1,16,2,1,0.0,1.33,0.5320000000001528,0.00765
b20_C,_7123_,AOI211,0,2,4,2,25,2,2,3.017578124975273e-05,2.394,1.0640000000003056,0.00765
b20_C,_7122_,OAI211,0,0,4,1,24,3,3,-4.3593750000070486e-05,2.394,1.0640000000003056,0.00765
b20_C,_7124_,AOI21,0,1,3,0,26,1,0,-4.140625000026432e-05,1.862,0.7980000000006839,0.00765
b20_C,_7125_,OAI222,0,0,6,1,24,4,4,-1.4980468750369624e-05,3.724,1.595999999999549,0.00765
b20_C,_7126_,AOI21,0,0,3,1,25,3,3,-2.384765625018659e-05,1.862,0.7980000000006839,0.00765
b20_C,_7127_,NAND2,0,2,2,2,26,2,2,-5.6679687500116316e-05,1.33,0.5320000000001528,0.00765
b20_C,_7128_,MUX2,0,1,3,0,27,1,0,-2.480468750176712e-06,2.394,0.5320000000001528,0.00765
b20_C,_7129_,AOI222,0,0,6,1,25,3,3,-9.746093750262474e-06,3.724,1.595999999999549,0.00765
b20_C,_7130_,OAI211,0,2,4,2,28,2,2,-0.00011964843750011944,2.394,1.0640000000003056,0.00765
b20_C,_7131_,MUX2,0,1,3,0,29,1,0,-1.2304687500019895e-06,2.394,0.5320000000001528,0.00765
b20_C,_7132_,NOR2,0,0,2,1,16,2,1,0.0,1.33,0.5320000000001528,0.00765
b20_C,_7134_,OAI21,0,0,3,1,26,3,3,-2.4218750001026024e-06,1.862,0.7980000000006839,0.00765
b20_C,_7133_,NAND2,0,0,2,1,18,4,4,-8.554687500161862e-06,1.33,0.5320000000001528,0.00765
b20_C,_7135_,OAI22,0,0,4,1,27,3,3,-3.9687500000162856e-05,2.394,1.0640000000003056,0.00765
b20_C,_7137_,AOI21,0,1,3,0,29,1,0,-1.8906250000227942e-05,1.862,0.7980000000006839,0.00765
b20_C,_7136_,NOR3,0,2,3,2,28,2,2,-3.207031250029857e-05,1.862,0.7980000000006839,0.00765
b20_C,_7138_,AOI22,0,0,4,1,22,3,3,-1.1152343750264748e-05,2.394,1.0640000000003056,0.00765
b20_C,_7139_,OR2,0,0,2,1,28,3,3,-2.7441406249995026e-05,1.33,0.26600000000053114,0.00765
b20_C,_7140_,NAND4,0,2,4,2,30,2,2,-6.238281250015021e-05,2.394,1.0640000000003056,0.00765
b20_C,_7141_,MUX2,0,1,3,0,31,1,0,-6.132812500059259e-06,2.394,0.5320000000001528,0.00765
b20_C,_7142_,OAI222,0,0,6,1,27,4,4,-9.316406250459153e-06,3.724,1.595999999999549,0.00765
b20_C,_7143_,AOI21,0,0,3,1,28,3,3,-3.486328125035243e-05,1.862,0.7980000000006839,0.00765
b20_C,_7145_,MUX2,0,1,3,0,30,1,0,-2.0898437500527223e-06,2.394,0.5320000000001528,0.00765
b20_C,_7144_,NAND2,0,2,2,2,29,2,2,-5.712890625009237e-05,1.33,0.5320000000001528,0.00765
b20_C,_7146_,NOR2,0,0,2,1,28,4,4,0.0,1.33,0.5320000000001528,0.00765
b20_C,_7147_,AOI221,0,0,5,1,29,3,3,-8.828125000137632e-06,2.926,1.3299999999999272,0.00765
b20_C,_7148_,OAI211,0,2,4,2,32,2,2,-0.00011787109375016591,2.394,1.0640000000003056,0.00765
b20_C,_7149_,MUX2,0,1,3,0,33,1,0,-1.2499999999526779e-06,2.394,0.5320000000001528,0.00765
b20_C,_7150_,NOR2,0,0,2,1,28,4,4,0.0,1.33,0.5320000000001528,0.00765
b20_C,_7151_,AOI221,0,0,5,1,29,3,3,-8.769531250285567e-06,2.926,1.3299999999999272,0.00765
b20_C,_7152_,OAI211,0,2,4,2,34,2,2,-0.00010896484375022553,2.394,1.0640000000003056,0.00765
b20_C,_7153_,MUX2,0,1,3,0,35,1,0,-1.0234375000139906e-05,2.394,0.5320000000001528,0.00765
b20_C,_7154_,AOI22,0,0,4,1,25,3,3,-1.0878906250066933e-05,2.394,1.0640000000003056,0.00765
b20_C,_7155_,AOI22,0,0,4,1,33,3,3,-2.67187500000432e-05,2.394,1.0640000000003056,0.00765
b20_C,_7156_,NAND3,0,2,3,2,34,2,2,-5.410156250018616e-05,1.862,0.7980000000006839,0.00765
b20_C,_7157_,MUX2,0,1,3,0,35,1,0,-1.1367187500166409e-05,2.394,0.5320000000001528,0.00765
b20_C,_7158_,NOR2,0,0,2,1,30,4,4,0.0,1.33,0.5320000000001528,0.00765
b20_C,_7159_,AOI221,0,0,5,1,31,3,3,-8.613281250013927e-06,2.926,1.3299999999999272,0.00765
b20_C,_7160_,OAI211,0,2,4,2,36,2,2,-0.00011974609375009493,2.394,1.0640000000003056,0.00765
b20_C,_7161_,MUX2,0,1,3,0,37,1,0,-8.476562500137064e-06,2.394,0.5320000000001528,0.00765
b20_C,_7162_,NOR2,0,0,2,1,16,2,1,0.0,1.33,0.5320000000001528,0.00765
b20_C,_7163_,OAI222,0,0,6,1,31,3,3,-1.0937500000363087e-05,3.724,1.595999999999549,0.00765
b20_C,_7165_,AOI21,0,1,3,0,38,1,0,-4.140625000026432e-05,1.862,0.7980000000006839,0.00765
b20_C,_7164_,AOI211,0,2,4,2,37,2,2,1.21484374999703e-05,2.394,1.0640000000003056,0.00765
b20_C,_7166_,AND2,0,0,2,1,36,3,3,-9.843750000015916e-06,1.33,0.26600000000053114,0.00765
b20_C,_7167_,OAI222,0,0,6,1,31,3,3,-8.00781250021032e-06,3.724,1.595999999999549,0.00765
b20_C,_7168_,OR3,0,2,3,2,38,2,2,2.115234374988617e-05,1.596,0.26600000000053114,0.00765
b20_C,_7169_,MUX2,0,1,3,0,39,1,0,-6.757812500257643e-06,2.394,0.5320000000001528,0.00765
b20_C,_7170_,NOR2,0,0,2,1,32,4,4,-2.148437500126832e-06,1.33,0.5320000000001528,0.00765
b20_C,_7171_,AOI21,0,0,3,1,37,3,3,-2.5742187500288338e-05,1.862,0.7980000000006839,0.00765
b20_C,_7172_,OAI211,0,2,4,2,38,2,2,-5.8085937500340634e-05,2.394,1.0640000000003056,0.00765
b20_C,_7173_,MUX2,0,1,3,0,39,1,0,-9.765625000213163e-06,2.394,0.5320000000001528,0.00765
b20_C,_7174_,OAI221,0,2,5,2,33,2,2,-2.8027343750292033e-05,2.926,1.3299999999999272,0.00765
b20_C,_7176_,NAND2,0,2,2,1,33,3,3,-2.013671875022993e-05,1.33,0.5320000000001528,0.00765
b20_C,_7175_,MUX2,0,1,3,0,34,1,0,-8.63281250018666e-06,2.394,0.5320000000001528,0.00765
b20_C,_7177_,NAND2,0,0,2,1,31,3,3,-4.00390625010516e-06,1.33,0.5320000000001528,0.00765
b20_C,_7178_,NAND3,0,2,3,2,34,2,2,-8.945312500063807e-06,1.862,0.7980000000006839,0.00765
b20_C,_7179_,MUX2,0,1,3,0,35,1,0,-7.871093750111413e-06,2.394,0.5320000000001528,0.00765
b20_C,_7180_,NOR2,0,1,2,10,14,4,40,6.722656249991132e-05,1.33,0.5320000000001528,0.00765
b20_C,_7181_,BUF,0,1,1,10,15,2,10,4.330078124992198e-05,1.064,0.26600000000053114,0.00765
b20_C,_7182_,MUX2,0,1,3,0,16,1,0,-3.4863281250130385e-05,2.394,0.5320000000001528,0.00765
b20_C,_7183_,MUX2,0,1,3,0,17,1,0,-4.2578125001302425e-06,2.394,0.5320000000001528,0.00765
b20_C,_7184_,MUX2,0,1,3,0,17,1,0,-4.765625000180407e-06,2.394,0.5320000000001528,0.00765
b20_C,_7185_,MUX2,0,1,3,0,17,1,0,-5.957031250058975e-06,2.394,0.5320000000001528,0.00765
b20_C,_7186_,MUX2,0,1,3,0,18,1,0,-1.7382812500521538e-06,2.394,0.5320000000001528,0.00765
b20_C,_7187_,MUX2,0,1,3,0,18,1,0,-5.976562500009663e-06,2.394,0.5320000000001528,0.00765
b20_C,_7188_,MUX2,0,1,3,0,20,1,0,-4.6679687502049205e-06,2.394,0.5320000000001528,0.00765
b20_C,_7189_,MUX2,0,1,3,0,22,1,0,-4.199218750056133e-06,2.394,0.5320000000001528,0.00765
b20_C,_7190_,MUX2,0,1,3,0,20,1,0,-8.183593750210605e-06,2.394,0.5320000000001528,0.00765
b20_C,_7191_,MUX2,0,1,3,0,22,1,0,-4.687500000155609e-06,2.394,0.5320000000001528,0.00765
b20_C,_7192_,CLKBUF,0,0,1,10,15,2,10,-6.445312500158451e-06,1.064,0.26600000000053114,0.00765
b20_C,_7193_,MUX2,0,1,3,0,22,1,0,-4.00390625010516e-06,2.394,0.5320000000001528,0.00765
b20_C,_7194_,MUX2,0,1,3,0,23,1,0,1.6796874997559996e-06,2.394,0.5320000000001528,0.00765
b20_C,_7195_,MUX2,0,1,3,0,25,1,0,-9.570312502482636e-07,2.394,0.5320000000001528,0.00765
b20_C,_7196_,CLKBUF,0,0,1,10,15,3,10,-6.445312500158451e-06,1.064,0.26600000000053114,0.00765
b20_C,_7197_,NOR2,0,0,2,1,16,2,1,0.0,1.33,0.5320000000001528,0.00765
b20_C,_7198_,AOI21,0,1,3,0,24,1,0,-5.2070312499985505e-05,1.862,0.7980000000006839,0.00765
b20_C,_7200_,AOI21,0,1,3,0,25,1,0,-1.4531250000171525e-05,1.862,0.7980000000006839,0.00765
b20_C,_7199_,NOR2,0,0,2,1,16,2,1,0.0,1.33,0.5320000000001528,0.00765
b20_C,_7201_,MUX2,0,1,3,0,26,1,0,-1.2695312501254108e-06,2.394,0.5320000000001528,0.00765
b20_C,_7202_,MUX2,0,1,3,0,27,1,0,-3.4765625001043077e-06,2.394,0.5320000000001528,0.00765
b20_C,_7203_,NOR2,0,0,2,1,16,2,1,0.0,1.33,0.5320000000001528,0.00765
b20_C,_7204_,AOI21,0,1,3,0,26,1,0,-5.207031250020755e-05,1.862,0.7980000000006839,0.00765
b20_C,_7205_,MUX2,0,1,3,0,27,1,0,-2.480468750176712e-06,2.394,0.5320000000001528,0.00765
b20_C,_7206_,MUX2,0,1,3,0,29,1,0,-1.2304687500019895e-06,2.394,0.5320000000001528,0.00765
b20_C,_7207_,NOR2,0,0,2,1,16,2,1,0.0,1.33,0.5320000000001528,0.00765
b20_C,_7208_,AOI21,0,1,3,0,29,1,0,-2.9550781249998437e-05,1.862,0.7980000000006839,0.00765
b20_C,_7209_,MUX2,0,1,3,0,31,1,0,-6.132812500059259e-06,2.394,0.5320000000001528,0.00765
b20_C,_7211_,MUX2,0,1,3,0,33,1,0,-1.2499999999526779e-06,2.394,0.5320000000001528,0.00765
b20_C,_7210_,MUX2,0,1,3,0,30,1,0,-2.0898437500527223e-06,2.394,0.5320000000001528,0.00765
b20_C,_7212_,MUX2,0,1,3,0,35,1,0,-1.0234375000139906e-05,2.394,0.5320000000001528,0.00765
b20_C,_7213_,MUX2,0,1,3,0,35,1,0,-1.1367187500166409e-05,2.394,0.5320000000001528,0.00765
b20_C,_7214_,MUX2,0,1,3,0,37,1,0,-8.476562500137064e-06,2.394,0.5320000000001528,0.00765
b20_C,_7215_,NOR2,0,0,2,1,16,2,1,0.0,1.33,0.5320000000001528,0.00765
b20_C,_7216_,AOI21,0,1,3,0,38,1,0,-5.2070312499985505e-05,1.862,0.7980000000006839,0.00765
b20_C,_7217_,MUX2,0,1,3,0,39,1,0,-6.757812500257643e-06,2.394,0.5320000000001528,0.00765
b20_C,_7218_,MUX2,0,1,3,0,39,1,0,-9.765625000213163e-06,2.394,0.5320000000001528,0.00765
b20_C,_7219_,MUX2,0,1,3,0,34,1,0,-8.63281250018666e-06,2.394,0.5320000000001528,0.00765
b20_C,_7220_,MUX2,0,1,3,0,35,1,0,-7.871093750111413e-06,2.394,0.5320000000001528,0.00765
b20_C,_7221_,MUX2,0,1,3,0,14,1,0,-5.0722656250279385e-05,2.394,0.5320000000001528,0.00765
b20_C,_7222_,MUX2,0,1,3,0,14,1,0,-6.681640625028074e-05,2.394,0.5320000000001528,0.00765
b20_C,_7223_,MUX2,0,1,3,0,14,1,0,-4.853515625002913e-05,2.394,0.5320000000001528,0.00765
b20_C,_7224_,NOR2,0,1,2,1,14,2,1,-3.5468750000156035e-05,1.33,0.5320000000001528,0.00765
b20_C,_7225_,AOI21,0,1,3,0,15,1,0,-4.0332031250089884e-05,1.862,0.7980000000006839,0.00765
b20_C,_7226_,MUX2,0,1,3,0,14,1,0,-1.25195312501436e-05,2.394,0.5320000000001528,0.00765
b20_C,_7227_,MUX2,0,1,3,0,14,1,0,-1.25195312501436e-05,2.394,0.5320000000001528,0.00765
b20_C,_7229_,MUX2,0,1,3,0,14,1,0,4.101562499858602e-06,2.394,0.5320000000001528,0.00765
b20_C,_7228_,BUF,0,0,1,10,13,2,10,-2.460937500003979e-05,1.064,0.26600000000053114,0.00765
b20_C,_7230_,MUX2,0,1,3,0,14,1,0,4.218750000006821e-06,2.394,0.5320000000001528,0.00765
b20_C,_7231_,MUX2,0,1,3,0,14,1,0,3.9648437497596944e-06,2.394,0.5320000000001528,0.00765
b20_C,_7232_,MUX2,0,1,3,0,14,1,0,4.2968749998095745e-06,2.394,0.5320000000001528,0.00765
b20_C,_7233_,MUX2,0,1,3,0,14,1,0,5.429687499836078e-06,2.394,0.5320000000001528,0.00765
b20_C,_7234_,NOR2,0,0,2,1,14,2,1,-4.132812500001748e-05,1.33,0.5320000000001528,0.00765
b20_C,_7235_,AOI21,0,1,3,0,15,1,0,-3.593750000008278e-05,1.862,0.7980000000006839,0.00765
b20_C,_7236_,MUX2,0,1,3,0,14,1,0,4.140624999759979e-06,2.394,0.5320000000001528,0.00765
b20_C,_7237_,MUX2,0,1,3,0,14,1,0,4.68749999971152e-06,2.394,0.5320000000001528,0.00765
b20_C,_7238_,MUX2,0,1,3,0,14,1,0,4.57031250000739e-06,2.394,0.5320000000001528,0.00765
b20_C,_7239_,MUX2,0,1,3,0,14,1,0,4.199218749834088e-06,2.394,0.5320000000001528,0.00765
b20_C,_7240_,MUX2,0,1,3,0,14,1,0,4.570312499785345e-06,2.394,0.5320000000001528,0.00765
b20_C,_7241_,BUF,0,0,1,10,13,2,10,-2.460937500003979e-05,1.064,0.26600000000053114,0.00765
b20_C,_7242_,MUX2,0,1,3,0,14,1,0,4.609374999908766e-06,2.394,0.5320000000001528,0.00765
b20_C,_7244_,NAND2,0,0,2,1,12,2,1,-4.667968750027285e-05,1.33,0.5320000000001528,0.00765
b20_C,_7243_,MUX2,0,1,3,0,15,1,0,4.628906249859455e-06,2.394,0.5320000000001528,0.00765
b20_C,_7245_,OAI21,0,1,3,0,15,1,0,-3.4902343750253806e-05,1.862,0.7980000000006839,0.00765
b20_C,_7246_,MUX2,0,1,3,0,15,1,0,5.195312499761684e-06,2.394,0.5320000000001528,0.00765
b20_C,_7247_,MUX2,0,1,3,0,18,1,0,4.589843749958078e-06,2.394,0.5320000000001528,0.00765
b20_C,_7248_,MUX2,0,1,3,0,17,1,0,4.804687499859739e-06,2.394,0.5320000000001528,0.00765
b20_C,_7249_,NAND2,0,0,2,1,12,2,1,-4.667968750027285e-05,1.33,0.5320000000001528,0.00765
b20_C,_7250_,OAI21,0,1,3,0,19,1,0,-3.498046875005656e-05,1.862,0.7980000000006839,0.00765
b20_C,_7251_,MUX2,0,1,3,0,19,1,0,4.4531249998591704e-06,2.394,0.5320000000001528,0.00765
b20_C,_7252_,MUX2,0,1,3,0,18,1,0,4.667968749760831e-06,2.394,0.5320000000001528,0.00765
b20_C,_7253_,MUX2,0,1,3,0,19,1,0,4.804687499859739e-06,2.394,0.5320000000001528,0.00765
b20_C,_7255_,NAND2,0,0,2,1,12,2,1,-4.667968750027285e-05,1.33,0.5320000000001528,0.00765
b20_C,_7254_,MUX2,0,1,3,0,21,1,0,4.667968749760831e-06,2.394,0.5320000000001528,0.00765
b20_C,_7256_,OAI21,0,1,3,0,22,1,0,-3.4804687500056275e-05,1.862,0.7980000000006839,0.00765
b20_C,_7257_,NAND2,0,0,2,1,12,2,1,-4.667968750027285e-05,1.33,0.5320000000001528,0.00765
b20_C,_7258_,OAI21,0,1,3,0,19,1,0,-3.488281250030312e-05,1.862,0.7980000000006839,0.00765
b20_C,_7259_,MUX2,0,1,3,0,14,1,0,2.34374999985576e-06,2.394,0.5320000000001528,0.00765
b20_C,_7260_,MUX2,0,1,3,0,14,1,0,-1.8515625000103952e-05,2.394,0.5320000000001528,0.00765
b20_C,_7261_,INV,0,1,1,3,1,9,260,9.35546874991644e-06,0.798,0.26599999999962165,0.00765
b20_C,_7262_,BUF,0,1,1,10,2,6,161,3.318359374970825e-05,1.064,0.26600000000053114,0.00765
b20_C,_7263_,CLKBUF,0,0,1,10,3,4,37,-3.886718750178986e-06,1.064,0.26600000000053114,0.00765
b20_C,_7264_,BUF,0,0,1,10,4,3,17,8.261718750013358e-06,1.064,0.26600000000053114,0.00765
b20_C,_7267_,INV,0,0,1,2,1,35,1892,0.0,0.798,0.26599999999962165,0.00765
b20_C,_7265_,BUF,0,0,1,10,1,32,1617,0.0,1.064,0.26600000000053114,0.00765
b20_C,_7266_,BUF,0,0,1,10,2,30,1312,0.0,1.064,0.26600000000053114,0.00765
b20_C,_7268_,INV,0,0,1,2,1,35,1883,0.0,0.798,0.26599999999962165,0.00765
b20_C,_7269_,INV,0,0,1,4,1,35,1906,0.0,0.798,0.26599999999962165,0.00765
b20_C,_7270_,INV,0,0,1,3,1,37,1982,0.0,0.798,0.26599999999962165,0.00765
b20_C,_7271_,INV,0,0,1,2,1,37,1968,0.0,0.798,0.26599999999962165,0.00765
b20_C,_7272_,INV,0,0,1,2,1,37,1966,0.0,0.798,0.26599999999962165,0.00765
b20_C,_7273_,INV,0,0,1,2,1,39,2070,0.0,0.798,0.26599999999962165,0.00765
b20_C,_7274_,INV,0,0,1,2,1,39,2059,0.0,0.798,0.26599999999962165,0.00765
b20_C,_7275_,INV,0,0,1,2,1,39,2054,0.0,0.798,0.26599999999962165,0.00765
b20_C,_7276_,OR4,1,206,4,3,1,40,2127,0.00545255859374949,1.862,0.26600000000053114,0.00765
b20_C,_7277_,NOR4,1,206,4,3,2,39,2084,0.009282148437499638,2.394,1.0640000000003056,0.00765
b20_C,_7278_,NAND4,1,206,4,3,3,38,2040,-0.0062126757812501765,2.394,1.0640000000003056,0.00765
b20_C,_7279_,NOR4,1,206,4,4,4,37,1996,0.011458359374999727,2.394,1.0640000000003056,0.00765
b20_C,_7280_,NAND4,1,206,4,3,5,36,1952,-0.006060000000000176,2.394,1.0640000000003056,0.00765
b20_C,_7281_,NOR4,1,206,4,4,6,35,1908,0.011377714843749498,2.394,1.0640000000003056,0.00765
b20_C,_7282_,NAND4,1,206,4,3,7,34,1877,-0.006687207031250253,2.394,1.0640000000003056,0.00765
b20_C,_7283_,OR2,0,9,2,2,8,32,919,-0.001366523437500211,1.33,0.26600000000053114,0.00765
b20_C,_7284_,NAND2,0,9,2,2,9,28,704,6.240234374987885e-05,1.33,0.5320000000001528,0.00765
b20_C,_7285_,XNOR2,0,0,2,4,10,27,599,-0.00011847656250019156,2.66,1.0640000000003056,0.00765
b20_C,_7286_,BUF,0,0,1,10,11,26,551,1.3671874987686294e-07,1.064,0.26600000000053114,0.00765
b20_C,_7287_,BUF,0,0,1,10,12,19,518,8.710937499767368e-06,1.064,0.26600000000053114,0.00765
b20_C,_7288_,OR4,1,197,4,5,8,33,1804,0.005419394531249733,1.862,0.26600000000053114,0.00765
b20_C,_7289_,NAND2,0,0,2,1,9,31,743,-0.0016995117187501574,1.33,0.5320000000001528,0.00765
b20_C,_7290_,XNOR2,0,0,2,5,10,30,742,1.248046875002018e-05,2.66,1.0640000000003056,0.00765
b20_C,_7291_,OAI21,0,33,3,2,9,30,745,-0.0007945312500003965,1.862,0.7980000000006839,0.00765
b20_C,_7292_,XNOR2,0,33,2,6,10,29,742,-0.00017107421875017792,2.66,1.0640000000003056,0.00765
b20_C,_7293_,OAI21,0,0,3,1,9,31,744,-8.042968750010537e-05,1.862,0.7980000000006839,0.00765
b20_C,_7294_,XNOR2,0,0,2,5,10,30,743,4.2968749980332177e-07,2.66,1.0640000000003056,0.00765
b20_C,_7295_,AND2,0,32,2,2,11,13,531,0.00018236328124987544,1.33,0.26600000000053114,0.00765
b20_C,_7296_,AOI21,0,32,3,4,13,12,436,0.00014230468749998337,1.862,0.7980000000006839,0.00765
b20_C,_7297_,INV,0,0,1,4,1,38,1904,-1.9531249950688334e-08,0.798,0.26599999999962165,0.00765
b20_C,_7298_,NOR4,0,32,4,2,9,31,1241,-0.000995136718750178,2.394,1.0640000000003056,0.00765
b20_C,_7299_,OR3,0,3,3,3,10,30,1239,-0.00056330078125022,1.596,0.26600000000053114,0.00765
b20_C,_7300_,BUF,0,0,1,10,2,37,1860,1.8886718749833165e-05,1.064,0.26600000000053114,0.00765
b20_C,_7301_,OAI21,0,29,3,3,10,30,1239,-0.0006136328125001533,1.862,0.7980000000006839,0.00765
b20_C,_7303_,NOR3,0,6,3,2,9,31,1354,-0.0016999414062501828,1.862,0.7980000000006839,0.00765
b20_C,_7302_,NAND2,0,3,2,9,11,28,724,-0.0002949609375000328,1.33,0.5320000000001528,0.00765
b20_C,_7304_,OR3,0,0,3,3,10,30,1352,-8.507812500013756e-05,1.596,0.26600000000053114,0.00765
b20_C,_7305_,OAI21,0,6,3,3,10,30,1352,-0.0001071093750002472,1.862,0.7980000000006839,0.00765
b20_C,_7306_,NAND2,0,6,2,6,11,28,835,8.945312499974989e-05,1.33,0.5320000000001528,0.00765
b20_C,_7307_,NOR2,0,3,2,2,12,27,620,-2.595703125019e-05,1.33,0.5320000000001528,0.00765
b20_C,_7308_,BUF,0,3,1,10,13,17,472,9.550781249978435e-05,1.064,0.26600000000053114,0.00765
b20_C,_7309_,NAND2,0,0,2,2,8,29,812,-0.0034768359375001445,1.33,0.5320000000001528,0.00765
b20_C,_7310_,XOR2,0,0,2,5,9,28,642,0.0,2.394,0.7979999999997744,0.00765
b20_C,_7311_,NAND2,0,0,2,2,7,31,1005,-0.008230507812500232,1.33,0.5320000000001528,0.00765
b20_C,_7312_,OAI21,0,0,3,2,8,30,989,0.0,1.862,0.7980000000006839,0.00765
b20_C,_7313_,XNOR2,0,0,2,8,9,29,832,6.835937498284039e-07,2.66,1.0640000000003056,0.00765
b20_C,_7314_,NOR2,0,0,2,10,10,27,542,-2.734375001978151e-07,1.33,0.5320000000001528,0.00765
b20_C,_7315_,BUF,0,0,1,10,11,22,488,0.0,1.064,0.26600000000053114,0.00765
b20_C,_7317_,NOR2,0,1,2,7,14,15,28,-1.830078125020229e-05,1.33,0.5320000000001528,0.00765
b20_C,_7316_,BUF,0,0,1,10,12,17,448,9.765624997548628e-07,1.064,0.26600000000053114,0.00765
b20_C,_7318_,AOI21,0,1,3,1,15,2,1,-0.0005304687500000682,1.862,0.7980000000006839,0.00765
b20_C,_7319_,BUF,0,2,1,10,14,13,361,7.619140624992582e-05,1.064,0.26600000000053114,0.00765
b20_C,_7320_,XOR2,0,9,2,10,10,26,247,0.0005536132812498096,2.394,0.7979999999997744,0.00765
b20_C,_7321_,BUF,0,9,1,10,11,19,200,0.0003280664062499383,1.064,0.26600000000053114,0.00765
b20_C,_7322_,BUF,0,9,1,10,12,16,171,0.0003577539062498136,1.064,0.26600000000053114,0.00765
b20_C,_7323_,BUF,0,9,1,10,13,12,147,0.00041062499999977575,1.064,0.26600000000053114,0.00765
b20_C,_7324_,OAI21,0,1,3,0,16,1,0,-0.00012392578125020037,1.862,0.7980000000006839,0.00765
b20_C,_7325_,CLKBUF,0,0,1,10,3,5,39,-3.925781250302407e-06,1.064,0.26600000000053114,0.00765
b20_C,_7326_,NAND2,0,0,2,1,4,4,3,0.0,1.33,0.5320000000001528,0.00765
b20_C,_7327_,NAND2,0,0,2,10,14,7,144,-0.0006384375000001441,1.33,0.5320000000001528,0.00765
b20_C,_7328_,XNOR2,0,0,2,6,9,28,685,1.9531249950688334e-08,2.66,1.0640000000003056,0.00765
b20_C,_7329_,XNOR2,0,0,2,6,9,29,874,0.0,2.66,1.0640000000003056,0.00765
b20_C,_7330_,NOR2,0,0,2,7,10,10,306,4.492187497540101e-07,1.33,0.5320000000001528,0.00765
b20_C,_7331_,AOI211,0,0,4,3,7,30,714,-0.008180468750000225,2.394,1.0640000000003056,0.00765
b20_C,_7332_,AOI21,0,0,3,3,8,30,714,0.0,1.862,0.7980000000006839,0.00765
b20_C,_7333_,OR2,0,0,2,8,9,29,666,0.0,1.33,0.26600000000053114,0.00765
b20_C,_7334_,NOR2,0,0,2,2,7,30,913,-0.007815917968750252,1.33,0.5320000000001528,0.00765
b20_C,_7335_,XNOR2,0,0,2,6,8,29,506,3.3398437500054e-06,2.66,1.0640000000003056,0.00765
b20_C,_7336_,NOR2,0,0,2,4,10,8,250,-1.308593750248832e-06,1.33,0.5320000000001528,0.00765
b20_C,_7337_,NAND2,0,0,2,8,11,7,198,-1.7578125000028422e-07,1.33,0.5320000000001528,0.00765
b20_C,_7338_,NOR2,0,0,2,6,15,6,69,0.0,1.33,0.5320000000001528,0.00765
b20_C,_7340_,NOR3,0,0,3,2,15,6,49,0.0,1.862,0.7980000000006839,0.00765
b20_C,_7341_,NOR2,0,0,2,2,11,28,539,-0.00032027343750007375,1.33,0.5320000000001528,0.00765
b20_C,_7339_,NAND2,0,0,2,5,10,10,409,-2.734375001978151e-07,1.33,0.5320000000001528,0.00765
b20_C,_7342_,XOR2,0,0,2,1,10,29,540,-0.0009180273437501274,2.394,0.7979999999997744,0.00765
b20_C,_7343_,INV,0,0,1,2,11,29,584,-3.494140625015518e-05,0.798,0.26599999999962165,0.00765
b20_C,_7344_,INV,0,0,1,2,1,30,586,0.0,0.798,0.26599999999962165,0.00765
b20_C,_7345_,XNOR2,0,0,2,2,11,29,584,-1.8164062500769518e-06,2.66,1.0640000000003056,0.00765
b20_C,_7346_,AOI211,0,0,4,2,12,28,539,0.0,2.394,1.0640000000003056,0.00765
b20_C,_7347_,NOR2,0,0,2,4,13,26,467,0.0,1.33,0.5320000000001528,0.00765
b20_C,_7348_,INV,0,0,1,3,14,11,248,0.0,0.798,0.26599999999962165,0.00765
b20_C,_7349_,NAND2,0,0,2,1,12,15,399,0.0,1.33,0.5320000000001528,0.00765
b20_C,_7350_,NAND2,0,1,2,4,13,14,398,-0.00025906250000007347,1.33,0.5320000000001528,0.00765
b20_C,_7351_,NOR4,0,0,4,1,1,14,360,0.0,2.394,1.0640000000003056,0.00765
b20_C,_7353_,NOR4,0,0,4,1,1,14,360,0.0,2.394,1.0640000000003056,0.00765
b20_C,_7352_,NOR4,0,0,4,1,1,14,360,0.0,2.394,1.0640000000003056,0.00765
b20_C,_7354_,NOR4,0,0,4,1,1,14,360,0.0,2.394,1.0640000000003056,0.00765
b20_C,_7355_,NAND4,0,0,4,1,2,13,359,0.0,2.394,1.0640000000003056,0.00765
b20_C,_7356_,NOR2,0,0,2,1,1,14,360,0.0,1.33,0.5320000000001528,0.00765
b20_C,_7357_,NOR4,0,0,4,1,1,14,360,0.0,2.394,1.0640000000003056,0.00765
b20_C,_7358_,NOR4,0,0,4,1,1,14,360,0.0,2.394,1.0640000000003056,0.00765
b20_C,_7359_,NOR4,0,0,4,1,1,14,360,0.0,2.394,1.0640000000003056,0.00765
b20_C,_7360_,NAND4,0,0,4,1,2,13,359,0.0,2.394,1.0640000000003056,0.00765
b20_C,_7361_,NOR2,0,0,2,1,3,12,358,0.0,1.33,0.5320000000001528,0.00765
b20_C,_7362_,NOR2,0,0,2,4,14,11,357,-9.80468750011454e-06,1.33,0.5320000000001528,0.00765
b20_C,_7363_,NOR2,0,0,2,2,11,13,360,-0.00036892578125002906,1.33,0.5320000000001528,0.00765
b20_C,_7365_,NOR2,0,1,2,3,15,12,358,-1.1875000000216573e-05,1.33,0.5320000000001528,0.00765
b20_C,_7364_,NOR2,0,1,2,1,14,13,359,-4.101562500080647e-06,1.33,0.5320000000001528,0.00765
b20_C,_7366_,INV,0,1,1,2,16,11,328,5.117187499958931e-06,0.798,0.26599999999962165,0.00765
b20_C,_7367_,NOR3,0,0,3,2,17,7,80,-1.3105468750218563e-05,1.862,0.7980000000006839,0.00765
b20_C,_7368_,AOI21,0,0,3,5,18,5,32,0.0,1.862,0.7980000000006839,0.00765
b20_C,_7369_,CLKBUF,0,0,1,10,19,4,19,0.0,1.064,0.26600000000053114,0.00765
b20_C,_7370_,NAND4,0,29,4,4,11,29,1086,4.140624999982023e-05,2.394,1.0640000000003056,0.00765
b20_C,_7371_,BUF,0,29,1,10,12,28,1049,0.0011511523437497395,1.064,0.26600000000053114,0.00765
b20_C,_7372_,BUF,0,29,1,10,13,27,970,0.0011879882812499964,1.064,0.26600000000053114,0.00765
b20_C,_7373_,NOR2,0,0,2,1,3,27,565,-0.007894316406250379,1.33,0.5320000000001528,0.00765
b20_C,_7374_,XNOR2,0,0,2,3,4,26,564,0.0,2.66,1.0640000000003056,0.00765
b20_C,_7375_,NOR2,0,0,2,1,14,24,407,-0.00024822265625012996,1.33,0.5320000000001528,0.00765
b20_C,_7376_,MUX2,0,1,3,2,11,24,409,7.4609374998146905e-06,2.394,0.5320000000001528,0.00765
b20_C,_7377_,AOI21,0,0,3,10,15,23,406,-0.0002780273437501535,1.862,0.7980000000006839,0.00765
b20_C,_7378_,OAI21,0,0,3,1,20,3,2,-2.1679687500775202e-06,1.862,0.7980000000006839,0.00765
b20_C,_7379_,INV,0,0,1,3,1,31,974,0.0,0.798,0.26599999999962165,0.00765
b20_C,_7380_,NOR3,0,0,3,2,1,31,974,0.0,1.862,0.7980000000006839,0.00765
b20_C,_7381_,NAND2,0,0,2,2,2,30,932,0.0,1.33,0.5320000000001528,0.00765
b20_C,_7382_,XOR2,0,0,2,3,3,25,418,0.0,2.394,0.7979999999997744,0.00765
b20_C,_7383_,NAND2,0,0,2,4,10,27,553,-2.734375001978151e-07,1.33,0.5320000000001528,0.00765
b20_C,_7384_,BUF,0,0,1,10,11,21,495,0.0,1.064,0.26600000000053114,0.00765
b20_C,_7385_,BUF,0,0,1,10,12,16,455,0.0,1.064,0.26600000000053114,0.00765
b20_C,_7386_,BUF,0,0,1,10,13,10,422,0.0,1.064,0.26600000000053114,0.00765
b20_C,_7388_,NOR2,0,0,2,4,10,26,450,0.0,1.33,0.5320000000001528,0.00765
b20_C,_7389_,OAI21,0,0,3,1,14,8,85,-0.00053734375000003,1.862,0.7980000000006839,0.00765
b20_C,_7387_,XNOR2,0,0,2,2,8,28,779,-1.953125017273294e-08,2.66,1.0640000000003056,0.00765
b20_C,_7390_,NAND2,0,0,2,2,15,7,84,-1.523437500150493e-06,1.33,0.5320000000001528,0.00765
b20_C,_7391_,NOR3,0,0,3,5,16,9,174,-8.027343750161009e-06,1.862,0.7980000000006839,0.00765
b20_C,_7392_,AND2,0,32,2,2,14,11,375,6.173828125000114e-05,1.33,0.26600000000053114,0.00765
b20_C,_7393_,AND2,0,0,2,3,13,11,162,-3.906250001239897e-07,1.33,0.26600000000053114,0.00765
b20_C,_7394_,AND2,0,0,2,3,15,10,111,-0.00015271484375012356,1.33,0.26600000000053114,0.00765
b20_C,_7395_,NAND2,0,0,2,2,10,28,291,-2.148437503457501e-07,1.33,0.5320000000001528,0.00765
b20_C,_7396_,BUF,0,0,1,10,9,27,656,1.1718749970413e-07,1.064,0.26600000000053114,0.00765
b20_C,_7397_,NAND2,0,0,2,3,10,12,318,-2.5390625024712676e-07,1.33,0.5320000000001528,0.00765
b20_C,_7398_,NOR2,0,0,2,3,11,10,151,0.0,1.33,0.5320000000001528,0.00765
b20_C,_7399_,AOI21,0,0,3,1,16,9,86,-1.6796875002000888e-06,1.862,0.7980000000006839,0.00765
b20_C,_7401_,BUF,0,32,1,10,15,10,348,0.0008159374999996416,1.064,0.26600000000053114,0.00765
b20_C,_7400_,NOR2,0,0,2,1,17,8,85,-1.1718750014821921e-07,1.33,0.5320000000001528,0.00765
b20_C,_7402_,NOR2,0,0,2,5,9,27,532,0.0,1.33,0.5320000000001528,0.00765
b20_C,_7403_,NAND2,0,0,2,8,10,10,254,6.445312497049827e-07,1.33,0.5320000000001528,0.00765
b20_C,_7404_,NAND3,0,0,3,3,16,9,138,-0.00024921875000005755,1.862,0.7980000000006839,0.00765
b20_C,_7405_,INV,0,0,1,2,11,11,224,0.0,0.798,0.26599999999962165,0.00765
b20_C,_7406_,AOI21,0,0,3,2,13,10,150,-8.007812501986677e-07,1.862,0.7980000000006839,0.00765
b20_C,_7407_,NAND2,0,0,2,2,14,9,102,0.0,1.33,0.5320000000001528,0.00765
b20_C,_7408_,OAI21,0,0,3,1,17,8,85,-1.1289062500141611e-05,1.862,0.7980000000006839,0.00765
b20_C,_7410_,NAND2,0,0,2,3,18,8,108,-6.132812500059259e-06,1.33,0.5320000000001528,0.00765
b20_C,_7409_,NOR2,0,1,2,2,17,10,272,-5.23437500010715e-06,1.33,0.5320000000001528,0.00765
b20_C,_7411_,AOI21,0,0,3,2,19,7,84,0.0,1.862,0.7980000000006839,0.00765
b20_C,_7412_,AND2,0,0,2,1,20,6,59,0.0,1.33,0.26600000000053114,0.00765
b20_C,_7413_,BUF,0,0,1,10,21,5,58,3.906249990137667e-08,1.064,0.26600000000053114,0.00765
b20_C,_7414_,BUF,0,0,1,10,22,4,26,2.597656249880842e-06,1.064,0.26600000000053114,0.00765
b20_C,_7415_,OR4,1,126,4,3,9,32,1188,0.0026706249999999265,1.862,0.26600000000053114,0.00765
b20_C,_7416_,OAI21,0,8,3,2,10,31,1178,-0.001109316406250338,1.862,0.7980000000006839,0.00765
b20_C,_7417_,XOR2,0,8,2,8,11,30,1116,-0.0010763476562503094,2.394,0.7979999999997744,0.00765
b20_C,_7418_,OR3,0,28,3,3,10,31,1180,6.328124999788187e-06,1.596,0.26600000000053114,0.00765
b20_C,_7419_,NAND3,0,0,3,9,11,30,1137,-0.0001978125000001718,1.862,0.7980000000006839,0.00765
b20_C,_7421_,NOR3,1,90,3,2,10,31,1179,-0.0007629492187501974,1.862,0.7980000000006839,0.00765
b20_C,_7420_,INV,0,0,1,3,1,31,1181,0.0,0.798,0.26599999999962165,0.00765
b20_C,_7422_,OAI21,1,90,3,9,11,30,1137,-0.0016552539062502092,1.862,0.7980000000006839,0.00765
b20_C,_7425_,AND2,0,0,2,4,14,23,400,-1.8828125000203144e-05,1.33,0.26600000000053114,0.00765
b20_C,_7424_,BUF,0,8,1,10,13,28,1004,0.00015679687499980943,1.064,0.26600000000053114,0.00765
b20_C,_7423_,AOI21,0,8,3,2,12,29,1020,-0.000888867187500253,1.862,0.7980000000006839,0.00765
b20_C,_7426_,XNOR2,0,0,2,10,11,29,1141,-0.0017513476562502905,2.66,1.0640000000003056,0.00765
b20_C,_7427_,AOI21,0,0,3,4,12,28,1023,-0.0008357617187502164,1.862,0.7980000000006839,0.00765
b20_C,_7428_,BUF,0,0,1,10,13,27,948,0.0,1.064,0.26600000000053114,0.00765
b20_C,_7429_,NAND2,0,0,2,1,14,24,401,-3.906250012342127e-08,1.33,0.5320000000001528,0.00765
b20_C,_7430_,NOR3,0,0,3,9,11,29,1117,-0.0036053710937502537,1.862,0.7980000000006839,0.00765
b20_C,_7431_,AOI21,0,28,3,9,11,29,1117,0.001088925781250083,1.862,0.7980000000006839,0.00765
b20_C,_7432_,NOR3,0,16,3,3,12,28,1018,-0.0003443164062502113,1.862,0.7980000000006839,0.00765
b20_C,_7433_,BUF,0,16,1,10,13,27,947,0.0003024804687496996,1.064,0.26600000000053114,0.00765
b20_C,_7434_,NAND2,0,0,2,1,14,24,401,-9.173828125019767e-05,1.33,0.5320000000001528,0.00765
b20_C,_7435_,OR2,0,0,2,3,3,29,897,0.0,1.33,0.26600000000053114,0.00765
b20_C,_7437_,NAND3,0,0,3,8,12,27,787,-0.0009550585937501133,1.862,0.7980000000006839,0.00765
b20_C,_7436_,XOR2,0,0,2,3,4,24,405,0.0,2.394,0.7979999999997744,0.00765
b20_C,_7438_,OAI211,0,0,4,4,15,23,400,-3.1250000009919177e-07,2.394,1.0640000000003056,0.00765
b20_C,_7439_,NOR2,0,0,2,8,16,22,296,1.7128906249830322e-05,1.33,0.5320000000001528,0.00765
b20_C,_7440_,BUF,0,29,1,10,14,24,878,0.0011905664062499266,1.064,0.26600000000053114,0.00765
b20_C,_7441_,BUF,0,29,1,10,15,23,814,0.0012049414062498265,1.064,0.26600000000053114,0.00765
b20_C,_7442_,BUF,0,29,1,10,16,22,706,0.0011808007812499355,1.064,0.26600000000053114,0.00765
b20_C,_7443_,BUF,0,29,1,10,17,20,578,0.0011207226562497397,1.064,0.26600000000053114,0.00765
b20_C,_7444_,BUF,0,29,1,10,18,11,400,0.001261738281249869,1.064,0.26600000000053114,0.00765
b20_C,_7445_,BUF,0,0,1,10,12,22,356,-2.5039062500065157e-05,1.064,0.26600000000053114,0.00765
b20_C,_7446_,BUF,0,0,1,10,13,12,292,0.0,1.064,0.26600000000053114,0.00765
b20_C,_7447_,NAND2,0,0,2,4,14,9,238,-2.4003906250236184e-05,1.33,0.5320000000001528,0.00765
b20_C,_7449_,AND2,0,0,2,2,17,6,68,3.906249990137667e-08,1.33,0.26600000000053114,0.00765
b20_C,_7448_,NAND2,0,15,2,4,19,8,226,5.546874999984297e-05,1.33,0.5320000000001528,0.00765
b20_C,_7450_,NAND2,0,3,2,3,20,5,33,-0.0001005078125002612,1.33,0.5320000000001528,0.00765
b20_C,_7451_,BUF,0,3,1,10,21,4,26,0.00012242187500000057,1.064,0.26600000000053114,0.00765
b20_C,_7452_,OAI22,0,1,4,1,23,3,2,-2.8691406249947704e-05,2.394,1.0640000000003056,0.00765
b20_C,_7453_,NAND2,0,0,2,2,17,7,65,1.9531249950688334e-08,1.33,0.5320000000001528,0.00765
b20_C,_7454_,NOR2,0,4,2,4,20,6,34,5.9570312498369304e-06,1.33,0.5320000000001528,0.00765
b20_C,_7455_,BUF,0,4,1,10,21,5,23,0.0001588281250000101,1.064,0.26600000000053114,0.00765
b20_C,_7456_,AOI22,0,0,4,1,14,25,435,-0.00013931640625042263,2.394,1.0640000000003056,0.00765
b20_C,_7457_,XNOR2,0,0,2,3,2,26,440,0.0,2.66,1.0640000000003056,0.00765
b20_C,_7458_,NOR3,0,0,3,2,12,26,684,-0.0015853515625001702,1.862,0.7980000000006839,0.00765
b20_C,_7459_,AOI22,0,0,4,1,14,25,435,-8.560546875013841e-05,2.394,1.0640000000003056,0.00765
b20_C,_7460_,NAND2,0,0,2,6,15,24,434,0.0,1.33,0.5320000000001528,0.00765
b20_C,_7461_,BUF,0,0,1,10,16,23,152,0.0,1.064,0.26600000000053114,0.00765
b20_C,_7462_,AOI211,0,1,4,1,24,2,1,-2.6484375000190852e-05,2.394,1.0640000000003056,0.00765
b20_C,_7463_,NAND2,0,0,2,2,14,24,413,-3.906250012342127e-08,1.33,0.5320000000001528,0.00765
b20_C,_7464_,OR2,0,0,2,2,13,24,413,-9.765625019753088e-08,1.33,0.26600000000053114,0.00765
b20_C,_7465_,NAND2,0,0,2,2,14,24,413,-9.173828125019767e-05,1.33,0.5320000000001528,0.00765
b20_C,_7466_,NAND2,0,0,2,2,14,24,413,-0.00019720703125014616,1.33,0.5320000000001528,0.00765
b20_C,_7467_,AND4,0,0,4,6,15,22,293,0.0,1.862,0.26600000000053114,0.00765
b20_C,_7468_,NOR2,0,0,2,1,10,28,179,-1.5429687501011813e-06,1.33,0.5320000000001528,0.00765
b20_C,_7470_,BUF,0,0,1,10,14,26,170,0.0,1.064,0.26600000000053114,0.00765
b20_C,_7471_,XOR2,0,0,2,2,16,22,83,-2.5976562501028866e-06,2.394,0.7979999999997744,0.00765
b20_C,_7473_,AND2,0,0,2,2,17,21,81,0.0,1.33,0.26600000000053114,0.00765
b20_C,_7474_,NOR2,0,0,2,1,18,3,2,0.0,1.33,0.5320000000001528,0.00765
b20_C,_7472_,NOR2,0,0,2,3,17,20,80,0.0,1.33,0.5320000000001528,0.00765
b20_C,_7475_,NAND2,0,0,2,1,6,27,429,-1.9726562500155254e-05,1.33,0.5320000000001528,0.00765
b20_C,_7476_,OAI21,0,1,3,2,10,26,428,-1.7460937500102247e-05,1.862,0.7980000000006839,0.00765
b20_C,_7477_,NAND2,0,0,2,1,14,25,425,-0.0002407812500000439,1.33,0.5320000000001528,0.00765
b20_C,_7478_,OR2,0,0,2,2,2,32,650,-0.0008576367187502765,1.33,0.26600000000053114,0.00765
b20_C,_7479_,OAI21,0,0,3,1,3,29,594,0.0,1.862,0.7980000000006839,0.00765
b20_C,_7480_,XOR2,0,0,2,3,4,28,593,0.0,2.394,0.7979999999997744,0.00765
b20_C,_7481_,OAI21,0,0,3,7,15,24,424,-0.0002733007812500965,1.862,0.7980000000006839,0.00765
b20_C,_7482_,XOR2,0,0,2,3,16,22,87,-5.46874999951541e-07,2.394,0.7979999999997744,0.00765
b20_C,_7483_,NOR2,0,0,2,2,17,21,81,0.0,1.33,0.5320000000001528,0.00765
b20_C,_7484_,AND2,0,0,2,5,14,25,448,-1.8828125000203144e-05,1.33,0.26600000000053114,0.00765
b20_C,_7485_,NAND2,0,0,2,1,14,26,449,-3.906250012342127e-08,1.33,0.5320000000001528,0.00765
b20_C,_7486_,NAND2,0,0,2,1,14,26,449,-9.173828125019767e-05,1.33,0.5320000000001528,0.00765
b20_C,_7487_,NOR2,0,0,2,1,1,27,454,0.0,1.33,0.5320000000001528,0.00765
b20_C,_7488_,XNOR2,0,0,2,3,2,26,453,0.0,2.66,1.0640000000003056,0.00765
b20_C,_7489_,OAI211,0,0,4,5,15,25,448,2.988281249782787e-06,2.394,1.0640000000003056,0.00765
b20_C,_7490_,NAND2,0,0,2,1,3,31,622,0.0,1.33,0.5320000000001528,0.00765
b20_C,_7491_,XOR2,0,0,2,3,4,30,621,0.0,2.394,0.7979999999997744,0.00765
b20_C,_7492_,NOR2,0,0,2,1,13,25,434,-0.00025261718750013706,1.33,0.5320000000001528,0.00765
b20_C,_7493_,NAND2,0,0,2,1,6,27,442,-1.9726562500155254e-05,1.33,0.5320000000001528,0.00765
b20_C,_7494_,OAI21,0,1,3,3,10,26,441,3.7109374995125677e-07,1.862,0.7980000000006839,0.00765
b20_C,_7495_,AOI21,0,0,3,6,14,24,433,-0.00029841796875018645,1.862,0.7980000000006839,0.00765
b20_C,_7497_,OR2,0,0,2,8,16,24,146,-3.5546875001291056e-06,1.33,0.26600000000053114,0.00765
b20_C,_7498_,AND2,0,0,2,1,17,22,85,0.0,1.33,0.26600000000053114,0.00765
b20_C,_7496_,XNOR2,0,0,2,3,15,23,89,-1.9531249950688334e-08,2.66,1.0640000000003056,0.00765
b20_C,_7499_,XOR2,0,0,2,3,1,27,475,0.0,2.394,0.7979999999997744,0.00765
b20_C,_7500_,OR2,0,0,2,2,13,26,472,-9.765625019753088e-08,1.33,0.26600000000053114,0.00765
b20_C,_7501_,AOI222,0,0,6,2,13,26,472,-0.0007033398437501504,3.724,1.595999999999549,0.00765
b20_C,_7502_,AND2,0,0,2,7,14,24,453,0.0,1.33,0.26600000000053114,0.00765
b20_C,_7503_,NAND2,0,0,2,1,2,32,655,-0.0020150000000001,1.33,0.5320000000001528,0.00765
b20_C,_7504_,XOR2,0,0,2,3,3,31,654,0.0,2.394,0.7979999999997744,0.00765
b20_C,_7505_,NOR2,0,0,2,1,13,26,460,-0.00025261718750013706,1.33,0.5320000000001528,0.00765
b20_C,_7506_,MUX2,0,1,3,2,9,26,462,3.476562499882263e-06,2.394,0.5320000000001528,0.00765
b20_C,_7507_,AOI21,0,0,3,8,14,25,459,-0.000293398437500203,1.862,0.7980000000006839,0.00765
b20_C,_7508_,XOR2,0,0,2,2,15,24,94,-1.9531249950688334e-08,2.394,0.7979999999997744,0.00765
b20_C,_7509_,NOR2,0,0,2,3,16,22,91,0.0,1.33,0.5320000000001528,0.00765
b20_C,_7511_,AOI222,0,4,6,1,14,27,486,-0.0001489257812501421,3.724,1.595999999999549,0.00765
b20_C,_7510_,AND2,0,0,2,2,16,23,92,0.0,1.33,0.26600000000053114,0.00765
b20_C,_7512_,OAI21,0,4,3,7,15,26,485,6.4257812497636735e-06,1.862,0.7980000000006839,0.00765
b20_C,_7513_,NOR3,0,0,3,1,1,35,682,0.0,1.862,0.7980000000006839,0.00765
b20_C,_7515_,XNOR2,0,0,2,4,4,33,680,-0.00041392578125032387,2.66,1.0640000000003056,0.00765
b20_C,_7514_,NOR2,0,0,2,1,3,34,681,-5.410156250107434e-06,1.33,0.5320000000001528,0.00765
b20_C,_7516_,NOR2,0,0,2,1,13,26,398,-0.0002526367187503098,1.33,0.5320000000001528,0.00765
b20_C,_7517_,MUX2,0,1,3,3,8,27,478,5.507812499860876e-06,2.394,0.5320000000001528,0.00765
b20_C,_7518_,AOI21,0,0,3,6,14,25,397,-0.0002747851562499015,1.862,0.7980000000006839,0.00765
b20_C,_7519_,XNOR2,0,0,2,3,15,24,97,-8.496093750309797e-06,2.66,1.0640000000003056,0.00765
b20_C,_7522_,NAND4,0,0,4,3,12,27,500,-0.0014571289062503823,2.394,1.0640000000003056,0.00765
b20_C,_7521_,AND2,0,0,2,3,13,25,431,0.0,1.33,0.26600000000053114,0.00765
b20_C,_7520_,NOR2,0,0,2,2,16,23,92,-0.00032544921875032884,1.33,0.5320000000001528,0.00765
b20_C,_7523_,NAND4,0,0,4,3,12,27,500,-0.0010976953125001465,2.394,1.0640000000003056,0.00765
b20_C,_7524_,OAI211,0,4,4,3,12,27,500,-0.00048484375000024116,2.394,1.0640000000003056,0.00765
b20_C,_7525_,NAND3,0,0,3,3,13,25,431,-7.603515625032031e-05,1.862,0.7980000000006839,0.00765
b20_C,_7526_,OAI21,0,0,3,2,1,38,760,0.0,1.862,0.7980000000006839,0.00765
b20_C,_7527_,XOR2,0,0,2,2,2,35,705,0.0,2.394,0.7979999999997744,0.00765
b20_C,_7528_,INV,0,0,1,2,3,28,487,0.0,0.798,0.26599999999962165,0.00765
b20_C,_7529_,MUX2,0,1,3,2,8,28,487,4.492187497540101e-07,2.394,0.5320000000001528,0.00765
b20_C,_7530_,MUX2,0,0,3,5,12,27,485,-0.00011669921875023803,2.394,0.5320000000001528,0.00765
b20_C,_7531_,INV,0,0,1,7,13,26,481,-9.76562500198952e-07,0.798,0.26599999999962165,0.00765
b20_C,_7532_,XNOR2,0,0,2,3,15,25,100,-1.9531249950688334e-08,2.66,1.0640000000003056,0.00765
b20_C,_7534_,NAND4,0,4,4,10,13,26,163,2.8496093749774687e-05,2.394,1.0640000000003056,0.00765
b20_C,_7533_,OAI211,0,0,4,2,12,27,499,-0.0014813281250001253,2.394,1.0640000000003056,0.00765
b20_C,_7535_,AND2,0,0,2,1,16,24,95,-1.6523437500026716e-05,1.33,0.26600000000053114,0.00765
b20_C,_7536_,NAND4,0,0,4,2,12,28,516,-0.0010976953125001465,2.394,1.0640000000003056,0.00765
b20_C,_7537_,NAND4,1,90,4,2,12,28,516,-0.0012429882812503568,2.394,1.0640000000003056,0.00765
b20_C,_7538_,OAI211,0,0,4,2,12,28,516,-0.0005134179687504847,2.394,1.0640000000003056,0.00765
b20_C,_7539_,OAI211,0,7,4,2,12,28,516,-0.0014619726562501434,2.394,1.0640000000003056,0.00765
b20_C,_7540_,AND4,1,96,4,1,13,27,480,0.00032374999999973397,1.862,0.26600000000053114,0.00765
b20_C,_7541_,BUF,1,96,1,10,14,26,479,0.0009029492187497823,1.064,0.26600000000053114,0.00765
b20_C,_7543_,AOI21,0,0,3,10,3,36,738,-6.152343750231992e-06,1.862,0.7980000000006839,0.00765
b20_C,_7542_,AOI21,0,0,3,1,2,37,739,0.0,1.862,0.7980000000006839,0.00765
b20_C,_7544_,INV,0,0,1,2,4,27,413,0.0,0.798,0.26599999999962165,0.00765
b20_C,_7545_,MUX2,0,1,3,3,7,27,510,3.222656249857181e-06,2.394,0.5320000000001528,0.00765
b20_C,_7546_,MUX2,0,0,3,7,12,26,411,-0.0001178125000000918,2.394,0.5320000000001528,0.00765
b20_C,_7547_,XNOR2,0,0,2,3,14,25,104,0.0,2.66,1.0640000000003056,0.00765
b20_C,_7548_,NOR2,0,0,2,2,15,24,99,-0.0008050781250001915,1.33,0.5320000000001528,0.00765
b20_C,_7549_,OAI211,0,0,4,2,12,27,519,-0.0005139062500001401,2.394,1.0640000000003056,0.00765
b20_C,_7550_,NAND4,0,0,4,2,12,27,519,-0.0014571289062503823,2.394,1.0640000000003056,0.00765
b20_C,_7551_,NAND4,0,0,4,2,12,27,519,-0.0010976953125001465,2.394,1.0640000000003056,0.00765
b20_C,_7552_,OAI211,0,1,4,2,12,27,519,-0.0014695312500001556,2.394,1.0640000000003056,0.00765
b20_C,_7553_,NAND4,0,1,4,6,13,26,144,-7.496093750014587e-05,2.394,1.0640000000003056,0.00765
b20_C,_7554_,MUX2,0,1,3,3,6,28,515,-8.535156250211173e-06,2.394,0.5320000000001528,0.00765
b20_C,_7555_,AND2,0,0,2,1,13,27,383,-0.00012349609374995296,1.33,0.26600000000053114,0.00765
b20_C,_7557_,AOI21,0,0,3,5,14,26,382,-4.080078125001663e-05,1.862,0.7980000000006839,0.00765
b20_C,_7556_,BUF,0,0,1,10,1,37,751,2.0644531249836007e-05,1.064,0.26600000000053114,0.00765
b20_C,_7558_,NOR2,0,0,2,3,15,25,114,-2.0253906250156106e-05,1.33,0.5320000000001528,0.00765
b20_C,_7559_,NOR2,0,0,2,2,10,26,313,-2.3437500029643843e-07,1.33,0.5320000000001528,0.00765
b20_C,_7560_,NOR2,0,0,2,3,10,26,315,-2.3437500029643843e-07,1.33,0.5320000000001528,0.00765
b20_C,_7561_,AOI211,0,0,4,5,14,25,149,7.855468749973227e-05,2.394,1.0640000000003056,0.00765
b20_C,_7562_,AOI221,0,22,5,2,16,24,99,-0.0005916601562503399,2.926,1.3299999999999272,0.00765
b20_C,_7564_,NAND2,0,0,2,2,16,23,92,-0.00036937500000022716,1.33,0.5320000000001528,0.00765
b20_C,_7565_,AOI211,0,22,4,2,18,22,88,-0.00013511718750014445,2.394,1.0640000000003056,0.00765
b20_C,_7567_,NAND2,0,0,2,2,17,21,81,0.0,1.33,0.5320000000001528,0.00765
b20_C,_7568_,AOI21,0,0,3,1,20,3,2,-0.0005087500000002798,1.862,0.7980000000006839,0.00765
b20_C,_7569_,XNOR2,0,0,2,1,21,2,1,0.0,2.66,1.0640000000003056,0.00765
b20_C,_7570_,NAND2,0,0,2,1,17,6,47,-7.812500024684255e-08,1.33,0.5320000000001528,0.00765
b20_C,_7571_,OAI21,0,0,3,2,19,5,46,0.0,1.862,0.7980000000006839,0.00765
b20_C,_7572_,NAND2,0,0,2,7,20,4,35,-0.0002588867187500732,1.33,0.5320000000001528,0.00765
b20_C,_7573_,CLKBUF,0,0,1,10,21,2,10,-7.226562501738698e-07,1.064,0.26600000000053114,0.00765
b20_C,_7574_,OAI21,0,1,3,0,25,1,0,-2.2324218750036096e-05,1.862,0.7980000000006839,0.00765
b20_C,_7575_,AND2,0,0,2,4,20,4,9,-0.0001266796875001308,1.33,0.26600000000053114,0.00765
b20_C,_7576_,BUF,0,16,1,10,14,23,627,0.00035962890624974264,1.064,0.26600000000053114,0.00765
b20_C,_7577_,BUF,0,8,1,10,15,16,300,0.0001507617187499477,1.064,0.26600000000053114,0.00765
b20_C,_7579_,BUF,0,2,1,10,15,18,329,5.158203124988603e-05,1.064,0.26600000000053114,0.00765
b20_C,_7578_,BUF,0,3,1,10,14,23,672,6.52148437498834e-05,1.064,0.26600000000053114,0.00765
b20_C,_7580_,AOI22,0,1,4,1,16,13,100,-3.9140625000211315e-05,2.394,1.0640000000003056,0.00765
b20_C,_7582_,BUF,0,0,1,10,15,17,339,0.0,1.064,0.26600000000053114,0.00765
b20_C,_7581_,BUF,0,0,1,10,14,22,626,-1.953125017273294e-08,1.064,0.26600000000053114,0.00765
b20_C,_7583_,BUF,0,0,1,10,13,23,593,1.9531249950688334e-08,1.064,0.26600000000053114,0.00765
b20_C,_7584_,INV,0,0,1,3,1,18,228,0.0,0.798,0.26599999999962165,0.00765
b20_C,_7585_,INV,0,0,1,1,1,20,310,0.0,0.798,0.26599999999962165,0.00765
b20_C,_7586_,INV,0,0,1,1,1,22,426,0.0,0.798,0.26599999999962165,0.00765
b20_C,_7587_,INV,0,0,1,3,1,24,582,0.0,0.798,0.26599999999962165,0.00765
b20_C,_7588_,INV,0,0,1,2,1,26,663,0.0,0.798,0.26599999999962165,0.00765
b20_C,_7590_,NOR3,0,0,3,2,4,28,823,0.0,1.862,0.7980000000006839,0.00765
b20_C,_7589_,INV,0,0,1,3,1,28,823,0.0,0.798,0.26599999999962165,0.00765
b20_C,_7591_,NAND2,0,0,2,3,5,27,784,0.0,1.33,0.5320000000001528,0.00765
b20_C,_7592_,NOR3,0,0,3,2,6,26,706,0.0,1.862,0.7980000000006839,0.00765
b20_C,_7594_,NOR3,0,0,3,2,8,24,582,0.0,1.862,0.7980000000006839,0.00765
b20_C,_7593_,NAND2,0,0,2,3,7,25,662,0.0,1.33,0.5320000000001528,0.00765
b20_C,_7595_,NAND2,0,0,2,3,9,23,543,0.0,1.33,0.5320000000001528,0.00765
b20_C,_7596_,NOR3,0,0,3,2,10,22,464,0.0,1.862,0.7980000000006839,0.00765
b20_C,_7597_,NAND2,0,0,2,3,11,21,425,0.0,1.33,0.5320000000001528,0.00765
b20_C,_7598_,NOR3,0,0,3,2,12,20,347,0.0,1.862,0.7980000000006839,0.00765
b20_C,_7599_,NAND2,0,0,2,3,13,19,309,0.0,1.33,0.5320000000001528,0.00765
b20_C,_7600_,NOR3,0,0,3,2,14,18,228,0.0,1.862,0.7980000000006839,0.00765
b20_C,_7601_,NAND2,0,0,2,4,15,17,189,0.0,1.33,0.5320000000001528,0.00765
b20_C,_7602_,XNOR2,0,0,2,3,16,14,105,0.0,2.66,1.0640000000003056,0.00765
b20_C,_7603_,AOI22,0,0,4,1,17,13,100,0.0,2.394,1.0640000000003056,0.00765
b20_C,_7604_,NAND2,0,1,2,6,18,12,99,4.5117187497112354e-06,1.33,0.5320000000001528,0.00765
b20_C,_7607_,AND2,0,1,2,1,24,13,89,-5.722656250206626e-06,1.33,0.26600000000053114,0.00765
b20_C,_7606_,BUF,0,0,1,10,15,19,92,-1.4121093750318892e-05,1.064,0.26600000000053114,0.00765
b20_C,_7605_,BUF,0,1,1,10,19,9,70,2.4804687499990763e-05,1.064,0.26600000000053114,0.00765
b20_C,_7608_,AOI21,0,1,3,5,25,12,88,6.269531249714078e-06,1.862,0.7980000000006839,0.00765
b20_C,_7609_,NOR2,0,0,2,5,26,9,57,-3.419921875025267e-05,1.33,0.5320000000001528,0.00765
b20_C,_7610_,XNOR2,0,0,2,3,27,7,13,-1.3671875009890755e-07,2.66,1.0640000000003056,0.00765
b20_C,_7611_,NOR2,0,0,2,1,28,6,8,-4.101562500302691e-06,1.33,0.5320000000001528,0.00765
b20_C,_7612_,XNOR2,0,0,2,3,15,14,121,0.0,2.66,1.0640000000003056,0.00765
b20_C,_7613_,NAND2,0,0,2,2,16,13,116,0.0,1.33,0.5320000000001528,0.00765
b20_C,_7614_,NAND2,0,0,2,2,16,13,116,-1.0585937500140474e-05,1.33,0.5320000000001528,0.00765
b20_C,_7615_,NAND2,0,0,2,2,16,13,116,0.0,1.33,0.5320000000001528,0.00765
b20_C,_7616_,NAND2,0,1,2,2,16,13,116,-3.671875000010871e-05,1.33,0.5320000000001528,0.00765
b20_C,_7617_,AND4,0,0,4,6,17,11,89,-4.082031250129958e-06,1.862,0.26600000000053114,0.00765
b20_C,_7618_,MUX2,0,1,3,6,23,12,105,1.3964843749825206e-05,2.394,0.5320000000001528,0.00765
b20_C,_7619_,NAND2,0,0,2,6,24,11,82,-0.00024171875000011944,1.33,0.5320000000001528,0.00765
b20_C,_7620_,XNOR2,0,0,2,3,25,8,17,-1.953125017273294e-08,2.66,1.0640000000003056,0.00765
b20_C,_7621_,NAND2,0,0,2,1,26,7,11,0.0,1.33,0.5320000000001528,0.00765
b20_C,_7622_,AOI22,0,1,4,1,16,15,135,-3.939453125001435e-05,2.394,1.0640000000003056,0.00765
b20_C,_7623_,NAND2,0,0,2,1,16,15,135,0.0,1.33,0.5320000000001528,0.00765
b20_C,_7624_,NOR2,0,0,2,1,14,17,141,0.0,1.33,0.5320000000001528,0.00765
b20_C,_7625_,XOR2,0,0,2,3,15,16,140,0.0,2.394,0.7979999999997744,0.00765
b20_C,_7626_,NAND2,0,0,2,1,16,15,135,0.0,1.33,0.5320000000001528,0.00765
b20_C,_7627_,NAND3,0,1,3,7,17,14,134,1.6425781249829186e-05,1.862,0.7980000000006839,0.00765
b20_C,_7628_,BUF,0,1,1,10,18,10,77,2.2519531249987068e-05,1.064,0.26600000000053114,0.00765
b20_C,_7630_,AND2,0,0,2,5,24,10,71,-0.00013646484375007262,1.33,0.26600000000053114,0.00765
b20_C,_7629_,MUX2,0,1,3,4,23,14,123,4.999999999810711e-06,2.394,0.5320000000001528,0.00765
b20_C,_7631_,XNOR2,0,0,2,3,25,9,20,-1.953125017273294e-08,2.66,1.0640000000003056,0.00765
b20_C,_7632_,NOR2,0,0,2,1,26,8,15,-4.218750000228866e-06,1.33,0.5320000000001528,0.00765
b20_C,_7633_,NAND2,0,0,2,2,16,15,150,0.0,1.33,0.5320000000001528,0.00765
b20_C,_7634_,NAND2,0,1,2,2,16,15,150,-3.6484375000256364e-05,1.33,0.5320000000001528,0.00765
b20_C,_7635_,XNOR2,0,0,2,3,14,16,155,0.0,2.66,1.0640000000003056,0.00765
b20_C,_7636_,NAND2,0,0,2,2,15,15,150,0.0,1.33,0.5320000000001528,0.00765
b20_C,_7637_,NAND2,0,0,2,2,16,15,150,-1.0585937500140474e-05,1.33,0.5320000000001528,0.00765
b20_C,_7638_,AND4,0,0,4,7,17,11,87,-4.199218750056133e-06,1.862,0.26600000000053114,0.00765
b20_C,_7639_,BUF,0,0,1,10,15,19,100,7.812499980275334e-08,1.064,0.26600000000053114,0.00765
b20_C,_7640_,AOI21,0,1,3,1,21,15,143,-2.5195312500114753e-05,1.862,0.7980000000006839,0.00765
b20_C,_7642_,NOR2,0,0,2,3,23,12,31,-2.3476562500235332e-05,1.33,0.5320000000001528,0.00765
b20_C,_7641_,AOI21,0,1,3,4,22,14,142,-2.1992187499986215e-05,1.862,0.7980000000006839,0.00765
b20_C,_7643_,XNOR2,0,0,2,2,24,11,24,-3.906250034546588e-08,2.66,1.0640000000003056,0.00765
b20_C,_7644_,AND2,0,0,2,2,25,10,22,0.0,1.33,0.26600000000053114,0.00765
b20_C,_7645_,INV,0,0,1,1,26,9,18,0.0,0.798,0.26599999999962165,0.00765
b20_C,_7646_,AOI22,0,1,4,2,16,17,167,1.1230468749845457e-05,2.394,1.0640000000003056,0.00765
b20_C,_7647_,XNOR2,0,0,2,4,13,17,170,0.0,2.66,1.0640000000003056,0.00765
b20_C,_7648_,BUF,0,0,1,10,13,23,510,4.12109374980929e-06,1.064,0.26600000000053114,0.00765
b20_C,_7649_,OAI21,0,0,3,1,17,13,119,-2.259765625023391e-05,1.862,0.7980000000006839,0.00765
b20_C,_7650_,AOI21,0,0,3,6,18,12,118,-2.9042968750392362e-05,1.862,0.7980000000006839,0.00765
b20_C,_7651_,NOR2,0,1,2,1,21,17,154,-3.097656250039549e-05,1.33,0.5320000000001528,0.00765
b20_C,_7652_,AOI21,0,1,3,6,22,16,153,1.5957031249680398e-05,1.862,0.7980000000006839,0.00765
b20_C,_7654_,XNOR2,0,0,2,2,24,12,27,-3.906250034546588e-08,2.66,1.0640000000003056,0.00765
b20_C,_7653_,NOR2,0,0,2,5,23,13,136,-4.429687500007162e-05,1.33,0.5320000000001528,0.00765
b20_C,_7655_,NOR2,0,0,2,2,25,10,24,-3.105468750153051e-06,1.33,0.5320000000001528,0.00765
b20_C,_7656_,AND2,0,0,2,2,25,11,25,-1.4453125003477396e-06,1.33,0.26600000000053114,0.00765
b20_C,_7657_,NAND2,0,0,2,2,15,17,185,-1.953125017273294e-08,1.33,0.5320000000001528,0.00765
b20_C,_7658_,NAND2,0,0,2,2,15,17,185,-1.648437500012534e-05,1.33,0.5320000000001528,0.00765
b20_C,_7659_,NAND2,0,1,2,2,15,17,185,-8.197265625020655e-05,1.33,0.5320000000001528,0.00765
b20_C,_7660_,NOR2,0,0,2,1,12,19,191,0.0,1.33,0.5320000000001528,0.00765
b20_C,_7661_,XOR2,0,0,2,3,13,18,190,0.0,2.394,0.7979999999997744,0.00765
b20_C,_7662_,NAND2,0,0,2,2,14,17,185,0.0,1.33,0.5320000000001528,0.00765
b20_C,_7663_,NAND4,0,1,4,10,16,16,143,5.884765624974975e-05,2.394,1.0640000000003056,0.00765
b20_C,_7664_,MUX2,0,1,3,4,20,16,174,-1.6015625001752909e-06,2.394,0.5320000000001528,0.00765
b20_C,_7665_,AND2,0,0,2,7,21,13,154,-0.0001227539062502725,1.33,0.26600000000053114,0.00765
b20_C,_7666_,XNOR2,0,0,2,3,22,12,30,-5.859375029615421e-08,2.66,1.0640000000003056,0.00765
b20_C,_7667_,NOR2,0,0,2,2,23,11,25,-1.2597656250168399e-05,1.33,0.5320000000001528,0.00765
b20_C,_7668_,AND2,0,0,2,1,16,16,147,0.0,1.33,0.26600000000053114,0.00765
b20_C,_7669_,AOI22,0,1,4,1,15,19,202,-8.773437500009251e-05,2.394,1.0640000000003056,0.00765
b20_C,_7670_,XOR2,0,0,2,3,12,19,205,0.0,2.394,0.7979999999997744,0.00765
b20_C,_7671_,OAI21,0,1,3,2,16,18,201,-1.285156250019348e-05,1.862,0.7980000000006839,0.00765
b20_C,_7672_,OR2,0,1,2,6,17,15,146,1.9765624999834586e-05,1.33,0.26600000000053114,0.00765
b20_C,_7673_,NOR2,0,1,2,1,20,18,189,-5.001953125027825e-05,1.33,0.5320000000001528,0.00765
b20_C,_7675_,NOR2,0,0,2,8,22,16,182,-4.4316406250244356e-05,1.33,0.5320000000001528,0.00765
b20_C,_7674_,AOI21,0,1,3,5,21,17,188,1.806640624968381e-05,1.862,0.7980000000006839,0.00765
b20_C,_7677_,NOR3,0,0,3,2,22,14,34,-4.6035156250123777e-05,1.862,0.7980000000006839,0.00765
b20_C,_7678_,AOI21,0,0,3,10,17,17,186,0.00017863281249974605,1.862,0.7980000000006839,0.00765
b20_C,_7676_,NOR2,0,0,2,2,23,14,34,-1.953125017273294e-08,1.33,0.5320000000001528,0.00765
b20_C,_7679_,NOR2,0,0,2,2,24,13,33,-9.765625019753088e-08,1.33,0.5320000000001528,0.00765
b20_C,_7680_,NOR2,0,0,2,1,25,12,28,-3.873046875035868e-05,1.33,0.5320000000001528,0.00765
b20_C,_7681_,AOI22,0,1,4,1,15,19,216,-8.673828125016492e-05,2.394,1.0640000000003056,0.00765
b20_C,_7682_,NAND2,0,0,2,1,15,19,216,-1.953125017273294e-08,1.33,0.5320000000001528,0.00765
b20_C,_7683_,XNOR2,0,0,2,3,11,20,221,0.0,2.66,1.0640000000003056,0.00765
b20_C,_7684_,OR2,0,0,2,1,14,19,216,-1.2109375000513012e-06,1.33,0.26600000000053114,0.00765
b20_C,_7685_,NAND3,0,1,3,3,16,18,215,-3.8476562500555644e-06,1.862,0.7980000000006839,0.00765
b20_C,_7686_,BUF,0,1,1,10,17,17,173,2.083984374978698e-05,1.064,0.26600000000053114,0.00765
b20_C,_7687_,NOR2,0,0,2,3,18,16,202,-0.0002555664062500185,1.33,0.5320000000001528,0.00765
b20_C,_7688_,MUX2,0,1,3,2,19,17,204,3.3398437497833555e-06,2.394,0.5320000000001528,0.00765
b20_C,_7689_,NOR2,0,0,2,3,20,16,202,-3.628906250030539e-05,1.33,0.5320000000001528,0.00765
b20_C,_7690_,OR2,0,0,2,6,21,15,169,0.0,1.33,0.26600000000053114,0.00765
b20_C,_7691_,XNOR2,0,0,2,2,22,14,38,-3.906250034546588e-08,2.66,1.0640000000003056,0.00765
b20_C,_7692_,AND2,0,0,2,3,23,12,35,-2.3046875001764278e-06,1.33,0.26600000000053114,0.00765
b20_C,_7693_,NOR2,0,0,2,2,23,13,36,-4.218750000006821e-06,1.33,0.5320000000001528,0.00765
b20_C,_7695_,XNOR2,0,0,2,3,11,20,236,0.0,2.66,1.0640000000003056,0.00765
b20_C,_7694_,NOR2,0,0,2,1,10,21,237,0.0,1.33,0.5320000000001528,0.00765
b20_C,_7696_,NOR2,0,0,2,3,14,19,233,-2.4218750001026024e-06,1.33,0.5320000000001528,0.00765
b20_C,_7697_,AOI22,0,0,4,1,15,20,234,-1.3222656250144738e-05,2.394,1.0640000000003056,0.00765
b20_C,_7698_,NAND2,0,1,2,1,15,20,234,-8.427734375016094e-05,1.33,0.5320000000001528,0.00765
b20_C,_7699_,NAND2,0,1,2,3,16,19,233,-1.0937500001251266e-06,1.33,0.5320000000001528,0.00765
b20_C,_7701_,MUX2,0,1,3,2,18,20,223,-3.5156250000056843e-07,2.394,0.5320000000001528,0.00765
b20_C,_7700_,NOR2,0,0,2,7,17,15,205,-8.613281250013927e-06,1.33,0.5320000000001528,0.00765
b20_C,_7702_,NAND2,0,0,2,1,19,19,220,-0.00024632812500025025,1.33,0.5320000000001528,0.00765
b20_C,_7703_,OR2,0,0,2,2,6,21,304,-0.0014618945312501186,1.33,0.26600000000053114,0.00765
b20_C,_7704_,OAI21,0,0,3,1,7,20,250,0.0,1.862,0.7980000000006839,0.00765
b20_C,_7705_,XOR2,0,0,2,4,8,19,249,-9.765625019753088e-08,2.394,0.7979999999997744,0.00765
b20_C,_7706_,OAI21,0,0,3,8,20,18,219,-0.0002843945312500651,1.862,0.7980000000006839,0.00765
b20_C,_7707_,XNOR2,0,0,2,3,21,14,43,-3.906250034546588e-08,2.66,1.0640000000003056,0.00765
b20_C,_7708_,AND2,0,0,2,1,22,13,33,0.0,1.33,0.26600000000053114,0.00765
b20_C,_7709_,NAND2,0,0,2,2,15,19,249,-1.953125017273294e-08,1.33,0.5320000000001528,0.00765
b20_C,_7710_,NAND2,0,1,2,2,15,19,249,-8.187500000023107e-05,1.33,0.5320000000001528,0.00765
b20_C,_7711_,NAND2,0,0,2,2,15,19,249,-1.648437500012534e-05,1.33,0.5320000000001528,0.00765
b20_C,_7714_,OR2,0,0,2,2,14,19,249,-1.2109375000513012e-06,1.33,0.26600000000053114,0.00765
b20_C,_7713_,XNOR2,0,0,2,3,10,20,253,0.0,2.66,1.0640000000003056,0.00765
b20_C,_7712_,INV,0,0,1,2,1,21,257,0.0,0.798,0.26599999999962165,0.00765
b20_C,_7715_,NAND4,0,1,4,6,16,17,68,2.998046874980176e-05,2.394,1.0640000000003056,0.00765
b20_C,_7716_,MUX2,0,1,3,2,18,20,236,2.5585937497574207e-06,2.394,0.5320000000001528,0.00765
b20_C,_7717_,NAND2,0,0,2,1,19,19,233,-0.0002424804687501947,1.33,0.5320000000001528,0.00765
b20_C,_7718_,NAND2,0,0,2,1,7,20,272,0.0,1.33,0.5320000000001528,0.00765
b20_C,_7719_,XOR2,0,0,2,3,8,19,271,0.0,2.394,0.7979999999997744,0.00765
b20_C,_7721_,NOR2,0,0,2,2,21,16,46,-3.906250034546588e-08,1.33,0.5320000000001528,0.00765
b20_C,_7720_,OAI21,0,0,3,8,20,18,232,-0.0002762890625001013,1.862,0.7980000000006839,0.00765
b20_C,_7722_,INV,0,0,1,5,21,17,166,-1.953125017273294e-08,0.798,0.26599999999962165,0.00765
b20_C,_7723_,NOR2,0,0,2,2,22,16,46,-3.906250034546588e-08,1.33,0.5320000000001528,0.00765
b20_C,_7724_,AND4,0,0,4,2,16,18,233,-4.160156250154756e-06,1.862,0.26600000000053114,0.00765
b20_C,_7726_,NOR2,0,0,2,2,23,15,45,0.0,1.33,0.5320000000001528,0.00765
b20_C,_7725_,BUF,0,0,1,10,17,17,231,0.0,1.064,0.26600000000053114,0.00765
b20_C,_7727_,NOR2,0,0,2,1,24,14,40,-6.250000001983835e-07,1.33,0.5320000000001528,0.00765
b20_C,_7728_,XNOR2,0,0,2,3,9,21,270,0.0,2.66,1.0640000000003056,0.00765
b20_C,_7729_,AOI22,0,0,4,2,15,20,265,-1.4531250000171525e-05,2.394,1.0640000000003056,0.00765
b20_C,_7730_,AOI22,0,1,4,2,15,20,265,-6.052734375017188e-05,2.394,1.0640000000003056,0.00765
b20_C,_7731_,AND2,0,0,2,10,16,19,219,-1.0097656250263043e-05,1.33,0.26600000000053114,0.00765
b20_C,_7732_,NAND2,0,0,2,1,9,23,259,-1.9296875000129887e-05,1.33,0.5320000000001528,0.00765
b20_C,_7733_,OAI21,0,1,3,2,17,22,258,-1.4042968750072049e-05,1.862,0.7980000000006839,0.00765
b20_C,_7734_,NAND2,0,0,2,1,18,21,255,-0.0002514062500003078,1.33,0.5320000000001528,0.00765
b20_C,_7735_,NAND2,0,0,2,1,6,22,305,-0.003434941406250225,1.33,0.5320000000001528,0.00765
b20_C,_7736_,XOR2,0,0,2,4,7,21,304,0.0,2.394,0.7979999999997744,0.00765
b20_C,_7737_,OAI21,0,0,3,2,19,20,254,-0.00027626953125015064,1.862,0.7980000000006839,0.00765
b20_C,_7738_,BUF,0,0,1,10,20,19,252,0.0,1.064,0.26600000000053114,0.00765
b20_C,_7739_,XNOR2,0,0,2,2,21,16,50,-3.906250034546588e-08,2.66,1.0640000000003056,0.00765
b20_C,_7740_,NOR2,0,0,2,3,22,14,47,0.0,1.33,0.5320000000001528,0.00765
b20_C,_7741_,AND2,0,0,2,2,22,15,48,0.0,1.33,0.26600000000053114,0.00765
b20_C,_7742_,AND2,0,0,2,4,15,21,282,0.0,1.33,0.26600000000053114,0.00765
b20_C,_7743_,NAND2,0,0,2,1,15,22,283,-1.648437500012534e-05,1.33,0.5320000000001528,0.00765
b20_C,_7744_,NAND2,0,1,2,1,15,22,283,-8.445312500016122e-05,1.33,0.5320000000001528,0.00765
b20_C,_7745_,NOR2,0,0,2,1,8,23,288,0.0,1.33,0.5320000000001528,0.00765
b20_C,_7746_,XNOR2,0,0,2,3,9,22,287,0.0,2.66,1.0640000000003056,0.00765
b20_C,_7747_,OAI211,0,1,4,4,16,21,282,8.164062499815827e-06,2.394,1.0640000000003056,0.00765
b20_C,_7749_,BUF,0,0,1,10,18,19,204,0.0,1.064,0.26600000000053114,0.00765
b20_C,_7748_,NOR2,0,0,2,2,17,20,257,-1.224609375016783e-05,1.33,0.5320000000001528,0.00765
b20_C,_7750_,NAND3,0,0,3,1,5,22,331,-0.00881978515625037,1.862,0.7980000000006839,0.00765
b20_C,_7751_,NAND2,0,0,2,1,6,21,330,0.0,1.33,0.5320000000001528,0.00765
b20_C,_7752_,XNOR2,0,0,2,4,7,20,329,0.0,2.66,1.0640000000003056,0.00765
b20_C,_7753_,NOR2,0,0,2,1,17,19,264,-0.000249902343750108,1.33,0.5320000000001528,0.00765
b20_C,_7754_,MUX2,0,1,3,3,16,20,272,5.644531249959783e-06,2.394,0.5320000000001528,0.00765
b20_C,_7755_,AOI21,0,0,3,5,18,18,263,-0.0002914257812502985,1.862,0.7980000000006839,0.00765
b20_C,_7756_,XNOR2,0,0,2,2,19,17,55,-2.9296875014850343e-07,2.66,1.0640000000003056,0.00765
b20_C,_7757_,NAND2,0,0,2,3,20,16,52,0.0,1.33,0.5320000000001528,0.00765
b20_C,_7758_,INV,0,0,1,1,21,15,45,0.0,0.798,0.26599999999962165,0.00765
b20_C,_7759_,XNOR2,0,0,2,3,8,21,304,0.0,2.66,1.0640000000003056,0.00765
b20_C,_7761_,NAND2,0,0,2,2,15,20,301,-1.648437500012534e-05,1.33,0.5320000000001528,0.00765
b20_C,_7760_,NAND2,0,0,2,2,14,20,301,0.0,1.33,0.5320000000001528,0.00765
b20_C,_7762_,NAND2,0,1,2,2,15,20,301,-8.197265625020655e-05,1.33,0.5320000000001528,0.00765
b20_C,_7763_,NAND2,0,0,2,2,15,20,301,-1.953125017273294e-08,1.33,0.5320000000001528,0.00765
b20_C,_7764_,NAND4,0,1,4,10,16,19,231,5.656249999974605e-05,2.394,1.0640000000003056,0.00765
b20_C,_7765_,MUX2,0,1,3,2,16,23,294,-1.7578125000028422e-06,2.394,0.5320000000001528,0.00765
b20_C,_7766_,NAND2,0,0,2,1,17,22,291,-0.00023787109375028592,1.33,0.5320000000001528,0.00765
b20_C,_7767_,AOI21,0,0,3,1,5,23,362,-0.0083494335937504,1.862,0.7980000000006839,0.00765
b20_C,_7768_,XNOR2,0,0,2,3,6,22,361,0.0,2.66,1.0640000000003056,0.00765
b20_C,_7769_,OAI21,0,0,3,2,18,21,290,-0.00027166015625024187,1.862,0.7980000000006839,0.00765
b20_C,_7770_,BUF,0,0,1,10,19,20,288,0.0,1.064,0.26600000000053114,0.00765
b20_C,_7771_,AND2,0,0,2,2,20,18,57,-1.2968750000119655e-05,1.33,0.26600000000053114,0.00765
b20_C,_7773_,OR2,0,0,2,2,21,17,56,0.0,1.33,0.26600000000053114,0.00765
b20_C,_7772_,NOR2,0,0,2,2,20,18,57,-1.953125017273294e-08,1.33,0.5320000000001528,0.00765
b20_C,_7774_,AND2,0,0,2,1,22,16,52,-7.167968750110276e-06,1.33,0.26600000000053114,0.00765
b20_C,_7775_,XNOR2,0,0,2,3,7,21,326,7.031250000011369e-07,2.66,1.0640000000003056,0.00765
b20_C,_7776_,OR2,0,0,2,2,14,20,323,-1.6601562502494005e-06,1.33,0.26600000000053114,0.00765
b20_C,_7777_,AOI222,0,1,6,2,15,20,323,-7.062500000021288e-05,3.724,1.595999999999549,0.00765
b20_C,_7778_,AND2,0,0,2,10,16,19,253,-1.2187500000315765e-05,1.33,0.26600000000053114,0.00765
b20_C,_7779_,NOR2,0,0,2,1,5,23,393,-0.007841132812500096,1.33,0.5320000000001528,0.00765
b20_C,_7780_,XNOR2,0,0,2,3,6,22,392,0.0,2.66,1.0640000000003056,0.00765
b20_C,_7781_,NOR2,0,0,2,1,16,21,310,-0.0002453125000001499,1.33,0.5320000000001528,0.00765
b20_C,_7782_,MUX2,0,1,3,2,15,21,312,4.999999999810711e-06,2.394,0.5320000000001528,0.00765
b20_C,_7783_,AOI21,0,0,3,10,17,20,309,-0.00027613281250005173,1.862,0.7980000000006839,0.00765
b20_C,_7784_,XNOR2,0,0,2,2,18,18,61,-3.35546875001036e-05,2.66,1.0640000000003056,0.00765
b20_C,_7785_,NOR2,0,0,2,3,19,16,58,-1.8945312501017497e-06,1.33,0.5320000000001528,0.00765
b20_C,_7786_,AND2,0,0,2,2,19,17,59,-9.17968750346887e-07,1.33,0.26600000000053114,0.00765
b20_C,_7787_,AND2,0,0,2,3,14,22,339,-3.812500000011099e-05,1.33,0.26600000000053114,0.00765
b20_C,_7788_,AOI22,0,1,4,1,14,23,340,-0.00013035156250040814,2.394,1.0640000000003056,0.00765
b20_C,_7789_,NOR2,0,0,2,1,6,24,344,0.0,1.33,0.5320000000001528,0.00765
b20_C,_7790_,XNOR2,0,0,2,3,7,23,343,0.0,2.66,1.0640000000003056,0.00765
b20_C,_7791_,OAI21,0,1,3,3,15,22,339,-9.414062500212594e-06,1.862,0.7980000000006839,0.00765
b20_C,_7792_,OR2,0,1,2,3,16,21,263,1.1914062499895905e-05,1.33,0.26600000000053114,0.00765
b20_C,_7793_,BUF,0,1,1,10,17,20,122,2.3242187499938893e-05,1.064,0.26600000000053114,0.00765
b20_C,_7794_,OR2,0,0,2,2,4,24,483,-0.001437148437500202,1.33,0.26600000000053114,0.00765
b20_C,_7796_,XOR2,0,0,2,4,6,22,422,0.0,2.394,0.7979999999997744,0.00765
b20_C,_7797_,NOR2,0,0,2,1,16,21,276,-0.0002453125000001499,1.33,0.5320000000001528,0.00765
b20_C,_7795_,OAI21,0,0,3,1,5,23,423,0.0,1.862,0.7980000000006839,0.00765
b20_C,_7798_,NAND2,0,0,2,1,8,23,331,-1.9511718750031548e-05,1.33,0.5320000000001528,0.00765
b20_C,_7799_,OAI21,0,1,3,3,14,22,330,-2.2187499999937188e-05,1.862,0.7980000000006839,0.00765
b20_C,_7800_,AOI21,0,0,3,5,17,20,275,-0.00028533203125036266,1.862,0.7980000000006839,0.00765
b20_C,_7801_,XNOR2,0,0,2,3,18,18,67,-8.98437500174154e-07,2.66,1.0640000000003056,0.00765
b20_C,_7802_,NOR2,0,0,2,1,19,17,56,-4.296875000253664e-06,1.33,0.5320000000001528,0.00765
b20_C,_7803_,AND2,0,0,2,4,14,21,353,-1.8828125000203144e-05,1.33,0.26600000000053114,0.00765
b20_C,_7804_,NAND2,0,0,2,1,14,22,354,-9.173828125019767e-05,1.33,0.5320000000001528,0.00765
b20_C,_7805_,NAND2,0,0,2,1,14,22,354,-3.906250012342127e-08,1.33,0.5320000000001528,0.00765
b20_C,_7806_,XOR2,0,0,2,3,6,22,356,0.0,2.394,0.7979999999997744,0.00765
b20_C,_7807_,OAI211,0,0,4,4,15,21,353,-3.1250000009919177e-07,2.394,1.0640000000003056,0.00765
b20_C,_7809_,XOR2,0,0,2,4,6,22,448,0.0,2.394,0.7979999999997744,0.00765
b20_C,_7808_,NAND2,0,0,2,1,5,23,449,0.0,1.33,0.5320000000001528,0.00765
b20_C,_7810_,NOR2,0,0,2,1,16,21,251,-0.0002453125000001499,1.33,0.5320000000001528,0.00765
b20_C,_7811_,NAND2,0,0,2,1,7,23,347,-2.072265625008285e-05,1.33,0.5320000000001528,0.00765
b20_C,_7812_,OAI21,0,1,3,3,14,22,346,-2.3300781250235048e-05,1.862,0.7980000000006839,0.00765
b20_C,_7813_,AOI21,0,0,3,4,17,20,250,-0.00029082031250027285,1.862,0.7980000000006839,0.00765
b20_C,_7814_,XNOR2,0,0,2,3,18,19,69,-6.054687502476952e-07,2.66,1.0640000000003056,0.00765
b20_C,_7815_,OR2,0,0,2,8,16,20,118,0.0,1.33,0.26600000000053114,0.00765
b20_C,_7816_,AND2,0,0,2,2,19,18,67,0.0,1.33,0.26600000000053114,0.00765
b20_C,_7817_,AOI22,0,0,4,2,14,22,370,-7.730468750022368e-05,2.394,1.0640000000003056,0.00765
b20_C,_7818_,NAND2,0,0,2,2,14,22,370,-0.00019720703125014616,1.33,0.5320000000001528,0.00765
b20_C,_7819_,XNOR2,0,0,2,3,5,23,373,0.0,2.66,1.0640000000003056,0.00765
b20_C,_7821_,AND3,0,0,3,7,15,21,282,0.0,1.596,0.26600000000053114,0.00765
b20_C,_7822_,NAND2,0,0,2,1,4,25,481,-0.003376425781250081,1.33,0.5320000000001528,0.00765
b20_C,_7820_,NAND2,0,0,2,2,14,22,370,0.0,1.33,0.5320000000001528,0.00765
b20_C,_7823_,XOR2,0,0,2,3,5,24,480,0.0,2.394,0.7979999999997744,0.00765
b20_C,_7825_,MUX2,0,1,3,2,13,23,363,4.414062499957794e-06,2.394,0.5320000000001528,0.00765
b20_C,_7824_,NOR2,0,0,2,1,15,23,361,-0.00024785156249995666,1.33,0.5320000000001528,0.00765
b20_C,_7826_,AOI21,0,0,3,8,16,22,360,-0.0002887500000001708,1.862,0.7980000000006839,0.00765
b20_C,_7827_,XNOR2,0,0,2,2,17,21,74,-3.1328125000396057e-05,2.66,1.0640000000003056,0.00765
b20_C,_7828_,NOR2,0,0,2,3,18,18,70,0.0,1.33,0.5320000000001528,0.00765
b20_C,_7829_,NAND2,0,0,2,1,18,20,72,0.0,1.33,0.5320000000001528,0.00765
b20_C,_7830_,INV,0,0,1,2,19,19,71,0.0,0.798,0.26599999999962165,0.00765
b20_C,_7831_,AND2,0,0,2,3,14,23,388,-3.812500000011099e-05,1.33,0.26600000000053114,0.00765
b20_C,_7832_,AOI22,0,0,4,1,14,24,389,-0.00013931640625042263,2.394,1.0640000000003056,0.00765
b20_C,_7833_,NOR2,0,0,2,1,4,25,394,0.0,1.33,0.5320000000001528,0.00765
b20_C,_7834_,XNOR2,0,0,2,3,5,24,393,0.0,2.66,1.0640000000003056,0.00765
b20_C,_7835_,OAI21,0,0,3,3,15,23,388,-3.1250000009919177e-07,1.862,0.7980000000006839,0.00765
b20_C,_7836_,OR2,0,0,2,9,16,21,303,0.0,1.33,0.26600000000053114,0.00765
b20_C,_7837_,NAND2,0,0,2,2,3,26,569,-0.008310527343750262,1.33,0.5320000000001528,0.00765
b20_C,_7838_,OAI21,0,0,3,1,4,25,511,0.0,1.862,0.7980000000006839,0.00765
b20_C,_7839_,XNOR2,0,0,2,3,5,24,510,0.0,2.66,1.0640000000003056,0.00765
b20_C,_7840_,NOR2,0,0,2,1,14,23,378,-0.00024822265625012996,1.33,0.5320000000001528,0.00765
b20_C,_7841_,MUX2,0,1,3,2,12,23,380,-7.812500002479794e-07,2.394,0.5320000000001528,0.00765
b20_C,_7842_,AOI21,0,0,3,7,15,22,377,-0.0002908007812501001,1.862,0.7980000000006839,0.00765
b20_C,_7843_,XNOR2,0,0,2,2,16,20,77,-1.9531249950688334e-08,2.66,1.0640000000003056,0.00765
b20_C,_7845_,NAND2,0,0,2,1,4,25,536,0.0,1.33,0.5320000000001528,0.00765
b20_C,_7844_,NOR2,0,0,2,3,17,19,75,0.0,1.33,0.5320000000001528,0.00765
b20_C,_7846_,XNOR2,0,0,2,4,5,24,535,0.0,2.66,1.0640000000003056,0.00765
b20_C,_7847_,NOR2,0,0,2,1,15,23,302,-0.00024785156249995666,1.33,0.5320000000001528,0.00765
b20_C,_7848_,MUX2,0,1,3,3,12,24,393,1.6601562498053113e-06,2.394,0.5320000000001528,0.00765
b20_C,_7849_,AOI21,0,0,3,6,16,22,301,-0.00028578125000011667,1.862,0.7980000000006839,0.00765
b20_C,_7850_,XNOR2,0,0,2,3,17,21,78,-5.078125000501643e-07,2.66,1.0640000000003056,0.00765
b20_C,_7851_,OR2,0,0,2,6,16,21,123,-1.9531249950688334e-08,1.33,0.26600000000053114,0.00765
b20_C,_7852_,AND2,0,0,2,1,18,20,74,-1.9531249950688334e-08,1.33,0.26600000000053114,0.00765
b20_C,_7853_,AOI211,0,21,4,2,20,20,77,-0.0001420898437500817,2.394,1.0640000000003056,0.00765
b20_C,_7855_,NAND2,0,0,2,3,17,19,74,0.0,1.33,0.5320000000001528,0.00765
b20_C,_7856_,AOI211,0,18,4,2,22,18,67,-0.00017759765625013912,2.394,1.0640000000003056,0.00765
b20_C,_7859_,AOI211,0,15,4,2,24,16,55,-0.00015402343750015035,2.394,1.0640000000003056,0.00765
b20_C,_7858_,NAND2,0,0,2,3,19,17,64,-4.687500000155609e-06,1.33,0.5320000000001528,0.00765
b20_C,_7861_,OR2,0,0,2,3,20,15,52,0.0,1.33,0.26600000000053114,0.00765
b20_C,_7862_,AOI211,0,12,4,2,26,14,44,-0.00013501953125016897,2.394,1.0640000000003056,0.00765
b20_C,_7864_,OR2,0,0,2,3,22,13,40,0.0,1.33,0.26600000000053114,0.00765
b20_C,_7865_,AOI211,0,9,4,2,28,12,32,-0.00011412109375008583,2.394,1.0640000000003056,0.00765
b20_C,_7867_,NAND2,0,0,2,2,23,11,25,-1.369140625007148e-05,1.33,0.5320000000001528,0.00765
b20_C,_7868_,AOI211,0,6,4,1,30,10,21,-0.00015396484375029829,2.394,1.0640000000003056,0.00765
b20_C,_7869_,OR2,0,6,2,2,31,9,20,3.652343749971365e-05,1.33,0.26600000000053114,0.00765
b20_C,_7870_,NOR2,0,0,2,2,25,9,21,0.0,1.33,0.5320000000001528,0.00765
b20_C,_7871_,OAI21,0,5,3,2,32,8,17,9.167968749990152e-05,1.862,0.7980000000006839,0.00765
b20_C,_7872_,NAND2,0,0,2,1,26,8,15,-4.6093750003528555e-06,1.33,0.5320000000001528,0.00765
b20_C,_7874_,NOR2,0,0,2,1,26,7,11,0.0,1.33,0.5320000000001528,0.00765
b20_C,_7873_,AOI21,0,4,3,3,33,7,14,-3.273437499995424e-05,1.862,0.7980000000006839,0.00765
b20_C,_7875_,OAI21,0,3,3,2,34,6,10,4.3945312499626965e-05,1.862,0.7980000000006839,0.00765
b20_C,_7876_,NAND2,0,0,2,1,28,6,8,-4.45312500030326e-06,1.33,0.5320000000001528,0.00765
b20_C,_7877_,AOI21,0,2,3,3,35,5,7,-2.6425781250338787e-05,1.862,0.7980000000006839,0.00765
b20_C,_7878_,NAND2,0,0,2,2,16,14,84,0.0,1.33,0.5320000000001528,0.00765
b20_C,_7879_,NAND2,0,1,2,2,16,14,84,-3.656250000005912e-05,1.33,0.5320000000001528,0.00765
b20_C,_7880_,NOR2,0,0,2,1,16,16,90,0.0,1.33,0.5320000000001528,0.00765
b20_C,_7881_,XOR2,0,0,2,3,17,15,89,0.0,2.394,0.7979999999997744,0.00765
b20_C,_7882_,NAND2,0,0,2,2,18,14,84,0.0,1.33,0.5320000000001528,0.00765
b20_C,_7884_,NAND4,0,1,4,2,19,13,73,4.492187497540101e-07,2.394,1.0640000000003056,0.00765
b20_C,_7883_,NAND2,0,0,2,2,16,14,84,-1.0585937500140474e-05,1.33,0.5320000000001528,0.00765
b20_C,_7886_,MUX2,0,1,3,4,25,12,71,8.046874999667608e-06,2.394,0.5320000000001528,0.00765
b20_C,_7887_,NAND2,0,0,2,9,26,11,67,-0.00023951171875014055,1.33,0.5320000000001528,0.00765
b20_C,_7885_,BUF,0,1,1,10,20,12,71,2.0175781249909264e-05,1.064,0.26600000000053114,0.00765
b20_C,_7888_,XNOR2,0,0,2,2,27,5,7,-1.5625000000518696e-06,2.66,1.0640000000003056,0.00765
b20_C,_7889_,XNOR2,0,0,2,2,28,4,3,-7.3437500001105604e-06,2.66,1.0640000000003056,0.00765
b20_C,_7890_,OAI21,0,1,3,1,36,3,2,-6.816406250109708e-06,1.862,0.7980000000006839,0.00765
b20_C,_7891_,AOI21,0,1,3,1,37,2,1,-3.462890625005599e-05,1.862,0.7980000000006839,0.00765
b20_C,_7892_,BUF,0,1,1,10,3,4,41,4.158203124982052e-05,1.064,0.26600000000053114,0.00765
b20_C,_7893_,NAND2,0,0,2,1,4,3,2,-7.792968750086615e-06,1.33,0.5320000000001528,0.00765
b20_C,_7895_,NOR3,0,0,3,1,16,12,65,0.0,1.862,0.7980000000006839,0.00765
b20_C,_7894_,AOI222,0,1,6,1,16,11,60,-3.3964843750178275e-05,3.724,1.595999999999549,0.00765
b20_C,_7896_,XNOR2,0,0,2,3,17,11,64,0.0,2.66,1.0640000000003056,0.00765
b20_C,_7897_,OAI21,0,1,3,3,18,10,59,-1.5410156250172946e-05,1.862,0.7980000000006839,0.00765
b20_C,_7898_,BUF,0,1,1,10,19,9,54,2.148437499993605e-05,1.064,0.26600000000053114,0.00765
b20_C,_7899_,AND2,0,0,2,7,11,9,339,-0.00016779296875024663,1.33,0.26600000000053114,0.00765
b20_C,_7901_,NOR2,0,0,2,9,12,8,314,9.62890624989221e-06,1.33,0.5320000000001528,0.00765
b20_C,_7900_,AND2,0,0,2,5,11,9,338,-2.7832031250119016e-05,1.33,0.26600000000053114,0.00765
b20_C,_7902_,NOR2,0,2,2,4,15,7,249,1.4531249999727436e-05,1.33,0.5320000000001528,0.00765
b20_C,_7903_,NOR2,0,0,2,8,18,6,46,-1.2109375000068923e-05,1.33,0.5320000000001528,0.00765
b20_C,_7904_,NAND2,0,0,2,8,20,5,23,0.0,1.33,0.5320000000001528,0.00765
b20_C,_7905_,AOI222,0,0,6,1,22,3,2,-4.054687500021359e-05,3.724,1.595999999999549,0.00765
b20_C,_7906_,OAI211,0,0,4,1,27,2,1,-1.1523437501992362e-06,2.394,1.0640000000003056,0.00765
b20_C,_7908_,NAND2,0,0,2,1,3,4,3,-9.121093750064091e-06,1.33,0.5320000000001528,0.00765
b20_C,_7907_,OR2,0,1,2,0,38,1,0,4.609374999908766e-06,1.33,0.26600000000053114,0.00765
b20_C,_7910_,CLKBUF,0,0,1,10,19,4,30,0.0,1.064,0.26600000000053114,0.00765
b20_C,_7909_,NAND2,0,0,2,6,18,5,46,-1.3125000000169251e-05,1.33,0.5320000000001528,0.00765
b20_C,_7912_,NOR2,0,0,2,3,11,8,148,-3.320312500498801e-07,1.33,0.5320000000001528,0.00765
b20_C,_7911_,OAI21,0,0,3,1,20,3,2,-1.7382812500521538e-06,1.862,0.7980000000006839,0.00765
b20_C,_7913_,NAND2,0,0,2,4,16,7,71,-0.00026150390625012676,1.33,0.5320000000001528,0.00765
b20_C,_7914_,OAI21,0,0,3,6,19,6,37,0.0,1.862,0.7980000000006839,0.00765
b20_C,_7915_,AOI221,0,0,5,1,21,2,1,0.0,2.926,1.3299999999999272,0.00765
b20_C,_7916_,CLKBUF,0,0,1,10,21,2,10,-7.226562501738698e-07,1.064,0.26600000000053114,0.00765
b20_C,_7917_,NOR2,0,1,2,1,25,3,2,-0.00021654296875039947,1.33,0.5320000000001528,0.00765
b20_C,_7918_,XNOR2,0,0,2,1,22,3,2,-1.7226562500249898e-05,2.66,1.0640000000003056,0.00765
b20_C,_7919_,XNOR2,0,1,2,1,26,2,1,-1.2871093750366214e-05,2.66,1.0640000000003056,0.00765
b20_C,_7920_,OAI221,0,1,5,0,27,1,0,-3.4335937500351577e-05,2.926,1.3299999999999272,0.00765
b20_C,_7921_,CLKBUF,0,0,1,10,19,5,26,8.867187499816964e-06,1.064,0.26600000000053114,0.00765
b20_C,_7922_,AOI22,0,0,4,1,21,4,3,-7.089843750307523e-06,2.394,1.0640000000003056,0.00765
b20_C,_7923_,OR2,0,0,2,6,23,13,111,-1.660156250027356e-05,1.33,0.26600000000053114,0.00765
b20_C,_7924_,OAI221,0,0,5,1,24,3,2,-3.5742187503018386e-06,2.926,1.3299999999999272,0.00765
b20_C,_7925_,AOI21,0,0,3,1,25,2,1,-1.6601562502494005e-06,1.862,0.7980000000006839,0.00765
b20_C,_7926_,NOR2,0,0,2,1,26,3,2,7.226562499518252e-07,1.33,0.5320000000001528,0.00765
b20_C,_7927_,XNOR2,0,1,2,1,32,2,1,-4.142578125021501e-05,2.66,1.0640000000003056,0.00765
b20_C,_7928_,OAI21,0,1,3,0,33,1,0,-1.1328125002485478e-06,1.862,0.7980000000006839,0.00765
b20_C,_7929_,AOI22,0,0,4,1,21,4,3,-8.496093749998934e-05,2.394,1.0640000000003056,0.00765
b20_C,_7930_,CLKBUF,0,0,1,10,1,4,38,-5.859375000749623e-07,1.064,0.26600000000053114,0.00765
b20_C,_7931_,OAI221,0,0,5,1,22,3,2,-1.7578125000028422e-07,2.926,1.3299999999999272,0.00765
b20_C,_7934_,NOR2,0,0,2,1,20,3,2,9.765624975344167e-08,1.33,0.5320000000001528,0.00765
b20_C,_7933_,AOI21,0,1,3,1,22,3,2,-0.00046830078125026375,1.862,0.7980000000006839,0.00765
b20_C,_7932_,AOI21,0,0,3,1,23,2,1,0.0,1.862,0.7980000000006839,0.00765
b20_C,_7935_,XNOR2,0,1,2,1,23,2,1,-1.2421875000168114e-05,2.66,1.0640000000003056,0.00765
b20_C,_7936_,OAI21,0,1,3,0,24,1,0,-1.2499999999526779e-06,1.862,0.7980000000006839,0.00765
b20_C,_7937_,NAND2,0,0,2,1,14,26,256,-0.00023998046875028933,1.33,0.5320000000001528,0.00765
b20_C,_7938_,OAI21,0,0,3,5,15,25,255,-0.00027472656250004945,1.862,0.7980000000006839,0.00765
b20_C,_7939_,AOI22,0,0,4,1,20,4,3,0.0,2.394,1.0640000000003056,0.00765
b20_C,_7941_,AOI21,0,1,3,1,24,2,1,-7.193359375001762e-05,1.862,0.7980000000006839,0.00765
b20_C,_7940_,OAI221,0,1,5,1,23,3,2,-2.462890624999048e-05,2.926,1.3299999999999272,0.00765
b20_C,_7942_,BUF,0,4,1,10,16,25,72,1.0898437499795577e-05,1.064,0.26600000000053114,0.00765
b20_C,_7943_,XNOR2,0,0,2,1,17,3,2,-2.2070312500233058e-05,2.66,1.0640000000003056,0.00765
b20_C,_7944_,XNOR2,0,0,2,1,18,2,1,-0.0006100390625001229,2.66,1.0640000000003056,0.00765
b20_C,_7945_,OAI21,0,1,3,0,25,1,0,-1.3964843750269296e-05,1.862,0.7980000000006839,0.00765
b20_C,_7947_,CLKBUF,0,0,1,10,3,3,20,-3.925781250302407e-06,1.064,0.26600000000053114,0.00765
b20_C,_7946_,OAI22,0,0,4,1,22,3,2,0.0,2.394,1.0640000000003056,0.00765
b20_C,_7948_,AOI221,0,0,5,1,23,2,1,-6.386718750306386e-06,2.926,1.3299999999999272,0.00765
b20_C,_7949_,NAND2,0,0,2,2,22,4,6,0.0,1.33,0.5320000000001528,0.00765
b20_C,_7950_,NAND2,0,1,2,1,28,4,3,-0.0003113476562504047,1.33,0.5320000000001528,0.00765
b20_C,_7951_,NAND2,0,1,2,1,29,3,2,-1.0117187500213731e-05,1.33,0.5320000000001528,0.00765
b20_C,_7952_,NOR2,0,0,2,1,24,3,2,0.0,1.33,0.5320000000001528,0.00765
b20_C,_7953_,XOR2,0,1,2,1,30,2,1,-4.531250000106013e-06,2.394,0.7979999999997744,0.00765
b20_C,_7954_,OAI221,0,1,5,0,31,1,0,-1.8496093750153264e-05,2.926,1.3299999999999272,0.00765
b20_C,_7955_,NOR4,0,0,4,3,16,12,73,0.0,2.394,1.0640000000003056,0.00765
b20_C,_7957_,NAND2,0,1,2,1,16,11,41,-3.898437500016172e-05,1.33,0.5320000000001528,0.00765
b20_C,_7956_,NAND2,0,0,2,3,17,11,71,6.445312497049827e-07,1.33,0.5320000000001528,0.00765
b20_C,_7959_,NAND3,0,1,3,9,18,10,40,3.595703124981142e-05,1.862,0.7980000000006839,0.00765
b20_C,_7958_,AOI22,0,0,4,1,16,11,41,-8.886718750211742e-06,2.394,1.0640000000003056,0.00765
b20_C,_7960_,AOI22,0,0,4,1,19,4,3,-1.3515625000071196e-05,2.394,1.0640000000003056,0.00765
b20_C,_7961_,AND4,0,0,4,5,19,9,51,-4.082031250352003e-06,1.862,0.26600000000053114,0.00765
b20_C,_7962_,OAI221,0,0,5,1,23,3,2,-2.109375000225455e-06,2.926,1.3299999999999272,0.00765
b20_C,_7963_,MUX2,0,1,3,4,26,10,49,9.140624999792735e-06,2.394,0.5320000000001528,0.00765
b20_C,_7964_,NAND2,0,0,2,5,27,9,45,-0.0002702539062502396,1.33,0.5320000000001528,0.00765
b20_C,_7965_,INV,0,0,1,4,28,7,13,0.0,0.798,0.26599999999962165,0.00765
b20_C,_7966_,CLKBUF,0,0,1,10,20,5,22,0.0,1.064,0.26600000000053114,0.00765
b20_C,_7967_,AOI21,0,0,3,1,29,2,1,0.0,1.862,0.7980000000006839,0.00765
b20_C,_7970_,OAI21,0,1,3,1,37,3,2,-4.3359375001550404e-06,1.862,0.7980000000006839,0.00765
b20_C,_7969_,OAI21,0,1,3,1,36,4,3,-1.5546875000271854e-05,1.862,0.7980000000006839,0.00765
b20_C,_7968_,XNOR2,0,0,2,1,27,5,4,-1.6210937503480238e-06,2.66,1.0640000000003056,0.00765
b20_C,_7972_,XNOR2,0,0,2,1,29,3,2,9.179687499027978e-07,2.66,1.0640000000003056,0.00765
b20_C,_7971_,XOR2,0,0,2,4,28,6,18,-6.699218749961489e-06,2.394,0.7979999999997744,0.00765
b20_C,_7973_,XNOR2,0,1,2,1,38,2,1,-4.375000000056417e-06,2.66,1.0640000000003056,0.00765
b20_C,_7974_,OAI21,0,1,3,0,39,1,0,-1.2109375000513012e-06,1.862,0.7980000000006839,0.00765
b20_C,_7975_,NAND2,0,0,2,1,15,23,288,-0.00023966796875019014,1.33,0.5320000000001528,0.00765
b20_C,_7976_,OAI21,0,0,3,5,16,22,287,-0.00027410156250029516,1.862,0.7980000000006839,0.00765
b20_C,_7977_,AOI22,0,0,4,1,21,4,3,-1.5625000004959588e-07,2.394,1.0640000000003056,0.00765
b20_C,_7978_,NOR2,0,0,2,5,16,22,297,0.0,1.33,0.5320000000001528,0.00765
b20_C,_7979_,OAI221,0,0,5,1,23,3,2,-2.4589843750089102e-05,2.926,1.3299999999999272,0.00765
b20_C,_7980_,NAND4,0,0,4,8,15,23,269,2.8125000000045475e-06,2.394,1.0640000000003056,0.00765
b20_C,_7981_,AOI21,0,0,3,1,24,2,1,-3.316406250020165e-05,1.862,0.7980000000006839,0.00765
b20_C,_7983_,XNOR2,0,0,2,1,18,3,2,8.789062500014211e-07,2.66,1.0640000000003056,0.00765
b20_C,_7982_,NOR2,0,1,2,1,21,3,2,-0.00034701171875006764,1.33,0.5320000000001528,0.00765
b20_C,_7984_,XNOR2,0,1,2,1,22,2,1,-5.390625000156746e-06,2.66,1.0640000000003056,0.00765
b20_C,_7985_,OAI21,0,1,3,0,25,1,0,-1.2109375000513012e-06,1.862,0.7980000000006839,0.00765
b20_C,_7986_,NAND2,0,0,2,1,21,2,1,0.0,1.33,0.5320000000001528,0.00765
b20_C,_7987_,NAND2,0,0,2,3,22,3,6,0.0,1.33,0.5320000000001528,0.00765
b20_C,_7988_,AOI222,0,1,6,1,23,2,1,-7.87890625000287e-05,3.724,1.595999999999549,0.00765
b20_C,_7989_,AOI21,0,0,3,1,16,3,2,-9.765625000213163e-06,1.862,0.7980000000006839,0.00765
b20_C,_7990_,NAND4,0,1,4,6,13,26,61,-0.0011487695312502044,2.394,1.0640000000003056,0.00765
b20_C,_7991_,XNOR2,0,0,2,1,15,3,2,-1.0253906250090594e-05,2.66,1.0640000000003056,0.00765
b20_C,_7992_,XNOR2,0,0,2,1,17,2,1,0.0,2.66,1.0640000000003056,0.00765
b20_C,_7993_,OAI211,0,1,4,0,24,1,0,-7.031250000011369e-06,2.394,1.0640000000003056,0.00765
b20_C,_7994_,NAND2,0,0,2,1,15,17,135,-8.960937500024357e-05,1.33,0.5320000000001528,0.00765
b20_C,_7995_,OAI211,0,1,4,10,17,16,134,3.0351562499753015e-05,2.394,1.0640000000003056,0.00765
b20_C,_7996_,AOI22,0,0,4,1,21,4,3,-1.203125000026617e-05,2.394,1.0640000000003056,0.00765
b20_C,_7997_,OAI21,0,0,3,1,22,3,2,-3.529296875015575e-05,1.862,0.7980000000006839,0.00765
b20_C,_7998_,AOI221,0,0,5,1,23,2,1,-1.9531249950688334e-08,2.926,1.3299999999999272,0.00765
b20_C,_7999_,XNOR2,0,0,2,1,23,3,2,-1.6406250000100542e-05,2.66,1.0640000000003056,0.00765
b20_C,_8000_,XNOR2,0,1,2,1,30,2,1,-0.00021308593750024585,2.66,1.0640000000003056,0.00765
b20_C,_8001_,OAI21,0,1,3,0,31,1,0,-5.2734375000085265e-06,1.862,0.7980000000006839,0.00765
b20_C,_8002_,NAND2,0,0,2,2,4,4,6,0.0,1.33,0.5320000000001528,0.00765
b20_C,_8004_,OAI221,0,0,5,1,22,3,2,-2.8750000000243858e-05,2.926,1.3299999999999272,0.00765
b20_C,_8005_,OAI22,0,0,4,1,23,3,2,-1.8945312503237943e-06,2.394,1.0640000000003056,0.00765
b20_C,_8003_,NOR2,0,0,2,7,16,20,252,6.249999999763389e-06,1.33,0.5320000000001528,0.00765
b20_C,_8006_,OR2,0,0,2,2,19,5,7,-2.089843750274767e-06,1.33,0.26600000000053114,0.00765
b20_C,_8007_,NAND2,0,0,2,1,20,4,3,0.0,1.33,0.5320000000001528,0.00765
b20_C,_8008_,XOR2,0,1,2,1,24,3,2,-0.0005700195312501322,2.394,0.7979999999997744,0.00765
b20_C,_8009_,AOI211,0,1,4,1,25,2,1,-1.693359375032344e-05,2.394,1.0640000000003056,0.00765
b20_C,_8010_,INV,0,1,1,0,26,1,0,-4.062499999957225e-06,0.798,0.26599999999962165,0.00765
b20_C,_8011_,NAND4,0,1,4,10,17,12,92,6.72656249998127e-05,2.394,1.0640000000003056,0.00765
b20_C,_8012_,XNOR2,0,0,2,2,26,4,3,-1.9121093750129603e-05,2.66,1.0640000000003056,0.00765
b20_C,_8013_,AOI21,0,1,3,1,34,3,2,-2.4667968750335945e-05,1.862,0.7980000000006839,0.00765
b20_C,_8014_,OAI21,0,1,3,1,35,2,1,-5.658203125014083e-05,1.862,0.7980000000006839,0.00765
b20_C,_8015_,INV,0,0,1,2,20,8,27,-4.414062499957794e-06,0.798,0.26600000000053114,0.00765
b20_C,_8017_,AOI221,0,0,5,1,23,2,1,-7.505859375012136e-05,2.926,1.3299999999999272,0.00765
b20_C,_8016_,OAI22,0,0,4,1,22,3,2,-2.3300781250235048e-05,2.394,1.0640000000003056,0.00765
b20_C,_8018_,OAI211,0,1,4,0,36,1,0,-7.734375000012506e-06,2.394,1.0640000000003056,0.00765
b20_C,_8019_,OAI222,0,0,6,1,22,3,2,-2.662109375028976e-05,3.724,1.595999999999549,0.00765
b20_C,_8020_,AOI221,0,0,5,1,23,2,1,0.0,2.926,1.3299999999999272,0.00765
b20_C,_8021_,NAND2,0,1,2,1,26,4,3,-0.000397929687500298,1.33,0.5320000000001528,0.00765
b20_C,_8022_,NAND2,0,1,2,1,27,3,2,-1.0117187500213731e-05,1.33,0.5320000000001528,0.00765
b20_C,_8023_,NOR2,0,0,2,1,23,3,2,0.0,1.33,0.5320000000001528,0.00765
b20_C,_8024_,XOR2,0,1,2,1,28,2,1,-5.507812500304965e-06,2.394,0.7980000000006839,0.00765
b20_C,_8025_,OAI21,0,1,3,0,29,1,0,-1.1855468750265885e-05,1.862,0.7980000000006839,0.00765
b20_C,_8026_,NAND2,0,0,2,8,14,25,304,0.0,1.33,0.5320000000001528,0.00765
b20_C,_8027_,AOI22,0,1,4,1,22,2,1,-3.3593750000004974e-05,2.394,1.0640000000003056,0.00765
b20_C,_8029_,NAND2,0,0,2,1,13,25,324,-0.00025384765625013905,1.33,0.5320000000001528,0.00765
b20_C,_8028_,NOR2,0,0,2,1,22,3,2,0.0,1.33,0.5320000000001528,0.00765
b20_C,_8030_,OAI21,0,0,3,4,14,24,323,-0.00027470703125009877,1.862,0.7980000000006839,0.00765
b20_C,_8031_,AOI221,0,0,5,1,23,2,1,-2.9882812500048317e-06,2.926,1.3299999999999272,0.00765
b20_C,_8032_,NOR2,0,0,2,1,19,3,2,-0.00037218750000000966,1.33,0.5320000000001528,0.00765
b20_C,_8033_,XNOR2,0,0,2,1,17,3,2,-9.960937501496403e-07,2.66,1.0640000000003056,0.00765
b20_C,_8034_,XNOR2,0,0,2,1,20,2,1,0.0,2.66,1.0640000000003056,0.00765
b20_C,_8035_,OAI211,0,1,4,0,24,1,0,-9.062500000212026e-06,2.394,1.0640000000003056,0.00765
b20_C,_8036_,NOR2,0,1,2,2,27,4,3,-0.00016646484375026915,1.33,0.5320000000001528,0.00765
b20_C,_8037_,XNOR2,0,0,2,2,24,4,3,-8.593750000507328e-07,2.66,1.0640000000003056,0.00765
b20_C,_8038_,AOI21,0,1,3,1,28,3,2,-1.2539062500316334e-05,1.862,0.7980000000006839,0.00765
b20_C,_8039_,OAI21,0,1,3,1,29,2,1,-2.4550781250187725e-05,1.862,0.7980000000006839,0.00765
b20_C,_8041_,OR2,0,1,2,8,17,18,137,2.4863281249842828e-05,1.33,0.26600000000053114,0.00765
b20_C,_8040_,OAI22,0,0,4,1,22,3,2,0.0,2.394,1.0640000000003056,0.00765
b20_C,_8042_,AOI221,0,0,5,1,23,2,1,-6.464843750109139e-06,2.926,1.3299999999999272,0.00765
b20_C,_8043_,OAI211,0,1,4,0,30,1,0,-9.257812500162999e-06,2.394,1.0640000000003056,0.00765
b20_C,_8044_,AOI22,0,0,4,1,21,4,3,-1.9511718750031548e-05,2.394,1.0640000000003056,0.00765
b20_C,_8045_,NAND2,0,0,2,4,24,13,84,-0.00024312500000012172,1.33,0.5320000000001528,0.00765
b20_C,_8046_,OAI221,0,0,5,1,25,3,2,0.0,2.926,1.3299999999999272,0.00765
b20_C,_8047_,AOI21,0,0,3,1,26,2,1,-1.6601562502494005e-06,1.862,0.7980000000006839,0.00765
b20_C,_8048_,XNOR2,0,0,2,1,26,3,2,-5.488281250354277e-06,2.66,1.0640000000003056,0.00765
b20_C,_8049_,XNOR2,0,1,2,1,33,2,1,-0.0001065820312500243,2.66,1.0640000000003056,0.00765
b20_C,_8050_,OAI21,0,1,3,0,34,1,0,-5.1562500003043965e-06,1.862,0.7980000000006839,0.00765
b20_C,_8051_,NAND2,0,0,2,1,3,4,3,-9.121093750064091e-06,1.33,0.5320000000001528,0.00765
b20_C,_8053_,AOI221,0,1,5,1,22,2,1,-5.042968750013088e-05,2.926,1.3299999999999272,0.00765
b20_C,_8052_,OAI21,0,0,3,1,19,3,2,0.0,1.862,0.7980000000006839,0.00765
b20_C,_8054_,AOI21,0,0,3,1,18,3,2,-0.0005076953125002781,1.862,0.7980000000006839,0.00765
b20_C,_8055_,NOR2,0,0,2,1,17,3,2,0.0,1.33,0.5320000000001528,0.00765
b20_C,_8056_,XNOR2,0,0,2,1,19,2,1,0.0,2.66,1.0640000000003056,0.00765
b20_C,_8057_,OAI221,0,1,5,0,23,1,0,-1.3496093750120508e-05,2.926,1.3299999999999272,0.00765
b20_C,_8058_,NAND2,0,0,2,1,4,4,3,0.0,1.33,0.5320000000001528,0.00765
b20_C,_8059_,OAI21,0,0,3,1,19,3,2,0.0,1.862,0.7980000000006839,0.00765
b20_C,_8060_,OAI22,0,0,4,1,23,3,2,-7.714843750061817e-06,2.394,1.0640000000003056,0.00765
b20_C,_8061_,NAND3,0,0,3,8,15,21,287,0.0,1.862,0.7980000000006839,0.00765
b20_C,_8062_,AOI211,0,0,4,1,24,2,1,-2.128906249954099e-06,2.394,1.0640000000003056,0.00765
b20_C,_8063_,INV,0,0,1,1,18,4,3,0.0,0.798,0.26600000000053114,0.00765
b20_C,_8065_,XNOR2,0,1,2,1,22,2,1,-0.0005650585937502228,2.66,1.0640000000003056,0.00765
b20_C,_8064_,NAND2,0,0,2,1,19,3,2,0.0,1.33,0.5320000000001528,0.00765
b20_C,_8066_,OAI21,0,1,3,0,25,1,0,-5.292968749959215e-06,1.862,0.7980000000006839,0.00765
b20_C,_8067_,MUX2,0,0,3,7,12,26,326,-0.00011947265625011916,2.394,0.5320000000001528,0.00765
b20_C,_8068_,AND4,0,0,4,5,13,26,397,-8.417968750062954e-06,1.862,0.26600000000053114,0.00765
b20_C,_8069_,XNOR2,0,0,2,5,14,13,21,-6.035156250305818e-06,2.66,1.0640000000003056,0.00765
b20_C,_8070_,AOI222,0,0,6,1,23,2,1,-1.2109375000513012e-06,3.724,1.595999999999549,0.00765
b20_C,_8071_,OAI21,0,1,3,0,24,1,0,-0.0009226953125001103,1.862,0.7980000000006839,0.00765
b20_C,_8072_,NOR2,0,1,2,2,29,4,3,-0.00012007812500014481,1.33,0.5320000000001528,0.00765
b20_C,_8073_,XNOR2,0,0,2,2,25,4,3,-4.328125000019334e-05,2.66,1.0640000000003056,0.00765
b20_C,_8074_,AOI21,0,1,3,1,30,3,2,-1.2539062500316334e-05,1.862,0.7980000000006839,0.00765
b20_C,_8075_,OAI21,0,1,3,1,31,2,1,-2.5917968750288622e-05,1.862,0.7980000000006839,0.00765
b20_C,_8076_,INV,0,0,1,5,18,16,109,-4.57031250000739e-06,0.798,0.26600000000053114,0.00765
b20_C,_8077_,AND4,0,0,4,6,16,13,127,-4.140625000204068e-06,1.862,0.26600000000053114,0.00765
b20_C,_8078_,OAI222,0,0,6,1,22,3,2,-3.2949218750077947e-05,3.724,1.595999999999549,0.00765
b20_C,_8079_,AOI221,0,0,5,1,23,2,1,0.0,2.926,1.3299999999999272,0.00765
b20_C,_8080_,NAND2,0,1,2,0,32,1,0,-4.648437500254232e-06,1.33,0.5320000000001528,0.00765
b20_C,_8081_,AND4,0,0,4,6,16,19,172,-4.140625000204068e-06,1.862,0.26600000000053114,0.00765
b20_C,_8082_,OAI22,0,0,4,1,22,3,2,-2.3300781250235048e-05,2.394,1.0640000000003056,0.00765
b20_C,_8083_,OAI22,0,0,4,1,23,3,2,-3.6132812502032152e-06,2.394,1.0640000000003056,0.00765
b20_C,_8084_,AOI211,0,0,4,1,24,2,1,-3.662109375035527e-05,2.394,1.0640000000003056,0.00765
b20_C,_8085_,NAND2,0,1,2,1,24,4,3,-0.0004819335937500391,1.33,0.5320000000001528,0.00765
b20_C,_8086_,NAND2,0,1,2,1,25,3,2,-1.0117187500213731e-05,1.33,0.5320000000001528,0.00765
b20_C,_8088_,XOR2,0,1,2,1,26,2,1,-5.527343750255653e-06,2.394,0.7980000000006839,0.00765
b20_C,_8087_,NOR2,0,0,2,1,20,3,2,0.0,1.33,0.5320000000001528,0.00765
b20_C,_8089_,OAI21,0,1,3,0,27,1,0,-1.1875000000216573e-05,1.862,0.7980000000006839,0.00765
b20_C,_8090_,OAI222,0,0,6,1,22,3,2,-3.2421875000077094e-05,3.724,1.595999999999549,0.00765
b20_C,_8091_,AOI221,0,0,5,1,24,2,1,0.0,2.926,1.3299999999999272,0.00765
b20_C,_8092_,AOI21,0,1,3,1,30,3,2,-0.00017341796875003368,1.862,0.7980000000006839,0.00765
b20_C,_8094_,XNOR2,0,1,2,1,31,2,1,-1.2421875000168114e-05,2.66,1.0640000000003056,0.00765
b20_C,_8093_,NOR2,0,0,2,1,26,3,2,9.765624975344167e-08,1.33,0.5320000000001528,0.00765
b20_C,_8095_,OAI21,0,1,3,0,32,1,0,-1.2500000001747225e-06,1.862,0.7980000000006839,0.00765
b20_C,_8096_,NAND2,0,0,2,1,15,21,249,-0.00024013671875011688,1.33,0.5320000000001528,0.00765
b20_C,_8097_,OAI21,0,0,3,6,16,20,248,-0.0002742578125001227,1.862,0.7980000000006839,0.00765
b20_C,_8098_,AOI22,0,0,4,1,20,4,3,0.0,2.394,1.0640000000003056,0.00765
b20_C,_8099_,OAI221,0,0,5,1,23,3,2,-9.179687501248424e-07,2.926,1.3299999999999272,0.00765
b20_C,_8100_,AOI21,0,0,3,1,24,2,1,-6.835937500060396e-06,1.862,0.7980000000006839,0.00765
b20_C,_8101_,NOR2,0,1,2,1,23,3,2,-0.00026257812500007915,1.33,0.5320000000001528,0.00765
b20_C,_8102_,NOR2,0,0,2,1,19,4,3,0.0,1.33,0.5320000000001528,0.00765
b20_C,_8103_,OR2,0,0,2,1,20,3,2,0.0,1.33,0.26600000000053114,0.00765
b20_C,_8104_,XNOR2,0,1,2,1,24,2,1,-1.314453125011994e-05,2.66,1.0640000000003056,0.00765
b20_C,_8105_,OAI21,0,1,3,0,25,1,0,-5.1367187501316636e-06,1.862,0.7980000000006839,0.00765
b20_C,_8106_,NOR2,0,0,2,1,17,4,3,-0.0002553515625001168,1.33,0.5320000000001528,0.00765
b20_C,_8107_,AND4,0,0,4,4,13,26,365,-2.917968750004718e-05,1.862,0.26600000000053114,0.00765
b20_C,_8108_,XNOR2,0,0,2,1,16,4,3,-2.148437500126832e-06,2.66,1.0640000000003056,0.00765
b20_C,_8109_,XNOR2,0,0,2,1,18,3,2,0.0,2.66,1.0640000000003056,0.00765
b20_C,_8111_,AOI222,0,1,6,1,23,2,1,-6.0136718750269935e-05,3.724,1.595999999999549,0.00765
b20_C,_8112_,OAI211,0,1,4,0,24,1,0,-7.031250000011369e-06,2.394,1.0640000000003056,0.00765
b20_C,_8110_,NAND2,0,0,2,1,21,2,1,0.0,1.33,0.5320000000001528,0.00765
b20_C,_8113_,AOI22,0,0,4,1,22,4,3,-4.658203125007532e-05,2.394,1.0640000000003056,0.00765
b20_C,_8114_,OAI21,0,0,3,1,23,3,2,-2.728515624994543e-05,1.862,0.7980000000006839,0.00765
b20_C,_8115_,AOI21,0,0,3,1,24,2,1,0.0,1.862,0.7980000000006839,0.00765
b20_C,_8116_,NAND2,0,0,2,1,23,3,2,-1.9531250017301716e-07,1.33,0.5320000000001528,0.00765
b20_C,_8117_,XNOR2,0,1,2,1,28,2,1,-0.0003065429687501009,2.66,1.0640000000003056,0.00765
b20_C,_8118_,OAI221,0,1,5,0,29,1,0,-1.1660156250314913e-05,2.926,1.3299999999999272,0.00765
b20_C,_8119_,XNOR2,0,0,2,2,17,4,3,0.0,2.66,1.0640000000003056,0.00765
b20_C,_8120_,AOI21,0,1,3,1,21,3,2,-0.000615917968750157,1.862,0.7980000000006839,0.00765
b20_C,_8121_,OAI21,0,1,3,1,22,2,1,-0.0006154492187502303,1.862,0.7980000000006839,0.00765
b20_C,_8122_,INV,0,0,1,1,3,4,3,0.0,0.798,0.26600000000053114,0.00765
b20_C,_8124_,OAI22,0,0,4,1,22,3,2,-2.070312500102034e-06,2.394,1.0640000000003056,0.00765
b20_C,_8123_,NOR2,0,0,2,6,16,24,331,-6.171874999960636e-06,1.33,0.5320000000001528,0.00765
b20_C,_8125_,AOI221,0,0,5,1,23,2,1,-4.511718750155325e-06,2.926,1.3299999999999272,0.00765
b20_C,_8126_,CLKBUF,0,0,1,10,2,3,10,0.0,1.064,0.26600000000053114,0.00765
b20_C,_8127_,OAI211,0,1,4,0,24,1,0,-7.79296875030866e-06,2.394,1.0640000000003056,0.00765
b20_C,_8128_,INV,0,0,1,1,17,4,3,0.0,0.798,0.26600000000053114,0.00765
b20_C,_8129_,OAI22,0,0,4,1,22,3,2,0.0,2.394,1.0640000000003056,0.00765
b20_C,_8130_,AOI221,0,0,5,1,23,2,1,-5.449218750008811e-06,2.926,1.3299999999999272,0.00765
b20_C,_8131_,OR2,0,0,2,4,26,11,46,-1.6503906250076028e-05,1.33,0.26600000000053114,0.00765
b20_C,_8132_,XNOR2,0,0,2,1,28,3,2,-5.312500000131948e-06,2.66,1.0640000000003056,0.00765
b20_C,_8133_,XNOR2,0,1,2,1,35,2,1,-5.9746093750145945e-05,2.66,1.0640000000003056,0.00765
b20_C,_8134_,OAI221,0,1,5,0,36,1,0,-1.0722656250017337e-05,2.926,1.3299999999999272,0.00765
b20_C,_8136_,OAI21,0,0,3,1,22,3,2,0.0,1.862,0.7980000000006839,0.00765
b20_C,_8135_,AOI22,0,0,4,1,21,4,3,-9.205078125029686e-05,2.394,1.0640000000003056,0.00765
b20_C,_8137_,NAND2,0,1,2,6,16,16,118,5.273437500008527e-07,1.33,0.5320000000001528,0.00765
b20_C,_8138_,NAND2,0,0,2,1,17,19,197,-0.00024158203125024258,1.33,0.5320000000001528,0.00765
b20_C,_8139_,OAI21,0,0,3,6,18,18,196,-0.00027626953125015064,1.862,0.7980000000006839,0.00765
b20_C,_8140_,AOI221,0,0,5,1,23,2,1,-8.886718750211742e-06,2.926,1.3299999999999272,0.00765
b20_C,_8141_,NAND2,0,0,2,1,21,3,2,0.0,1.33,0.5320000000001528,0.00765
b20_C,_8142_,XNOR2,0,1,2,1,26,2,1,-0.000393203125000241,2.66,1.0640000000003056,0.00765
b20_C,_8143_,OAI21,0,1,3,0,27,1,0,-5.2929687501812595e-06,1.862,0.7980000000006839,0.00765
b20_C,_8144_,NAND3,0,9,3,3,14,9,121,-0.0003586523437499878,1.862,0.7980000000006839,0.00765
b20_C,_8145_,OAI21,0,14,3,4,19,8,75,-6.287109375024968e-05,1.862,0.7980000000006839,0.00765
b20_C,_8146_,AND3,0,12,3,2,20,6,46,-5.273437502228973e-07,1.596,0.26600000000053114,0.00765
b20_C,_8147_,BUF,0,12,1,10,21,5,41,0.0002800976562498114,1.064,0.26600000000053114,0.00765
b20_C,_8148_,BUF,0,7,1,10,22,4,21,0.00014320312499993548,1.064,0.26600000000053114,0.00765
b20_C,_8149_,OR2,0,9,2,1,15,7,81,8.730468749718057e-06,1.33,0.26600000000053114,0.00765
b20_C,_8150_,BUF,0,9,1,10,16,6,80,0.00024273437499999773,1.064,0.26600000000053114,0.00765
b20_C,_8151_,NOR2,0,0,2,4,17,3,8,-6.937500000003816e-05,1.33,0.5320000000001528,0.00765
b20_C,_8152_,MUX2,0,6,3,2,12,27,74,-0.0001483398437502892,2.394,0.5320000000001528,0.00765
b20_C,_8153_,XOR2,0,0,2,1,13,3,2,-6.792968749991246e-05,2.394,0.7980000000006839,0.00765
b20_C,_8154_,NOR2,0,0,2,2,17,5,26,-4.8789062500054214e-05,1.33,0.5320000000001528,0.00765
b20_C,_8155_,AOI222,0,1,6,1,23,2,1,-2.7128906250339924e-05,3.724,1.595999999999549,0.00765
b20_C,_8156_,NAND2,0,0,2,1,15,8,59,-0.00012560546875017842,1.33,0.5320000000001528,0.00765
b20_C,_8157_,OR2,0,2,2,2,20,7,58,-3.464843750000668e-05,1.33,0.26600000000053114,0.00765
b20_C,_8159_,BUF,0,1,1,10,22,4,23,2.326171874988958e-05,1.064,0.26600000000053114,0.00765
b20_C,_8158_,BUF,0,2,1,10,21,6,53,4.550781249990088e-05,1.064,0.26600000000053114,0.00765
b20_C,_8160_,CLKBUF,0,0,1,10,13,5,35,-8.593750000507328e-07,1.064,0.26600000000053114,0.00765
b20_C,_8161_,XOR2,0,0,2,1,2,5,4,-4.589843749958078e-06,2.394,0.7980000000006839,0.00765
b20_C,_8162_,INV,0,0,1,1,1,37,126,-1.9531249950688334e-08,0.798,0.26600000000053114,0.00765
b20_C,_8163_,NOR2,0,0,2,4,2,36,125,-3.5546875001291056e-06,1.33,0.5320000000001528,0.00765
b20_C,_8164_,BUF,0,0,1,10,12,5,32,0.0,1.064,0.26600000000053114,0.00765
b20_C,_8165_,OAI21,0,0,3,1,14,5,4,-2.339843749998849e-05,1.862,0.7980000000006839,0.00765
b20_C,_8166_,AOI222,0,0,6,1,15,4,3,-3.203125000128537e-06,3.724,1.595999999999549,0.00765
b20_C,_8167_,NOR2,0,0,2,1,23,3,2,-4.511718750155325e-06,1.33,0.5320000000001528,0.00765
b20_C,_8168_,AOI21,0,0,3,1,24,2,1,-1.6601562502494005e-06,1.862,0.7980000000006839,0.00765
b20_C,_8169_,NAND2,0,1,2,0,25,1,0,-1.8242187500128182e-05,1.33,0.5320000000001528,0.00765
b20_C,_8170_,NAND2,0,0,2,1,3,4,3,-9.121093750064091e-06,1.33,0.5320000000001528,0.00765
b20_C,_8171_,INV,0,0,1,1,1,37,123,0.0,0.798,0.26600000000053114,0.00765
b20_C,_8172_,NOR2,0,0,2,3,2,36,122,-3.5546875001291056e-06,1.33,0.5320000000001528,0.00765
b20_C,_8173_,XOR2,0,0,2,1,3,6,5,0.0,2.394,0.7980000000006839,0.00765
b20_C,_8174_,XNOR2,0,0,2,1,4,5,4,0.0,2.66,1.0640000000003056,0.00765
b20_C,_8175_,XOR2,0,0,2,1,3,6,5,0.0,2.394,0.7980000000006839,0.00765
b20_C,_8176_,XNOR2,0,0,2,1,4,5,4,0.0,2.66,1.0640000000003056,0.00765
b20_C,_8177_,CLKBUF,0,0,1,10,12,5,40,0.0,1.064,0.26600000000053114,0.00765
b20_C,_8178_,AOI22,0,0,4,1,14,4,3,0.0,2.394,1.0640000000003056,0.00765
b20_C,_8179_,OAI21,0,0,3,1,22,3,2,-1.169921875021629e-05,1.862,0.7980000000006839,0.00765
b20_C,_8180_,INV,0,6,1,1,13,26,70,-7.1875000000609646e-06,0.798,0.26600000000053114,0.00765
b20_C,_8181_,NAND2,0,6,2,2,14,25,69,-9.843750000015916e-06,1.33,0.5320000000001528,0.00765
b20_C,_8182_,MUX2,0,0,3,3,12,26,72,-0.00010660156249997499,2.394,0.5320000000001528,0.00765
b20_C,_8183_,XNOR2,0,0,2,1,13,4,3,-2.0546875000082565e-05,2.66,1.0640000000003056,0.00765
b20_C,_8184_,XNOR2,0,0,2,1,15,3,2,-5.2050781250034817e-05,2.66,1.0640000000003056,0.00765
b20_C,_8185_,AOI221,0,1,5,1,23,2,1,-1.921875000010509e-05,2.926,1.3299999999999272,0.00765
b20_C,_8186_,NAND2,0,0,2,5,13,6,36,-1.3632812500219416e-05,1.33,0.5320000000001528,0.00765
b20_C,_8187_,NOR3,0,0,3,1,14,5,24,-2.1289062500207123e-05,1.862,0.7980000000006839,0.00765
b20_C,_8188_,NOR2,0,0,2,2,20,5,27,-0.00013826171874997684,1.33,0.5320000000001528,0.00765
b20_C,_8189_,AOI211,0,0,4,8,21,4,23,-1.1718750014821921e-07,2.394,1.0640000000003056,0.00765
b20_C,_8190_,BUF,0,0,1,10,22,2,10,0.0,1.064,0.26600000000053114,0.00765
b20_C,_8191_,OAI21,0,1,3,0,24,1,0,-2.1210937500182325e-05,1.862,0.7980000000006839,0.00765
b20_C,_8192_,INV,0,9,1,3,17,5,54,6.169921874987772e-05,0.798,0.26600000000053114,0.00765
b20_C,_8193_,NAND2,0,0,2,7,18,4,22,-0.00010017578125021132,1.33,0.5320000000001528,0.00765
b20_C,_8194_,OR2,0,0,2,1,13,25,66,0.0,1.33,0.26600000000053114,0.00765
b20_C,_8195_,AND2,0,0,2,1,13,25,66,0.0,1.33,0.26600000000053114,0.00765
b20_C,_8196_,OAI21,0,6,3,3,15,24,65,9.63476562498844e-05,1.862,0.7980000000006839,0.00765
b20_C,_8197_,BUF,0,0,1,10,3,34,216,0.0,1.064,0.26600000000053114,0.00765
b20_C,_8198_,MUX2,0,0,3,3,12,25,68,-2.1894531250232774e-05,2.394,0.5320000000001528,0.00765
b20_C,_8199_,XNOR2,0,0,2,2,13,4,3,0.0,2.66,1.0640000000003056,0.00765
b20_C,_8201_,OAI21,0,0,3,1,20,2,1,-0.0001392187500002251,1.862,0.7980000000006839,0.00765
b20_C,_8200_,AOI21,0,0,3,1,19,3,2,-0.00011919921875014339,1.862,0.7980000000006839,0.00765
b20_C,_8202_,XOR2,0,0,2,1,4,6,5,0.0,2.394,0.7980000000006839,0.00765
b20_C,_8203_,NOR2,0,0,2,1,3,35,114,0.0,1.33,0.5320000000001528,0.00765
b20_C,_8204_,AOI21,0,0,3,1,4,35,114,0.0,1.862,0.7980000000006839,0.00765
b20_C,_8205_,NOR2,0,0,2,2,5,34,113,0.0,1.33,0.5320000000001528,0.00765
b20_C,_8206_,XNOR2,0,0,2,1,6,5,4,0.0,2.66,1.0640000000003056,0.00765
b20_C,_8207_,NAND2,0,0,2,1,3,35,113,0.0,1.33,0.5320000000001528,0.00765
b20_C,_8208_,OAI21,0,0,3,1,4,35,113,0.0,1.862,0.7980000000006839,0.00765
b20_C,_8209_,NAND2,0,0,2,2,5,34,112,0.0,1.33,0.5320000000001528,0.00765
b20_C,_8210_,XOR2,0,0,2,1,4,6,5,0.0,2.394,0.7980000000006839,0.00765
b20_C,_8212_,AOI22,0,0,4,1,14,4,3,0.0,2.394,1.0640000000003056,0.00765
b20_C,_8211_,XNOR2,0,0,2,1,6,5,4,0.0,2.66,1.0640000000003056,0.00765
b20_C,_8213_,NOR2,0,0,2,1,23,3,2,-4.511718750155325e-06,1.33,0.5320000000001528,0.00765
b20_C,_8214_,AOI221,0,1,5,1,24,2,1,-2.2089843750183746e-05,2.926,1.3299999999999272,0.00765
b20_C,_8215_,OAI211,0,1,4,0,25,1,0,-2.3222656249988205e-05,2.394,1.0640000000003056,0.00765
b20_C,_8216_,BUF,0,0,1,10,5,32,201,1.0546875000017053e-06,1.064,0.26600000000053114,0.00765
b20_C,_8217_,XNOR2,0,0,2,1,6,6,5,-8.593750000507328e-07,2.66,1.0640000000003056,0.00765
b20_C,_8218_,AOI21,0,0,3,1,6,33,107,0.0,1.862,0.7980000000006839,0.00765
b20_C,_8219_,INV,0,0,1,1,7,32,106,0.0,0.798,0.26600000000053114,0.00765
b20_C,_8220_,OAI21,0,0,3,2,8,31,105,0.0,1.862,0.7980000000006839,0.00765
b20_C,_8221_,XNOR2,0,0,2,1,9,5,4,0.0,2.66,1.0640000000003056,0.00765
b20_C,_8223_,AOI21,0,0,3,1,6,33,106,0.0,1.862,0.7980000000006839,0.00765
b20_C,_8222_,XNOR2,0,0,2,1,6,6,5,-8.593750000507328e-07,2.66,1.0640000000003056,0.00765
b20_C,_8224_,INV,0,0,1,1,7,32,105,0.0,0.798,0.26600000000053114,0.00765
b20_C,_8225_,OAI21,0,0,3,2,8,31,104,0.0,1.862,0.7980000000006839,0.00765
b20_C,_8226_,XNOR2,0,0,2,1,9,5,4,0.0,2.66,1.0640000000003056,0.00765
b20_C,_8227_,AOI22,0,0,4,1,14,4,3,0.0,2.394,1.0640000000003056,0.00765
b20_C,_8228_,NOR2,0,0,2,1,23,3,2,-4.511718750155325e-06,1.33,0.5320000000001528,0.00765
b20_C,_8229_,AOI221,0,1,5,1,24,2,1,-2.0683593750181473e-05,2.926,1.3299999999999272,0.00765
b20_C,_8230_,MUX2,0,0,3,3,12,23,63,-2.1894531250232774e-05,2.394,0.5320000000001528,0.00765
b20_C,_8231_,XOR2,0,0,2,1,13,3,2,-8.593750000507328e-07,2.394,0.7980000000006839,0.00765
b20_C,_8232_,NOR2,0,0,2,1,13,24,62,0.0,1.33,0.5320000000001528,0.00765
b20_C,_8233_,NAND2,0,0,2,1,13,24,62,0.0,1.33,0.5320000000001528,0.00765
b20_C,_8234_,AOI21,0,6,3,2,16,23,61,-2.617187500009166e-05,1.862,0.7980000000006839,0.00765
b20_C,_8235_,XNOR2,0,0,2,1,17,2,1,-8.847656249999503e-05,2.66,1.0640000000003056,0.00765
b20_C,_8236_,CLKBUF,0,0,1,10,19,2,10,-4.88281250099476e-07,1.064,0.26600000000053114,0.00765
b20_C,_8237_,OAI221,0,1,5,0,25,1,0,-3.3691406250202505e-05,2.926,1.3299999999999272,0.00765
b20_C,_8238_,OAI21,0,0,3,2,20,4,6,-0.00010619140625012236,1.862,0.7980000000006839,0.00765
b20_C,_8239_,CLKBUF,0,0,1,10,4,30,191,8.437500000013642e-06,1.064,0.26600000000053114,0.00765
b20_C,_8240_,XNOR2,0,0,2,1,5,5,4,-1.7578125000028422e-06,2.66,1.0640000000003056,0.00765
b20_C,_8241_,NAND2,0,0,2,1,6,31,100,-6.835937500504485e-07,1.33,0.5320000000001528,0.00765
b20_C,_8242_,NAND2,0,0,2,1,9,30,99,0.0,1.33,0.5320000000001528,0.00765
b20_C,_8243_,OAI21,0,0,3,2,10,29,98,-5.273437500008527e-07,1.862,0.7980000000006839,0.00765
b20_C,_8244_,XNOR2,0,0,2,1,11,4,3,0.0,2.66,1.0640000000003056,0.00765
b20_C,_8245_,NAND3,0,0,3,1,21,3,2,0.0,1.862,0.7980000000006839,0.00765
b20_C,_8246_,XOR2,0,0,2,2,5,6,5,-1.7968750001262634e-06,2.394,0.7980000000006839,0.00765
b20_C,_8247_,NAND2,0,0,2,1,5,31,99,-1.9531249950688334e-08,1.33,0.5320000000001528,0.00765
b20_C,_8249_,OAI21,0,0,3,3,10,29,97,-5.273437500008527e-07,1.862,0.7980000000006839,0.00765
b20_C,_8248_,NAND2,0,0,2,1,9,30,98,0.0,1.33,0.5320000000001528,0.00765
b20_C,_8250_,OAI21,0,0,3,1,12,5,4,0.0,1.862,0.7980000000006839,0.00765
b20_C,_8251_,AOI211,0,0,4,1,21,4,3,-1.6054687500099973e-05,2.394,1.0640000000003056,0.00765
b20_C,_8252_,AOI221,0,1,5,1,22,3,2,-6.527343750017955e-05,2.926,1.3299999999999272,0.00765
b20_C,_8253_,AND2,0,1,2,1,23,2,1,-5.546875000206342e-06,1.33,0.26600000000053114,0.00765
b20_C,_8254_,NOR2,0,0,2,1,13,22,58,-5.46874999951541e-07,1.33,0.5320000000001528,0.00765
b20_C,_8255_,AOI21,0,6,3,1,17,22,58,1.9531249999538147e-06,1.862,0.7980000000006839,0.00765
b20_C,_8256_,NOR2,0,6,2,2,18,21,57,-7.130859375026333e-05,1.33,0.5320000000001528,0.00765
b20_C,_8257_,MUX2,0,0,3,3,13,21,59,0.0,2.394,0.5320000000001528,0.00765
b20_C,_8258_,XOR2,0,0,2,1,14,3,2,-1.7578125000028422e-06,2.394,0.7980000000006839,0.00765
b20_C,_8259_,XNOR2,0,0,2,1,19,2,1,-4.814453125012719e-05,2.66,1.0640000000003056,0.00765
b20_C,_8260_,OAI221,0,1,5,0,24,1,0,-1.2597656250168399e-05,2.926,1.3299999999999272,0.00765
b20_C,_8261_,BUF,0,0,1,10,5,29,181,0.0,1.064,0.26600000000053114,0.00765
b20_C,_8262_,XOR2,0,0,2,1,6,6,5,0.0,2.394,0.7980000000006839,0.00765
b20_C,_8264_,NOR2,0,0,2,1,5,29,94,-1.3867187500515854e-06,1.33,0.5320000000001528,0.00765
b20_C,_8263_,NAND2,0,0,2,1,5,29,94,-1.4062500000022737e-06,1.33,0.5320000000001528,0.00765
b20_C,_8266_,XNOR2,0,0,2,1,12,5,4,0.0,2.66,1.0640000000003056,0.00765
b20_C,_8265_,OAI21,0,0,3,2,11,28,93,0.0,1.862,0.7980000000006839,0.00765
b20_C,_8267_,XOR2,0,0,2,1,6,6,5,0.0,2.394,0.7980000000006839,0.00765
b20_C,_8269_,NOR2,0,0,2,1,4,29,92,0.0,1.33,0.5320000000001528,0.00765
b20_C,_8268_,NAND2,0,0,2,1,5,29,92,-1.4062500000022737e-06,1.33,0.5320000000001528,0.00765
b20_C,_8270_,OAI21,0,0,3,2,11,28,91,0.0,1.862,0.7980000000006839,0.00765
b20_C,_8271_,XNOR2,0,0,2,1,12,5,4,0.0,2.66,1.0640000000003056,0.00765
b20_C,_8272_,AOI22,0,0,4,1,14,4,3,0.0,2.394,1.0640000000003056,0.00765
b20_C,_8273_,NOR2,0,0,2,1,23,3,2,-4.511718750155325e-06,1.33,0.5320000000001528,0.00765
b20_C,_8274_,AOI221,0,1,5,1,24,2,1,-2.0683593750181473e-05,2.926,1.3299999999999272,0.00765
b20_C,_8275_,MUX2,0,0,3,2,13,21,57,0.0,2.394,0.5320000000001528,0.00765
b20_C,_8276_,OR2,0,0,2,2,14,20,55,1.9531249950688334e-08,1.33,0.26600000000053114,0.00765
b20_C,_8277_,NAND2,0,0,2,3,14,19,54,0.0,1.33,0.5320000000001528,0.00765
b20_C,_8278_,NAND2,0,0,2,1,15,3,2,-1.6796875002000888e-06,1.33,0.5320000000001528,0.00765
b20_C,_8280_,OAI21,0,6,3,1,19,20,54,-1.783203125027555e-05,1.862,0.7980000000006839,0.00765
b20_C,_8279_,NAND2,0,0,2,1,14,20,54,-1.2109375000513012e-06,1.33,0.5320000000001528,0.00765
b20_C,_8281_,AND2,0,6,2,3,20,19,53,9.531250000005542e-05,1.33,0.26600000000053114,0.00765
b20_C,_8282_,XNOR2,0,0,2,1,21,2,1,-8.013671875017891e-05,2.66,1.0640000000003056,0.00765
b20_C,_8283_,OAI221,0,1,5,0,25,1,0,-3.3144531250250964e-05,2.926,1.3299999999999272,0.00765
b20_C,_8284_,BUF,0,0,1,10,5,27,165,6.05468749803606e-07,1.064,0.26600000000053114,0.00765
b20_C,_8285_,XNOR2,0,0,2,1,6,6,5,-3.5156250000056843e-07,2.66,1.0640000000003056,0.00765
b20_C,_8286_,NOR2,0,0,2,1,6,27,87,0.0,1.33,0.5320000000001528,0.00765
b20_C,_8288_,OR2,0,0,2,2,13,26,86,0.0,1.33,0.26600000000053114,0.00765
b20_C,_8287_,AOI21,0,0,3,1,12,27,87,0.0,1.862,0.7980000000006839,0.00765
b20_C,_8289_,XNOR2,0,0,2,1,14,5,4,0.0,2.66,1.0640000000003056,0.00765
b20_C,_8290_,XNOR2,0,0,2,1,6,6,5,-3.5156250000056843e-07,2.66,1.0640000000003056,0.00765
b20_C,_8291_,AND2,0,0,2,1,6,28,86,0.0,1.33,0.26600000000053114,0.00765
b20_C,_8292_,OR2,0,0,2,1,6,28,86,0.0,1.33,0.26600000000053114,0.00765
b20_C,_8293_,AOI21,0,0,3,2,12,27,85,0.0,1.862,0.7980000000006839,0.00765
b20_C,_8294_,XNOR2,0,0,2,1,13,5,4,0.0,2.66,1.0640000000003056,0.00765
b20_C,_8295_,AOI22,0,0,4,1,15,4,3,0.0,2.394,1.0640000000003056,0.00765
b20_C,_8296_,NOR2,0,1,2,1,23,3,2,6.386718749862297e-06,1.33,0.5320000000001528,0.00765
b20_C,_8297_,AOI221,0,1,5,1,24,2,1,-8.287109374993662e-05,2.926,1.3299999999999272,0.00765
b20_C,_8298_,MUX2,0,0,3,3,13,20,52,0.0,2.394,0.5320000000001528,0.00765
b20_C,_8299_,XOR2,0,0,2,1,14,3,2,-3.5156250000056843e-07,2.394,0.7980000000006839,0.00765
b20_C,_8300_,INV,0,0,1,2,15,19,51,1.7578125000028422e-07,0.798,0.26600000000053114,0.00765
b20_C,_8301_,OAI21,0,0,3,1,21,3,2,-5.253906250013429e-05,1.862,0.7980000000006839,0.00765
b20_C,_8302_,XNOR2,0,0,2,1,22,2,1,0.0,2.66,1.0640000000003056,0.00765
b20_C,_8303_,OAI221,0,1,5,0,25,1,0,-2.1230468750133014e-05,2.926,1.3299999999999272,0.00765
b20_C,_8304_,BUF,0,0,1,10,5,25,153,0.0,1.064,0.26600000000053114,0.00765
b20_C,_8305_,XNOR2,0,0,2,1,6,6,5,0.0,2.66,1.0640000000003056,0.00765
b20_C,_8306_,NAND2,0,0,2,1,6,26,81,-2.9296875014850343e-07,1.33,0.5320000000001528,0.00765
b20_C,_8307_,NAND2,0,0,2,1,14,25,80,0.0,1.33,0.5320000000001528,0.00765
b20_C,_8308_,OAI21,0,0,3,2,15,24,79,-2.148437501237055e-07,1.862,0.7980000000006839,0.00765
b20_C,_8310_,XNOR2,0,0,2,1,6,6,5,0.0,2.66,1.0640000000003056,0.00765
b20_C,_8309_,XNOR2,0,0,2,1,16,5,4,0.0,2.66,1.0640000000003056,0.00765
b20_C,_8311_,NAND2,0,0,2,1,5,27,80,0.0,1.33,0.5320000000001528,0.00765
b20_C,_8312_,NAND2,0,0,2,1,13,26,79,0.0,1.33,0.5320000000001528,0.00765
b20_C,_8313_,OAI21,0,0,3,2,14,25,78,-2.148437501237055e-07,1.862,0.7980000000006839,0.00765
b20_C,_8314_,XNOR2,0,0,2,1,15,5,4,0.0,2.66,1.0640000000003056,0.00765
b20_C,_8315_,AOI22,0,0,4,1,17,4,3,-1.9531250001758593e-06,2.394,1.0640000000003056,0.00765
b20_C,_8316_,OAI22,0,0,4,1,22,3,2,-1.1093749999968594e-05,2.394,1.0640000000003056,0.00765
b20_C,_8317_,AOI221,0,1,5,1,23,2,1,-2.160156250008427e-05,2.926,1.3299999999999272,0.00765
b20_C,_8318_,MUX2,0,0,3,3,13,18,49,0.0,2.394,0.5320000000001528,0.00765
b20_C,_8319_,XNOR2,0,0,2,1,14,3,2,0.0,2.66,1.0640000000003056,0.00765
b20_C,_8320_,NAND2,0,0,2,1,14,19,48,-2.5390625024712676e-07,1.33,0.5320000000001528,0.00765
b20_C,_8321_,OAI211,0,6,4,1,21,18,47,-1.9960937500229647e-05,2.394,1.0640000000003056,0.00765
b20_C,_8322_,OAI21,0,6,3,2,22,17,46,2.4960937499818314e-05,1.862,0.7980000000006839,0.00765
b20_C,_8323_,XNOR2,0,0,2,1,23,2,1,-0.00010501953124997243,2.66,1.0640000000003056,0.00765
b20_C,_8324_,OAI21,0,1,3,0,24,1,0,-2.1562500000182894e-05,1.862,0.7980000000006839,0.00765
b20_C,_8325_,NAND2,0,0,2,1,5,25,73,0.0,1.33,0.5320000000001528,0.00765
b20_C,_8326_,NAND2,0,0,2,1,15,24,72,0.0,1.33,0.5320000000001528,0.00765
b20_C,_8327_,OAI21,0,0,3,2,16,23,71,0.0,1.862,0.7980000000006839,0.00765
b20_C,_8328_,BUF,0,0,1,10,6,23,141,0.0,1.064,0.26600000000053114,0.00765
b20_C,_8329_,XNOR2,0,0,2,1,7,6,5,0.0,2.66,1.0640000000003056,0.00765
b20_C,_8330_,XNOR2,0,0,2,1,17,5,4,0.0,2.66,1.0640000000003056,0.00765
b20_C,_8331_,NOR2,0,0,2,1,14,5,4,-9.765625019753088e-08,1.33,0.5320000000001528,0.00765
b20_C,_8332_,OAI211,0,0,4,1,21,4,3,0.0,2.394,1.0640000000003056,0.00765
b20_C,_8333_,XOR2,0,0,2,1,7,7,6,0.0,2.394,0.7980000000006839,0.00765
b20_C,_8334_,NAND2,0,0,2,1,6,24,74,0.0,1.33,0.5320000000001528,0.00765
b20_C,_8335_,NAND2,0,0,2,1,16,23,73,0.0,1.33,0.5320000000001528,0.00765
b20_C,_8336_,OAI21,0,0,3,2,17,22,72,0.0,1.862,0.7980000000006839,0.00765
b20_C,_8337_,XNOR2,0,0,2,1,18,6,5,0.0,2.66,1.0640000000003056,0.00765
b20_C,_8338_,NOR3,0,1,3,1,22,5,4,2.1679687498554756e-06,1.862,0.7980000000006839,0.00765
b20_C,_8339_,AOI221,0,1,5,1,23,4,3,-0.00013333984375019092,2.926,1.3299999999999272,0.00765
b20_C,_8340_,NAND2,0,1,2,1,24,3,2,-3.2421875002519585e-06,1.33,0.5320000000001528,0.00765
b20_C,_8341_,MUX2,0,0,3,3,13,17,46,0.0,2.394,0.5320000000001528,0.00765
b20_C,_8342_,XNOR2,0,0,2,1,14,4,3,0.0,2.66,1.0640000000003056,0.00765
b20_C,_8343_,NOR2,0,0,2,1,14,17,44,0.0,1.33,0.5320000000001528,0.00765
b20_C,_8344_,NAND2,0,0,2,1,14,17,44,0.0,1.33,0.5320000000001528,0.00765
b20_C,_8345_,AOI21,0,6,3,2,23,16,43,1.5996093750025864e-05,1.862,0.7980000000006839,0.00765
b20_C,_8346_,XNOR2,0,0,2,1,24,3,2,-8.875000000019284e-05,2.66,1.0640000000003056,0.00765
b20_C,_8347_,AOI21,0,1,3,1,25,2,1,-6.757812500257643e-06,1.862,0.7980000000006839,0.00765
b20_C,_8348_,OAI21,0,1,3,0,26,1,0,-2.949218750103455e-06,1.862,0.7980000000006839,0.00765
b20_C,_8349_,CLKBUF,0,0,1,10,6,22,129,0.0,1.064,0.26600000000053114,0.00765
b20_C,_8350_,XNOR2,0,0,2,1,7,6,5,0.0,2.66,1.0640000000003056,0.00765
b20_C,_8351_,NAND2,0,0,2,1,6,23,66,0.0,1.33,0.5320000000001528,0.00765
b20_C,_8352_,NAND2,0,0,2,1,17,22,65,0.0,1.33,0.5320000000001528,0.00765
b20_C,_8353_,OAI21,0,0,3,2,18,21,64,0.0,1.862,0.7980000000006839,0.00765
b20_C,_8354_,XNOR2,0,0,2,1,19,5,4,0.0,2.66,1.0640000000003056,0.00765
b20_C,_8355_,XNOR2,0,0,2,1,7,6,5,0.0,2.66,1.0640000000003056,0.00765
b20_C,_8356_,NAND2,0,0,2,1,7,22,66,0.0,1.33,0.5320000000001528,0.00765
b20_C,_8357_,NAND2,0,0,2,1,18,21,65,0.0,1.33,0.5320000000001528,0.00765
b20_C,_8358_,OAI21,0,0,3,2,19,20,64,0.0,1.862,0.7980000000006839,0.00765
b20_C,_8359_,XNOR2,0,0,2,1,20,5,4,0.0,2.66,1.0640000000003056,0.00765
b20_C,_8360_,AOI22,0,0,4,1,21,4,3,-2.3632812502505374e-06,2.394,1.0640000000003056,0.00765
b20_C,_8361_,NOR2,0,0,2,1,22,3,2,-8.671875000088036e-06,1.33,0.5320000000001528,0.00765
b20_C,_8362_,AOI221,0,1,5,1,23,2,1,-4.886718750007901e-05,2.926,1.3299999999999272,0.00765
b20_C,_8363_,MUX2,0,0,3,3,13,16,42,0.0,2.394,0.5320000000001528,0.00765
b20_C,_8364_,XNOR2,0,0,2,1,14,3,2,0.0,2.66,1.0640000000003056,0.00765
b20_C,_8365_,AND2,0,0,2,1,14,16,40,0.0,1.33,0.26600000000053114,0.00765
b20_C,_8366_,OR2,0,0,2,1,14,16,40,0.0,1.33,0.26600000000053114,0.00765
b20_C,_8367_,AOI21,0,6,3,2,24,15,39,8.337890624998678e-05,1.862,0.7980000000006839,0.00765
b20_C,_8368_,XNOR2,0,0,2,1,25,2,1,-0.000165566406250095,2.66,1.0640000000003056,0.00765
b20_C,_8369_,OAI221,0,1,5,0,26,1,0,-3.3144531250250964e-05,2.926,1.3299999999999272,0.00765
b20_C,_8370_,BUF,0,0,1,10,6,19,115,4.882812498774314e-07,1.064,0.26600000000053114,0.00765
b20_C,_8371_,XOR2,0,0,2,1,7,6,5,-3.320312500498801e-07,2.394,0.7980000000006839,0.00765
b20_C,_8372_,NAND2,0,0,2,1,7,21,59,0.0,1.33,0.5320000000001528,0.00765
b20_C,_8373_,NOR2,0,0,2,1,6,21,59,0.0,1.33,0.5320000000001528,0.00765
b20_C,_8374_,OAI21,0,0,3,2,19,20,58,0.0,1.862,0.7980000000006839,0.00765
b20_C,_8375_,XNOR2,0,0,2,1,20,5,4,0.0,2.66,1.0640000000003056,0.00765
b20_C,_8376_,XNOR2,0,0,2,1,7,6,5,-3.320312500498801e-07,2.66,1.0640000000003056,0.00765
b20_C,_8377_,NAND2,0,0,2,1,7,20,59,0.0,1.33,0.5320000000001528,0.00765
b20_C,_8379_,OAI21,0,0,3,2,21,18,57,0.0,1.862,0.7980000000006839,0.00765
b20_C,_8378_,NAND2,0,0,2,1,20,19,58,0.0,1.33,0.5320000000001528,0.00765
b20_C,_8380_,XNOR2,0,0,2,1,22,5,4,0.0,2.66,1.0640000000003056,0.00765
b20_C,_8381_,AOI22,0,0,4,1,23,4,3,-2.3632812502505374e-06,2.394,1.0640000000003056,0.00765
b20_C,_8382_,NOR2,0,0,2,1,24,3,2,-8.671875000088036e-06,1.33,0.5320000000001528,0.00765
b20_C,_8383_,AOI221,0,1,5,1,25,2,1,-4.886718750007901e-05,2.926,1.3299999999999272,0.00765
b20_C,_8384_,MUX2,0,0,3,3,13,14,38,0.0,2.394,0.5320000000001528,0.00765
b20_C,_8385_,XOR2,0,0,2,1,14,3,2,-3.320312500498801e-07,2.394,0.7980000000006839,0.00765
b20_C,_8386_,NOR2,0,0,2,1,14,15,37,0.0,1.33,0.5320000000001528,0.00765
b20_C,_8387_,NAND2,0,0,2,1,14,15,37,0.0,1.33,0.5320000000001528,0.00765
b20_C,_8388_,AOI21,0,6,3,2,25,14,36,-5.078125000013145e-05,1.862,0.7980000000006839,0.00765
b20_C,_8389_,XNOR2,0,0,2,1,26,2,1,-8.794921874999417e-05,2.66,1.0640000000003056,0.00765
b20_C,_8390_,OAI221,0,1,5,0,27,1,0,-3.3339843750201936e-05,2.926,1.3299999999999272,0.00765
b20_C,_8391_,BUF,0,0,1,10,7,17,101,4.6874999970469844e-07,1.064,0.26600000000053114,0.00765
b20_C,_8392_,XNOR2,0,0,2,1,8,6,5,-3.320312500498801e-07,2.66,1.0640000000003056,0.00765
b20_C,_8393_,AOI21,0,0,3,1,20,19,52,0.0,1.862,0.7980000000006839,0.00765
b20_C,_8394_,INV,0,0,1,1,21,18,51,0.0,0.798,0.26600000000053114,0.00765
b20_C,_8395_,OAI21,0,0,3,2,22,17,50,-1.9531249995097255e-07,1.862,0.7980000000006839,0.00765
b20_C,_8396_,XNOR2,0,0,2,1,23,5,4,0.0,2.66,1.0640000000003056,0.00765
b20_C,_8397_,XOR2,0,0,2,1,8,6,5,-3.320312500498801e-07,2.394,0.7980000000006839,0.00765
b20_C,_8398_,NAND2,0,0,2,1,7,18,52,-2.734375001978151e-07,1.33,0.5320000000001528,0.00765
b20_C,_8399_,NOR2,0,0,2,1,7,18,52,-2.734375001978151e-07,1.33,0.5320000000001528,0.00765
b20_C,_8400_,OAI21,0,0,3,2,22,17,51,0.0,1.862,0.7980000000006839,0.00765
b20_C,_8401_,XNOR2,0,0,2,1,23,5,4,0.0,2.66,1.0640000000003056,0.00765
b20_C,_8402_,AOI22,0,0,4,1,24,4,3,-2.3632812502505374e-06,2.394,1.0640000000003056,0.00765
b20_C,_8403_,NOR2,0,0,2,1,25,3,2,-8.671875000088036e-06,1.33,0.5320000000001528,0.00765
b20_C,_8404_,AOI221,0,1,5,1,26,2,1,-4.886718750007901e-05,2.926,1.3299999999999272,0.00765
b20_C,_8405_,MUX2,0,0,3,3,13,14,34,0.0,2.394,0.5320000000001528,0.00765
b20_C,_8406_,XOR2,0,0,2,1,14,3,2,-3.320312500498801e-07,2.394,0.7980000000006839,0.00765
b20_C,_8407_,NOR2,0,0,2,2,14,13,33,-1.9531249995097255e-07,1.33,0.5320000000001528,0.00765
b20_C,_8408_,AOI21,0,6,3,2,26,13,33,4.708984374990344e-05,1.862,0.7980000000006839,0.00765
b20_C,_8409_,NOR2,0,0,2,1,27,3,2,-0.00012291015625010004,1.33,0.5320000000001528,0.00765
b20_C,_8410_,XNOR2,0,0,2,1,28,2,1,0.0,2.66,1.0640000000003056,0.00765
b20_C,_8411_,OAI221,0,1,5,0,29,1,0,-3.3359375000152625e-05,2.926,1.3299999999999272,0.00765
b20_C,_8412_,CLKBUF,0,0,1,10,7,16,92,0.0,1.064,0.26600000000053114,0.00765
b20_C,_8413_,XNOR2,0,0,2,1,8,5,4,0.0,2.66,1.0640000000003056,0.00765
b20_C,_8414_,AOI21,0,0,3,1,23,16,45,-2.148437501237055e-07,1.862,0.7980000000006839,0.00765
b20_C,_8415_,INV,0,0,1,1,24,15,44,0.0,0.798,0.26600000000053114,0.00765
b20_C,_8416_,OAI21,0,0,3,2,25,14,43,-1.9531249995097255e-07,1.862,0.7980000000006839,0.00765
b20_C,_8417_,XNOR2,0,0,2,1,26,4,3,0.0,2.66,1.0640000000003056,0.00765
b20_C,_8418_,AND3,0,0,3,1,27,3,2,0.0,1.596,0.26600000000053114,0.00765
b20_C,_8419_,XNOR2,0,0,2,1,8,6,5,0.0,2.66,1.0640000000003056,0.00765
b20_C,_8420_,NAND2,0,0,2,1,7,17,45,0.0,1.33,0.5320000000001528,0.00765
b20_C,_8421_,NAND2,0,0,2,1,23,16,44,0.0,1.33,0.5320000000001528,0.00765
b20_C,_8422_,OAI21,0,0,3,2,24,15,43,-1.9531249995097255e-07,1.862,0.7980000000006839,0.00765
b20_C,_8423_,XNOR2,0,0,2,1,25,5,4,0.0,2.66,1.0640000000003056,0.00765
b20_C,_8424_,NAND2,0,0,2,1,26,4,3,0.0,1.33,0.5320000000001528,0.00765
b20_C,_8425_,OAI21,0,0,3,1,27,3,2,-4.355468750105729e-06,1.862,0.7980000000006839,0.00765
b20_C,_8426_,AOI211,0,1,4,1,28,2,1,-3.416015625012925e-05,2.394,1.0640000000003056,0.00765
b20_C,_8427_,MUX2,0,0,3,3,13,12,31,0.0,2.394,0.5320000000001528,0.00765
b20_C,_8428_,XNOR2,0,0,2,1,14,3,2,0.0,2.66,1.0640000000003056,0.00765
b20_C,_8429_,NOR2,0,0,2,1,14,13,30,-2.148437501237055e-07,1.33,0.5320000000001528,0.00765
b20_C,_8430_,NOR3,0,6,3,1,27,12,29,-0.00010787109375032244,1.862,0.7980000000006839,0.00765
b20_C,_8431_,AOI21,0,6,3,2,28,11,28,3.220703124995339e-05,1.862,0.7980000000006839,0.00765
b20_C,_8432_,XNOR2,0,0,2,1,29,2,1,-0.0001724023437501554,2.66,1.0640000000003056,0.00765
b20_C,_8433_,OAI221,0,1,5,0,30,1,0,-3.34765625000788e-05,2.926,1.3299999999999272,0.00765
b20_C,_8434_,CLKBUF,0,0,1,10,7,14,79,0.0,1.064,0.26600000000053114,0.00765
b20_C,_8435_,XOR2,0,0,2,1,8,6,5,0.0,2.394,0.7980000000006839,0.00765
b20_C,_8436_,NAND2,0,0,2,1,8,15,38,0.0,1.33,0.5320000000001528,0.00765
b20_C,_8437_,NOR2,0,0,2,1,7,15,38,0.0,1.33,0.5320000000001528,0.00765
b20_C,_8439_,XNOR2,0,0,2,1,26,5,4,0.0,2.66,1.0640000000003056,0.00765
b20_C,_8438_,OAI21,0,0,3,2,25,14,37,0.0,1.862,0.7980000000006839,0.00765
b20_C,_8440_,XOR2,0,0,2,1,8,6,5,0.0,2.394,0.7980000000006839,0.00765
b20_C,_8441_,NAND2,0,0,2,1,8,14,39,0.0,1.33,0.5320000000001528,0.00765
b20_C,_8442_,NOR2,0,0,2,1,8,14,39,0.0,1.33,0.5320000000001528,0.00765
b20_C,_8443_,OAI21,0,0,3,2,26,13,38,0.0,1.862,0.7980000000006839,0.00765
b20_C,_8444_,XNOR2,0,0,2,1,27,5,4,0.0,2.66,1.0640000000003056,0.00765
b20_C,_8445_,AOI22,0,0,4,1,28,4,3,-2.3632812502505374e-06,2.394,1.0640000000003056,0.00765
b20_C,_8446_,NOR2,0,0,2,1,29,3,2,-8.671875000088036e-06,1.33,0.5320000000001528,0.00765
b20_C,_8447_,AOI221,0,1,5,1,30,2,1,-4.886718750007901e-05,2.926,1.3299999999999272,0.00765
b20_C,_8448_,MUX2,0,0,3,3,14,11,28,0.0,2.394,0.5320000000001528,0.00765
b20_C,_8449_,XOR2,0,0,2,1,15,3,2,0.0,2.394,0.7980000000006839,0.00765
b20_C,_8450_,NOR2,0,0,2,1,14,11,26,0.0,1.33,0.5320000000001528,0.00765
b20_C,_8451_,NAND2,0,0,2,1,14,11,26,0.0,1.33,0.5320000000001528,0.00765
b20_C,_8452_,AOI21,0,6,3,2,29,10,25,-2.7753906250094218e-05,1.862,0.7980000000006839,0.00765
b20_C,_8453_,XNOR2,0,0,2,1,30,2,1,-9.38281250002504e-05,2.66,1.0640000000003056,0.00765
b20_C,_8454_,OAI221,0,1,5,0,31,1,0,-3.3144531250250964e-05,2.926,1.3299999999999272,0.00765
b20_C,_8455_,CLKBUF,0,0,1,10,7,12,68,0.0,1.064,0.26600000000053114,0.00765
b20_C,_8456_,XOR2,0,0,2,1,8,6,5,-1.3671875009890755e-07,2.394,0.7980000000006839,0.00765
b20_C,_8457_,NOR2,0,0,2,1,8,12,32,0.0,1.33,0.5320000000001528,0.00765
b20_C,_8458_,AOI21,0,0,3,1,27,12,32,0.0,1.862,0.7980000000006839,0.00765
b20_C,_8459_,NOR2,0,0,2,2,28,11,31,0.0,1.33,0.5320000000001528,0.00765
b20_C,_8460_,XNOR2,0,0,2,1,29,5,4,0.0,2.66,1.0640000000003056,0.00765
b20_C,_8461_,XOR2,0,0,2,1,8,6,5,-1.3671875009890755e-07,2.394,0.7980000000006839,0.00765
b20_C,_8462_,NOR2,0,0,2,1,8,13,31,0.0,1.33,0.5320000000001528,0.00765
b20_C,_8463_,AOI21,0,0,3,1,26,13,31,0.0,1.862,0.7980000000006839,0.00765
b20_C,_8464_,NOR2,0,0,2,2,27,12,30,0.0,1.33,0.5320000000001528,0.00765
b20_C,_8465_,XNOR2,0,0,2,1,28,5,4,0.0,2.66,1.0640000000003056,0.00765
b20_C,_8466_,AOI22,0,0,4,1,30,4,3,-1.9531250001758593e-06,2.394,1.0640000000003056,0.00765
b20_C,_8467_,NOR2,0,0,2,1,31,3,2,-8.671875000088036e-06,1.33,0.5320000000001528,0.00765
b20_C,_8468_,AOI221,0,0,5,1,32,2,1,-6.490234375000625e-05,2.926,1.3299999999999272,0.00765
b20_C,_8469_,MUX2,0,0,3,3,14,10,25,0.0,2.394,0.5320000000001528,0.00765
b20_C,_8470_,XNOR2,0,0,2,1,15,3,2,-9.765625019753088e-08,2.66,1.0640000000003056,0.00765
b20_C,_8471_,OR2,0,0,2,1,15,10,23,0.0,1.33,0.26600000000053114,0.00765
b20_C,_8472_,AND2,0,0,2,1,15,10,23,0.0,1.33,0.26600000000053114,0.00765
b20_C,_8473_,OAI21,0,6,3,3,30,9,22,0.00011886718749987146,1.862,0.7980000000006839,0.00765
b20_C,_8474_,XNOR2,0,1,2,1,31,2,1,-0.00014523437500013614,2.66,1.0640000000003056,0.00765
b20_C,_8475_,OAI221,0,1,5,0,33,1,0,-2.1640624999985647e-05,2.926,1.3299999999999272,0.00765
b20_C,_8476_,CLKBUF,0,0,1,10,8,11,57,1.1328124998044586e-06,1.064,0.26600000000053114,0.00765
b20_C,_8477_,XNOR2,0,0,2,1,9,6,5,-1.5625000000518696e-06,2.66,1.0640000000003056,0.00765
b20_C,_8478_,NOR2,0,0,2,1,8,11,24,-7.812500024684255e-08,1.33,0.5320000000001528,0.00765
b20_C,_8479_,AOI21,0,0,3,1,28,11,24,-5.859375029615421e-08,1.862,0.7980000000006839,0.00765
b20_C,_8480_,OR2,0,0,2,2,29,10,23,0.0,1.33,0.26600000000053114,0.00765
b20_C,_8481_,XNOR2,0,0,2,1,30,5,4,0.0,2.66,1.0640000000003056,0.00765
b20_C,_8482_,XNOR2,0,0,2,1,9,6,5,-1.5625000000518696e-06,2.66,1.0640000000003056,0.00765
b20_C,_8483_,AND2,0,0,2,1,8,11,26,0.0,1.33,0.26600000000053114,0.00765
b20_C,_8484_,OR2,0,0,2,1,7,11,26,0.0,1.33,0.26600000000053114,0.00765
b20_C,_8485_,AOI21,0,0,3,2,29,10,25,0.0,1.862,0.7980000000006839,0.00765
b20_C,_8486_,XNOR2,0,0,2,1,30,5,4,0.0,2.66,1.0640000000003056,0.00765
b20_C,_8487_,AOI22,0,0,4,1,31,4,3,-2.3632812502505374e-06,2.394,1.0640000000003056,0.00765
b20_C,_8488_,NOR2,0,0,2,1,32,3,2,-8.671875000088036e-06,1.33,0.5320000000001528,0.00765
b20_C,_8489_,AOI221,0,0,5,1,33,2,1,-6.490234375000625e-05,2.926,1.3299999999999272,0.00765
b20_C,_8490_,MUX2,0,0,3,3,14,10,21,0.0,2.394,0.5320000000001528,0.00765
b20_C,_8491_,XOR2,0,0,2,1,15,3,2,-1.5625000000518696e-06,2.394,0.7980000000006839,0.00765
b20_C,_8492_,NOR2,0,0,2,2,15,9,20,0.0,1.33,0.5320000000001528,0.00765
b20_C,_8493_,NAND2,0,0,2,2,15,9,20,-5.859375029615421e-08,1.33,0.5320000000001528,0.00765
b20_C,_8494_,AOI21,0,1,3,1,31,3,2,-0.00011474609375006217,1.862,0.7980000000006839,0.00765
b20_C,_8495_,XNOR2,0,1,2,1,32,2,1,-8.515625000260485e-06,2.66,1.0640000000003056,0.00765
b20_C,_8496_,OAI221,0,1,5,0,34,1,0,-7.480468750209468e-06,2.926,1.3299999999999272,0.00765
b20_C,_8497_,CLKBUF,0,0,1,10,8,9,40,0.0,1.064,0.26600000000053114,0.00765
b20_C,_8498_,MUX2,0,0,3,3,14,8,18,0.0,2.394,0.5320000000001528,0.00765
b20_C,_8499_,XNOR2,0,0,2,2,15,4,3,0.0,2.66,1.0640000000003056,0.00765
b20_C,_8501_,AOI211,0,4,4,1,31,8,16,-7.685546875002558e-05,2.394,1.0640000000003056,0.00765
b20_C,_8500_,NOR2,0,0,2,1,15,9,17,-9.76562500198952e-07,1.33,0.5320000000001528,0.00765
b20_C,_8502_,AOI21,0,4,3,3,32,7,15,3.931640624976751e-05,1.862,0.7980000000006839,0.00765
b20_C,_8503_,AOI21,0,1,3,1,33,3,2,-7.943359375017778e-05,1.862,0.7980000000006839,0.00765
b20_C,_8504_,OAI21,0,1,3,1,34,2,1,-7.312500000011823e-05,1.862,0.7980000000006839,0.00765
b20_C,_8505_,NOR3,0,0,3,1,17,3,2,-5.3417968750135714e-05,1.862,0.7980000000006839,0.00765
b20_C,_8506_,AOI221,0,0,5,1,23,2,1,-3.671875000010871e-05,2.926,1.3299999999999272,0.00765
b20_C,_8507_,XNOR2,0,0,2,1,9,5,4,-5.859375029615421e-08,2.66,1.0640000000003056,0.00765
b20_C,_8508_,NAND2,0,0,2,1,9,10,20,-1.2499999999526779e-06,1.33,0.5320000000001528,0.00765
b20_C,_8509_,NOR2,0,0,2,1,9,10,20,-1.2499999999526779e-06,1.33,0.5320000000001528,0.00765
b20_C,_8510_,OAI21,0,0,3,2,30,9,19,0.0,1.862,0.7980000000006839,0.00765
b20_C,_8511_,XNOR2,0,0,2,1,31,4,3,0.0,2.66,1.0640000000003056,0.00765
b20_C,_8512_,OAI22,0,0,4,1,32,3,2,-2.1523437500281517e-05,2.394,1.0640000000003056,0.00765
b20_C,_8513_,XOR2,0,0,2,1,9,4,3,-3.906250012342127e-08,2.394,0.7980000000006839,0.00765
b20_C,_8514_,NAND2,0,0,2,1,9,10,18,-1.2499999999526779e-06,1.33,0.5320000000001528,0.00765
b20_C,_8515_,NOR2,0,0,2,1,8,10,18,-1.9531249950688334e-08,1.33,0.5320000000001528,0.00765
b20_C,_8516_,OAI21,0,0,3,2,30,9,17,0.0,1.862,0.7980000000006839,0.00765
b20_C,_8517_,XNOR2,0,0,2,1,31,3,2,0.0,2.66,1.0640000000003056,0.00765
b20_C,_8518_,AOI21,0,0,3,1,33,2,1,0.0,1.862,0.7980000000006839,0.00765
b20_C,_8519_,OAI211,0,1,4,0,35,1,0,-1.5078125000123066e-05,2.394,1.0640000000003056,0.00765
b20_C,_8520_,CLKBUF,0,0,1,10,9,8,36,0.0,1.064,0.26600000000053114,0.00765
b20_C,_8521_,OAI22,0,0,4,1,22,3,2,0.0,2.394,1.0640000000003056,0.00765
b20_C,_8522_,MUX2,0,0,3,3,14,7,14,0.0,2.394,0.5320000000001528,0.00765
b20_C,_8523_,XNOR2,0,0,2,1,15,4,3,0.0,2.66,1.0640000000003056,0.00765
b20_C,_8524_,NOR2,0,0,2,1,15,7,12,-3.906250012342127e-08,1.33,0.5320000000001528,0.00765
b20_C,_8525_,NAND2,0,0,2,1,15,7,12,-3.906250012342127e-08,1.33,0.5320000000001528,0.00765
b20_C,_8526_,AOI21,0,3,3,3,33,6,11,-2.849609374999673e-05,1.862,0.7980000000006839,0.00765
b20_C,_8527_,XNOR2,0,1,2,1,34,3,2,-3.4316406250178844e-05,2.66,1.0640000000003056,0.00765
b20_C,_8528_,AOI221,0,1,5,1,35,2,1,-2.830078125004576e-05,2.926,1.3299999999999272,0.00765
b20_C,_8529_,XOR2,0,0,2,1,10,4,3,0.0,2.394,0.7980000000006839,0.00765
b20_C,_8530_,NOR2,0,0,2,1,8,8,13,0.0,1.33,0.5320000000001528,0.00765
b20_C,_8531_,AOI21,0,0,3,1,31,8,13,0.0,1.862,0.7980000000006839,0.00765
b20_C,_8532_,NOR2,0,0,2,2,32,7,12,0.0,1.33,0.5320000000001528,0.00765
b20_C,_8533_,XNOR2,0,0,2,1,33,3,2,0.0,2.66,1.0640000000003056,0.00765
b20_C,_8534_,XOR2,0,0,2,1,10,4,3,0.0,2.394,0.7980000000006839,0.00765
b20_C,_8535_,NOR2,0,0,2,1,9,8,14,-3.906250012342127e-08,1.33,0.5320000000001528,0.00765
b20_C,_8536_,AOI21,0,0,3,1,31,8,14,-3.906250012342127e-08,1.862,0.7980000000006839,0.00765
b20_C,_8537_,NOR2,0,0,2,2,32,7,13,0.0,1.33,0.5320000000001528,0.00765
b20_C,_8538_,XNOR2,0,0,2,1,33,3,2,0.0,2.66,1.0640000000003056,0.00765
b20_C,_8539_,AOI22,0,0,4,1,34,2,1,0.0,2.394,1.0640000000003056,0.00765
b20_C,_8540_,OAI21,0,1,3,0,36,1,0,-2.7675781250291465e-05,1.862,0.7980000000006839,0.00765
b20_C,_8541_,CLKBUF,0,0,1,10,9,7,26,0.0,1.064,0.26600000000053114,0.00765
b20_C,_8542_,NOR3,0,0,3,1,17,3,2,-5.337890625023434e-05,1.862,0.7980000000006839,0.00765
b20_C,_8543_,AOI221,0,0,5,1,22,2,1,-6.490234375000625e-05,2.926,1.3299999999999272,0.00765
b20_C,_8544_,MUX2,0,0,3,3,14,6,9,0.0,2.394,0.5320000000001528,0.00765
b20_C,_8545_,XNOR2,0,0,2,1,15,3,2,0.0,2.66,1.0640000000003056,0.00765
b20_C,_8546_,OR2,0,0,2,2,15,6,8,0.0,1.33,0.26600000000053114,0.00765
b20_C,_8547_,AND2,0,0,2,2,15,6,8,0.0,1.33,0.26600000000053114,0.00765
b20_C,_8548_,OAI21,0,1,3,1,34,3,2,-1.1445312499969162e-05,1.862,0.7980000000006839,0.00765
b20_C,_8549_,XNOR2,0,1,2,1,35,2,1,-1.7890625000127613e-05,2.66,1.0640000000003056,0.00765
b20_C,_8550_,XOR2,0,0,2,1,10,5,4,0.0,2.394,0.7980000000006839,0.00765
b20_C,_8551_,AND2,0,0,2,1,10,7,10,0.0,1.33,0.26600000000053114,0.00765
b20_C,_8552_,OR2,0,0,2,1,10,7,10,0.0,1.33,0.26600000000053114,0.00765
b20_C,_8553_,AOI21,0,0,3,2,33,6,9,0.0,1.862,0.7980000000006839,0.00765
b20_C,_8554_,XNOR2,0,0,2,1,34,4,3,0.0,2.66,1.0640000000003056,0.00765
b20_C,_8555_,OAI22,0,0,4,1,35,3,2,-2.1484375000158096e-05,2.394,1.0640000000003056,0.00765
b20_C,_8556_,XNOR2,0,0,2,1,10,4,3,0.0,2.66,1.0640000000003056,0.00765
b20_C,_8557_,AND2,0,0,2,1,10,7,9,0.0,1.33,0.26600000000053114,0.00765
b20_C,_8558_,OR2,0,0,2,1,9,7,9,0.0,1.33,0.26600000000053114,0.00765
b20_C,_8559_,AOI21,0,0,3,2,33,6,8,0.0,1.862,0.7980000000006839,0.00765
b20_C,_8560_,XNOR2,0,0,2,1,34,3,2,0.0,2.66,1.0640000000003056,0.00765
b20_C,_8562_,OAI221,0,1,5,0,37,1,0,-1.5234375000172662e-05,2.926,1.3299999999999272,0.00765
b20_C,_8561_,AOI21,0,0,3,1,36,2,1,0.0,1.862,0.7980000000006839,0.00765
b20_C,_8563_,NAND2,0,0,2,1,15,5,4,0.0,1.33,0.5320000000001528,0.00765
b20_C,_8565_,NAND2,0,1,2,1,35,4,3,-1.2558593750267022e-05,1.33,0.5320000000001528,0.00765
b20_C,_8564_,OAI221,0,1,5,1,34,5,4,-2.3671875000186304e-05,2.926,1.3299999999999272,0.00765
b20_C,_8566_,MUX2,0,0,3,1,14,5,4,0.0,2.394,0.5320000000001528,0.00765
b20_C,_8567_,XNOR2,0,0,2,1,15,4,3,9.96093749705551e-07,2.66,1.0640000000003056,0.00765
b20_C,_8568_,XNOR2,0,1,2,1,36,3,2,-6.191406250133369e-06,2.66,1.0640000000003056,0.00765
b20_C,_8569_,NOR2,0,1,2,1,37,2,1,-5.195312500205773e-06,1.33,0.5320000000001528,0.00765
b20_C,_8570_,AOI22,0,0,4,1,23,3,2,-5.425781250023576e-05,2.394,1.0640000000003056,0.00765
b20_C,_8571_,NAND2,0,0,2,1,10,6,5,0.0,1.33,0.5320000000001528,0.00765
b20_C,_8573_,OAI21,0,0,3,1,34,5,4,0.0,1.862,0.7980000000006839,0.00765
b20_C,_8572_,NOR2,0,0,2,1,9,6,5,0.0,1.33,0.5320000000001528,0.00765
b20_C,_8574_,XNOR2,0,0,2,1,10,5,4,-5.859375029615421e-08,2.66,1.0640000000003056,0.00765
b20_C,_8575_,XNOR2,0,0,2,1,35,4,3,0.0,2.66,1.0640000000003056,0.00765
b20_C,_8577_,NOR2,0,0,2,1,9,6,5,0.0,1.33,0.5320000000001528,0.00765
b20_C,_8576_,NAND2,0,0,2,1,10,6,5,0.0,1.33,0.5320000000001528,0.00765
b20_C,_8578_,OAI21,0,0,3,1,34,5,4,0.0,1.862,0.7980000000006839,0.00765
b20_C,_8579_,XNOR2,0,0,2,1,10,5,4,-5.859375029615421e-08,2.66,1.0640000000003056,0.00765
b20_C,_8580_,XNOR2,0,0,2,1,35,4,3,0.0,2.66,1.0640000000003056,0.00765
b20_C,_8581_,AOI22,0,0,4,1,36,3,2,0.0,2.394,1.0640000000003056,0.00765
b20_C,_8582_,OAI221,0,0,5,1,37,2,1,-6.132812500059259e-06,2.926,1.3299999999999272,0.00765
b20_C,_8583_,OR2,0,1,2,0,38,1,0,-6.269531250158167e-06,1.33,0.26600000000053114,0.00765
b20_C,_8584_,BUF,0,9,1,10,18,2,19,0.000400644531249883,1.064,0.26600000000053114,0.00765
b20_C,_8585_,BUF,0,9,1,9,19,1,9,0.00038878906249983913,1.064,0.26600000000053114,0.00765
b20_C,_8586_,NAND2,0,1,2,3,18,9,162,9.453124999891926e-06,1.33,0.5320000000001528,0.00765
b20_C,_8587_,NOR2,0,0,2,3,10,11,294,-3.906250012342127e-08,1.33,0.5320000000001528,0.00765
b20_C,_8588_,AOI21,0,0,3,3,13,10,163,-8.007812501986677e-07,1.862,0.7980000000006839,0.00765
b20_C,_8589_,INV,0,0,1,1,14,9,101,0.0,0.798,0.26600000000053114,0.00765
b20_C,_8590_,NOR3,0,0,3,2,16,10,164,-8.046875000111697e-06,1.862,0.7980000000006839,0.00765
b20_C,_8591_,INV,0,0,1,2,17,9,116,0.0,0.798,0.26600000000053114,0.00765
b20_C,_8592_,OAI21,0,0,3,3,11,9,162,8.203124997052669e-07,1.862,0.7980000000006839,0.00765
b20_C,_8593_,OAI22,0,1,4,2,19,8,100,-9.960937501496403e-07,2.394,1.0640000000003056,0.00765
b20_C,_8594_,OAI21,0,1,3,7,20,7,96,-0.00023728515624998892,1.862,0.7980000000006839,0.00765
b20_C,_8595_,BUF,0,1,1,10,21,6,86,3.187499999990351e-05,1.064,0.26600000000053114,0.00765
b20_C,_8596_,BUF,0,0,1,10,22,4,23,-4.472656250253948e-06,1.064,0.26600000000053114,0.00765
b20_C,_8597_,NAND2,0,1,2,1,16,10,32,-3.898437500016172e-05,1.33,0.5320000000001528,0.00765
b20_C,_8598_,AOI22,0,0,4,1,16,10,32,-8.828125000137632e-06,2.394,1.0640000000003056,0.00765
b20_C,_8600_,NAND2,0,4,2,9,20,7,82,-7.500000000160156e-06,1.33,0.5320000000001528,0.00765
b20_C,_8601_,AOI21,0,0,3,2,21,6,18,-0.0003010742187501414,1.862,0.7980000000006839,0.00765
b20_C,_8599_,NAND3,0,1,3,7,18,9,31,2.0078124999933777e-05,1.862,0.7980000000006839,0.00765
b20_C,_8602_,NAND2,0,0,2,3,22,4,10,-1.0761718750140759e-05,1.33,0.5320000000001528,0.00765
b20_C,_8603_,NOR2,0,0,2,1,23,3,3,0.0,1.33,0.5320000000001528,0.00765
b20_C,_8604_,CLKBUF,0,0,1,10,16,5,23,0.0,1.064,0.26600000000053114,0.00765
b20_C,_8605_,AOI21,0,0,3,2,24,2,2,0.0,1.862,0.7980000000006839,0.00765
b20_C,_8606_,BUF,0,1,1,10,22,5,60,3.441406249971024e-05,1.064,0.26600000000053114,0.00765
b20_C,_8607_,BUF,0,1,1,10,23,4,42,3.441406249971024e-05,1.064,0.26600000000053114,0.00765
b20_C,_8608_,BUF,0,1,1,10,24,3,12,2.5097656249695177e-05,1.064,0.26600000000053114,0.00765
b20_C,_8609_,NAND2,0,0,2,1,25,2,1,-9.550781250089457e-06,1.33,0.5320000000001528,0.00765
b20_C,_8610_,NOR2,0,4,2,1,28,11,24,-3.734375000008505e-05,1.33,0.5320000000001528,0.00765
b20_C,_8611_,AOI21,0,4,3,2,29,10,23,-6.550781250025395e-05,1.862,0.7980000000006839,0.00765
b20_C,_8613_,NAND2,0,0,2,7,20,4,15,-9.003906250137916e-06,1.33,0.5320000000001528,0.00765
b20_C,_8612_,OR2,0,3,2,6,30,9,21,4.994140624980936e-05,1.33,0.26600000000053114,0.00765
b20_C,_8614_,OAI211,0,1,4,0,31,1,0,-1.0234375000139906e-05,2.394,1.0640000000003056,0.00765
b20_C,_8615_,MUX2,0,4,3,2,28,10,24,2.417968749979238e-05,2.394,0.5320000000001528,0.00765
b20_C,_8616_,AND2,0,3,2,6,29,9,22,-8.498046874994003e-05,1.33,0.26600000000053114,0.00765
b20_C,_8617_,NOR2,0,0,2,1,18,7,64,-5.859375002970069e-07,1.33,0.5320000000001528,0.00765
b20_C,_8618_,INV,0,0,1,1,19,7,64,-9.355468750138485e-06,0.798,0.26600000000053114,0.00765
b20_C,_8619_,AOI21,0,0,3,2,20,6,63,0.0,1.862,0.7980000000006839,0.00765
b20_C,_8620_,NOR2,0,0,2,3,21,4,44,0.0,1.33,0.5320000000001528,0.00765
b20_C,_8621_,CLKBUF,0,0,1,10,22,3,20,9.765624975344167e-08,1.064,0.26600000000053114,0.00765
b20_C,_8622_,AOI22,0,1,4,1,30,2,1,-1.71484375002251e-05,2.394,1.0640000000003056,0.00765
b20_C,_8623_,NAND2,0,1,2,0,31,1,0,-1.6445312500223963e-05,1.33,0.5320000000001528,0.00765
b20_C,_8625_,NAND2,0,0,2,6,28,9,28,-0.00027009765625019,1.33,0.5320000000001528,0.00765
b20_C,_8624_,MUX2,0,1,3,3,27,10,31,4.707031249884253e-06,2.394,0.5320000000001528,0.00765
b20_C,_8626_,NOR2,0,0,2,1,29,3,2,-9.17968750346887e-07,1.33,0.5320000000001528,0.00765
b20_C,_8627_,AOI221,0,0,5,1,30,2,1,0.0,2.926,1.3299999999999272,0.00765
b20_C,_8628_,AOI21,0,0,3,9,21,5,34,0.0,1.862,0.7980000000006839,0.00765
b20_C,_8629_,NOR2,0,0,2,4,11,4,27,-2.3437500029643843e-07,1.33,0.5320000000001528,0.00765
b20_C,_8630_,NAND2,0,0,2,10,22,3,20,-1.5625000004959588e-07,1.33,0.5320000000001528,0.00765
b20_C,_8631_,CLKBUF,0,0,1,10,23,2,10,0.0,1.064,0.26600000000053114,0.00765
b20_C,_8632_,XOR2,0,0,2,3,29,6,13,-1.726562500037332e-05,2.394,0.7980000000006839,0.00765
b20_C,_8633_,INV,0,0,1,1,27,7,13,-6.73828125008491e-06,0.798,0.26600000000053114,0.00765
b20_C,_8634_,AND2,0,0,2,1,28,7,13,-2.304687499954383e-06,1.33,0.26600000000053114,0.00765
b20_C,_8635_,AOI21,0,0,3,3,26,8,38,-0.00033169921875009223,1.862,0.7980000000006839,0.00765
b20_C,_8637_,NOR2,0,0,2,2,27,8,34,-7.363281250061249e-06,1.33,0.5320000000001528,0.00765
b20_C,_8636_,NOR2,0,0,2,2,27,8,39,-5.410156250107434e-06,1.33,0.5320000000001528,0.00765
b20_C,_8638_,INV,0,0,1,1,24,9,42,-5.546875000206342e-06,0.798,0.26600000000053114,0.00765
b20_C,_8639_,AOI21,0,0,3,1,24,9,42,-0.000329902343750188,1.862,0.7980000000006839,0.00765
b20_C,_8640_,AND2,0,0,2,3,25,9,68,-5.644531249959783e-06,1.33,0.26600000000053114,0.00765
b20_C,_8641_,NOR2,0,0,2,2,25,10,69,-1.041015625014019e-05,1.33,0.5320000000001528,0.00765
b20_C,_8642_,NAND4,0,1,4,8,17,14,99,4.421874999982478e-05,2.394,1.0640000000003056,0.00765
b20_C,_8643_,NOR2,0,0,2,3,24,10,76,-1.3046875000366498e-05,1.33,0.5320000000001528,0.00765
b20_C,_8644_,NOR2,0,0,2,1,24,11,70,-3.105468750153051e-06,1.33,0.5320000000001528,0.00765
b20_C,_8645_,NOR2,0,0,2,2,22,11,79,1.9531249950688334e-08,1.33,0.5320000000001528,0.00765
b20_C,_8646_,NAND2,0,0,2,1,22,12,80,-3.906250012342127e-08,1.33,0.5320000000001528,0.00765
b20_C,_8647_,NAND2,0,0,2,2,23,12,89,-3.5703125000008384e-05,1.33,0.5320000000001528,0.00765
b20_C,_8649_,INV,0,0,1,3,21,17,168,0.0,0.798,0.26600000000053114,0.00765
b20_C,_8648_,NAND2,0,0,2,2,22,13,99,-1.1542968750166693e-05,1.33,0.5320000000001528,0.00765
b20_C,_8650_,NOR2,0,0,2,1,21,14,107,0.0,1.33,0.5320000000001528,0.00765
b20_C,_8651_,NOR2,0,0,2,2,21,14,115,-6.835937500504485e-07,1.33,0.5320000000001528,0.00765
b20_C,_8652_,AND2,0,0,2,2,21,15,125,0.0,1.33,0.26600000000053114,0.00765
b20_C,_8653_,NOR2,0,0,2,1,19,16,133,0.0,1.33,0.5320000000001528,0.00765
b20_C,_8654_,NOR2,0,0,2,2,20,16,143,0.0,1.33,0.5320000000001528,0.00765
b20_C,_8655_,NAND2,0,1,2,5,16,19,179,-9.02343750031065e-06,1.33,0.5320000000001528,0.00765
b20_C,_8656_,NOR2,0,0,2,2,18,17,155,-9.843750000015916e-06,1.33,0.5320000000001528,0.00765
b20_C,_8657_,NOR2,0,0,2,4,16,20,195,-8.90625000016243e-06,1.33,0.5320000000001528,0.00765
b20_C,_8658_,NAND2,0,0,2,1,15,21,240,-0.0002401171875001662,1.33,0.5320000000001528,0.00765
b20_C,_8659_,OAI21,0,0,3,6,16,20,239,-0.00027166015625024187,1.862,0.7980000000006839,0.00765
b20_C,_8661_,NOR2,0,0,2,2,17,18,176,-3.496093750054996e-06,1.33,0.5320000000001528,0.00765
b20_C,_8660_,NOR2,0,0,2,1,17,18,167,0.0,1.33,0.5320000000001528,0.00765
b20_C,_8662_,NOR2,0,0,2,2,17,19,187,-1.7578125000028422e-07,1.33,0.5320000000001528,0.00765
b20_C,_8663_,INV,0,0,1,4,16,21,293,0.0,0.798,0.26600000000053114,0.00765
b20_C,_8664_,NOR2,0,0,2,1,17,20,196,0.0,1.33,0.5320000000001528,0.00765
b20_C,_8665_,NOR2,0,0,2,2,17,20,206,-6.113281250108571e-06,1.33,0.5320000000001528,0.00765
b20_C,_8666_,NAND2,0,0,2,1,17,21,207,-5.859375000305533e-06,1.33,0.5320000000001528,0.00765
b20_C,_8667_,OR2,0,0,2,3,16,21,235,-1.6601562502494005e-06,1.33,0.26600000000053114,0.00765
b20_C,_8668_,NAND2,0,0,2,2,16,22,236,-3.925781250302407e-06,1.33,0.5320000000001528,0.00765
b20_C,_8669_,INV,0,0,1,6,16,23,270,9.96093749705551e-07,0.798,0.26600000000053114,0.00765
b20_C,_8670_,NAND2,0,0,2,2,17,22,226,-4.1015625029672265e-07,1.33,0.5320000000001528,0.00765
b20_C,_8671_,NOR2,0,0,2,1,17,23,235,-5.410156250107434e-06,1.33,0.5320000000001528,0.00765
b20_C,_8673_,NOR2,0,0,2,3,16,23,265,0.0,1.33,0.5320000000001528,0.00765
b20_C,_8672_,INV,0,0,1,2,15,24,289,0.0,0.798,0.26600000000053114,0.00765
b20_C,_8674_,NOR2,0,0,2,2,15,24,266,0.0,1.33,0.5320000000001528,0.00765
b20_C,_8675_,NOR2,0,0,2,2,16,24,254,-3.7304687500183675e-05,1.33,0.5320000000001528,0.00765
b20_C,_8676_,NOR2,0,0,2,1,14,25,264,-1.0546875000017053e-06,1.33,0.5320000000001528,0.00765
b20_C,_8677_,NOR2,0,0,2,2,15,25,272,-0.0008051367187502656,1.33,0.5320000000001528,0.00765
b20_C,_8678_,AOI22,1,60,4,2,15,25,272,-8.996093750024414e-05,2.394,1.0640000000003056,0.00765
b20_C,_8680_,NAND2,0,0,2,2,16,24,254,-0.00037619140625033687,1.33,0.5320000000001528,0.00765
b20_C,_8681_,AOI211,1,60,4,2,17,23,244,-0.0006701171875000966,2.394,1.0640000000003056,0.00765
b20_C,_8683_,NOR2,0,0,2,1,17,22,217,-4.1015625029672265e-07,1.33,0.5320000000001528,0.00765
b20_C,_8684_,OAI211,1,57,4,2,19,21,216,-0.0006370507812500925,2.394,1.0640000000003056,0.00765
b20_C,_8685_,AND3,1,57,3,2,20,20,206,8.652343749959712e-05,1.596,0.26600000000053114,0.00765
b20_C,_8688_,AOI221,1,52,5,2,22,18,176,-0.0008806054687502396,2.926,1.3299999999999272,0.00765
b20_C,_8687_,NAND2,0,0,2,2,17,19,187,-1.7578125000028422e-07,1.33,0.5320000000001528,0.00765
b20_C,_8691_,AOI221,1,46,5,2,24,16,143,-0.0008668164062501926,2.926,1.3299999999999272,0.00765
b20_C,_8690_,NAND2,0,0,2,2,18,17,155,-1.0625000000263896e-05,1.33,0.5320000000001528,0.00765
b20_C,_8693_,OR2,0,0,2,2,20,15,125,0.0,1.33,0.26600000000053114,0.00765
b20_C,_8694_,AOI221,1,37,5,2,26,14,115,-0.000729511718750242,2.926,1.3299999999999272,0.00765
b20_C,_8696_,NOR2,0,0,2,2,22,13,99,-1.0605468750313207e-05,1.33,0.5320000000001528,0.00765
b20_C,_8697_,OAI221,1,28,5,2,28,12,89,-0.0008309570312501346,2.926,1.3299999999999272,0.00765
b20_C,_8698_,AND3,1,25,3,2,29,11,79,6.539062499966164e-05,1.596,0.26600000000053114,0.00765
b20_C,_8700_,NAND2,0,0,2,3,24,10,77,-1.4179687500170957e-05,1.33,0.5320000000001528,0.00765
b20_C,_8701_,AOI211,1,16,4,2,31,9,52,-0.0002572070312503172,2.394,1.0640000000003056,0.00765
b20_C,_8703_,NAND2,0,0,2,2,27,8,34,-8.00781250021032e-06,1.33,0.5320000000001528,0.00765
b20_C,_8704_,AOI211,1,7,4,2,33,7,22,-0.00019369140625014047,2.394,1.0640000000003056,0.00765
b20_C,_8706_,XOR2,1,3,2,3,35,5,6,-6.187500000010004e-05,2.394,0.7980000000006839,0.00765
b20_C,_8707_,BUF,0,0,1,10,24,2,10,-4.492187500204636e-06,1.064,0.26600000000053114,0.00765
b20_C,_8708_,NAND2,0,1,2,1,16,11,28,-5.292968749959215e-06,1.33,0.5320000000001528,0.00765
b20_C,_8709_,NAND2,0,1,2,1,18,10,27,-6.601562500208047e-06,1.33,0.5320000000001528,0.00765
b20_C,_8710_,AOI221,0,1,5,4,19,9,26,8.847656249866276e-06,2.926,1.3299999999999272,0.00765
b20_C,_8711_,INV,0,0,1,3,20,8,20,-2.2988281250135856e-05,0.798,0.26600000000053114,0.00765
b20_C,_8712_,NOR2,0,4,2,8,20,7,111,9.417968749980687e-05,1.33,0.5320000000001528,0.00765
b20_C,_8713_,AOI22,0,0,4,1,22,5,6,-6.54492187499578e-05,2.394,1.0640000000003056,0.00765
b20_C,_8714_,NAND2,0,0,2,2,11,7,193,0.0,1.33,0.5320000000001528,0.00765
b20_C,_8715_,NAND3,0,0,3,2,14,7,193,-7.421875001245581e-07,1.862,0.7980000000006839,0.00765
b20_C,_8717_,BUF,0,0,1,10,16,5,61,2.451171874984226e-05,1.064,0.26600000000053114,0.00765
b20_C,_8718_,OAI21,1,3,3,1,36,4,5,-3.2343750000052296e-05,1.862,0.7980000000006839,0.00765
b20_C,_8716_,AND2,0,0,2,5,15,6,148,0.0,1.33,0.26600000000053114,0.00765
b20_C,_8719_,NOR2,0,0,2,1,29,6,7,-4.2382812499575095e-06,1.33,0.5320000000001528,0.00765
b20_C,_8720_,NOR2,0,0,2,1,27,7,16,-1.914062500052438e-06,1.33,0.5320000000001528,0.00765
b20_C,_8721_,NOR2,0,0,2,1,27,8,24,-4.1796875001054445e-06,1.33,0.5320000000001528,0.00765
b20_C,_8723_,NOR2,0,0,2,2,25,10,52,0.0,1.33,0.5320000000001528,0.00765
b20_C,_8722_,AOI21,0,0,3,3,24,9,50,-0.0003458984375002139,1.862,0.7980000000006839,0.00765
b20_C,_8724_,INV,0,0,1,1,26,9,33,0.0,0.798,0.26600000000053114,0.00765
b20_C,_8725_,NAND2,0,0,2,2,25,9,42,-4.6093750003528555e-06,1.33,0.5320000000001528,0.00765
b20_C,_8726_,NAND2,0,0,2,2,24,10,53,0.0,1.33,0.5320000000001528,0.00765
b20_C,_8727_,NOR2,0,0,2,1,24,11,60,-1.0078125000312355e-05,1.33,0.5320000000001528,0.00765
b20_C,_8728_,NOR2,0,0,2,3,22,11,86,-1.2636718750069775e-05,1.33,0.5320000000001528,0.00765
b20_C,_8730_,NOR2,0,0,2,2,22,12,87,0.0,1.33,0.5320000000001528,0.00765
b20_C,_8729_,NAND2,0,0,2,2,21,15,102,-0.00024310546875017103,1.33,0.5320000000001528,0.00765
b20_C,_8731_,NOR3,0,0,3,3,22,12,96,-8.935546875021849e-05,1.862,0.7980000000006839,0.00765
b20_C,_8732_,NOR2,0,0,2,4,21,15,107,0.0,1.33,0.5320000000001528,0.00765
b20_C,_8733_,NOR2,0,0,2,1,22,13,85,-4.218750000006821e-06,1.33,0.5320000000001528,0.00765
b20_C,_8734_,NOR2,0,0,2,3,21,13,111,-5.058593750106866e-06,1.33,0.5320000000001528,0.00765
b20_C,_8735_,NOR2,0,0,2,2,22,14,112,0.0,1.33,0.5320000000001528,0.00765
b20_C,_8736_,NAND2,0,0,2,2,22,14,101,-5.078125000501643e-07,1.33,0.5320000000001528,0.00765
b20_C,_8737_,NAND2,0,0,2,2,21,15,109,-7.558593750012221e-06,1.33,0.5320000000001528,0.00765
b20_C,_8738_,NOR2,0,0,2,1,19,16,116,-2.148437501237055e-07,1.33,0.5320000000001528,0.00765
b20_C,_8739_,AND2,0,0,2,3,20,16,146,-7.167968750110276e-06,1.33,0.26600000000053114,0.00765
b20_C,_8740_,NOR2,0,0,2,2,20,18,148,-1.320312500019405e-05,1.33,0.5320000000001528,0.00765
b20_C,_8742_,NAND2,0,0,2,3,18,17,159,-3.710937499956657e-06,1.33,0.5320000000001528,0.00765
b20_C,_8741_,INV,0,0,1,1,21,17,125,0.0,0.798,0.26600000000053114,0.00765
b20_C,_8743_,OR2,0,0,2,2,18,18,160,-1.8164062502989964e-06,1.33,0.26600000000053114,0.00765
b20_C,_8745_,NOR2,0,0,2,1,18,19,154,-3.906250000129674e-06,1.33,0.5320000000001528,0.00765
b20_C,_8744_,NAND2,0,0,2,2,17,18,146,-6.699218750183533e-06,1.33,0.5320000000001528,0.00765
b20_C,_8746_,NOR2,0,0,2,3,17,19,184,0.0,1.33,0.5320000000001528,0.00765
b20_C,_8747_,INV,0,0,1,3,17,21,205,-1.3671875009890755e-07,0.798,0.26600000000053114,0.00765
b20_C,_8748_,NOR2,0,0,2,2,18,20,185,0.0,1.33,0.5320000000001528,0.00765
b20_C,_8749_,NOR2,0,0,2,3,17,20,195,0.0,1.33,0.5320000000001528,0.00765
b20_C,_8750_,NOR2,0,0,2,1,17,21,179,-6.660156250060112e-06,1.33,0.5320000000001528,0.00765
b20_C,_8751_,NOR2,0,0,2,2,16,21,187,-2.0898437500527223e-06,1.33,0.5320000000001528,0.00765
b20_C,_8752_,NOR2,0,0,2,3,16,22,218,-4.492187501980993e-07,1.33,0.5320000000001528,0.00765
b20_C,_8754_,NOR2,0,0,2,2,15,23,213,0.0,1.33,0.5320000000001528,0.00765
b20_C,_8753_,NOR2,0,0,2,1,17,23,204,-1.8945312501017497e-06,1.33,0.5320000000001528,0.00765
b20_C,_8755_,NOR2,0,0,2,2,16,24,223,-0.00032544921875032884,1.33,0.5320000000001528,0.00765
b20_C,_8756_,NOR2,0,0,2,1,13,27,293,-0.00025261718750013706,1.33,0.5320000000001528,0.00765
b20_C,_8757_,AOI21,0,0,3,4,14,26,292,-0.00029287109375020215,1.862,0.7980000000006839,0.00765
b20_C,_8758_,NOR2,0,0,2,2,15,25,240,-0.0008050781250001915,1.33,0.5320000000001528,0.00765
b20_C,_8759_,AOI211,0,14,4,2,15,25,240,-0.0006025781250000861,2.394,1.0640000000003056,0.00765
b20_C,_8760_,NOR2,0,0,2,1,14,25,232,0.0,1.33,0.5320000000001528,0.00765
b20_C,_8762_,NAND2,0,0,2,2,16,24,223,-0.00036937500000022716,1.33,0.5320000000001528,0.00765
b20_C,_8763_,AOI221,0,14,5,2,17,23,213,-0.00015195312500027036,2.926,1.3299999999999272,0.00765
b20_C,_8765_,NAND2,0,0,2,2,16,22,195,-4.6875000014878765e-07,1.33,0.5320000000001528,0.00765
b20_C,_8766_,AOI221,0,10,5,2,19,21,187,-0.00020492187499998593,2.926,1.3299999999999272,0.00765
b20_C,_8769_,INV,0,0,1,1,18,20,163,0.0,0.798,0.26600000000053114,0.00765
b20_C,_8768_,NOR2,0,0,2,3,17,21,195,0.0,1.33,0.5320000000001528,0.00765
b20_C,_8770_,AOI211,0,6,4,2,21,19,162,-0.00012080078125009663,2.394,1.0640000000003056,0.00765
b20_C,_8772_,NOR2,0,0,2,2,17,18,146,-6.152343750009948e-06,1.33,0.5320000000001528,0.00765
b20_C,_8773_,OAI211,0,0,4,2,23,17,134,-6.519531250015476e-05,2.394,1.0640000000003056,0.00765
b20_C,_8774_,AND3,0,0,3,2,24,16,124,0.0,1.596,0.26600000000053114,0.00765
b20_C,_8776_,NOR2,0,0,2,2,21,15,109,-6.953125000208615e-06,1.33,0.5320000000001528,0.00765
b20_C,_8777_,OAI221,0,0,5,2,26,14,101,-9.160156250187512e-06,2.926,1.3299999999999272,0.00765
b20_C,_8778_,AOI21,0,0,3,2,27,13,93,0.0,1.862,0.7980000000006839,0.00765
b20_C,_8780_,NOR2,0,0,2,3,23,13,96,-5.000000000254801e-06,1.33,0.5320000000001528,0.00765
b20_C,_8781_,INV,0,0,1,1,24,12,69,0.0,0.798,0.26600000000053114,0.00765
b20_C,_8782_,AOI211,0,0,4,2,29,11,68,0.0,2.394,1.0640000000003056,0.00765
b20_C,_8785_,OAI221,0,0,5,2,31,9,42,-1.3457031250219131e-05,2.926,1.3299999999999272,0.00765
b20_C,_8786_,AND3,0,0,3,2,32,8,32,0.0,1.596,0.26600000000053114,0.00765
b20_C,_8784_,NOR2,0,0,2,2,24,10,53,0.0,1.33,0.5320000000001528,0.00765
b20_C,_8789_,AOI21,0,0,3,2,34,6,15,0.0,1.862,0.7980000000006839,0.00765
b20_C,_8788_,NAND2,0,0,2,1,27,7,16,-1.9335937500031264e-06,1.33,0.5320000000001528,0.00765
b20_C,_8790_,NAND2,0,0,2,1,29,6,7,-4.609375000130811e-06,1.33,0.5320000000001528,0.00765
b20_C,_8791_,AOI21,0,0,3,1,35,5,6,0.0,1.862,0.7980000000006839,0.00765
b20_C,_8792_,XNOR2,0,0,2,1,36,4,5,0.0,2.66,1.0640000000003056,0.00765
b20_C,_8793_,OAI21,0,0,3,9,11,6,104,3.1054687497089617e-06,1.862,0.7980000000006839,0.00765
b20_C,_8794_,BUF,0,0,1,10,12,5,48,-9.765625019753088e-08,1.064,0.26600000000053114,0.00765
b20_C,_8795_,AOI21,1,3,3,2,37,3,4,3.132812499995197e-05,1.862,0.7980000000006839,0.00765
b20_C,_8796_,OAI221,0,1,5,0,38,1,0,-0.00010943359375015227,2.926,1.3299999999999272,0.00765
b20_C,_8797_,BUF,0,0,1,10,17,4,26,0.0,1.064,0.26600000000053114,0.00765
b20_C,_8798_,NOR2,0,0,2,1,18,3,2,-4.1015625007467804e-07,1.33,0.5320000000001528,0.00765
b20_C,_8799_,CLKBUF,0,0,1,10,22,3,20,2.578124999708109e-06,1.064,0.26600000000053114,0.00765
b20_C,_8800_,AOI221,0,0,5,1,29,2,1,-4.492187501980993e-07,2.926,1.3299999999999272,0.00765
b20_C,_8801_,NOR2,0,3,2,1,34,5,8,-6.185546875014936e-05,1.33,0.5320000000001528,0.00765
b20_C,_8802_,XOR2,0,3,2,3,35,4,7,4.7265625000569855e-06,2.394,0.7980000000006839,0.00765
b20_C,_8803_,BUF,0,3,1,10,21,6,59,0.00012265624999985292,1.064,0.26600000000053114,0.00765
b20_C,_8804_,XOR2,0,0,2,1,35,5,7,0.0,2.394,0.7980000000006839,0.00765
b20_C,_8805_,AOI22,0,0,4,1,36,4,6,-3.441406250015433e-05,2.394,1.0640000000003056,0.00765
b20_C,_8806_,OAI21,0,1,3,2,37,3,5,-4.564453125022183e-05,1.862,0.7980000000006839,0.00765
b20_C,_8807_,NOR2,0,2,2,8,16,6,136,0.00011808593749984553,1.33,0.5320000000001528,0.00765
b20_C,_8808_,BUF,0,2,1,10,17,5,107,6.578125000000767e-05,1.064,0.26600000000053114,0.00765
b20_C,_8809_,BUF,0,2,1,10,18,4,26,8.85156249998964e-05,1.064,0.26600000000053114,0.00765
b20_C,_8810_,AOI21,0,1,3,1,38,2,1,-2.6679687500141824e-05,1.862,0.7980000000006839,0.00765
b20_C,_8811_,OAI221,0,1,5,0,39,1,0,-7.855468750017636e-05,2.926,1.3299999999999272,0.00765
b20_C,_8812_,AOI22,0,0,4,1,22,4,3,-7.79296875030866e-06,2.394,1.0640000000003056,0.00765
b20_C,_8813_,OAI21,0,0,3,1,27,3,2,-1.2304687500019895e-06,1.862,0.7980000000006839,0.00765
b20_C,_8814_,AOI21,0,3,3,1,33,7,10,-0.0002695117187503371,1.862,0.7980000000006839,0.00765
b20_C,_8815_,OR2,0,0,2,3,28,7,17,0.0,1.33,0.26600000000053114,0.00765
b20_C,_8816_,XNOR2,0,3,2,3,34,6,9,-1.0898437500017621e-05,2.66,1.0640000000003056,0.00765
b20_C,_8817_,NAND2,0,0,2,3,11,6,21,-2.148437501237055e-07,1.33,0.5320000000001528,0.00765
b20_C,_8818_,NOR2,0,0,2,6,21,3,12,-1.708984375015099e-05,1.33,0.5320000000001528,0.00765
b20_C,_8819_,AND2,0,0,2,2,20,4,6,-1.0625000000263896e-05,1.33,0.26600000000053114,0.00765
b20_C,_8821_,NAND2,0,0,2,7,15,6,43,5.468749997294964e-07,1.33,0.5320000000001528,0.00765
b20_C,_8820_,AOI221,0,0,5,1,35,2,1,-2.7753906250094218e-05,2.926,1.3299999999999272,0.00765
b20_C,_8822_,AOI22,0,3,4,1,35,5,6,-3.62695312503547e-05,2.394,1.0640000000003056,0.00765
b20_C,_8823_,XNOR2,0,0,2,1,34,5,6,-2.8125000000045475e-06,2.66,1.0640000000003056,0.00765
b20_C,_8824_,NOR2,0,0,2,2,10,7,88,-2.148437503457501e-07,1.33,0.5320000000001528,0.00765
b20_C,_8825_,NOR2,0,0,2,4,12,6,85,1.00195312500162e-05,1.33,0.5320000000001528,0.00765
b20_C,_8826_,CLKBUF,0,0,1,10,13,5,60,2.8867187499947988e-05,1.064,0.26600000000053114,0.00765
b20_C,_8827_,OAI21,0,3,3,1,36,4,5,-4.568359375012321e-05,1.862,0.7980000000006839,0.00765
b20_C,_8828_,INV,0,3,1,2,37,3,4,3.6914062500059686e-06,0.798,0.26600000000053114,0.00765
b20_C,_8829_,OAI21,0,1,3,0,38,1,0,-3.578125000025523e-05,1.862,0.7980000000006839,0.00765
b20_C,_8830_,AOI21,0,0,3,1,21,4,3,-5.3457031250259135e-05,1.862,0.7980000000006839,0.00765
b20_C,_8831_,INV,0,0,1,1,1,4,3,0.0,0.798,0.26600000000053114,0.00765
b20_C,_8833_,AOI221,0,0,5,1,27,2,1,-5.078125000501643e-07,2.926,1.3299999999999272,0.00765
b20_C,_8834_,XNOR2,0,0,2,3,27,8,15,-5.2148437501564615e-06,2.66,1.0640000000003056,0.00765
b20_C,_8832_,AOI21,0,0,3,1,23,3,2,-7.929687500185523e-06,1.862,0.7980000000006839,0.00765
b20_C,_8835_,XOR2,0,3,2,3,33,5,6,-0.0003629882812501428,2.394,0.7980000000006839,0.00765
b20_C,_8836_,NOR2,0,0,2,1,33,6,7,0.0,1.33,0.5320000000001528,0.00765
b20_C,_8837_,XOR2,0,0,2,1,34,5,6,-1.1718750014821921e-07,2.394,0.7980000000006839,0.00765
b20_C,_8838_,BUF,0,0,1,10,16,5,61,3.906249990137667e-08,1.064,0.26600000000053114,0.00765
b20_C,_8839_,OAI22,0,3,4,1,35,4,5,-4.509765625027029e-05,2.394,1.0640000000003056,0.00765
b20_C,_8841_,OAI221,0,1,5,0,37,1,0,-0.00012164062500019668,2.926,1.3299999999999272,0.00765
b20_C,_8840_,AOI21,0,3,3,2,36,3,4,-6.914062500307239e-06,1.862,0.7980000000006839,0.00765
b20_C,_8842_,AOI22,0,0,4,1,23,4,3,-7.519531250110845e-06,2.394,1.0640000000003056,0.00765
b20_C,_8843_,NAND2,0,0,2,2,20,4,7,-2.4277343750211955e-05,1.33,0.5320000000001528,0.00765
b20_C,_8844_,OAI221,0,0,5,1,25,3,2,0.0,2.926,1.3299999999999272,0.00765
b20_C,_8846_,NOR2,0,3,2,1,32,7,9,-0.00020400390625008313,1.33,0.5320000000001528,0.00765
b20_C,_8845_,INV,0,0,1,1,26,2,1,0.0,0.798,0.26600000000053114,0.00765
b20_C,_8847_,OR2,0,0,2,3,26,8,17,0.0,1.33,0.26600000000053114,0.00765
b20_C,_8848_,XOR2,0,3,2,3,33,6,8,7.109374999814122e-06,2.394,0.7980000000006839,0.00765
b20_C,_8849_,NAND2,0,0,2,1,32,7,8,0.0,1.33,0.5320000000001528,0.00765
b20_C,_8850_,XOR2,0,0,2,1,33,6,7,0.0,2.394,0.7980000000006839,0.00765
b20_C,_8852_,AOI21,0,3,3,2,35,4,5,5.8203124999600675e-06,1.862,0.7980000000006839,0.00765
b20_C,_8851_,OAI22,0,3,4,1,34,5,6,-4.277343750036522e-05,2.394,1.0640000000003056,0.00765
b20_C,_8853_,OAI221,0,1,5,0,36,1,0,-0.00011802734375021551,2.926,1.3299999999999272,0.00765
b20_C,_8854_,AOI222,0,0,6,1,25,2,1,-1.9531249950688334e-08,3.724,1.595999999999549,0.00765
b20_C,_8855_,AOI21,0,3,3,1,31,6,8,-0.0004850585937501428,1.862,0.7980000000006839,0.00765
b20_C,_8856_,NOR2,0,0,2,3,26,8,17,0.0,1.33,0.5320000000001528,0.00765
b20_C,_8858_,OAI21,0,0,3,1,31,7,9,0.0,1.862,0.7980000000006839,0.00765
b20_C,_8857_,XNOR2,0,3,2,3,32,5,7,2.900390624982485e-05,2.66,1.0640000000003056,0.00765
b20_C,_8859_,XOR2,0,0,2,1,32,6,8,0.0,2.394,0.7980000000006839,0.00765
b20_C,_8860_,AOI22,0,0,4,1,33,5,7,-9.027343750034333e-05,2.394,1.0640000000003056,0.00765
b20_C,_8861_,OAI21,0,3,3,2,34,4,6,-2.248046875008569e-05,1.862,0.7980000000006839,0.00765
b20_C,_8862_,AOI21,0,1,3,1,35,2,1,-5.1718750000429026e-05,1.862,0.7980000000006839,0.00765
b20_C,_8863_,OAI221,0,1,5,0,36,1,0,-8.369140625008598e-05,2.926,1.3299999999999272,0.00765
b20_C,_8864_,AOI21,0,0,3,1,21,4,3,-5.341796875035776e-05,1.862,0.7980000000006839,0.00765
b20_C,_8865_,INV,0,0,1,1,1,4,3,0.0,0.798,0.26600000000053114,0.00765
b20_C,_8866_,AOI21,0,0,3,1,23,3,2,-7.929687500185523e-06,1.862,0.7980000000006839,0.00765
b20_C,_8867_,AOI221,0,0,5,1,24,2,1,-4.492187501980993e-07,2.926,1.3299999999999272,0.00765
b20_C,_8868_,INV,0,0,1,1,25,9,16,0.0,0.798,0.26600000000053114,0.00765
b20_C,_8870_,XOR2,0,3,2,3,31,5,6,-0.0006671874999999439,2.394,0.7980000000006839,0.00765
b20_C,_8869_,NOR2,0,0,2,3,26,8,15,0.0,1.33,0.5320000000001528,0.00765
b20_C,_8871_,CLKBUF,0,0,1,10,24,2,10,-3.496093750054996e-06,1.064,0.26600000000053114,0.00765
b20_C,_8872_,NAND2,0,0,2,3,16,6,74,-1.580078125007489e-05,1.33,0.5320000000001528,0.00765
b20_C,_8873_,CLKBUF,0,0,1,10,17,5,61,8.222656249667892e-06,1.064,0.26600000000053114,0.00765
b20_C,_8874_,OAI22,0,3,4,1,32,4,5,-4.8242187500102673e-05,2.394,1.0640000000003056,0.00765
b20_C,_8875_,XNOR2,0,0,2,1,31,4,5,0.0,2.66,1.0640000000003056,0.00765
b20_C,_8876_,AOI21,0,3,3,2,33,3,4,3.572265624995907e-05,1.862,0.7980000000006839,0.00765
b20_C,_8877_,OAI221,0,1,5,0,34,1,0,-0.00012419921875017614,2.926,1.3299999999999272,0.00765
b20_C,_8879_,NOR2,0,3,2,1,30,5,8,-0.00012703125000035342,1.33,0.5320000000001528,0.00765
b20_C,_8880_,XNOR2,0,0,2,3,24,9,18,-7.558593750234266e-06,2.66,1.0640000000003056,0.00765
b20_C,_8881_,XNOR2,0,3,2,3,31,4,7,-2.960937500029459e-05,2.66,1.0640000000003056,0.00765
b20_C,_8883_,OR2,0,0,2,1,30,6,7,0.0,1.33,0.26600000000053114,0.00765
b20_C,_8882_,AOI221,0,1,5,1,32,2,1,-9.394531250261906e-06,2.926,1.3299999999999272,0.00765
b20_C,_8884_,XNOR2,0,0,2,1,31,5,6,-4.687500000155609e-06,2.66,1.0640000000003056,0.00765
b20_C,_8885_,OAI22,0,0,4,1,32,4,5,-1.625000000027299e-05,2.394,1.0640000000003056,0.00765
b20_C,_8886_,AOI21,0,0,3,2,33,3,4,-2.0117187500279243e-05,1.862,0.7980000000006839,0.00765
b20_C,_8887_,OR2,0,0,2,3,23,15,18,-2.136718750023192e-05,1.33,0.26600000000053114,0.00765
b20_C,_8888_,OAI221,0,1,5,0,34,1,0,-6.9453125000285e-05,2.926,1.3299999999999272,0.00765
b20_C,_8889_,AOI222,0,0,6,1,23,2,1,-3.906249990137667e-08,3.724,1.595999999999549,0.00765
b20_C,_8890_,AND2,0,3,2,1,29,6,8,-0.00017402343750028137,1.33,0.26600000000053114,0.00765
b20_C,_8891_,OR2,0,0,2,3,23,9,17,0.0,1.33,0.26600000000053114,0.00765
b20_C,_8892_,XNOR2,0,3,2,3,30,5,7,6.744140624981299e-05,2.66,1.0640000000003056,0.00765
b20_C,_8893_,OAI22,0,3,4,2,31,4,6,-7.005859375031065e-05,2.394,1.0640000000003056,0.00765
b20_C,_8894_,NOR2,0,0,2,1,29,6,8,0.0,1.33,0.5320000000001528,0.00765
b20_C,_8895_,NOR2,0,0,2,1,30,5,7,0.0,1.33,0.5320000000001528,0.00765
b20_C,_8896_,XNOR2,0,0,2,2,31,4,6,0.0,2.66,1.0640000000003056,0.00765
b20_C,_8897_,AOI221,0,1,5,1,32,2,1,-4.517578125029509e-05,2.926,1.3299999999999272,0.00765
b20_C,_8898_,OAI221,0,1,5,0,33,1,0,-9.568359375000668e-05,2.926,1.3299999999999272,0.00765
b20_C,_8899_,NOR2,0,0,2,1,22,4,3,0.0,1.33,0.5320000000001528,0.00765
b20_C,_8900_,AOI21,0,0,3,1,21,4,3,-6.343750000015191e-05,1.862,0.7980000000006839,0.00765
b20_C,_8901_,OAI22,0,0,4,1,23,3,2,-8.398437501000444e-07,2.394,1.0640000000003056,0.00765
b20_C,_8902_,OAI21,0,3,3,1,28,5,8,-0.000753847656250084,1.862,0.7980000000006839,0.00765
b20_C,_8903_,OR2,0,0,2,3,24,9,17,0.0,1.33,0.26600000000053114,0.00765
b20_C,_8904_,XOR2,0,3,2,3,29,4,7,-4.421875000026887e-05,2.394,0.7980000000006839,0.00765
b20_C,_8906_,XNOR2,0,0,2,1,29,4,5,0.0,2.66,1.0640000000003056,0.00765
b20_C,_8905_,AOI221,0,0,5,1,30,2,1,-2.1093750000034106e-05,2.926,1.3299999999999272,0.00765
b20_C,_8907_,AOI222,0,3,6,2,30,3,4,2.3085937499889297e-05,3.724,1.595999999999549,0.00765
b20_C,_8908_,OAI21,0,1,3,0,31,1,0,-6.71093750002072e-05,1.862,0.7980000000006839,0.00765
b20_C,_8909_,AND2,0,0,2,1,22,3,2,-4.1796875001054445e-06,1.33,0.26600000000053114,0.00765
b20_C,_8910_,OAI22,0,0,4,1,21,3,2,-7.54492187504674e-05,2.394,1.0640000000003056,0.00765
b20_C,_8911_,AOI221,0,0,5,1,23,2,1,-4.88281250099476e-07,2.926,1.3299999999999272,0.00765
b20_C,_8912_,XNOR2,0,0,2,3,22,10,17,-5.449218750008811e-06,2.66,1.0640000000003056,0.00765
b20_C,_8913_,XNOR2,0,3,2,3,28,5,6,-0.0009140039062502936,2.66,1.0640000000003056,0.00765
b20_C,_8914_,NOR2,0,0,2,1,28,6,7,0.0,1.33,0.5320000000001528,0.00765
b20_C,_8915_,XNOR2,0,0,2,1,29,5,6,0.0,2.66,1.0640000000003056,0.00765
b20_C,_8916_,OAI22,0,3,4,1,30,4,5,-2.4218750000137845e-05,2.394,1.0640000000003056,0.00765
b20_C,_8918_,OAI221,0,1,5,0,32,1,0,-9.810546875010928e-05,2.926,1.3299999999999272,0.00765
b20_C,_8917_,AOI21,0,3,3,2,31,3,4,7.148437499715499e-06,1.862,0.7980000000006839,0.00765
b20_C,_8920_,AOI221,0,0,5,1,23,2,1,-9.980468750114824e-06,2.926,1.3299999999999272,0.00765
b20_C,_8921_,NOR2,0,3,2,1,27,6,7,-0.00043033203125020236,1.33,0.5320000000001528,0.00765
b20_C,_8922_,NOR2,0,0,2,3,23,10,17,0.0,1.33,0.5320000000001528,0.00765
b20_C,_8923_,XNOR2,0,3,2,3,28,5,6,-8.867187500261053e-06,2.66,1.0640000000003056,0.00765
b20_C,_8924_,OAI22,0,3,4,1,29,4,5,-2.439453125013813e-05,2.394,1.0640000000003056,0.00765
b20_C,_8925_,NAND2,0,0,2,1,27,5,6,0.0,1.33,0.5320000000001528,0.00765
b20_C,_8926_,XNOR2,0,0,2,1,28,4,5,0.0,2.66,1.0640000000003056,0.00765
b20_C,_8927_,AOI21,0,3,3,2,30,3,4,3.640624999978748e-05,1.862,0.7980000000006839,0.00765
b20_C,_8928_,OAI221,0,1,5,0,31,1,0,-9.828125000010957e-05,2.926,1.3299999999999272,0.00765
b20_C,_8929_,NOR3,0,0,3,1,21,5,4,-5.9433593750046754e-05,1.862,0.7980000000006839,0.00765
b20_C,_8931_,OAI21,0,0,3,1,23,3,2,0.0,1.862,0.7980000000006839,0.00765
b20_C,_8930_,AOI21,0,0,3,1,22,4,3,-8.222656250111982e-06,1.862,0.7980000000006839,0.00765
b20_C,_8932_,AOI21,0,3,3,1,26,5,8,-0.001083300781250074,1.862,0.7980000000006839,0.00765
b20_C,_8933_,XNOR2,0,0,2,3,21,10,18,5.898437499762821e-06,2.66,1.0640000000003056,0.00765
b20_C,_8934_,XNOR2,0,3,2,3,27,4,7,-1.1855468750265885e-05,2.66,1.0640000000003056,0.00765
b20_C,_8935_,AOI221,0,0,5,1,28,2,1,-2.5234375000238174e-05,2.926,1.3299999999999272,0.00765
b20_C,_8936_,OAI21,0,0,3,1,26,5,6,0.0,1.862,0.7980000000006839,0.00765
b20_C,_8937_,XOR2,0,0,2,1,27,4,5,-4.257812500352287e-06,2.394,0.7980000000006839,0.00765
b20_C,_8938_,AOI222,0,3,6,2,28,3,4,1.1132812498537703e-06,3.724,1.595999999999549,0.00765
b20_C,_8939_,OAI21,0,1,3,0,29,1,0,-7.003906250013792e-05,1.862,0.7980000000006839,0.00765
b20_C,_8940_,AOI22,0,0,4,1,17,4,3,-4.730468750024919e-05,2.394,1.0640000000003056,0.00765
b20_C,_8941_,NOR2,0,0,2,1,23,3,2,-8.417968750062954e-06,1.33,0.5320000000001528,0.00765
b20_C,_8943_,XNOR2,0,0,2,3,21,11,18,0.0,2.66,1.0640000000003056,0.00765
b20_C,_8942_,AOI221,0,0,5,1,24,2,1,-9.980468750114824e-06,2.926,1.3299999999999272,0.00765
b20_C,_8944_,XNOR2,0,3,2,3,26,5,6,-0.0012786132812503403,2.66,1.0640000000003056,0.00765
b20_C,_8945_,OAI22,0,3,4,1,27,4,5,-2.3964843750112763e-05,2.394,1.0640000000003056,0.00765
b20_C,_8946_,XNOR2,0,0,2,1,26,4,5,-5.976562500009663e-06,2.66,1.0640000000003056,0.00765
b20_C,_8947_,AOI21,0,3,3,2,28,3,4,3.62890624998613e-05,1.862,0.7980000000006839,0.00765
b20_C,_8948_,OAI221,0,1,5,0,29,1,0,-9.771484375020734e-05,2.926,1.3299999999999272,0.00765
b20_C,_8949_,AND2,0,0,2,1,22,3,2,-4.1796875001054445e-06,1.33,0.26600000000053114,0.00765
b20_C,_8951_,AOI221,0,0,5,1,23,2,1,-4.88281250099476e-07,2.926,1.3299999999999272,0.00765
b20_C,_8950_,OAI22,0,0,4,1,21,3,2,-3.330078125030056e-05,2.394,1.0640000000003056,0.00765
b20_C,_8952_,NOR2,0,3,2,1,25,6,9,-0.0005457617187500929,1.33,0.5320000000001528,0.00765
b20_C,_8953_,OR2,0,1,2,3,17,19,39,1.1542968749722604e-05,1.33,0.26600000000053114,0.00765
b20_C,_8955_,XNOR2,0,3,2,3,26,5,8,-1.0996093750215152e-05,2.66,1.0640000000003056,0.00765
b20_C,_8956_,OR2,0,0,2,1,25,6,7,0.0,1.33,0.26600000000053114,0.00765
b20_C,_8954_,XNOR2,0,0,2,3,19,11,20,-7.832031250210036e-06,2.66,1.0640000000003056,0.00765
b20_C,_8957_,XNOR2,0,0,2,1,26,5,6,-7.812500024684255e-08,2.66,1.0640000000003056,0.00765
b20_C,_8958_,OAI22,0,1,4,1,27,4,5,-3.8242187500259206e-05,2.394,1.0640000000003056,0.00765
b20_C,_8959_,AOI21,0,1,3,2,28,3,4,-3.2031250000397193e-05,1.862,0.7980000000006839,0.00765
b20_C,_8960_,OAI221,0,1,5,0,29,1,0,-5.7089843750190994e-05,2.926,1.3299999999999272,0.00765
b20_C,_8961_,NAND2,0,0,2,1,25,2,1,-9.550781250089457e-06,1.33,0.5320000000001528,0.00765
b20_C,_8962_,BUF,0,4,1,10,21,4,36,0.00018453124999995296,1.064,0.26600000000053114,0.00765
b20_C,_8963_,NOR3,0,0,3,1,22,3,2,-4.9746093750080433e-05,1.862,0.7980000000006839,0.00765
b20_C,_8964_,AOI221,0,0,5,1,23,2,1,-4.492187501980993e-07,2.926,1.3299999999999272,0.00765
b20_C,_8965_,NAND2,0,0,2,1,24,6,8,0.0,1.33,0.5320000000001528,0.00765
b20_C,_8966_,NOR2,0,0,2,3,21,11,21,7.636718749814975e-06,1.33,0.5320000000001528,0.00765
b20_C,_8968_,AOI21,0,3,3,1,24,6,10,-0.001320312500000309,1.862,0.7980000000006839,0.00765
b20_C,_8967_,XNOR2,0,0,2,1,25,5,7,-5.2734375000085265e-06,2.66,1.0640000000003056,0.00765
b20_C,_8969_,XNOR2,0,3,2,3,25,5,9,-1.2929687500218279e-05,2.66,1.0640000000003056,0.00765
b20_C,_8970_,AOI22,0,3,4,1,26,4,6,3.300781249881979e-06,2.394,1.0640000000003056,0.00765
b20_C,_8971_,OAI21,0,3,3,2,27,3,5,-3.386718750020279e-05,1.862,0.7980000000006839,0.00765
b20_C,_8972_,AOI21,0,1,3,1,28,2,1,-3.2578125000348734e-05,1.862,0.7980000000006839,0.00765
b20_C,_8973_,OAI211,0,1,4,0,29,1,0,-2.2519531250209113e-05,2.394,1.0640000000003056,0.00765
b20_C,_8974_,NAND2,0,0,2,1,24,2,1,-9.960937500164135e-06,1.33,0.5320000000001528,0.00765
b20_C,_8975_,OAI21,0,0,3,1,23,7,10,-6.697265625010829e-05,1.862,0.7980000000006839,0.00765
b20_C,_8976_,AND2,0,0,2,3,19,13,24,0.0,1.33,0.26600000000053114,0.00765
b20_C,_8977_,XNOR2,0,0,2,1,24,6,9,0.0,2.66,1.0640000000003056,0.00765
b20_C,_8978_,XNOR2,0,3,2,2,24,6,10,-0.0015765820312503287,2.66,1.0640000000003056,0.00765
b20_C,_8980_,AOI21,0,3,3,2,26,4,7,-3.029296875034504e-05,1.862,0.7980000000006839,0.00765
b20_C,_8979_,OAI22,0,3,4,1,25,5,8,-2.287109375020968e-05,2.394,1.0640000000003056,0.00765
b20_C,_8981_,OAI221,0,1,5,1,27,3,2,-0.00010636718750012264,2.926,1.3299999999999272,0.00765
b20_C,_8982_,INV,0,0,1,2,25,3,5,-3.054687500014808e-05,0.798,0.26600000000053114,0.00765
b20_C,_8983_,AOI21,0,1,3,1,28,2,1,-7.812500002479794e-07,1.862,0.7980000000006839,0.00765
b20_C,_8984_,OAI221,0,1,5,0,29,1,0,-2.8515625000169464e-05,2.926,1.3299999999999272,0.00765
b20_C,_8985_,XNOR2,0,0,2,3,18,13,21,-5.273437500230571e-06,2.66,1.0640000000003056,0.00765
b20_C,_8986_,XOR2,0,3,2,1,23,4,6,-0.0001161328125003358,2.394,0.7980000000006839,0.00765
b20_C,_8987_,NOR2,0,0,2,1,23,5,8,-0.0006680273437500439,1.33,0.5320000000001528,0.00765
b20_C,_8989_,OAI222,0,3,6,2,25,3,5,-5.6464843750214655e-05,3.724,1.595999999999549,0.00765
b20_C,_8988_,XNOR2,0,0,2,3,24,4,7,-6.835937500504485e-07,2.66,1.0640000000003056,0.00765
b20_C,_8990_,OAI21,0,0,3,1,22,3,2,-3.3789062500400036e-05,1.862,0.7980000000006839,0.00765
b20_C,_8992_,NOR2,0,0,2,1,18,3,2,-3.1250000009919177e-07,1.33,0.5320000000001528,0.00765
b20_C,_8991_,OAI22,0,1,4,1,26,2,1,-1.9863281250032117e-05,2.394,1.0640000000003056,0.00765
b20_C,_8993_,AOI21,0,0,3,1,23,2,1,-1.9531249950688334e-08,1.862,0.7980000000006839,0.00765
b20_C,_8994_,OAI211,0,1,4,0,27,1,0,-1.7871093750176925e-05,2.394,1.0640000000003056,0.00765
b20_C,_8995_,NOR2,0,3,2,1,22,5,7,-5.0742187500230074e-05,1.33,0.5320000000001528,0.00765
b20_C,_8996_,XNOR2,0,0,2,3,18,13,22,5.46874999951541e-07,2.66,1.0640000000003056,0.00765
b20_C,_8997_,XOR2,0,3,2,1,23,4,6,-5.056640625022979e-05,2.394,0.7980000000006839,0.00765
b20_C,_8998_,AOI21,0,0,3,1,22,5,9,-0.0014448828125002144,1.862,0.7980000000006839,0.00765
b20_C,_8999_,XOR2,0,0,2,3,23,4,8,-6.640625000997602e-07,2.394,0.7980000000006839,0.00765
b20_C,_9000_,OAI222,0,3,6,2,24,3,5,-5.378906250008697e-05,3.724,1.595999999999549,0.00765
b20_C,_9001_,OAI21,0,0,3,1,24,3,2,0.0,1.862,0.7980000000006839,0.00765
b20_C,_9002_,OAI22,0,1,4,1,25,2,1,-2.1445312500034674e-05,2.394,1.0640000000003056,0.00765
b20_C,_9003_,CLKBUF,0,0,1,10,11,5,74,9.335937499965752e-06,1.064,0.26600000000053114,0.00765
b20_C,_9004_,BUF,0,0,1,10,12,4,33,1.2773437499724594e-05,1.064,0.26600000000053114,0.00765
b20_C,_9005_,NOR2,0,0,2,2,18,3,5,-5.820312500404157e-06,1.33,0.5320000000001528,0.00765
b20_C,_9006_,AOI22,0,0,4,1,19,2,1,-2.289062500016037e-05,2.394,1.0640000000003056,0.00765
b20_C,_9007_,OAI221,0,1,5,0,26,1,0,-3.0585937500049454e-05,2.926,1.3299999999999272,0.00765
b20_C,_9008_,AOI222,0,0,6,1,24,2,1,-7.929687499963478e-06,3.724,1.595999999999549,0.00765
b20_C,_9009_,NOR2,0,0,2,3,19,13,21,-2.9296875014850343e-07,1.33,0.5320000000001528,0.00765
b20_C,_9010_,XOR2,0,3,2,3,22,5,7,-0.001985878906250349,2.394,0.7980000000006839,0.00765
b20_C,_9011_,AOI22,0,3,4,1,23,4,6,-4.175781250026489e-05,2.394,1.0640000000003056,0.00765
b20_C,_9012_,NOR2,0,0,2,1,21,6,8,-0.00023900390625009038,1.33,0.5320000000001528,0.00765
b20_C,_9013_,NOR2,0,0,2,1,22,5,7,0.0,1.33,0.5320000000001528,0.00765
b20_C,_9015_,OAI21,0,3,3,2,24,3,5,-3.5742187500131806e-05,1.862,0.7980000000006839,0.00765
b20_C,_9014_,XOR2,0,0,2,1,23,4,6,0.0,2.394,0.7980000000006839,0.00765
b20_C,_9016_,AOI221,0,1,5,1,25,2,1,-7.841796875007745e-05,2.926,1.3299999999999272,0.00765
b20_C,_9017_,OAI21,0,1,3,0,26,1,0,-1.7851562500226237e-05,1.862,0.7980000000006839,0.00765
b20_C,_9019_,AOI221,0,0,5,1,23,2,1,-9.531250000138769e-06,2.926,1.3299999999999272,0.00765
b20_C,_9020_,NOR2,0,2,2,1,21,6,9,-0.00036294921875024144,1.33,0.5320000000001528,0.00765
b20_C,_9021_,NOR2,0,0,2,3,18,13,22,0.0,1.33,0.5320000000001528,0.00765
b20_C,_9022_,XNOR2,0,2,2,3,22,5,8,-4.843750000205205e-06,2.66,1.0640000000003056,0.00765
b20_C,_9023_,OAI22,0,2,4,1,23,4,5,-3.017578125019682e-05,2.394,1.0640000000003056,0.00765
b20_C,_9024_,XNOR2,0,1,2,1,21,4,5,-0.0002523242187502106,2.66,1.0640000000003056,0.00765
b20_C,_9025_,AOI21,0,3,3,2,24,3,4,1.984374999963734e-05,1.862,0.7980000000006839,0.00765
b20_C,_9026_,OAI221,0,1,5,0,25,1,0,-6.841796875001194e-05,2.926,1.3299999999999272,0.00765
b20_C,_9027_,NOR2,0,0,2,1,18,3,2,0.0,1.33,0.5320000000001528,0.00765
b20_C,_9028_,AOI21,0,0,3,1,24,2,1,-8.281250000186091e-06,1.862,0.7980000000006839,0.00765
b20_C,_9029_,NAND2,0,0,2,1,20,5,8,-0.0011584765625003435,1.33,0.5320000000001528,0.00765
b20_C,_9030_,XNOR2,0,0,2,3,17,13,21,6.835937500504485e-07,2.66,1.0640000000003056,0.00765
b20_C,_9031_,XNOR2,0,0,2,3,21,4,7,-6.835937500504485e-07,2.66,1.0640000000003056,0.00765
b20_C,_9032_,NOR2,0,3,2,1,20,5,7,-9.642578125035328e-05,1.33,0.5320000000001528,0.00765
b20_C,_9033_,XOR2,0,3,2,1,21,4,6,-5.1621093750231495e-05,2.394,0.7980000000006839,0.00765
b20_C,_9034_,OAI222,0,3,6,2,22,3,5,-4.6054687500074465e-05,3.724,1.595999999999549,0.00765
b20_C,_9035_,NOR2,0,0,2,1,17,3,2,-2.617187500053575e-06,1.33,0.5320000000001528,0.00765
b20_C,_9036_,AOI221,0,1,5,1,23,2,1,-4.167968750001805e-05,2.926,1.3299999999999272,0.00765
b20_C,_9037_,OAI221,0,1,5,0,25,1,0,-2.6757812499944578e-05,2.926,1.3299999999999272,0.00765
b20_C,_9039_,AOI21,0,0,3,1,24,2,1,-8.281250000186091e-06,1.862,0.7980000000006839,0.00765
b20_C,_9040_,NAND2,0,3,2,1,19,7,8,-0.0018614453125000985,1.33,0.5320000000001528,0.00765
b20_C,_9038_,OAI22,0,0,4,1,21,3,2,-2.1093750000034106e-06,2.394,1.0640000000003056,0.00765
b20_C,_9041_,OAI21,0,3,3,1,20,6,7,-1.8398437500177778e-05,1.862,0.7980000000006839,0.00765
b20_C,_9042_,NAND2,0,0,2,3,17,13,20,0.0,1.33,0.5320000000001528,0.00765
b20_C,_9043_,XNOR2,0,3,2,3,21,5,6,2.9316406249924043e-05,2.66,1.0640000000003056,0.00765
b20_C,_9044_,INV,0,0,1,4,17,22,54,0.0,0.798,0.26600000000053114,0.00765
b20_C,_9045_,OAI222,0,3,6,1,22,4,5,-5.628906250021437e-05,3.724,1.595999999999549,0.00765
b20_C,_9046_,AOI21,0,0,3,1,19,5,6,-0.00035884765625038284,1.862,0.7980000000006839,0.00765
b20_C,_9047_,XOR2,0,0,2,1,20,4,5,-5.859375029615421e-08,2.394,0.7980000000006839,0.00765
b20_C,_9048_,AOI21,0,3,3,2,23,3,4,3.0058593749826557e-05,1.862,0.7980000000006839,0.00765
b20_C,_9049_,OAI221,0,1,5,0,25,1,0,-0.00010216796875006651,2.926,1.3299999999999272,0.00765
b20_C,_9050_,AOI222,0,0,6,1,23,2,1,-4.88281250099476e-07,3.724,1.595999999999549,0.00765
b20_C,_9051_,NOR2,0,0,2,1,18,14,23,-4.1015625029672265e-07,1.33,0.5320000000001528,0.00765
b20_C,_9052_,NOR2,0,0,2,3,19,13,22,0.0,1.33,0.5320000000001528,0.00765
b20_C,_9053_,XOR2,0,0,2,1,20,6,7,-0.002234667968750159,2.394,0.7980000000006839,0.00765
b20_C,_9054_,INV,0,0,1,3,21,5,6,0.0,0.798,0.26600000000053114,0.00765
b20_C,_9055_,XNOR2,0,3,2,1,20,6,7,-0.0004354492187501613,2.66,1.0640000000003056,0.00765
b20_C,_9056_,AOI22,0,3,4,1,21,5,6,-7.636718750037019e-05,2.394,1.0640000000003056,0.00765
b20_C,_9057_,OAI21,0,3,3,1,22,4,5,-4.503906250019618e-05,1.862,0.7980000000006839,0.00765
b20_C,_9058_,CLKBUF,0,0,1,10,18,4,41,-6.7968750001590195e-06,1.064,0.26600000000053114,0.00765
b20_C,_9059_,AOI21,0,3,3,2,23,3,4,3.58398437496632e-05,1.862,0.7980000000006839,0.00765
b20_C,_9060_,OAI221,0,1,5,0,25,1,0,-5.923828125009578e-05,2.926,1.3299999999999272,0.00765
b20_C,_9061_,NOR2,0,0,2,1,18,3,2,0.0,1.33,0.5320000000001528,0.00765
b20_C,_9063_,NOR2,0,0,2,1,18,5,8,-0.0009243554687501376,1.33,0.5320000000001528,0.00765
b20_C,_9064_,XNOR2,0,0,2,3,17,13,22,2.8710937498566125e-06,2.66,1.0640000000003056,0.00765
b20_C,_9062_,AOI21,0,0,3,1,24,2,1,-8.281250000186091e-06,1.862,0.7980000000006839,0.00765
b20_C,_9065_,XNOR2,0,0,2,3,19,4,7,-1.6210937501259792e-06,2.66,1.0640000000003056,0.00765
b20_C,_9066_,NOR2,0,1,2,1,18,6,8,-0.000256699218750267,1.33,0.5320000000001528,0.00765
b20_C,_9067_,XNOR2,0,1,2,1,19,5,7,-5.097656250008242e-06,2.66,1.0640000000003056,0.00765
b20_C,_9068_,AOI22,0,1,4,1,21,4,6,-7.650390625002501e-05,2.394,1.0640000000003056,0.00765
b20_C,_9069_,OAI21,0,1,3,2,22,3,5,-1.8457031250251887e-05,1.862,0.7980000000006839,0.00765
b20_C,_9070_,NOR2,0,0,2,2,15,3,5,-2.324218750127116e-06,1.33,0.5320000000001528,0.00765
b20_C,_9071_,AOI221,0,1,5,1,23,2,1,-1.0449218750263611e-05,2.926,1.3299999999999272,0.00765
b20_C,_9072_,OAI221,0,1,5,0,25,1,0,-3.449218750017913e-05,2.926,1.3299999999999272,0.00765
b20_C,_9073_,NOR2,0,0,2,1,18,3,2,0.0,1.33,0.5320000000001528,0.00765
b20_C,_9074_,AOI21,0,0,3,1,24,2,1,-8.281250000186091e-06,1.862,0.7980000000006839,0.00765
b20_C,_9076_,OR2,0,0,2,3,17,13,22,0.0,1.33,0.26600000000053114,0.00765
b20_C,_9075_,AOI21,0,0,3,1,17,5,8,-0.0014468164062502176,1.862,0.7980000000006839,0.00765
b20_C,_9077_,XOR2,0,0,2,3,18,4,7,0.0,2.394,0.7980000000006839,0.00765
b20_C,_9078_,AOI21,0,0,3,1,17,6,8,-0.000372167968750281,1.862,0.7980000000006839,0.00765
b20_C,_9079_,XOR2,0,0,2,1,18,5,7,0.0,2.394,0.7980000000006839,0.00765
b20_C,_9080_,AOI22,0,1,4,1,21,4,6,-8.660156250028805e-05,2.394,1.0640000000003056,0.00765
b20_C,_9081_,OAI21,0,1,3,2,22,3,5,-3.105468750153051e-06,1.862,0.7980000000006839,0.00765
b20_C,_9082_,NOR2,0,0,2,2,15,3,5,-2.324218750127116e-06,1.33,0.5320000000001528,0.00765
b20_C,_9083_,AOI221,0,1,5,1,23,2,1,-2.6796875000068e-05,2.926,1.3299999999999272,0.00765
b20_C,_9084_,OAI221,0,1,5,0,25,1,0,-1.1152343750264748e-05,2.926,1.3299999999999272,0.00765
b20_C,_9085_,INV,0,0,1,1,1,4,3,0.0,0.798,0.26600000000053114,0.00765
b20_C,_9086_,XNOR2,0,3,2,3,17,13,22,2.939453124994884e-05,2.66,1.0640000000003056,0.00765
b20_C,_9087_,XNOR2,0,0,2,1,18,5,7,-0.0005151171875001914,2.66,1.0640000000003056,0.00765
b20_C,_9088_,XOR2,0,3,2,3,18,5,8,-0.002070488281250338,2.394,0.7980000000006839,0.00765
b20_C,_9089_,AOI222,0,3,6,2,21,4,6,-4.445312500012122e-05,3.724,1.595999999999549,0.00765
b20_C,_9090_,AOI21,0,0,3,1,21,4,3,-4.835937500025089e-05,1.862,0.7980000000006839,0.00765
b20_C,_9091_,AOI22,0,1,4,1,23,3,2,-8.078125000010594e-05,2.394,1.0640000000003056,0.00765
b20_C,_9092_,AOI221,0,1,5,1,24,2,1,-2.2246093750233342e-05,2.926,1.3299999999999272,0.00765
b20_C,_9094_,AOI222,0,0,6,1,23,2,1,-1.1328125002485478e-06,3.724,1.595999999999549,0.00765
b20_C,_9093_,OAI21,0,1,3,0,25,1,0,-2.138671875018261e-05,1.862,0.7980000000006839,0.00765
b20_C,_9095_,NOR2,0,0,2,1,16,6,7,-0.0006758398437503033,1.33,0.5320000000001528,0.00765
b20_C,_9096_,XNOR2,0,3,2,4,14,13,21,-3.6914062500059686e-06,2.66,1.0640000000003056,0.00765
b20_C,_9097_,XNOR2,0,3,2,3,17,5,6,2.173828124973909e-05,2.66,1.0640000000003056,0.00765
b20_C,_9098_,OR2,0,0,2,2,16,6,7,-0.00010417968750009443,1.33,0.26600000000053114,0.00765
b20_C,_9099_,OAI21,0,0,3,1,17,5,6,-2.6582031250388383e-05,1.862,0.7980000000006839,0.00765
b20_C,_9100_,AOI21,0,0,3,1,18,4,5,-2.638671874999332e-05,1.862,0.7980000000006839,0.00765
b20_C,_9101_,OAI22,0,3,4,1,18,4,5,-0.0007866015624999889,2.394,1.0640000000003056,0.00765
b20_C,_9102_,AOI211,0,3,4,2,19,3,4,2.5253906249744773e-05,2.394,1.0640000000003056,0.00765
b20_C,_9103_,OAI221,0,1,5,0,25,1,0,-0.00015332031250014921,2.926,1.3299999999999272,0.00765
b20_C,_9104_,NAND2,0,0,2,1,14,7,9,-8.398437500112266e-06,1.33,0.5320000000001528,0.00765
b20_C,_9105_,XNOR2,0,0,2,3,15,13,24,-1.0195312500016485e-05,2.66,1.0640000000003056,0.00765
b20_C,_9106_,XOR2,0,0,2,1,16,6,8,-1.7578125000028422e-07,2.394,0.7980000000006839,0.00765
b20_C,_9107_,XNOR2,0,0,2,3,16,6,10,3.906249990137667e-08,2.66,1.0640000000003056,0.00765
b20_C,_9108_,OAI22,0,0,4,1,17,5,7,-7.832031250210036e-06,2.394,1.0640000000003056,0.00765
b20_C,_9109_,AOI21,0,3,3,2,22,4,6,4.921875000007958e-06,1.862,0.7980000000006839,0.00765
b20_C,_9110_,NOR2,0,0,2,1,17,5,4,-1.9531249995097255e-07,1.33,0.5320000000001528,0.00765
b20_C,_9111_,AOI221,0,0,5,1,18,4,3,-6.92187500002106e-05,2.926,1.3299999999999272,0.00765
b20_C,_9112_,AOI21,0,1,3,1,23,3,2,-2.707031250004377e-05,1.862,0.7980000000006839,0.00765
b20_C,_9113_,AOI221,0,1,5,1,24,2,1,-1.79882812501031e-05,2.926,1.3299999999999272,0.00765
b20_C,_9114_,INV,0,1,1,0,25,1,0,-1.6210937501259792e-06,0.798,0.26600000000053114,0.00765
b20_C,_9115_,NAND2,0,1,2,1,25,2,1,-2.89062500025139e-06,1.33,0.5320000000001528,0.00765
b20_C,_9116_,AOI222,0,0,6,1,23,2,1,-1.2304687500019895e-06,3.724,1.595999999999549,0.00765
b20_C,_9117_,NAND2,0,0,2,1,17,4,5,-1.5214843750221974e-05,1.33,0.5320000000001528,0.00765
b20_C,_9118_,AOI22,0,2,4,2,19,3,4,-6.699218749961489e-06,2.394,1.0640000000003056,0.00765
b20_C,_9119_,OAI211,0,1,4,0,26,1,0,-3.052734375019739e-05,2.394,1.0640000000003056,0.00765
b20_C,_9120_,NAND2,0,31,2,4,16,3,34,6.822265624983892e-05,1.33,0.5320000000001528,0.00765
b20_C,_9121_,BUF,0,10,1,10,17,2,10,6.882812499986457e-05,1.064,0.26600000000053114,0.00765
b20_C,_9122_,AND2,0,1,2,0,18,1,0,-3.550781250005741e-05,1.33,0.26600000000053114,0.00765
b20_C,_9123_,AND2,0,1,2,0,18,1,0,-3.550781250005741e-05,1.33,0.26600000000053114,0.00765
b20_C,_9124_,AND2,0,1,2,0,18,1,0,-3.550781250005741e-05,1.33,0.26600000000053114,0.00765
b20_C,_9125_,AND2,0,1,2,0,18,1,0,-3.550781250005741e-05,1.33,0.26600000000053114,0.00765
b20_C,_9126_,AND2,0,1,2,0,18,1,0,-3.550781250005741e-05,1.33,0.26600000000053114,0.00765
b20_C,_9127_,AND2,0,1,2,0,18,1,0,-3.550781250005741e-05,1.33,0.26600000000053114,0.00765
b20_C,_9128_,AND2,0,1,2,0,18,1,0,-3.550781250005741e-05,1.33,0.26600000000053114,0.00765
b20_C,_9129_,AND2,0,1,2,0,18,1,0,-3.550781250005741e-05,1.33,0.26600000000053114,0.00765
b20_C,_9130_,AND2,0,1,2,0,18,1,0,-3.550781250005741e-05,1.33,0.26600000000053114,0.00765
b20_C,_9131_,BUF,0,10,1,10,17,2,10,4.624999999980339e-05,1.064,0.26600000000053114,0.00765
b20_C,_9132_,AND2,0,1,2,0,18,1,0,-3.216796875005201e-05,1.33,0.26600000000053114,0.00765
b20_C,_9133_,AND2,0,1,2,0,18,1,0,-3.216796875005201e-05,1.33,0.26600000000053114,0.00765
b20_C,_9134_,AND2,0,1,2,0,18,1,0,-3.216796875005201e-05,1.33,0.26600000000053114,0.00765
b20_C,_9135_,AND2,0,1,2,0,18,1,0,-3.216796875005201e-05,1.33,0.26600000000053114,0.00765
b20_C,_9136_,AND2,0,1,2,0,18,1,0,-3.216796875005201e-05,1.33,0.26600000000053114,0.00765
b20_C,_9137_,AND2,0,1,2,0,18,1,0,-3.216796875005201e-05,1.33,0.26600000000053114,0.00765
b20_C,_9138_,AND2,0,1,2,0,18,1,0,-3.216796875005201e-05,1.33,0.26600000000053114,0.00765
b20_C,_9139_,AND2,0,1,2,0,18,1,0,-3.216796875005201e-05,1.33,0.26600000000053114,0.00765
b20_C,_9140_,AND2,0,1,2,0,18,1,0,-3.216796875005201e-05,1.33,0.26600000000053114,0.00765
b20_C,_9141_,AND2,0,1,2,0,18,1,0,-3.216796875005201e-05,1.33,0.26600000000053114,0.00765
b20_C,_9142_,BUF,0,10,1,10,17,2,10,4.624999999980339e-05,1.064,0.26600000000053114,0.00765
b20_C,_9143_,AND2,0,1,2,0,18,1,0,-3.216796875005201e-05,1.33,0.26600000000053114,0.00765
b20_C,_9144_,AND2,0,1,2,0,18,1,0,-3.216796875005201e-05,1.33,0.26600000000053114,0.00765
b20_C,_9145_,AND2,0,1,2,0,18,1,0,-3.216796875005201e-05,1.33,0.26600000000053114,0.00765
b20_C,_9146_,AND2,0,1,2,0,18,1,0,-3.216796875005201e-05,1.33,0.26600000000053114,0.00765
b20_C,_9147_,AND2,0,1,2,0,18,1,0,-3.216796875005201e-05,1.33,0.26600000000053114,0.00765
b20_C,_9148_,AND2,0,1,2,0,18,1,0,-3.216796875005201e-05,1.33,0.26600000000053114,0.00765
b20_C,_9149_,AND2,0,1,2,0,18,1,0,-3.216796875005201e-05,1.33,0.26600000000053114,0.00765
b20_C,_9150_,AND2,0,1,2,0,18,1,0,-3.216796875005201e-05,1.33,0.26600000000053114,0.00765
b20_C,_9151_,AND2,0,1,2,0,18,1,0,-3.216796875005201e-05,1.33,0.26600000000053114,0.00765
b20_C,_9152_,AND2,0,1,2,0,18,1,0,-3.216796875005201e-05,1.33,0.26600000000053114,0.00765
b20_C,_9153_,AND2,0,1,2,0,17,1,0,-0.00013615234374997343,1.33,0.26600000000053114,0.00765
b20_C,_9154_,NAND3,0,0,3,1,3,2,1,0.0,1.862,0.7980000000006839,0.00765
b20_C,_9155_,OAI22,0,1,4,0,30,1,0,-0.00029160156250007674,2.394,1.0640000000003056,0.00765
b20_C,_9156_,BUF,0,1,1,9,4,1,9,3.355468749988155e-05,1.064,0.26600000000053114,0.00765
b20_C,_9157_,NOR2,0,0,2,1,12,2,1,-0.0005373242187500793,1.33,0.5320000000001528,0.00765
b20_C,_9158_,MUX2,0,1,3,0,29,1,0,-6.660156250060112e-06,2.394,0.5320000000001528,0.00765
b20_C,_9159_,MUX2,0,1,3,0,28,1,0,4.8632812499338485e-06,2.394,0.5320000000001528,0.00765
b20_C,_9160_,MUX2,0,1,3,0,27,1,0,-6.191406250133369e-06,2.394,0.5320000000001528,0.00765
b20_C,_9161_,MUX2,0,1,3,0,26,1,0,1.6210937499039346e-06,2.394,0.5320000000001528,0.00765
b20_C,_9162_,NAND2,0,0,2,1,11,2,1,-0.00036701171875019867,1.33,0.5320000000001528,0.00765
b20_C,_9163_,OAI21,0,1,3,0,26,1,0,-9.453125000113971e-06,1.862,0.7980000000006839,0.00765
b20_C,_9164_,MUX2,0,1,3,0,24,1,0,-6.171874999960636e-06,2.394,0.5320000000001528,0.00765
b20_C,_9165_,MUX2,0,1,3,0,24,1,0,1.1328124998044586e-06,2.394,0.5320000000001528,0.00765
b20_C,_9166_,OAI21,0,1,3,0,23,1,0,9.179687499027978e-07,1.862,0.7980000000006839,0.00765
b20_C,_9167_,NAND2,0,0,2,1,10,2,1,-2.734375001978151e-07,1.33,0.5320000000001528,0.00765
b20_C,_9168_,OAI21,0,1,3,0,23,1,0,-9.160156250187512e-06,1.862,0.7980000000006839,0.00765
b20_C,_9169_,MUX2,0,1,3,0,21,1,0,1.5234374999284483e-06,2.394,0.5320000000001528,0.00765
b20_C,_9170_,NAND2,0,0,2,1,10,2,1,0.0,1.33,0.5320000000001528,0.00765
b20_C,_9171_,OAI21,0,1,3,0,22,1,0,-9.355468750138485e-06,1.862,0.7980000000006839,0.00765
b20_C,_9172_,MUX2,0,1,3,0,20,1,0,9.570312498041744e-07,2.394,0.5320000000001528,0.00765
b20_C,_9173_,BUF,0,0,1,10,4,3,13,6.542968749911893e-06,1.064,0.26600000000053114,0.00765
b20_C,_9174_,NAND2,0,1,2,1,19,2,1,-7.91015625001279e-06,1.33,0.5320000000001528,0.00765
b20_C,_9175_,OAI21,0,1,3,0,20,1,0,-1.375000000014559e-05,1.862,0.7980000000006839,0.00765
b20_C,_9176_,NAND2,0,1,2,1,19,2,1,-7.91015625001279e-06,1.33,0.5320000000001528,0.00765
b20_C,_9177_,OAI21,0,1,3,0,20,1,0,-1.375000000014559e-05,1.862,0.7980000000006839,0.00765
b20_C,_9178_,NAND2,0,1,2,1,18,2,1,-1.5644531250025295e-05,1.33,0.5320000000001528,0.00765
b20_C,_9179_,OAI21,0,1,3,0,19,1,0,-1.4843750000270717e-05,1.862,0.7980000000006839,0.00765
b20_C,_9180_,BUF,0,0,1,10,4,3,20,1.1074218750017906e-05,1.064,0.26600000000053114,0.00765
b20_C,_9181_,NAND2,0,1,2,1,17,2,1,-8.105468750185807e-06,1.33,0.5320000000001528,0.00765
b20_C,_9182_,OAI21,0,1,3,0,18,1,0,-1.4941406250024158e-05,1.862,0.7980000000006839,0.00765
b20_C,_9183_,NAND2,0,1,2,1,17,2,1,-9.277343750113687e-06,1.33,0.5320000000001528,0.00765
b20_C,_9184_,OAI21,0,1,3,0,18,1,0,-1.3789062500269011e-05,1.862,0.7980000000006839,0.00765
b20_C,_9185_,NAND2,0,1,2,1,16,2,1,-7.2851562502584954e-06,1.33,0.5320000000001528,0.00765
b20_C,_9186_,OAI21,0,1,3,0,17,1,0,-1.4277343750146443e-05,1.862,0.7980000000006839,0.00765
b20_C,_9187_,NAND2,0,1,2,1,15,2,1,-8.378906250161577e-06,1.33,0.5320000000001528,0.00765
b20_C,_9188_,OAI21,0,1,3,0,16,1,0,-1.4492187500270148e-05,1.862,0.7980000000006839,0.00765
b20_C,_9189_,NAND2,0,1,2,1,15,2,1,-8.476562500137064e-06,1.33,0.5320000000001528,0.00765
b20_C,_9190_,OAI21,0,1,3,0,16,1,0,-1.458984375002359e-05,1.862,0.7980000000006839,0.00765
b20_C,_9191_,NAND2,0,1,2,1,14,2,1,-7.2851562502584954e-06,1.33,0.5320000000001528,0.00765
b20_C,_9192_,OAI21,0,1,3,0,15,1,0,-1.4472656250097415e-05,1.862,0.7980000000006839,0.00765
b20_C,_9193_,NAND2,0,1,2,1,13,2,1,-9.277343750113687e-06,1.33,0.5320000000001528,0.00765
b20_C,_9195_,NAND2,0,1,2,1,13,2,1,-8.144531250087184e-06,1.33,0.5320000000001528,0.00765
b20_C,_9194_,OAI21,0,1,3,0,14,1,0,-7.792968750086615e-06,1.862,0.7980000000006839,0.00765
b20_C,_9196_,OAI21,0,1,3,0,14,1,0,-7.988281250259632e-06,1.862,0.7980000000006839,0.00765
b20_C,_9197_,NAND2,0,1,2,1,12,2,1,-7.2851562502584954e-06,1.33,0.5320000000001528,0.00765
b20_C,_9198_,OAI21,0,1,3,0,13,1,0,-8.30078125013678e-06,1.862,0.7980000000006839,0.00765
b20_C,_9199_,NAND2,0,1,2,1,11,2,1,-8.828125000137632e-06,1.33,0.5320000000001528,0.00765
b20_C,_9200_,OAI21,0,1,3,0,12,1,0,-8.515625000260485e-06,1.862,0.7980000000006839,0.00765
b20_C,_9201_,NAND2,0,1,2,1,11,2,1,-1.4335937500220552e-05,1.33,0.5320000000001528,0.00765
b20_C,_9202_,OAI21,0,1,3,0,12,1,0,-9.609375000163567e-06,1.862,0.7980000000006839,0.00765
b20_C,_9203_,NAND2,0,1,2,1,10,2,1,-5.390625000156746e-06,1.33,0.5320000000001528,0.00765
b20_C,_9204_,OAI21,0,1,3,0,11,1,0,-9.277343750113687e-06,1.862,0.7980000000006839,0.00765
b20_C,_9205_,NAND2,0,1,2,1,9,2,1,-6.23046875025679e-06,1.33,0.5320000000001528,0.00765
b20_C,_9206_,OAI21,0,1,3,0,10,1,0,-8.593750000063238e-06,1.862,0.7980000000006839,0.00765
b20_C,_9207_,MUX2,0,1,3,0,9,1,0,4.2382812499575095e-06,2.394,0.5320000000001528,0.00765
b20_C,_9209_,MUX2,0,1,3,0,7,1,0,-6.445312501490719e-07,2.394,0.5320000000001528,0.00765
b20_C,_9210_,NAND3,0,0,3,1,14,3,2,-2.343750000011191e-05,1.862,0.7980000000006839,0.00765
b20_C,_9208_,MUX2,0,1,3,0,8,1,0,4.414062499957794e-06,2.394,0.5320000000001528,0.00765
b20_C,_9211_,NAND3,0,0,3,1,13,3,2,-1.13085937500923e-05,1.862,0.7980000000006839,0.00765
b20_C,_9212_,AOI22,0,0,4,1,15,2,1,-7.839843750012676e-05,2.394,1.0640000000003056,0.00765
b20_C,_9213_,XNOR2,0,0,2,2,14,5,4,-3.437500000202931e-06,2.66,1.0640000000003056,0.00765
b20_C,_9215_,OAI21,0,0,3,6,11,26,83,-3.906250012342127e-08,1.862,0.7980000000006839,0.00765
b20_C,_9214_,NAND2,0,0,2,1,19,8,8,-1.38085937502197e-05,1.33,0.5320000000001528,0.00765
b20_C,_9216_,CLKBUF,0,0,1,10,12,20,62,0.0,1.064,0.26600000000053114,0.00765
b20_C,_9217_,CLKBUF,0,0,1,10,13,15,31,0.0,1.064,0.26600000000053114,0.00765
b20_C,_9218_,OAI21,0,0,3,2,31,7,7,-2.0273437500106795e-05,1.862,0.7980000000006839,0.00765
b20_C,_9221_,CLKBUF,0,0,1,10,12,20,60,0.0,1.064,0.26600000000053114,0.00765
b20_C,_9220_,AOI21,0,0,3,8,11,25,85,-0.0001745312500001095,1.862,0.7980000000006839,0.00765
b20_C,_9219_,INV,0,0,1,1,31,8,8,-1.6074218750272706e-05,0.798,0.26600000000053114,0.00765
b20_C,_9222_,CLKBUF,0,0,1,10,13,16,32,0.0,1.064,0.26600000000053114,0.00765
b20_C,_9223_,AOI22,0,0,4,2,32,7,7,-1.1855468750265885e-05,2.394,1.0640000000003056,0.00765
b20_C,_9224_,NOR2,0,0,2,1,33,6,5,0.0,1.33,0.5320000000001528,0.00765
b20_C,_9226_,AOI21,0,0,3,1,19,9,9,-9.431640625034987e-05,1.862,0.7980000000006839,0.00765
b20_C,_9225_,AOI222,0,0,6,2,28,8,8,-0.00011154296875015568,3.724,1.595999999999549,0.00765
b20_C,_9227_,OAI21,0,0,3,2,29,8,8,-9.375000002975753e-07,1.862,0.7980000000006839,0.00765
b20_C,_9228_,NAND2,0,0,2,1,30,7,6,0.0,1.33,0.5320000000001528,0.00765
b20_C,_9229_,INV,0,2,1,2,30,8,11,5.35156249981128e-06,0.798,0.26600000000053114,0.00765
b20_C,_9231_,AOI22,0,0,4,2,30,7,7,-1.9785156250229363e-05,2.394,1.0640000000003056,0.00765
b20_C,_9230_,OAI22,0,0,4,2,31,7,7,-4.5488281250172236e-05,2.394,1.0640000000003056,0.00765
b20_C,_9233_,AOI21,0,0,3,1,19,9,9,-9.076171874999872e-05,1.862,0.7980000000006839,0.00765
b20_C,_9232_,AOI222,0,0,6,2,27,8,8,-0.0001096093750003746,3.724,1.595999999999549,0.00765
b20_C,_9234_,OAI21,0,0,3,2,28,8,8,0.0,1.862,0.7980000000006839,0.00765
b20_C,_9235_,OAI22,0,0,4,1,30,7,6,0.0,2.394,1.0640000000003056,0.00765
b20_C,_9236_,NAND2,0,0,2,4,18,16,27,-0.00023519531250015824,1.33,0.5320000000001528,0.00765
b20_C,_9237_,NOR2,0,0,2,1,26,11,11,-1.7070312499978257e-05,1.33,0.5320000000001528,0.00765
b20_C,_9238_,AOI221,0,0,5,2,27,10,10,-9.960937500030909e-05,2.926,1.3299999999999272,0.00765
b20_C,_9240_,OAI21,0,0,3,2,27,10,10,0.0,1.862,0.7980000000006839,0.00765
b20_C,_9239_,AOI21,0,0,3,1,19,11,11,-8.968750000004633e-05,1.862,0.7980000000006839,0.00765
b20_C,_9241_,AOI21,0,0,3,1,21,11,10,-8.595703125013898e-05,1.862,0.7980000000006839,0.00765
b20_C,_9242_,OAI21,0,0,3,2,27,10,9,-1.2304687500019895e-06,1.862,0.7980000000006839,0.00765
b20_C,_9243_,AOI222,0,0,6,2,26,10,9,-0.00011839843750038881,3.724,1.595999999999549,0.00765
b20_C,_9244_,OAI22,0,0,4,1,28,9,8,0.0,2.394,1.0640000000003056,0.00765
b20_C,_9245_,AOI222,0,0,6,2,24,10,10,-0.00012544921875035087,3.724,1.595999999999549,0.00765
b20_C,_9246_,AOI21,0,0,3,1,18,11,11,-9.208984375019824e-05,1.862,0.7980000000006839,0.00765
b20_C,_9247_,OAI21,0,0,3,2,25,10,10,0.0,1.862,0.7980000000006839,0.00765
b20_C,_9248_,AOI22,0,0,4,1,28,9,8,0.0,2.394,1.0640000000003056,0.00765
b20_C,_9249_,NOR2,0,0,2,1,23,13,13,-6.1718750001826805e-06,1.33,0.5320000000001528,0.00765
b20_C,_9251_,AOI21,0,0,3,1,18,13,13,-9.01757812501458e-05,1.862,0.7980000000006839,0.00765
b20_C,_9250_,AOI221,0,0,5,2,24,12,12,-0.00010062500000018737,2.926,1.3299999999999272,0.00765
b20_C,_9252_,OAI21,0,0,3,2,24,12,12,0.0,1.862,0.7980000000006839,0.00765
b20_C,_9253_,AOI21,0,0,3,1,18,13,12,-8.699218750019e-05,1.862,0.7980000000006839,0.00765
b20_C,_9254_,OAI21,0,0,3,2,25,12,11,0.0,1.862,0.7980000000006839,0.00765
b20_C,_9255_,AOI222,0,0,6,2,24,12,11,-0.00012402343749995381,3.724,1.595999999999549,0.00765
b20_C,_9256_,AOI22,0,0,4,1,26,11,10,0.0,2.394,1.0640000000003056,0.00765
b20_C,_9257_,NOR2,0,0,2,1,23,15,14,-1.7070312499978257e-05,1.33,0.5320000000001528,0.00765
b20_C,_9258_,AOI221,0,0,5,2,24,14,13,-0.00010021484375011269,2.926,1.3299999999999272,0.00765
b20_C,_9259_,AOI21,0,0,3,1,18,15,14,-8.660156250028805e-05,1.862,0.7980000000006839,0.00765
b20_C,_9260_,OAI21,0,0,3,2,24,14,13,0.0,1.862,0.7980000000006839,0.00765
b20_C,_9261_,AOI222,0,0,6,2,21,14,15,-0.00011779296875014111,3.724,1.595999999999549,0.00765
b20_C,_9262_,AOI21,0,0,3,1,17,15,16,-8.960937500024357e-05,1.862,0.7980000000006839,0.00765
b20_C,_9263_,OAI21,0,0,3,2,22,14,15,0.0,1.862,0.7980000000006839,0.00765
b20_C,_9264_,OAI22,0,0,4,1,25,13,12,0.0,2.394,1.0640000000003056,0.00765
b20_C,_9265_,INV,0,0,1,1,26,12,11,0.0,0.798,0.26600000000053114,0.00765
b20_C,_9266_,NAND2,0,0,2,1,23,13,12,0.0,1.33,0.5320000000001528,0.00765
b20_C,_9267_,OAI21,0,0,3,1,18,16,15,-5.410156250018616e-05,1.862,0.7980000000006839,0.00765
b20_C,_9268_,AOI21,0,0,3,2,23,15,14,0.0,1.862,0.7980000000006839,0.00765
b20_C,_9269_,OAI222,0,0,6,2,22,15,14,-5.7968750000192415e-05,3.724,1.595999999999549,0.00765
b20_C,_9270_,AOI222,0,0,6,2,21,16,15,-0.00010466796874997186,3.724,1.595999999999549,0.00765
b20_C,_9271_,AOI21,0,0,3,1,18,17,16,-8.039062499998195e-05,1.862,0.7980000000006839,0.00765
b20_C,_9273_,AOI222,0,0,6,2,22,14,14,-9.511718750010445e-05,3.724,1.595999999999549,0.00765
b20_C,_9272_,OAI21,0,0,3,2,22,16,15,0.0,1.862,0.7980000000006839,0.00765
b20_C,_9274_,AOI21,0,0,3,1,18,15,15,-7.937500000010367e-05,1.862,0.7980000000006839,0.00765
b20_C,_9275_,OAI21,0,0,3,2,22,14,14,0.0,1.862,0.7980000000006839,0.00765
b20_C,_9276_,NOR2,0,0,2,1,23,15,14,0.0,1.33,0.5320000000001528,0.00765
b20_C,_9277_,OAI21,0,0,3,1,18,16,16,-1.1875000000216573e-05,1.862,0.7980000000006839,0.00765
b20_C,_9278_,AOI21,0,0,3,2,21,15,15,-1.953125017273294e-08,1.862,0.7980000000006839,0.00765
b20_C,_9279_,OAI222,0,0,6,2,22,15,15,-1.1523437500216005e-05,3.724,1.595999999999549,0.00765
b20_C,_9280_,AOI21,0,0,3,1,24,14,13,0.0,1.862,0.7980000000006839,0.00765
b20_C,_9281_,AOI22,0,0,4,1,21,18,18,-9.457031250015291e-05,2.394,1.0640000000003056,0.00765
b20_C,_9282_,OAI21,0,0,3,2,22,17,17,0.0,1.862,0.7980000000006839,0.00765
b20_C,_9283_,OAI21,0,0,3,1,17,18,18,-1.0273437500263327e-05,1.862,0.7980000000006839,0.00765
b20_C,_9284_,AOI21,0,0,3,2,21,17,17,0.0,1.862,0.7980000000006839,0.00765
b20_C,_9285_,OR2,0,0,2,1,23,15,14,0.0,1.33,0.26600000000053114,0.00765
b20_C,_9286_,OAI222,0,0,6,2,19,17,18,-1.7578125000028422e-07,3.724,1.595999999999549,0.00765
b20_C,_9288_,AOI21,0,0,3,2,20,17,18,0.0,1.862,0.7980000000006839,0.00765
b20_C,_9287_,OAI21,0,0,3,1,19,18,19,0.0,1.862,0.7980000000006839,0.00765
b20_C,_9290_,INV,0,0,1,1,24,15,14,0.0,0.798,0.26600000000053114,0.00765
b20_C,_9289_,AOI22,0,0,4,1,23,16,15,0.0,2.394,1.0640000000003056,0.00765
b20_C,_9291_,NAND2,0,0,2,1,20,19,20,0.0,1.33,0.5320000000001528,0.00765
b20_C,_9292_,OAI211,0,0,4,2,21,18,19,-1.158203125006807e-05,2.394,1.0640000000003056,0.00765
b20_C,_9293_,AOI222,0,0,6,2,20,18,19,-0.0001096093750003746,3.724,1.595999999999549,0.00765
b20_C,_9294_,NAND2,0,0,2,1,22,17,16,0.0,1.33,0.5320000000001528,0.00765
b20_C,_9295_,OAI21,0,0,3,1,23,16,15,0.0,1.862,0.7980000000006839,0.00765
b20_C,_9296_,OAI22,0,0,4,1,18,19,20,-1.9921875002992806e-06,2.394,1.0640000000003056,0.00765
b20_C,_9297_,AOI21,0,0,3,2,19,18,19,-9.492187500015348e-06,1.862,0.7980000000006839,0.00765
b20_C,_9298_,NOR2,0,0,2,4,11,21,30,-0.00014832031250011646,1.33,0.5320000000001528,0.00765
b20_C,_9299_,NOR2,0,0,2,4,12,21,30,-0.00014832031250011646,1.33,0.5320000000001528,0.00765
b20_C,_9300_,AOI22,0,0,4,2,18,18,19,-3.7109375001787015e-06,2.394,1.0640000000003056,0.00765
b20_C,_9301_,OAI22,0,0,4,1,22,17,16,0.0,2.394,1.0640000000003056,0.00765
b20_C,_9302_,INV,0,0,1,1,23,16,15,0.0,0.798,0.26600000000053114,0.00765
b20_C,_9303_,OAI222,0,0,6,2,18,19,20,-4.45312500030326e-06,3.724,1.595999999999549,0.00765
b20_C,_9304_,NAND2,0,0,2,10,11,26,50,0.0,1.33,0.5320000000001528,0.00765
b20_C,_9305_,NAND2,0,0,2,10,11,26,50,0.0,1.33,0.5320000000001528,0.00765
b20_C,_9306_,OAI22,0,0,4,2,18,19,20,-5.527343750255653e-06,2.394,1.0640000000003056,0.00765
b20_C,_9307_,NOR2,0,0,2,1,19,18,17,0.0,1.33,0.5320000000001528,0.00765
b20_C,_9308_,AOI21,0,0,3,1,20,17,16,0.0,1.862,0.7980000000006839,0.00765
b20_C,_9309_,NAND2,0,0,2,1,19,18,17,0.0,1.33,0.5320000000001528,0.00765
b20_C,_9310_,OAI22,0,0,4,1,17,19,19,0.0,2.394,1.0640000000003056,0.00765
b20_C,_9311_,INV,0,0,1,2,18,18,18,0.0,0.798,0.26600000000053114,0.00765
b20_C,_9312_,AOI222,0,0,6,2,17,18,18,-8.437500000013642e-05,3.724,1.595999999999549,0.00765
b20_C,_9313_,OAI21,0,0,3,1,20,17,16,0.0,1.862,0.7980000000006839,0.00765
b20_C,_9314_,OAI222,0,0,6,2,17,19,19,-1.1718750014821921e-07,3.724,1.595999999999549,0.00765
b20_C,_9315_,OAI22,0,0,4,2,18,19,19,0.0,2.394,1.0640000000003056,0.00765
b20_C,_9316_,NOR2,0,0,2,1,19,18,17,0.0,1.33,0.5320000000001528,0.00765
b20_C,_9317_,AOI222,0,0,6,2,17,20,21,-0.00014304687500032998,3.724,1.595999999999549,0.00765
b20_C,_9318_,AOI22,0,0,4,2,17,20,21,0.0,2.394,1.0640000000003056,0.00765
b20_C,_9319_,NOR2,0,0,2,1,18,19,18,0.0,1.33,0.5320000000001528,0.00765
b20_C,_9320_,AOI21,0,0,3,1,19,18,17,0.0,1.862,0.7980000000006839,0.00765
b20_C,_9321_,AOI222,0,0,6,2,17,20,20,-0.0001446875000001846,3.724,1.595999999999549,0.00765
b20_C,_9322_,AOI22,0,0,4,2,17,20,20,-7.57812499996291e-06,2.394,1.0640000000003056,0.00765
b20_C,_9323_,AOI22,0,0,4,1,18,19,18,0.0,2.394,1.0640000000003056,0.00765
b20_C,_9324_,NOR2,0,0,2,1,16,21,21,-2.0898437500527223e-06,1.33,0.5320000000001528,0.00765
b20_C,_9325_,AOI221,0,0,5,2,17,20,20,-0.00014341796875028123,2.926,1.3299999999999272,0.00765
b20_C,_9326_,AOI22,0,0,4,2,16,20,20,-1.7968750001262634e-06,2.394,1.0640000000003056,0.00765
b20_C,_9327_,OAI22,0,0,4,1,18,19,18,0.0,2.394,1.0640000000003056,0.00765
b20_C,_9328_,OAI222,0,0,6,2,18,21,21,-2.4804687499546674e-06,3.724,1.595999999999549,0.00765
b20_C,_9329_,OAI22,0,0,4,2,17,21,21,-3.906250001239897e-07,2.394,1.0640000000003056,0.00765
b20_C,_9330_,NAND2,0,0,2,1,19,20,19,0.0,1.33,0.5320000000001528,0.00765
b20_C,_9331_,OAI22,0,0,4,2,17,23,23,-2.871093750078657e-06,2.394,1.0640000000003056,0.00765
b20_C,_9332_,OAI222,0,0,6,2,17,23,23,-1.6601562502494005e-06,3.724,1.595999999999549,0.00765
b20_C,_9333_,OR2,0,0,2,1,18,21,20,0.0,1.33,0.26600000000053114,0.00765
b20_C,_9334_,OAI22,0,0,4,2,16,23,24,0.0,2.394,1.0640000000003056,0.00765
b20_C,_9335_,AOI22,0,0,4,1,17,24,25,-0.00015630859375015405,2.394,1.0640000000003056,0.00765
b20_C,_9336_,OAI21,0,0,3,2,18,23,24,0.0,1.862,0.7980000000006839,0.00765
b20_C,_9337_,AOI22,0,0,4,1,19,22,21,0.0,2.394,1.0640000000003056,0.00765
b20_C,_9338_,INV,0,0,1,1,20,21,20,0.0,0.798,0.26600000000053114,0.00765
b20_C,_9339_,NOR2,0,0,2,1,19,22,21,0.0,1.33,0.5320000000001528,0.00765
b20_C,_9340_,AOI22,0,0,4,1,17,24,24,-0.00019867187500022254,2.394,1.0640000000003056,0.00765
b20_C,_9341_,OAI21,0,0,3,2,18,23,23,-5.449218750008811e-06,1.862,0.7980000000006839,0.00765
b20_C,_9342_,OAI22,0,0,4,2,17,23,23,-2.1757812500133866e-05,2.394,1.0640000000003056,0.00765
b20_C,_9343_,NAND2,0,0,2,1,19,22,21,0.0,1.33,0.5320000000001528,0.00765
b20_C,_9344_,OAI222,0,0,6,2,15,25,24,-0.0009031835937500787,3.724,1.595999999999549,0.00765
b20_C,_9345_,OAI22,0,0,4,2,14,25,24,-3.9414062500187086e-05,2.394,1.0640000000003056,0.00765
b20_C,_9346_,OAI222,0,0,6,2,15,25,26,-0.0007111523437501877,3.724,1.595999999999549,0.00765
b20_C,_9347_,OAI22,0,0,4,2,14,25,26,-9.960937500164135e-06,2.394,1.0640000000003056,0.00765
b20_C,_9348_,AOI22,0,0,4,1,16,24,23,0.0,2.394,1.0640000000003056,0.00765
b20_C,_9349_,INV,0,0,1,1,17,23,22,0.0,0.798,0.26600000000053114,0.00765
b20_C,_9350_,NOR2,0,0,2,1,16,24,23,0.0,1.33,0.5320000000001528,0.00765
b20_C,_9351_,OAI22,0,0,4,1,14,25,24,-9.921875000262759e-06,2.394,1.0640000000003056,0.00765
b20_C,_9352_,OAI22,0,0,4,2,15,25,25,-1.953125000020428e-05,2.394,1.0640000000003056,0.00765
b20_C,_9353_,NOR3,0,0,3,2,11,25,25,-0.00015119140625019512,1.862,0.7980000000006839,0.00765
b20_C,_9354_,OAI21,0,0,3,1,16,24,23,0.0,1.862,0.7980000000006839,0.00765
b20_C,_9355_,NAND2,0,0,2,1,16,24,23,0.0,1.33,0.5320000000001528,0.00765
b20_C,_9356_,AOI21,0,0,3,1,17,23,22,0.0,1.862,0.7980000000006839,0.00765
b20_C,_9357_,OAI222,0,0,6,1,19,22,21,0.0,3.724,1.595999999999549,0.00765
b20_C,_9358_,AOI21,0,0,3,1,20,21,20,0.0,1.862,0.7980000000006839,0.00765
b20_C,_9359_,OAI221,0,0,5,1,21,20,19,0.0,2.926,1.3299999999999272,0.00765
b20_C,_9360_,AOI22,0,0,4,1,22,19,18,0.0,2.394,1.0640000000003056,0.00765
b20_C,_9361_,OAI21,0,0,3,1,23,18,17,0.0,1.862,0.7980000000006839,0.00765
b20_C,_9362_,AOI221,0,0,5,1,24,17,16,0.0,2.926,1.3299999999999272,0.00765
b20_C,_9363_,OAI21,0,0,3,1,25,16,15,0.0,1.862,0.7980000000006839,0.00765
b20_C,_9364_,AOI21,0,0,3,1,26,15,14,0.0,1.862,0.7980000000006839,0.00765
b20_C,_9365_,OAI221,0,0,5,1,27,14,13,0.0,2.926,1.3299999999999272,0.00765
b20_C,_9366_,AOI222,0,0,6,1,28,13,12,0.0,3.724,1.595999999999549,0.00765
b20_C,_9367_,NAND2,0,0,2,1,24,14,13,0.0,1.33,0.5320000000001528,0.00765
b20_C,_9368_,OAI21,0,0,3,1,25,13,12,0.0,1.862,0.7980000000006839,0.00765
b20_C,_9369_,OAI221,0,0,5,1,29,12,11,0.0,2.926,1.3299999999999272,0.00765
b20_C,_9370_,AOI22,0,0,4,1,30,11,10,0.0,2.394,1.0640000000003056,0.00765
b20_C,_9371_,NOR2,0,0,2,1,25,11,10,0.0,1.33,0.5320000000001528,0.00765
b20_C,_9372_,OAI21,0,0,3,1,31,10,9,0.0,1.862,0.7980000000006839,0.00765
b20_C,_9373_,OAI221,0,0,5,1,32,9,8,0.0,2.926,1.3299999999999272,0.00765
b20_C,_9374_,AOI21,0,0,3,1,33,8,7,0.0,1.862,0.7980000000006839,0.00765
b20_C,_9375_,AOI221,0,0,5,1,34,7,6,0.0,2.926,1.3299999999999272,0.00765
b20_C,_9376_,OAI221,0,0,5,1,35,6,5,0.0,2.926,1.3299999999999272,0.00765
b20_C,_9377_,AOI22,0,0,4,1,33,6,5,0.0,2.394,1.0640000000003056,0.00765
b20_C,_9378_,AOI21,0,0,3,2,36,5,4,0.0,1.862,0.7980000000006839,0.00765
b20_C,_9379_,OAI21,0,0,3,1,37,4,3,0.0,1.862,0.7980000000006839,0.00765
b20_C,_9380_,AOI21,0,0,3,1,38,3,2,0.0,1.862,0.7980000000006839,0.00765
b20_C,_9381_,NOR2,0,0,2,2,31,5,6,-2.7226562500093365e-05,1.33,0.5320000000001528,0.00765
b20_C,_9382_,AND2,0,0,2,2,31,6,7,-1.3242187500095426e-05,1.33,0.26600000000053114,0.00765
b20_C,_9383_,NOR4,0,0,4,1,20,12,11,-1.0546875000017053e-06,2.394,1.0640000000003056,0.00765
b20_C,_9384_,NOR3,0,0,3,1,20,12,11,-1.914062500052438e-06,1.862,0.7980000000006839,0.00765
b20_C,_9385_,NOR3,0,0,3,1,18,12,11,-5.082031250003283e-05,1.862,0.7980000000006839,0.00765
b20_C,_9386_,NOR4,0,0,4,1,20,12,11,-1.3476562501502087e-06,2.394,1.0640000000003056,0.00765
b20_C,_9387_,NAND4,0,0,4,1,21,11,10,0.0,2.394,1.0640000000003056,0.00765
b20_C,_9388_,OR4,0,0,4,1,22,10,9,-1.7382812500521538e-06,1.862,0.26600000000053114,0.00765
b20_C,_9389_,NOR4,0,0,4,1,24,9,8,-3.945312500253095e-06,2.394,1.0640000000003056,0.00765
b20_C,_9390_,AND4,0,0,4,1,25,8,7,-1.3476562501502087e-06,1.862,0.26600000000053114,0.00765
b20_C,_9391_,NAND3,0,0,3,1,27,7,6,0.0,1.862,0.7980000000006839,0.00765
b20_C,_9392_,NAND2,0,0,2,1,28,7,6,-9.765625019753088e-08,1.33,0.5320000000001528,0.00765
b20_C,_9393_,NOR3,0,0,3,1,29,6,5,-1.9921875002992806e-06,1.862,0.7980000000006839,0.00765
b20_C,_9394_,NAND3,0,0,3,1,30,5,4,0.0,1.862,0.7980000000006839,0.00765
b20_C,_9395_,XNOR2,0,0,2,1,30,5,4,-5.1738281250379714e-05,2.66,1.0640000000003056,0.00765
b20_C,_9396_,NOR4,0,0,4,1,32,4,3,0.0,2.394,1.0640000000003056,0.00765
b20_C,_9397_,XNOR2,0,0,2,1,33,3,2,-1.367187500100897e-06,2.66,1.0640000000003056,0.00765
b20_C,_9398_,NAND2,0,0,2,1,29,6,5,-1.1992187500364793e-05,1.33,0.5320000000001528,0.00765
b20_C,_9399_,NOR2,0,0,2,1,29,6,5,-1.1054687500289262e-05,1.33,0.5320000000001528,0.00765
b20_C,_9400_,NAND2,0,0,2,2,21,6,6,-1.0761718750140759e-05,1.33,0.5320000000001528,0.00765
b20_C,_9401_,OAI221,0,1,5,1,35,5,4,-0.00011416015625020925,2.926,1.3299999999999272,0.00765
b20_C,_9402_,AOI21,0,0,3,1,32,5,4,-1.6699218750027e-05,1.862,0.7980000000006839,0.00765
b20_C,_9403_,AOI21,0,1,3,1,36,4,3,3.222656249857181e-06,1.862,0.7980000000006839,0.00765
b20_C,_9404_,XNOR2,0,1,2,1,37,3,2,-2.2636718750135287e-05,2.66,1.0640000000003056,0.00765
b20_C,_9405_,AOI221,0,1,5,1,39,2,1,-1.5429687501011813e-06,2.926,1.3299999999999272,0.00765
b20_C,_9406_,OAI22,0,1,4,0,40,1,0,-2.1757812500133866e-05,2.394,1.0640000000003056,0.00765
b20_C,_9407_,NOR3,0,0,3,1,15,2,1,-0.00032380859375025217,1.862,0.7980000000006839,0.00765
b20_C,_9408_,INV,0,0,1,1,1,2,1,0.0,0.798,0.26600000000053114,0.00765
b20_C,_9409_,AOI21,0,1,3,0,18,1,0,-7.595703125007347e-05,1.862,0.7980000000006839,0.00765
b20_C,_9410_,AOI21,0,1,3,1,16,2,1,-0.00033076171875023874,1.862,0.7980000000006839,0.00765
b20_C,_9411_,AOI21,0,1,3,0,17,1,0,-0.00033263671875016776,1.862,0.7980000000006839,0.00765
b20_C,_9412_,CLKBUF,0,0,1,10,11,4,38,-5.859375029615421e-08,1.064,0.26600000000053114,0.00765
b20_C,_9413_,NOR2,0,0,2,9,11,5,35,1.4453124999036504e-06,1.33,0.5320000000001528,0.00765
b20_C,_9414_,AOI22,0,0,4,1,15,3,3,-1.5429687501011813e-06,2.394,1.0640000000003056,0.00765
b20_C,_9415_,NAND2,0,2,2,2,20,2,2,-3.984375000154472e-06,1.33,0.5320000000001528,0.00765
b20_C,_9416_,OAI21,0,0,3,1,18,6,46,0.0,1.862,0.7980000000006839,0.00765
b20_C,_9417_,NAND3,0,0,3,1,17,6,46,-5.859375029615421e-08,1.862,0.7980000000006839,0.00765
b20_C,_9418_,NAND2,0,0,2,1,19,5,45,0.0,1.33,0.5320000000001528,0.00765
b20_C,_9419_,NAND2,0,0,2,4,20,4,44,-0.00026150390625012676,1.33,0.5320000000001528,0.00765
b20_C,_9420_,CLKBUF,0,0,1,10,21,3,16,0.0,1.064,0.26600000000053114,0.00765
b20_C,_9421_,MUX2,0,1,3,0,22,1,0,-8.320312500309512e-06,2.394,0.5320000000001528,0.00765
b20_C,_9422_,AOI22,0,0,4,1,19,3,3,-4.0976562500461e-05,2.394,1.0640000000003056,0.00765
b20_C,_9423_,NAND2,0,0,2,3,11,6,76,0.0,1.33,0.5320000000001528,0.00765
b20_C,_9424_,CLKBUF,0,0,1,10,12,5,66,0.0,1.064,0.26600000000053114,0.00765
b20_C,_9425_,BUF,0,0,1,10,13,3,30,0.0,1.064,0.26600000000053114,0.00765
b20_C,_9426_,OAI211,0,2,4,2,23,2,2,-2.5253906250188862e-05,2.394,1.0640000000003056,0.00765
b20_C,_9427_,MUX2,0,1,3,0,24,1,0,-1.1972656249970015e-05,2.394,0.5320000000001528,0.00765
b20_C,_9428_,OAI221,0,2,5,2,20,2,2,-0.0001588281250000101,2.926,1.3299999999999272,0.00765
b20_C,_9429_,MUX2,0,1,3,0,22,1,0,-3.2421875002519585e-06,2.394,0.5320000000001528,0.00765
b20_C,_9430_,AOI22,0,0,4,1,19,3,3,-1.9785156250229363e-05,2.394,1.0640000000003056,0.00765
b20_C,_9431_,OAI211,0,2,4,2,22,2,2,-8.826171875009337e-05,2.394,1.0640000000003056,0.00765
b20_C,_9432_,MUX2,0,1,3,0,23,1,0,-4.414062499957794e-06,2.394,0.5320000000001528,0.00765
b20_C,_9433_,OAI22,0,2,4,1,22,3,3,-3.5019531249957936e-05,2.394,1.0640000000003056,0.00765
b20_C,_9434_,OR3,0,2,3,2,23,2,2,1.6210937499927525e-05,1.596,0.26600000000053114,0.00765
b20_C,_9435_,CLKBUF,0,0,1,10,21,2,10,0.0,1.064,0.26600000000053114,0.00765
b20_C,_9436_,MUX2,0,1,3,0,24,1,0,-7.421875001245581e-07,2.394,0.5320000000001528,0.00765
b20_C,_9437_,OAI22,0,2,4,1,22,3,3,-3.341796875000469e-05,2.394,1.0640000000003056,0.00765
b20_C,_9438_,OR3,0,2,3,2,23,2,2,1.7773437499979394e-05,1.596,0.26600000000053114,0.00765
b20_C,_9439_,MUX2,0,1,3,0,24,1,0,-7.226562499518252e-07,2.394,0.5320000000001528,0.00765
b20_C,_9440_,OAI221,0,2,5,2,24,2,2,-6.970703125008804e-05,2.926,1.3299999999999272,0.00765
b20_C,_9441_,MUX2,0,1,3,0,25,1,0,-2.617187500053575e-06,2.394,0.5320000000001528,0.00765
b20_C,_9442_,OAI221,0,2,5,2,24,2,2,-0.00011177734375023007,2.926,1.3299999999999272,0.00765
b20_C,_9443_,MUX2,0,1,3,0,25,1,0,-3.203125000128537e-06,2.394,0.5320000000001528,0.00765
b20_C,_9444_,CLKBUF,0,0,1,10,21,3,10,0.0,1.064,0.26600000000053114,0.00765
b20_C,_9445_,NAND2,0,0,2,1,22,2,1,0.0,1.33,0.5320000000001528,0.00765
b20_C,_9446_,OAI22,0,0,4,1,22,3,3,-2.4609375002260236e-06,2.394,1.0640000000003056,0.00765
b20_C,_9447_,AOI211,0,2,4,2,23,2,2,3.437499999758842e-06,2.394,1.0640000000003056,0.00765
b20_C,_9448_,OAI21,0,1,3,0,24,1,0,-4.029296874996646e-05,1.862,0.7980000000006839,0.00765
b20_C,_9449_,OAI22,0,0,4,1,23,4,4,-2.1835937500158664e-05,2.394,1.0640000000003056,0.00765
b20_C,_9450_,AOI21,0,0,3,1,24,3,3,-1.5156250000147864e-05,1.862,0.7980000000006839,0.00765
b20_C,_9451_,NAND2,0,2,2,2,25,2,2,-2.7109374999945146e-05,1.33,0.5320000000001528,0.00765
b20_C,_9452_,MUX2,0,1,3,0,26,1,0,-1.1523437501992362e-06,2.394,0.5320000000001528,0.00765
b20_C,_9453_,NAND2,0,0,2,1,22,2,1,0.0,1.33,0.5320000000001528,0.00765
b20_C,_9454_,OAI22,0,0,4,1,22,3,3,-3.892578125008761e-05,2.394,1.0640000000003056,0.00765
b20_C,_9455_,AOI211,0,2,4,2,25,2,2,-9.902343750090026e-06,2.394,1.0640000000003056,0.00765
b20_C,_9456_,OAI21,0,1,3,0,26,1,0,-4.0371093750213305e-05,1.862,0.7980000000006839,0.00765
b20_C,_9457_,NAND2,0,0,2,1,22,2,1,0.0,1.33,0.5320000000001528,0.00765
b20_C,_9458_,OAI22,0,0,4,1,24,3,3,-3.966796875021217e-05,2.394,1.0640000000003056,0.00765
b20_C,_9459_,NOR3,0,2,3,2,25,2,2,2.0312499999786127e-05,1.862,0.7980000000006839,0.00765
b20_C,_9460_,OAI21,0,1,3,0,26,1,0,-4.074218750016456e-05,1.862,0.7980000000006839,0.00765
b20_C,_9461_,NAND2,0,0,2,1,22,2,1,0.0,1.33,0.5320000000001528,0.00765
b20_C,_9462_,OAI22,0,0,4,1,25,3,3,-4.142578125021501e-05,2.394,1.0640000000003056,0.00765
b20_C,_9463_,AOI211,0,2,4,2,26,2,2,2.0976562499885887e-05,2.394,1.0640000000003056,0.00765
b20_C,_9464_,OAI21,0,1,3,0,27,1,0,-4.029296875018851e-05,1.862,0.7980000000006839,0.00765
b20_C,_9465_,NAND2,0,0,2,1,22,2,1,0.0,1.33,0.5320000000001528,0.00765
b20_C,_9466_,OAI21,0,2,3,1,27,3,3,-4.7617187500126334e-05,1.862,0.7980000000006839,0.00765
b20_C,_9467_,AOI221,0,2,5,2,28,2,2,-4.3359375001550404e-06,2.926,1.3299999999999272,0.00765
b20_C,_9468_,OAI21,0,1,3,0,29,1,0,-4.021484375016371e-05,1.862,0.7980000000006839,0.00765
b20_C,_9469_,NAND2,0,0,2,1,22,2,1,0.0,1.33,0.5320000000001528,0.00765
b20_C,_9470_,NAND2,0,0,2,1,26,4,4,-2.6308593750190568e-05,1.33,0.5320000000001528,0.00765
b20_C,_9471_,OAI21,0,0,3,1,27,3,3,-3.173828125024869e-05,1.862,0.7980000000006839,0.00765
b20_C,_9472_,AOI211,0,2,4,2,28,2,2,3.093750000005002e-05,2.394,1.0640000000003056,0.00765
b20_C,_9473_,OAI21,0,1,3,0,29,1,0,-4.0371093750213305e-05,1.862,0.7980000000006839,0.00765
b20_C,_9474_,NAND2,0,0,2,1,22,2,1,0.0,1.33,0.5320000000001528,0.00765
b20_C,_9475_,NOR2,0,2,2,1,27,4,4,-2.0917968750033822e-05,1.33,0.5320000000001528,0.00765
b20_C,_9476_,AOI221,0,2,5,1,28,3,3,-4.597656250027171e-05,2.926,1.3299999999999272,0.00765
b20_C,_9477_,AND2,0,2,2,2,29,2,2,-1.035156250006608e-05,1.33,0.26600000000053114,0.00765
b20_C,_9478_,OAI21,0,1,3,0,30,1,0,-1.5410156250172946e-05,1.862,0.7980000000006839,0.00765
b20_C,_9479_,AOI22,0,0,4,1,21,3,3,-1.71484375002251e-05,2.394,1.0640000000003056,0.00765
b20_C,_9480_,OAI211,0,2,4,2,29,2,2,-8.802734375024102e-05,2.394,1.0640000000003056,0.00765
b20_C,_9481_,MUX2,0,1,3,0,30,1,0,-2.5976562501028866e-06,2.394,0.5320000000001528,0.00765
b20_C,_9482_,NAND2,0,0,2,1,22,2,1,0.0,1.33,0.5320000000001528,0.00765
b20_C,_9483_,AOI222,0,0,6,1,28,3,3,-2.8496093750218776e-05,3.724,1.595999999999549,0.00765
b20_C,_9484_,AND2,0,2,2,2,29,2,2,-9.843750000015916e-06,1.33,0.26600000000053114,0.00765
b20_C,_9485_,OAI21,0,1,3,0,30,1,0,-1.5312499999975415e-05,1.862,0.7980000000006839,0.00765
b20_C,_9486_,AOI22,0,0,4,1,21,3,3,-5.7031250002559375e-06,2.394,1.0640000000003056,0.00765
b20_C,_9487_,OAI211,0,2,4,2,31,2,2,-8.832031250016747e-05,2.394,1.0640000000003056,0.00765
b20_C,_9488_,MUX2,0,1,3,0,32,1,0,-2.5976562501028866e-06,2.394,0.5320000000001528,0.00765
b20_C,_9489_,AOI22,0,0,4,1,22,3,3,-6.757812500257643e-06,2.394,1.0640000000003056,0.00765
b20_C,_9490_,OAI211,0,2,4,2,32,2,2,-8.826171875009337e-05,2.394,1.0640000000003056,0.00765
b20_C,_9491_,MUX2,0,1,3,0,33,1,0,-2.617187500053575e-06,2.394,0.5320000000001528,0.00765
b20_C,_9492_,AOI222,0,0,6,1,30,3,3,-5.029296875025402e-05,3.724,1.595999999999549,0.00765
b20_C,_9493_,NAND2,0,2,2,2,31,2,2,-5.294921875020897e-05,1.33,0.5320000000001528,0.00765
b20_C,_9494_,MUX2,0,1,3,0,32,1,0,-4.277343750302975e-06,2.394,0.5320000000001528,0.00765
b20_C,_9495_,AOI21,0,2,3,1,32,3,3,-3.6132812502032152e-06,1.862,0.7980000000006839,0.00765
b20_C,_9496_,AOI22,0,0,4,1,22,3,3,-1.3535156250021885e-05,2.394,1.0640000000003056,0.00765
b20_C,_9497_,OAI211,0,2,4,2,33,2,2,-9.35156250001512e-05,2.394,1.0640000000003056,0.00765
b20_C,_9498_,MUX2,0,1,3,0,34,1,0,-2.3046875001764278e-06,2.394,0.5320000000001528,0.00765
b20_C,_9499_,AOI22,0,2,4,1,32,3,3,-1.8750000000178346e-05,2.394,1.0640000000003056,0.00765
b20_C,_9500_,OAI211,0,2,4,2,34,2,2,-2.7773437500044906e-05,2.394,1.0640000000003056,0.00765
b20_C,_9501_,CLKBUF,0,0,1,10,21,2,10,0.0,1.064,0.26600000000053114,0.00765
b20_C,_9502_,MUX2,0,1,3,0,35,1,0,-2.22656250015163e-06,2.394,0.5320000000001528,0.00765
b20_C,_9503_,AOI22,0,0,4,1,24,3,3,-5.742187500157314e-06,2.394,1.0640000000003056,0.00765
b20_C,_9504_,OAI211,0,2,4,2,34,2,2,-0.00011177734375023007,2.394,1.0640000000003056,0.00765
b20_C,_9505_,MUX2,0,1,3,0,35,1,0,-2.55859375020151e-06,2.394,0.5320000000001528,0.00765
b20_C,_9506_,AOI21,0,2,3,1,35,3,3,-4.023437500055849e-06,1.862,0.7980000000006839,0.00765
b20_C,_9507_,OAI221,0,2,5,2,36,2,2,-0.00013939453125022538,2.926,1.3299999999999272,0.00765
b20_C,_9508_,MUX2,0,1,3,0,37,1,0,-2.5000000001274003e-06,2.394,0.5320000000001528,0.00765
b20_C,_9509_,OAI21,0,0,3,1,34,3,3,-4.8710937500029416e-05,1.862,0.7980000000006839,0.00765
b20_C,_9510_,OAI21,0,2,3,1,36,3,3,-5.056640625022979e-05,1.862,0.7980000000006839,0.00765
b20_C,_9511_,OR2,0,2,2,2,37,2,2,1.2070312499723457e-05,1.33,0.26600000000053114,0.00765
b20_C,_9512_,MUX2,0,1,3,0,38,1,0,8.007812497545785e-07,2.394,0.5320000000001528,0.00765
b20_C,_9513_,AOI22,0,0,4,1,27,3,3,-2.4804687500212808e-05,2.394,1.0640000000003056,0.00765
b20_C,_9514_,OAI211,0,2,4,2,37,2,2,-0.00010894531250027484,2.394,1.0640000000003056,0.00765
b20_C,_9515_,MUX2,0,1,3,0,38,1,0,-2.7539062501524825e-06,2.394,0.5320000000001528,0.00765
b20_C,_9516_,AOI21,0,0,3,1,35,3,3,-2.2187499999937188e-05,1.862,0.7980000000006839,0.00765
b20_C,_9517_,OAI211,0,2,4,2,38,2,2,-2.484375000033623e-05,2.394,1.0640000000003056,0.00765
b20_C,_9518_,MUX2,0,1,3,0,39,1,0,-1.9921875002992806e-06,2.394,0.5320000000001528,0.00765
b20_C,_9519_,NAND2,0,0,2,1,19,4,4,-3.085937500024727e-05,1.33,0.5320000000001528,0.00765
b20_C,_9520_,OAI221,0,2,5,1,36,3,3,-5.8749999999996305e-05,2.926,1.3299999999999272,0.00765
b20_C,_9521_,OR2,0,2,2,2,38,2,2,4.7851562499090505e-06,1.33,0.26600000000053114,0.00765
b20_C,_9522_,MUX2,0,1,3,0,39,1,0,8.007812497545785e-07,2.394,0.5320000000001528,0.00765
b20_C,_9523_,OAI221,1,2,5,2,38,2,2,-0.00012632812500013024,2.926,1.3299999999999272,0.00765
b20_C,_9524_,MUX2,0,1,3,0,39,1,0,-2.792968750053859e-06,2.394,0.5320000000001528,0.00765
b20_C,_9525_,OAI21,0,2,3,2,31,2,2,-1.285156250019348e-05,1.862,0.7980000000006839,0.00765
b20_C,_9526_,MUX2,0,1,3,0,32,1,0,5.664062499022293e-07,2.394,0.5320000000001528,0.00765
b20_C,_9527_,OAI21,0,2,3,2,31,2,2,2.6953124998563283e-06,1.862,0.7980000000006839,0.00765
b20_C,_9528_,MUX2,0,1,3,0,32,1,0,-1.814453124993065e-05,2.394,0.5320000000001528,0.00765
b20_C,_9530_,OAI21,0,0,3,1,19,5,45,-1.1074218750017906e-05,1.862,0.7980000000006839,0.00765
b20_C,_9529_,NAND3,0,0,3,1,17,6,46,0.0,1.862,0.7980000000006839,0.00765
b20_C,_9531_,AND2,0,0,2,4,20,4,44,-0.0001266796875001308,1.33,0.26600000000053114,0.00765
b20_C,_9532_,CLKBUF,0,0,1,10,21,3,16,0.0,1.064,0.26600000000053114,0.00765
b20_C,_9533_,MUX2,0,1,3,0,22,1,0,-1.6601562502494005e-06,2.394,0.5320000000001528,0.00765
b20_C,_9534_,MUX2,0,1,3,0,24,1,0,-2.6757812501276845e-06,2.394,0.5320000000001528,0.00765
b20_C,_9535_,MUX2,0,1,3,0,22,1,0,-2.167968750299565e-06,2.394,0.5320000000001528,0.00765
b20_C,_9536_,MUX2,0,1,3,0,23,1,0,-3.769531250252811e-06,2.394,0.5320000000001528,0.00765
b20_C,_9537_,CLKBUF,0,0,1,10,21,2,10,0.0,1.064,0.26600000000053114,0.00765
b20_C,_9538_,MUX2,0,1,3,0,24,1,0,5.078125000501643e-07,2.394,0.5320000000001528,0.00765
b20_C,_9539_,MUX2,0,1,3,0,24,1,0,5.273437500008527e-07,2.394,0.5320000000001528,0.00765
b20_C,_9540_,MUX2,0,1,3,0,25,1,0,-1.6210937501259792e-06,2.394,0.5320000000001528,0.00765
b20_C,_9541_,MUX2,0,1,3,0,25,1,0,-3.574218750079794e-06,2.394,0.5320000000001528,0.00765
b20_C,_9542_,CLKBUF,0,0,1,10,21,3,10,0.0,1.064,0.26600000000053114,0.00765
b20_C,_9543_,NOR2,0,0,2,1,22,2,1,0.0,1.33,0.5320000000001528,0.00765
b20_C,_9544_,AOI21,0,1,3,0,24,1,0,-5.203125000008413e-05,1.862,0.7980000000006839,0.00765
b20_C,_9545_,MUX2,0,1,3,0,26,1,0,3.906249990137667e-08,2.394,0.5320000000001528,0.00765
b20_C,_9546_,NOR2,0,0,2,1,22,2,1,0.0,1.33,0.5320000000001528,0.00765
b20_C,_9547_,AOI21,0,1,3,0,26,1,0,-5.2070312499985505e-05,1.862,0.7980000000006839,0.00765
b20_C,_9548_,NOR2,0,0,2,1,22,2,1,0.0,1.33,0.5320000000001528,0.00765
b20_C,_9549_,AOI21,0,1,3,0,26,1,0,-5.230468750028194e-05,1.862,0.7980000000006839,0.00765
b20_C,_9550_,NOR2,0,0,2,1,22,2,1,0.0,1.33,0.5320000000001528,0.00765
b20_C,_9551_,AOI21,0,1,3,0,27,1,0,-5.199218750018275e-05,1.862,0.7980000000006839,0.00765
b20_C,_9552_,NOR2,0,0,2,1,22,2,1,0.0,1.33,0.5320000000001528,0.00765
b20_C,_9553_,AOI21,0,1,3,0,29,1,0,-5.1933593750330687e-05,1.862,0.7980000000006839,0.00765
b20_C,_9554_,NOR2,0,0,2,1,22,2,1,0.0,1.33,0.5320000000001528,0.00765
b20_C,_9555_,AOI21,0,1,3,0,29,1,0,-5.208984375015824e-05,1.862,0.7980000000006839,0.00765
b20_C,_9556_,NOR2,0,0,2,1,22,2,1,0.0,1.33,0.5320000000001528,0.00765
b20_C,_9557_,AOI21,0,1,3,0,30,1,0,-2.0000000000131024e-05,1.862,0.7980000000006839,0.00765
b20_C,_9558_,MUX2,0,1,3,0,30,1,0,-1.2109375000513012e-06,2.394,0.5320000000001528,0.00765
b20_C,_9559_,NOR2,0,0,2,1,22,2,1,0.0,1.33,0.5320000000001528,0.00765
b20_C,_9560_,AOI21,0,1,3,0,30,1,0,-1.9882812499982805e-05,1.862,0.7980000000006839,0.00765
b20_C,_9561_,MUX2,0,1,3,0,32,1,0,-1.1914062501006129e-06,2.394,0.5320000000001528,0.00765
b20_C,_9562_,MUX2,0,1,3,0,33,1,0,-1.2109375000513012e-06,2.394,0.5320000000001528,0.00765
b20_C,_9563_,MUX2,0,1,3,0,32,1,0,-2.5390625002508216e-06,2.394,0.5320000000001528,0.00765
b20_C,_9564_,MUX2,0,1,3,0,34,1,0,-9.375000002975753e-07,2.394,0.5320000000001528,0.00765
b20_C,_9565_,CLKBUF,0,0,1,10,21,2,10,0.0,1.064,0.26600000000053114,0.00765
b20_C,_9566_,MUX2,0,1,3,0,35,1,0,-7.617187502972911e-07,2.394,0.5320000000001528,0.00765
b20_C,_9567_,MUX2,0,1,3,0,35,1,0,-1.2500000001747225e-06,2.394,0.5320000000001528,0.00765
b20_C,_9568_,MUX2,0,1,3,0,37,1,0,-1.3867187500515854e-06,2.394,0.5320000000001528,0.00765
b20_C,_9569_,MUX2,0,1,3,0,38,1,0,1.6796874997559996e-06,2.394,0.5320000000001528,0.00765
b20_C,_9570_,MUX2,0,1,3,0,38,1,0,-1.4453125003477396e-06,2.394,0.5320000000001528,0.00765
b20_C,_9571_,MUX2,0,1,3,0,39,1,0,-9.76562500198952e-07,2.394,0.5320000000001528,0.00765
b20_C,_9572_,MUX2,0,1,3,0,39,1,0,1.6796874997559996e-06,2.394,0.5320000000001528,0.00765
b20_C,_9573_,MUX2,1,1,3,0,39,1,0,-1.523437500150493e-06,2.394,0.5320000000001528,0.00765
b20_C,_9574_,MUX2,0,1,3,0,32,1,0,1.8164062498549072e-06,2.394,0.5320000000001528,0.00765
b20_C,_9575_,MUX2,0,1,3,0,32,1,0,-1.0996093750215152e-05,2.394,0.5320000000001528,0.00765
b20_C,_9576_,MUX2,0,1,3,0,17,1,0,-3.041015625004917e-05,2.394,0.5320000000001528,0.00765
b20_C,_9577_,MUX2,0,1,3,0,17,1,0,-3.105468750019824e-05,2.394,0.5320000000001528,0.00765
b20_C,_9578_,MUX2,0,1,3,0,17,1,0,-4.367187500031733e-05,2.394,0.5320000000001528,0.00765
b20_C,_9579_,MUX2,0,1,3,0,20,1,0,-5.4394531250334666e-05,2.394,0.5320000000001528,0.00765
b20_C,_9580_,MUX2,0,1,3,0,20,1,0,-6.203125000014964e-05,2.394,0.5320000000001528,0.00765
b20_C,_9581_,MUX2,0,1,3,0,20,1,0,-6.203125000014964e-05,2.394,0.5320000000001528,0.00765
b20_C,_9582_,MUX2,0,1,3,0,20,1,0,-6.203125000014964e-05,2.394,0.5320000000001528,0.00765
b20_C,_9583_,MUX2,0,1,3,0,20,1,0,-6.275390625010147e-05,2.394,0.5320000000001528,0.00765
b20_C,_9584_,MUX2,0,1,3,0,20,1,0,-6.203125000014964e-05,2.394,0.5320000000001528,0.00765
b20_C,_9585_,MUX2,0,1,3,0,20,1,0,-6.203125000014964e-05,2.394,0.5320000000001528,0.00765
b20_C,_9586_,MUX2,0,1,3,0,20,1,0,-6.203125000014964e-05,2.394,0.5320000000001528,0.00765
b20_C,_9587_,MUX2,0,1,3,0,20,1,0,-6.203125000014964e-05,2.394,0.5320000000001528,0.00765
b20_C,_9588_,CLKBUF,0,0,1,10,18,2,10,-3.656250000005912e-05,1.064,0.26600000000053114,0.00765
b20_C,_9589_,MUX2,0,1,3,0,19,1,0,6.3476562497388755e-06,2.394,0.5320000000001528,0.00765
b20_C,_9590_,MUX2,0,1,3,0,19,1,0,3.9648437497596944e-06,2.394,0.5320000000001528,0.00765
b20_C,_9591_,MUX2,0,1,3,0,19,1,0,-5.722656250206626e-06,2.394,0.5320000000001528,0.00765
b20_C,_9592_,MUX2,0,1,3,0,19,1,0,5.68359374986116e-06,2.394,0.5320000000001528,0.00765
b20_C,_9593_,MUX2,0,1,3,0,19,1,0,4.57031250000739e-06,2.394,0.5320000000001528,0.00765
b20_C,_9594_,MUX2,0,1,3,0,19,1,0,-1.6210937501259792e-06,2.394,0.5320000000001528,0.00765
b20_C,_9595_,MUX2,0,1,3,0,19,1,0,5.839843749910756e-06,2.394,0.5320000000001528,0.00765
b20_C,_9596_,MUX2,0,1,3,0,19,1,0,6.386718749862297e-06,2.394,0.5320000000001528,0.00765
b20_C,_9597_,MUX2,0,1,3,0,19,1,0,6.210937499862013e-06,2.394,0.5320000000001528,0.00765
b20_C,_9598_,MUX2,0,1,3,0,19,1,0,-6.23046875025679e-06,2.394,0.5320000000001528,0.00765
b20_C,_9599_,MUX2,0,1,3,0,19,1,0,-3.470703125030283e-05,2.394,0.5320000000001528,0.00765
b20_C,_9601_,MUX2,0,1,3,0,19,1,0,-2.615234375014097e-05,2.394,0.5320000000001528,0.00765
b20_C,_9600_,MUX2,0,1,3,0,19,1,0,-3.621093750005855e-05,2.394,0.5320000000001528,0.00765
b20_C,_9602_,MUX2,0,1,3,0,19,1,0,-3.9550781250285993e-05,2.394,0.5320000000001528,0.00765
b20_C,_9603_,MUX2,0,1,3,0,20,1,0,-2.615234375014097e-05,2.394,0.5320000000001528,0.00765
b20_C,_9604_,MUX2,0,1,3,0,21,1,0,-2.6113281250239595e-05,2.394,0.5320000000001528,0.00765
b20_C,_9605_,MUX2,0,1,3,0,20,1,0,-2.58789062501652e-05,2.394,0.5320000000001528,0.00765
b20_C,_9606_,MUX2,0,1,3,0,19,1,0,-3.310546875034959e-05,2.394,0.5320000000001528,0.00765
b20_C,_9607_,NAND2,0,0,2,1,17,2,1,-4.957031250008015e-05,1.33,0.5320000000001528,0.00765
b20_C,_9608_,OAI21,0,1,3,0,20,1,0,-6.769531250006011e-05,1.862,0.7980000000006839,0.00765
b20_C,_9609_,MUX2,0,1,3,0,19,1,0,-3.107421875014893e-05,2.394,0.5320000000001528,0.00765
b20_C,_9610_,XNOR2,0,0,2,1,1,2,1,-0.00020335937500037815,2.66,1.0640000000003056,0.00765
b20_C,_9611_,NOR2,0,0,2,1,1,3,2,0.0,1.33,0.5320000000001528,0.00765
b20_C,_9612_,NAND2,0,0,2,1,1,5,5,0.0,1.33,0.5320000000001528,0.00765
b20_C,_9613_,NAND2,0,0,2,1,1,9,11,0.0,1.33,0.5320000000001528,0.00765
b20_C,_9614_,NAND2,0,0,2,1,1,13,17,0.0,1.33,0.5320000000001528,0.00765
b20_C,_9615_,NAND2,0,0,2,1,1,17,23,0.0,1.33,0.5320000000001528,0.00765
b20_C,_9616_,NOR2,0,0,2,1,1,21,29,0.0,1.33,0.5320000000001528,0.00765
b20_C,_9617_,NOR2,0,0,2,1,1,25,35,0.0,1.33,0.5320000000001528,0.00765
b20_C,_9618_,NOR2,0,0,2,1,1,29,41,0.0,1.33,0.5320000000001528,0.00765
b20_C,_9619_,NOR2,0,0,2,1,1,33,47,0.0,1.33,0.5320000000001528,0.00765
b20_C,_9620_,AOI21,0,19,3,2,1,37,55,0.0002617578124999298,1.862,0.7980000000006839,0.00765
b20_C,_9621_,NAND3,0,0,3,2,1,37,54,-4.0937500000115534e-05,1.862,0.7980000000006839,0.00765
b20_C,_9622_,INV,0,0,1,3,1,37,55,0.0,0.798,0.26600000000053114,0.00765
b20_C,_9623_,AOI21,0,19,3,3,2,36,53,-0.00013271484375021458,1.862,0.7980000000006839,0.00765
b20_C,_9624_,OAI21,0,17,3,1,3,35,50,-4.8378906249979536e-05,1.862,0.7980000000006839,0.00765
b20_C,_9625_,INV,0,17,1,1,4,34,49,-6.78710937500604e-05,0.798,0.26600000000053114,0.00765
b20_C,_9627_,NAND2,0,0,2,1,1,33,47,0.0,1.33,0.5320000000001528,0.00765
b20_C,_9626_,AOI21,0,17,3,2,5,33,48,0.00031623046874984517,1.862,0.7980000000006839,0.00765
b20_C,_9628_,AOI21,0,16,3,2,6,32,46,-9.576171875025352e-05,1.862,0.7980000000006839,0.00765
b20_C,_9629_,OAI21,0,15,3,1,7,31,44,-6.37500000002511e-05,1.862,0.7980000000006839,0.00765
b20_C,_9630_,INV,0,15,1,1,8,30,43,-5.960937500004704e-05,0.798,0.26600000000053114,0.00765
b20_C,_9631_,AOI21,0,15,3,2,9,29,42,0.00029902343749999005,1.862,0.7980000000006839,0.00765
b20_C,_9632_,NAND2,0,0,2,1,1,29,41,0.0,1.33,0.5320000000001528,0.00765
b20_C,_9633_,AOI21,0,14,3,2,10,28,40,-8.968750000004633e-05,1.862,0.7980000000006839,0.00765
b20_C,_9634_,OAI21,0,13,3,1,11,27,38,-4.7851562499978684e-05,1.862,0.7980000000006839,0.00765
b20_C,_9635_,INV,0,13,1,1,12,26,37,-5.166015625013287e-05,0.798,0.26600000000053114,0.00765
b20_C,_9636_,AOI21,0,13,3,2,13,25,36,0.00025892578124997456,1.862,0.7980000000006839,0.00765
b20_C,_9638_,AOI21,0,12,3,2,14,24,34,-7.951171874998053e-05,1.862,0.7980000000006839,0.00765
b20_C,_9637_,NAND2,0,0,2,1,1,25,35,0.0,1.33,0.5320000000001528,0.00765
b20_C,_9639_,OAI21,0,11,3,1,15,23,32,-4.1875000000191065e-05,1.862,0.7980000000006839,0.00765
b20_C,_9640_,INV,0,11,1,1,16,22,31,-4.3710937500218705e-05,0.798,0.26600000000053114,0.00765
b20_C,_9641_,AOI21,0,11,3,2,17,21,30,0.00021646484374993058,1.862,0.7980000000006839,0.00765
b20_C,_9642_,NAND2,0,0,2,1,1,21,29,0.0,1.33,0.5320000000001528,0.00765
b20_C,_9643_,AOI21,0,10,3,2,18,20,28,-7.023437500008889e-05,1.862,0.7980000000006839,0.00765
b20_C,_9644_,AOI21,0,9,3,1,19,19,26,6.562499999862581e-06,1.862,0.7980000000006839,0.00765
b20_C,_9645_,INV,0,9,1,1,20,18,25,-0.00010919921875007788,0.798,0.26600000000053114,0.00765
b20_C,_9646_,OAI21,0,9,3,2,21,17,24,6.667968749995978e-05,1.862,0.7980000000006839,0.00765
b20_C,_9647_,NOR2,0,0,2,1,1,17,23,0.0,1.33,0.5320000000001528,0.00765
b20_C,_9648_,OAI21,0,8,3,2,22,16,22,6.230468749812701e-06,1.862,0.7980000000006839,0.00765
b20_C,_9649_,AOI21,0,7,3,1,23,15,20,5.781249999836646e-06,1.862,0.7980000000006839,0.00765
b20_C,_9650_,INV,0,7,1,1,24,14,19,-8.498046875016207e-05,0.798,0.26600000000053114,0.00765
b20_C,_9651_,OAI21,0,7,3,2,25,13,18,5.1718749999984936e-05,1.862,0.7980000000006839,0.00765
b20_C,_9652_,NOR2,0,0,2,1,1,13,17,0.0,1.33,0.5320000000001528,0.00765
b20_C,_9653_,OAI21,0,6,3,2,26,12,16,2.0898437498306777e-06,1.862,0.7980000000006839,0.00765
b20_C,_9654_,AOI21,0,5,3,1,27,11,14,1.6015624999532463e-06,1.862,0.7980000000006839,0.00765
b20_C,_9655_,INV,0,5,1,1,28,10,13,-6.068359374999943e-05,0.798,0.26600000000053114,0.00765
b20_C,_9656_,OAI21,0,5,3,2,29,9,12,3.6796874999911466e-05,1.862,0.7980000000006839,0.00765
b20_C,_9657_,NOR2,0,0,2,1,1,9,11,0.0,1.33,0.5320000000001528,0.00765
b20_C,_9658_,OAI21,0,4,3,2,30,8,10,-2.0507812501513456e-06,1.862,0.7980000000006839,0.00765
b20_C,_9659_,AOI21,0,3,3,1,31,7,8,-2.5976562501028866e-06,1.862,0.7980000000006839,0.00765
b20_C,_9660_,INV,0,3,1,1,32,6,7,-3.6425781250182254e-05,0.798,0.26600000000053114,0.00765
b20_C,_9661_,OAI21,0,3,3,2,33,5,6,2.1855468749887308e-05,1.862,0.7980000000006839,0.00765
b20_C,_9662_,NOR2,0,0,2,1,1,5,5,0.0,1.33,0.5320000000001528,0.00765
b20_C,_9663_,OAI21,0,2,3,2,34,4,4,-6.152343750009948e-06,1.862,0.7980000000006839,0.00765
b20_C,_9664_,AOI21,0,1,3,1,35,3,2,-6.23046875025679e-06,1.862,0.7980000000006839,0.00765
b20_C,_9665_,NOR2,0,1,2,1,36,2,1,-1.3886718750022453e-05,1.33,0.5320000000001528,0.00765
b20_C,_9666_,XNOR2,0,1,2,0,37,1,0,-2.8320312501772804e-06,2.66,1.0640000000003056,0.00765
b20_C,_9667_,AND2,0,0,2,1,2,2,1,-0.00018646484375017813,1.33,0.26600000000053114,0.00765
b20_C,_9668_,OAI22,0,1,4,0,3,1,0,-0.00017367187500005876,2.394,1.0640000000003056,0.00765
b20_C,_9669_,XOR2,0,1,2,0,1,1,0,-1.2617187500119087e-05,2.394,0.7980000000006839,0.00765
b20_C,_9670_,XOR2,0,0,2,1,1,2,1,0.0,2.394,0.7980000000006839,0.00765
b20_C,_9671_,XNOR2,0,1,2,0,18,1,0,-0.00024960937500018154,2.66,1.0640000000003056,0.00765
b20_C,_9672_,XNOR2,0,0,2,1,1,2,1,0.0,2.66,1.0640000000003056,0.00765
b20_C,_9673_,XNOR2,0,1,2,0,15,1,0,-0.00012742187500025537,2.66,1.0640000000003056,0.00765
b20_C,_9674_,XOR2,0,0,2,1,1,2,1,0.0,2.394,0.7980000000006839,0.00765
b20_C,_9675_,XNOR2,0,1,2,0,14,1,0,-0.000298964843750138,2.66,1.0640000000003056,0.00765
b20_C,_9676_,XNOR2,0,0,2,1,1,2,1,0.0,2.66,1.0640000000003056,0.00765
b20_C,_9677_,XNOR2,0,1,2,0,11,1,0,-0.00014960937500019256,2.66,1.0640000000003056,0.00765
b20_C,_9678_,XOR2,0,0,2,1,1,2,1,0.0,2.394,0.7980000000006839,0.00765
b20_C,_9679_,XNOR2,0,1,2,0,10,1,0,-0.00034619140625014033,2.66,1.0640000000003056,0.00765
b20_C,_9680_,XNOR2,0,0,2,1,1,2,1,0.0,2.66,1.0640000000003056,0.00765
b20_C,_9681_,XNOR2,0,1,2,0,7,1,0,-0.00018207031250017103,2.66,1.0640000000003056,0.00765
b20_C,_9682_,XOR2,0,0,2,1,1,2,1,0.0,2.394,0.7980000000006839,0.00765
b20_C,_9683_,XNOR2,0,1,2,0,6,1,0,-0.00038937500000013614,2.66,1.0640000000003056,0.00765
b20_C,_9684_,XNOR2,0,0,2,1,1,2,1,-5.859375007410961e-08,2.66,1.0640000000003056,0.00765
b20_C,_9685_,XNOR2,0,1,2,0,3,1,0,-0.00017621093750008754,2.66,1.0640000000003056,0.00765
b20_C,_9686_,XNOR2,0,0,2,1,1,2,1,0.0,2.66,1.0640000000003056,0.00765
b20_C,_9687_,XNOR2,0,1,2,0,35,1,0,-1.5351562500098836e-05,2.66,1.0640000000003056,0.00765
b20_C,_9688_,XOR2,0,0,2,1,1,2,1,0.0,2.394,0.7980000000006839,0.00765
b20_C,_9689_,XNOR2,0,1,2,0,34,1,0,-3.464843750000668e-05,2.66,1.0640000000003056,0.00765
b20_C,_9690_,XNOR2,0,0,2,1,1,2,1,0.0,2.66,1.0640000000003056,0.00765
b20_C,_9691_,XNOR2,0,1,2,0,31,1,0,-3.611328125008306e-05,2.66,1.0640000000003056,0.00765
b20_C,_9692_,XOR2,0,0,2,1,1,2,1,0.0,2.394,0.7980000000006839,0.00765
b20_C,_9693_,XNOR2,0,1,2,0,30,1,0,-6.26953125002494e-05,2.66,1.0640000000003056,0.00765
b20_C,_9694_,XNOR2,0,0,2,1,1,2,1,0.0,2.66,1.0640000000003056,0.00765
b20_C,_9695_,XNOR2,0,1,2,0,27,1,0,-5.689453125024002e-05,2.66,1.0640000000003056,0.00765
b20_C,_9696_,XOR2,0,0,2,1,1,2,1,0.0,2.394,0.7980000000006839,0.00765
b20_C,_9697_,XNOR2,0,1,2,0,26,1,0,-9.076171874999872e-05,2.66,1.0640000000003056,0.00765
b20_C,_9698_,XNOR2,0,0,2,1,1,2,1,0.0,2.66,1.0640000000003056,0.00765
b20_C,_9699_,XNOR2,0,1,2,0,23,1,0,-7.767578125017494e-05,2.66,1.0640000000003056,0.00765
b20_C,_9700_,XOR2,0,0,2,1,1,2,1,0.0,2.394,0.7980000000006839,0.00765
b20_C,_9701_,XNOR2,0,1,2,0,22,1,0,-0.00011876953125011802,2.66,1.0640000000003056,0.00765
b20_C,_9702_,XNOR2,0,0,2,1,1,2,1,0.0,2.66,1.0640000000003056,0.00765
b20_C,_9703_,XNOR2,0,1,2,0,19,1,0,-0.00010255859374996845,2.66,1.0640000000003056,0.00765
