DESIGN,CELL,LOGIC-TYPE,PATH-OCURENCE,PATHS-OCURENCE,FA-IN,FA-OUT,LOGIC-LEVEL,DEEP,LOADED-CELLS,DIF-ARRIVAL,CELL-AREA,COST-AREA,POWER
b21_C,_4627_,BUF,0,1,1,10,3,5,79,3.341796875000469e-05,1.064,0.26600000000053114,0.00801
b21_C,_4630_,BUF,0,0,1,10,1,7,105,-9.57031250026219e-07,1.064,0.26600000000053114,0.00801
b21_C,_4628_,BUF,0,1,1,10,4,3,23,4.50976562498262e-05,1.064,0.26600000000053114,0.00801
b21_C,_4626_,BUF,0,1,1,10,2,6,121,3.388671874993143e-05,1.064,0.26600000000053114,0.00801
b21_C,_4633_,BUF,0,5,1,10,1,35,2219,8.027343749938964e-06,1.064,0.26600000000053114,0.00801
b21_C,_4631_,CLKBUF,0,0,1,10,2,5,40,3.906249990137667e-08,1.064,0.26600000000053114,0.00801
b21_C,_4623_,XNOR2,0,1,2,0,1,1,0,1.8945312498797051e-06,2.66,1.0640000000003056,0.00802
b21_C,_4625_,INV,0,1,1,2,1,7,168,3.378906249906777e-06,0.798,0.26599999999962165,0.00801
b21_C,_4629_,BUF,0,1,1,9,5,1,9,3.419921874980858e-05,1.064,0.26600000000053114,0.00801
b21_C,_4632_,CLKBUF,0,0,1,10,3,2,10,0.0,1.064,0.26600000000053114,0.00801
b21_C,_4624_,XNOR2,0,1,2,0,1,1,0,-9.14062500001478e-06,2.66,1.0640000000003056,0.00802
b21_C,_4634_,BUF,0,0,1,10,2,33,1747,-2.3906250000038654e-05,1.064,0.26600000000053114,0.00801
b21_C,_4635_,OR2,0,0,2,2,1,36,2122,0.0,1.33,0.26599999999962165,0.00801
b21_C,_4636_,OR3,0,0,3,1,1,36,2121,7.812499980275334e-08,1.596,0.26599999999962165,0.00801
b21_C,_4637_,OR4,0,196,4,3,1,36,2193,0.005148984374999888,1.862,0.26600000000053114,0.00801
b21_C,_4638_,NOR4,0,196,4,3,2,35,2120,0.007591601562499939,2.394,1.0640000000003056,0.00801
b21_C,_4640_,NOR2,0,0,2,3,1,35,2079,1.9531249950688334e-08,1.33,0.5320000000001528,0.00801
b21_C,_4639_,BUF,0,98,1,10,3,34,1669,0.0007474804687497283,1.064,0.26600000000053114,0.00801
b21_C,_4641_,NOR3,0,0,3,2,1,35,2037,0.0,1.862,0.7979999999997744,0.00801
b21_C,_4642_,NOR2,0,0,2,1,1,35,2010,1.9531249950688334e-08,1.33,0.5320000000001528,0.00801
b21_C,_4643_,AND3,0,0,3,8,2,34,2009,0.0,1.596,0.26599999999962165,0.00801
b21_C,_4644_,NOR2,0,0,2,2,1,35,1910,0.0,1.33,0.5320000000001528,0.00801
b21_C,_4645_,NOR4,0,0,4,2,1,35,1910,0.0,2.394,1.0640000000003056,0.00801
b21_C,_4646_,AND2,0,0,2,3,2,34,1715,0.0,1.33,0.26599999999962165,0.00801
b21_C,_4647_,NOR2,0,0,2,1,1,34,803,0.0,1.33,0.5320000000001528,0.00801
b21_C,_4648_,NAND4,0,32,4,2,4,33,802,-0.0006573046875000266,2.394,1.0640000000003056,0.00801
b21_C,_4649_,OAI21,0,32,3,1,5,32,796,-8.437500000013642e-05,1.862,0.7979999999997744,0.00801
b21_C,_4650_,XOR2,0,32,2,8,6,31,795,0.00022250000000001435,2.394,0.7980000000006839,0.00802
b21_C,_4651_,NAND2,0,0,2,1,5,32,796,-0.0005212109374999052,1.33,0.5320000000001528,0.00801
b21_C,_4653_,NAND3,0,26,3,2,4,33,987,-0.0005087109374999343,1.862,0.7979999999997744,0.00801
b21_C,_4652_,XOR2,0,0,2,7,6,31,795,3.5156250000056843e-06,2.394,0.7980000000006839,0.00802
b21_C,_4654_,OAI21,0,2,3,1,5,32,794,-0.0006727734375000516,1.862,0.7979999999997744,0.00801
b21_C,_4655_,XOR2,0,2,2,8,6,31,793,8.816406249989583e-05,2.394,0.7980000000006839,0.00802
b21_C,_4656_,NOR3,0,32,3,3,7,30,701,-0.00016789062500000007,1.862,0.7979999999997744,0.00802
b21_C,_4657_,BUF,0,32,1,10,8,29,681,0.00022246093749989093,1.064,0.26600000000053114,0.00801
b21_C,_4658_,BUF,0,0,1,10,3,30,1320,0.0,1.064,0.26600000000053114,0.00801
b21_C,_4659_,NAND2,0,24,2,2,5,29,698,-0.00011828125000001855,1.33,0.5320000000001528,0.00801
b21_C,_4660_,XOR2,0,24,2,6,6,27,626,0.0007661914062500053,2.394,0.7980000000006839,0.00802
b21_C,_4661_,BUF,0,24,1,10,7,16,543,0.0008607812500001089,1.064,0.26600000000053114,0.00802
b21_C,_4662_,NAND2,0,0,2,4,9,7,64,-0.00039894531249995424,1.33,0.5320000000001528,0.00802
b21_C,_4663_,NOR4,0,0,4,2,1,35,1717,0.0,2.394,1.0640000000003056,0.00801
b21_C,_4664_,NAND4,0,21,4,2,3,33,1452,-0.006506152343750182,2.394,1.0640000000003056,0.00801
b21_C,_4665_,OAI21,0,21,3,2,4,32,1446,0.0002875976562499716,1.862,0.7979999999997744,0.00801
b21_C,_4666_,XNOR2,0,21,2,10,5,31,1305,-0.0011158007812499537,2.66,1.0640000000003056,0.00802
b21_C,_4667_,NAND2,0,0,2,2,4,32,1374,-0.0011928320312502017,1.33,0.5320000000001528,0.00801
b21_C,_4668_,XNOR2,0,0,2,9,5,31,1259,4.667968749982876e-06,2.66,1.0640000000003056,0.00802
b21_C,_4669_,NOR2,0,21,2,7,6,30,1241,0.0008819140625000443,1.33,0.5320000000001528,0.00802
b21_C,_4670_,BUF,0,21,1,10,7,29,1193,0.0005916015624998217,1.064,0.26600000000053114,0.00802
b21_C,_4671_,BUF,0,16,1,10,8,24,896,0.0004981445312499666,1.064,0.26600000000053114,0.00802
b21_C,_4672_,BUF,0,16,1,10,9,22,691,0.000597343749999979,1.064,0.26600000000053114,0.00802
b21_C,_4673_,BUF,0,16,1,10,10,19,547,0.0005800195312499756,1.064,0.26600000000053114,0.00802
b21_C,_4674_,BUF,0,16,1,10,11,13,256,0.0006067187499998461,1.064,0.26600000000053114,0.00802
b21_C,_4675_,NAND2,0,0,2,1,2,32,1093,-4.226562500009301e-05,1.33,0.5320000000001528,0.00801
b21_C,_4676_,NAND2,0,0,2,1,2,32,1093,-4.226562500009301e-05,1.33,0.5320000000001528,0.00801
b21_C,_4677_,INV,0,0,1,3,1,34,1241,0.0,0.798,0.26599999999962165,0.00801
b21_C,_4678_,NOR2,0,0,2,3,1,34,1251,0.0,1.33,0.5320000000001528,0.00801
b21_C,_4679_,AND4,0,16,4,1,4,32,1093,-0.0002350976562499607,1.862,0.26600000000053114,0.00801
b21_C,_4680_,INV,0,0,1,5,2,32,1470,-4.074218750016456e-05,0.798,0.26599999999962165,0.00801
b21_C,_4681_,OAI211,0,16,4,2,5,31,1092,8.593749999996625e-05,2.394,1.0640000000003056,0.00802
b21_C,_4682_,XNOR2,0,8,2,2,6,30,866,-0.00017056640625012776,2.66,1.0640000000003056,0.00802
b21_C,_4683_,BUF,0,8,1,10,7,29,780,0.00021414062499980346,1.064,0.26600000000053114,0.00802
b21_C,_4684_,NAND4,0,24,4,2,4,33,959,-0.0007053320312500055,2.394,1.0640000000003056,0.00801
b21_C,_4685_,OAI21,0,24,3,2,5,31,939,0.00024455078124985263,1.862,0.7979999999997744,0.00801
b21_C,_4686_,XOR2,0,24,2,8,6,30,787,0.0011841796874998423,2.394,0.7980000000006839,0.00802
b21_C,_4687_,NOR2,0,0,2,4,8,8,192,-0.0004913671875002024,1.33,0.5320000000001528,0.00802
b21_C,_4688_,AOI21,0,16,3,2,12,7,60,-0.0003739257812500618,1.862,0.7979999999997744,0.00802
b21_C,_4689_,NAND2,0,2,2,5,13,6,30,-0.0001156835937501377,1.33,0.5320000000001528,0.00802
b21_C,_4690_,NAND2,0,1,2,0,14,1,0,-1.5761718750173515e-05,1.33,0.5320000000001528,0.00802
b21_C,_4691_,AND2,0,0,2,2,3,3,4,-4.140624999982023e-06,1.33,0.26599999999962165,0.00801
b21_C,_4692_,INV,0,0,1,2,1,31,1089,0.0,0.798,0.26599999999962165,0.00801
b21_C,_4694_,NOR2,0,4,2,2,2,30,1046,3.244140624980574e-05,1.33,0.5320000000001528,0.00801
b21_C,_4693_,NAND3,0,4,3,2,1,31,1089,4.652343750000121e-05,1.862,0.7979999999997744,0.00801
b21_C,_4695_,XOR2,0,0,2,3,3,27,482,-9.910156250003688e-05,2.394,0.7980000000006839,0.00802
b21_C,_4696_,INV,0,0,1,1,7,13,399,-0.00047812500000010694,0.798,0.26599999999962165,0.00802
b21_C,_4697_,NAND3,0,2,3,1,7,13,399,-0.00036322265624999517,1.862,0.7979999999997744,0.00802
b21_C,_4698_,OAI211,0,2,4,4,8,12,398,-8.816406250011788e-05,2.394,1.0640000000003056,0.00802
b21_C,_4699_,NOR2,0,2,2,1,9,11,355,-5.738281249989541e-05,1.33,0.5320000000001528,0.00802
b21_C,_4700_,AOI21,0,2,3,6,10,10,354,-0.0005310156250000198,1.862,0.7979999999997744,0.00802
b21_C,_4701_,NOR4,0,0,4,1,1,14,361,0.0,2.394,1.0640000000003056,0.00801
b21_C,_4702_,NOR4,0,0,4,1,1,14,361,0.0,2.394,1.0640000000003056,0.00801
b21_C,_4703_,NOR4,0,0,4,1,1,14,361,0.0,2.394,1.0640000000003056,0.00801
b21_C,_4704_,NOR4,0,0,4,1,1,14,361,0.0,2.394,1.0640000000003056,0.00801
b21_C,_4705_,NAND4,0,0,4,1,2,13,360,0.0,2.394,1.0640000000003056,0.00801
b21_C,_4706_,NOR2,0,0,2,1,1,14,361,0.0,1.33,0.5320000000001528,0.00801
b21_C,_4707_,NOR4,0,0,4,1,1,14,361,0.0,2.394,1.0640000000003056,0.00801
b21_C,_4708_,NOR4,0,0,4,1,1,14,361,0.0,2.394,1.0640000000003056,0.00801
b21_C,_4709_,NOR4,0,0,4,1,1,14,361,0.0,2.394,1.0640000000003056,0.00801
b21_C,_4710_,NAND4,0,0,4,1,2,13,360,0.0,2.394,1.0640000000003056,0.00801
b21_C,_4711_,NOR2,0,0,2,1,3,12,359,0.0,1.33,0.5320000000001528,0.00801
b21_C,_4712_,NOR2,0,0,2,2,9,11,358,-6.515625000003133e-05,1.33,0.5320000000001528,0.00802
b21_C,_4713_,NAND2,0,0,2,2,7,12,359,-0.00045253906250009024,1.33,0.5320000000001528,0.00802
b21_C,_4714_,OAI21,0,0,3,3,9,11,357,-5.253906250013429e-05,1.862,0.7979999999997744,0.00802
b21_C,_4715_,NOR2,0,0,2,3,10,10,279,-5.078125000057554e-06,1.33,0.5320000000001528,0.00802
b21_C,_4716_,AND2,0,2,2,5,11,9,103,3.949218749998984e-05,1.33,0.26599999999962165,0.00802
b21_C,_4717_,NAND2,0,24,2,4,8,12,440,0.0001477343750000415,1.33,0.5320000000001528,0.00801
b21_C,_4718_,NOR2,0,32,2,5,9,9,242,0.0010401757812499302,1.33,0.5320000000001528,0.00802
b21_C,_4719_,NAND2,0,0,2,2,5,32,853,-0.00041283203125019874,1.33,0.5320000000001528,0.00801
b21_C,_4720_,XOR2,0,0,2,7,6,30,704,3.0273437499950262e-05,2.394,0.7980000000006839,0.00802
b21_C,_4721_,NAND2,0,0,2,5,8,10,253,-0.0005233984375001555,1.33,0.5320000000001528,0.00802
b21_C,_4722_,NOR2,0,0,2,7,9,9,129,-8.30078125013678e-06,1.33,0.5320000000001528,0.00802
b21_C,_4723_,NAND2,0,0,2,2,10,8,88,-0.0005256445312500357,1.33,0.5320000000001528,0.00801
b21_C,_4724_,XOR2,0,8,2,7,6,30,885,-0.00011744140625014055,2.394,0.7980000000006839,0.00802
b21_C,_4725_,XNOR2,0,0,2,9,6,30,772,-0.0006565234375002227,2.66,1.0640000000003056,0.00802
b21_C,_4726_,NAND2,0,0,2,5,7,12,446,-5.0546875000057057e-05,1.33,0.5320000000001528,0.00802
b21_C,_4727_,NAND3,0,0,3,1,4,32,1110,-0.0008720703125000284,1.862,0.7979999999997744,0.00801
b21_C,_4728_,NAND2,0,0,2,2,5,31,1109,0.0,1.33,0.5320000000001528,0.00801
b21_C,_4729_,XNOR2,0,0,2,5,6,30,956,-1.5625000004959588e-07,2.66,1.0640000000003056,0.00802
b21_C,_4730_,NAND2,0,0,2,4,7,28,336,-9.414062500212594e-06,1.33,0.5320000000001528,0.00802
b21_C,_4731_,NOR2,0,0,2,3,8,9,116,0.0,1.33,0.5320000000001528,0.00802
b21_C,_4732_,NAND2,0,0,2,3,10,8,90,-0.000525625000000085,1.33,0.5320000000001528,0.00801
b21_C,_4733_,AOI21,0,0,3,2,12,7,76,-1.8007812500053788e-05,1.862,0.7979999999997744,0.00802
b21_C,_4734_,XNOR2,0,0,2,9,6,28,247,-0.000508925781250058,2.66,1.0640000000003056,0.00802
b21_C,_4735_,BUF,0,0,1,10,7,23,154,0.0,1.064,0.26600000000053114,0.00802
b21_C,_4736_,CLKBUF,0,0,1,10,8,15,117,0.0,1.064,0.26600000000053114,0.00801
b21_C,_4737_,XNOR2,0,0,2,7,6,30,833,4.531249999883968e-06,2.66,1.0640000000003056,0.00802
b21_C,_4738_,XNOR2,0,0,2,2,6,31,754,0.0,2.66,1.0640000000003056,0.00802
b21_C,_4739_,BUF,0,0,1,10,7,30,681,1.7578125000028422e-07,1.064,0.26600000000053114,0.00802
b21_C,_4740_,NOR2,0,0,2,4,8,29,474,-3.105468750153051e-06,1.33,0.5320000000001528,0.00802
b21_C,_4741_,NOR2,0,0,2,2,9,11,292,0.0,1.33,0.5320000000001528,0.00802
b21_C,_4742_,NOR3,0,0,3,1,10,9,78,-0.00013812500000009997,1.862,0.7979999999997744,0.00802
b21_C,_4743_,NOR2,0,0,2,4,7,11,301,-4.650390625005052e-05,1.33,0.5320000000001528,0.00802
b21_C,_4744_,NAND2,0,0,2,3,8,10,146,0.0,1.33,0.5320000000001528,0.00802
b21_C,_4745_,NAND2,0,0,2,3,9,9,102,0.0,1.33,0.5320000000001528,0.00802
b21_C,_4746_,OAI21,0,2,3,1,12,8,77,-1.4101562500146159e-05,1.862,0.7979999999997744,0.00802
b21_C,_4747_,AND2,0,2,2,2,13,7,76,6.835937500060396e-06,1.33,0.26599999999962165,0.00802
b21_C,_4748_,OR2,0,2,2,3,14,6,58,2.5878906249943157e-05,1.33,0.26599999999962165,0.00802
b21_C,_4749_,BUF,0,2,1,10,15,5,49,4.9335937500005755e-05,1.064,0.26600000000053114,0.00802
b21_C,_4750_,NAND2,0,0,2,1,16,4,3,-1.13085937500923e-05,1.33,0.5320000000001528,0.00802
b21_C,_4751_,INV,0,0,1,2,1,34,1549,0.0,0.798,0.26599999999962165,0.00801
b21_C,_4752_,INV,0,0,1,2,1,35,1577,0.0,0.798,0.26599999999962165,0.00801
b21_C,_4753_,AND4,0,0,4,1,2,34,1356,0.0,1.862,0.26600000000053114,0.00801
b21_C,_4754_,NAND4,0,77,4,3,3,33,1355,-0.007394199218750064,2.394,1.0640000000003056,0.00801
b21_C,_4755_,OAI21,0,8,3,2,4,32,1349,-0.001423027343750105,1.862,0.7979999999997744,0.00801
b21_C,_4756_,XNOR2,0,0,2,7,5,31,1311,-0.0008153906250001342,2.66,1.0640000000003056,0.00802
b21_C,_4757_,NAND2,0,69,2,2,4,32,1349,-0.0004184179687500844,1.33,0.5320000000001528,0.00801
b21_C,_4758_,XNOR2,0,0,2,7,5,31,1311,-0.0009525585937502079,2.66,1.0640000000003056,0.00802
b21_C,_4759_,NAND2,0,0,2,6,6,28,677,-4.2578125001302425e-06,1.33,0.5320000000001528,0.00802
b21_C,_4760_,AND2,0,4,2,3,3,29,1003,4.3261718750020606e-05,1.33,0.26599999999962165,0.00801
b21_C,_4762_,OR2,0,0,2,2,7,24,461,0.0,1.33,0.26599999999962165,0.00801
b21_C,_4761_,XNOR2,0,0,2,3,4,25,464,-5.175781250010836e-05,2.66,1.0640000000003056,0.00801
b21_C,_4763_,NOR2,0,0,2,3,6,30,1219,-5.3515625000333245e-06,1.33,0.5320000000001528,0.00802
b21_C,_4764_,BUF,0,0,1,10,7,29,1138,0.0,1.064,0.26600000000053114,0.00802
b21_C,_4765_,XOR2,0,69,2,7,5,31,1304,0.0005036718749997782,2.394,0.7980000000006839,0.00802
b21_C,_4766_,NOR2,0,69,2,3,6,30,1217,-0.0002555273437501171,1.33,0.5320000000001528,0.00802
b21_C,_4767_,BUF,0,69,1,10,7,29,1136,0.0005030273437498511,1.064,0.26600000000053114,0.00802
b21_C,_4768_,XOR2,0,8,2,7,5,30,1310,9.392578125000384e-05,2.394,0.7980000000006839,0.00802
b21_C,_4769_,NOR2,0,3,2,3,6,29,1215,-9.431640625012783e-05,1.33,0.5320000000001528,0.00802
b21_C,_4770_,BUF,0,3,1,10,7,28,1134,6.523437500005613e-05,1.064,0.26600000000053114,0.00802
b21_C,_4771_,AOI222,0,0,6,2,8,24,461,-0.00034410156250030965,3.724,1.5960000000004584,0.00802
b21_C,_4772_,AND2,0,0,2,4,9,23,31,-5.429687500058122e-06,1.33,0.26599999999962165,0.00802
b21_C,_4773_,XNOR2,0,0,2,5,5,30,1136,-0.0007010546875001467,2.66,1.0640000000003056,0.00802
b21_C,_4774_,BUF,0,0,1,10,6,8,222,0.0,1.064,0.26600000000053114,0.00802
b21_C,_4775_,AND2,0,0,2,2,10,7,75,-0.0002668750000001108,1.33,0.26599999999962165,0.00801
b21_C,_4776_,NAND3,0,0,3,7,12,5,46,-1.9843750000081428e-05,1.862,0.7979999999997744,0.00802
b21_C,_4777_,BUF,0,0,1,10,13,4,27,0.0,1.064,0.26600000000053114,0.00801
b21_C,_4778_,NAND3,0,0,3,2,12,6,59,-0.00018406250000024826,1.862,0.7979999999997744,0.00802
b21_C,_4779_,BUF,0,0,1,10,13,5,55,0.0,1.064,0.26600000000053114,0.00801
b21_C,_4780_,BUF,0,0,1,10,14,4,27,0.0,1.064,0.26600000000053114,0.00801
b21_C,_4781_,NOR2,0,1,2,4,6,29,1068,-0.0014736328125000142,1.33,0.5320000000001528,0.00802
b21_C,_4782_,XNOR2,0,0,2,1,2,28,496,-6.408203125007894e-05,2.66,1.0640000000003056,0.00802
b21_C,_4783_,INV,0,0,1,3,3,27,495,0.0,0.798,0.26599999999962165,0.00801
b21_C,_4784_,NAND2,0,0,2,2,7,26,491,-1.1464843750141895e-05,1.33,0.5320000000001528,0.00802
b21_C,_4785_,AOI222,0,0,6,2,8,26,491,-0.00034410156250030965,3.724,1.5960000000004584,0.00802
b21_C,_4786_,AND2,0,0,2,2,9,25,463,0.0,1.33,0.26599999999962165,0.00802
b21_C,_4787_,BUF,0,0,1,10,10,24,461,0.0,1.064,0.26600000000053114,0.00802
b21_C,_4788_,OAI221,0,0,5,1,17,3,2,0.0,2.926,1.3300000000008367,0.00802
b21_C,_4789_,XNOR2,0,0,2,7,5,30,1069,0.0,2.66,1.0640000000003056,0.00802
b21_C,_4790_,NAND2,0,0,2,9,6,29,1021,0.0,1.33,0.5320000000001528,0.00802
b21_C,_4791_,BUF,0,0,1,10,7,25,801,0.0,1.064,0.26600000000053114,0.00802
b21_C,_4792_,OR2,0,0,2,3,2,28,827,-0.000816757812500235,1.33,0.26599999999962165,0.00801
b21_C,_4793_,OR3,0,0,3,3,3,27,717,0.0,1.596,0.26599999999962165,0.00801
b21_C,_4794_,NAND2,0,0,2,1,4,26,662,0.0,1.33,0.5320000000001528,0.00801
b21_C,_4795_,XNOR2,0,0,2,10,5,25,661,5.0507812499933635e-05,2.66,1.0640000000003056,0.00802
b21_C,_4796_,NOR2,0,0,2,2,8,24,458,-9.101562500113403e-06,1.33,0.5320000000001528,0.00802
b21_C,_4797_,INV,0,2,1,2,1,35,2868,6.249999999985434e-06,0.798,0.26599999999962165,0.00801
b21_C,_4798_,NAND2,0,0,2,3,2,34,2802,-0.0002178906250001056,1.33,0.5320000000001528,0.00801
b21_C,_4799_,INV,0,69,1,2,1,35,2868,0.00019490234374996973,0.798,0.26599999999962165,0.00801
b21_C,_4800_,OAI22,0,69,4,3,2,34,2802,0.0017615039062497395,2.394,1.0640000000003056,0.00801
b21_C,_4801_,NAND2,0,69,2,10,3,33,2794,0.0014239843749996872,1.33,0.5320000000001528,0.00801
b21_C,_4802_,BUF,0,3,1,10,4,32,2557,-0.0001389062500001259,1.064,0.26600000000053114,0.00801
b21_C,_4803_,BUF,0,3,1,10,5,28,2230,0.00013054687499991502,1.064,0.26600000000053114,0.00801
b21_C,_4804_,AND2,0,0,2,2,6,25,461,-1.2050781249994813e-05,1.33,0.26599999999962165,0.00801
b21_C,_4805_,MUX2,0,0,3,3,4,29,2157,-0.0002841796874999414,2.394,0.5320000000001528,0.00802
b21_C,_4806_,NOR2,0,0,2,2,5,28,2065,0.0,1.33,0.5320000000001528,0.00801
b21_C,_4807_,NOR2,0,0,2,4,2,34,2743,-0.0003982812500000765,1.33,0.5320000000001528,0.00801
b21_C,_4808_,INV,0,0,1,1,1,35,2744,0.0,0.798,0.26599999999962165,0.00801
b21_C,_4809_,INV,0,3,1,1,1,35,2744,-1.9726562501265477e-06,0.798,0.26599999999962165,0.00801
b21_C,_4810_,AOI22,0,5,4,4,2,34,2743,-7.539062500017124e-05,2.394,1.0640000000003056,0.00802
b21_C,_4811_,NOR2,0,2,2,6,3,33,2607,1.119140624994408e-05,1.33,0.5320000000001528,0.00802
b21_C,_4812_,AND2,0,0,2,2,4,31,2244,-1.671874999997769e-05,1.33,0.26599999999962165,0.00801
b21_C,_4813_,AND2,0,0,2,2,4,31,2244,-0.00027033203125004235,1.33,0.26599999999962165,0.00801
b21_C,_4814_,OR2,0,0,2,2,5,30,2243,0.0,1.33,0.26599999999962165,0.00802
b21_C,_4815_,AND2,0,0,2,1,6,29,2155,0.0,1.33,0.26599999999962165,0.00801
b21_C,_4816_,MUX2,0,0,3,2,4,31,2333,-0.0002841796874999414,2.394,0.5320000000001528,0.00802
b21_C,_4817_,AND2,0,0,2,3,5,30,2330,0.0,1.33,0.26599999999962165,0.00801
b21_C,_4818_,NOR2,0,0,2,2,5,30,2331,0.0,1.33,0.5320000000001528,0.00801
b21_C,_4819_,MUX2,0,0,3,4,4,31,2415,-0.0002841796874999414,2.394,0.5320000000001528,0.00802
b21_C,_4820_,NOR2,0,0,2,2,5,30,2371,0.0,1.33,0.5320000000001528,0.00801
b21_C,_4821_,AND2,0,0,2,1,4,31,2371,-1.671874999997769e-05,1.33,0.26599999999962165,0.00801
b21_C,_4822_,AND2,0,0,2,1,4,31,2371,-0.00027033203125004235,1.33,0.26599999999962165,0.00801
b21_C,_4823_,MUX2,0,0,3,3,4,32,2503,-0.0002841796874999414,2.394,0.5320000000001528,0.00802
b21_C,_4824_,AND2,0,0,2,1,5,31,2371,0.0,1.33,0.26599999999962165,0.00801
b21_C,_4825_,INV,0,0,1,2,1,33,2610,0.0,0.798,0.26599999999962165,0.00801
b21_C,_4826_,NAND3,0,0,3,2,3,33,2610,-0.0017407421875001994,1.862,0.7979999999997744,0.00802
b21_C,_4827_,OAI21,0,3,3,2,3,33,2610,-4.240234374996987e-05,1.862,0.7979999999997744,0.00802
b21_C,_4828_,NAND3,0,0,3,2,3,33,2592,-0.0017407421875001994,1.862,0.7979999999997744,0.00802
b21_C,_4830_,AOI221,0,3,5,3,4,32,2502,6.941406249993953e-05,2.926,1.3300000000008367,0.00802
b21_C,_4829_,OAI21,0,0,3,2,3,33,2592,-8.048828125017948e-05,1.862,0.7979999999997744,0.00802
b21_C,_4831_,INV,0,0,1,2,1,32,2499,0.0,0.798,0.26599999999962165,0.00801
b21_C,_4832_,INV,0,0,1,1,1,34,2651,0.0,0.798,0.26599999999962165,0.00801
b21_C,_4833_,OAI21,0,0,3,1,3,33,2650,-8.048828125017948e-05,1.862,0.7979999999997744,0.00802
b21_C,_4834_,OAI211,0,66,4,5,4,32,2649,0.0006800195312499646,2.394,1.0640000000003056,0.00802
b21_C,_4835_,AND2,0,0,2,4,4,32,2588,0.0,1.33,0.26599999999962165,0.00802
b21_C,_4836_,AOI21,0,63,3,1,5,31,2371,-0.0005450195312499684,1.862,0.7979999999997744,0.00802
b21_C,_4838_,NAND2,0,0,2,1,5,30,2243,0.0,1.33,0.5320000000001528,0.00801
b21_C,_4841_,NAND2,0,0,2,2,5,28,2065,0.0,1.33,0.5320000000001528,0.00801
b21_C,_4839_,AOI211,0,61,4,2,7,29,2242,-0.0007435742187500427,2.394,1.0640000000003056,0.00802
b21_C,_4842_,AOI21,0,1,3,2,9,27,1092,-0.0015210742187501403,1.862,0.7979999999997744,0.00802
b21_C,_4843_,MUX2,0,0,3,2,5,29,2067,-1.0937499999918998e-05,2.394,0.5320000000001528,0.00802
b21_C,_4844_,NOR2,0,0,2,2,6,28,2065,0.0,1.33,0.5320000000001528,0.00801
b21_C,_4845_,AND2,0,0,2,4,6,28,2064,0.0,1.33,0.26599999999962165,0.00801
b21_C,_4846_,OR2,0,0,2,2,7,27,1092,0.0,1.33,0.26599999999962165,0.00802
b21_C,_4847_,XNOR2,0,1,2,3,10,26,993,-3.5937500000304823e-06,2.66,1.0640000000003056,0.00802
b21_C,_4848_,BUF,0,2,1,10,4,32,2420,6.869140624998771e-05,1.064,0.26600000000053114,0.00801
b21_C,_4849_,BUF,0,2,1,10,5,29,2061,7.349609375006949e-05,1.064,0.26600000000053114,0.00801
b21_C,_4850_,AOI211,0,0,4,2,11,24,458,-0.00020828124999994202,2.394,1.0640000000003056,0.00802
b21_C,_4851_,NOR2,0,0,2,9,12,23,361,6.640624998777156e-07,1.33,0.5320000000001528,0.00802
b21_C,_4852_,NAND2,0,8,2,3,8,27,383,6.431640624993129e-05,1.33,0.5320000000001528,0.00802
b21_C,_4853_,BUF,0,8,1,10,9,26,331,0.00021886718749986045,1.064,0.26600000000053114,0.00802
b21_C,_4854_,BUF,0,8,1,10,10,19,294,0.00023355468749985953,1.064,0.26600000000053114,0.00802
b21_C,_4855_,NOR2,0,8,2,8,11,8,243,0.00018714843750000654,1.33,0.5320000000001528,0.00802
b21_C,_4856_,NAND3,0,3,3,8,12,7,134,-0.0010051953125000956,1.862,0.7979999999997744,0.00802
b21_C,_4857_,NAND2,0,0,2,5,11,7,98,-3.3574218750054285e-05,1.33,0.5320000000001528,0.00802
b21_C,_4858_,OAI21,0,3,3,4,13,5,46,2.9257812499849933e-05,1.862,0.7979999999997744,0.00802
b21_C,_4859_,BUF,0,3,1,10,14,4,39,7.32617187499951e-05,1.064,0.26600000000053114,0.00801
b21_C,_4860_,CLKBUF,0,1,1,10,15,3,20,1.4492187499826059e-05,1.064,0.26600000000053114,0.00801
b21_C,_4861_,AOI211,0,0,4,1,18,2,1,-9.960937500164135e-06,2.394,1.0640000000003056,0.00802
b21_C,_4862_,NOR2,0,0,2,7,7,29,492,-0.00042556640625002196,1.33,0.5320000000001528,0.00802
b21_C,_4863_,AOI221,0,0,5,4,9,28,167,-0.00046345703125005855,2.926,1.3300000000008367,0.00802
b21_C,_4864_,BUF,0,0,1,10,10,23,132,-4.943359374998124e-05,1.064,0.26600000000053114,0.00802
b21_C,_4865_,BUF,0,1,1,10,7,27,904,2.273437499988873e-05,1.064,0.26600000000053114,0.00802
b21_C,_4866_,AOI22,0,0,4,2,8,26,475,-5.8203124999600675e-06,2.394,1.0640000000003056,0.00802
b21_C,_4867_,NAND2,0,0,2,2,8,26,475,-0.0003974609375001492,1.33,0.5320000000001528,0.00801
b21_C,_4868_,NAND2,0,0,2,2,8,26,475,-1.8183593750054072e-05,1.33,0.5320000000001528,0.00801
b21_C,_4869_,NAND3,0,0,3,6,9,23,356,0.0,1.862,0.7979999999997744,0.00802
b21_C,_4870_,NAND2,0,0,2,6,7,29,310,-1.0214843749967173e-05,1.33,0.5320000000001528,0.00802
b21_C,_4871_,NOR2,0,0,2,8,9,28,248,-0.0001437695312502818,1.33,0.5320000000001528,0.00802
b21_C,_4872_,BUF,0,0,1,10,10,24,203,0.0,1.064,0.26600000000053114,0.00802
b21_C,_4873_,AOI22,0,0,4,2,13,21,88,-1.1523437499771916e-06,2.394,1.0640000000003056,0.00802
b21_C,_4874_,AND3,0,0,3,1,9,25,445,0.0,1.596,0.26599999999962165,0.00802
b21_C,_4875_,BUF,0,0,1,10,10,24,444,0.0,1.064,0.26600000000053114,0.00802
b21_C,_4876_,OR3,0,0,3,3,7,28,238,-0.00028373046875018737,1.596,0.26599999999962165,0.00802
b21_C,_4877_,NAND2,0,0,2,3,8,27,191,0.0,1.33,0.5320000000001528,0.00802
b21_C,_4878_,BUF,0,0,1,10,9,24,163,0.0,1.064,0.26600000000053114,0.00802
b21_C,_4879_,AOI211,0,24,4,2,8,29,258,-0.0002444335937501485,2.394,1.0640000000003056,0.00802
b21_C,_4880_,OR2,0,24,2,7,9,28,146,0.00029414062499988347,1.33,0.26599999999962165,0.00802
b21_C,_4881_,NOR2,0,0,2,1,6,25,445,-1.894531250012932e-05,1.33,0.5320000000001528,0.00801
b21_C,_4882_,XOR2,0,0,2,1,10,25,445,-2.316406250013614e-05,2.394,0.7980000000006839,0.00802
b21_C,_4883_,AOI211,0,0,4,2,11,24,444,-0.00020042968750000334,2.394,1.0640000000003056,0.00802
b21_C,_4884_,AND2,0,0,2,2,8,24,444,-9.328125000007681e-05,1.33,0.26599999999962165,0.00802
b21_C,_4885_,NOR2,0,0,2,3,12,23,324,-1.3671875009890755e-07,1.33,0.5320000000001528,0.00802
b21_C,_4886_,OAI22,0,0,4,1,13,22,89,-0.00010943359375015227,2.394,1.0640000000003056,0.00802
b21_C,_4888_,NOR2,0,0,2,6,8,28,171,0.0,1.33,0.5320000000001528,0.00802
b21_C,_4889_,XNOR2,0,0,2,2,14,21,88,0.0,2.66,1.0640000000003056,0.00802
b21_C,_4890_,AND2,0,0,2,3,15,20,85,0.0,1.33,0.26599999999962165,0.00802
b21_C,_4891_,OR2,0,0,2,3,15,20,86,0.0,1.33,0.26599999999962165,0.00802
b21_C,_4892_,INV,0,0,1,1,16,4,3,0.0,0.798,0.26599999999962165,0.00802
b21_C,_4893_,OR2,0,0,2,1,17,3,2,0.0,1.33,0.26599999999962165,0.00802
b21_C,_4894_,NAND2,0,0,2,4,8,28,209,-2.324218750127116e-06,1.33,0.5320000000001528,0.00802
b21_C,_4895_,OAI211,0,0,4,7,9,27,174,-5.8789062500119726e-05,2.394,1.0640000000003056,0.00802
b21_C,_4896_,NOR2,0,0,2,2,11,23,90,0.0,1.33,0.5320000000001528,0.00802
b21_C,_4897_,NOR2,0,0,2,2,5,26,576,-1.8906250000005898e-05,1.33,0.5320000000001528,0.00801
b21_C,_4898_,XOR2,0,0,2,2,5,27,1135,0.0,2.394,0.7980000000006839,0.00802
b21_C,_4899_,XOR2,0,0,2,2,9,26,576,-0.0022088281250001174,2.394,0.7980000000006839,0.00802
b21_C,_4900_,AOI211,0,0,4,2,10,25,573,-0.00035683593750013287,2.394,1.0640000000003056,0.00802
b21_C,_4901_,OAI21,0,0,3,1,3,27,686,0.0,1.862,0.7979999999997744,0.00801
b21_C,_4902_,XNOR2,0,0,2,9,4,26,685,5.8593749852065e-08,2.66,1.0640000000003056,0.00802
b21_C,_4903_,AND2,0,0,2,2,8,25,573,-8.925781250002096e-05,1.33,0.26599999999962165,0.00802
b21_C,_4905_,NOR2,0,0,2,2,12,23,90,-2.402343750151914e-06,1.33,0.5320000000001528,0.00802
b21_C,_4904_,NOR2,0,0,2,8,11,24,467,5.566406249934985e-06,1.33,0.5320000000001528,0.00802
b21_C,_4906_,NAND2,0,0,2,5,9,24,146,0.0,1.33,0.5320000000001528,0.00802
b21_C,_4907_,OR2,0,0,2,7,11,24,371,9.765624997548628e-08,1.33,0.26599999999962165,0.00802
b21_C,_4908_,NOR2,0,0,2,6,9,28,228,-0.00038828125000023306,1.33,0.5320000000001528,0.00802
b21_C,_4909_,AOI22,0,0,4,1,12,23,90,-1.9531249950688334e-08,2.394,1.0640000000003056,0.00802
b21_C,_4910_,XNOR2,0,0,2,3,13,22,89,0.0,2.66,1.0640000000003056,0.00802
b21_C,_4911_,OR2,0,0,2,2,13,22,89,0.0,1.33,0.26599999999962165,0.00802
b21_C,_4912_,AND2,0,0,2,1,14,21,85,0.0,1.33,0.26599999999962165,0.00802
b21_C,_4913_,AOI222,0,0,6,1,8,27,508,-0.0003435351562501854,3.724,1.5960000000004584,0.00802
b21_C,_4914_,NAND2,0,0,2,1,1,28,513,-9.492187500015348e-06,1.33,0.5320000000001528,0.00801
b21_C,_4915_,XOR2,0,0,2,3,2,27,512,0.0,2.394,0.7980000000006839,0.00802
b21_C,_4916_,OAI21,0,0,3,5,9,26,507,-1.7382812500521538e-06,1.862,0.7979999999997744,0.00802
b21_C,_4917_,NOR2,0,0,2,2,5,26,597,-1.8906250000005898e-05,1.33,0.5320000000001528,0.00801
b21_C,_4918_,OR2,0,1,2,2,8,27,1179,-0.00038041015625012164,1.33,0.26599999999962165,0.00802
b21_C,_4919_,XNOR2,0,0,2,2,6,27,1179,2.1679687498554756e-06,2.66,1.0640000000003056,0.00802
b21_C,_4920_,XOR2,0,0,2,1,9,26,595,-1.1484375000092584e-05,2.394,0.7980000000006839,0.00802
b21_C,_4921_,AOI211,0,0,4,4,10,25,594,-0.0003556054687501309,2.394,1.0640000000003056,0.00802
b21_C,_4922_,NAND2,0,0,2,1,3,27,715,0.0,1.33,0.5320000000001528,0.00801
b21_C,_4923_,XNOR2,0,0,2,9,4,26,714,0.0,2.66,1.0640000000003056,0.00802
b21_C,_4924_,AND2,0,0,2,4,8,25,594,-8.925781250002096e-05,1.33,0.26599999999962165,0.00802
b21_C,_4925_,OR2,0,0,2,5,11,24,370,0.0,1.33,0.26599999999962165,0.00802
b21_C,_4926_,AOI22,0,0,4,3,12,22,94,-4.3359375001550404e-06,2.394,1.0640000000003056,0.00802
b21_C,_4927_,INV,0,0,1,2,8,28,176,0.0,0.798,0.26599999999962165,0.00802
b21_C,_4928_,NAND2,0,0,2,8,9,27,174,2.4023437499298694e-06,1.33,0.5320000000001528,0.00802
b21_C,_4929_,AOI22,0,0,4,1,12,23,95,-4.3359375001550404e-06,2.394,1.0640000000003056,0.00802
b21_C,_4930_,XNOR2,0,0,2,3,13,22,94,-6.445312499270273e-07,2.66,1.0640000000003056,0.00802
b21_C,_4931_,NOR2,0,0,2,2,14,21,88,0.0,1.33,0.5320000000001528,0.00802
b21_C,_4932_,AND2,0,0,2,3,8,27,523,-7.1875000000609646e-06,1.33,0.26599999999962165,0.00801
b21_C,_4933_,XOR2,0,0,2,3,1,29,526,-1.3710937500022169e-05,2.394,0.7980000000006839,0.00802
b21_C,_4935_,NAND2,0,0,2,1,8,28,524,0.0,1.33,0.5320000000001528,0.00801
b21_C,_4934_,AOI22,0,68,4,1,8,28,524,0.0003124804687497651,2.394,1.0640000000003056,0.00802
b21_C,_4936_,NAND2,0,68,2,3,9,27,523,-0.00037576171875008946,1.33,0.5320000000001528,0.00802
b21_C,_4937_,NOR2,0,68,2,8,10,26,489,0.000501738281249775,1.33,0.5320000000001528,0.00802
b21_C,_4939_,OR2,0,0,2,2,5,28,619,-8.398437500112266e-06,1.33,0.26599999999962165,0.00801
b21_C,_4938_,NOR2,0,0,2,3,11,23,99,-0.0012827539062501003,1.33,0.5320000000001528,0.00802
b21_C,_4940_,OR2,0,0,2,1,5,30,1226,0.0,1.33,0.26599999999962165,0.00801
b21_C,_4941_,INV,0,0,1,2,1,31,1362,0.0,0.798,0.26599999999962165,0.00801
b21_C,_4942_,NOR2,0,0,2,1,5,31,1227,-1.8906250000005898e-05,1.33,0.5320000000001528,0.00801
b21_C,_4943_,NOR2,0,0,2,1,5,31,1227,-2.6230468749943725e-05,1.33,0.5320000000001528,0.00801
b21_C,_4944_,NOR2,0,0,2,1,5,31,1227,0.0,1.33,0.5320000000001528,0.00801
b21_C,_4945_,AND2,0,0,2,1,5,31,1227,-0.000526015625000209,1.33,0.26599999999962165,0.00802
b21_C,_4946_,NOR2,0,1,2,1,5,31,1227,-7.867187500010253e-05,1.33,0.5320000000001528,0.00801
b21_C,_4948_,AND2,0,0,2,2,5,30,1307,0.0,1.33,0.26599999999962165,0.00801
b21_C,_4949_,OAI21,0,1,3,1,7,29,1225,-1.4003906250170672e-05,1.862,0.7979999999997744,0.00802
b21_C,_4950_,NOR2,0,0,2,1,6,29,1225,2.3437499985234922e-07,1.33,0.5320000000001528,0.00802
b21_C,_4951_,XNOR2,0,1,2,3,8,28,1224,-3.496093750054996e-06,2.66,1.0640000000003056,0.00802
b21_C,_4952_,OAI211,0,0,4,3,9,27,616,-0.00020939453125023988,2.394,1.0640000000003056,0.00802
b21_C,_4953_,NAND2,0,0,2,1,3,29,745,-0.0019181835937498448,1.33,0.5320000000001528,0.00801
b21_C,_4954_,XNOR2,0,0,2,9,4,28,744,9.765624997548628e-08,2.66,1.0640000000003056,0.00802
b21_C,_4955_,NAND2,0,0,2,3,7,27,616,-0.00032666015624993605,1.33,0.5320000000001528,0.00802
b21_C,_4956_,AND2,0,0,2,3,10,24,129,0.0,1.33,0.26599999999962165,0.00802
b21_C,_4958_,OR2,0,0,2,6,10,25,153,-0.0002730468750000714,1.33,0.26599999999962165,0.00802
b21_C,_4957_,NOR2,0,0,2,3,11,23,99,0.0,1.33,0.5320000000001528,0.00802
b21_C,_4959_,NAND2,0,0,2,2,10,26,610,0.0,1.33,0.5320000000001528,0.00802
b21_C,_4960_,BUF,0,0,1,10,11,25,520,0.0,1.064,0.26600000000053114,0.00802
b21_C,_4961_,AOI22,0,0,4,1,12,24,99,0.0,2.394,1.0640000000003056,0.00802
b21_C,_4962_,XNOR2,0,0,2,3,13,23,98,0.0,2.66,1.0640000000003056,0.00802
b21_C,_4963_,NOR3,0,0,3,2,14,22,93,0.0,1.862,0.7979999999997744,0.00802
b21_C,_4964_,AOI22,0,0,4,2,7,27,539,-0.0007295703125000941,2.394,1.0640000000003056,0.00802
b21_C,_4965_,NAND2,0,0,2,2,7,27,539,0.0,1.33,0.5320000000001528,0.00801
b21_C,_4966_,OR2,0,0,2,2,7,27,539,-5.23437500010715e-06,1.33,0.26599999999962165,0.00801
b21_C,_4967_,NAND3,0,0,3,10,8,26,417,8.789062500014211e-07,1.862,0.7979999999997744,0.00802
b21_C,_4969_,OAI21,0,5,3,3,2,34,884,-0.0002621289062501031,1.862,0.7979999999997744,0.00801
b21_C,_4968_,BUF,0,0,1,10,1,35,927,1.152343749999396e-05,1.064,0.26600000000053114,0.00801
b21_C,_4970_,INV,0,0,1,1,1,31,770,0.0,0.798,0.26599999999962165,0.00801
b21_C,_4971_,OAI21,0,0,3,1,3,30,769,-4.69140625001252e-05,1.862,0.7979999999997744,0.00802
b21_C,_4972_,XOR2,0,0,2,10,4,29,768,3.5019531249957936e-05,2.394,0.7980000000006839,0.00802
b21_C,_4973_,NOR2,0,0,2,1,6,29,1261,0.0,1.33,0.5320000000001528,0.00802
b21_C,_4974_,XNOR2,0,2,2,2,7,28,1260,-0.0019094531250001268,2.66,1.0640000000003056,0.00802
b21_C,_4975_,MUX2,0,1,3,3,8,27,634,-6.34765624996092e-06,2.394,0.5320000000001528,0.00802
b21_C,_4977_,AOI22,0,0,4,3,10,24,101,-0.00014513671875016065,2.394,1.0640000000003056,0.00802
b21_C,_4976_,MUX2,0,0,3,7,9,26,407,-5.8398437501328004e-06,2.394,0.5320000000001528,0.00802
b21_C,_4978_,AOI22,0,0,4,1,10,25,102,-6.054687500256506e-07,2.394,1.0640000000003056,0.00802
b21_C,_4980_,NOR2,0,0,2,1,12,23,96,-2.427734374998991e-05,1.33,0.5320000000001528,0.00802
b21_C,_4979_,XNOR2,0,0,2,3,11,24,101,2.757812499987189e-05,2.66,1.0640000000003056,0.00802
b21_C,_4981_,AOI22,0,0,4,2,7,28,563,-0.0006360937500000663,2.394,1.0640000000003056,0.00802
b21_C,_4982_,AOI22,0,0,4,2,7,28,563,-3.8027343749913456e-05,2.394,1.0640000000003056,0.00802
b21_C,_4983_,NAND2,0,0,2,7,8,27,433,1.9531249950688334e-08,1.33,0.5320000000001528,0.00802
b21_C,_4984_,XNOR2,0,0,2,10,3,31,804,-1.8554687499783284e-06,2.66,1.0640000000003056,0.00802
b21_C,_4985_,NOR2,0,0,2,2,7,27,416,-4.300781250021757e-05,1.33,0.5320000000001528,0.00802
b21_C,_4986_,XNOR2,0,0,2,2,5,30,1313,5.8593749852065e-08,2.66,1.0640000000003056,0.00802
b21_C,_4988_,NAND2,0,0,2,2,5,30,1313,-0.0010683984375001732,1.33,0.5320000000001528,0.00802
b21_C,_4987_,OR2,0,2,2,2,5,30,1313,-1.603515624992724e-05,1.33,0.26599999999962165,0.00801
b21_C,_4989_,AOI21,0,0,3,2,6,29,1311,-1.7343750000176072e-05,1.862,0.7979999999997744,0.00802
b21_C,_4990_,AND3,0,2,3,2,6,29,1311,2.1445312500034674e-05,1.596,0.26599999999962165,0.00802
b21_C,_4991_,OAI21,0,1,3,3,7,28,663,-4.9941406250031406e-05,1.862,0.7979999999997744,0.00802
b21_C,_4992_,OR2,0,0,2,3,4,28,663,-1.671874999997769e-05,1.33,0.26599999999962165,0.00801
b21_C,_4994_,NOR2,0,1,2,5,9,26,413,1.8789062499857678e-05,1.33,0.5320000000001528,0.00802
b21_C,_4993_,AOI21,0,1,3,2,8,27,416,-0.00018197265625019554,1.862,0.7979999999997744,0.00802
b21_C,_4995_,AOI22,0,0,4,3,10,25,105,-0.0001623632812501885,2.394,1.0640000000003056,0.00802
b21_C,_4996_,AND2,0,0,2,8,8,27,404,1.9531249950688334e-08,1.33,0.26599999999962165,0.00802
b21_C,_4998_,XNOR2,0,0,2,3,11,25,105,0.0,2.66,1.0640000000003056,0.00802
b21_C,_4999_,AND2,0,0,2,2,12,24,100,0.0,1.33,0.26599999999962165,0.00802
b21_C,_5001_,NAND3,0,0,3,2,6,29,578,-0.0015067968750002159,1.862,0.7979999999997744,0.00802
b21_C,_5000_,NAND3,0,0,3,2,6,29,578,-1.0722656250017337e-05,1.862,0.7979999999997744,0.00802
b21_C,_5002_,NAND3,0,0,3,2,6,29,578,-0.00019337890624981924,1.862,0.7979999999997744,0.00802
b21_C,_5003_,NAND3,0,4,3,2,6,29,578,-0.0016636914062502228,1.862,0.7979999999997744,0.00802
b21_C,_5004_,AND4,0,4,4,7,7,28,484,4.97265624999077e-05,1.862,0.26600000000053114,0.00802
b21_C,_5005_,INV,0,0,1,2,1,30,682,0.0,0.798,0.26599999999962165,0.00801
b21_C,_5006_,NOR2,0,0,2,1,5,29,451,-1.8906250000005898e-05,1.33,0.5320000000001528,0.00801
b21_C,_5007_,XOR2,0,1,2,1,5,30,1350,-0.0015458984375000817,2.394,0.7980000000006839,0.00802
b21_C,_5008_,XNOR2,0,1,2,4,6,29,1349,-1.3671875000120792e-05,2.66,1.0640000000003056,0.00802
b21_C,_5009_,AOI211,0,1,4,3,8,28,450,-0.00020005859375005208,2.394,1.0640000000003056,0.00802
b21_C,_5010_,INV,0,0,1,1,1,34,834,-0.0003359570312500004,0.798,0.26599999999962165,0.00801
b21_C,_5011_,AND2,0,0,2,1,2,34,834,-0.00018031249999994614,1.33,0.26599999999962165,0.00801
b21_C,_5012_,OAI22,0,5,4,10,3,33,833,0.00032220703124985484,2.394,1.0640000000003056,0.00802
b21_C,_5013_,NOR2,0,0,2,3,7,28,450,-0.00011664062499994188,1.33,0.5320000000001528,0.00802
b21_C,_5014_,OR2,0,0,2,4,9,27,146,-1.796875000015241e-05,1.33,0.26599999999962165,0.00802
b21_C,_5015_,OAI22,0,0,4,3,10,26,108,-9.941406249991402e-06,2.394,1.0640000000003056,0.00802
b21_C,_5017_,XNOR2,0,24,2,3,11,26,108,-0.0004672851562501634,2.66,1.0640000000003056,0.00802
b21_C,_5018_,NAND2,0,0,2,1,12,25,103,-0.00030386718750019526,1.33,0.5320000000001528,0.00802
b21_C,_5019_,NAND3,0,0,3,1,4,31,1371,-3.585937500005798e-05,1.862,0.7979999999997744,0.00802
b21_C,_5020_,AND2,0,2,2,2,5,30,1370,-0.0005056250000001761,1.33,0.26599999999962165,0.00802
b21_C,_5021_,MUX2,0,1,3,3,6,29,692,-1.0097656250040998e-05,2.394,0.5320000000001528,0.00802
b21_C,_5022_,MUX2,0,0,3,7,7,28,543,-1.8789062500079723e-05,2.394,0.5320000000001528,0.00802
b21_C,_5023_,NAND2,0,0,2,2,10,27,117,0.0,1.33,0.5320000000001528,0.00802
b21_C,_5024_,NAND3,0,0,3,1,6,29,583,-0.0015067968750002159,1.862,0.7979999999997744,0.00802
b21_C,_5025_,NAND3,0,0,3,1,6,29,583,-0.0016754882812501926,1.862,0.7979999999997744,0.00802
b21_C,_5026_,NAND3,0,0,3,1,6,29,583,-1.0722656250017337e-05,1.862,0.7979999999997744,0.00802
b21_C,_5027_,NAND3,0,0,3,1,6,29,583,-0.00019337890624981924,1.862,0.7979999999997744,0.00802
b21_C,_5029_,AOI22,0,0,4,3,10,27,118,-0.00022312500000021274,2.394,1.0640000000003056,0.00802
b21_C,_5028_,NAND4,0,0,4,9,7,28,582,1.6015624999532463e-06,2.394,1.0640000000003056,0.00802
b21_C,_5030_,NAND3,0,0,3,3,11,26,115,-3.6269531249910614e-05,1.862,0.7979999999997744,0.00802
b21_C,_5031_,INV,0,0,1,2,2,30,452,-4.130859375006679e-05,0.798,0.26599999999962165,0.00801
b21_C,_5032_,NAND3,0,0,3,1,6,29,448,-0.0004284570312500513,1.862,0.7979999999997744,0.00802
b21_C,_5033_,OAI21,0,3,3,5,8,28,447,-0.00015753906250015604,1.862,0.7979999999997744,0.00802
b21_C,_5034_,NOR4,0,0,4,1,10,27,115,-0.00016347656250004228,2.394,1.0640000000003056,0.00802
b21_C,_5035_,AOI21,0,0,3,1,9,27,115,-0.00014249999999993435,1.862,0.7979999999997744,0.00802
b21_C,_5036_,AOI22,0,0,4,1,10,27,115,-9.960937501496403e-07,2.394,1.0640000000003056,0.00802
b21_C,_5037_,AOI21,0,0,3,3,11,26,114,-2.9296875014850343e-07,1.862,0.7979999999997744,0.00802
b21_C,_5038_,AOI21,0,0,3,2,11,26,107,-6.054687500256506e-07,1.862,0.7979999999997744,0.00802
b21_C,_5039_,OAI221,0,24,5,1,12,25,103,-0.00016306640625018964,2.926,1.3300000000008367,0.00802
b21_C,_5040_,AND2,0,24,2,3,13,24,102,0.00023902343749981902,1.33,0.26599999999962165,0.00802
b21_C,_5041_,OR2,0,0,2,2,12,24,100,0.0,1.33,0.26599999999962165,0.00802
b21_C,_5043_,NOR2,0,24,2,3,15,22,95,0.00036539062499985064,1.33,0.5320000000001528,0.00802
b21_C,_5042_,AOI221,0,24,5,1,14,23,96,-7.421875000002132e-05,2.926,1.3300000000008367,0.00802
b21_C,_5045_,AOI221,0,23,5,2,16,21,88,-0.00017660156249998948,2.926,1.3300000000008367,0.00802
b21_C,_5044_,OAI21,0,0,3,2,14,22,93,0.0,1.862,0.7979999999997744,0.00802
b21_C,_5047_,XNOR2,0,1,2,1,18,2,1,-0.0007700390625000608,2.66,1.0640000000003056,0.00802
b21_C,_5049_,OR3,0,0,3,3,12,5,34,-9.765624997548628e-08,1.596,0.26599999999962165,0.00802
b21_C,_5048_,OR2,0,0,2,5,9,11,278,-0.00017371093749996014,1.33,0.26599999999962165,0.00802
b21_C,_5050_,BUF,0,0,1,10,13,4,27,3.320312499832667e-06,1.064,0.26600000000053114,0.00801
b21_C,_5051_,BUF,0,0,1,10,14,2,10,-4.6875000014878765e-07,1.064,0.26600000000053114,0.00801
b21_C,_5052_,OAI21,0,1,3,0,19,1,0,-1.7773437499535305e-06,1.862,0.7979999999997744,0.00802
b21_C,_5053_,CLKBUF,0,0,1,10,2,6,58,-3.925781250080362e-06,1.064,0.26600000000053114,0.00801
b21_C,_5055_,BUF,0,0,1,10,8,23,769,0.0,1.064,0.26600000000053114,0.00802
b21_C,_5054_,NAND2,0,0,2,1,3,4,3,0.0,1.33,0.5320000000001528,0.00801
b21_C,_5057_,BUF,0,1,1,10,8,18,455,2.728515624994543e-05,1.064,0.26600000000053114,0.00802
b21_C,_5056_,BUF,0,0,1,10,9,17,383,0.0,1.064,0.26600000000053114,0.00802
b21_C,_5058_,INV,0,0,1,2,1,16,182,0.0,0.798,0.26599999999962165,0.00801
b21_C,_5059_,INV,0,0,1,1,1,19,318,0.0,0.798,0.26599999999962165,0.00801
b21_C,_5060_,INV,0,0,1,3,1,21,506,0.0,0.798,0.26599999999962165,0.00801
b21_C,_5061_,INV,0,0,1,2,1,23,595,0.0,0.798,0.26599999999962165,0.00801
b21_C,_5062_,INV,0,0,1,1,1,26,732,0.0,0.798,0.26599999999962165,0.00801
b21_C,_5063_,INV,0,0,1,1,1,28,867,0.0,0.798,0.26599999999962165,0.00801
b21_C,_5064_,NAND3,0,4,3,2,4,28,912,1.359374999987395e-05,1.862,0.7979999999997744,0.00801
b21_C,_5065_,NOR2,0,4,2,3,5,27,866,7.52343749998996e-05,1.33,0.5320000000001528,0.00801
b21_C,_5066_,NAND3,0,4,3,2,6,26,776,-2.7265624999994742e-05,1.862,0.7979999999997744,0.00801
b21_C,_5067_,NOR2,0,4,2,3,7,25,731,7.453124999989846e-05,1.33,0.5320000000001528,0.00801
b21_C,_5068_,NAND3,0,4,3,2,8,23,636,-2.7265624999994742e-05,1.862,0.7979999999997744,0.00801
b21_C,_5070_,NAND3,0,4,3,2,10,21,505,-2.67187500000432e-05,1.862,0.7979999999997744,0.00801
b21_C,_5069_,NOR2,0,4,2,3,9,22,593,7.816406249983032e-05,1.33,0.5320000000001528,0.00801
b21_C,_5071_,NOR2,0,4,2,3,11,20,461,7.447265624982435e-05,1.33,0.5320000000001528,0.00801
b21_C,_5072_,NAND3,0,4,3,2,12,19,365,-2.7265624999994742e-05,1.862,0.7979999999997744,0.00801
b21_C,_5073_,NOR2,0,4,2,3,13,18,317,7.453124999989846e-05,1.33,0.5320000000001528,0.00801
b21_C,_5074_,NAND3,0,4,3,2,14,16,225,-2.6601562500117026e-05,1.862,0.7979999999997744,0.00801
b21_C,_5075_,NOR2,0,3,2,3,15,15,181,4.878906249983217e-05,1.33,0.5320000000001528,0.00801
b21_C,_5076_,XOR2,0,1,2,3,16,14,115,-4.4160156249972715e-05,2.394,0.7980000000006839,0.00801
b21_C,_5077_,AOI22,0,1,4,1,17,13,108,-2.371093750008768e-05,2.394,1.0640000000003056,0.00802
b21_C,_5078_,BUF,0,1,1,10,8,23,767,-0.00016388671875011696,1.064,0.26600000000053114,0.00802
b21_C,_5079_,BUF,0,1,1,10,9,17,381,6.6796875000108e-06,1.064,0.26600000000053114,0.00802
b21_C,_5080_,BUF,0,3,1,10,8,22,767,7.296875000006864e-05,1.064,0.26600000000053114,0.00802
b21_C,_5081_,BUF,0,3,1,10,9,17,383,7.812499999992895e-05,1.064,0.26600000000053114,0.00802
b21_C,_5082_,AOI22,0,0,4,1,10,13,108,-2.187500000006004e-05,2.394,1.0640000000003056,0.00802
b21_C,_5083_,AND2,0,1,2,4,18,12,107,1.0605468749869118e-05,1.33,0.26599999999962165,0.00802
b21_C,_5084_,BUF,0,1,1,10,19,11,87,2.5136718750040643e-05,1.064,0.26600000000053114,0.00802
b21_C,_5085_,NOR2,0,0,2,8,14,4,16,-1.4101562500146159e-05,1.33,0.5320000000001528,0.00802
b21_C,_5086_,NAND2,0,1,2,1,16,14,97,-5.3750000000185594e-05,1.33,0.5320000000001528,0.00801
b21_C,_5087_,XOR2,0,1,2,3,17,13,96,-6.171874999960636e-06,2.394,0.7980000000006839,0.00801
b21_C,_5088_,OAI221,0,0,5,1,20,3,2,-1.2167968749920988e-05,2.926,1.3300000000008367,0.00802
b21_C,_5089_,NAND3,0,1,3,2,16,14,93,-5.111328125018133e-05,1.862,0.7979999999997744,0.00801
b21_C,_5090_,XNOR2,0,1,2,3,17,13,77,-2.070312500102034e-06,2.66,1.0640000000003056,0.00801
b21_C,_5092_,NAND2,0,0,2,2,10,12,72,-9.570312500040146e-06,1.33,0.5320000000001528,0.00801
b21_C,_5091_,NAND2,0,1,2,2,18,12,72,-7.812500000037303e-06,1.33,0.5320000000001528,0.00802
b21_C,_5093_,AOI22,0,0,4,2,10,12,72,-1.3046874999922409e-05,2.394,1.0640000000003056,0.00802
b21_C,_5094_,NAND3,0,1,3,8,19,11,45,3.335937499993058e-05,1.862,0.7979999999997744,0.00802
b21_C,_5095_,NOR3,0,0,3,4,12,6,32,-0.00015205078125024585,1.862,0.7979999999997744,0.00802
b21_C,_5096_,BUF,0,0,1,10,13,5,22,7.812500000259348e-07,1.064,0.26600000000053114,0.00801
b21_C,_5097_,BUF,0,2,1,10,6,25,1718,7.162109374991843e-05,1.064,0.26600000000053114,0.00801
b21_C,_5098_,BUF,0,2,1,10,7,24,1438,6.74804687499364e-05,1.064,0.26600000000053114,0.00801
b21_C,_5099_,BUF,0,2,1,10,8,23,1174,7.160156249996774e-05,1.064,0.26600000000053114,0.00801
b21_C,_5100_,BUF,0,2,1,10,9,19,968,6.638671874981128e-05,1.064,0.26600000000053114,0.00801
b21_C,_5101_,BUF,0,2,1,10,10,17,671,8.029296874978442e-05,1.064,0.26600000000053114,0.00801
b21_C,_5102_,NOR2,0,0,2,2,11,12,100,-1.9667968750081144e-05,1.33,0.5320000000001528,0.00801
b21_C,_5103_,BUF,0,3,1,10,6,26,1907,0.00012275390625005045,1.064,0.26600000000053114,0.00801
b21_C,_5104_,BUF,0,3,1,10,7,22,1543,0.00012626953125005613,1.064,0.26600000000053114,0.00801
b21_C,_5105_,BUF,0,3,1,10,8,21,1235,0.0001340820312498714,1.064,0.26600000000053114,0.00801
b21_C,_5106_,BUF,0,3,1,10,9,20,980,0.00010007812500001378,1.064,0.26600000000053114,0.00801
b21_C,_5107_,MUX2,0,0,3,3,10,15,330,-1.1777343750019043e-05,2.394,0.5320000000001528,0.00802
b21_C,_5108_,XNOR2,0,0,2,2,11,13,210,0.0,2.66,1.0640000000003056,0.00802
b21_C,_5109_,AND2,0,0,2,2,9,17,417,-8.398437500112266e-06,1.33,0.26599999999962165,0.00801
b21_C,_5110_,INV,0,0,1,2,1,18,418,0.0,0.798,0.26599999999962165,0.00801
b21_C,_5111_,NOR2,0,0,2,2,9,17,417,-1.894531250012932e-05,1.33,0.5320000000001528,0.00801
b21_C,_5112_,OR2,0,0,2,2,10,16,416,0.0,1.33,0.26599999999962165,0.00802
b21_C,_5113_,AND2,0,0,2,1,11,15,328,0.0,1.33,0.26599999999962165,0.00801
b21_C,_5114_,MUX2,0,0,3,2,9,17,506,-1.0839843750165556e-05,2.394,0.5320000000001528,0.00802
b21_C,_5115_,AND2,0,0,2,4,10,15,503,-1.953125017273294e-08,1.33,0.26599999999962165,0.00801
b21_C,_5116_,NOR2,0,0,2,2,10,16,504,0.0,1.33,0.5320000000001528,0.00801
b21_C,_5117_,MUX2,0,0,3,3,9,17,595,-1.0839843750165556e-05,2.394,0.5320000000001528,0.00802
b21_C,_5118_,NOR2,0,0,2,2,10,16,504,0.0,1.33,0.5320000000001528,0.00801
b21_C,_5119_,AND2,0,0,2,2,8,19,683,-8.730468750162146e-06,1.33,0.26599999999962165,0.00801
b21_C,_5120_,AND2,0,0,2,2,8,19,683,-1.2617187500119087e-05,1.33,0.26599999999962165,0.00801
b21_C,_5121_,OR2,0,0,2,2,9,18,682,0.0,1.33,0.26599999999962165,0.00802
b21_C,_5122_,AND2,0,0,2,1,10,17,593,0.0,1.33,0.26599999999962165,0.00801
b21_C,_5123_,MUX2,0,0,3,2,8,19,771,-1.1796874999969731e-05,2.394,0.5320000000001528,0.00802
b21_C,_5124_,AND2,0,0,2,4,9,18,768,0.0,1.33,0.26599999999962165,0.00801
b21_C,_5125_,NOR2,0,0,2,2,9,18,769,0.0,1.33,0.5320000000001528,0.00801
b21_C,_5126_,MUX2,0,0,3,3,8,19,860,-1.1796874999969731e-05,2.394,0.5320000000001528,0.00802
b21_C,_5127_,NOR2,0,0,2,2,9,18,769,0.0,1.33,0.5320000000001528,0.00801
b21_C,_5128_,AND2,0,0,2,2,8,21,953,-8.730468750162146e-06,1.33,0.26599999999962165,0.00801
b21_C,_5129_,AND2,0,0,2,2,8,21,953,-1.2617187500119087e-05,1.33,0.26599999999962165,0.00801
b21_C,_5130_,OR2,0,0,2,2,9,20,952,0.0,1.33,0.26599999999962165,0.00802
b21_C,_5131_,AND2,0,0,2,1,10,19,858,0.0,1.33,0.26599999999962165,0.00801
b21_C,_5132_,MUX2,0,0,3,2,8,21,1036,-1.1796874999969731e-05,2.394,0.5320000000001528,0.00802
b21_C,_5133_,AND2,0,0,2,4,9,20,1033,0.0,1.33,0.26599999999962165,0.00801
b21_C,_5134_,NOR2,0,0,2,2,9,20,1034,0.0,1.33,0.5320000000001528,0.00801
b21_C,_5135_,MUX2,0,0,3,3,8,21,1122,-1.1796874999969731e-05,2.394,0.5320000000001528,0.00802
b21_C,_5136_,NOR2,0,0,2,2,9,20,1034,0.0,1.33,0.5320000000001528,0.00801
b21_C,_5137_,AND2,0,0,2,2,7,23,1212,-8.730468750162146e-06,1.33,0.26599999999962165,0.00801
b21_C,_5138_,AND2,0,0,2,2,7,23,1212,-1.2675781249971152e-05,1.33,0.26599999999962165,0.00801
b21_C,_5139_,OR2,0,0,2,2,8,22,1211,0.0,1.33,0.26599999999962165,0.00802
b21_C,_5140_,AND2,0,0,2,1,9,21,1120,0.0,1.33,0.26599999999962165,0.00801
b21_C,_5141_,MUX2,0,0,3,2,7,23,1296,-1.185546875004384e-05,2.394,0.5320000000001528,0.00802
b21_C,_5142_,AND2,0,0,2,4,8,21,1293,0.0,1.33,0.26599999999962165,0.00801
b21_C,_5143_,NOR2,0,0,2,2,8,22,1294,0.0,1.33,0.5320000000001528,0.00801
b21_C,_5144_,MUX2,0,0,3,3,7,23,1384,-1.185546875004384e-05,2.394,0.5320000000001528,0.00802
b21_C,_5145_,NOR2,0,0,2,2,8,22,1294,0.0,1.33,0.5320000000001528,0.00801
b21_C,_5146_,AND2,0,0,2,2,6,25,1474,-8.398437500112266e-06,1.33,0.26599999999962165,0.00801
b21_C,_5147_,AND2,0,0,2,2,7,25,1474,-1.2675781249971152e-05,1.33,0.26599999999962165,0.00801
b21_C,_5148_,OR2,0,0,2,2,8,24,1473,0.0,1.33,0.26599999999962165,0.00802
b21_C,_5149_,AND2,0,0,2,1,9,23,1382,0.0,1.33,0.26599999999962165,0.00801
b21_C,_5150_,MUX2,0,0,3,2,6,25,1555,-1.13085937500923e-05,2.394,0.5320000000001528,0.00802
b21_C,_5151_,AND2,0,0,2,4,7,23,1552,0.0,1.33,0.26599999999962165,0.00801
b21_C,_5152_,NOR2,0,0,2,2,7,24,1553,0.0,1.33,0.5320000000001528,0.00801
b21_C,_5153_,MUX2,0,0,3,3,6,25,1636,-1.13085937500923e-05,2.394,0.5320000000001528,0.00802
b21_C,_5154_,NOR2,0,0,2,2,7,24,1553,0.0,1.33,0.5320000000001528,0.00801
b21_C,_5155_,AND2,0,0,2,2,6,27,1721,-8.398437500112266e-06,1.33,0.26599999999962165,0.00801
b21_C,_5156_,AND2,0,0,2,2,6,27,1721,-1.2050781249994813e-05,1.33,0.26599999999962165,0.00801
b21_C,_5157_,OR2,0,0,2,2,7,26,1720,0.0,1.33,0.26599999999962165,0.00802
b21_C,_5158_,AND2,0,0,2,1,8,25,1634,0.0,1.33,0.26599999999962165,0.00801
b21_C,_5159_,MUX2,0,0,3,2,6,27,1805,-1.13085937500923e-05,2.394,0.5320000000001528,0.00802
b21_C,_5160_,AND2,0,0,2,4,7,26,1802,0.0,1.33,0.26599999999962165,0.00801
b21_C,_5161_,NOR2,0,0,2,2,7,26,1803,0.0,1.33,0.5320000000001528,0.00801
b21_C,_5162_,MUX2,0,0,3,3,6,27,1890,-1.13085937500923e-05,2.394,0.5320000000001528,0.00802
b21_C,_5163_,NOR2,0,0,2,2,7,26,1803,0.0,1.33,0.5320000000001528,0.00801
b21_C,_5164_,AND2,0,0,2,2,5,29,1980,-8.398437500112266e-06,1.33,0.26599999999962165,0.00801
b21_C,_5165_,AND2,0,0,2,2,5,29,1980,-1.1699218749994245e-05,1.33,0.26599999999962165,0.00801
b21_C,_5166_,OR2,0,0,2,2,6,28,1979,0.0,1.33,0.26599999999962165,0.00802
b21_C,_5167_,AND2,0,0,2,1,7,27,1888,0.0,1.33,0.26599999999962165,0.00801
b21_C,_5168_,AOI211,0,58,4,3,9,27,1977,-0.000205566406250135,2.394,1.0640000000003056,0.00802
b21_C,_5170_,NAND2,0,0,2,2,7,26,1803,0.0,1.33,0.5320000000001528,0.00801
b21_C,_5171_,AOI211,0,52,4,3,11,25,1718,-0.0003123046875002089,2.394,1.0640000000003056,0.00802
b21_C,_5173_,NAND2,0,0,2,2,7,24,1553,0.0,1.33,0.5320000000001528,0.00801
b21_C,_5174_,AOI211,0,46,4,3,13,23,1471,-0.0002866406250001674,2.394,1.0640000000003056,0.00802
b21_C,_5176_,NAND2,0,0,2,2,8,22,1294,0.0,1.33,0.5320000000001528,0.00801
b21_C,_5177_,AOI211,0,40,4,3,15,21,1209,-0.00026904296874996625,2.394,1.0640000000003056,0.00802
b21_C,_5179_,NAND2,0,0,2,2,9,20,1034,0.0,1.33,0.5320000000001528,0.00801
b21_C,_5180_,AOI211,0,34,4,3,17,19,950,-0.0002435351562501964,2.394,1.0640000000003056,0.00802
b21_C,_5182_,NAND2,0,0,2,2,9,18,769,0.0,1.33,0.5320000000001528,0.00801
b21_C,_5183_,AOI211,0,28,4,3,19,17,680,-0.00021927734375015717,2.394,1.0640000000003056,0.00802
b21_C,_5185_,NAND2,0,0,2,2,10,16,504,0.0,1.33,0.5320000000001528,0.00801
b21_C,_5186_,AOI211,0,22,4,3,21,15,414,-0.00019429687500016612,2.394,1.0640000000003056,0.00802
b21_C,_5188_,XNOR2,0,1,2,1,23,12,80,-0.0008866406250001013,2.66,1.0640000000003056,0.00802
b21_C,_5189_,AOI211,0,1,4,8,24,11,79,-9.486328125007937e-05,2.394,1.0640000000003056,0.00802
b21_C,_5190_,AOI221,0,0,5,1,25,2,1,-7.343749999999538e-05,2.926,1.3300000000008367,0.00802
b21_C,_5191_,CLKBUF,0,0,1,10,10,18,103,0.0,1.064,0.26600000000053114,0.00802
b21_C,_5192_,AOI222,0,0,6,1,10,13,92,-2.103515625018204e-05,3.724,1.5960000000004584,0.00802
b21_C,_5193_,OAI21,0,1,3,4,18,12,91,1.2226562499995097e-05,1.862,0.7979999999997744,0.00802
b21_C,_5194_,INV,0,0,1,4,19,9,47,-1.7207031250077165e-05,0.798,0.26599999999962165,0.00802
b21_C,_5195_,BUF,0,3,1,10,10,16,685,0.00011498046874991452,1.064,0.26600000000053114,0.00801
b21_C,_5196_,BUF,0,3,1,10,11,15,492,0.00010916015624973241,1.064,0.26600000000053114,0.00801
b21_C,_5197_,BUF,0,3,1,10,12,12,179,0.00010654296874990088,1.064,0.26600000000053114,0.00801
b21_C,_5198_,XOR2,0,2,2,3,23,12,164,-0.0007521289062502046,2.394,0.7980000000006839,0.00802
b21_C,_5199_,NOR2,0,1,2,1,24,11,56,-5.806640624994586e-05,1.33,0.5320000000001528,0.00802
b21_C,_5200_,OR2,0,1,2,3,25,10,55,1.080078124982009e-05,1.33,0.26599999999962165,0.00802
b21_C,_5201_,OR2,0,0,2,5,26,9,45,-7.478515625014559e-05,1.33,0.26599999999962165,0.00802
b21_C,_5202_,BUF,0,0,1,10,10,14,79,0.0,1.064,0.26600000000053114,0.00802
b21_C,_5203_,OAI22,0,0,4,3,27,5,8,0.0,2.394,1.0640000000003056,0.00802
b21_C,_5204_,BUF,0,0,1,10,9,21,113,7.812499980275334e-08,1.064,0.26600000000053114,0.00802
b21_C,_5205_,BUF,0,0,1,10,11,19,137,0.0,1.064,0.26600000000053114,0.00802
b21_C,_5206_,CLKBUF,0,0,1,10,12,13,77,0.0,1.064,0.26600000000053114,0.00801
b21_C,_5207_,BUF,0,1,1,10,19,11,67,3.9316406249989555e-05,1.064,0.26600000000053114,0.00802
b21_C,_5208_,CLKBUF,0,0,1,10,10,22,175,0.0,1.064,0.26600000000053114,0.00802
b21_C,_5209_,CLKBUF,0,0,1,10,11,16,93,0.0,1.064,0.26600000000053114,0.00802
b21_C,_5210_,AOI22,0,0,4,1,25,6,9,-3.4179687500079936e-05,2.394,1.0640000000003056,0.00802
b21_C,_5211_,XNOR2,0,0,2,3,26,5,8,-1.953125017273294e-08,2.66,1.0640000000003056,0.00802
b21_C,_5212_,XOR2,0,0,2,1,28,3,2,0.0,2.394,0.7980000000006839,0.00802
b21_C,_5213_,BUF,0,2,1,10,11,16,482,7.064453124994152e-05,1.064,0.26600000000053114,0.00801
b21_C,_5214_,NOR2,0,0,2,3,12,12,121,-1.8906250000005898e-05,1.33,0.5320000000001528,0.00801
b21_C,_5215_,XOR2,0,0,2,2,11,15,251,0.0,2.394,0.7980000000006839,0.00802
b21_C,_5216_,OR3,0,2,3,2,22,14,249,-9.707031250005826e-05,1.596,0.26599999999962165,0.00802
b21_C,_5217_,OAI21,0,0,3,2,22,14,249,-0.0002563671874999951,1.862,0.7979999999997744,0.00802
b21_C,_5218_,AOI21,0,1,3,3,23,12,121,-1.7968749999930367e-05,1.862,0.7979999999997744,0.00802
b21_C,_5219_,OR3,0,0,3,6,24,11,59,-7.945312500012847e-05,1.596,0.26599999999962165,0.00802
b21_C,_5220_,OAI22,0,0,4,2,25,7,12,-6.093750000157883e-06,2.394,1.0640000000003056,0.00802
b21_C,_5221_,INV,0,0,1,6,20,9,65,-4.7265625000569855e-06,0.798,0.26599999999962165,0.00802
b21_C,_5222_,NOR3,0,0,3,2,24,11,115,-0.0001709765624999804,1.862,0.7979999999997744,0.00802
b21_C,_5223_,BUF,0,0,1,10,25,10,106,0.0,1.064,0.26600000000053114,0.00802
b21_C,_5224_,AOI22,0,0,4,1,26,8,13,0.0,2.394,1.0640000000003056,0.00802
b21_C,_5225_,XNOR2,0,0,2,2,27,7,12,-1.953125017273294e-08,2.66,1.0640000000003056,0.00802
b21_C,_5226_,NOR2,0,0,2,2,28,5,9,0.0,1.33,0.5320000000001528,0.00802
b21_C,_5227_,XNOR2,0,1,2,3,15,15,129,-5.140625000010779e-05,2.66,1.0640000000003056,0.00801
b21_C,_5228_,AOI22,0,1,4,1,16,14,127,-6.093750000157883e-06,2.394,1.0640000000003056,0.00802
b21_C,_5229_,AOI22,0,0,4,1,10,14,127,-2.189453125001073e-05,2.394,1.0640000000003056,0.00802
b21_C,_5230_,NAND2,0,1,2,3,17,13,126,-5.6835937500832046e-06,1.33,0.5320000000001528,0.00802
b21_C,_5231_,BUF,0,1,1,10,18,12,84,2.210937499991239e-05,1.064,0.26600000000053114,0.00802
b21_C,_5232_,NOR2,0,0,2,1,11,13,94,-1.9667968750081144e-05,1.33,0.5320000000001528,0.00801
b21_C,_5233_,AOI21,0,2,3,2,21,14,301,-0.0006665039062501155,1.862,0.7979999999997744,0.00802
b21_C,_5234_,NOR2,0,0,2,2,11,14,301,0.0,1.33,0.5320000000001528,0.00802
b21_C,_5235_,XNOR2,0,0,2,2,22,13,226,-3.648437500003432e-05,2.66,1.0640000000003056,0.00802
b21_C,_5236_,AOI211,0,0,4,7,23,12,93,-0.0001588281250000101,2.394,1.0640000000003056,0.00802
b21_C,_5237_,AOI22,0,0,4,3,24,7,15,-5.23437500010715e-06,2.394,1.0640000000003056,0.00802
b21_C,_5238_,BUF,0,0,1,10,10,20,105,-3.1250000009919177e-07,1.064,0.26600000000053114,0.00802
b21_C,_5239_,AOI22,0,0,4,1,24,8,16,-5.23437500010715e-06,2.394,1.0640000000003056,0.00802
b21_C,_5240_,XNOR2,0,0,2,3,25,7,15,0.0,2.66,1.0640000000003056,0.00802
b21_C,_5241_,NOR2,0,0,2,1,26,6,9,-7.812500002479794e-08,1.33,0.5320000000001528,0.00802
b21_C,_5242_,BUF,0,0,1,10,8,20,491,0.0,1.064,0.26600000000053114,0.00802
b21_C,_5243_,OR2,0,0,2,2,12,15,176,-8.398437500112266e-06,1.33,0.26599999999962165,0.00801
b21_C,_5244_,XOR2,0,0,2,1,10,16,349,0.0,2.394,0.7980000000006839,0.00802
b21_C,_5245_,XNOR2,0,2,2,3,21,15,348,-0.0008229882812502698,2.66,1.0640000000003056,0.00802
b21_C,_5246_,OAI211,0,0,4,5,22,14,173,-4.7558593750052225e-05,2.394,1.0640000000003056,0.00802
b21_C,_5247_,BUF,0,0,1,10,23,13,157,1.2304687500019895e-06,1.064,0.26600000000053114,0.00802
b21_C,_5248_,NOR2,0,0,2,1,24,9,21,-5.664062501242739e-07,1.33,0.5320000000001528,0.00802
b21_C,_5249_,AOI22,0,1,4,2,10,14,150,3.1054687499310063e-06,2.394,1.0640000000003056,0.00802
b21_C,_5250_,NAND2,0,0,2,1,14,16,154,-8.310546875001101e-05,1.33,0.5320000000001528,0.00801
b21_C,_5251_,XNOR2,0,0,2,3,15,15,153,0.0,2.66,1.0640000000003056,0.00801
b21_C,_5252_,NAND2,0,0,2,2,16,14,150,-5.332031250082636e-06,1.33,0.5320000000001528,0.00802
b21_C,_5253_,NAND2,0,0,2,2,10,14,150,-1.5507812499926388e-05,1.33,0.5320000000001528,0.00801
b21_C,_5254_,NAND3,0,1,3,9,17,13,119,6.6796875000108e-06,1.862,0.7979999999997744,0.00802
b21_C,_5255_,AOI21,0,0,3,3,25,8,20,-9.68749999996632e-06,1.862,0.7979999999997744,0.00802
b21_C,_5256_,AND3,0,0,3,7,17,11,79,-1.00195312500162e-05,1.596,0.26599999999962165,0.00802
b21_C,_5257_,OAI22,0,0,4,1,24,10,22,-0.00014656250000011362,2.394,1.0640000000003056,0.00802
b21_C,_5258_,XNOR2,0,0,2,2,25,9,21,1.9531249950688334e-08,2.66,1.0640000000003056,0.00802
b21_C,_5259_,INV,0,0,1,2,26,8,16,-1.9531249950688334e-08,0.798,0.26599999999962165,0.00802
b21_C,_5260_,NOR2,0,0,2,2,27,7,14,-1.9531249950688334e-08,1.33,0.5320000000001528,0.00802
b21_C,_5261_,NAND2,0,0,2,2,10,16,168,-9.570312500040146e-06,1.33,0.5320000000001528,0.00801
b21_C,_5262_,NAND2,0,0,2,2,10,16,168,-1.5625000004959588e-07,1.33,0.5320000000001528,0.00801
b21_C,_5263_,XOR2,0,0,2,3,14,17,170,-9.414062500012754e-05,2.394,0.7980000000006839,0.00801
b21_C,_5264_,NAND2,0,0,2,2,15,16,168,-5.332031250082636e-06,1.33,0.5320000000001528,0.00802
b21_C,_5265_,NAND2,0,0,2,2,10,16,168,-1.546875000002501e-05,1.33,0.5320000000001528,0.00801
b21_C,_5266_,AND4,0,0,4,1,16,15,131,0.0,1.862,0.26600000000053114,0.00802
b21_C,_5267_,BUF,0,0,1,10,17,14,130,0.0,1.064,0.26600000000053114,0.00802
b21_C,_5268_,NOR2,0,0,2,3,11,14,197,-1.9648437500130456e-05,1.33,0.5320000000001528,0.00801
b21_C,_5269_,XNOR2,0,0,2,2,10,16,391,0.0,2.66,1.0640000000003056,0.00802
b21_C,_5270_,OAI21,0,0,3,2,20,15,389,-0.0003230664062501276,1.862,0.7979999999997744,0.00802
b21_C,_5271_,OR3,0,2,3,2,20,15,389,-0.00013654296875009742,1.596,0.26599999999962165,0.00802
b21_C,_5272_,AND3,0,1,3,3,21,14,197,-5.117187500180975e-06,1.596,0.26599999999962165,0.00802
b21_C,_5273_,OR3,0,0,3,6,22,13,134,-7.326171875021714e-05,1.596,0.26599999999962165,0.00802
b21_C,_5274_,OAI22,0,0,4,3,23,9,25,-3.906250012342127e-08,2.394,1.0640000000003056,0.00802
b21_C,_5275_,NAND4,0,0,4,6,16,13,131,7.2460937499130296e-06,2.394,1.0640000000003056,0.00802
b21_C,_5276_,NOR3,0,0,3,8,22,13,160,-0.00015019531250004547,1.862,0.7979999999997744,0.00802
b21_C,_5277_,AOI22,0,0,4,1,23,10,26,-1.5449218750074323e-05,2.394,1.0640000000003056,0.00802
b21_C,_5278_,XNOR2,0,0,2,3,24,9,25,-1.953125017273294e-08,2.66,1.0640000000003056,0.00802
b21_C,_5279_,NOR2,0,0,2,2,25,8,19,0.0,1.33,0.5320000000001528,0.00802
b21_C,_5280_,AOI22,0,0,4,2,10,16,190,-4.589843749958078e-06,2.394,1.0640000000003056,0.00802
b21_C,_5281_,XNOR2,0,0,2,3,13,17,196,-6.541015625005642e-05,2.66,1.0640000000003056,0.00801
b21_C,_5282_,NAND2,0,0,2,2,14,16,190,-5.332031250082636e-06,1.33,0.5320000000001528,0.00802
b21_C,_5283_,NAND2,0,0,2,2,10,16,190,-1.5507812499926388e-05,1.33,0.5320000000001528,0.00801
b21_C,_5284_,AND3,0,0,3,8,15,15,149,-9.042968750039293e-06,1.596,0.26599999999962165,0.00802
b21_C,_5285_,NOR2,0,0,2,2,16,11,28,0.0,1.33,0.5320000000001528,0.00802
b21_C,_5286_,OR2,0,0,2,2,11,15,138,-8.710937499989413e-06,1.33,0.26599999999962165,0.00801
b21_C,_5287_,AOI21,0,2,3,2,19,17,439,-0.0008133593750001555,1.862,0.7979999999997744,0.00802
b21_C,_5288_,NOR2,0,0,2,2,10,17,439,0.0,1.33,0.5320000000001528,0.00802
b21_C,_5289_,XOR2,0,2,2,4,20,15,355,-2.162109375003496e-05,2.394,0.7980000000006839,0.00802
b21_C,_5290_,OAI211,0,0,4,4,21,14,135,-3.8750000000087326e-05,2.394,1.0640000000003056,0.00802
b21_C,_5291_,NOR2,0,0,2,2,22,11,28,0.0,1.33,0.5320000000001528,0.00802
b21_C,_5292_,NAND3,0,0,3,8,15,13,159,0.0,1.862,0.7979999999997744,0.00802
b21_C,_5293_,NOR2,0,0,2,1,11,16,212,-1.9667968750081144e-05,1.33,0.5320000000001528,0.00801
b21_C,_5294_,XNOR2,0,0,2,1,20,16,212,-3.644531250013294e-05,2.66,1.0640000000003056,0.00802
b21_C,_5295_,AOI211,0,0,4,2,21,15,211,-0.00015398437500002693,2.394,1.0640000000003056,0.00802
b21_C,_5296_,BUF,0,0,1,10,22,14,209,0.0,1.064,0.26600000000053114,0.00802
b21_C,_5297_,AOI22,0,0,4,1,23,11,29,-1.0566406249967741e-05,2.394,1.0640000000003056,0.00802
b21_C,_5298_,XNOR2,0,0,2,3,24,10,28,0.0,2.66,1.0640000000003056,0.00802
b21_C,_5299_,INV,0,0,1,1,25,9,23,0.0,0.798,0.26599999999962165,0.00802
b21_C,_5300_,NOR2,0,0,2,2,23,10,27,0.0,1.33,0.5320000000001528,0.00802
b21_C,_5301_,NOR2,0,0,2,1,25,9,23,-1.953125017273294e-08,1.33,0.5320000000001528,0.00802
b21_C,_5302_,NAND2,0,0,2,2,9,17,212,-1.9531249950688334e-08,1.33,0.5320000000001528,0.00801
b21_C,_5303_,NAND2,0,0,2,2,9,17,212,-1.7539062500127045e-05,1.33,0.5320000000001528,0.00801
b21_C,_5304_,NAND2,0,0,2,1,12,19,217,-8.296875000013415e-05,1.33,0.5320000000001528,0.00801
b21_C,_5305_,XNOR2,0,0,2,3,13,18,216,0.0,2.66,1.0640000000003056,0.00801
b21_C,_5306_,NAND2,0,0,2,2,14,17,212,-5.332031250082636e-06,1.33,0.5320000000001528,0.00802
b21_C,_5307_,NAND2,0,0,2,2,9,17,212,-1.0253906250090594e-05,1.33,0.5320000000001528,0.00801
b21_C,_5308_,AND4,0,0,4,2,15,16,202,0.0,1.862,0.26600000000053114,0.00802
b21_C,_5309_,CLKBUF,0,0,1,10,16,15,200,0.0,1.064,0.26600000000053114,0.00802
b21_C,_5310_,OR2,0,0,2,3,10,16,242,-8.398437500112266e-06,1.33,0.26599999999962165,0.00801
b21_C,_5311_,XOR2,0,0,2,1,9,17,482,0.0,2.394,0.7980000000006839,0.00802
b21_C,_5312_,XNOR2,0,2,2,5,19,16,481,-0.0009804882812500804,2.66,1.0640000000003056,0.00802
b21_C,_5313_,OAI211,0,0,4,10,20,15,232,-4.417968750014545e-05,2.394,1.0640000000003056,0.00802
b21_C,_5314_,OAI22,0,0,4,2,21,11,34,-3.5156250000056843e-07,2.394,1.0640000000003056,0.00802
b21_C,_5315_,OAI22,0,0,4,1,21,12,35,-0.00014642578125023675,2.394,1.0640000000003056,0.00802
b21_C,_5316_,XNOR2,0,0,2,2,22,11,34,0.0,2.66,1.0640000000003056,0.00802
b21_C,_5317_,NAND2,0,0,2,1,23,10,31,0.0,1.33,0.5320000000001528,0.00802
b21_C,_5318_,INV,0,0,1,3,24,9,30,0.0,0.798,0.26599999999962165,0.00802
b21_C,_5319_,NOR2,0,0,2,2,23,10,31,0.0,1.33,0.5320000000001528,0.00802
b21_C,_5320_,NAND2,0,0,2,2,9,17,228,-1.9531249950688334e-08,1.33,0.5320000000001528,0.00801
b21_C,_5321_,XOR2,0,0,2,3,12,18,233,-9.400390625002863e-05,2.394,0.7980000000006839,0.00801
b21_C,_5322_,NAND2,0,0,2,2,13,17,228,-5.371093749984013e-06,1.33,0.5320000000001528,0.00802
b21_C,_5323_,NAND2,0,0,2,2,9,17,228,-1.0253906250090594e-05,1.33,0.5320000000001528,0.00801
b21_C,_5324_,NAND2,0,0,2,2,9,17,228,-1.7539062500127045e-05,1.33,0.5320000000001528,0.00801
b21_C,_5325_,AND4,0,0,4,9,14,15,184,2.4667968749891855e-05,1.862,0.26600000000053114,0.00802
b21_C,_5326_,NOR2,0,0,2,3,10,17,268,-1.894531250012932e-05,1.33,0.5320000000001528,0.00801
b21_C,_5327_,XNOR2,0,0,2,2,10,19,534,0.0,2.66,1.0640000000003056,0.00802
b21_C,_5328_,OAI21,0,0,3,2,18,18,532,-0.0003894140625000375,1.862,0.7979999999997744,0.00802
b21_C,_5330_,AND3,0,1,3,3,19,17,268,-6.40625000003503e-06,1.596,0.26599999999962165,0.00802
b21_C,_5329_,OR3,0,2,3,2,18,18,532,-0.00017343749999998437,1.596,0.26599999999962165,0.00802
b21_C,_5331_,OR3,0,0,3,1,20,16,254,-7.353515625019291e-05,1.596,0.26599999999962165,0.00802
b21_C,_5333_,OAI22,0,0,4,2,22,11,37,-1.9921875000106226e-05,2.394,1.0640000000003056,0.00802
b21_C,_5332_,BUF,0,0,1,9,21,15,253,0.0,1.064,0.26600000000053114,0.00802
b21_C,_5334_,NAND4,0,0,4,8,14,16,170,-3.906250012342127e-08,2.394,1.0640000000003056,0.00802
b21_C,_5335_,NOR3,0,0,3,7,20,15,97,-0.00015044921875007056,1.862,0.7979999999997744,0.00802
b21_C,_5336_,AOI22,0,0,4,1,21,12,38,0.0,2.394,1.0640000000003056,0.00802
b21_C,_5337_,XNOR2,0,0,2,2,22,11,37,-1.953125017273294e-08,2.66,1.0640000000003056,0.00802
b21_C,_5338_,NOR2,0,0,2,3,23,10,34,-1.953125017273294e-08,1.33,0.5320000000001528,0.00802
b21_C,_5339_,NAND2,0,0,2,2,9,17,245,-1.7539062500127045e-05,1.33,0.5320000000001528,0.00801
b21_C,_5340_,NAND2,0,0,2,2,9,17,245,-1.0253906250090594e-05,1.33,0.5320000000001528,0.00801
b21_C,_5341_,XNOR2,0,0,2,1,11,19,249,-6.548828125008122e-05,2.66,1.0640000000003056,0.00801
b21_C,_5342_,INV,0,0,1,3,12,18,248,0.0,0.798,0.26599999999962165,0.00801
b21_C,_5343_,AOI22,0,1,4,2,13,17,245,9.02343749986656e-06,2.394,1.0640000000003056,0.00802
b21_C,_5344_,NAND3,0,1,3,5,14,16,216,5.078125000057554e-06,1.862,0.7979999999997744,0.00802
b21_C,_5345_,BUF,0,1,1,10,15,15,167,2.1035156249959996e-05,1.064,0.26600000000053114,0.00802
b21_C,_5346_,NOR2,0,0,2,2,9,18,285,-1.894531250012932e-05,1.33,0.5320000000001528,0.00801
b21_C,_5347_,AOI21,0,2,3,2,17,19,569,-0.0009626367187500762,1.862,0.7979999999997744,0.00802
b21_C,_5348_,NOR2,0,0,2,2,10,19,569,1.7578125000028422e-07,1.33,0.5320000000001528,0.00802
b21_C,_5349_,XNOR2,0,1,2,2,18,18,285,-2.4296875000162643e-05,2.66,1.0640000000003056,0.00802
b21_C,_5350_,AOI211,0,0,4,2,19,17,282,-0.00016044921875013607,2.394,1.0640000000003056,0.00802
b21_C,_5351_,NOR2,0,0,2,2,9,17,282,-3.906250012342127e-08,1.33,0.5320000000001528,0.00802
b21_C,_5352_,OR2,0,0,2,1,20,16,176,0.0,1.33,0.26599999999962165,0.00802
b21_C,_5353_,BUF,0,0,1,10,21,15,175,0.0,1.064,0.26600000000053114,0.00802
b21_C,_5354_,AOI22,0,0,4,3,22,12,39,-5.000000000032756e-06,2.394,1.0640000000003056,0.00802
b21_C,_5355_,AOI22,0,0,4,1,22,13,40,-5.000000000032756e-06,2.394,1.0640000000003056,0.00802
b21_C,_5356_,XNOR2,0,0,2,3,23,12,39,0.0,2.66,1.0640000000003056,0.00802
b21_C,_5357_,NAND2,0,0,2,1,24,11,34,0.0,1.33,0.5320000000001528,0.00802
b21_C,_5358_,NAND2,0,0,2,1,10,20,265,-8.25976562501829e-05,1.33,0.5320000000001528,0.00801
b21_C,_5359_,XNOR2,0,0,2,3,11,19,264,0.0,2.66,1.0640000000003056,0.00801
b21_C,_5360_,AOI22,0,0,4,2,12,18,261,-1.5292968750024727e-05,2.394,1.0640000000003056,0.00802
b21_C,_5361_,AOI22,0,0,4,2,9,18,261,-1.4511718749998792e-05,2.394,1.0640000000003056,0.00802
b21_C,_5362_,AND2,0,0,2,7,13,16,236,-3.906250012342127e-08,1.33,0.26599999999962165,0.00802
b21_C,_5363_,OR2,0,0,2,2,9,18,308,-8.398437500112266e-06,1.33,0.26599999999962165,0.00801
b21_C,_5364_,XOR2,0,0,2,1,9,19,613,0.0,2.394,0.7980000000006839,0.00802
b21_C,_5365_,XNOR2,0,2,2,3,17,18,612,-0.0011774804687501028,2.66,1.0640000000003056,0.00802
b21_C,_5366_,OAI211,0,0,4,3,18,17,305,-4.527343750004853e-05,2.394,1.0640000000003056,0.00802
b21_C,_5367_,NAND2,0,0,2,2,4,21,389,-0.0009109570312499926,1.33,0.5320000000001528,0.00801
b21_C,_5368_,OAI21,0,0,3,1,5,19,327,0.0,1.862,0.7979999999997744,0.00801
b21_C,_5369_,XNOR2,0,0,2,8,6,18,326,6.2890624998868105e-06,2.66,1.0640000000003056,0.00802
b21_C,_5370_,NAND2,0,0,2,3,10,17,305,-0.0001313085937502123,1.33,0.5320000000001528,0.00802
b21_C,_5371_,AND2,0,0,2,7,19,16,194,0.0,1.33,0.26599999999962165,0.00802
b21_C,_5372_,OAI22,0,0,4,3,20,13,42,0.0,2.394,1.0640000000003056,0.00802
b21_C,_5373_,NAND2,0,0,2,8,13,17,198,4.492187497540101e-07,1.33,0.5320000000001528,0.00802
b21_C,_5374_,NAND2,0,0,2,6,19,16,257,0.0,1.33,0.5320000000001528,0.00802
b21_C,_5375_,AOI22,0,0,4,1,20,14,43,-1.5625000004959588e-07,2.394,1.0640000000003056,0.00802
b21_C,_5376_,XNOR2,0,0,2,3,21,13,42,-1.953125017273294e-08,2.66,1.0640000000003056,0.00802
b21_C,_5377_,NOR2,0,0,2,1,22,12,37,0.0,1.33,0.5320000000001528,0.00802
b21_C,_5378_,XNOR2,0,0,2,3,10,21,282,-0.0001033203125000437,2.66,1.0640000000003056,0.00801
b21_C,_5379_,NOR2,0,0,2,1,11,20,281,-9.375000000755307e-07,1.33,0.5320000000001528,0.00801
b21_C,_5380_,AOI21,0,0,3,2,12,19,280,-1.9531249950688334e-08,1.862,0.7979999999997744,0.00802
b21_C,_5381_,AOI22,0,0,4,2,9,19,280,-2.400390625001414e-05,2.394,1.0640000000003056,0.00802
b21_C,_5382_,AND2,0,0,2,6,13,17,190,0.0,1.33,0.26599999999962165,0.00802
b21_C,_5383_,NOR2,0,0,2,2,14,15,47,0.0,1.33,0.5320000000001528,0.00802
b21_C,_5384_,NOR2,0,0,2,2,9,18,198,-1.894531250012932e-05,1.33,0.5320000000001528,0.00801
b21_C,_5385_,XOR2,0,0,2,2,9,21,661,0.0,2.394,0.7980000000006839,0.00802
b21_C,_5386_,OR3,0,2,3,2,16,20,659,-0.00021109374999994657,1.596,0.26599999999962165,0.00802
b21_C,_5387_,OAI21,0,0,3,2,16,20,659,-0.00045587890625009564,1.862,0.7979999999997744,0.00802
b21_C,_5388_,AOI21,0,1,3,2,17,18,198,-2.4863281250064873e-05,1.862,0.7979999999997744,0.00802
b21_C,_5389_,NOR3,0,0,3,3,18,17,195,-0.00016570312499997186,1.862,0.7979999999997744,0.00802
b21_C,_5390_,NAND2,0,0,2,1,5,20,358,0.0,1.33,0.5320000000001528,0.00801
b21_C,_5391_,XNOR2,0,0,2,9,6,19,357,0.0,2.66,1.0640000000003056,0.00802
b21_C,_5392_,AND2,0,0,2,3,10,17,195,-6.595703125000796e-05,1.33,0.26599999999962165,0.00802
b21_C,_5393_,NOR2,0,0,2,3,19,16,73,0.0,1.33,0.5320000000001528,0.00802
b21_C,_5394_,NOR2,0,0,2,2,20,15,47,0.0,1.33,0.5320000000001528,0.00802
b21_C,_5395_,NAND2,0,0,2,3,13,18,270,0.0,1.33,0.5320000000001528,0.00802
b21_C,_5396_,BUF,0,0,1,10,14,17,218,0.0,1.064,0.26600000000053114,0.00802
b21_C,_5397_,AND2,0,0,2,1,10,19,281,-1.2597656250168399e-05,1.33,0.26599999999962165,0.00801
b21_C,_5398_,AND2,0,1,2,2,17,19,606,-1.1523437499771916e-06,1.33,0.26599999999962165,0.00802
b21_C,_5399_,AOI211,0,0,4,2,18,18,280,-0.0001587890625001087,2.394,1.0640000000003056,0.00802
b21_C,_5400_,NOR2,0,0,2,2,9,18,280,-3.906250012342127e-08,1.33,0.5320000000001528,0.00802
b21_C,_5401_,NOR2,0,0,2,2,19,17,277,1.9531249950688334e-08,1.33,0.5320000000001528,0.00802
b21_C,_5402_,AOI22,0,0,4,2,20,15,48,0.0,2.394,1.0640000000003056,0.00802
b21_C,_5403_,XNOR2,0,0,2,2,21,13,45,-1.953125017273294e-08,2.66,1.0640000000003056,0.00802
b21_C,_5404_,NOR2,0,0,2,2,21,14,46,0.0,1.33,0.5320000000001528,0.00802
b21_C,_5405_,XNOR2,0,0,2,1,21,14,41,0.0,2.66,1.0640000000003056,0.00802
b21_C,_5406_,NOR2,0,0,2,1,22,13,40,0.0,1.33,0.5320000000001528,0.00802
b21_C,_5407_,AND2,0,0,2,4,9,19,299,-7.148437500159588e-06,1.33,0.26599999999962165,0.00801
b21_C,_5408_,NAND2,0,0,2,1,9,20,300,-1.0253906250090594e-05,1.33,0.5320000000001528,0.00801
b21_C,_5409_,XNOR2,0,0,2,3,9,21,303,-6.539062500010573e-05,2.66,1.0640000000003056,0.00801
b21_C,_5410_,AOI22,0,0,4,1,10,20,300,-4.7265625000569855e-06,2.394,1.0640000000003056,0.00802
b21_C,_5411_,NAND2,0,0,2,4,11,19,299,0.0,1.33,0.5320000000001528,0.00802
b21_C,_5412_,OR2,0,0,2,7,12,18,106,0.0,1.33,0.26599999999962165,0.00802
b21_C,_5414_,AOI21,0,2,3,2,15,20,700,-0.0011094140625000914,1.862,0.7979999999997744,0.00802
b21_C,_5413_,OR2,0,0,2,1,8,19,280,-8.730468750162146e-06,1.33,0.26599999999962165,0.00801
b21_C,_5415_,NOR2,0,0,2,2,9,20,700,0.0,1.33,0.5320000000001528,0.00802
b21_C,_5416_,XOR2,0,1,2,2,16,19,625,-3.80273437501355e-05,2.394,0.7980000000006839,0.00802
b21_C,_5417_,OAI211,0,0,4,2,17,18,279,-3.128906250005059e-05,2.394,1.0640000000003056,0.00802
b21_C,_5418_,NAND3,0,0,3,2,4,22,446,-0.0008720703125000284,1.862,0.7979999999997744,0.00801
b21_C,_5420_,XNOR2,0,0,2,10,6,19,382,2.1855468749887308e-05,2.66,1.0640000000003056,0.00802
b21_C,_5419_,OAI21,0,0,3,1,5,20,383,1.9531249950688334e-08,1.862,0.7979999999997744,0.00801
b21_C,_5421_,NAND2,0,0,2,2,10,18,279,-0.00013449218750016811,1.33,0.5320000000001528,0.00802
b21_C,_5422_,NAND2,0,0,2,8,18,17,277,0.0,1.33,0.5320000000001528,0.00802
b21_C,_5423_,AOI22,0,0,4,2,19,15,51,0.0,2.394,1.0640000000003056,0.00802
b21_C,_5424_,AOI22,0,0,4,1,19,16,52,0.0,2.394,1.0640000000003056,0.00802
b21_C,_5425_,XNOR2,0,0,2,2,20,15,51,0.0,2.66,1.0640000000003056,0.00802
b21_C,_5426_,NOR2,0,0,2,4,21,13,48,0.0,1.33,0.5320000000001528,0.00802
b21_C,_5427_,AND2,0,0,2,2,21,14,49,0.0,1.33,0.26599999999962165,0.00802
b21_C,_5428_,NAND2,0,0,2,1,8,24,326,-8.296875000013415e-05,1.33,0.5320000000001528,0.00801
b21_C,_5429_,XOR2,0,0,2,2,9,23,325,0.0,2.394,0.7980000000006839,0.00801
b21_C,_5430_,INV,0,0,1,2,10,22,322,0.0,0.798,0.26599999999962165,0.00801
b21_C,_5431_,AOI22,0,0,4,2,11,21,320,-4.7265625000569855e-06,2.394,1.0640000000003056,0.00802
b21_C,_5432_,AOI22,0,0,4,2,9,21,320,-2.400390625001414e-05,2.394,1.0640000000003056,0.00802
b21_C,_5433_,AND2,0,0,2,1,12,20,307,0.0,1.33,0.26599999999962165,0.00802
b21_C,_5434_,BUF,0,0,1,10,13,19,306,0.0,1.064,0.26600000000053114,0.00802
b21_C,_5435_,NOR2,0,0,2,2,8,20,379,-1.970703124998252e-05,1.33,0.5320000000001528,0.00801
b21_C,_5436_,XNOR2,0,0,2,1,8,21,747,0.0,2.66,1.0640000000003056,0.00802
b21_C,_5437_,XNOR2,0,2,2,3,15,20,746,-0.0013491992187502078,2.66,1.0640000000003056,0.00802
b21_C,_5438_,AOI211,0,0,4,2,16,19,376,-0.00017425781250013372,2.394,1.0640000000003056,0.00802
b21_C,_5439_,NAND2,0,0,2,1,5,21,417,0.0,1.33,0.5320000000001528,0.00801
b21_C,_5440_,XNOR2,0,0,2,9,6,20,416,2.4687499999842544e-05,2.66,1.0640000000003056,0.00802
b21_C,_5441_,AND2,0,0,2,2,9,19,376,-6.859375000001222e-05,1.33,0.26599999999962165,0.00802
b21_C,_5442_,NOR2,0,0,2,6,17,18,322,3.906249990137667e-08,1.33,0.5320000000001528,0.00802
b21_C,_5443_,OAI22,0,0,4,3,18,15,55,0.0,2.394,1.0640000000003056,0.00802
b21_C,_5444_,NAND2,0,0,2,6,12,18,109,0.0,1.33,0.5320000000001528,0.00802
b21_C,_5445_,OR2,0,0,2,8,17,18,244,0.0,1.33,0.26599999999962165,0.00802
b21_C,_5446_,AOI22,0,0,4,1,18,16,56,0.0,2.394,1.0640000000003056,0.00802
b21_C,_5447_,XNOR2,0,0,2,3,19,15,55,-1.953125017273294e-08,2.66,1.0640000000003056,0.00802
b21_C,_5448_,NOR2,0,0,2,2,20,14,49,-9.765625019753088e-08,1.33,0.5320000000001528,0.00802
b21_C,_5449_,NAND2,0,0,2,2,9,21,339,-1.9531249950688334e-08,1.33,0.5320000000001528,0.00801
b21_C,_5450_,NAND2,0,0,2,2,9,21,339,-1.0253906250090594e-05,1.33,0.5320000000001528,0.00801
b21_C,_5451_,NAND2,0,0,2,2,9,21,339,-1.7539062500127045e-05,1.33,0.5320000000001528,0.00801
b21_C,_5452_,XOR2,0,0,2,3,8,22,343,-9.398437500007795e-05,2.394,0.7980000000006839,0.00801
b21_C,_5453_,NAND2,0,0,2,2,9,21,339,-4.765624999958362e-06,1.33,0.5320000000001528,0.00802
b21_C,_5454_,NAND4,0,0,4,3,10,20,327,0.0,2.394,1.0640000000003056,0.00802
b21_C,_5455_,BUF,0,0,1,10,11,19,261,0.0,1.064,0.26600000000053114,0.00802
b21_C,_5456_,OR2,0,0,2,3,8,20,400,-8.730468750162146e-06,1.33,0.26599999999962165,0.00801
b21_C,_5457_,XNOR2,0,0,2,2,9,22,792,0.0,2.66,1.0640000000003056,0.00802
b21_C,_5458_,OAI21,0,0,3,2,14,21,790,-0.0005222070312500549,1.862,0.7979999999997744,0.00802
b21_C,_5459_,OR3,0,2,3,2,14,21,790,-0.00025460937499999226,1.596,0.26599999999962165,0.00802
b21_C,_5460_,NAND3,0,1,3,3,15,20,400,-2.701171874996966e-05,1.862,0.7979999999997744,0.00802
b21_C,_5461_,NAND3,0,0,3,2,16,19,243,-1.0195312500016485e-05,1.862,0.7979999999997744,0.00802
b21_C,_5462_,NAND2,0,0,2,3,4,24,557,-0.0009109570312499926,1.33,0.5320000000001528,0.00801
b21_C,_5464_,OAI21,0,0,3,1,5,21,444,0.0,1.862,0.7979999999997744,0.00801
b21_C,_5463_,OR2,0,0,2,1,1,22,445,0.0,1.33,0.26599999999962165,0.00801
b21_C,_5465_,XNOR2,0,0,2,10,6,20,443,7.2460937499130296e-06,2.66,1.0640000000003056,0.00802
b21_C,_5466_,NAND2,0,0,2,2,10,19,243,-0.00013148437499999055,1.33,0.5320000000001528,0.00802
b21_C,_5467_,NAND2,0,0,2,5,17,18,91,0.0,1.33,0.5320000000001528,0.00802
b21_C,_5468_,AOI22,0,0,4,2,18,16,60,0.0,2.394,1.0640000000003056,0.00802
b21_C,_5469_,AOI22,0,0,4,1,18,17,61,0.0,2.394,1.0640000000003056,0.00802
b21_C,_5470_,XNOR2,0,0,2,2,19,16,60,0.0,2.66,1.0640000000003056,0.00802
b21_C,_5471_,NAND2,0,0,2,2,20,15,58,0.0,1.33,0.5320000000001528,0.00802
b21_C,_5472_,AND2,0,0,2,3,9,21,356,-7.148437500159588e-06,1.33,0.26599999999962165,0.00801
b21_C,_5473_,AOI22,0,0,4,1,9,22,357,-8.535156249989129e-06,2.394,1.0640000000003056,0.00802
b21_C,_5474_,XNOR2,0,0,2,3,7,23,360,-6.541015625005642e-05,2.66,1.0640000000003056,0.00801
b21_C,_5475_,NAND2,0,0,2,1,8,22,357,-4.765624999958362e-06,1.33,0.5320000000001528,0.00802
b21_C,_5476_,NAND2,0,0,2,3,10,21,356,0.0,1.33,0.5320000000001528,0.00802
b21_C,_5477_,NOR2,0,0,2,8,11,20,298,0.0,1.33,0.5320000000001528,0.00802
b21_C,_5478_,OR2,0,0,2,2,7,21,419,-8.730468750162146e-06,1.33,0.26599999999962165,0.00801
b21_C,_5479_,AOI21,0,2,3,1,13,22,832,-0.001270214843750006,1.862,0.7979999999997744,0.00802
b21_C,_5480_,NOR2,0,0,2,1,8,22,832,0.0,1.33,0.5320000000001528,0.00802
b21_C,_5481_,XOR2,0,2,2,3,14,21,831,-3.337890625010331e-05,2.394,0.7980000000006839,0.00802
b21_C,_5482_,OAI211,0,0,4,4,15,20,416,-3.707031250010928e-05,2.394,1.0640000000003056,0.00802
b21_C,_5483_,OAI21,0,0,3,1,5,22,471,0.0,1.862,0.7979999999997744,0.00801
b21_C,_5484_,XNOR2,0,0,2,9,6,21,470,9.765624997548628e-08,2.66,1.0640000000003056,0.00802
b21_C,_5485_,NAND2,0,0,2,4,9,20,416,-0.00012999999999996348,1.33,0.5320000000001528,0.00802
b21_C,_5486_,AND2,0,0,2,4,16,19,231,0.0,1.33,0.26599999999962165,0.00802
b21_C,_5487_,OAI22,0,0,4,3,17,17,63,0.0,2.394,1.0640000000003056,0.00802
b21_C,_5488_,OR2,0,0,2,7,11,20,258,0.0,1.33,0.26599999999962165,0.00802
b21_C,_5489_,NAND2,0,0,2,9,16,19,362,0.0,1.33,0.5320000000001528,0.00802
b21_C,_5490_,AOI22,0,0,4,1,17,18,64,-1.9531250017301716e-07,2.394,1.0640000000003056,0.00802
b21_C,_5491_,XNOR2,0,0,2,3,18,17,63,-1.953125017273294e-08,2.66,1.0640000000003056,0.00802
b21_C,_5492_,NAND2,0,0,2,1,19,16,57,0.0,1.33,0.5320000000001528,0.00802
b21_C,_5493_,NAND2,0,0,2,2,8,22,376,-1.8183593750054072e-05,1.33,0.5320000000001528,0.00801
b21_C,_5494_,NAND2,0,0,2,1,6,24,379,-8.296875000013415e-05,1.33,0.5320000000001528,0.00801
b21_C,_5495_,XNOR2,0,0,2,3,7,23,378,0.0,2.66,1.0640000000003056,0.00801
b21_C,_5496_,NAND2,0,0,2,2,8,22,376,-4.765624999958362e-06,1.33,0.5320000000001528,0.00802
b21_C,_5497_,NAND2,0,0,2,2,8,22,376,-0.0003974609375001492,1.33,0.5320000000001528,0.00801
b21_C,_5498_,NAND2,0,0,2,2,8,22,376,0.0,1.33,0.5320000000001528,0.00801
b21_C,_5499_,AND4,0,0,4,6,9,21,355,1.9531249950688334e-08,1.862,0.26600000000053114,0.00802
b21_C,_5500_,NOR2,0,0,2,2,10,19,66,0.0,1.33,0.5320000000001528,0.00802
b21_C,_5501_,NOR2,0,0,2,2,7,22,442,-1.9687500000031832e-05,1.33,0.5320000000001528,0.00801
b21_C,_5502_,XOR2,0,0,2,1,7,23,872,0.0,2.394,0.7980000000006839,0.00802
b21_C,_5503_,XOR2,0,2,2,3,13,22,871,-0.0018014453125001495,2.394,0.7980000000006839,0.00802
b21_C,_5504_,AOI211,0,0,4,3,14,21,439,-0.00018835937500005784,2.394,1.0640000000003056,0.00802
b21_C,_5505_,NAND2,0,0,2,1,5,23,500,0.0,1.33,0.5320000000001528,0.00801
b21_C,_5506_,XNOR2,0,0,2,9,6,22,499,3.64453124999109e-05,2.66,1.0640000000003056,0.00802
b21_C,_5507_,AND2,0,0,2,3,9,21,439,-6.914062499996376e-05,1.33,0.26599999999962165,0.00802
b21_C,_5508_,NOR2,0,0,2,7,15,20,429,0.0,1.33,0.5320000000001528,0.00802
b21_C,_5509_,NOR2,0,0,2,2,16,19,66,0.0,1.33,0.5320000000001528,0.00802
b21_C,_5510_,NAND4,0,0,4,9,9,20,294,4.140624999982023e-06,2.394,1.0640000000003056,0.00802
b21_C,_5511_,OR2,0,0,2,5,15,20,97,0.0,1.33,0.26599999999962165,0.00802
b21_C,_5512_,AOI22,0,0,4,1,16,19,66,-1.4843750000270717e-06,2.394,1.0640000000003056,0.00802
b21_C,_5513_,XNOR2,0,0,2,3,17,18,65,-2.220446049250313e-16,2.66,1.0640000000003056,0.00802
b21_C,_5515_,AND2,0,0,2,1,18,17,61,-1.953125017273294e-08,1.33,0.26599999999962165,0.00802
b21_C,_5514_,OR2,0,0,2,2,17,18,65,0.0,1.33,0.26599999999962165,0.00802
b21_C,_5516_,XOR2,0,0,2,3,6,23,402,-9.400390625002863e-05,2.394,0.7980000000006839,0.00801
b21_C,_5517_,NAND2,0,0,2,2,8,22,398,-4.765624999958362e-06,1.33,0.5320000000001528,0.00802
b21_C,_5518_,AOI222,0,0,6,2,8,22,398,-0.00034410156250030965,3.724,1.5960000000004584,0.00802
b21_C,_5519_,AND2,0,0,2,9,9,21,286,0.0,1.33,0.26599999999962165,0.00802
b21_C,_5520_,OR2,0,0,2,2,7,22,466,-8.730468750162146e-06,1.33,0.26599999999962165,0.00801
b21_C,_5521_,XNOR2,0,0,2,2,8,24,918,0.0,2.66,1.0640000000003056,0.00802
b21_C,_5522_,OAI21,0,0,3,2,12,23,916,-0.0005886328125002116,1.862,0.7979999999997744,0.00802
b21_C,_5523_,OR3,0,2,3,2,12,23,916,-0.00029152343750005194,1.596,0.26599999999962165,0.00802
b21_C,_5524_,NAND3,0,1,3,2,13,22,466,-3.175781250019938e-05,1.862,0.7979999999997744,0.00802
b21_C,_5525_,AND3,0,0,3,6,14,21,463,-4.199218750056133e-06,1.596,0.26599999999962165,0.00802
b21_C,_5526_,INV,0,0,1,1,1,24,536,1.9531249950688334e-08,0.798,0.26599999999962165,0.00801
b21_C,_5527_,AOI21,0,0,3,1,4,23,535,-0.0011226757812501376,1.862,0.7979999999997744,0.00801
b21_C,_5528_,XOR2,0,0,2,9,5,22,534,0.0,2.394,0.7980000000006839,0.00802
b21_C,_5529_,AND2,0,0,2,6,9,21,463,-6.595703125000796e-05,1.33,0.26599999999962165,0.00802
b21_C,_5530_,NOR2,0,0,2,6,15,20,275,1.5234374999284483e-06,1.33,0.5320000000001528,0.00802
b21_C,_5531_,OAI22,0,0,4,2,16,19,70,-1.0742187501744382e-06,2.394,1.0640000000003056,0.00802
b21_C,_5532_,OAI221,0,0,5,2,16,19,70,-0.00014791015625004178,2.926,1.3300000000008367,0.00802
b21_C,_5533_,OR2,0,0,2,6,15,20,117,0.0,1.33,0.26599999999962165,0.00802
b21_C,_5534_,NAND4,0,0,4,2,16,19,70,-5.859375029615421e-08,2.394,1.0640000000003056,0.00802
b21_C,_5535_,AND3,0,0,3,3,17,17,67,0.0,1.596,0.26599999999962165,0.00802
b21_C,_5536_,AOI21,0,0,3,2,17,18,68,0.0,1.862,0.7979999999997744,0.00802
b21_C,_5537_,AND2,0,0,2,3,8,23,418,-7.1875000000609646e-06,1.33,0.26599999999962165,0.00801
b21_C,_5538_,NAND2,0,0,2,1,8,24,419,0.0,1.33,0.5320000000001528,0.00801
b21_C,_5539_,XNOR2,0,0,2,3,5,25,423,-6.416015625010374e-05,2.66,1.0640000000003056,0.00801
b21_C,_5541_,NAND2,0,0,2,3,9,23,418,0.0,1.33,0.5320000000001528,0.00802
b21_C,_5540_,AOI22,0,0,4,1,8,24,419,-0.0003773242187499193,2.394,1.0640000000003056,0.00802
b21_C,_5542_,OR2,0,0,2,7,10,21,140,0.0,1.33,0.26599999999962165,0.00802
b21_C,_5543_,NOR2,0,0,2,2,4,26,624,-0.001058828125000133,1.33,0.5320000000001528,0.00801
b21_C,_5544_,XOR2,0,0,2,10,5,24,565,3.8300781249889226e-05,2.394,0.7980000000006839,0.00802
b21_C,_5545_,NOR2,0,0,2,3,8,23,485,-6.835937500060396e-06,1.33,0.5320000000001528,0.00802
b21_C,_5546_,AND2,0,0,2,2,7,24,490,-1.2675781249971152e-05,1.33,0.26599999999962165,0.00801
b21_C,_5547_,AOI21,0,2,3,1,11,25,960,-0.0014173632812501946,1.862,0.7979999999997744,0.00802
b21_C,_5548_,NOR2,0,0,2,1,8,25,960,0.0,1.33,0.5320000000001528,0.00802
b21_C,_5549_,XOR2,0,2,2,3,12,24,959,-3.3574218750054285e-05,2.394,0.7980000000006839,0.00802
b21_C,_5550_,AOI211,0,0,4,3,13,23,485,-0.00016484375000014317,2.394,1.0640000000003056,0.00802
b21_C,_5551_,NOR2,0,0,2,4,14,22,482,0.0,1.33,0.5320000000001528,0.00802
b21_C,_5552_,BUF,0,0,1,10,15,21,397,2.5390624980303755e-07,1.064,0.26600000000053114,0.00802
b21_C,_5553_,AOI22,0,0,4,2,16,19,75,-3.906250012342127e-08,2.394,1.0640000000003056,0.00802
b21_C,_5554_,AOI22,0,0,4,1,15,20,76,0.0,2.394,1.0640000000003056,0.00802
b21_C,_5555_,XNOR2,0,0,2,2,16,19,75,-6.445312499270273e-07,2.66,1.0640000000003056,0.00802
b21_C,_5556_,AND2,0,0,2,3,17,18,72,0.0,1.33,0.26599999999962165,0.00802
b21_C,_5557_,AOI222,0,0,6,1,8,24,436,-0.0003440820312501369,3.724,1.5960000000004584,0.00802
b21_C,_5558_,NAND2,0,0,2,1,4,25,439,-4.111328125011582e-05,1.33,0.5320000000001528,0.00801
b21_C,_5559_,XOR2,0,0,2,3,5,24,438,0.0,2.394,0.7980000000006839,0.00801
b21_C,_5560_,OAI21,0,0,3,8,9,23,435,4.6874999992674304e-07,1.862,0.7979999999997744,0.00802
b21_C,_5561_,INV,0,0,1,8,10,22,352,-7.812500024684255e-08,0.798,0.26599999999962165,0.00802
b21_C,_5562_,NOR2,0,0,2,2,11,21,78,-1.953125017273294e-08,1.33,0.5320000000001528,0.00802
b21_C,_5563_,OAI21,0,0,3,1,4,26,598,0.0,1.862,0.7979999999997744,0.00801
b21_C,_5564_,NAND2,0,0,2,1,5,25,597,0.0,1.33,0.5320000000001528,0.00801
b21_C,_5565_,INV,0,0,1,1,1,25,597,1.9531249950688334e-08,0.798,0.26599999999962165,0.00801
b21_C,_5566_,OAI21,0,0,3,10,6,24,596,5.667968749989427e-05,1.862,0.7979999999997744,0.00801
b21_C,_5567_,OR2,0,0,2,1,8,23,482,-4.511718750155325e-06,1.33,0.26599999999962165,0.00802
b21_C,_5568_,XOR2,0,0,2,1,7,25,1003,0.0,2.394,0.7980000000006839,0.00802
b21_C,_5569_,XNOR2,0,2,2,2,11,24,1002,-0.0017117187500002018,2.66,1.0640000000003056,0.00802
b21_C,_5570_,MUX2,0,1,3,3,12,23,510,-7.597656249913598e-06,2.394,0.5320000000001528,0.00802
b21_C,_5571_,OAI21,0,0,3,8,13,22,481,-0.00016363281250009187,1.862,0.7979999999997744,0.00802
b21_C,_5572_,NOR2,0,0,2,2,14,21,78,5.8593749852065e-08,1.33,0.5320000000001528,0.00802
b21_C,_5573_,MUX2,0,0,3,6,13,22,127,-7.1875000000609646e-06,2.394,0.5320000000001528,0.00802
b21_C,_5574_,AOI22,0,0,4,1,14,21,78,-1.7578125022232882e-07,2.394,1.0640000000003056,0.00802
b21_C,_5575_,XNOR2,0,0,2,3,15,20,77,1.1718749992617461e-07,2.66,1.0640000000003056,0.00802
b21_C,_5576_,OR2,0,0,2,2,15,20,77,0.0,1.33,0.26599999999962165,0.00802
b21_C,_5577_,AND2,0,0,2,1,16,19,72,-6.640625000997602e-07,1.33,0.26599999999962165,0.00802
b21_C,_5578_,NAND2,0,0,2,4,9,23,432,-3.789062499981455e-06,1.33,0.5320000000001528,0.00802
b21_C,_5579_,BUF,0,0,1,10,10,22,338,0.0,1.064,0.26600000000053114,0.00802
b21_C,_5580_,OR2,0,0,2,2,6,24,539,-8.398437500112266e-06,1.33,0.26599999999962165,0.00801
b21_C,_5581_,XNOR2,0,0,2,2,7,26,1054,0.0,2.66,1.0640000000003056,0.00802
b21_C,_5582_,OAI21,0,0,3,2,10,25,1052,-0.0007322460937499997,1.862,0.7979999999997744,0.00802
b21_C,_5583_,OR3,0,2,3,2,10,25,1052,-0.0003745703125002109,1.596,0.26599999999962165,0.00802
b21_C,_5584_,NAND3,0,1,3,2,11,24,539,-3.2128906250150635e-05,1.862,0.7979999999997744,0.00802
b21_C,_5585_,AND3,0,0,3,4,12,23,536,-4.199218750056133e-06,1.596,0.26599999999962165,0.00802
b21_C,_5586_,OAI21,0,0,3,1,4,25,635,0.0,1.862,0.7979999999997744,0.00801
b21_C,_5587_,XNOR2,0,0,2,9,5,24,634,1.9531249950688334e-08,2.66,1.0640000000003056,0.00802
b21_C,_5588_,AND2,0,0,2,4,8,23,536,-8.925781250002096e-05,1.33,0.26599999999962165,0.00802
b21_C,_5589_,OR2,0,0,2,7,13,22,136,0.0,1.33,0.26599999999962165,0.00802
b21_C,_5590_,AOI22,0,0,4,4,14,20,84,0.0,2.394,1.0640000000003056,0.00802
b21_C,_5591_,AOI22,0,0,4,1,14,21,85,-2.1875000000282085e-06,2.394,1.0640000000003056,0.00802
b21_C,_5592_,XNOR2,0,0,2,4,15,20,84,-6.445312499270273e-07,2.66,1.0640000000003056,0.00802
b21_C,_5593_,NOR2,0,0,2,2,16,19,76,0.0,1.33,0.5320000000001528,0.00802
b21_C,_5594_,AOI221,0,20,5,2,18,19,76,-0.0002991015625002369,2.926,1.3300000000008367,0.00802
b21_C,_5596_,OR2,0,0,2,3,17,18,73,0.0,1.33,0.26599999999962165,0.00802
b21_C,_5597_,AOI211,0,17,4,2,20,17,64,-0.00015308593750007482,2.394,1.0640000000003056,0.00802
b21_C,_5599_,NOR2,0,0,2,1,19,16,57,0.0,1.33,0.5320000000001528,0.00802
b21_C,_5600_,OAI21,0,15,3,3,22,15,56,-4.960937500020357e-05,1.862,0.7979999999997744,0.00802
b21_C,_5601_,NOR2,0,0,2,2,20,15,57,0.0,1.33,0.5320000000001528,0.00802
b21_C,_5602_,OAI21,0,14,3,4,23,14,52,0.00040359374999998643,1.862,0.7979999999997744,0.00802
b21_C,_5603_,NAND2,0,0,2,2,20,14,49,-7.812500002479794e-08,1.33,0.5320000000001528,0.00802
b21_C,_5604_,AOI211,0,12,4,3,24,13,44,-5.847656250024258e-05,2.394,1.0640000000003056,0.00802
b21_C,_5606_,NAND2,0,0,2,1,22,12,37,0.0,1.33,0.5320000000001528,0.00802
b21_C,_5607_,AOI21,0,10,3,2,26,11,36,-8.611328124996653e-05,1.862,0.7979999999997744,0.00802
b21_C,_5608_,NOR2,0,0,2,1,24,11,34,0.0,1.33,0.5320000000001528,0.00802
b21_C,_5609_,OAI21,0,9,3,3,27,10,33,0.00019156249999996433,1.862,0.7979999999997744,0.00802
b21_C,_5610_,NAND2,0,0,2,3,23,10,35,0.0,1.33,0.5320000000001528,0.00802
b21_C,_5611_,AOI211,0,7,4,2,28,9,26,-7.720703125002615e-05,2.394,1.0640000000003056,0.00802
b21_C,_5613_,NAND2,0,0,2,2,25,8,19,0.0,1.33,0.5320000000001528,0.00802
b21_C,_5614_,AOI221,0,4,5,2,30,7,14,-0.0001222265625000496,2.926,1.3300000000008367,0.00802
b21_C,_5615_,OR2,0,3,2,1,31,6,9,3.5937500000304823e-06,1.33,0.26599999999962165,0.00802
b21_C,_5616_,NAND2,0,0,2,1,26,6,9,-7.812500002479794e-08,1.33,0.5320000000001528,0.00802
b21_C,_5617_,AOI21,0,3,3,2,32,5,8,5.312499999998721e-05,1.862,0.7979999999997744,0.00802
b21_C,_5618_,AND2,0,0,2,2,28,6,10,0.0,1.33,0.26599999999962165,0.00802
b21_C,_5619_,INV,0,0,1,1,29,5,6,0.0,0.798,0.26599999999962165,0.00802
b21_C,_5620_,AOI21,0,2,3,2,33,4,5,-2.644531250006743e-05,1.862,0.7979999999997744,0.00802
b21_C,_5621_,XNOR2,0,1,2,1,34,2,1,-2.0800781250107647e-05,2.66,1.0640000000003056,0.00802
b21_C,_5622_,OAI21,0,1,3,0,35,1,0,-1.660156250027356e-06,1.862,0.7979999999997744,0.00802
b21_C,_5623_,NOR3,0,0,3,8,12,4,18,1.0175781249843752e-05,1.862,0.7979999999997744,0.00802
b21_C,_5624_,INV,0,0,1,1,21,5,4,0.0,0.798,0.26599999999962165,0.00802
b21_C,_5625_,NOR2,0,0,2,2,22,4,3,-3.906250012342127e-08,1.33,0.5320000000001528,0.00802
b21_C,_5626_,OAI21,0,1,3,1,23,3,2,-0.0001685351562499271,1.862,0.7979999999997744,0.00802
b21_C,_5627_,AOI21,0,1,3,1,24,2,1,-0.0002329882812499573,1.862,0.7979999999997744,0.00802
b21_C,_5628_,NOR2,0,0,2,1,14,2,1,0.0,1.33,0.5320000000001528,0.00801
b21_C,_5629_,NOR3,0,0,3,8,12,5,21,-0.00039273437500009223,1.862,0.7979999999997744,0.00802
b21_C,_5630_,AOI222,0,0,6,1,16,3,2,-1.804687500017721e-05,3.724,1.5960000000004584,0.00802
b21_C,_5631_,AND3,0,0,3,4,16,19,329,-3.925781250080362e-06,1.596,0.26599999999962165,0.00802
b21_C,_5632_,AND2,0,0,2,4,9,19,329,-6.658203125020634e-05,1.33,0.26599999999962165,0.00802
b21_C,_5633_,NOR2,0,0,2,7,17,18,205,4.804687499859739e-06,1.33,0.5320000000001528,0.00802
b21_C,_5634_,NOR2,0,8,2,8,7,27,312,0.00047195312499992426,1.33,0.5320000000001528,0.00802
b21_C,_5635_,BUF,0,8,1,10,8,16,229,0.00034558593749989264,1.064,0.26600000000053114,0.00802
b21_C,_5636_,NAND2,0,8,2,7,9,9,187,0.00013386718749996973,1.33,0.5320000000001528,0.00802
b21_C,_5637_,NOR3,0,8,3,8,10,8,127,0.0006392968749999728,1.862,0.7979999999997744,0.00802
b21_C,_5638_,NAND2,0,0,2,8,8,7,63,-1.5625000004959588e-07,1.33,0.5320000000001528,0.00802
b21_C,_5639_,NOR2,0,0,2,1,10,5,12,-1.3671875009890755e-07,1.33,0.5320000000001528,0.00801
b21_C,_5640_,AOI21,0,0,3,7,12,4,11,-0.00023009765624992795,1.862,0.7979999999997744,0.00802
b21_C,_5641_,OAI21,0,0,3,1,18,2,1,-1.1523437501992362e-06,1.862,0.7979999999997744,0.00802
b21_C,_5642_,OR3,0,1,3,0,25,1,0,9.374999999867129e-06,1.596,0.26599999999962165,0.00802
b21_C,_5643_,XNOR2,0,0,2,2,25,4,3,0.0,2.66,1.0640000000003056,0.00802
b21_C,_5644_,AOI21,0,1,3,1,30,3,2,-0.00014382812500013387,1.862,0.7979999999997744,0.00802
b21_C,_5645_,OAI21,0,1,3,1,31,2,1,-0.00019253906250016328,1.862,0.7979999999997744,0.00802
b21_C,_5646_,NAND2,0,0,2,1,3,4,3,0.0,1.33,0.5320000000001528,0.00801
b21_C,_5647_,OAI21,0,0,3,1,18,3,2,0.0,1.862,0.7979999999997744,0.00802
b21_C,_5648_,BUF,0,2,1,10,16,3,20,4.714843749997755e-05,1.064,0.26600000000053114,0.00802
b21_C,_5649_,AOI221,0,0,5,1,23,2,1,-3.7304687500183675e-05,2.926,1.3300000000008367,0.00802
b21_C,_5650_,OAI211,0,1,4,0,32,1,0,-9.589843750212879e-06,2.394,1.0640000000003056,0.00802
b21_C,_5651_,NAND2,0,0,2,7,9,21,242,0.0,1.33,0.5320000000001528,0.00802
b21_C,_5652_,AOI22,0,0,4,1,13,4,3,-1.5625000004959588e-07,2.394,1.0640000000003056,0.00802
b21_C,_5653_,AOI22,0,0,4,1,15,4,3,-2.1445312500034674e-05,2.394,1.0640000000003056,0.00802
b21_C,_5654_,NAND2,0,0,2,1,16,3,2,0.0,1.33,0.5320000000001528,0.00802
b21_C,_5655_,INV,0,0,1,1,18,5,4,0.0,0.798,0.26599999999962165,0.00802
b21_C,_5656_,NOR2,0,0,2,1,19,4,3,0.0,1.33,0.5320000000001528,0.00802
b21_C,_5657_,XNOR2,0,1,2,1,20,3,2,-0.0005186132812500244,2.66,1.0640000000003056,0.00802
b21_C,_5658_,AOI221,0,1,5,1,21,2,1,-2.828125000009507e-05,2.926,1.3300000000008367,0.00802
b21_C,_5659_,INV,0,1,1,0,22,1,0,-1.8730468750005613e-05,0.798,0.26599999999962165,0.00802
b21_C,_5660_,NAND2,0,0,2,2,3,4,4,-1.1679687500043556e-05,1.33,0.5320000000001528,0.00801
b21_C,_5661_,OAI21,0,0,3,1,14,3,2,0.0,1.862,0.7979999999997744,0.00802
b21_C,_5662_,AOI221,0,1,5,1,15,2,1,-2.7226562500093365e-05,2.926,1.3300000000008367,0.00802
b21_C,_5663_,AOI21,0,0,3,1,14,3,2,-0.00019636718750004611,1.862,0.7979999999997744,0.00802
b21_C,_5664_,XNOR2,0,0,2,1,12,3,2,-3.195312500015035e-05,2.66,1.0640000000003056,0.00802
b21_C,_5665_,XOR2,0,0,2,1,15,2,1,-1.1425781250018474e-05,2.394,0.7980000000006839,0.00802
b21_C,_5666_,OAI221,0,1,5,0,16,1,0,-2.283203125008626e-05,2.926,1.3300000000008367,0.00802
b21_C,_5667_,NAND2,0,0,2,1,22,2,1,-7.148437500159588e-06,1.33,0.5320000000001528,0.00802
b21_C,_5668_,OAI22,0,0,4,1,14,3,2,0.0,2.394,1.0640000000003056,0.00802
b21_C,_5669_,AOI221,0,0,5,1,16,2,1,-9.355468750138485e-06,2.926,1.3300000000008367,0.00802
b21_C,_5670_,XOR2,0,0,2,1,24,3,2,0.0,2.394,0.7980000000006839,0.00802
b21_C,_5671_,XNOR2,0,1,2,1,27,2,1,-0.0001465820312500643,2.66,1.0640000000003056,0.00802
b21_C,_5672_,OAI211,0,1,4,0,28,1,0,-4.707031250106297e-06,2.394,1.0640000000003056,0.00802
b21_C,_5673_,AOI22,0,0,4,1,20,4,3,-1.0273437500041283e-05,2.394,1.0640000000003056,0.00802
b21_C,_5674_,AOI22,0,1,4,1,10,13,51,-5.2148437501564615e-06,2.394,1.0640000000003056,0.00802
b21_C,_5675_,INV,0,1,1,1,11,12,50,-1.2011718750093436e-05,0.798,0.26599999999962165,0.00801
b21_C,_5676_,INV,0,0,1,1,1,13,53,0.0,0.798,0.26599999999962165,0.00801
b21_C,_5677_,NOR2,0,0,2,2,17,12,52,-1.431640625004782e-05,1.33,0.5320000000001528,0.00801
b21_C,_5678_,AOI221,0,1,5,1,18,11,49,-1.5351562500098836e-05,2.926,1.3300000000008367,0.00802
b21_C,_5679_,BUF,0,1,1,9,19,10,48,2.8339843749947136e-05,1.064,0.26600000000053114,0.00802
b21_C,_5680_,OAI21,0,0,3,1,21,3,2,-7.500000000160156e-06,1.862,0.7979999999997744,0.00802
b21_C,_5681_,NOR2,0,0,2,1,12,12,52,-1.8906250000005898e-05,1.33,0.5320000000001528,0.00801
b21_C,_5682_,MUX2,0,0,3,2,10,15,246,-1.1777343750019043e-05,2.394,0.5320000000001528,0.00802
b21_C,_5683_,AND2,0,0,2,4,11,14,243,-1.953125017273294e-08,1.33,0.26599999999962165,0.00801
b21_C,_5684_,NOR2,0,0,2,2,11,14,244,0.0,1.33,0.5320000000001528,0.00801
b21_C,_5685_,NOR2,0,0,2,2,12,13,162,9.179687499027978e-07,1.33,0.5320000000001528,0.00802
b21_C,_5686_,NOR2,0,0,2,2,11,14,244,0.0,1.33,0.5320000000001528,0.00801
b21_C,_5687_,NAND2,0,0,2,2,11,14,244,0.0,1.33,0.5320000000001528,0.00801
b21_C,_5688_,AOI21,0,2,3,2,23,13,162,-0.0005164648437501196,1.862,0.7979999999997744,0.00802
b21_C,_5689_,XNOR2,0,0,2,1,24,12,52,-4.351562500004569e-05,2.66,1.0640000000003056,0.00802
b21_C,_5690_,BUF,0,2,1,10,12,12,236,7.787109374990386e-05,1.064,0.26600000000053114,0.00801
b21_C,_5691_,AOI211,0,0,4,1,25,11,51,-0.00015892578124998558,2.394,1.0640000000003056,0.00802
b21_C,_5692_,BUF,0,0,1,9,26,10,50,0.0,1.064,0.26600000000053114,0.00802
b21_C,_5693_,AOI221,0,0,5,1,27,2,1,-4.716796875015028e-05,2.926,1.3300000000008367,0.00802
b21_C,_5694_,AND2,0,0,2,1,28,4,3,0.0,1.33,0.26599999999962165,0.00802
b21_C,_5695_,OR2,0,0,2,1,28,4,3,0.0,1.33,0.26599999999962165,0.00802
b21_C,_5696_,AOI21,0,1,3,1,34,3,2,-4.199218750056133e-06,1.862,0.7979999999997744,0.00802
b21_C,_5697_,AOI22,0,0,4,1,27,4,3,-1.1718750000166978e-05,2.394,1.0640000000003056,0.00802
b21_C,_5698_,AOI22,0,0,4,1,27,5,4,-1.1718750000166978e-05,2.394,1.0640000000003056,0.00802
b21_C,_5699_,XNOR2,0,0,2,1,28,4,3,0.0,2.66,1.0640000000003056,0.00802
b21_C,_5700_,XNOR2,0,0,2,1,29,3,2,0.0,2.66,1.0640000000003056,0.00802
b21_C,_5701_,XNOR2,0,1,2,1,35,2,1,-1.2734375000045262e-05,2.66,1.0640000000003056,0.00802
b21_C,_5702_,OAI21,0,1,3,0,36,1,0,-5.156250000082352e-06,1.862,0.7979999999997744,0.00802
b21_C,_5703_,OR2,0,0,2,2,16,4,4,0.0,1.33,0.26599999999962165,0.00802
b21_C,_5704_,NAND2,0,0,2,2,16,4,4,0.0,1.33,0.5320000000001528,0.00802
b21_C,_5705_,AOI21,0,1,3,2,18,4,4,-0.0005988867187500801,1.862,0.7979999999997744,0.00802
b21_C,_5706_,AND3,0,0,3,1,19,3,2,-8.828125000137632e-06,1.596,0.26599999999962165,0.00802
b21_C,_5707_,AOI21,0,1,3,1,19,3,2,-1.5156250000147864e-05,1.862,0.7979999999997744,0.00802
b21_C,_5708_,OR3,0,1,3,1,20,2,1,1.1425781250018474e-05,1.596,0.26599999999962165,0.00802
b21_C,_5709_,OAI22,0,0,4,1,14,3,2,-2.5390625024712676e-07,2.394,1.0640000000003056,0.00802
b21_C,_5710_,AOI221,0,0,5,1,15,2,1,-3.716796875008477e-05,2.926,1.3300000000008367,0.00802
b21_C,_5711_,OAI211,0,1,4,0,21,1,0,-9.257812500162999e-06,2.394,1.0640000000003056,0.00802
b21_C,_5712_,AND2,0,0,2,2,3,3,4,0.0,1.33,0.26599999999962165,0.00801
b21_C,_5713_,AOI21,0,0,3,1,13,2,1,-9.960937501496403e-07,1.862,0.7979999999997744,0.00802
b21_C,_5714_,NOR2,0,1,2,6,9,26,336,1.4277343749924398e-05,1.33,0.5320000000001528,0.00802
b21_C,_5715_,AOI222,0,1,6,1,17,2,1,-4.716796875015028e-05,3.724,1.5960000000004584,0.00802
b21_C,_5716_,OAI21,0,0,3,1,12,3,2,-8.353515625003638e-05,1.862,0.7979999999997744,0.00802
b21_C,_5717_,XNOR2,0,0,2,1,12,3,2,-0.0003733593750001596,2.66,1.0640000000003056,0.00802
b21_C,_5718_,XNOR2,0,0,2,1,13,2,1,0.0,2.66,1.0640000000003056,0.00802
b21_C,_5719_,OAI211,0,1,4,0,18,1,0,-2.2929687500061746e-05,2.394,1.0640000000003056,0.00802
b21_C,_5720_,AOI21,0,1,3,1,28,4,3,-0.0001509765625000714,1.862,0.7979999999997744,0.00802
b21_C,_5721_,OR2,0,0,2,1,25,4,3,0.0,1.33,0.26599999999962165,0.00802
b21_C,_5722_,XNOR2,0,1,2,1,29,3,2,-6.992187500109992e-06,2.66,1.0640000000003056,0.00802
b21_C,_5723_,NAND2,0,1,2,1,30,2,1,-6.8554687500110845e-06,1.33,0.5320000000001528,0.00802
b21_C,_5724_,BUF,0,0,1,10,4,3,19,6.289062500108855e-06,1.064,0.26600000000053114,0.00801
b21_C,_5725_,NAND2,0,0,2,1,5,2,1,-1.7773437499535305e-06,1.33,0.5320000000001528,0.00801
b21_C,_5726_,OAI22,0,0,4,1,16,3,2,-1.6640625000174936e-05,2.394,1.0640000000003056,0.00802
b21_C,_5727_,OAI21,0,0,3,1,20,15,121,-4.724609375017508e-05,1.862,0.7979999999997744,0.00802
b21_C,_5728_,NOR2,0,0,2,4,21,14,120,-0.00014099609375017863,1.33,0.5320000000001528,0.00802
b21_C,_5729_,AOI221,0,0,5,1,22,2,1,-3.81054687501603e-05,2.926,1.3300000000008367,0.00802
b21_C,_5730_,NAND3,0,1,3,0,31,1,0,-6.054687500034461e-06,1.862,0.7979999999997744,0.00802
b21_C,_5731_,NAND2,0,0,2,2,3,4,4,0.0,1.33,0.5320000000001528,0.00801
b21_C,_5732_,OAI221,0,0,5,1,13,3,2,0.0,2.926,1.3300000000008367,0.00802
b21_C,_5733_,AOI221,0,0,5,1,17,2,1,-3.81054687501603e-05,2.926,1.3300000000008367,0.00802
b21_C,_5734_,NOR2,0,1,2,1,21,3,2,-0.000265957031250208,1.33,0.5320000000001528,0.00802
b21_C,_5735_,XOR2,0,0,2,1,18,3,2,-7.812500002479794e-08,2.394,0.7980000000006839,0.00802
b21_C,_5736_,XOR2,0,1,2,1,22,2,1,-1.2363281250094005e-05,2.394,0.7980000000006839,0.00803
b21_C,_5737_,OAI21,0,1,3,0,23,1,0,-6.875000000183817e-06,1.862,0.7979999999997744,0.00802
b21_C,_5738_,NOR2,0,1,2,2,31,4,3,-3.771484375003631e-05,1.33,0.5320000000001528,0.00802
b21_C,_5739_,XNOR2,0,0,2,2,26,4,3,0.0,2.66,1.0640000000003056,0.00802
b21_C,_5740_,AOI21,0,1,3,1,32,3,2,-1.158203125006807e-05,1.862,0.7979999999997744,0.00802
b21_C,_5741_,OAI21,0,1,3,1,33,2,1,-2.3339843750136424e-05,1.862,0.7979999999997744,0.00802
b21_C,_5742_,OAI22,0,0,4,1,20,3,2,-6.093750000157883e-06,2.394,1.0640000000003056,0.00802
b21_C,_5743_,AOI221,0,0,5,1,24,2,1,-4.6171875000222684e-05,2.926,1.3300000000008367,0.00802
b21_C,_5744_,OAI211,0,1,4,0,34,1,0,-9.238281249990266e-06,2.394,1.0640000000003056,0.00802
b21_C,_5745_,AOI21,0,1,3,2,24,4,3,-0.00022095703125013522,1.862,0.7979999999997744,0.00802
b21_C,_5746_,NOR2,0,0,2,2,22,4,3,0.0,1.33,0.5320000000001528,0.00802
b21_C,_5747_,AOI21,0,1,3,1,25,3,2,-2.0312500002006573e-06,1.862,0.7979999999997744,0.00802
b21_C,_5748_,OAI21,0,1,3,1,26,2,1,-2.6679687500141824e-05,1.862,0.7979999999997744,0.00802
b21_C,_5749_,OAI22,0,0,4,1,14,3,2,0.0,2.394,1.0640000000003056,0.00802
b21_C,_5750_,AOI221,0,0,5,1,16,2,1,-8.730468750162146e-06,2.926,1.3300000000008367,0.00802
b21_C,_5751_,NOR2,0,0,2,2,9,19,177,-1.894531250012932e-05,1.33,0.5320000000001528,0.00801
b21_C,_5752_,XNOR2,0,1,2,2,16,19,177,-1.560546875012392e-05,2.66,1.0640000000003056,0.00802
b21_C,_5753_,AOI211,0,0,4,2,17,18,174,-0.00017089843750017764,2.394,1.0640000000003056,0.00802
b21_C,_5754_,AND2,0,0,2,2,11,18,174,-6.781250000020833e-05,1.33,0.26599999999962165,0.00802
b21_C,_5755_,NOR2,0,0,2,6,18,17,170,9.335937499965752e-06,1.33,0.5320000000001528,0.00802
b21_C,_5756_,OAI211,0,1,4,0,27,1,0,-1.0761718750140759e-05,2.394,1.0640000000003056,0.00802
b21_C,_5757_,AOI21,0,1,3,1,16,4,3,-0.0003961328124999497,1.862,0.7979999999997744,0.00802
b21_C,_5758_,XNOR2,0,0,2,1,14,4,3,-5.000000000032756e-06,2.66,1.0640000000003056,0.00802
b21_C,_5759_,XNOR2,0,1,2,1,17,3,2,-1.302734374997172e-05,2.66,1.0640000000003056,0.00802
b21_C,_5760_,NAND2,0,1,2,1,18,2,1,-7.1875000000609646e-06,1.33,0.5320000000001528,0.00802
b21_C,_5761_,NOR2,0,0,2,1,15,3,2,0.0,1.33,0.5320000000001528,0.00802
b21_C,_5762_,AND2,0,0,2,2,3,3,4,-4.140624999982023e-06,1.33,0.26599999999962165,0.00801
b21_C,_5763_,OAI22,0,0,4,1,15,3,2,-0.001299609375000177,2.394,1.0640000000003056,0.00802
b21_C,_5764_,NOR3,0,0,3,1,16,2,1,0.0,1.862,0.7979999999997744,0.00802
b21_C,_5765_,NOR2,0,0,2,7,11,24,276,5.000000000032756e-06,1.33,0.5320000000001528,0.00802
b21_C,_5766_,OAI211,0,1,4,0,19,1,0,-1.0195312500016485e-05,2.394,1.0640000000003056,0.00802
b21_C,_5767_,XNOR2,0,0,2,2,22,4,4,-5.859375007410961e-08,2.66,1.0640000000003056,0.00802
b21_C,_5768_,OAI21,0,0,3,1,25,3,2,-9.623046874995822e-05,1.862,0.7979999999997744,0.00802
b21_C,_5769_,OR3,0,1,3,1,25,3,2,-3.8359374999963336e-05,1.596,0.26599999999962165,0.00802
b21_C,_5770_,NAND3,0,1,3,1,26,2,1,-1.0859375000116245e-05,1.862,0.7979999999997744,0.00802
b21_C,_5771_,AND2,0,0,2,2,3,3,4,-4.140624999982023e-06,1.33,0.26599999999962165,0.00801
b21_C,_5772_,NOR2,0,0,2,7,12,18,232,4.12109374980929e-06,1.33,0.5320000000001528,0.00802
b21_C,_5773_,OAI22,0,0,4,1,14,3,2,-1.4257812501750067e-06,2.394,1.0640000000003056,0.00802
b21_C,_5774_,BUF,0,0,1,10,20,16,228,2.3437499985234922e-07,1.064,0.26600000000053114,0.00802
b21_C,_5775_,AOI211,0,0,4,1,21,2,1,-7.519531250110845e-06,2.394,1.0640000000003056,0.00802
b21_C,_5776_,OAI211,0,1,4,0,27,1,0,-8.691406250038725e-06,2.394,1.0640000000003056,0.00802
b21_C,_5777_,AOI21,0,1,3,2,30,4,3,-0.00013546875000014502,1.862,0.7979999999997744,0.00802
b21_C,_5778_,XNOR2,0,0,2,2,26,4,3,5.46874999951541e-07,2.66,1.0640000000003056,0.00802
b21_C,_5779_,OAI21,0,1,3,1,31,3,2,-7.070312499912745e-06,1.862,0.7979999999997744,0.00802
b21_C,_5780_,AOI21,0,1,3,1,32,2,1,-3.181640625005144e-05,1.862,0.7979999999997744,0.00802
b21_C,_5781_,AOI222,0,0,6,1,19,3,2,-2.521484375006544e-05,3.724,1.5960000000004584,0.00802
b21_C,_5782_,OAI221,0,0,5,1,24,2,1,-5.664062501242739e-07,2.926,1.3300000000008367,0.00802
b21_C,_5783_,OR2,0,1,2,0,33,1,0,4.550781249834657e-06,1.33,0.26599999999962165,0.00802
b21_C,_5784_,BUF,0,0,1,10,10,25,305,0.0,1.064,0.26600000000053114,0.00802
b21_C,_5786_,NAND2,0,0,2,2,4,4,4,-1.5097656250073754e-05,1.33,0.5320000000001528,0.00801
b21_C,_5785_,AOI22,0,1,4,1,16,2,1,-4.140624999982023e-06,2.394,1.0640000000003056,0.00802
b21_C,_5787_,AND3,0,0,3,6,8,26,396,0.0,1.596,0.26599999999962165,0.00802
b21_C,_5788_,OAI21,0,0,3,1,15,3,2,0.0,1.862,0.7979999999997744,0.00802
b21_C,_5789_,AOI21,0,0,3,1,17,2,1,-8.730468750162146e-06,1.862,0.7979999999997744,0.00802
b21_C,_5790_,NOR2,0,0,2,1,12,4,3,0.0,1.33,0.5320000000001528,0.00802
b21_C,_5791_,XOR2,0,0,2,1,14,3,2,0.0,2.394,0.7980000000006839,0.00802
b21_C,_5792_,XNOR2,0,0,2,1,16,2,1,-0.0004945507812501582,2.66,1.0640000000003056,0.00802
b21_C,_5793_,OAI211,0,1,4,0,18,1,0,-9.160156249965468e-06,2.394,1.0640000000003056,0.00802
b21_C,_5794_,BUF,0,0,1,10,4,3,20,-2.617187500053575e-06,1.064,0.26600000000053114,0.00801
b21_C,_5795_,AOI22,0,0,4,1,13,2,1,-7.226562499518252e-07,2.394,1.0640000000003056,0.00802
b21_C,_5797_,OAI22,0,0,4,1,15,3,2,0.0,2.394,1.0640000000003056,0.00802
b21_C,_5796_,NOR2,0,0,2,8,10,22,306,0.0,1.33,0.5320000000001528,0.00802
b21_C,_5798_,AOI21,0,0,3,1,16,2,1,-8.90625000016243e-06,1.862,0.7979999999997744,0.00802
b21_C,_5799_,OR2,0,1,2,2,19,3,3,-0.00011998046875016932,1.33,0.26599999999962165,0.00802
b21_C,_5800_,XOR2,0,0,2,2,16,3,3,-2.246093750102318e-06,2.394,0.7980000000006839,0.00802
b21_C,_5801_,AND2,0,0,2,1,20,2,1,-4.687500000155609e-06,1.33,0.26599999999962165,0.00802
b21_C,_5802_,OAI21,0,1,3,1,20,2,1,-6.972656250159304e-06,1.862,0.7979999999997744,0.00802
b21_C,_5803_,OAI211,0,1,4,0,21,1,0,-4.785156250131095e-06,2.394,1.0640000000003056,0.00802
b21_C,_5804_,OR3,0,0,3,1,11,6,8,-5.078125000501643e-07,1.596,0.26599999999962165,0.00802
b21_C,_5805_,AND2,0,0,2,1,12,5,7,0.0,1.33,0.26599999999962165,0.00802
b21_C,_5806_,XOR2,0,0,2,2,13,4,6,-6.640625000997602e-07,2.394,0.7980000000006839,0.00802
b21_C,_5808_,INV,0,0,1,2,1,4,5,0.0,0.798,0.26599999999962165,0.00801
b21_C,_5807_,NAND2,0,0,2,1,14,2,1,-2.3632812500284928e-06,1.33,0.5320000000001528,0.00802
b21_C,_5809_,NOR2,0,0,2,2,2,3,4,0.0,1.33,0.5320000000001528,0.00801
b21_C,_5810_,NAND4,0,0,4,8,7,28,332,-8.460937499998877e-05,2.394,1.0640000000003056,0.00802
b21_C,_5811_,AOI221,0,1,5,1,15,2,1,-2.7597656250044622e-05,2.926,1.3300000000008367,0.00802
b21_C,_5812_,OAI211,0,1,4,0,16,1,0,-7.07031250013479e-06,2.394,1.0640000000003056,0.00802
b21_C,_5813_,NAND2,0,0,2,1,15,4,3,-1.3398437500145022e-05,1.33,0.5320000000001528,0.00802
b21_C,_5814_,NAND2,0,0,2,1,3,4,3,0.0,1.33,0.5320000000001528,0.00801
b21_C,_5815_,OAI211,0,0,4,1,17,3,2,0.0,2.394,1.0640000000003056,0.00802
b21_C,_5816_,AOI221,0,0,5,1,21,2,1,-3.496093750010587e-05,2.926,1.3300000000008367,0.00802
b21_C,_5817_,INV,0,0,1,1,24,4,3,-1.9531249950688334e-08,0.798,0.26599999999962165,0.00802
b21_C,_5818_,NOR2,0,0,2,1,25,3,2,-6.249999999763389e-07,1.33,0.5320000000001528,0.00802
b21_C,_5819_,XOR2,0,1,2,1,28,2,1,-0.00021683593750010388,2.394,0.7980000000006839,0.00802
b21_C,_5820_,OAI21,0,1,3,0,29,1,0,-1.2246093749945786e-05,1.862,0.7979999999997744,0.00802
b21_C,_5821_,XNOR2,0,0,2,2,19,4,3,0.0,2.66,1.0640000000003056,0.00802
b21_C,_5822_,AOI21,0,1,3,1,22,3,2,-0.0003967578125001481,1.862,0.7979999999997744,0.00802
b21_C,_5823_,OAI21,0,1,3,1,23,2,1,-0.000491582031250104,1.862,0.7979999999997744,0.00802
b21_C,_5824_,NAND2,0,0,2,2,3,4,4,-8.164062500037872e-06,1.33,0.5320000000001528,0.00801
b21_C,_5825_,AND4,0,0,4,5,10,19,166,0.0,1.862,0.26600000000053114,0.00802
b21_C,_5826_,OAI221,0,0,5,1,15,3,2,0.0,2.926,1.3300000000008367,0.00802
b21_C,_5828_,OAI211,0,1,4,0,24,1,0,-9.453125000113971e-06,2.394,1.0640000000003056,0.00802
b21_C,_5827_,AOI21,0,0,3,1,17,2,1,-1.0449218750041567e-05,1.862,0.7979999999997744,0.00802
b21_C,_5829_,AOI22,0,0,4,1,16,4,3,-1.7773437499979394e-05,2.394,1.0640000000003056,0.00802
b21_C,_5830_,OAI221,0,0,5,1,18,3,2,-3.906250012342127e-08,2.926,1.3300000000008367,0.00802
b21_C,_5831_,AOI21,0,0,3,1,23,2,1,-8.867187500039009e-06,1.862,0.7979999999997744,0.00802
b21_C,_5832_,NOR2,0,1,2,1,29,3,2,-6.113281250019753e-05,1.33,0.5320000000001528,0.00802
b21_C,_5833_,XNOR2,0,0,2,1,25,3,2,0.0,2.66,1.0640000000003056,0.00802
b21_C,_5834_,XNOR2,0,1,2,1,30,2,1,-1.2988281250070344e-05,2.66,1.0640000000003056,0.00802
b21_C,_5835_,OAI21,0,1,3,0,31,1,0,-6.152343750009948e-06,1.862,0.7979999999997744,0.00802
b21_C,_5836_,NAND2,0,0,2,2,4,4,4,-8.144531250087184e-06,1.33,0.5320000000001528,0.00801
b21_C,_5837_,AOI22,0,0,4,1,16,4,3,-1.3906250000195186e-05,2.394,1.0640000000003056,0.00802
b21_C,_5839_,AOI21,0,0,3,1,18,2,1,-8.867187500039009e-06,1.862,0.7979999999997744,0.00802
b21_C,_5838_,OAI211,0,0,4,1,17,3,2,0.0,2.394,1.0640000000003056,0.00802
b21_C,_5840_,AOI21,0,1,3,1,20,3,2,-0.00042675781250012257,1.862,0.7979999999997744,0.00802
b21_C,_5841_,NOR2,0,0,2,1,18,3,2,1.1718749992617461e-07,1.33,0.5320000000001528,0.00802
b21_C,_5842_,XNOR2,0,1,2,1,21,2,1,-1.2402343749995381e-05,2.66,1.0640000000003056,0.00802
b21_C,_5843_,OAI21,0,1,3,0,22,1,0,-2.246093750102318e-06,1.862,0.7979999999997744,0.00802
b21_C,_5844_,NAND2,0,0,2,2,3,4,4,0.0,1.33,0.5320000000001528,0.00801
b21_C,_5845_,AND2,0,0,2,5,7,27,423,-0.0001689843750001252,1.33,0.26599999999962165,0.00802
b21_C,_5846_,AND3,0,0,3,5,8,27,423,-4.023437500055849e-06,1.596,0.26599999999962165,0.00802
b21_C,_5847_,NOR2,0,0,2,4,9,25,37,0.0,1.33,0.5320000000001528,0.00802
b21_C,_5848_,OAI221,0,0,5,1,14,3,2,-2.097656250010793e-05,2.926,1.3300000000008367,0.00802
b21_C,_5849_,AOI221,0,1,5,1,17,2,1,3.5351562499563727e-06,2.926,1.3300000000008367,0.00802
b21_C,_5850_,XNOR2,0,0,2,1,12,3,2,0.0,2.66,1.0640000000003056,0.00802
b21_C,_5851_,XNOR2,0,0,2,1,14,2,1,-0.0002387304687501146,2.66,1.0640000000003056,0.00802
b21_C,_5852_,OAI21,0,1,3,0,18,1,0,-2.2246093750011298e-05,1.862,0.7979999999997744,0.00802
b21_C,_5853_,AOI22,0,0,4,1,20,2,1,-7.1875000000609646e-06,2.394,1.0640000000003056,0.00802
b21_C,_5854_,AOI222,0,0,6,1,17,2,1,-2.468750000006459e-05,3.724,1.5960000000004584,0.00802
b21_C,_5855_,XNOR2,0,0,2,1,22,3,2,0.0,2.66,1.0640000000003056,0.00802
b21_C,_5856_,XNOR2,0,1,2,1,26,2,1,-0.0003288867187500877,2.66,1.0640000000003056,0.00802
b21_C,_5857_,OAI211,0,1,4,0,27,1,0,-9.667968750015632e-06,2.394,1.0640000000003056,0.00802
b21_C,_5858_,AOI22,0,0,4,1,16,2,1,-9.41406249999055e-06,2.394,1.0640000000003056,0.00802
b21_C,_5859_,AOI222,0,0,6,1,17,2,1,-1.9121093750129603e-05,3.724,1.5960000000004584,0.00802
b21_C,_5860_,NOR2,0,1,2,1,17,3,2,-0.000344531250000113,1.33,0.5320000000001528,0.00802
b21_C,_5861_,XOR2,0,0,2,1,14,3,2,-2.7539062501524825e-06,2.394,0.7980000000006839,0.00802
b21_C,_5862_,XOR2,0,1,2,1,18,2,1,-1.1425781250018474e-05,2.394,0.7980000000006839,0.00803
b21_C,_5863_,OAI211,0,1,4,0,19,1,0,-3.320312500054712e-06,2.394,1.0640000000003056,0.00802
b21_C,_5864_,NAND2,0,0,2,1,17,4,3,-3.0156250000024087e-05,1.33,0.5320000000001528,0.00802
b21_C,_5865_,INV,0,0,1,6,18,12,84,-8.437500000013642e-06,0.798,0.26599999999962165,0.00802
b21_C,_5866_,OAI221,0,0,5,1,20,3,2,0.0,2.926,1.3300000000008367,0.00802
b21_C,_5867_,AOI21,0,0,3,1,21,2,1,-8.593750000507328e-07,1.862,0.7979999999997744,0.00802
b21_C,_5868_,OR2,0,0,2,1,29,3,2,0.0,1.33,0.26599999999962165,0.00802
b21_C,_5869_,XNOR2,0,1,2,1,33,2,1,-5.917968750002167e-05,2.66,1.0640000000003056,0.00802
b21_C,_5870_,OAI221,0,1,5,0,34,1,0,-1.1562500000117382e-05,2.926,1.3300000000008367,0.00802
b21_C,_5871_,XNOR2,0,0,2,2,20,4,3,0.0,2.66,1.0640000000003056,0.00802
b21_C,_5872_,AOI21,0,1,3,1,24,3,2,-0.00022806640625017138,1.862,0.7979999999997744,0.00802
b21_C,_5873_,OAI21,0,1,3,1,25,2,1,-0.00028603515625014175,1.862,0.7979999999997744,0.00802
b21_C,_5874_,NAND2,0,0,2,2,3,4,6,-8.164062500037872e-06,1.33,0.5320000000001528,0.00801
b21_C,_5875_,OAI221,0,0,5,1,15,3,2,0.0,2.926,1.3300000000008367,0.00802
b21_C,_5877_,OAI211,0,1,4,0,26,1,0,-1.0781250000091447e-05,2.394,1.0640000000003056,0.00802
b21_C,_5876_,AOI21,0,0,3,1,18,2,1,-8.867187500039009e-06,1.862,0.7979999999997744,0.00802
b21_C,_5878_,INV,0,0,1,2,1,6,20,0.0,0.798,0.26599999999962165,0.00801
b21_C,_5879_,NAND2,0,0,2,2,10,6,45,0.0,1.33,0.5320000000001528,0.00801
b21_C,_5880_,NAND2,0,0,2,1,9,3,2,-6.138671875000057e-05,1.33,0.5320000000001528,0.00802
b21_C,_5881_,NOR2,0,0,2,7,7,5,22,4.707031249884253e-06,1.33,0.5320000000001528,0.00802
b21_C,_5882_,NAND3,0,0,3,1,9,3,2,-0.0002153124999999534,1.862,0.7979999999997744,0.00802
b21_C,_5883_,AOI21,0,0,3,1,11,2,1,0.0,1.862,0.7979999999997744,0.00802
b21_C,_5884_,NAND2,0,0,2,2,9,6,6,-2.3027343750037232e-05,1.33,0.5320000000001528,0.00802
b21_C,_5885_,NAND2,0,0,2,3,7,27,69,-3.242187500029914e-06,1.33,0.5320000000001528,0.00802
b21_C,_5886_,AOI222,0,1,6,8,10,11,43,6.974609374998941e-05,3.724,1.5960000000004584,0.00802
b21_C,_5888_,BUF,0,0,1,10,10,24,79,0.0,1.064,0.26600000000053114,0.00802
b21_C,_5887_,NAND2,0,0,2,4,9,26,87,-8.621093750016406e-05,1.33,0.5320000000001528,0.00802
b21_C,_5889_,BUF,0,0,1,10,11,19,55,0.0,1.064,0.26600000000053114,0.00802
b21_C,_5890_,CLKBUF,0,0,1,10,12,15,35,0.0,1.064,0.26600000000053114,0.00802
b21_C,_5891_,NOR2,0,0,2,2,13,7,8,-2.3476562500013287e-05,1.33,0.5320000000001528,0.00802
b21_C,_5892_,NOR2,0,0,2,2,13,10,32,-1.8906250000005898e-05,1.33,0.5320000000001528,0.00801
b21_C,_5893_,MUX2,0,0,3,1,12,12,66,-1.2128906250019611e-05,2.394,0.5320000000001528,0.00802
b21_C,_5894_,XOR2,0,0,2,1,13,11,65,0.0,2.394,0.7980000000006839,0.00802
b21_C,_5895_,MUX2,0,0,3,3,11,13,108,-1.1835937500093152e-05,2.394,0.5320000000001528,0.00802
b21_C,_5896_,NOR2,0,0,2,1,12,12,66,0.0,1.33,0.5320000000001528,0.00801
b21_C,_5897_,AND2,0,0,2,2,10,15,169,-8.398437500112266e-06,1.33,0.26599999999962165,0.00801
b21_C,_5899_,OR2,0,0,2,2,11,14,168,0.0,1.33,0.26599999999962165,0.00802
b21_C,_5898_,AND2,0,0,2,2,10,15,169,-1.2597656250168399e-05,1.33,0.26599999999962165,0.00801
b21_C,_5900_,AND2,0,0,2,1,12,13,106,0.0,1.33,0.26599999999962165,0.00801
b21_C,_5901_,AOI211,0,15,4,3,23,13,166,-0.00015875000000020734,2.394,1.0640000000003056,0.00802
b21_C,_5903_,NAND2,0,0,2,1,12,12,66,0.0,1.33,0.5320000000001528,0.00801
b21_C,_5904_,AOI21,0,5,3,1,25,11,65,-0.0003097851562501308,1.862,0.7979999999997744,0.00802
b21_C,_5905_,XNOR2,0,5,2,4,26,10,64,-2.6933593750166906e-05,2.66,1.0640000000003056,0.00802
b21_C,_5906_,AOI211,0,3,4,2,27,9,30,-0.00014890624999996938,2.394,1.0640000000003056,0.00802
b21_C,_5907_,BUF,0,3,1,10,28,8,26,9.63476562498844e-05,1.064,0.26600000000053114,0.00802
b21_C,_5908_,AOI21,0,0,3,1,29,6,6,-0.00010255859374996845,1.862,0.7979999999997744,0.00802
b21_C,_5909_,NOR2,0,0,2,2,11,8,8,-7.978515625017835e-05,1.33,0.5320000000001528,0.00802
b21_C,_5911_,BUF,0,0,1,10,9,23,77,0.0,1.064,0.26600000000053114,0.00802
b21_C,_5910_,NOR2,0,0,2,6,8,26,90,-0.0008833007812500959,1.33,0.5320000000001528,0.00802
b21_C,_5912_,CLKBUF,0,0,1,10,10,18,57,0.0,1.064,0.26600000000053114,0.00801
b21_C,_5913_,CLKBUF,0,0,1,10,11,14,36,0.0,1.064,0.26600000000053114,0.00802
b21_C,_5914_,AND2,0,0,2,1,29,6,6,-1.0703125000066649e-05,1.33,0.26599999999962165,0.00802
b21_C,_5915_,AOI21,0,0,3,1,29,7,7,-2.6933593750166906e-05,1.862,0.7979999999997744,0.00802
b21_C,_5916_,AOI211,0,0,4,1,30,6,6,-9.410156250022617e-05,2.394,1.0640000000003056,0.00802
b21_C,_5917_,OR2,0,0,2,2,13,10,36,-8.398437500112266e-06,1.33,0.26599999999962165,0.00801
b21_C,_5918_,XOR2,0,0,2,1,12,11,80,0.0,2.394,0.7980000000006839,0.00802
b21_C,_5919_,XNOR2,0,7,2,4,25,10,79,-0.00018169921874999773,2.66,1.0640000000003056,0.00802
b21_C,_5920_,OAI211,0,2,4,9,26,9,33,-1.7773437499979394e-05,2.394,1.0640000000003056,0.00802
b21_C,_5921_,OR2,0,0,2,2,27,8,9,-1.9667968750081144e-05,1.33,0.26599999999962165,0.00802
b21_C,_5922_,AOI222,0,1,6,3,10,11,32,1.636718749997712e-05,3.724,1.5960000000004584,0.00802
b21_C,_5923_,NOR2,0,0,2,3,11,10,15,-5.115234375008271e-05,1.33,0.5320000000001528,0.00802
b21_C,_5924_,NAND2,0,0,2,2,12,8,9,-6.519531250015476e-05,1.33,0.5320000000001528,0.00802
b21_C,_5925_,NAND2,0,0,2,1,12,9,10,0.0,1.33,0.5320000000001528,0.00802
b21_C,_5926_,OAI21,0,0,3,2,27,8,9,-0.00010367187500004427,1.862,0.7979999999997744,0.00802
b21_C,_5927_,AND3,0,0,3,1,28,6,6,0.0,1.596,0.26599999999962165,0.00802
b21_C,_5928_,AOI21,0,0,3,1,28,7,7,0.0,1.862,0.7979999999997744,0.00802
b21_C,_5929_,AND3,0,0,3,7,19,10,50,-4.433593749908482e-06,1.596,0.26599999999962165,0.00802
b21_C,_5930_,OAI22,0,0,4,1,20,9,10,-7.031250000011369e-05,2.394,1.0640000000003056,0.00802
b21_C,_5931_,NOR2,0,0,2,3,12,10,54,-1.8906250000005898e-05,1.33,0.5320000000001528,0.00801
b21_C,_5932_,XOR2,0,0,2,2,12,12,116,0.0,2.394,0.7980000000006839,0.00802
b21_C,_5933_,OR3,0,2,3,2,24,11,114,-7.843750000002814e-05,1.596,0.26599999999962165,0.00802
b21_C,_5934_,OAI21,0,1,3,2,24,11,114,-0.00019371093750009116,1.862,0.7979999999997744,0.00802
b21_C,_5935_,AOI21,0,2,3,3,25,10,54,-5.046875000003226e-05,1.862,0.7979999999997744,0.00802
b21_C,_5936_,NOR3,0,1,3,8,26,9,49,-0.0001675390624999995,1.862,0.7979999999997744,0.00802
b21_C,_5937_,AOI21,0,0,3,2,27,8,9,-8.67578125001156e-05,1.862,0.7979999999997744,0.00802
b21_C,_5938_,NOR2,0,0,2,7,8,26,67,-4.5429687500098126e-05,1.33,0.5320000000001528,0.00802
b21_C,_5939_,CLKBUF,0,0,1,10,9,18,44,0.0,1.064,0.26600000000053114,0.00801
b21_C,_5940_,OR3,0,0,3,1,26,9,10,-8.398437500023448e-05,1.596,0.26599999999962165,0.00802
b21_C,_5941_,AOI22,0,0,4,2,27,8,9,-7.597656249913598e-06,2.394,1.0640000000003056,0.00802
b21_C,_5942_,NAND2,0,0,2,1,28,7,7,0.0,1.33,0.5320000000001528,0.00802
b21_C,_5943_,BUF,0,0,1,10,7,27,184,-7.812500000259348e-07,1.064,0.26600000000053114,0.00802
b21_C,_5944_,NAND3,0,0,3,5,8,26,63,-5.781250000014282e-05,1.862,0.7979999999997744,0.00802
b21_C,_5946_,OAI22,0,0,4,2,27,9,10,-9.570312500040146e-06,2.394,1.0640000000003056,0.00802
b21_C,_5945_,BUF,0,0,1,10,9,21,46,0.0,1.064,0.26600000000053114,0.00801
b21_C,_5947_,AOI22,0,0,4,1,20,10,11,-0.00033816406250020137,2.394,1.0640000000003056,0.00802
b21_C,_5948_,OR2,0,0,2,2,12,11,59,-8.398437500112266e-06,1.33,0.26599999999962165,0.00801
b21_C,_5949_,XOR2,0,2,2,4,24,11,140,-2.2324218750036096e-05,2.394,0.7980000000006839,0.00802
b21_C,_5950_,OAI211,0,0,4,5,25,10,56,-3.7929687500160014e-05,2.394,1.0640000000003056,0.00802
b21_C,_5951_,OAI21,0,0,3,2,26,9,10,0.0,1.862,0.7979999999997744,0.00802
b21_C,_5952_,NAND2,0,0,2,1,28,8,8,0.0,1.33,0.5320000000001528,0.00802
b21_C,_5953_,NOR2,0,0,2,1,19,11,12,-6.3671874999116085e-06,1.33,0.5320000000001528,0.00802
b21_C,_5954_,AOI221,0,0,5,1,25,10,11,-0.0001134960937501095,2.926,1.3300000000008367,0.00802
b21_C,_5955_,INV,0,0,1,2,26,9,10,0.0,0.798,0.26599999999962165,0.00802
b21_C,_5956_,OAI22,0,0,4,2,25,9,10,-4.556640624997499e-05,2.394,1.0640000000003056,0.00802
b21_C,_5957_,OAI22,0,0,4,1,28,8,8,0.0,2.394,1.0640000000003056,0.00802
b21_C,_5958_,NOR2,0,0,2,1,19,11,12,-6.0937500000024514e-05,1.33,0.5320000000001528,0.00802
b21_C,_5959_,AOI221,0,0,5,2,25,10,11,-0.00025785156250002217,2.926,1.3300000000008367,0.00802
b21_C,_5960_,AOI22,0,0,4,2,25,10,11,-4.3164062499823075e-06,2.394,1.0640000000003056,0.00802
b21_C,_5961_,NOR2,0,0,2,1,26,9,9,0.0,1.33,0.5320000000001528,0.00802
b21_C,_5962_,OAI22,0,0,4,2,24,11,13,-4.2968749998095745e-06,2.394,1.0640000000003056,0.00802
b21_C,_5963_,AOI22,0,0,4,1,18,12,14,-0.00042927734375020066,2.394,1.0640000000003056,0.00802
b21_C,_5964_,OR2,0,0,2,2,12,13,114,-8.398437500112266e-06,1.33,0.26599999999962165,0.00801
b21_C,_5965_,XOR2,0,2,2,4,22,13,211,-2.109375000025615e-05,2.394,0.7980000000006839,0.00802
b21_C,_5966_,OAI211,0,0,4,8,23,12,111,-3.93164062502116e-05,2.394,1.0640000000003056,0.00802
b21_C,_5967_,OAI21,0,0,3,2,24,11,13,-5.859375007410961e-08,1.862,0.7979999999997744,0.00802
b21_C,_5968_,NOR2,0,0,2,1,25,10,10,0.0,1.33,0.5320000000001528,0.00802
b21_C,_5969_,AOI21,0,0,3,1,26,9,9,0.0,1.862,0.7979999999997744,0.00802
b21_C,_5970_,AOI22,0,0,4,1,18,12,13,-0.0004255078125001699,2.394,1.0640000000003056,0.00802
b21_C,_5971_,OAI21,0,0,3,2,23,11,12,-1.9531249950688334e-08,1.862,0.7979999999997744,0.00802
b21_C,_5972_,NAND2,0,0,2,1,23,12,13,-1.9531249950688334e-08,1.33,0.5320000000001528,0.00802
b21_C,_5973_,OAI21,0,0,3,2,24,11,12,-1.3203124999972005e-05,1.862,0.7979999999997744,0.00802
b21_C,_5974_,AOI22,0,0,4,1,25,10,10,0.0,2.394,1.0640000000003056,0.00802
b21_C,_5975_,OAI22,0,0,4,1,18,13,15,-5.140625000010779e-05,2.394,1.0640000000003056,0.00802
b21_C,_5976_,AOI21,0,0,3,2,23,12,14,-1.953125017273294e-08,1.862,0.7979999999997744,0.00802
b21_C,_5977_,AOI22,0,0,4,2,23,12,14,-3.906250012342127e-08,2.394,1.0640000000003056,0.00802
b21_C,_5978_,NAND2,0,0,2,1,24,11,11,0.0,1.33,0.5320000000001528,0.00802
b21_C,_5979_,OAI21,0,0,3,1,25,10,10,0.0,1.862,0.7979999999997744,0.00802
b21_C,_5980_,OAI22,0,0,4,1,17,14,15,-5.136718749998437e-05,2.394,1.0640000000003056,0.00802
b21_C,_5981_,AOI21,0,0,3,2,23,13,14,0.0,1.862,0.7979999999997744,0.00802
b21_C,_5982_,AOI22,0,0,4,2,22,13,14,0.0,2.394,1.0640000000003056,0.00802
b21_C,_5983_,NAND2,0,0,2,1,24,12,12,0.0,1.33,0.5320000000001528,0.00802
b21_C,_5984_,OAI22,0,0,4,1,17,14,15,-6.80078125001593e-05,2.394,1.0640000000003056,0.00802
b21_C,_5986_,AOI22,0,0,4,2,21,13,14,-3.906250001239897e-07,2.394,1.0640000000003056,0.00802
b21_C,_5985_,AOI21,0,0,3,2,22,13,14,0.0,1.862,0.7979999999997744,0.00802
b21_C,_5987_,NAND2,0,0,2,1,23,12,12,0.0,1.33,0.5320000000001528,0.00802
b21_C,_5988_,AOI22,0,0,4,1,15,15,17,-0.0004243945312500941,2.394,1.0640000000003056,0.00802
b21_C,_5989_,OAI21,0,0,3,2,22,14,16,0.0,1.862,0.7979999999997744,0.00802
b21_C,_5990_,OAI22,0,0,4,2,21,14,16,0.0,2.394,1.0640000000003056,0.00802
b21_C,_5991_,AOI22,0,0,4,1,15,15,16,-0.001019609375000119,2.394,1.0640000000003056,0.00802
b21_C,_5992_,NOR2,0,0,2,6,20,15,197,5.273437500008527e-07,1.33,0.5320000000001528,0.00802
b21_C,_5993_,OAI21,0,0,3,2,21,14,15,-1.9531249995097255e-07,1.862,0.7979999999997744,0.00802
b21_C,_5994_,OAI22,0,0,4,2,22,14,15,-4.101562500080647e-06,2.394,1.0640000000003056,0.00802
b21_C,_5995_,OAI22,0,0,4,1,23,13,13,0.0,2.394,1.0640000000003056,0.00802
b21_C,_5997_,OAI21,0,0,3,2,20,14,15,0.0,1.862,0.7979999999997744,0.00802
b21_C,_5996_,AOI22,0,0,4,1,15,15,16,-0.0004131640625000266,2.394,1.0640000000003056,0.00802
b21_C,_5998_,OAI22,0,0,4,2,20,14,15,-1.3671875009890755e-07,2.394,1.0640000000003056,0.00802
b21_C,_5999_,AOI22,0,0,4,1,23,13,13,0.0,2.394,1.0640000000003056,0.00802
b21_C,_6000_,OAI22,0,0,4,1,14,16,17,-5.2792968750159375e-05,2.394,1.0640000000003056,0.00802
b21_C,_6001_,AOI21,0,0,3,2,21,15,16,-9.765624997548628e-08,1.862,0.7979999999997744,0.00802
b21_C,_6002_,AOI22,0,0,4,2,20,15,16,0.0,2.394,1.0640000000003056,0.00802
b21_C,_6003_,NOR2,0,0,2,1,22,14,14,0.0,1.33,0.5320000000001528,0.00802
b21_C,_6004_,NAND2,0,0,2,1,13,17,18,-0.0001244140625000778,1.33,0.5320000000001528,0.00802
b21_C,_6005_,OAI221,0,0,5,2,19,16,17,-2.9296875001527667e-06,2.926,1.3300000000008367,0.00802
b21_C,_6006_,OAI22,0,0,4,2,19,16,17,0.0,2.394,1.0640000000003056,0.00802
b21_C,_6007_,NOR2,0,0,2,1,20,15,15,0.0,1.33,0.5320000000001528,0.00802
b21_C,_6008_,OAI22,0,0,4,1,14,18,20,-5.136718749998437e-05,2.394,1.0640000000003056,0.00802
b21_C,_6009_,AOI21,0,0,3,2,18,17,19,0.0,1.862,0.7979999999997744,0.00802
b21_C,_6010_,AOI22,0,0,4,2,18,17,19,0.0,2.394,1.0640000000003056,0.00802
b21_C,_6011_,NOR2,0,0,2,1,19,16,16,0.0,1.33,0.5320000000001528,0.00802
b21_C,_6012_,AOI21,0,0,3,1,20,15,15,0.0,1.862,0.7979999999997744,0.00802
b21_C,_6013_,NOR2,0,0,2,1,12,18,19,0.0,1.33,0.5320000000001528,0.00802
b21_C,_6014_,AOI221,0,0,5,2,18,17,18,-0.00012947265624996263,2.926,1.3300000000008367,0.00802
b21_C,_6015_,AOI22,0,0,4,2,18,17,18,-1.4648437500763833e-06,2.394,1.0640000000003056,0.00802
b21_C,_6016_,AOI22,0,0,4,1,19,16,16,0.0,2.394,1.0640000000003056,0.00802
b21_C,_6017_,OAI22,0,0,4,1,12,18,19,-4.8828125000177636e-05,2.394,1.0640000000003056,0.00802
b21_C,_6018_,AOI21,0,0,3,2,17,17,18,-3.906250012342127e-08,1.862,0.7979999999997744,0.00802
b21_C,_6019_,AOI22,0,0,4,2,17,17,18,0.0,2.394,1.0640000000003056,0.00802
b21_C,_6020_,OAI22,0,0,4,1,19,16,16,0.0,2.394,1.0640000000003056,0.00802
b21_C,_6021_,AOI22,0,0,4,1,10,19,20,-0.0010083203125001994,2.394,1.0640000000003056,0.00802
b21_C,_6022_,OAI21,0,0,3,2,16,18,19,0.0,1.862,0.7979999999997744,0.00802
b21_C,_6023_,OAI22,0,0,4,2,16,18,19,-1.2109375000513012e-06,2.394,1.0640000000003056,0.00802
b21_C,_6024_,NOR2,0,0,2,1,17,17,17,0.0,1.33,0.5320000000001528,0.00802
b21_C,_6025_,NAND2,0,0,2,1,17,17,17,0.0,1.33,0.5320000000001528,0.00802
b21_C,_6026_,OAI22,0,0,4,1,11,20,21,-4.8828125000177636e-05,2.394,1.0640000000003056,0.00802
b21_C,_6027_,AOI21,0,0,3,2,16,19,20,0.0,1.862,0.7979999999997744,0.00802
b21_C,_6028_,AOI22,0,0,4,2,16,19,20,-1.2890625000760991e-06,2.394,1.0640000000003056,0.00802
b21_C,_6029_,NAND2,0,0,2,1,17,18,18,0.0,1.33,0.5320000000001528,0.00802
b21_C,_6030_,NOR2,0,0,2,2,10,20,21,0.0,1.33,0.5320000000001528,0.00802
b21_C,_6031_,OAI22,0,0,4,2,14,20,21,-4.878906250027626e-05,2.394,1.0640000000003056,0.00802
b21_C,_6032_,OAI22,0,0,4,2,14,20,21,-1.5625000004959588e-07,2.394,1.0640000000003056,0.00802
b21_C,_6033_,NOR3,0,0,3,2,14,20,22,0.0,1.862,0.7979999999997744,0.00802
b21_C,_6034_,OAI22,0,0,4,2,11,20,22,-4.8847656250128324e-05,2.394,1.0640000000003056,0.00802
b21_C,_6035_,OAI22,0,0,4,2,15,20,22,0.0,2.394,1.0640000000003056,0.00802
b21_C,_6037_,OAI22,0,0,4,1,11,22,23,-4.9609374999981526e-05,2.394,1.0640000000003056,0.00802
b21_C,_6038_,AOI21,0,0,3,2,14,21,22,0.0,1.862,0.7979999999997744,0.00802
b21_C,_6039_,NOR2,0,0,2,6,13,22,349,0.0,1.33,0.5320000000001528,0.00802
b21_C,_6040_,AOI22,0,0,4,2,14,21,22,0.0,2.394,1.0640000000003056,0.00802
b21_C,_6041_,NAND2,0,0,2,1,15,20,20,0.0,1.33,0.5320000000001528,0.00802
b21_C,_6042_,OAI22,0,0,4,2,12,23,24,-3.906250012342127e-08,2.394,1.0640000000003056,0.00802
b21_C,_6043_,INV,0,0,1,2,11,24,28,-3.906250012342127e-08,0.798,0.26599999999962165,0.00802
b21_C,_6044_,OAI22,0,0,4,2,12,23,24,-4.925781249998096e-05,2.394,1.0640000000003056,0.00802
b21_C,_6045_,NOR2,0,0,2,2,12,23,24,-2.22656250015163e-06,1.33,0.5320000000001528,0.00802
b21_C,_6046_,OAI21,0,0,3,1,13,22,22,0.0,1.862,0.7979999999997744,0.00802
b21_C,_6047_,OAI22,0,0,4,2,12,23,24,-3.906250012342127e-08,2.394,1.0640000000003056,0.00802
b21_C,_6048_,NOR2,0,0,2,2,12,23,24,-2.22656250015163e-06,1.33,0.5320000000001528,0.00802
b21_C,_6049_,OAI22,0,0,4,2,12,23,24,-0.001422128906249931,2.394,1.0640000000003056,0.00802
b21_C,_6050_,OAI21,0,0,3,1,13,22,22,0.0,1.862,0.7979999999997744,0.00802
b21_C,_6051_,OAI22,0,0,4,1,9,25,26,-6.847656250008605e-05,2.394,1.0640000000003056,0.00802
b21_C,_6052_,AOI21,0,0,3,2,10,24,25,0.0,1.862,0.7979999999997744,0.00802
b21_C,_6053_,OR2,0,0,2,1,7,27,507,-2.9296875001527667e-06,1.33,0.26599999999962165,0.00802
b21_C,_6054_,OAI21,0,0,3,8,9,26,506,-0.00039449218750009507,1.862,0.7979999999997744,0.00802
b21_C,_6055_,AOI22,0,0,4,2,10,24,25,-1.1914062501006129e-06,2.394,1.0640000000003056,0.00802
b21_C,_6056_,NOR2,0,0,2,1,11,23,23,0.0,1.33,0.5320000000001528,0.00802
b21_C,_6057_,NOR2,0,0,2,2,11,24,25,0.0,1.33,0.5320000000001528,0.00802
b21_C,_6058_,NOR2,0,0,2,2,12,24,25,0.0,1.33,0.5320000000001528,0.00802
b21_C,_6059_,OR2,0,0,2,1,13,23,23,0.0,1.33,0.26599999999962165,0.00802
b21_C,_6060_,AOI22,0,0,4,1,11,24,25,-0.0007855468749999872,2.394,1.0640000000003056,0.00802
b21_C,_6061_,OAI21,0,0,3,2,12,23,24,0.0,1.862,0.7979999999997744,0.00802
b21_C,_6062_,AOI22,0,0,4,1,8,26,26,-0.0007863671875001366,2.394,1.0640000000003056,0.00802
b21_C,_6063_,OAI21,0,0,3,1,10,25,25,0.0,1.862,0.7979999999997744,0.00802
b21_C,_6064_,NOR2,0,3,2,4,9,27,323,8.115234374983515e-05,1.33,0.5320000000001528,0.00802
b21_C,_6065_,MUX2,0,0,3,2,10,25,26,-2.4863281250064873e-05,2.394,0.5320000000001528,0.00802
b21_C,_6066_,OAI22,0,0,4,2,10,25,26,-1.9902343750155538e-05,2.394,1.0640000000003056,0.00802
b21_C,_6067_,OAI21,0,0,3,1,11,24,24,0.0,1.862,0.7979999999997744,0.00802
b21_C,_6068_,NAND2,0,0,2,1,11,24,24,0.0,1.33,0.5320000000001528,0.00802
b21_C,_6069_,OAI22,0,0,4,1,10,25,26,-7.537109374999851e-05,2.394,1.0640000000003056,0.00802
b21_C,_6070_,AOI21,0,0,3,2,11,24,25,-2.2929687500061746e-05,1.862,0.7979999999997744,0.00802
b21_C,_6071_,AOI22,0,0,4,2,10,24,25,0.0,2.394,1.0640000000003056,0.00802
b21_C,_6072_,OAI211,0,0,4,1,12,23,23,0.0,2.394,1.0640000000003056,0.00802
b21_C,_6073_,AOI22,0,0,4,1,12,23,23,0.0,2.394,1.0640000000003056,0.00802
b21_C,_6074_,AOI221,0,0,5,1,14,22,22,0.0,2.926,1.3300000000008367,0.00802
b21_C,_6076_,OAI211,0,0,4,1,15,21,21,0.0,2.394,1.0640000000003056,0.00802
b21_C,_6077_,OR3,0,0,3,1,13,21,21,0.0,1.596,0.26599999999962165,0.00802
b21_C,_6078_,AOI22,0,0,4,2,13,22,23,-2.3437500007439382e-07,2.394,1.0640000000003056,0.00802
b21_C,_6079_,OAI22,0,0,4,1,11,23,24,-4.9609374999981526e-05,2.394,1.0640000000003056,0.00802
b21_C,_6080_,AOI21,0,0,3,2,13,22,23,-1.4648437500763833e-06,1.862,0.7979999999997744,0.00802
b21_C,_6081_,NAND2,0,0,2,1,14,21,21,0.0,1.33,0.5320000000001528,0.00802
b21_C,_6082_,AND3,0,0,3,1,16,20,20,0.0,1.596,0.26599999999962165,0.00802
b21_C,_6083_,OAI22,0,0,4,1,15,20,20,0.0,2.394,1.0640000000003056,0.00802
b21_C,_6084_,OAI21,0,0,3,1,17,19,19,0.0,1.862,0.7979999999997744,0.00802
b21_C,_6085_,OAI21,0,0,3,1,15,19,19,0.0,1.862,0.7979999999997744,0.00802
b21_C,_6086_,AOI21,0,0,3,1,18,18,18,0.0,1.862,0.7979999999997744,0.00802
b21_C,_6087_,OAI21,0,0,3,1,16,19,19,0.0,1.862,0.7979999999997744,0.00802
b21_C,_6088_,OAI21,0,0,3,1,17,18,18,0.0,1.862,0.7979999999997744,0.00802
b21_C,_6089_,OAI21,0,0,3,1,19,17,17,0.0,1.862,0.7979999999997744,0.00802
b21_C,_6090_,AOI221,0,0,5,1,20,16,16,0.0,2.926,1.3300000000008367,0.00802
b21_C,_6091_,OAI21,0,0,3,1,21,15,15,0.0,1.862,0.7979999999997744,0.00802
b21_C,_6092_,AOI221,0,0,5,1,22,14,14,0.0,2.926,1.3300000000008367,0.00802
b21_C,_6093_,OAI22,0,0,4,1,23,13,13,0.0,2.394,1.0640000000003056,0.00802
b21_C,_6094_,AOI21,0,0,3,1,24,12,12,0.0,1.862,0.7979999999997744,0.00802
b21_C,_6095_,NAND2,0,0,2,1,23,13,13,0.0,1.33,0.5320000000001528,0.00802
b21_C,_6096_,OAI21,0,0,3,1,24,12,12,0.0,1.862,0.7979999999997744,0.00802
b21_C,_6097_,OAI211,0,0,4,1,25,11,11,0.0,2.394,1.0640000000003056,0.00802
b21_C,_6098_,OR2,0,0,2,1,24,11,11,0.0,1.33,0.26599999999962165,0.00802
b21_C,_6099_,OR2,0,0,2,1,24,11,11,0.0,1.33,0.26599999999962165,0.00802
b21_C,_6100_,AND3,0,0,3,1,26,10,10,0.0,1.596,0.26599999999962165,0.00802
b21_C,_6101_,OAI21,0,0,3,1,27,9,9,0.0,1.862,0.7979999999997744,0.00802
b21_C,_6102_,AOI221,0,0,5,1,28,8,8,0.0,2.926,1.3300000000008367,0.00802
b21_C,_6103_,OAI221,0,0,5,1,29,7,7,0.0,2.926,1.3300000000008367,0.00802
b21_C,_6104_,AOI21,0,0,3,1,30,6,6,0.0,1.862,0.7979999999997744,0.00802
b21_C,_6106_,INV,0,1,1,3,11,8,15,-1.1406250000067786e-05,0.798,0.26599999999962165,0.00802
b21_C,_6107_,OAI22,0,0,4,2,29,6,9,-0.0001065820312500243,2.394,1.0640000000003056,0.00802
b21_C,_6108_,NAND2,0,0,2,2,26,8,22,-1.0703125000066649e-05,1.33,0.5320000000001528,0.00802
b21_C,_6109_,NAND2,0,0,2,2,27,8,25,-8.300781249914735e-06,1.33,0.5320000000001528,0.00802
b21_C,_6110_,NOR2,0,0,2,2,27,8,25,-8.984374999965183e-06,1.33,0.5320000000001528,0.00802
b21_C,_6112_,NAND2,0,0,2,1,24,12,46,-1.1171874999993392e-05,1.33,0.5320000000001528,0.00802
b21_C,_6111_,NOR2,0,0,2,1,24,10,10,-4.414062499957794e-06,1.33,0.5320000000001528,0.00802
b21_C,_6113_,OAI21,0,0,3,2,25,11,45,-5.859375007410961e-08,1.862,0.7979999999997744,0.00802
b21_C,_6114_,AOI22,0,0,4,3,23,12,67,-2.0234374999983373e-05,2.394,1.0640000000003056,0.00802
b21_C,_6115_,NAND2,0,0,2,4,22,13,103,0.0,1.33,0.5320000000001528,0.00802
b21_C,_6116_,NAND2,0,0,2,3,23,13,95,0.0,1.33,0.5320000000001528,0.00802
b21_C,_6117_,NAND2,0,0,2,1,24,12,12,0.0,1.33,0.5320000000001528,0.00802
b21_C,_6118_,OAI22,0,0,4,2,22,14,88,-4.257812499908198e-06,2.394,1.0640000000003056,0.00802
b21_C,_6119_,NAND2,0,0,2,4,20,15,134,0.0,1.33,0.5320000000001528,0.00802
b21_C,_6120_,NOR2,0,0,2,1,21,15,15,-9.765624997548628e-08,1.33,0.5320000000001528,0.00802
b21_C,_6122_,NOR3,0,0,3,3,18,17,155,-1.5429687501011813e-06,1.862,0.7979999999997744,0.00802
b21_C,_6123_,NOR2,0,0,2,4,18,17,164,0.0,1.33,0.5320000000001528,0.00802
b21_C,_6124_,NOR2,0,0,2,1,19,16,16,-3.906250012342127e-08,1.33,0.5320000000001528,0.00802
b21_C,_6125_,NAND2,0,0,2,2,17,18,38,-3.906250012342127e-08,1.33,0.5320000000001528,0.00802
b21_C,_6126_,NAND2,0,0,2,4,16,19,197,-1.3476562501502087e-06,1.33,0.5320000000001528,0.00802
b21_C,_6127_,NAND3,0,0,3,3,16,19,186,-1.7578125000028422e-07,1.862,0.7979999999997744,0.00802
b21_C,_6128_,AOI21,0,1,3,2,13,22,189,-1.3125000000169251e-05,1.862,0.7979999999997744,0.00802
b21_C,_6129_,NOR2,0,0,2,1,14,21,187,-0.0001599609375000366,1.33,0.5320000000001528,0.00802
b21_C,_6130_,AND2,0,0,2,1,10,21,187,-6.898437499991417e-05,1.33,0.26599999999962165,0.00802
b21_C,_6132_,AOI22,0,0,4,3,14,21,207,-5.859375007410961e-08,2.394,1.0640000000003056,0.00802
b21_C,_6133_,OAI22,0,0,4,3,13,22,225,-1.7578125000028422e-06,2.394,1.0640000000003056,0.00802
b21_C,_6134_,NOR2,0,0,2,2,12,24,248,-0.0011929687500000785,1.33,0.5320000000001528,0.00802
b21_C,_6135_,NOR2,0,1,2,2,10,22,47,-2.562500000014012e-05,1.33,0.5320000000001528,0.00802
b21_C,_6136_,NAND2,0,0,2,3,12,23,242,-2.5781250001521983e-06,1.33,0.5320000000001528,0.00802
b21_C,_6137_,NAND2,0,0,2,1,13,22,22,-9.179687501248424e-07,1.33,0.5320000000001528,0.00802
b21_C,_6138_,NOR4,0,0,4,1,14,21,21,-1.0234375000139906e-05,2.394,1.0640000000003056,0.00802
b21_C,_6139_,NOR3,0,0,3,3,9,26,265,1.9531249950688334e-08,1.862,0.7979999999997744,0.00802
b21_C,_6140_,AND2,0,0,2,2,9,22,43,-1.1503906250043272e-05,1.33,0.26599999999962165,0.00802
b21_C,_6141_,AOI211,0,0,4,1,10,21,21,-1.6406250000766676e-06,2.394,1.0640000000003056,0.00802
b21_C,_6142_,NAND3,0,0,3,1,15,20,20,0.0,1.862,0.7979999999997744,0.00802
b21_C,_6143_,NOR2,0,0,2,2,14,21,206,-5.859375007410961e-08,1.33,0.5320000000001528,0.00802
b21_C,_6144_,NAND2,0,0,2,2,13,22,223,-1.6992187501507772e-06,1.33,0.5320000000001528,0.00802
b21_C,_6145_,NOR2,0,0,2,2,12,23,239,-2.460937500003979e-06,1.33,0.5320000000001528,0.00802
b21_C,_6146_,NAND2,0,0,2,4,7,28,424,-0.00041482421875005393,1.33,0.5320000000001528,0.00802
b21_C,_6147_,NAND2,0,0,2,2,4,29,427,-0.0006490820312499146,1.33,0.5320000000001528,0.00802
b21_C,_6148_,OAI211,0,0,4,4,7,28,424,-0.0008373242187500463,2.394,1.0640000000003056,0.00802
b21_C,_6149_,NAND3,0,0,3,1,8,27,271,-1.9726562501265477e-06,1.862,0.7979999999997744,0.00802
b21_C,_6150_,AOI21,0,0,3,2,8,27,296,-1.7773437499535305e-06,1.862,0.7979999999997744,0.00802
b21_C,_6151_,OAI21,0,3,3,3,10,26,270,8.105468749963762e-06,1.862,0.7979999999997744,0.00802
b21_C,_6152_,OAI21,0,0,3,2,9,26,263,0.0,1.862,0.7979999999997744,0.00802
b21_C,_6153_,AOI221,0,2,5,1,11,25,254,-3.203125000128537e-06,2.926,1.3300000000008367,0.00802
b21_C,_6154_,AOI21,0,2,3,2,12,24,253,-3.3261718749955094e-05,1.862,0.7979999999997744,0.00802
b21_C,_6155_,NAND2,0,0,2,1,12,24,246,-0.0010970898437501209,1.33,0.5320000000001528,0.00802
b21_C,_6156_,AOI21,0,2,3,3,13,23,245,5.488281249999005e-05,1.862,0.7979999999997744,0.00802
b21_C,_6157_,AOI221,0,0,5,3,14,22,230,-3.744140625006054e-05,2.926,1.3300000000008367,0.00802
b21_C,_6158_,OAI221,0,0,5,3,15,21,215,0.0,2.926,1.3300000000008367,0.00802
b21_C,_6159_,AOI221,0,0,5,4,16,20,195,-3.906250012342127e-08,2.926,1.3300000000008367,0.00802
b21_C,_6160_,AOI21,0,0,3,1,17,19,19,0.0,1.862,0.7979999999997744,0.00802
b21_C,_6161_,OAI21,0,0,3,3,15,20,199,0.0,1.862,0.7979999999997744,0.00802
b21_C,_6162_,OAI21,0,0,3,3,15,20,186,0.0,1.862,0.7979999999997744,0.00802
b21_C,_6163_,NAND2,0,0,2,1,16,19,19,0.0,1.33,0.5320000000001528,0.00802
b21_C,_6164_,OAI211,0,0,4,1,18,18,18,0.0,2.394,1.0640000000003056,0.00802
b21_C,_6165_,AOI22,0,0,4,1,19,17,17,-1.445312500125695e-06,2.394,1.0640000000003056,0.00802
b21_C,_6166_,AOI21,0,0,3,2,17,18,153,0.0,1.862,0.7979999999997744,0.00802
b21_C,_6167_,NOR2,0,0,2,2,18,17,37,0.0,1.33,0.5320000000001528,0.00802
b21_C,_6168_,OR3,0,0,3,1,20,16,16,0.0,1.596,0.26599999999962165,0.00802
b21_C,_6169_,AOI21,0,0,3,1,21,15,15,0.0,1.862,0.7979999999997744,0.00802
b21_C,_6170_,OAI21,0,0,3,1,22,14,14,0.0,1.862,0.7979999999997744,0.00802
b21_C,_6171_,AOI22,0,0,4,1,21,14,14,-4.531250000106013e-06,2.394,1.0640000000003056,0.00802
b21_C,_6172_,AOI21,0,0,3,1,23,13,13,0.0,1.862,0.7979999999997744,0.00802
b21_C,_6173_,NOR2,0,0,2,2,21,13,21,-1.7578125000250466e-05,1.33,0.5320000000001528,0.00802
b21_C,_6174_,NAND4,0,0,4,5,15,15,110,0.0,2.394,1.0640000000003056,0.00802
b21_C,_6175_,AOI211,0,0,4,1,24,12,12,-3.906250001239897e-07,2.394,1.0640000000003056,0.00802
b21_C,_6176_,OAI21,0,0,3,1,25,11,11,0.0,1.862,0.7979999999997744,0.00802
b21_C,_6177_,NOR2,0,0,2,3,23,12,74,-9.74609375004043e-06,1.33,0.5320000000001528,0.00802
b21_C,_6178_,NOR2,0,0,2,3,23,12,67,-1.097656250004242e-05,1.33,0.5320000000001528,0.00802
b21_C,_6179_,NOR2,0,0,2,1,24,11,11,0.0,1.33,0.5320000000001528,0.00802
b21_C,_6180_,AOI21,0,0,3,1,26,10,10,0.0,1.862,0.7979999999997744,0.00802
b21_C,_6181_,OAI22,0,0,4,1,27,9,9,-4.2382812499575095e-06,2.394,1.0640000000003056,0.00802
b21_C,_6182_,OAI21,0,0,3,1,28,8,8,0.0,1.862,0.7979999999997744,0.00802
b21_C,_6183_,OAI211,0,0,4,1,29,7,7,0.0,2.394,1.0640000000003056,0.00802
b21_C,_6184_,NAND2,0,0,2,4,27,8,31,0.0,1.33,0.5320000000001528,0.00802
b21_C,_6185_,NAND2,0,0,2,2,27,7,9,-9.285156250005144e-05,1.33,0.5320000000001528,0.00802
b21_C,_6186_,NAND3,0,0,3,1,30,6,6,0.0,1.862,0.7979999999997744,0.00802
b21_C,_6187_,AND2,0,0,2,3,27,7,12,-2.4140625000113047e-05,1.33,0.26599999999962165,0.00802
b21_C,_6188_,NOR2,0,0,2,2,27,7,9,-8.63867187499423e-05,1.33,0.5320000000001528,0.00802
b21_C,_6189_,NOR2,0,0,2,1,28,6,6,0.0,1.33,0.5320000000001528,0.00802
b21_C,_6190_,AOI21,0,0,3,2,31,5,5,0.0,1.862,0.7979999999997744,0.00802
b21_C,_6191_,NAND2,0,0,2,1,28,7,9,-0.00010859375000005222,1.33,0.5320000000001528,0.00802
b21_C,_6193_,OAI21,0,0,3,1,32,4,3,0.0,1.862,0.7979999999997744,0.00802
b21_C,_6192_,INV,0,0,1,3,29,6,8,0.0,0.798,0.26599999999962165,0.00802
b21_C,_6194_,BUF,0,0,1,10,7,8,229,0.0,1.064,0.26600000000053114,0.00802
b21_C,_6196_,NAND2,0,0,2,2,9,5,5,0.0,1.33,0.5320000000001528,0.00802
b21_C,_6197_,NOR2,0,0,2,1,30,3,2,0.0,1.33,0.5320000000001528,0.00802
b21_C,_6198_,AOI21,0,0,3,1,29,5,4,-2.6933593750166906e-05,1.862,0.7979999999997744,0.00802
b21_C,_6199_,OAI221,0,0,5,1,29,5,4,-8.736328125014126e-05,2.926,1.3300000000008367,0.00802
b21_C,_6200_,NOR2,0,0,2,2,27,7,13,0.0,1.33,0.5320000000001528,0.00802
b21_C,_6201_,NAND2,0,0,2,2,21,14,94,-3.906250001239897e-07,1.33,0.5320000000001528,0.00802
b21_C,_6202_,NAND2,0,0,2,2,22,14,96,0.0,1.33,0.5320000000001528,0.00802
b21_C,_6203_,NAND3,0,0,3,2,19,16,123,-1.3671875009890755e-07,1.862,0.7979999999997744,0.00802
b21_C,_6205_,OAI211,0,0,4,2,17,19,160,0.0,2.394,1.0640000000003056,0.00802
b21_C,_6204_,NOR2,0,0,2,2,17,18,149,-1.3671875009890755e-07,1.33,0.5320000000001528,0.00802
b21_C,_6206_,AND3,0,0,3,2,18,18,149,0.0,1.596,0.26599999999962165,0.00802
b21_C,_6208_,NAND2,0,0,2,2,18,17,130,0.0,1.33,0.5320000000001528,0.00802
b21_C,_6209_,AOI211,0,0,4,3,20,16,120,-3.906250012342127e-08,2.394,1.0640000000003056,0.00802
b21_C,_6210_,OAI221,0,0,5,2,21,15,103,-7.812500002479794e-08,2.926,1.3300000000008367,0.00802
b21_C,_6211_,AOI22,0,0,4,2,22,14,94,-4.375000000056417e-06,2.394,1.0640000000003056,0.00802
b21_C,_6212_,OAI211,0,0,4,2,23,13,76,0.0,2.394,1.0640000000003056,0.00802
b21_C,_6213_,NAND3,0,0,3,3,24,12,67,0.0,1.862,0.7979999999997744,0.00802
b21_C,_6214_,AOI211,0,0,4,2,25,11,47,0.0,2.394,1.0640000000003056,0.00802
b21_C,_6215_,OAI22,0,0,4,2,26,10,36,-4.296875000031619e-06,2.394,1.0640000000003056,0.00802
b21_C,_6216_,AOI21,0,0,3,1,27,9,28,-5.2148437501564615e-06,1.862,0.7979999999997744,0.00802
b21_C,_6217_,AOI21,0,0,3,2,28,8,27,0.0,1.862,0.7979999999997744,0.00802
b21_C,_6218_,OAI21,0,0,3,3,29,7,19,0.0,1.862,0.7979999999997744,0.00802
b21_C,_6219_,AOI211,0,0,4,1,30,5,4,0.0,2.394,1.0640000000003056,0.00802
b21_C,_6220_,OAI21,0,0,3,1,31,4,3,0.0,1.862,0.7979999999997744,0.00802
b21_C,_6221_,OAI21,0,0,3,1,32,3,2,-7.226562501738698e-07,1.862,0.7979999999997744,0.00802
b21_C,_6222_,NAND4,0,0,4,1,32,4,3,-5.988281250002281e-05,2.394,1.0640000000003056,0.00802
b21_C,_6224_,NAND2,0,0,2,3,28,7,15,0.0,1.33,0.5320000000001528,0.00802
b21_C,_6223_,XNOR2,0,0,2,3,27,7,16,-7.974609375005492e-05,2.66,1.0640000000003056,0.00802
b21_C,_6225_,AND2,0,0,2,2,24,8,29,-5.546874999984297e-06,1.33,0.26599999999962165,0.00802
b21_C,_6226_,OR2,0,0,2,3,25,7,18,0.0,1.33,0.26599999999962165,0.00802
b21_C,_6227_,XNOR2,0,1,2,3,25,8,16,-7.304687499987139e-06,2.66,1.0640000000003056,0.00802
b21_C,_6228_,XNOR2,0,0,2,3,26,8,15,-6.601562499986002e-06,2.66,1.0640000000003056,0.00802
b21_C,_6229_,XNOR2,0,0,2,3,24,8,19,5.039062499934133e-06,2.66,1.0640000000003056,0.00802
b21_C,_6230_,NAND2,0,0,2,2,22,10,28,-9.550781250089457e-06,1.33,0.5320000000001528,0.00802
b21_C,_6231_,NAND2,0,0,2,3,24,9,18,0.0,1.33,0.5320000000001528,0.00802
b21_C,_6232_,XNOR2,0,0,2,3,23,9,19,7.109374999814122e-06,2.66,1.0640000000003056,0.00802
b21_C,_6233_,NAND2,0,0,2,3,23,9,18,0.0,1.33,0.5320000000001528,0.00802
b21_C,_6234_,NAND2,0,0,2,2,21,11,29,-1.613281250012477e-05,1.33,0.5320000000001528,0.00802
b21_C,_6235_,NAND2,0,0,2,3,23,10,20,0.0,1.33,0.5320000000001528,0.00802
b21_C,_6236_,NAND2,0,0,2,3,21,10,20,0.0,1.33,0.5320000000001528,0.00802
b21_C,_6237_,XNOR2,0,0,2,3,21,11,20,3.5156250000056843e-07,2.66,1.0640000000003056,0.00802
b21_C,_6238_,NOR2,0,0,2,3,19,11,21,0.0,1.33,0.5320000000001528,0.00802
b21_C,_6239_,NAND2,0,0,2,1,22,10,9,-1.9531250017301716e-07,1.33,0.5320000000001528,0.00802
b21_C,_6240_,AND3,0,0,3,3,14,12,47,-8.90625000016243e-06,1.596,0.26599999999962165,0.00802
b21_C,_6241_,XNOR2,0,0,2,3,21,11,20,2.3437500007439382e-07,2.66,1.0640000000003056,0.00802
b21_C,_6242_,NOR2,0,0,2,2,19,12,29,-3.2617187502026468e-06,1.33,0.5320000000001528,0.00802
b21_C,_6243_,NOR2,0,0,2,3,20,11,21,0.0,1.33,0.5320000000001528,0.00802
b21_C,_6244_,XNOR2,0,0,2,3,18,12,22,-1.8164062500769518e-06,2.66,1.0640000000003056,0.00802
b21_C,_6245_,NAND2,0,0,2,3,18,12,21,0.0,1.33,0.5320000000001528,0.00802
b21_C,_6246_,NAND2,0,0,2,3,17,12,22,0.0,1.33,0.5320000000001528,0.00802
b21_C,_6247_,XNOR2,0,0,2,3,16,13,23,0.0,2.66,1.0640000000003056,0.00802
b21_C,_6248_,XNOR2,0,0,2,3,16,13,25,2.1484374990166089e-07,2.66,1.0640000000003056,0.00802
b21_C,_6249_,XNOR2,0,1,2,3,10,15,25,-2.5585937499794653e-06,2.66,1.0640000000003056,0.00802
b21_C,_6250_,XNOR2,0,0,2,3,14,15,24,0.0,2.66,1.0640000000003056,0.00802
b21_C,_6251_,NOR2,0,0,2,4,10,15,22,-5.3359375000061604e-05,1.33,0.5320000000001528,0.00802
b21_C,_6252_,NAND3,0,0,3,1,15,14,13,-1.1210937500116813e-05,1.862,0.7979999999997744,0.00802
b21_C,_6253_,XNOR2,0,0,2,3,14,14,26,7.617187499864286e-06,2.66,1.0640000000003056,0.00802
b21_C,_6254_,XNOR2,0,0,2,3,12,15,24,-5.078125000501643e-07,2.66,1.0640000000003056,0.00802
b21_C,_6255_,XNOR2,0,0,2,3,12,15,24,9.765624997548628e-08,2.66,1.0640000000003056,0.00802
b21_C,_6256_,NAND2,0,0,2,1,13,14,13,-2.148437501237055e-07,1.33,0.5320000000001528,0.00802
b21_C,_6257_,XNOR2,0,0,2,3,12,15,24,5.136718749909619e-06,2.66,1.0640000000003056,0.00802
b21_C,_6258_,NOR2,0,1,2,3,11,15,26,1.4277343749924398e-05,1.33,0.5320000000001528,0.00802
b21_C,_6259_,XNOR2,0,0,2,3,13,15,22,-1.50390624997776e-06,2.66,1.0640000000003056,0.00802
b21_C,_6260_,XNOR2,0,0,2,3,10,15,26,-3.7109374995125677e-07,2.66,1.0640000000003056,0.00802
b21_C,_6261_,NAND4,0,0,4,1,14,14,13,-2.0898437500083134e-05,2.394,1.0640000000003056,0.00802
b21_C,_6262_,NOR4,0,0,4,1,16,13,12,-3.828125000104876e-06,2.394,1.0640000000003056,0.00802
b21_C,_6263_,NAND3,0,0,3,1,17,12,11,-1.3671875009890755e-07,1.862,0.7979999999997744,0.00802
b21_C,_6265_,NAND3,0,0,3,1,22,10,9,-2.148437501237055e-07,1.862,0.7979999999997744,0.00802
b21_C,_6264_,NOR4,0,0,4,1,19,11,10,0.0,2.394,1.0640000000003056,0.00802
b21_C,_6266_,OR4,0,0,4,1,24,9,8,0.0,1.862,0.26600000000053114,0.00802
b21_C,_6267_,OR4,0,0,4,1,25,8,7,-1.6796875002000888e-06,1.862,0.26600000000053114,0.00802
b21_C,_6268_,OR4,0,1,4,1,27,7,6,6.894531249912461e-06,1.862,0.26600000000053114,0.00802
b21_C,_6269_,OR4,0,1,4,1,29,6,5,9.41406249999055e-06,1.862,0.26600000000053114,0.00802
b21_C,_6270_,OR4,0,1,4,1,30,5,4,1.5527343749877076e-05,1.862,0.26600000000053114,0.00802
b21_C,_6271_,MUX2,0,1,3,1,31,4,3,-1.7187500000126477e-05,2.394,0.5320000000001528,0.00802
b21_C,_6272_,OAI21,0,1,3,1,33,3,2,-6.6796875000108e-06,1.862,0.7979999999997744,0.00802
b21_C,_6273_,AOI221,0,1,5,1,34,2,1,5.371093749761968e-06,2.926,1.3300000000008367,0.00802
b21_C,_6274_,OAI22,0,1,4,0,35,1,0,-2.371093750008768e-05,2.394,1.0640000000003056,0.00802
b21_C,_6275_,NOR2,0,0,2,6,14,3,17,-3.6328125001539036e-06,1.33,0.5320000000001528,0.00802
b21_C,_6276_,NAND2,0,0,2,9,6,5,30,-0.00016998046875027484,1.33,0.5320000000001528,0.00802
b21_C,_6277_,XNOR2,0,0,2,1,2,5,7,-4.779296875012662e-05,2.66,1.0640000000003056,0.00802
b21_C,_6278_,OAI22,0,0,4,2,7,4,6,-0.0002208984375000611,2.394,1.0640000000003056,0.00802
b21_C,_6279_,AND2,0,14,2,3,13,6,49,0.00010656250000007361,1.33,0.26599999999962165,0.00802
b21_C,_6280_,NOR2,0,13,2,2,14,5,42,0.00014101562499990727,1.33,0.5320000000001528,0.00802
b21_C,_6281_,BUF,0,13,1,10,15,4,39,0.00045501953124982286,1.064,0.26600000000053114,0.00802
b21_C,_6282_,AOI221,0,1,5,1,16,2,1,-0.00012304687500019895,2.926,1.3300000000008367,0.00802
b21_C,_6283_,XNOR2,0,0,2,1,2,2,1,-6.230468750012541e-05,2.66,1.0640000000003056,0.00802
b21_C,_6284_,NOR2,0,0,2,2,6,5,13,-9.375000000755307e-07,1.33,0.5320000000001528,0.00802
b21_C,_6285_,NAND2,0,0,2,9,14,4,11,-7.628906250012335e-05,1.33,0.5320000000001528,0.00802
b21_C,_6287_,AND2,0,0,2,1,4,3,2,-3.710937500001066e-05,1.33,0.26599999999962165,0.00801
b21_C,_6286_,OAI21,0,1,3,0,17,1,0,-6.992187500109992e-06,1.862,0.7979999999997744,0.00802
b21_C,_6288_,NOR2,0,1,2,3,14,5,9,-0.00016519531250014374,1.33,0.5320000000001528,0.00802
b21_C,_6289_,AOI221,0,1,5,1,16,2,1,-0.00013972656250005322,2.926,1.3300000000008367,0.00802
b21_C,_6290_,NAND2,0,0,2,2,2,31,87,-4.8242187500102673e-05,1.33,0.5320000000001528,0.00801
b21_C,_6291_,XNOR2,0,0,2,1,4,3,2,-0.00011171875000015596,2.66,1.0640000000003056,0.00802
b21_C,_6292_,XNOR2,0,0,2,1,5,2,1,0.0,2.66,1.0640000000003056,0.00802
b21_C,_6293_,NAND2,0,0,2,6,15,2,6,-7.441406250086047e-06,1.33,0.5320000000001528,0.00802
b21_C,_6294_,NAND2,0,0,2,2,2,32,91,-3.8476562500111555e-05,1.33,0.5320000000001528,0.00801
b21_C,_6295_,XNOR2,0,0,2,1,4,3,2,-0.00011171875000015596,2.66,1.0640000000003056,0.00802
b21_C,_6296_,XNOR2,0,0,2,1,5,2,1,0.0,2.66,1.0640000000003056,0.00802
b21_C,_6297_,OAI221,0,1,5,0,17,1,0,-3.289062500000384e-05,2.926,1.3300000000008367,0.00802
b21_C,_6298_,NOR2,0,0,2,1,7,4,4,-9.375000000755307e-07,1.33,0.5320000000001528,0.00802
b21_C,_6299_,AOI21,0,0,3,1,14,3,3,0.0,1.862,0.7979999999997744,0.00802
b21_C,_6300_,OR3,0,0,3,2,15,2,2,-4.414062499957794e-06,1.596,0.26599999999962165,0.00801
b21_C,_6301_,BUF,0,9,1,10,16,3,20,0.00038207031249992696,1.064,0.26600000000053114,0.00802
b21_C,_6302_,XNOR2,0,0,2,1,4,6,5,-1.3496093750120508e-05,2.66,1.0640000000003056,0.00802
b21_C,_6303_,NOR2,0,1,2,1,4,31,85,-7.554687500022084e-05,1.33,0.5320000000001528,0.00801
b21_C,_6304_,NAND2,0,0,2,1,4,31,85,-8.818359375006857e-05,1.33,0.5320000000001528,0.00801
b21_C,_6305_,AOI21,0,1,3,2,5,30,84,8.164062500037872e-06,1.862,0.7979999999997744,0.00802
b21_C,_6306_,XNOR2,0,0,2,1,6,5,4,-3.2695312500052864e-05,2.66,1.0640000000003056,0.00802
b21_C,_6307_,AOI22,0,0,4,1,7,4,3,-1.064453124999254e-05,2.394,1.0640000000003056,0.00802
b21_C,_6308_,INV,0,0,1,2,1,6,6,0.0,0.798,0.26599999999962165,0.00801
b21_C,_6309_,XNOR2,0,0,2,1,4,5,4,-1.3496093750120508e-05,2.66,1.0640000000003056,0.00802
b21_C,_6310_,NOR2,0,4,2,1,4,32,89,-4.951171875000604e-05,1.33,0.5320000000001528,0.00801
b21_C,_6311_,NAND2,0,0,2,1,4,32,89,-8.818359375006857e-05,1.33,0.5320000000001528,0.00801
b21_C,_6312_,AOI21,0,4,3,2,5,31,88,4.945312499993193e-05,1.862,0.7979999999997744,0.00802
b21_C,_6313_,XNOR2,0,0,2,1,6,4,3,-0.0001188085937500194,2.66,1.0640000000003056,0.00802
b21_C,_6314_,OAI21,0,0,3,1,8,3,2,0.0,1.862,0.7979999999997744,0.00802
b21_C,_6315_,AOI22,0,1,4,1,17,2,1,-8.703125000009138e-05,2.394,1.0640000000003056,0.00802
b21_C,_6316_,NAND3,0,1,3,0,18,1,0,-1.0605468750091163e-05,1.862,0.7979999999997744,0.00802
b21_C,_6317_,NAND2,0,0,2,1,7,4,3,-7.031250000011369e-06,1.33,0.5320000000001528,0.00802
b21_C,_6318_,XNOR2,0,0,2,1,5,5,4,-8.925781250113118e-06,2.66,1.0640000000003056,0.00802
b21_C,_6319_,AOI21,0,4,3,1,6,30,83,-5.9121093750169607e-05,1.862,0.7979999999997744,0.00802
b21_C,_6320_,INV,0,4,1,1,7,29,82,-2.2656250000530065e-06,0.798,0.26599999999962165,0.00802
b21_C,_6321_,OAI21,0,4,3,2,8,28,81,-5.253906250057838e-06,1.862,0.7979999999997744,0.00802
b21_C,_6322_,XNOR2,0,0,2,1,9,4,3,-4.927734375015369e-05,2.66,1.0640000000003056,0.00802
b21_C,_6323_,OAI21,0,0,3,1,10,3,2,0.0,1.862,0.7979999999997744,0.00802
b21_C,_6324_,AOI22,0,1,4,1,17,2,1,-8.695312500006658e-05,2.394,1.0640000000003056,0.00802
b21_C,_6325_,XNOR2,0,0,2,1,5,3,2,-8.925781250113118e-06,2.66,1.0640000000003056,0.00802
b21_C,_6326_,OAI21,0,1,3,1,6,29,78,-2.0273437500106795e-05,1.862,0.7979999999997744,0.00802
b21_C,_6327_,INV,0,1,1,1,7,28,77,-1.9531249999538147e-06,0.798,0.26599999999962165,0.00801
b21_C,_6328_,AOI21,0,1,3,2,8,27,76,-1.1621093749969447e-05,1.862,0.7979999999997744,0.00802
b21_C,_6329_,XNOR2,0,0,2,1,9,2,1,-8.105468749963762e-06,2.66,1.0640000000003056,0.00802
b21_C,_6330_,OAI211,0,1,4,0,18,1,0,-8.027343750161009e-06,2.394,1.0640000000003056,0.00802
b21_C,_6331_,XNOR2,0,0,2,1,5,5,4,-5.859375007410961e-08,2.66,1.0640000000003056,0.00802
b21_C,_6332_,NOR2,0,0,2,1,5,27,74,-6.6796875000108e-06,1.33,0.5320000000001528,0.00802
b21_C,_6333_,NOR2,0,1,2,1,9,26,73,5.722656249984581e-06,1.33,0.5320000000001528,0.00802
b21_C,_6334_,AOI21,0,1,3,2,10,25,72,-1.4726562500122498e-05,1.862,0.7979999999997744,0.00802
b21_C,_6335_,XNOR2,0,0,2,1,11,4,3,-8.828125000137632e-06,2.66,1.0640000000003056,0.00802
b21_C,_6336_,XOR2,0,0,2,1,5,6,5,-3.906250012342127e-08,2.394,0.7980000000006839,0.00802
b21_C,_6337_,NOR2,0,0,2,1,5,28,77,-6.6796875000108e-06,1.33,0.5320000000001528,0.00802
b21_C,_6338_,NOR2,0,4,2,1,9,27,76,1.2265624999896474e-05,1.33,0.5320000000001528,0.00802
b21_C,_6339_,AOI21,0,4,3,2,10,26,75,-4.199218750011724e-05,1.862,0.7979999999997744,0.00802
b21_C,_6340_,XNOR2,0,0,2,1,11,5,4,-3.5976562499984155e-05,2.66,1.0640000000003056,0.00802
b21_C,_6341_,AOI22,0,0,4,1,12,4,3,-1.1523437499771916e-06,2.394,1.0640000000003056,0.00802
b21_C,_6342_,NAND2,0,1,2,2,14,5,19,-8.484375000006317e-05,1.33,0.5320000000001528,0.00802
b21_C,_6343_,BUF,0,0,1,10,15,4,12,-5.292968749959215e-06,1.064,0.26600000000053114,0.00802
b21_C,_6344_,OAI22,0,0,4,1,16,3,2,0.0,2.394,1.0640000000003056,0.00802
b21_C,_6345_,AOI21,0,1,3,1,17,2,1,-6.447265624998089e-05,1.862,0.7979999999997744,0.00802
b21_C,_6346_,NAND3,0,1,3,0,18,1,0,-1.3105468749996518e-05,1.862,0.7979999999997744,0.00802
b21_C,_6347_,NOR2,0,24,2,8,9,3,37,0.0010579492187499095,1.33,0.5320000000001528,0.00801
b21_C,_6348_,BUF,0,6,1,9,10,1,9,6.87695312500125e-05,1.064,0.26600000000053114,0.00801
b21_C,_6349_,NOR2,0,1,2,4,15,3,8,-5.859375000749623e-07,1.33,0.5320000000001528,0.00802
b21_C,_6350_,XNOR2,0,0,2,1,5,4,3,0.0,2.66,1.0640000000003056,0.00802
b21_C,_6351_,NOR2,0,0,2,1,5,25,68,1.9531249950688334e-08,1.33,0.5320000000001528,0.00802
b21_C,_6352_,NAND2,0,0,2,1,5,25,68,-1.9531249950688334e-08,1.33,0.5320000000001528,0.00802
b21_C,_6353_,AOI21,0,1,3,2,11,24,67,8.164062500037872e-06,1.862,0.7979999999997744,0.00802
b21_C,_6354_,XNOR2,0,0,2,1,12,3,2,-3.6914062500059686e-05,2.66,1.0640000000003056,0.00802
b21_C,_6355_,AOI221,0,1,5,1,16,2,1,-0.00011025390625007958,2.926,1.3300000000008367,0.00802
b21_C,_6356_,BUF,0,0,1,10,7,3,19,0.0,1.064,0.26600000000053114,0.00802
b21_C,_6357_,XNOR2,0,0,2,1,5,4,3,0.0,2.66,1.0640000000003056,0.00802
b21_C,_6358_,NOR2,0,0,2,1,5,26,70,3.906249990137667e-08,1.33,0.5320000000001528,0.00802
b21_C,_6359_,NAND2,0,0,2,1,5,26,70,-1.9531249950688334e-08,1.33,0.5320000000001528,0.00802
b21_C,_6360_,AOI21,0,4,3,2,11,25,69,8.576171874996597e-05,1.862,0.7979999999997744,0.00802
b21_C,_6361_,XNOR2,0,0,2,1,12,3,2,-0.00013365234375006807,2.66,1.0640000000003056,0.00802
b21_C,_6363_,OAI21,0,1,3,0,17,1,0,-2.1523437500059472e-05,1.862,0.7979999999997744,0.00802
b21_C,_6362_,AOI22,0,0,4,1,13,2,1,-1.1328125000265032e-06,2.394,1.0640000000003056,0.00802
b21_C,_6364_,AOI22,0,1,4,1,16,2,1,-0.00013408203125009344,2.394,1.0640000000003056,0.00802
b21_C,_6365_,XNOR2,0,0,2,1,5,3,2,-1.9531249950688334e-08,2.66,1.0640000000003056,0.00802
b21_C,_6366_,AND2,0,0,2,1,5,24,64,0.0,1.33,0.26599999999962165,0.00802
b21_C,_6367_,OR2,0,0,2,1,5,24,64,0.0,1.33,0.26599999999962165,0.00802
b21_C,_6368_,AOI21,0,1,3,2,12,23,63,-4.375000000056417e-06,1.862,0.7979999999997744,0.00802
b21_C,_6369_,XNOR2,0,0,2,1,13,2,1,-1.3281249999996803e-05,2.66,1.0640000000003056,0.00802
b21_C,_6370_,XOR2,0,0,2,1,5,4,3,0.0,2.394,0.7980000000006839,0.00802
b21_C,_6371_,AND2,0,0,2,1,5,25,66,0.0,1.33,0.26600000000053114,0.00802
b21_C,_6372_,OR2,0,0,2,1,5,25,66,0.0,1.33,0.26600000000053114,0.00802
b21_C,_6374_,XNOR2,0,0,2,1,13,3,2,-5.8261718750118874e-05,2.66,1.0640000000003056,0.00802
b21_C,_6373_,AOI21,0,4,3,2,12,24,65,-1.7500000000003624e-05,1.862,0.7980000000006839,0.00802
b21_C,_6375_,AOI22,0,0,4,1,14,2,1,-1.1328125000265032e-06,2.394,1.0640000000003056,0.00802
b21_C,_6376_,OAI221,0,1,5,0,17,1,0,-1.0214843749967173e-05,2.926,1.3300000000008367,0.00802
b21_C,_6377_,NAND2,0,0,2,1,7,4,3,-9.609375000163567e-06,1.33,0.5320000000001528,0.00802
b21_C,_6378_,XOR2,0,0,2,1,6,5,4,-1.0898437500017621e-05,2.394,0.7979999999997744,0.00802
b21_C,_6379_,NOR2,0,0,2,1,5,24,62,3.906249990137667e-08,1.33,0.5320000000001528,0.00802
b21_C,_6380_,NAND2,0,0,2,1,5,24,62,0.0,1.33,0.5320000000001528,0.00802
b21_C,_6381_,AOI21,0,4,3,2,13,23,61,6.242187499982954e-05,1.862,0.7980000000006839,0.00802
b21_C,_6382_,XNOR2,0,0,2,1,14,4,3,-0.00011855468749999432,2.66,1.0640000000003056,0.00802
b21_C,_6383_,OAI21,0,0,3,1,15,3,2,0.0,1.862,0.7980000000006839,0.00802
b21_C,_6384_,AOI221,0,1,5,1,16,2,1,-0.00011453125000016051,2.926,1.3300000000008367,0.00802
b21_C,_6385_,XOR2,0,0,2,1,6,3,2,-1.0898437500017621e-05,2.394,0.7979999999997744,0.00802
b21_C,_6386_,NOR2,0,0,2,1,5,23,61,0.0,1.33,0.5320000000001528,0.00802
b21_C,_6387_,NAND2,0,0,2,1,5,23,61,0.0,1.33,0.5320000000001528,0.00802
b21_C,_6388_,AOI21,0,1,3,2,13,22,60,8.164062500037872e-06,1.862,0.7980000000006839,0.00802
b21_C,_6389_,XNOR2,0,0,2,1,14,2,1,-3.7734374999987e-05,2.66,1.0640000000003056,0.00802
b21_C,_6390_,OAI21,0,1,3,0,17,1,0,-6.992187500109992e-06,1.862,0.7980000000006839,0.00802
b21_C,_6391_,XOR2,0,0,2,1,6,4,3,0.0,2.394,0.7979999999997744,0.00802
b21_C,_6392_,AND2,0,0,2,1,6,22,58,-4.023437500055849e-06,1.33,0.26600000000053114,0.00802
b21_C,_6393_,OR2,0,0,2,1,6,22,58,-4.023437500055849e-06,1.33,0.26600000000053114,0.00802
b21_C,_6394_,AOI21,0,1,3,2,14,21,57,-4.648437500032188e-06,1.862,0.7980000000006839,0.00802
b21_C,_6395_,XNOR2,0,0,2,1,15,3,2,-1.33593750000216e-05,2.66,1.0640000000003056,0.00802
b21_C,_6396_,NAND2,0,0,2,1,16,2,1,-4.550781250056701e-06,1.33,0.5320000000001528,0.00802
b21_C,_6397_,AOI22,0,1,4,1,17,2,1,-6.404296874995552e-05,2.394,1.0640000000003056,0.00802
b21_C,_6398_,XOR2,0,0,2,1,6,4,3,0.0,2.394,0.7979999999997744,0.00802
b21_C,_6399_,AOI21,0,4,3,1,14,22,56,-6.021484375007269e-05,1.862,0.7980000000006839,0.00802
b21_C,_6400_,INV,0,4,1,1,15,21,55,-2.460937500003979e-06,0.798,0.26599999999962165,0.00802
b21_C,_6401_,OAI21,0,4,3,2,16,20,54,-2.8125000000045475e-06,1.862,0.7980000000006839,0.00802
b21_C,_6402_,XNOR2,0,0,2,1,17,3,2,-5.23828125000847e-05,2.66,1.0640000000003056,0.00802
b21_C,_6403_,AOI22,0,0,4,1,18,2,1,-1.1328125000265032e-06,2.394,1.0640000000003056,0.00802
b21_C,_6404_,OAI211,0,1,4,0,19,1,0,-7.617187500086331e-06,2.394,1.0640000000003056,0.00802
b21_C,_6405_,XNOR2,0,0,2,1,7,6,5,-1.3593750000095994e-05,2.66,1.0640000000003056,0.00802
b21_C,_6406_,NOR2,0,0,2,1,6,21,54,0.0,1.33,0.5320000000001528,0.00802
b21_C,_6407_,NAND2,0,0,2,1,6,21,54,0.0,1.33,0.5320000000001528,0.00802
b21_C,_6408_,AOI21,0,1,3,2,15,20,53,8.164062500037872e-06,1.862,0.7980000000006839,0.00802
b21_C,_6409_,XNOR2,0,0,2,1,16,5,4,-3.382812500007937e-05,2.66,1.0640000000003056,0.00802
b21_C,_6410_,AOI22,0,0,4,1,17,4,3,-1.0761718749918714e-05,2.394,1.0640000000003056,0.00802
b21_C,_6411_,XOR2,0,0,2,1,7,5,4,-1.2207031250044409e-05,2.394,0.7979999999997744,0.00802
b21_C,_6412_,NOR2,0,0,2,1,6,20,51,0.0,1.33,0.5320000000001528,0.00802
b21_C,_6413_,NAND2,0,0,2,1,6,20,51,0.0,1.33,0.5320000000001528,0.00802
b21_C,_6414_,AOI21,0,4,3,2,17,19,50,6.17968749998532e-05,1.862,0.7980000000006839,0.00802
b21_C,_6415_,XNOR2,0,0,2,1,18,4,3,-0.00012037109375007127,2.66,1.0640000000003056,0.00802
b21_C,_6416_,OAI21,0,0,3,1,19,3,2,0.0,1.862,0.7980000000006839,0.00802
b21_C,_6417_,AOI222,0,1,6,1,20,2,1,-0.00011062500000003084,3.724,1.5960000000004584,0.00802
b21_C,_6418_,INV,0,1,1,0,21,1,0,-4.296875000031619e-06,0.798,0.26599999999962165,0.00802
b21_C,_6419_,AOI22,0,1,4,1,17,2,1,-6.515625000003133e-05,2.394,1.0640000000003056,0.00802
b21_C,_6420_,XNOR2,0,0,2,1,6,5,4,-9.1796875001382e-06,2.66,1.0640000000003056,0.00802
b21_C,_6421_,OAI21,0,4,3,1,18,18,45,-5.796874999997037e-05,1.862,0.7980000000006839,0.00802
b21_C,_6422_,INV,0,4,1,1,19,17,44,-8.105468749963762e-06,0.798,0.26599999999962165,0.00802
b21_C,_6423_,AOI21,0,4,3,2,20,16,43,-1.8632812500030127e-05,1.862,0.7980000000006839,0.00802
b21_C,_6424_,XNOR2,0,0,2,1,21,4,3,-3.3984375000128964e-05,2.66,1.0640000000003056,0.00802
b21_C,_6425_,XOR2,0,0,2,1,6,5,4,-8.203125000161293e-06,2.394,0.7979999999997744,0.00802
b21_C,_6426_,NAND2,0,0,2,2,7,19,47,-1.0742187499968026e-05,1.33,0.5320000000001528,0.00801
b21_C,_6427_,OAI21,0,1,3,2,16,19,47,-1.5390625000000213e-05,1.862,0.7980000000006839,0.00802
b21_C,_6428_,NAND2,0,0,2,1,17,5,4,-1.0722656250017337e-05,1.33,0.5320000000001528,0.00802
b21_C,_6429_,XNOR2,0,0,2,1,18,4,3,0.0,2.66,1.0640000000003056,0.00802
b21_C,_6430_,OAI22,0,0,4,1,22,3,2,-9.375000000755307e-07,2.394,1.0640000000003056,0.00802
b21_C,_6431_,AOI21,0,0,3,1,23,2,1,-6.015625000133085e-06,1.862,0.7980000000006839,0.00802
b21_C,_6432_,OAI21,0,1,3,0,24,1,0,-6.425781249985718e-06,1.862,0.7980000000006839,0.00802
b21_C,_6433_,NAND2,0,1,2,1,17,2,1,-7.99414062500059e-05,1.33,0.5320000000001528,0.00801
b21_C,_6434_,XNOR2,0,0,2,1,6,5,4,0.0,2.66,1.0640000000003056,0.00802
b21_C,_6435_,NAND2,0,0,2,1,6,16,39,-7.226562499962341e-06,1.33,0.5320000000001528,0.00802
b21_C,_6436_,NAND2,0,4,2,1,21,15,38,-1.4843750000270717e-06,1.33,0.5320000000001528,0.00802
b21_C,_6437_,OAI21,0,4,3,2,22,14,37,2.1484374999047873e-06,1.862,0.7980000000006839,0.00802
b21_C,_6438_,XNOR2,0,0,2,1,23,4,3,-5.3027343750011724e-05,2.66,1.0640000000003056,0.00802
b21_C,_6439_,XNOR2,0,0,2,1,6,5,4,0.0,2.66,1.0640000000003056,0.00802
b21_C,_6440_,NAND2,0,0,2,1,6,19,42,-7.226562499962341e-06,1.33,0.5320000000001528,0.00802
b21_C,_6441_,NAND3,0,1,3,1,17,18,41,-6.699218749961489e-06,1.862,0.7980000000006839,0.00802
b21_C,_6442_,OAI21,0,1,3,2,18,17,40,-3.4570312501536193e-06,1.862,0.7980000000006839,0.00802
b21_C,_6443_,XNOR2,0,0,2,1,19,4,3,-1.224609375016783e-05,2.66,1.0640000000003056,0.00802
b21_C,_6444_,OAI22,0,0,4,1,24,3,2,-9.375000000755307e-07,2.394,1.0640000000003056,0.00802
b21_C,_6445_,AOI21,0,0,3,1,25,2,1,0.0,1.862,0.7980000000006839,0.00802
b21_C,_6446_,OAI211,0,1,4,0,26,1,0,-8.554687500161862e-06,2.394,1.0640000000003056,0.00802
b21_C,_6447_,NAND2,0,1,2,1,17,2,1,-7.99414062500059e-05,1.33,0.5320000000001528,0.00801
b21_C,_6448_,XOR2,0,0,2,1,7,5,4,-8.613281250013927e-06,2.394,0.7979999999997744,0.00802
b21_C,_6449_,NOR2,0,0,2,1,6,14,33,0.0,1.33,0.5320000000001528,0.00802
b21_C,_6450_,NAND2,0,0,2,1,6,14,33,0.0,1.33,0.5320000000001528,0.00802
b21_C,_6451_,AOI21,0,4,3,2,23,13,32,5.976562499987459e-05,1.862,0.7980000000006839,0.00802
b21_C,_6452_,XNOR2,0,0,2,1,24,4,3,-0.00011816406250009237,2.66,1.0640000000003056,0.00802
b21_C,_6453_,XOR2,0,0,2,1,7,5,4,-8.613281250013927e-06,2.394,0.7979999999997744,0.00802
b21_C,_6454_,NOR2,0,0,2,1,6,17,36,0.0,1.33,0.5320000000001528,0.00802
b21_C,_6455_,NAND2,0,0,2,1,6,17,36,0.0,1.33,0.5320000000001528,0.00802
b21_C,_6456_,AOI21,0,1,3,2,19,16,35,8.164062500037872e-06,1.862,0.7980000000006839,0.00802
b21_C,_6457_,XNOR2,0,0,2,1,20,4,3,-3.1445312500100187e-05,2.66,1.0640000000003056,0.00802
b21_C,_6458_,OAI22,0,0,4,1,25,3,2,-9.375000000755307e-07,2.394,1.0640000000003056,0.00802
b21_C,_6459_,AOI21,0,0,3,1,26,2,1,-6.289062500108855e-06,1.862,0.7980000000006839,0.00802
b21_C,_6460_,OAI211,0,1,4,0,27,1,0,-8.554687500161862e-06,2.394,1.0640000000003056,0.00802
b21_C,_6461_,NAND2,0,1,2,1,17,2,1,-7.99414062500059e-05,1.33,0.5320000000001528,0.00801
b21_C,_6462_,XNOR2,0,0,2,1,7,5,4,0.0,2.66,1.0640000000003056,0.00802
b21_C,_6463_,NAND2,0,0,2,1,7,12,27,-7.558593750012221e-06,1.33,0.5320000000001528,0.00802
b21_C,_6464_,OAI21,0,4,3,1,24,12,27,-6.255859375015049e-05,1.862,0.7980000000006839,0.00802
b21_C,_6465_,AND2,0,4,2,2,25,11,26,2.2539062499937756e-05,1.33,0.26600000000053114,0.00802
b21_C,_6466_,XNOR2,0,0,2,1,26,4,3,-3.0781250000000426e-05,2.66,1.0640000000003056,0.00802
b21_C,_6467_,OAI21,0,1,3,1,20,15,30,-1.738281250007745e-05,1.862,0.7980000000006839,0.00802
b21_C,_6468_,INV,0,1,1,1,21,14,29,-2.0898437500527223e-06,0.798,0.26599999999962165,0.00802
b21_C,_6469_,AOI21,0,1,3,2,22,13,28,-8.945312500063807e-06,1.862,0.7980000000006839,0.00802
b21_C,_6470_,XNOR2,0,0,2,1,7,5,4,0.0,2.66,1.0640000000003056,0.00802
b21_C,_6471_,XNOR2,0,0,2,1,23,4,3,-7.01171875006068e-06,2.66,1.0640000000003056,0.00802
b21_C,_6472_,OAI22,0,0,4,1,27,3,2,-9.375000000755307e-07,2.394,1.0640000000003056,0.00802
b21_C,_6473_,AOI21,0,0,3,1,28,2,1,0.0,1.862,0.7980000000006839,0.00802
b21_C,_6474_,OAI211,0,1,4,0,29,1,0,-8.554687500161862e-06,2.394,1.0640000000003056,0.00802
b21_C,_6475_,AOI22,0,1,4,1,17,2,1,-6.396484375015277e-05,2.394,1.0640000000003056,0.00802
b21_C,_6476_,XOR2,0,0,2,1,7,3,2,-1.6992187501507772e-06,2.394,0.7979999999997744,0.00802
b21_C,_6477_,NAND2,0,0,2,1,7,11,22,0.0,1.33,0.5320000000001528,0.00802
b21_C,_6478_,NOR2,0,0,2,1,7,11,22,3.906249990137667e-08,1.33,0.5320000000001528,0.00802
b21_C,_6479_,OAI21,0,4,3,3,26,10,21,0.00010845703124995332,1.862,0.7980000000006839,0.00802
b21_C,_6480_,XNOR2,0,0,2,1,27,2,1,-0.0001200976562500955,2.66,1.0640000000003056,0.00802
b21_C,_6481_,XNOR2,0,0,2,1,7,4,3,-1.8945312501017497e-06,2.66,1.0640000000003056,0.00802
b21_C,_6482_,NOR2,0,0,2,1,7,13,24,0.0,1.33,0.5320000000001528,0.00802
b21_C,_6483_,NAND2,0,0,2,1,7,13,24,0.0,1.33,0.5320000000001528,0.00802
b21_C,_6484_,AOI21,0,1,3,2,23,12,23,8.164062500037872e-06,1.862,0.7980000000006839,0.00802
b21_C,_6485_,XNOR2,0,0,2,1,24,3,2,-3.199218750005173e-05,2.66,1.0640000000003056,0.00802
b21_C,_6486_,AOI22,0,0,4,1,25,2,1,-1.4843750000270717e-06,2.394,1.0640000000003056,0.00802
b21_C,_6487_,OAI221,0,1,5,0,28,1,0,-1.1171874999993392e-05,2.926,1.3300000000008367,0.00802
b21_C,_6488_,NAND3,0,0,3,1,15,4,3,-1.2851562499971436e-05,1.862,0.7980000000006839,0.00802
b21_C,_6489_,NAND2,0,0,2,1,16,3,2,0.0,1.33,0.5320000000001528,0.00802
b21_C,_6490_,XNOR2,0,0,2,1,7,4,3,-7.246093750135074e-06,2.66,1.0640000000003056,0.00802
b21_C,_6491_,NAND2,0,0,2,1,7,11,19,-1.4843750000270717e-06,1.33,0.5320000000001528,0.00802
b21_C,_6492_,OAI21,0,1,3,1,24,11,19,-1.2226562499995097e-05,1.862,0.7980000000006839,0.00802
b21_C,_6493_,NAND2,0,1,2,2,25,10,18,1.8164062498549072e-06,1.33,0.5320000000001528,0.00802
b21_C,_6494_,XNOR2,0,1,2,1,26,3,2,-9.902343750090026e-06,2.66,1.0640000000003056,0.00802
b21_C,_6495_,AOI221,0,1,5,1,27,2,1,-0.0001320898437500162,2.926,1.3300000000008367,0.00802
b21_C,_6496_,XNOR2,0,0,2,1,7,3,2,-7.4023437499626255e-06,2.66,1.0640000000003056,0.00802
b21_C,_6497_,OR2,0,0,2,2,7,10,19,-6.249999999763389e-07,1.33,0.26600000000053114,0.00802
b21_C,_6498_,AND2,0,0,2,2,7,10,19,-6.249999999763389e-07,1.33,0.26600000000053114,0.00802
b21_C,_6499_,OAI21,0,0,3,1,27,3,2,-6.523437500005613e-05,1.862,0.7980000000006839,0.00802
b21_C,_6500_,XNOR2,0,0,2,1,28,2,1,-1.6992187501507772e-06,2.66,1.0640000000003056,0.00802
b21_C,_6501_,OAI21,0,1,3,0,29,1,0,-2.154296875001016e-05,1.862,0.7980000000006839,0.00802
b21_C,_6502_,AND3,0,0,3,1,15,3,2,-4.589843749958078e-06,1.596,0.26600000000053114,0.00802
b21_C,_6503_,AOI221,0,0,5,1,16,2,1,-0.00013371093749992013,2.926,1.3300000000008367,0.00802
b21_C,_6504_,XOR2,0,0,2,1,7,3,2,-5.000000000032756e-06,2.394,0.7979999999997744,0.00802
b21_C,_6505_,NAND2,0,0,2,2,7,9,15,-5.8984374999848654e-06,1.33,0.5320000000001528,0.00802
b21_C,_6506_,OAI221,0,4,5,2,27,9,15,-5.54882812500157e-05,2.926,1.3300000000008367,0.00802
b21_C,_6507_,NAND2,0,1,2,1,28,3,2,-4.472656250009699e-05,1.33,0.5320000000001528,0.00802
b21_C,_6508_,XNOR2,0,1,2,1,29,2,1,-5.742187500157314e-06,2.66,1.0640000000003056,0.00802
b21_C,_6509_,XNOR2,0,0,2,1,7,3,2,-5.6835937500832046e-06,2.66,1.0640000000003056,0.00802
b21_C,_6510_,OR2,0,0,2,1,7,10,15,-2.6367187500042633e-06,1.33,0.26600000000053114,0.00801
b21_C,_6511_,AND2,0,0,2,1,7,10,15,-2.6367187500042633e-06,1.33,0.26600000000053114,0.00801
b21_C,_6512_,OAI21,0,0,3,2,26,9,14,-8.90625000016243e-06,1.862,0.7980000000006839,0.00802
b21_C,_6513_,XNOR2,0,0,2,1,27,2,1,0.0,2.66,1.0640000000003056,0.00802
b21_C,_6514_,OAI221,0,1,5,0,30,1,0,-9.47265625006466e-06,2.926,1.3300000000008367,0.00802
b21_C,_6515_,NAND2,0,0,2,2,7,4,4,-3.906250012342127e-08,1.33,0.5320000000001528,0.00802
b21_C,_6516_,NOR3,0,0,3,1,14,3,2,-0.000170937500000079,1.862,0.7980000000006839,0.00802
b21_C,_6518_,XNOR2,0,0,2,1,7,3,2,0.0,2.66,1.0640000000003056,0.00802
b21_C,_6517_,AOI211,0,0,4,1,17,2,1,-7.337890625014332e-05,2.394,1.0640000000003056,0.00802
b21_C,_6519_,NOR2,0,0,2,1,7,9,12,-4.140624999982023e-06,1.33,0.5320000000001528,0.00802
b21_C,_6520_,AOI21,0,3,3,1,28,8,11,-1.0410156249918145e-05,1.862,0.7980000000006839,0.00802
b21_C,_6521_,AOI21,0,3,3,2,29,7,10,-2.5878906249943157e-05,1.862,0.7980000000006839,0.00802
b21_C,_6522_,XNOR2,0,1,2,1,30,2,1,-2.1914062500183462e-05,2.66,1.0640000000003056,0.00802
b21_C,_6523_,XNOR2,0,0,2,1,7,3,2,0.0,2.66,1.0640000000003056,0.00802
b21_C,_6524_,NOR2,0,0,2,1,7,9,12,-4.2578125001302425e-06,1.33,0.5320000000001528,0.00802
b21_C,_6525_,NOR2,0,0,2,1,27,8,11,0.0,1.33,0.5320000000001528,0.00802
b21_C,_6526_,AOI21,0,0,3,2,28,7,10,-3.710937499956657e-06,1.862,0.7980000000006839,0.00802
b21_C,_6527_,XNOR2,0,0,2,1,29,2,1,0.0,2.66,1.0640000000003056,0.00802
b21_C,_6528_,OAI221,0,1,5,0,31,1,0,-5.410156250107434e-06,2.926,1.3300000000008367,0.00802
b21_C,_6529_,NAND2,0,0,2,2,7,4,4,-1.3085937500267875e-06,1.33,0.5320000000001528,0.00802
b21_C,_6530_,NOR3,0,0,3,1,14,3,2,-0.000170937500000079,1.862,0.7980000000006839,0.00802
b21_C,_6531_,AOI221,0,0,5,1,15,2,1,-0.0002895312499999747,2.926,1.3300000000008367,0.00802
b21_C,_6532_,XOR2,0,0,2,1,7,3,2,-1.4648437500763833e-06,2.394,0.7979999999997744,0.00802
b21_C,_6533_,NAND2,0,0,2,1,7,7,8,0.0,1.33,0.5320000000001528,0.00802
b21_C,_6534_,NOR2,0,0,2,1,7,7,8,0.0,1.33,0.5320000000001528,0.00802
b21_C,_6535_,OAI21,0,2,3,2,30,6,7,3.185546874995282e-05,1.862,0.7980000000006839,0.00802
b21_C,_6536_,XNOR2,0,1,2,1,31,2,1,-4.345703124997158e-05,2.66,1.0640000000003056,0.00802
b21_C,_6537_,XOR2,0,0,2,1,7,3,2,-1.4843750000270717e-06,2.394,0.7979999999997744,0.00802
b21_C,_6538_,NAND2,0,0,2,1,7,7,8,0.0,1.33,0.5320000000001528,0.00802
b21_C,_6539_,NOR2,0,0,2,1,7,7,8,0.0,1.33,0.5320000000001528,0.00802
b21_C,_6540_,OAI21,0,0,3,2,29,6,7,0.0,1.862,0.7980000000006839,0.00802
b21_C,_6541_,XNOR2,0,0,2,1,30,2,1,-6.40625000003503e-06,2.66,1.0640000000003056,0.00802
b21_C,_6542_,OAI221,0,1,5,0,32,1,0,-9.570312500040146e-06,2.926,1.3300000000008367,0.00802
b21_C,_6543_,NAND2,0,0,2,1,7,5,4,-1.3085937500267875e-06,1.33,0.5320000000001528,0.00802
b21_C,_6544_,OAI21,0,0,3,1,30,5,4,-1.035156250051017e-06,1.862,0.7980000000006839,0.00802
b21_C,_6545_,NAND2,0,0,2,1,31,4,3,0.0,1.33,0.5320000000001528,0.00802
b21_C,_6546_,XNOR2,0,0,2,1,8,4,3,-3.906250012342127e-08,2.66,1.0640000000003056,0.00802
b21_C,_6547_,XNOR2,0,0,2,1,32,3,2,0.0,2.66,1.0640000000003056,0.00802
b21_C,_6548_,AOI222,0,0,6,1,33,2,1,-0.0001477148437500908,3.724,1.5960000000004584,0.00802
b21_C,_6549_,NAND2,0,0,2,1,7,5,4,-1.3085937500267875e-06,1.33,0.5320000000001528,0.00802
b21_C,_6550_,OAI21,0,1,3,1,31,5,4,-2.9960937500073115e-05,1.862,0.7980000000006839,0.00802
b21_C,_6551_,NAND2,0,1,2,1,32,4,3,-3.6914062500059686e-06,1.33,0.5320000000001528,0.00802
b21_C,_6552_,XNOR2,0,0,2,1,8,4,3,0.0,2.66,1.0640000000003056,0.00802
b21_C,_6553_,XNOR2,0,1,2,1,33,3,2,-2.539062500028777e-06,2.66,1.0640000000003056,0.00802
b21_C,_6554_,AOI22,0,1,4,1,34,2,1,-9.785156250163851e-06,2.394,1.0640000000003056,0.00802
b21_C,_6555_,OAI21,0,1,3,0,35,1,0,-1.660156250027356e-06,1.862,0.7980000000006839,0.00802
b21_C,_6556_,NOR2,0,0,2,3,10,10,212,-1.3671875009890755e-07,1.33,0.5320000000001528,0.00802
b21_C,_6557_,NAND2,0,0,2,2,11,9,134,0.0,1.33,0.5320000000001528,0.00802
b21_C,_6558_,NOR2,0,0,2,1,12,8,108,-3.656250000005912e-05,1.33,0.5320000000001528,0.00802
b21_C,_6559_,NOR2,0,8,2,8,13,7,107,0.00010214843749989377,1.33,0.5320000000001528,0.00801
b21_C,_6560_,BUF,0,5,1,10,14,6,81,0.00010332031249982165,1.064,0.26600000000053114,0.00801
b21_C,_6561_,NOR2,0,0,2,4,8,8,130,-0.00015710937500013067,1.33,0.5320000000001528,0.00802
b21_C,_6562_,OAI21,0,0,3,2,9,5,18,-1.953125017273294e-08,1.862,0.7980000000006839,0.00802
b21_C,_6563_,OR2,0,0,2,3,11,4,11,-1.1972656249970015e-05,1.33,0.26600000000053114,0.00801
b21_C,_6564_,NOR2,0,0,2,2,15,3,4,-2.226562500018403e-05,1.33,0.5320000000001528,0.00801
b21_C,_6565_,NOR2,0,0,2,2,14,6,31,-8.144531249998366e-05,1.33,0.5320000000001528,0.00801
b21_C,_6566_,CLKBUF,0,0,1,10,15,5,26,0.0,1.064,0.26600000000053114,0.00801
b21_C,_6567_,BUF,0,0,1,10,15,5,23,-1.2363281250094005e-05,1.064,0.26600000000053114,0.00801
b21_C,_6568_,AOI221,0,1,5,1,29,2,1,-2.2460937500135003e-05,2.926,1.3300000000008367,0.00802
b21_C,_6569_,NOR3,0,0,3,3,10,24,261,-4.429687500007162e-05,1.862,0.7980000000006839,0.00802
b21_C,_6570_,NAND2,0,0,2,3,11,23,244,-8.671875000088036e-06,1.33,0.5320000000001528,0.00802
b21_C,_6571_,NOR3,0,0,3,2,12,22,225,0.0,1.862,0.7980000000006839,0.00802
b21_C,_6572_,AND2,0,0,2,2,13,21,217,-1.0546875000017053e-06,1.33,0.26600000000053114,0.00801
b21_C,_6573_,AND2,0,0,2,2,14,20,209,0.0,1.33,0.26600000000053114,0.00801
b21_C,_6574_,AND2,0,0,2,2,15,19,201,0.0,1.33,0.26600000000053114,0.00801
b21_C,_6575_,NAND2,0,0,2,3,16,18,193,5.8593749852065e-08,1.33,0.5320000000001528,0.00801
b21_C,_6576_,NOR2,0,0,2,2,17,17,182,-5.859375007410961e-08,1.33,0.5320000000001528,0.00801
b21_C,_6577_,NAND3,0,0,3,3,18,16,165,-1.1914062501006129e-06,1.862,0.7980000000006839,0.00802
b21_C,_6578_,NOR2,0,0,2,3,19,15,162,-1.953125017273294e-08,1.33,0.5320000000001528,0.00801
b21_C,_6579_,NAND3,0,0,3,4,20,14,137,-1.3476562501502087e-06,1.862,0.7980000000006839,0.00802
b21_C,_6580_,NOR4,0,0,4,3,21,13,116,-9.765624997548628e-08,2.394,1.0640000000003056,0.00802
b21_C,_6581_,AND2,0,0,2,3,22,12,101,-9.765625019753088e-08,1.33,0.26600000000053114,0.00801
b21_C,_6583_,NOR3,0,0,3,3,24,10,73,-1.953125017273294e-08,1.862,0.7980000000006839,0.00802
b21_C,_6582_,NAND3,0,0,3,3,23,11,83,-3.320312500498801e-07,1.862,0.7980000000006839,0.00802
b21_C,_6584_,AND2,0,0,2,3,25,9,64,-2.5390625002508216e-07,1.33,0.26600000000053114,0.00801
b21_C,_6585_,NAND2,0,0,2,3,26,8,46,-5.859375007410961e-08,1.33,0.5320000000001528,0.00801
b21_C,_6586_,NOR3,0,0,3,2,27,7,27,-2.738281250014296e-05,1.862,0.7980000000006839,0.00802
b21_C,_6587_,NAND2,0,0,2,2,28,6,19,0.0,1.33,0.5320000000001528,0.00801
b21_C,_6588_,NOR2,0,1,2,2,29,5,11,-3.984375000021245e-05,1.33,0.5320000000001528,0.00801
b21_C,_6589_,NAND2,0,0,2,1,30,4,5,-4.9941406250031406e-05,1.33,0.5320000000001528,0.00801
b21_C,_6590_,XNOR2,0,2,2,2,31,3,4,6.738281249862865e-06,2.66,1.0640000000003056,0.00802
b21_C,_6591_,OAI21,0,0,3,9,13,6,86,-6.667968749995978e-05,1.862,0.7980000000006839,0.00802
b21_C,_6592_,NAND3,0,0,3,7,14,5,40,-1.2890625000760991e-06,1.862,0.7980000000006839,0.00802
b21_C,_6593_,BUF,0,0,1,10,15,4,21,0.0,1.064,0.26600000000053114,0.00801
b21_C,_6594_,OAI21,0,1,3,0,32,1,0,-4.3945312500071054e-05,1.862,0.7980000000006839,0.00802
b21_C,_6596_,BUF,0,2,1,10,16,3,12,4.4765624999998366e-05,1.064,0.26600000000053114,0.00801
b21_C,_6595_,BUF,0,4,1,10,15,4,36,7.472656249984944e-05,1.064,0.26600000000053114,0.00801
b21_C,_6597_,AOI21,0,0,3,1,17,2,1,-9.41406249999055e-06,1.862,0.7980000000006839,0.00801
b21_C,_6598_,XNOR2,0,3,2,2,30,3,4,-1.886718750010452e-05,2.66,1.0640000000003056,0.00802
b21_C,_6599_,NAND2,0,0,2,10,14,4,26,-1.1328125000265032e-06,1.33,0.5320000000001528,0.00801
b21_C,_6600_,OAI221,0,1,5,0,31,1,0,-6.728515624998543e-05,2.926,1.3300000000008367,0.00802
b21_C,_6601_,NOR2,0,0,2,1,25,7,18,-3.7929687500160014e-05,1.33,0.5320000000001528,0.00802
b21_C,_6602_,NOR2,0,0,2,2,26,7,27,0.0,1.33,0.5320000000001528,0.00802
b21_C,_6603_,NOR2,0,0,2,2,24,8,36,5.8593749852065e-08,1.33,0.5320000000001528,0.00802
b21_C,_6604_,NAND2,0,0,2,2,24,8,36,-5.859375007410961e-08,1.33,0.5320000000001528,0.00802
b21_C,_6605_,AND2,0,0,2,1,24,9,48,-2.5390625002508216e-07,1.33,0.26600000000053114,0.00802
b21_C,_6606_,NOR2,0,0,2,2,23,11,71,-8.710937499989413e-06,1.33,0.5320000000001528,0.00802
b21_C,_6607_,NAND2,0,0,2,1,21,12,81,-3.906250001239897e-07,1.33,0.5320000000001528,0.00802
b21_C,_6608_,NOR2,0,0,2,1,22,13,90,-1.7578125000250466e-05,1.33,0.5320000000001528,0.00802
b21_C,_6609_,NAND2,0,0,2,2,22,14,102,-1.152343749999396e-05,1.33,0.5320000000001528,0.00802
b21_C,_6610_,NAND2,0,0,2,2,20,15,113,0.0,1.33,0.5320000000001528,0.00802
b21_C,_6611_,NOR3,0,0,3,1,19,16,124,0.0,1.862,0.7980000000006839,0.00802
b21_C,_6612_,OAI21,0,0,3,1,19,16,124,0.0,1.862,0.7980000000006839,0.00802
b21_C,_6613_,AOI21,0,0,3,1,18,17,134,-1.4257812501750067e-06,1.862,0.7980000000006839,0.00802
b21_C,_6614_,NOR2,0,0,2,2,18,17,144,0.0,1.33,0.5320000000001528,0.00802
b21_C,_6615_,NOR3,0,0,3,2,17,18,156,0.0,1.862,0.7980000000006839,0.00802
b21_C,_6616_,AOI21,0,0,3,1,16,19,167,0.0,1.862,0.7980000000006839,0.00802
b21_C,_6617_,NOR2,0,0,2,2,16,19,177,0.0,1.33,0.5320000000001528,0.00802
b21_C,_6618_,NOR3,0,0,3,2,15,20,189,0.0,1.862,0.7980000000006839,0.00802
b21_C,_6619_,NOR3,0,0,3,1,14,21,200,0.0,1.862,0.7980000000006839,0.00802
b21_C,_6620_,NOR2,0,0,2,2,14,21,213,-1.953125017273294e-08,1.33,0.5320000000001528,0.00802
b21_C,_6621_,NOR3,0,0,3,2,13,22,227,-1.7578125000028422e-07,1.862,0.7980000000006839,0.00802
b21_C,_6622_,NOR2,0,0,2,2,12,23,245,-2.402343750151914e-06,1.33,0.5320000000001528,0.00802
b21_C,_6623_,NOR3,0,0,3,1,12,23,237,-2.9296875014850343e-07,1.862,0.7980000000006839,0.00802
b21_C,_6624_,NOR3,0,0,3,2,11,24,255,-2.5976562501028866e-06,1.862,0.7980000000006839,0.00802
b21_C,_6625_,AOI21,0,68,3,1,11,25,265,-0.0007230273437501822,1.862,0.7980000000006839,0.00802
b21_C,_6626_,NOR2,0,0,2,2,10,25,275,-1.2304687500019895e-06,1.33,0.5320000000001528,0.00802
b21_C,_6627_,NOR3,0,0,3,2,9,26,287,0.0,1.862,0.7980000000006839,0.00802
b21_C,_6628_,OAI21,0,0,3,2,9,26,287,0.0,1.862,0.7980000000006839,0.00802
b21_C,_6629_,NAND3,0,0,3,1,8,27,298,-2.1562500000182894e-05,1.862,0.7980000000006839,0.00802
b21_C,_6630_,AND2,0,0,2,2,8,27,309,-4.492187499760547e-07,1.33,0.26600000000053114,0.00802
b21_C,_6631_,AOI21,0,4,3,1,8,27,298,2.6171874999869615e-05,1.862,0.7980000000006839,0.00802
b21_C,_6632_,OAI21,0,4,3,3,9,26,297,-3.007812499999929e-05,1.862,0.7980000000006839,0.00802
b21_C,_6633_,AOI221,0,4,5,2,10,25,275,-0.0001281445312502072,2.926,1.3300000000008367,0.00802
b21_C,_6635_,OAI21,0,0,3,2,11,24,255,-3.320312500054712e-06,1.862,0.7980000000006839,0.00802
b21_C,_6636_,AOI221,0,68,5,2,13,23,245,-0.0010583398437500335,2.926,1.3300000000008367,0.00802
b21_C,_6638_,OAI21,0,0,3,2,13,22,227,-1.0156250001003286e-06,1.862,0.7980000000006839,0.00802
b21_C,_6639_,AOI221,0,60,5,2,15,21,213,-0.0010668359375001213,2.926,1.3300000000008367,0.00802
b21_C,_6641_,OAI21,0,0,3,2,15,20,189,0.0,1.862,0.7980000000006839,0.00802
b21_C,_6642_,AOI221,0,51,5,2,17,19,177,-0.0009372851562499118,2.926,1.3300000000008367,0.00802
b21_C,_6644_,OAI21,0,0,3,2,17,18,156,0.0,1.862,0.7980000000006839,0.00802
b21_C,_6645_,AOI221,0,42,5,2,19,17,144,-0.0007981054687500322,2.926,1.3300000000008367,0.00802
b21_C,_6647_,AOI21,0,36,3,3,21,15,123,-0.0003767187500001157,1.862,0.7980000000006839,0.00802
b21_C,_6648_,NOR2,0,0,2,2,20,15,113,0.0,1.33,0.5320000000001528,0.00802
b21_C,_6649_,OAI221,0,30,5,2,22,14,102,6.138671875000057e-05,2.926,1.3300000000008367,0.00802
b21_C,_6650_,AOI22,0,27,4,1,23,13,90,-0.0005505859375001254,2.394,1.0640000000003056,0.00802
b21_C,_6651_,OR2,0,27,2,2,24,12,89,0.0002752343749998776,1.33,0.26600000000053114,0.00802
b21_C,_6652_,NOR2,0,0,2,1,21,12,81,1.3671874987686294e-07,1.33,0.5320000000001528,0.00802
b21_C,_6653_,OAI21,0,24,3,3,25,11,80,0.000748144531249828,1.862,0.7980000000006839,0.00802
b21_C,_6654_,NAND2,0,0,2,2,22,11,71,-9.550781250089457e-06,1.33,0.5320000000001528,0.00802
b21_C,_6655_,AOI221,0,18,5,1,26,10,59,-0.00040796875000004285,2.926,1.3300000000008367,0.00802
b21_C,_6656_,AOI21,0,18,3,2,27,9,58,0.00032031249999997513,1.862,0.7980000000006839,0.00802
b21_C,_6657_,OR2,0,0,2,1,23,9,48,-1.9531249950688334e-08,1.33,0.26600000000053114,0.00802
b21_C,_6658_,AOI21,0,15,3,3,28,8,47,-6.77148437500108e-05,1.862,0.7980000000006839,0.00802
b21_C,_6659_,AOI221,0,9,5,2,29,7,27,0.00010541015624987438,2.926,1.3300000000008367,0.00802
b21_C,_6661_,XOR2,0,3,2,3,31,4,7,-6.056640625007326e-05,2.394,0.7979999999997744,0.00802
b21_C,_6662_,NOR2,0,0,2,2,14,6,27,-8.144531249998366e-05,1.33,0.5320000000001528,0.00801
b21_C,_6663_,BUF,0,0,1,10,15,5,22,0.0,1.064,0.26600000000053114,0.00801
b21_C,_6664_,NAND2,0,0,2,1,32,2,1,-1.9589843750056346e-05,1.33,0.5320000000001528,0.00802
b21_C,_6665_,AOI22,0,0,4,1,18,4,3,-0.00023494140625013316,2.394,1.0640000000003056,0.00802
b21_C,_6666_,NAND2,0,0,2,7,14,4,16,-9.57031250026219e-07,1.33,0.5320000000001528,0.00801
b21_C,_6667_,OAI21,0,0,3,1,20,3,2,-9.394531250261906e-06,1.862,0.7980000000006839,0.00802
b21_C,_6668_,XNOR2,0,0,2,2,28,4,6,0.0,2.66,1.0640000000003056,0.00802
b21_C,_6669_,NOR3,0,3,3,8,14,5,20,6.660156249838067e-06,1.862,0.7980000000006839,0.00802
b21_C,_6670_,AOI221,0,0,5,1,29,2,1,-7.517578125004754e-05,2.926,1.3300000000008367,0.00802
b21_C,_6671_,BUF,0,1,1,10,16,2,10,-2.8125000000045475e-06,1.064,0.26600000000053114,0.00801
b21_C,_6672_,XNOR2,0,0,2,2,8,8,200,-7.640625000004952e-05,2.66,1.0640000000003056,0.00802
b21_C,_6673_,AND2,0,0,2,6,9,7,97,0.0,1.33,0.26600000000053114,0.00802
b21_C,_6674_,BUF,0,0,1,10,10,6,62,1.1718749992617461e-07,1.064,0.26600000000053114,0.00802
b21_C,_6675_,OAI22,0,0,4,5,8,6,89,-0.0005109570312500367,2.394,1.0640000000003056,0.00802
b21_C,_6676_,BUF,0,0,1,10,9,5,60,-2.220446049250313e-16,1.064,0.26600000000053114,0.00802
b21_C,_6677_,XNOR2,0,0,2,1,30,4,5,0.0,2.66,1.0640000000003056,0.00802
b21_C,_6678_,NOR2,0,0,2,9,8,7,121,0.0,1.33,0.5320000000001528,0.00801
b21_C,_6679_,AOI222,0,3,6,2,32,3,4,4.345703124997158e-05,3.724,1.5960000000004584,0.00802
b21_C,_6680_,OAI211,0,1,4,0,33,1,0,-8.720703125009166e-05,2.394,1.0640000000003056,0.00802
b21_C,_6681_,BUF,0,0,1,10,14,3,20,5.078125000501643e-07,1.064,0.26600000000053114,0.00801
b21_C,_6682_,NAND2,0,0,2,2,9,7,70,-0.00019593750000002075,1.33,0.5320000000001528,0.00802
b21_C,_6683_,CLKBUF,0,0,1,10,10,6,63,1.1582031249846025e-05,1.064,0.26600000000053114,0.00801
b21_C,_6684_,AOI22,0,0,4,7,8,7,106,-3.2011718750002416e-05,2.394,1.0640000000003056,0.00802
b21_C,_6686_,XNOR2,0,0,2,1,29,4,6,-2.2304687500085407e-05,2.66,1.0640000000003056,0.00802
b21_C,_6685_,BUF,0,0,1,10,9,6,65,9.042968749817248e-06,1.064,0.26600000000053114,0.00802
b21_C,_6687_,NOR2,0,3,2,1,30,5,8,-0.000253007812500039,1.33,0.5320000000001528,0.00802
b21_C,_6688_,XNOR2,0,3,2,3,31,4,7,1.2578124999995666e-05,2.66,1.0640000000003056,0.00802
b21_C,_6689_,NAND2,0,0,2,7,9,7,101,1.9531249950688334e-08,1.33,0.5320000000001528,0.00802
b21_C,_6690_,BUF,0,0,1,10,10,6,60,3.144531249832383e-06,1.064,0.26600000000053114,0.00802
b21_C,_6691_,OAI222,0,3,6,2,32,3,5,-3.1445312500100187e-05,3.724,1.5960000000004584,0.00802
b21_C,_6692_,NAND2,0,1,2,1,33,2,1,-3.927734375008818e-05,1.33,0.5320000000001528,0.00802
b21_C,_6693_,NAND2,0,0,2,5,9,7,89,-0.0003366210937501002,1.33,0.5320000000001528,0.00802
b21_C,_6694_,NOR2,0,0,2,8,14,5,24,-6.505859375005585e-05,1.33,0.5320000000001528,0.00801
b21_C,_6695_,AOI222,0,0,6,1,25,4,3,-6.408203125007894e-05,3.724,1.5960000000004584,0.00802
b21_C,_6696_,NOR2,0,0,2,1,27,5,8,0.0,1.33,0.5320000000001528,0.00801
b21_C,_6697_,XNOR2,0,0,2,2,28,4,7,0.0,2.66,1.0640000000003056,0.00802
b21_C,_6698_,OAI221,0,0,5,1,29,3,2,-3.6269531249910614e-05,2.926,1.3300000000008367,0.00802
b21_C,_6699_,INV,0,0,1,1,30,2,1,0.0,0.798,0.26599999999962165,0.00801
b21_C,_6700_,NOR2,0,0,2,5,8,6,38,-5.859375029615421e-08,1.33,0.5320000000001528,0.00802
b21_C,_6701_,NAND2,0,0,2,4,14,5,24,-1.2109375000513012e-06,1.33,0.5320000000001528,0.00801
b21_C,_6702_,CLKBUF,0,0,1,10,15,4,14,0.0,1.064,0.26600000000053114,0.00801
b21_C,_6703_,OAI211,0,1,4,0,34,1,0,-5.912109374994756e-05,2.394,1.0640000000003056,0.00802
b21_C,_6704_,BUF,0,0,1,10,11,5,48,-0.000111132812500081,1.064,0.26600000000053114,0.00801
b21_C,_6705_,AOI22,0,0,4,1,20,4,3,-3.076171875004974e-05,2.394,1.0640000000003056,0.00802
b21_C,_6706_,XNOR2,0,0,2,2,27,5,8,0.0,2.66,1.0640000000003056,0.00802
b21_C,_6707_,OAI221,0,0,5,1,28,3,2,-3.906250012342127e-08,2.926,1.3300000000008367,0.00802
b21_C,_6708_,AOI21,0,0,3,1,29,2,1,-9.41406249999055e-06,1.862,0.7980000000006839,0.00801
b21_C,_6709_,AOI21,0,3,3,1,29,6,7,-9.88476562500118e-05,1.862,0.7980000000006839,0.00802
b21_C,_6710_,XOR2,0,3,2,3,30,5,6,1.0742187499968026e-05,2.394,0.7979999999997744,0.00802
b21_C,_6711_,XNOR2,0,0,2,1,27,5,6,0.0,2.66,1.0640000000003056,0.00802
b21_C,_6712_,OAI22,0,3,4,1,31,4,5,-6.158203124995154e-05,2.394,1.0640000000003056,0.00802
b21_C,_6713_,CLKBUF,0,0,1,10,9,5,65,0.0,1.064,0.26600000000053114,0.00801
b21_C,_6714_,AOI21,0,3,3,2,32,3,4,2.8769531249972502e-05,1.862,0.7980000000006839,0.00802
b21_C,_6715_,OAI221,0,1,5,0,33,1,0,-0.0001380664062502479,2.926,1.3300000000008367,0.00802
b21_C,_6716_,BUF,0,0,1,10,12,3,20,0.0,1.064,0.26600000000053114,0.00801
b21_C,_6717_,XOR2,0,3,2,3,29,6,10,-0.00016683593749999837,2.394,0.7979999999997744,0.00802
b21_C,_6718_,NOR2,0,0,2,1,26,7,9,0.0,1.33,0.5320000000001528,0.00802
b21_C,_6719_,XOR2,0,0,2,1,27,6,8,-6.328125000010232e-06,2.394,0.7979999999997744,0.00802
b21_C,_6720_,AOI22,0,3,4,1,30,5,7,7.695312499889084e-06,2.394,1.0640000000003056,0.00802
b21_C,_6721_,OAI21,0,3,3,2,31,4,6,-2.990234375022105e-05,1.862,0.7980000000006839,0.00802
b21_C,_6722_,AOI22,0,1,4,1,32,2,1,-3.14257812501495e-05,2.394,1.0640000000003056,0.00802
b21_C,_6723_,XNOR2,0,0,2,2,26,5,8,-5.859375007410961e-08,2.66,1.0640000000003056,0.00802
b21_C,_6724_,OAI222,0,0,6,1,27,3,2,-5.468749999959499e-06,3.724,1.5960000000004584,0.00802
b21_C,_6725_,AOI221,0,0,5,1,30,2,1,-2.3867187500137277e-05,2.926,1.3300000000008367,0.00802
b21_C,_6726_,NAND2,0,1,2,0,33,1,0,-1.2324218749970584e-05,1.33,0.5320000000001528,0.00802
b21_C,_6727_,AOI21,0,0,3,1,25,7,9,0.0,1.862,0.7980000000006839,0.00802
b21_C,_6728_,XOR2,0,0,2,1,26,6,8,0.0,2.394,0.7979999999997744,0.00802
b21_C,_6729_,OAI22,0,0,4,1,27,5,7,-9.941406249991402e-06,2.394,1.0640000000003056,0.00802
b21_C,_6730_,XNOR2,0,3,2,3,28,5,9,-0.0004815234374999644,2.66,1.0640000000003056,0.00802
b21_C,_6731_,AOI21,0,3,3,2,29,4,6,-4.1015625007467804e-07,1.862,0.7980000000006839,0.00802
b21_C,_6732_,NAND2,0,0,2,3,8,8,110,-7.695312500111129e-06,1.33,0.5320000000001528,0.00802
b21_C,_6733_,BUF,0,0,1,10,9,7,97,3.906249990137667e-08,1.064,0.26600000000053114,0.00801
b21_C,_6734_,BUF,0,0,1,10,10,6,44,1.5136718749975131e-05,1.064,0.26600000000053114,0.00801
b21_C,_6735_,NOR2,0,0,2,1,26,5,7,-4.1796875001054445e-06,1.33,0.5320000000001528,0.00801
b21_C,_6736_,OAI21,0,0,3,2,27,4,6,-5.859375000749623e-07,1.862,0.7980000000006839,0.00802
b21_C,_6737_,OAI221,0,1,5,1,30,3,2,-7.253906250004327e-05,2.926,1.3300000000008367,0.00802
b21_C,_6738_,NAND2,0,1,2,1,31,2,1,-9.042968750039293e-06,1.33,0.5320000000001528,0.00802
b21_C,_6739_,AOI222,0,0,6,1,29,2,1,-5.080078125008214e-05,3.724,1.5960000000004584,0.00802
b21_C,_6740_,OAI211,0,1,4,0,32,1,0,-2.050781250018119e-05,2.394,1.0640000000003056,0.00802
b21_C,_6741_,NAND2,0,0,2,1,25,6,8,0.0,1.33,0.5320000000001528,0.00802
b21_C,_6742_,XNOR2,0,0,2,1,26,5,7,-4.843750000205205e-06,2.66,1.0640000000003056,0.00802
b21_C,_6743_,AOI21,0,3,3,1,26,6,10,-0.00042798828125012456,1.862,0.7980000000006839,0.00802
b21_C,_6744_,XOR2,0,3,2,3,27,5,9,-2.5468750000090523e-05,2.394,0.7979999999997744,0.00802
b21_C,_6745_,AOI222,0,3,6,2,28,4,6,5.117187499981135e-05,3.724,1.5960000000004584,0.00802
b21_C,_6746_,OAI21,0,0,3,1,24,5,7,-1.953125017273294e-08,1.862,0.7980000000006839,0.00802
b21_C,_6747_,NOR2,0,0,2,1,25,5,7,-4.1796875001054445e-06,1.33,0.5320000000001528,0.00801
b21_C,_6748_,NAND2,0,0,2,2,26,4,6,0.0,1.33,0.5320000000001528,0.00802
b21_C,_6749_,OAI221,0,1,5,1,29,3,2,-0.00010550781250007191,2.926,1.3300000000008367,0.00802
b21_C,_6750_,NAND2,0,1,2,1,30,2,1,-1.0429687500090878e-05,1.33,0.5320000000001528,0.00802
b21_C,_6751_,AOI222,0,0,6,1,28,2,1,-4.082031250018936e-05,3.724,1.5960000000004584,0.00802
b21_C,_6752_,OAI211,0,1,4,0,31,1,0,-8.164062500037872e-06,2.394,1.0640000000003056,0.00802
b21_C,_6753_,NAND2,0,0,2,1,24,5,7,0.0,1.33,0.5320000000001528,0.00802
b21_C,_6754_,XOR2,0,0,2,1,25,4,6,0.0,2.394,0.7979999999997744,0.00802
b21_C,_6755_,XNOR2,0,3,2,3,26,4,8,-0.0006378906249999705,2.66,1.0640000000003056,0.00802
b21_C,_6756_,AOI222,0,3,6,2,27,3,5,4.88085937500049e-05,3.724,1.5960000000004584,0.00802
b21_C,_6757_,AOI22,0,0,4,1,27,3,2,-2.5800781250140403e-05,2.394,1.0640000000003056,0.00802
b21_C,_6758_,AOI21,0,1,3,1,28,2,1,-9.552734374995708e-05,1.862,0.7980000000006839,0.00802
b21_C,_6759_,AOI22,0,0,4,1,16,3,2,-1.1718750014821921e-07,2.394,1.0640000000003056,0.00802
b21_C,_6760_,XNOR2,0,0,2,2,24,5,7,0.0,2.66,1.0640000000003056,0.00802
b21_C,_6761_,OAI221,0,0,5,1,25,2,1,-4.6875000014878765e-07,2.926,1.3300000000008367,0.00802
b21_C,_6762_,OR2,0,1,2,0,29,1,0,7.226562499518252e-07,1.33,0.26600000000053114,0.00802
b21_C,_6763_,AOI222,0,0,6,1,16,4,3,-3.5468750000156035e-05,3.724,1.5960000000004584,0.00802
b21_C,_6764_,NAND2,0,0,2,1,23,6,9,0.0,1.33,0.5320000000001528,0.00801
b21_C,_6765_,XNOR2,0,0,2,2,24,5,8,0.0,2.66,1.0640000000003056,0.00802
b21_C,_6766_,OAI221,0,0,5,1,25,3,2,-3.7109374995125677e-07,2.926,1.3300000000008367,0.00802
b21_C,_6767_,XOR2,0,3,2,3,25,4,7,-0.00023302734375008072,2.394,0.7979999999997744,0.00802
b21_C,_6768_,AOI21,0,0,3,1,26,2,1,-1.5996093750025864e-05,1.862,0.7980000000006839,0.00802
b21_C,_6769_,AOI21,0,0,3,2,23,7,16,0.0,1.862,0.7980000000006839,0.00802
b21_C,_6770_,OAI21,0,0,3,1,24,6,7,0.0,1.862,0.7980000000006839,0.00802
b21_C,_6771_,XNOR2,0,0,2,1,25,5,6,0.0,2.66,1.0640000000003056,0.00802
b21_C,_6772_,OAI22,0,0,4,1,26,4,5,-2.6132812500190283e-05,2.394,1.0640000000003056,0.00802
b21_C,_6773_,AOI21,0,3,3,2,27,3,4,3.2578124999904645e-05,1.862,0.7980000000006839,0.00802
b21_C,_6774_,OAI21,0,1,3,0,28,1,0,-5.441406250006331e-05,1.862,0.7980000000006839,0.00802
b21_C,_6775_,XNOR2,0,0,2,1,24,5,7,0.0,2.66,1.0640000000003056,0.00802
b21_C,_6776_,NAND2,0,3,2,1,23,6,10,-0.0005698242187499591,1.33,0.5320000000001528,0.00802
b21_C,_6777_,XOR2,0,3,2,3,24,5,9,-2.0917968750033822e-05,2.394,0.7979999999997744,0.00802
b21_C,_6778_,AOI222,0,3,6,2,25,4,6,5.1777343749837e-05,3.724,1.5960000000004584,0.00802
b21_C,_6779_,CLKBUF,0,0,1,10,9,7,86,-1.953125017273294e-08,1.064,0.26600000000053114,0.00801
b21_C,_6780_,CLKBUF,0,0,1,10,10,5,40,3.7109374995125677e-07,1.064,0.26600000000053114,0.00801
b21_C,_6781_,AOI22,0,0,4,1,25,4,3,-1.7851562500004192e-05,2.394,1.0640000000003056,0.00802
b21_C,_6783_,NAND2,0,1,2,1,27,2,1,-1.1835937500093152e-05,1.33,0.5320000000001528,0.00802
b21_C,_6782_,NAND2,0,1,2,1,26,3,2,-6.972656250003872e-05,1.33,0.5320000000001528,0.00802
b21_C,_6784_,AOI222,0,0,6,1,21,2,1,-1.980468750018005e-05,3.724,1.5960000000004584,0.00802
b21_C,_6785_,XNOR2,0,0,2,2,23,5,6,0.0,2.66,1.0640000000003056,0.00802
b21_C,_6786_,OAI211,0,1,4,0,28,1,0,-7.4023437499626255e-06,2.394,1.0640000000003056,0.00802
b21_C,_6787_,AOI22,0,0,4,1,14,4,3,-0.0002745312500000985,2.394,1.0640000000003056,0.00802
b21_C,_6788_,OAI21,0,3,3,1,22,6,9,-0.0003040039062500721,1.862,0.7980000000006839,0.00802
b21_C,_6789_,XNOR2,0,3,2,3,23,5,8,-2.0351562500131593e-05,2.66,1.0640000000003056,0.00802
b21_C,_6790_,OAI221,0,1,5,1,24,3,2,-5.388671875006246e-05,2.926,1.3300000000008367,0.00802
b21_C,_6791_,XNOR2,0,0,2,2,22,4,6,0.0,2.66,1.0640000000003056,0.00802
b21_C,_6792_,AOI221,0,1,5,1,25,2,1,-7.457031250024393e-05,2.926,1.3300000000008367,0.00802
b21_C,_6793_,NAND2,0,0,2,1,22,6,7,0.0,1.33,0.5320000000001528,0.00802
b21_C,_6794_,XOR2,0,0,2,1,23,5,6,-3.1250000009919177e-07,2.394,0.7979999999997744,0.00802
b21_C,_6795_,OAI22,0,2,4,1,24,4,5,-3.703124999998586e-05,2.394,1.0640000000003056,0.00802
b21_C,_6796_,AOI21,0,2,3,2,25,3,4,2.4023437499964828e-05,1.862,0.7980000000006839,0.00802
b21_C,_6797_,OAI21,0,1,3,0,26,1,0,-6.392578125002935e-05,1.862,0.7980000000006839,0.00802
b21_C,_6798_,NOR2,0,0,2,2,21,6,17,0.0,1.33,0.5320000000001528,0.00801
b21_C,_6799_,AOI21,0,0,3,1,22,5,7,0.0,1.862,0.7980000000006839,0.00802
b21_C,_6800_,NOR2,0,0,2,2,23,4,6,0.0,1.33,0.5320000000001528,0.00802
b21_C,_6801_,AOI22,0,0,4,1,24,2,1,-7.003906250013792e-05,2.394,1.0640000000003056,0.00802
b21_C,_6802_,OAI22,0,0,4,1,21,6,8,-9.765624997548628e-08,2.394,1.0640000000003056,0.00802
b21_C,_6803_,XNOR2,0,0,2,1,22,5,7,0.0,2.66,1.0640000000003056,0.00802
b21_C,_6804_,XOR2,0,3,2,3,22,5,9,-0.0005314648437502179,2.394,0.7979999999997744,0.00802
b21_C,_6805_,AOI222,0,3,6,2,23,4,6,5.464843749991566e-05,3.724,1.5960000000004584,0.00802
b21_C,_6806_,BUF,0,0,1,10,10,6,46,6.269531249936122e-06,1.064,0.26600000000053114,0.00801
b21_C,_6807_,NOR2,0,0,2,2,15,5,8,-3.0664062500296296e-06,1.33,0.5320000000001528,0.00802
b21_C,_6808_,AOI21,0,0,3,1,23,4,3,-1.7597656250201155e-05,1.862,0.7980000000006839,0.00802
b21_C,_6809_,NAND3,0,1,3,1,24,3,2,-8.27343750002818e-05,1.862,0.7980000000006839,0.00802
b21_C,_6810_,OAI21,0,1,3,1,25,2,1,-9.433593750163283e-06,1.862,0.7980000000006839,0.00802
b21_C,_6811_,OAI211,0,1,4,0,26,1,0,-7.148437500159588e-06,2.394,1.0640000000003056,0.00802
b21_C,_6812_,XNOR2,0,0,2,2,22,5,8,-9.765624997548628e-08,2.66,1.0640000000003056,0.00802
b21_C,_6813_,NAND2,0,0,2,1,23,4,3,-7.251953125009258e-05,1.33,0.5320000000001528,0.00801
b21_C,_6814_,XNOR2,0,3,2,3,22,5,8,-0.0014680664062500792,2.66,1.0640000000003056,0.00802
b21_C,_6815_,OAI221,0,1,5,1,24,3,2,-6.77929687500356e-05,2.926,1.3300000000008367,0.00802
b21_C,_6816_,AOI221,0,1,5,1,25,2,1,1.3671874987686294e-07,2.926,1.3300000000008367,0.00802
b21_C,_6817_,OAI222,0,2,6,1,23,4,5,-3.353515625015291e-05,3.724,1.5960000000004584,0.00802
b21_C,_6818_,NOR2,0,0,2,1,21,5,6,0.0,1.33,0.5320000000001528,0.00802
b21_C,_6819_,XOR2,0,0,2,1,22,4,5,-3.1250000009919177e-07,2.394,0.7979999999997744,0.00802
b21_C,_6820_,AOI21,0,2,3,2,24,3,4,2.0507812499959144e-05,1.862,0.7980000000006839,0.00802
b21_C,_6821_,OAI21,0,1,3,0,26,1,0,-6.406250000012825e-05,1.862,0.7980000000006839,0.00802
b21_C,_6822_,NOR2,0,0,2,10,9,6,48,0.0,1.33,0.5320000000001528,0.00801
b21_C,_6823_,OAI21,0,0,3,1,21,5,8,-7.812500002479794e-08,1.862,0.7980000000006839,0.00802
b21_C,_6824_,AOI21,0,0,3,2,22,4,7,0.0,1.862,0.7980000000006839,0.00802
b21_C,_6825_,AND2,0,0,2,1,23,3,2,0.0,1.33,0.26600000000053114,0.00801
b21_C,_6826_,AOI21,0,0,3,1,20,6,8,0.0,1.862,0.7980000000006839,0.00802
b21_C,_6827_,XNOR2,0,0,2,1,21,5,7,-1.953125017273294e-08,2.66,1.0640000000003056,0.00802
b21_C,_6828_,AOI22,0,0,4,2,22,4,6,-3.1250000009919177e-07,2.394,1.0640000000003056,0.00802
b21_C,_6829_,NOR2,0,3,2,1,20,6,9,-0.0004928515625000074,1.33,0.5320000000001528,0.00802
b21_C,_6830_,XNOR2,0,3,2,4,21,5,8,-7.01171875006068e-06,2.66,1.0640000000003056,0.00802
b21_C,_6831_,OAI221,0,1,5,1,23,3,2,-3.505859375008136e-05,2.926,1.3300000000008367,0.00802
b21_C,_6832_,OAI21,0,1,3,1,24,2,1,-4.492187500204636e-06,1.862,0.7980000000006839,0.00802
b21_C,_6833_,AOI222,0,0,6,1,16,2,1,-2.148437501237055e-07,3.724,1.5960000000004584,0.00802
b21_C,_6834_,OAI211,0,1,4,0,25,1,0,-4.8437500000053646e-05,2.394,1.0640000000003056,0.00802
b21_C,_6835_,AOI222,0,0,6,1,18,4,3,-2.433593750006402e-05,3.724,1.5960000000004584,0.00802
b21_C,_6836_,AOI21,0,3,3,1,19,7,10,-0.0012051171875000488,1.862,0.7980000000006839,0.00802
b21_C,_6837_,XOR2,0,3,2,3,20,6,9,1.398437499999794e-05,2.394,0.7979999999997744,0.00802
b21_C,_6838_,NAND2,0,0,2,2,20,6,16,-1.1718750001499245e-06,1.33,0.5320000000001528,0.00801
b21_C,_6839_,XNOR2,0,0,2,2,21,5,8,0.0,2.66,1.0640000000003056,0.00802
b21_C,_6840_,OAI221,0,0,5,1,22,3,2,-6.138671875000057e-05,2.926,1.3300000000008367,0.00802
b21_C,_6841_,NOR2,0,3,2,1,21,5,7,-4.089843749999211e-05,1.33,0.5320000000001528,0.00802
b21_C,_6842_,XOR2,0,0,2,1,20,5,7,0.0,2.394,0.7979999999997744,0.00802
b21_C,_6843_,AOI221,0,3,5,2,22,4,6,5.4980468749743494e-05,2.926,1.3300000000008367,0.00802
b21_C,_6844_,OAI21,0,1,3,1,23,3,2,-7.93164062502516e-05,1.862,0.7980000000006839,0.00802
b21_C,_6845_,AOI21,0,1,3,1,24,2,1,-2.4414062500532907e-06,1.862,0.7980000000006839,0.00802
b21_C,_6846_,INV,0,1,1,0,25,1,0,-1.2441406250118803e-05,0.798,0.26599999999962165,0.00801
b21_C,_6847_,XOR2,0,3,2,3,19,6,9,-0.0016483593750000747,2.394,0.7979999999997744,0.00802
b21_C,_6848_,OR2,0,0,2,1,19,7,9,0.0,1.33,0.26600000000053114,0.00802
b21_C,_6849_,XNOR2,0,0,2,1,20,6,8,0.0,2.66,1.0640000000003056,0.00802
b21_C,_6850_,OAI22,0,3,4,1,21,5,7,-5.90625000000955e-05,2.394,1.0640000000003056,0.00802
b21_C,_6851_,AOI21,0,3,3,2,22,4,6,3.6523437499935696e-05,1.862,0.7980000000006839,0.00802
b21_C,_6852_,OAI21,0,0,3,1,19,5,7,-1.953125017273294e-08,1.862,0.7980000000006839,0.00802
b21_C,_6853_,NAND3,0,0,3,2,21,4,6,-9.765625019753088e-08,1.862,0.7980000000006839,0.00802
b21_C,_6854_,OAI221,0,1,5,1,23,3,2,-7.357421875009429e-05,2.926,1.3300000000008367,0.00802
b21_C,_6855_,NAND2,0,1,2,1,24,2,1,-8.593750000063238e-06,1.33,0.5320000000001528,0.00802
b21_C,_6856_,AOI222,0,0,6,1,16,2,1,-1.9531249995097255e-07,3.724,1.5960000000004584,0.00802
b21_C,_6857_,OAI211,0,1,4,0,25,1,0,-7.181640625009145e-05,2.394,1.0640000000003056,0.00802
b21_C,_6858_,AOI222,0,0,6,1,16,2,1,-1.9531249995097255e-07,3.724,1.5960000000004584,0.00802
b21_C,_6859_,NOR2,0,3,2,1,18,7,9,-0.0006115039062501992,1.33,0.5320000000001528,0.00802
b21_C,_6860_,XOR2,0,3,2,3,19,6,8,9.667968749793587e-06,2.394,0.7979999999997744,0.00802
b21_C,_6861_,NAND2,0,0,2,1,18,7,9,0.0,1.33,0.5320000000001528,0.00802
b21_C,_6862_,XOR2,0,0,2,1,19,6,8,0.0,2.394,0.7979999999997744,0.00802
b21_C,_6863_,OAI22,0,3,4,1,20,5,7,-5.816406250014339e-05,2.394,1.0640000000003056,0.00802
b21_C,_6864_,AOI21,0,3,3,2,21,4,6,3.115234374995168e-05,1.862,0.7980000000006839,0.00802
b21_C,_6865_,INV,0,1,1,1,22,3,2,-4.9101562500153406e-05,0.798,0.26599999999962165,0.00802
b21_C,_6866_,AND2,0,0,2,1,19,5,7,0.0,1.33,0.26600000000053114,0.00802
b21_C,_6867_,NOR3,0,0,3,2,20,4,6,0.0,1.862,0.7980000000006839,0.00802
b21_C,_6868_,AOI221,0,1,5,1,23,2,1,4.4531249998591704e-06,2.926,1.3300000000008367,0.00802
b21_C,_6869_,OAI221,0,1,5,0,24,1,0,-0.00010486328125014488,2.926,1.3300000000008367,0.00802
b21_C,_6870_,OAI21,0,0,3,1,17,5,7,0.0,1.862,0.7980000000006839,0.00802
b21_C,_6871_,XNOR2,0,0,2,1,18,4,6,0.0,2.66,1.0640000000003056,0.00802
b21_C,_6872_,AOI21,0,3,3,1,17,5,10,-0.001446464843749995,1.862,0.7980000000006839,0.00802
b21_C,_6873_,XNOR2,0,3,2,3,18,4,9,2.060546874993463e-05,2.66,1.0640000000003056,0.00802
b21_C,_6874_,OAI222,0,3,6,2,19,3,5,-4.923828125003027e-05,3.724,1.5960000000004584,0.00802
b21_C,_6875_,AOI222,0,1,6,1,20,2,1,-2.6308593750190568e-05,3.724,1.5960000000004584,0.00802
b21_C,_6876_,NAND2,0,0,2,2,18,5,15,-1.035156250051017e-06,1.33,0.5320000000001528,0.00801
b21_C,_6877_,XNOR2,0,0,2,2,19,4,7,0.0,2.66,1.0640000000003056,0.00802
b21_C,_6878_,OAI22,0,0,4,1,20,3,2,-6.414062500015305e-05,2.394,1.0640000000003056,0.00802
b21_C,_6879_,AOI221,0,0,5,1,21,2,1,-6.249999999763389e-07,2.926,1.3300000000008367,0.00802
b21_C,_6880_,NAND2,0,1,2,0,22,1,0,-1.855468750000533e-05,1.33,0.5320000000001528,0.00802
b21_C,_6881_,XOR2,0,3,2,3,17,5,9,-0.001979609375000191,2.394,0.7979999999997744,0.00802
b21_C,_6882_,AOI222,0,0,6,1,18,2,1,-5.876953125016904e-05,3.724,1.5960000000004584,0.00802
b21_C,_6883_,NOR2,0,0,2,1,16,7,9,-5.859375007410961e-08,1.33,0.5320000000001528,0.00802
b21_C,_6884_,NOR2,0,0,2,1,17,6,8,0.0,1.33,0.5320000000001528,0.00802
b21_C,_6885_,XNOR2,0,0,2,1,18,5,7,0.0,2.66,1.0640000000003056,0.00802
b21_C,_6886_,AOI222,0,3,6,2,19,4,6,4.341796874984816e-05,3.724,1.5960000000004584,0.00802
b21_C,_6887_,OR2,0,0,2,2,17,6,15,0.0,1.33,0.26600000000053114,0.00801
b21_C,_6888_,AOI21,0,0,3,1,18,5,7,0.0,1.862,0.7980000000006839,0.00802
b21_C,_6889_,NAND2,0,0,2,2,19,4,6,0.0,1.33,0.5320000000001528,0.00801
b21_C,_6890_,OAI221,0,1,5,1,20,3,2,-0.00010498046875007105,2.926,1.3300000000008367,0.00802
b21_C,_6891_,AOI21,0,1,3,1,21,2,1,-3.828125000104876e-06,1.862,0.7980000000006839,0.00802
b21_C,_6892_,OAI21,0,1,3,0,22,1,0,-1.828125000002956e-05,1.862,0.7980000000006839,0.00802
b21_C,_6893_,AOI22,0,0,4,1,16,2,1,-1.9394531250105373e-05,2.394,1.0640000000003056,0.00802
b21_C,_6894_,NOR2,0,3,2,1,16,7,12,-0.000730546875000071,1.33,0.5320000000001528,0.00802
b21_C,_6895_,XNOR2,0,3,2,3,17,6,11,-2.4804687500212808e-05,2.66,1.0640000000003056,0.00802
b21_C,_6896_,NOR2,0,0,2,1,18,3,2,-3.310546875012754e-05,1.33,0.5320000000001528,0.00802
b21_C,_6897_,AOI21,0,0,3,1,16,7,9,0.0,1.862,0.7980000000006839,0.00802
b21_C,_6898_,XNOR2,0,0,2,1,17,6,8,-1.7578125022232882e-07,2.66,1.0640000000003056,0.00802
b21_C,_6899_,OAI22,0,1,4,1,18,5,7,-4.078125000006594e-05,2.394,1.0640000000003056,0.00802
b21_C,_6900_,AOI21,0,1,3,2,19,4,6,1.425781249997371e-05,1.862,0.7980000000006839,0.00802
b21_C,_6901_,AOI21,0,0,3,1,17,5,7,-5.859375007410961e-08,1.862,0.7980000000006839,0.00802
b21_C,_6902_,NAND2,0,0,2,2,18,4,6,0.0,1.33,0.5320000000001528,0.00801
b21_C,_6903_,OAI221,0,1,5,1,20,3,2,-3.337890625010331e-05,2.926,1.3300000000008367,0.00802
b21_C,_6904_,AOI211,0,1,4,1,21,2,1,1.640624999854623e-06,2.394,1.0640000000003056,0.00802
b21_C,_6905_,OAI21,0,1,3,0,22,1,0,-2.521484375006544e-05,1.862,0.7980000000006839,0.00802
b21_C,_6906_,AOI21,0,3,3,1,15,7,12,-0.001680957031250152,1.862,0.7980000000006839,0.00802
b21_C,_6907_,XOR2,0,3,2,3,16,6,11,-4.3378906250168825e-05,2.394,0.7979999999997744,0.00802
b21_C,_6908_,AOI22,0,0,4,1,17,4,3,-4.923828125003027e-05,2.394,1.0640000000003056,0.00802
b21_C,_6909_,OAI221,0,0,5,1,18,3,2,-2.9374999999998153e-05,2.926,1.3300000000008367,0.00802
b21_C,_6910_,XNOR2,0,0,2,2,16,4,6,-3.906250012342127e-08,2.66,1.0640000000003056,0.00802
b21_C,_6911_,AOI222,0,3,6,1,17,5,7,1.2519531249921556e-05,3.724,1.5960000000004584,0.00802
b21_C,_6912_,NAND2,0,0,2,1,14,7,9,0.0,1.33,0.5320000000001528,0.00802
b21_C,_6913_,AND2,0,0,2,1,16,6,8,0.0,1.33,0.26600000000053114,0.00802
b21_C,_6914_,XNOR2,0,0,2,1,17,5,7,-5.000000000032756e-06,2.66,1.0640000000003056,0.00802
b21_C,_6915_,OAI21,0,3,3,2,18,4,6,-4.9101562500153406e-05,1.862,0.7980000000006839,0.00802
b21_C,_6916_,AOI221,0,1,5,1,19,2,1,-9.134765625007368e-05,2.926,1.3300000000008367,0.00802
b21_C,_6917_,INV,0,1,1,0,20,1,0,-1.888671875005521e-05,0.798,0.26599999999962165,0.00802
b21_C,_6918_,AOI22,0,0,4,1,16,4,3,-6.054687500256506e-07,2.394,1.0640000000003056,0.00802
b21_C,_6919_,XNOR2,0,0,2,2,15,4,6,0.0,2.66,1.0640000000003056,0.00802
b21_C,_6920_,OAI221,0,0,5,1,17,3,2,-2.939453124994884e-05,2.926,1.3300000000008367,0.00802
b21_C,_6921_,INV,0,0,1,1,18,2,1,0.0,0.798,0.26599999999962165,0.00801
b21_C,_6922_,XNOR2,0,3,2,3,15,5,8,-0.0025587109375000416,2.66,1.0640000000003056,0.00802
b21_C,_6923_,OAI222,0,3,6,1,16,4,5,-2.6796875000068e-05,3.724,1.5960000000004584,0.00802
b21_C,_6924_,OAI21,0,0,3,1,15,5,6,0.0,1.862,0.7980000000006839,0.00802
b21_C,_6925_,XNOR2,0,0,2,1,16,4,5,-1.7578125000028422e-07,2.66,1.0640000000003056,0.00802
b21_C,_6926_,AOI21,0,3,3,2,17,3,4,2.9707031249825988e-05,1.862,0.7980000000006839,0.00802
b21_C,_6927_,OAI221,0,1,5,0,19,1,0,-0.00011238281250003368,2.926,1.3300000000008367,0.00802
b21_C,_6928_,AOI222,0,0,6,1,15,4,3,-0.00028443359374996646,3.724,1.5960000000004584,0.00802
b21_C,_6929_,INV,0,0,1,1,16,3,2,-1.6289062500174367e-05,0.798,0.26599999999962165,0.00801
b21_C,_6930_,XNOR2,0,0,2,2,14,4,6,-1.445312500125695e-06,2.66,1.0640000000003056,0.00802
b21_C,_6931_,AOI221,0,1,5,1,17,2,1,-7.371093749997115e-05,2.926,1.3300000000008367,0.00802
b21_C,_6932_,NOR2,0,2,2,1,14,6,7,-0.0008956445312502392,1.33,0.5320000000001528,0.00802
b21_C,_6933_,XNOR2,0,2,2,3,15,5,6,6.01562499991104e-06,2.66,1.0640000000003056,0.00802
b21_C,_6934_,OAI22,0,2,4,1,16,4,5,-3.769531250008562e-05,2.394,1.0640000000003056,0.00802
b21_C,_6935_,AOI21,0,0,3,1,15,5,6,-2.1093750000034106e-06,1.862,0.7980000000006839,0.00802
b21_C,_6936_,XNOR2,0,0,2,1,16,4,5,-1.5625000004959588e-07,2.66,1.0640000000003056,0.00802
b21_C,_6937_,AOI21,0,2,3,2,17,3,4,1.3964843749825206e-05,1.862,0.7980000000006839,0.00802
b21_C,_6938_,OAI221,0,1,5,0,18,1,0,-0.00012652343750008122,2.926,1.3300000000008367,0.00802
b21_C,_6939_,AOI22,0,0,4,1,14,4,3,-0.0003204882812499754,2.394,1.0640000000003056,0.00802
b21_C,_6940_,OAI221,0,0,5,1,15,3,2,-2.8515625001279687e-06,2.926,1.3300000000008367,0.00802
b21_C,_6941_,AOI21,0,0,3,1,13,5,8,-0.0018153515625001226,1.862,0.7980000000006839,0.00802
b21_C,_6942_,XNOR2,0,0,2,3,14,4,7,-9.765624997548628e-08,2.66,1.0640000000003056,0.00802
b21_C,_6943_,XNOR2,0,0,2,2,13,4,6,-6.541015625005642e-05,2.66,1.0640000000003056,0.00802
b21_C,_6944_,AOI221,0,1,5,1,16,2,1,-6.55078125000319e-05,2.926,1.3300000000008367,0.00802
b21_C,_6945_,AOI21,0,2,3,1,14,6,7,-1.4179687500170957e-05,1.862,0.7980000000006839,0.00802
b21_C,_6946_,XNOR2,0,2,2,1,15,5,6,-6.562500000084626e-06,2.66,1.0640000000003056,0.00802
b21_C,_6947_,NOR2,0,2,2,1,16,4,5,-3.470703125008079e-05,1.33,0.5320000000001528,0.00802
b21_C,_6948_,AOI221,0,2,5,2,17,3,4,4.093749999989349e-05,2.926,1.3300000000008367,0.00802
b21_C,_6949_,OAI21,0,1,3,0,18,1,0,-7.048828125011397e-05,1.862,0.7980000000006839,0.00802
b21_C,_6950_,NOR2,0,0,2,1,12,6,9,-7.304687499987139e-06,1.33,0.5320000000001528,0.00802
b21_C,_6951_,XNOR2,0,0,2,2,13,5,8,-2.5000000001274003e-06,2.66,1.0640000000003056,0.00802
b21_C,_6952_,OAI222,0,0,6,1,15,3,2,-3.4453125000055707e-05,3.724,1.5960000000004584,0.00802
b21_C,_6953_,AOI21,0,0,3,1,16,2,1,-1.765625000005322e-05,1.862,0.7980000000006839,0.00801
b21_C,_6954_,XNOR2,0,2,2,3,13,5,8,-0.002731640624999976,2.66,1.0640000000003056,0.00802
b21_C,_6955_,OAI222,0,2,6,1,14,4,5,-0.001147832031250129,3.724,1.5960000000004584,0.00802
b21_C,_6956_,XNOR2,0,0,2,1,14,4,5,-4.041015625011468e-05,2.66,1.0640000000003056,0.00802
b21_C,_6957_,AOI21,0,2,3,2,15,3,4,1.8847656249931788e-05,1.862,0.7980000000006839,0.00802
b21_C,_6958_,OAI221,0,1,5,0,17,1,0,-7.474609375002217e-05,2.926,1.3300000000008367,0.00802
b21_C,_6959_,XNOR2,0,0,2,2,12,4,7,-1.2890625000094857e-05,2.66,1.0640000000003056,0.00802
b21_C,_6960_,NOR2,0,0,2,1,15,3,2,0.0,1.33,0.5320000000001528,0.00802
b21_C,_6961_,NOR2,0,2,2,1,11,6,9,-0.00023943359375011575,1.33,0.5320000000001528,0.00802
b21_C,_6962_,XOR2,0,2,2,3,13,5,8,-1.2832031250020748e-05,2.394,0.7979999999997744,0.00802
b21_C,_6963_,AOI221,0,0,5,1,16,2,1,-1.4492187500048104e-05,2.926,1.3300000000008367,0.00802
b21_C,_6964_,AOI222,0,2,6,1,14,4,6,7.714843749839773e-06,3.724,1.5960000000004584,0.00802
b21_C,_6965_,XNOR2,0,0,2,1,13,4,6,-1.88281249999811e-05,2.66,1.0640000000003056,0.00802
b21_C,_6966_,OAI21,0,2,3,2,15,3,5,-3.376953125000526e-05,1.862,0.7980000000006839,0.00802
b21_C,_6967_,AOI221,0,0,5,1,16,2,1,-1.9941406250056914e-05,2.926,1.3300000000008367,0.00802
b21_C,_6968_,OAI21,0,1,3,0,17,1,0,-1.771484375012733e-05,1.862,0.7980000000006839,0.00802
b21_C,_6969_,AOI21,0,0,3,1,10,6,10,-0.0010270703125001557,1.862,0.7980000000006839,0.00802
b21_C,_6970_,XNOR2,0,0,2,3,11,5,9,-1.7578125000028422e-07,2.66,1.0640000000003056,0.00802
b21_C,_6971_,XNOR2,0,0,2,2,11,5,8,-6.417968750005443e-05,2.66,1.0640000000003056,0.00802
b21_C,_6972_,AOI22,0,1,4,1,16,4,3,-8.382812500018488e-05,2.394,1.0640000000003056,0.00802
b21_C,_6973_,OAI221,0,1,5,1,17,3,2,-6.099609375009862e-05,2.926,1.3300000000008367,0.00802
b21_C,_6974_,AOI21,0,1,3,1,18,2,1,-1.4433593749973994e-05,1.862,0.7980000000006839,0.00802
b21_C,_6975_,AOI21,0,1,3,1,11,6,7,-1.425781249997371e-05,1.862,0.7980000000006839,0.00802
b21_C,_6976_,XOR2,0,1,2,1,12,5,6,-1.648437500012534e-05,2.394,0.7979999999997744,0.00802
b21_C,_6977_,OAI222,0,1,6,1,13,4,5,-0.001279082031250045,3.724,1.5960000000004584,0.00802
b21_C,_6978_,AOI21,0,1,3,2,14,3,4,1.0292968749991971e-05,1.862,0.7980000000006839,0.00802
b21_C,_6979_,OAI21,0,1,3,0,19,1,0,-2.9550781249998437e-05,1.862,0.7980000000006839,0.00802
b21_C,_6980_,XOR2,0,1,2,3,11,6,9,-0.0012240429687502274,2.394,0.7979999999997744,0.00802
b21_C,_6981_,AOI22,0,1,4,1,12,5,6,1.8164062498549072e-06,2.394,1.0640000000003056,0.00802
b21_C,_6982_,XNOR2,0,0,2,1,11,5,6,-4.8789062500054214e-05,2.66,1.0640000000003056,0.00802
b21_C,_6983_,OAI21,0,1,3,1,13,4,5,-1.5996093750025864e-05,1.862,0.7980000000006839,0.00802
b21_C,_6984_,AOI21,0,1,3,2,14,3,4,1.119140624994408e-05,1.862,0.7980000000006839,0.00802
b21_C,_6985_,AOI22,0,0,4,1,11,4,3,-0.0002124218750001461,2.394,1.0640000000003056,0.00802
b21_C,_6986_,NAND2,0,0,2,1,14,3,2,-9.960937501496403e-07,1.33,0.5320000000001528,0.00801
b21_C,_6987_,AOI21,0,0,3,1,10,5,7,-2.5097656250139266e-05,1.862,0.7980000000006839,0.00802
b21_C,_6988_,NOR3,0,0,3,2,11,4,6,-4.124999999999268e-05,1.862,0.7980000000006839,0.00802
b21_C,_6989_,AOI221,0,0,5,1,15,2,1,-7.304687499987139e-06,2.926,1.3300000000008367,0.00802
b21_C,_6990_,AOI22,0,1,4,0,17,1,0,-2.2929687500061746e-05,2.394,1.0640000000003056,0.00802
b21_C,_6991_,AOI22,0,0,4,1,10,6,8,-1.113281250075815e-06,2.394,1.0640000000003056,0.00802
b21_C,_6992_,XOR2,0,1,2,3,12,6,10,-2.7910156250143814e-05,2.394,0.7979999999997744,0.00802
b21_C,_6993_,OAI21,0,1,3,1,13,5,7,-1.2441406250118803e-05,1.862,0.7980000000006839,0.00802
b21_C,_6994_,XNOR2,0,0,2,1,12,5,7,-8.714843750001755e-05,2.66,1.0640000000003056,0.00802
b21_C,_6995_,AOI21,0,1,3,2,14,4,6,1.0214843749967173e-05,1.862,0.7980000000006839,0.00802
b21_C,_6996_,OAI221,0,0,5,1,15,3,2,-4.496093750017138e-05,2.926,1.3300000000008367,0.00802
b21_C,_6997_,NAND2,0,0,2,1,16,2,1,-8.593750000507328e-07,1.33,0.5320000000001528,0.00802
b21_C,_6998_,AOI22,0,1,4,1,16,2,1,-1.1191406250166125e-05,2.394,1.0640000000003056,0.00802
b21_C,_6999_,XNOR2,0,0,2,2,10,3,4,-0.00010580078125022041,2.66,1.0640000000003056,0.00802
b21_C,_7000_,OAI211,0,1,4,0,17,1,0,-1.5078125000123066e-05,2.394,1.0640000000003056,0.00802
b21_C,_7001_,NAND2,0,1,2,1,15,4,3,-2.4082031250038938e-05,1.33,0.5320000000001528,0.00801
b21_C,_7002_,OAI21,0,1,3,1,16,3,2,-5.449218750008811e-06,1.862,0.7980000000006839,0.00802
b21_C,_7003_,NAND2,0,0,2,1,15,3,2,-3.906250012342127e-08,1.33,0.5320000000001528,0.00801
b21_C,_7004_,AOI221,0,1,5,1,17,2,1,4.355468749883684e-06,2.926,1.3300000000008367,0.00802
b21_C,_7005_,AOI21,0,0,3,1,11,4,5,-8.30078125013678e-06,1.862,0.7980000000006839,0.00802
b21_C,_7006_,AOI21,0,0,3,2,12,3,4,-7.226562499518252e-07,1.862,0.7980000000006839,0.00802
b21_C,_7007_,OAI21,0,1,3,0,18,1,0,-2.6796875000068e-05,1.862,0.7980000000006839,0.00802
b21_C,_7008_,NAND2,0,32,2,5,10,3,35,-1.636718749997712e-05,1.33,0.5320000000001528,0.00802
b21_C,_7009_,BUF,0,10,1,10,11,2,10,5.0859374999934204e-05,1.064,0.26600000000053114,0.00801
b21_C,_7010_,AND2,0,1,2,0,12,1,0,-1.9257812500006466e-05,1.33,0.26600000000053114,0.00801
b21_C,_7011_,AND2,0,1,2,0,12,1,0,-1.9257812500006466e-05,1.33,0.26600000000053114,0.00801
b21_C,_7012_,AND2,0,1,2,0,12,1,0,-1.9257812500006466e-05,1.33,0.26600000000053114,0.00801
b21_C,_7013_,AND2,0,1,2,0,12,1,0,-1.9257812500006466e-05,1.33,0.26600000000053114,0.00801
b21_C,_7014_,AND2,0,1,2,0,12,1,0,-1.9257812500006466e-05,1.33,0.26600000000053114,0.00801
b21_C,_7015_,AND2,0,1,2,0,12,1,0,-1.9257812500006466e-05,1.33,0.26600000000053114,0.00801
b21_C,_7016_,AND2,0,1,2,0,12,1,0,-1.9257812500006466e-05,1.33,0.26600000000053114,0.00801
b21_C,_7017_,AND2,0,1,2,0,12,1,0,-1.9257812500006466e-05,1.33,0.26600000000053114,0.00801
b21_C,_7018_,AND2,0,1,2,0,12,1,0,-1.9257812500006466e-05,1.33,0.26600000000053114,0.00801
b21_C,_7019_,AND2,0,1,2,0,12,1,0,-1.9257812500006466e-05,1.33,0.26600000000053114,0.00801
b21_C,_7020_,BUF,0,10,1,10,11,2,10,5.0859374999934204e-05,1.064,0.26600000000053114,0.00801
b21_C,_7021_,AND2,0,1,2,0,12,1,0,-1.9257812500006466e-05,1.33,0.26600000000053114,0.00801
b21_C,_7022_,AND2,0,1,2,0,12,1,0,-1.9257812500006466e-05,1.33,0.26600000000053114,0.00801
b21_C,_7023_,AND2,0,1,2,0,12,1,0,-1.9257812500006466e-05,1.33,0.26600000000053114,0.00801
b21_C,_7024_,AND2,0,1,2,0,12,1,0,-1.9257812500006466e-05,1.33,0.26600000000053114,0.00801
b21_C,_7025_,AND2,0,1,2,0,12,1,0,-1.9257812500006466e-05,1.33,0.26600000000053114,0.00801
b21_C,_7026_,AND2,0,1,2,0,12,1,0,-1.9257812500006466e-05,1.33,0.26600000000053114,0.00801
b21_C,_7027_,AND2,0,1,2,0,12,1,0,-1.9257812500006466e-05,1.33,0.26600000000053114,0.00801
b21_C,_7028_,AND2,0,1,2,0,12,1,0,-1.9257812500006466e-05,1.33,0.26600000000053114,0.00801
b21_C,_7029_,AND2,0,1,2,0,12,1,0,-1.9257812500006466e-05,1.33,0.26600000000053114,0.00801
b21_C,_7030_,AND2,0,1,2,0,12,1,0,-1.9257812500006466e-05,1.33,0.26600000000053114,0.00801
b21_C,_7031_,BUF,0,10,1,10,11,2,10,5.0859374999934204e-05,1.064,0.26600000000053114,0.00801
b21_C,_7032_,AND2,0,1,2,0,12,1,0,-1.9257812500006466e-05,1.33,0.26600000000053114,0.00801
b21_C,_7033_,AND2,0,1,2,0,12,1,0,-1.9257812500006466e-05,1.33,0.26600000000053114,0.00801
b21_C,_7034_,AND2,0,1,2,0,12,1,0,-1.9257812500006466e-05,1.33,0.26600000000053114,0.00801
b21_C,_7035_,AND2,0,1,2,0,12,1,0,-1.9257812500006466e-05,1.33,0.26600000000053114,0.00801
b21_C,_7036_,AND2,0,1,2,0,12,1,0,-1.9257812500006466e-05,1.33,0.26600000000053114,0.00801
b21_C,_7037_,AND2,0,1,2,0,12,1,0,-1.9257812500006466e-05,1.33,0.26600000000053114,0.00801
b21_C,_7038_,AND2,0,1,2,0,12,1,0,-1.9257812500006466e-05,1.33,0.26600000000053114,0.00801
b21_C,_7039_,AND2,0,1,2,0,12,1,0,-1.9257812500006466e-05,1.33,0.26600000000053114,0.00801
b21_C,_7040_,AND2,0,1,2,0,12,1,0,-1.9257812500006466e-05,1.33,0.26600000000053114,0.00801
b21_C,_7041_,AND2,0,1,2,0,12,1,0,-1.9257812500006466e-05,1.33,0.26600000000053114,0.00801
b21_C,_7042_,CLKBUF,0,0,1,10,3,3,19,0.0,1.064,0.26600000000053114,0.00801
b21_C,_7043_,BUF,0,2,1,10,13,3,20,7.976562500000561e-05,1.064,0.26600000000053114,0.00801
b21_C,_7044_,AND2,0,1,2,1,27,2,1,-2.5996093750091376e-05,1.33,0.26600000000053114,0.00802
b21_C,_7045_,OR3,0,0,3,1,4,2,1,-7.226562499962341e-06,1.596,0.26600000000053114,0.00801
b21_C,_7047_,BUF,0,2,1,10,13,3,20,8.597656250008967e-05,1.064,0.26600000000053114,0.00801
b21_C,_7048_,OAI211,0,1,4,1,26,2,1,-9.33007812500275e-05,2.394,1.0640000000003056,0.00802
b21_C,_7049_,OAI21,0,1,3,0,27,1,0,-0.00017937500000009265,1.862,0.7980000000006839,0.00802
b21_C,_7050_,OR3,0,1,3,1,26,2,1,-5.50781250008292e-06,1.596,0.26600000000053114,0.00802
b21_C,_7051_,OAI21,0,1,3,0,27,1,0,-0.0011461914062500522,1.862,0.7980000000006839,0.00802
b21_C,_7052_,OAI211,0,1,4,1,25,2,1,-2.6816406250240732e-05,2.394,1.0640000000003056,0.00802
b21_C,_7053_,OAI21,0,1,3,0,26,1,0,-2.2636718750135287e-05,1.862,0.7980000000006839,0.00802
b21_C,_7054_,AOI21,0,1,3,0,26,1,0,-8.964843750014495e-06,1.862,0.7980000000006839,0.00802
b21_C,_7055_,NOR3,0,1,3,1,24,2,1,-1.9375000000154685e-05,1.862,0.7980000000006839,0.00802
b21_C,_7056_,NOR2,0,0,2,1,7,2,1,-0.0005214062500000782,1.33,0.5320000000001528,0.00802
b21_C,_7057_,OR2,0,1,2,0,25,1,0,3.7499999998580336e-06,1.33,0.26600000000053114,0.00802
b21_C,_7058_,OAI211,0,1,4,1,23,2,1,-2.6679687500141824e-05,2.394,1.0640000000003056,0.00802
b21_C,_7059_,OAI21,0,1,3,0,24,1,0,-2.4765625000089386e-05,1.862,0.7980000000006839,0.00802
b21_C,_7060_,OAI211,0,1,4,1,22,2,1,-3.560546875025494e-05,2.394,1.0640000000003056,0.00802
b21_C,_7061_,OAI21,0,1,3,0,23,1,0,-0.00022572265625009358,1.862,0.7980000000006839,0.00802
b21_C,_7062_,OAI21,0,1,3,1,22,2,1,-1.6015625001752909e-06,1.862,0.7980000000006839,0.00802
b21_C,_7063_,AND2,0,1,2,0,23,1,0,-0.00010841796875005194,1.33,0.26600000000053114,0.00802
b21_C,_7064_,OAI211,0,1,4,1,21,2,1,-2.5468750000090523e-05,2.394,1.0640000000003056,0.00802
b21_C,_7065_,OAI21,0,1,3,0,22,1,0,-7.109375000013962e-05,1.862,0.7980000000006839,0.00802
b21_C,_7066_,OAI211,0,1,4,1,20,2,1,-3.2480468750151203e-05,2.394,1.0640000000003056,0.00802
b21_C,_7067_,OAI21,0,1,3,0,21,1,0,-0.00040751953125028884,1.862,0.7980000000006839,0.00802
b21_C,_7068_,OR3,0,1,3,1,20,2,1,1.2070312499945501e-05,1.596,0.26600000000053114,0.00802
b21_C,_7069_,OAI21,0,1,3,0,21,1,0,-2.2656250000085976e-05,1.862,0.7980000000006839,0.00802
b21_C,_7070_,AOI211,0,1,4,1,19,2,1,-2.42968749999406e-05,2.394,1.0640000000003056,0.00802
b21_C,_7071_,NOR2,0,0,2,1,8,2,1,-8.066406250062386e-06,1.33,0.5320000000001528,0.00802
b21_C,_7072_,OR2,0,1,2,0,20,1,0,-9.453125000113971e-06,1.33,0.26600000000053114,0.00802
b21_C,_7073_,OAI21,0,1,3,1,18,2,1,-3.6972656250133795e-05,1.862,0.7980000000006839,0.00802
b21_C,_7074_,OAI21,0,1,3,0,19,1,0,-3.710937499956657e-06,1.862,0.7980000000006839,0.00802
b21_C,_7075_,OR2,0,1,2,1,18,2,1,-2.1679687500775202e-06,1.33,0.26600000000053114,0.00802
b21_C,_7076_,OAI21,0,1,3,0,19,1,0,-6.601562499986002e-06,1.862,0.7980000000006839,0.00802
b21_C,_7077_,AOI21,0,1,3,1,17,2,1,-3.291015625017657e-05,1.862,0.7980000000006839,0.00802
b21_C,_7078_,MUX2,0,1,3,0,18,1,0,-1.6015624999532463e-06,2.394,0.5320000000001528,0.00802
b21_C,_7079_,AOI21,0,1,3,1,16,2,1,-3.562500000020563e-05,1.862,0.7980000000006839,0.00802
b21_C,_7080_,MUX2,0,1,3,0,17,1,0,-3.320312500498801e-07,2.394,0.5320000000001528,0.00802
b21_C,_7081_,NAND3,0,1,3,1,16,2,1,-6.73828125008491e-06,1.862,0.7980000000006839,0.00802
b21_C,_7082_,NAND2,0,0,2,1,7,2,1,-1.4843750000270717e-06,1.33,0.5320000000001528,0.00802
b21_C,_7084_,NAND2,0,0,2,1,7,2,1,0.0,1.33,0.5320000000001528,0.00802
b21_C,_7083_,NAND2,0,1,2,0,17,1,0,-7.128906249986855e-06,1.33,0.5320000000001528,0.00802
b21_C,_7085_,OAI21,0,1,3,1,15,2,1,-2.3906250000038654e-05,1.862,0.7980000000006839,0.00802
b21_C,_7086_,OAI21,0,1,3,0,16,1,0,-1.2421875000168114e-05,1.862,0.7980000000006839,0.00802
b21_C,_7087_,AOI21,0,1,3,1,14,2,1,-4.9492187500277396e-05,1.862,0.7980000000006839,0.00802
b21_C,_7088_,MUX2,0,1,3,0,15,1,0,-1.1328125000265032e-06,2.394,0.5320000000001528,0.00802
b21_C,_7089_,NAND3,0,1,3,1,14,2,1,-7.421875000135358e-06,1.862,0.7980000000006839,0.00802
b21_C,_7090_,NAND2,0,0,2,1,6,2,1,0.0,1.33,0.5320000000001528,0.00802
b21_C,_7091_,NAND2,0,1,2,0,15,1,0,-7.070312499912745e-06,1.33,0.5320000000001528,0.00802
b21_C,_7092_,NAND2,0,0,2,1,6,2,1,-7.226562499962341e-06,1.33,0.5320000000001528,0.00802
b21_C,_7093_,OAI21,0,1,3,0,14,1,0,-1.1777343750019043e-05,1.862,0.7980000000006839,0.00802
b21_C,_7095_,NAND3,0,1,3,1,12,2,1,-7.421875000135358e-06,1.862,0.7980000000006839,0.00802
b21_C,_7094_,MUX2,0,1,3,0,13,1,0,-2.460937500003979e-06,2.394,0.5320000000001528,0.00802
b21_C,_7096_,NAND2,0,0,2,1,6,2,1,0.0,1.33,0.5320000000001528,0.00802
b21_C,_7097_,NAND2,0,1,2,0,13,1,0,-7.070312499912745e-06,1.33,0.5320000000001528,0.00802
b21_C,_7098_,NAND2,0,0,2,1,6,2,1,-9.609375000163567e-06,1.33,0.5320000000001528,0.00802
b21_C,_7099_,AOI21,0,1,3,1,14,2,1,-2.1562500000182894e-05,1.862,0.7980000000006839,0.00802
b21_C,_7100_,OAI21,0,1,3,0,15,1,0,-3.320312500054712e-06,1.862,0.7980000000006839,0.00802
b21_C,_7101_,AOI21,0,1,3,1,14,2,1,-1.6914062500150706e-05,1.862,0.7980000000006839,0.00802
b21_C,_7102_,MUX2,0,1,3,0,15,1,0,5.8593749852065e-08,2.394,0.5320000000001528,0.00802
b21_C,_7103_,NAND2,0,0,2,1,5,2,1,0.0,1.33,0.5320000000001528,0.00802
b21_C,_7104_,XNOR2,0,1,2,2,9,26,582,1.7578125000028422e-07,2.66,1.0640000000003056,0.00802
b21_C,_7105_,NOR2,0,1,2,1,13,3,2,-3.0625000000172875e-05,1.33,0.5320000000001528,0.00802
b21_C,_7106_,OR2,0,1,2,1,14,2,1,4.375000000056417e-06,1.33,0.26600000000053114,0.00802
b21_C,_7107_,OAI21,0,1,3,0,15,1,0,-1.6406250000766676e-06,1.862,0.7980000000006839,0.00802
b21_C,_7108_,NAND2,0,0,2,1,5,2,1,-1.9531249950688334e-08,1.33,0.5320000000001528,0.00802
b21_C,_7109_,OAI21,0,1,3,1,14,2,1,-2.3632812500284928e-05,1.862,0.7980000000006839,0.00802
b21_C,_7110_,OAI21,0,1,3,0,15,1,0,-3.886718749956941e-06,1.862,0.7980000000006839,0.00802
b21_C,_7111_,MUX2,0,1,3,0,9,1,0,-1.113281250075815e-06,2.394,0.5320000000001528,0.00802
b21_C,_7112_,AND2,0,1,2,1,8,2,1,6.05468749803606e-07,1.33,0.26600000000053114,0.00802
b21_C,_7113_,MUX2,0,1,3,0,9,1,0,-2.460937500003979e-06,2.394,0.5320000000001528,0.00802
b21_C,_7114_,NAND2,0,0,2,1,4,2,1,-8.818359375006857e-05,1.33,0.5320000000001528,0.00802
b21_C,_7115_,OAI21,0,1,3,1,14,2,1,-2.5253906250188862e-05,1.862,0.7980000000006839,0.00802
b21_C,_7116_,OAI21,0,1,3,0,15,1,0,-3.886718749956941e-06,1.862,0.7980000000006839,0.00802
b21_C,_7117_,MUX2,0,1,3,0,7,1,0,-1.425781249997371e-05,2.394,0.5320000000001528,0.00802
b21_C,_7118_,AOI222,0,0,6,1,27,4,3,-8.281250000008455e-05,3.724,1.5960000000004584,0.00802
b21_C,_7119_,XNOR2,0,0,2,2,29,4,6,-8.408203125020997e-05,2.66,1.0640000000003056,0.00802
b21_C,_7120_,OAI21,0,0,3,1,30,3,2,0.0,1.862,0.7980000000006839,0.00802
b21_C,_7121_,NOR2,0,0,2,1,26,6,9,0.0,1.33,0.5320000000001528,0.00802
b21_C,_7122_,NAND2,0,0,2,1,26,6,9,0.0,1.33,0.5320000000001528,0.00802
b21_C,_7123_,AOI21,0,3,3,1,31,5,8,-1.621093750014957e-05,1.862,0.7980000000006839,0.00802
b21_C,_7124_,XNOR2,0,3,2,3,32,4,7,-3.9589843749965326e-05,2.66,1.0640000000003056,0.00802
b21_C,_7125_,AOI21,0,0,3,1,33,2,1,-2.4238281250088534e-05,1.862,0.7980000000006839,0.00802
b21_C,_7126_,AOI21,0,0,3,1,30,6,7,0.0,1.862,0.7980000000006839,0.00802
b21_C,_7127_,XNOR2,0,0,2,1,31,5,6,-3.6718750000552802e-06,2.66,1.0640000000003056,0.00802
b21_C,_7128_,OAI222,0,0,6,1,32,4,5,-4.0937500000115534e-05,3.724,1.5960000000004584,0.00802
b21_C,_7129_,AOI21,0,1,3,2,33,3,4,-1.3867187500071765e-05,1.862,0.7980000000006839,0.00802
b21_C,_7130_,OAI21,0,1,3,0,34,1,0,-3.4531250000080504e-05,1.862,0.7980000000006839,0.00802
b21_C,_7131_,INV,0,0,1,1,7,3,2,-2.22656250015163e-06,0.798,0.26599999999962165,0.00802
b21_C,_7132_,OAI21,0,0,3,1,8,2,1,-0.0006098046875000485,1.862,0.7980000000006839,0.00802
b21_C,_7133_,MUX2,0,1,3,0,11,1,0,-0.00016134765625008818,2.394,0.5320000000001528,0.00802
b21_C,_7134_,MUX2,0,1,3,0,11,1,0,-0.00016134765625008818,2.394,0.5320000000001528,0.00802
b21_C,_7135_,BUF,0,0,1,10,10,5,34,-2.972656249999872e-05,1.064,0.26600000000053114,0.00801
b21_C,_7136_,OAI221,0,0,5,2,13,2,2,-2.8437500000144667e-05,2.926,1.3300000000008367,0.00802
b21_C,_7137_,AOI21,0,5,3,2,12,6,77,-0.00047361328125017366,1.862,0.7980000000006839,0.00802
b21_C,_7138_,NAND3,0,4,3,1,13,5,38,-8.322265624993719e-05,1.862,0.7980000000006839,0.00802
b21_C,_7139_,NOR2,0,4,2,7,14,4,37,0.00011107421875000689,1.33,0.5320000000001528,0.00801
b21_C,_7140_,BUF,0,4,1,10,15,3,10,0.0001442578124999372,1.064,0.26600000000053114,0.00801
b21_C,_7141_,MUX2,0,1,3,0,16,1,0,-4.492187500004796e-05,2.394,0.5320000000001528,0.00802
b21_C,_7142_,NOR2,0,0,2,1,13,4,4,-7.169921875016527e-05,1.33,0.5320000000001528,0.00802
b21_C,_7143_,NOR2,0,0,2,2,9,6,82,0.0,1.33,0.5320000000001528,0.00802
b21_C,_7144_,BUF,0,0,1,10,10,5,77,0.0,1.064,0.26600000000053114,0.00802
b21_C,_7145_,CLKBUF,0,0,1,10,11,4,40,0.0,1.064,0.26600000000053114,0.00801
b21_C,_7146_,AOI21,0,0,3,1,14,3,3,-1.9511718750031548e-05,1.862,0.7980000000006839,0.00802
b21_C,_7147_,OAI211,0,1,4,2,15,2,2,-1.8847656250153833e-05,2.394,1.0640000000003056,0.00802
b21_C,_7148_,MUX2,0,1,3,0,16,1,0,-4.958984375003084e-05,2.394,0.5320000000001528,0.00802
b21_C,_7149_,BUF,0,0,1,10,12,4,39,-4.869140625007873e-05,1.064,0.26600000000053114,0.00801
b21_C,_7150_,AOI21,0,0,3,1,13,3,3,-5.722656250206626e-06,1.862,0.7980000000006839,0.00802
b21_C,_7151_,BUF,0,0,1,10,9,5,37,1.6015624999532463e-06,1.064,0.26600000000053114,0.00802
b21_C,_7152_,OAI211,0,1,4,2,15,2,2,-1.4902343750122782e-05,2.394,1.0640000000003056,0.00802
b21_C,_7153_,MUX2,0,1,3,0,16,1,0,-4.9609374999981526e-05,2.394,0.5320000000001528,0.00802
b21_C,_7154_,AOI22,0,0,4,1,13,3,3,-9.765625019753088e-08,2.394,1.0640000000003056,0.00802
b21_C,_7155_,OAI211,0,1,4,2,15,2,2,-1.5976562500075175e-05,2.394,1.0640000000003056,0.00802
b21_C,_7156_,MUX2,0,1,3,0,16,1,0,-4.970703125017906e-05,2.394,0.5320000000001528,0.00802
b21_C,_7157_,NOR2,0,0,2,1,16,2,1,-3.312500000007823e-05,1.33,0.5320000000001528,0.00801
b21_C,_7158_,OAI22,0,0,4,1,13,3,3,-4.335937499932996e-06,2.394,1.0640000000003056,0.00802
b21_C,_7159_,AOI211,0,2,4,2,16,2,2,2.3593749999939462e-05,2.394,1.0640000000003056,0.00802
b21_C,_7160_,AOI21,0,1,3,0,17,1,0,-7.738281250002643e-05,1.862,0.7980000000006839,0.00802
b21_C,_7161_,OAI22,0,0,4,1,14,4,4,-3.224609375007681e-05,2.394,1.0640000000003056,0.00802
b21_C,_7162_,INV,0,0,1,1,15,3,3,0.0,0.798,0.26599999999962165,0.00802
b21_C,_7163_,OAI211,0,2,4,2,16,2,2,-3.1757812499977334e-05,2.394,1.0640000000003056,0.00802
b21_C,_7164_,MUX2,0,1,3,0,17,1,0,-1.5917968750001066e-05,2.394,0.5320000000001528,0.00802
b21_C,_7165_,AOI222,0,0,6,1,15,3,3,-0.00011277343750015767,3.724,1.5960000000004584,0.00802
b21_C,_7166_,OAI211,0,2,4,2,18,2,2,-4.8183593750028564e-05,2.394,1.0640000000003056,0.00802
b21_C,_7167_,MUX2,0,1,3,0,19,1,0,-1.710937500010168e-05,2.394,0.5320000000001528,0.00802
b21_C,_7168_,AOI222,0,0,6,1,15,3,3,-1.3085937500267875e-06,3.724,1.5960000000004584,0.00802
b21_C,_7169_,OAI211,0,2,4,2,18,2,2,-7.023437500008889e-05,2.394,1.0640000000003056,0.00802
b21_C,_7170_,CLKBUF,0,0,1,10,15,2,10,-2.6953125000117595e-05,1.064,0.26600000000053114,0.00801
b21_C,_7171_,MUX2,0,1,3,0,19,1,0,-1.1914062501006129e-06,2.394,0.5320000000001528,0.00802
b21_C,_7172_,NOR2,0,0,2,1,16,4,4,-9.376953124995424e-05,1.33,0.5320000000001528,0.00802
b21_C,_7173_,AOI21,0,0,3,1,17,3,3,0.0,1.862,0.7980000000006839,0.00802
b21_C,_7174_,OAI211,0,2,4,2,18,2,2,-5.6347656250066436e-05,2.394,1.0640000000003056,0.00802
b21_C,_7175_,MUX2,0,1,3,0,19,1,0,-1.3085937500267875e-06,2.394,0.5320000000001528,0.00802
b21_C,_7176_,AOI22,0,0,4,1,17,3,3,-1.724609374997854e-05,2.394,1.0640000000003056,0.00802
b21_C,_7177_,AOI21,0,2,3,1,19,3,3,-5.253906250057838e-06,1.862,0.7980000000006839,0.00802
b21_C,_7179_,MUX2,0,1,3,0,21,1,0,1.2499999999526779e-06,2.394,0.5320000000001528,0.00802
b21_C,_7178_,NAND2,0,2,2,2,20,2,2,-2.957031250017117e-05,1.33,0.5320000000001528,0.00802
b21_C,_7181_,AOI221,0,2,5,1,19,3,3,7.85156249993868e-06,2.926,1.3300000000008367,0.00802
b21_C,_7180_,NOR2,0,2,2,1,18,4,4,-7.59179687501721e-05,1.33,0.5320000000001528,0.00802
b21_C,_7182_,NAND3,0,2,3,2,20,2,2,-6.894531250001279e-05,1.862,0.7980000000006839,0.00802
b21_C,_7183_,MUX2,0,1,3,0,21,1,0,-1.3476562501502087e-06,2.394,0.5320000000001528,0.00802
b21_C,_7184_,NAND2,0,0,2,1,18,3,3,-3.982421875003972e-05,1.33,0.5320000000001528,0.00802
b21_C,_7185_,AOI22,0,0,4,1,16,3,3,-2.0312500002006573e-06,2.394,1.0640000000003056,0.00802
b21_C,_7186_,NAND4,0,2,4,2,20,2,2,-6.11132812500248e-05,2.394,1.0640000000003056,0.00802
b21_C,_7187_,MUX2,0,1,3,0,21,1,0,-6.816406250109708e-06,2.394,0.5320000000001528,0.00802
b21_C,_7188_,OAI22,0,0,4,1,16,3,3,-3.0664062500296296e-06,2.394,1.0640000000003056,0.00802
b21_C,_7190_,OR3,0,2,3,2,21,2,2,1.6679687499854268e-05,1.596,0.26600000000053114,0.00802
b21_C,_7189_,OAI22,0,0,4,1,20,3,3,-0.00011619140625018787,2.394,1.0640000000003056,0.00802
b21_C,_7191_,MUX2,0,1,3,0,22,1,0,5.078124998281197e-07,2.394,0.5320000000001528,0.00802
b21_C,_7192_,AOI221,0,0,5,1,21,3,3,-3.906250012342127e-08,2.926,1.3300000000008367,0.00802
b21_C,_7193_,OAI211,0,2,4,2,22,2,2,-0.00010849609375007674,2.394,1.0640000000003056,0.00802
b21_C,_7194_,MUX2,0,1,3,0,23,1,0,-1.4062500000022737e-06,2.394,0.5320000000001528,0.00802
b21_C,_7195_,OR2,0,0,2,1,20,3,3,-2.8671874999997016e-05,1.33,0.26600000000053114,0.00802
b21_C,_7196_,AOI22,0,0,4,1,18,3,3,-3.5156250000056843e-07,2.394,1.0640000000003056,0.00802
b21_C,_7197_,NAND4,0,2,4,2,23,2,2,-4.097656250001691e-05,2.394,1.0640000000003056,0.00802
b21_C,_7198_,MUX2,0,1,3,0,24,1,0,-4.00390625010516e-06,2.394,0.5320000000001528,0.00802
b21_C,_7199_,NOR2,0,0,2,1,22,4,4,0.0,1.33,0.5320000000001528,0.00802
b21_C,_7201_,OAI211,0,2,4,2,24,2,2,-0.00013099609375011312,2.394,1.0640000000003056,0.00802
b21_C,_7200_,AOI221,0,0,5,1,23,3,3,0.0,2.926,1.3300000000008367,0.00802
b21_C,_7202_,MUX2,0,1,3,0,25,1,0,-2.55859375020151e-06,2.394,0.5320000000001528,0.00802
b21_C,_7203_,OAI22,0,2,4,1,22,4,4,-8.970703124999702e-05,2.394,1.0640000000003056,0.00802
b21_C,_7204_,AOI211,0,2,4,1,23,3,3,8.164062500037872e-06,2.394,1.0640000000003056,0.00802
b21_C,_7205_,OAI211,0,2,4,2,24,2,2,-7.3789062500218e-05,2.394,1.0640000000003056,0.00802
b21_C,_7206_,MUX2,0,1,3,0,25,1,0,-1.3281250001995204e-06,2.394,0.5320000000001528,0.00802
b21_C,_7207_,AOI22,0,0,4,1,23,3,3,-1.7578125000028422e-07,2.394,1.0640000000003056,0.00802
b21_C,_7208_,OAI211,0,2,4,2,25,2,2,-6.746093750020776e-05,2.394,1.0640000000003056,0.00802
b21_C,_7209_,CLKBUF,0,0,1,10,15,2,10,-2.6953125000117595e-05,1.064,0.26600000000053114,0.00801
b21_C,_7210_,MUX2,0,1,3,0,26,1,0,-1.2109375000513012e-06,2.394,0.5320000000001528,0.00802
b21_C,_7211_,AOI21,0,0,3,1,20,3,3,0.0,1.862,0.7980000000006839,0.00802
b21_C,_7212_,AOI22,0,0,4,1,24,3,3,-2.1191406250009592e-05,2.394,1.0640000000003056,0.00802
b21_C,_7213_,NAND3,0,2,3,2,25,2,2,-5.5527343750139124e-05,1.862,0.7980000000006839,0.00802
b21_C,_7214_,MUX2,0,1,3,0,26,1,0,-4.6679687502049205e-06,2.394,0.5320000000001528,0.00802
b21_C,_7215_,AOI222,0,0,6,1,23,3,3,-7.812500002479794e-08,3.724,1.5960000000004584,0.00802
b21_C,_7216_,OAI211,0,2,4,2,26,2,2,-6.767578125010942e-05,2.394,1.0640000000003056,0.00802
b21_C,_7217_,MUX2,0,1,3,0,27,1,0,-1.2500000001747225e-06,2.394,0.5320000000001528,0.00802
b21_C,_7218_,NAND2,0,0,2,1,25,3,3,-2.0761718749984226e-05,1.33,0.5320000000001528,0.00802
b21_C,_7219_,OAI22,0,0,4,1,24,4,4,-3.3398437500054e-06,2.394,1.0640000000003056,0.00802
b21_C,_7220_,AOI21,0,0,3,1,25,3,3,0.0,1.862,0.7980000000006839,0.00802
b21_C,_7221_,NAND3,0,2,3,2,26,2,2,-5.587890625013969e-05,1.862,0.7980000000006839,0.00802
b21_C,_7222_,MUX2,0,1,3,0,27,1,0,-4.648437500032188e-06,2.394,0.5320000000001528,0.00802
b21_C,_7223_,OAI22,0,0,4,1,25,4,4,-8.984374999521094e-07,2.394,1.0640000000003056,0.00802
b21_C,_7224_,AOI21,0,0,3,1,26,3,3,-1.6015624999976552e-05,1.862,0.7980000000006839,0.00802
b21_C,_7225_,OAI211,0,2,4,2,28,2,2,-5.148437500013259e-05,2.394,1.0640000000003056,0.00802
b21_C,_7226_,MUX2,0,1,3,0,29,1,0,-1.3476562499281641e-06,2.394,0.5320000000001528,0.00802
b21_C,_7227_,NOR2,0,0,2,1,25,4,4,0.0,1.33,0.5320000000001528,0.00802
b21_C,_7228_,AOI221,0,0,5,1,27,3,3,-0.00012634765625008093,2.926,1.3300000000008367,0.00802
b21_C,_7229_,OAI211,0,2,4,2,28,2,2,-7.986328125020314e-05,2.394,1.0640000000003056,0.00802
b21_C,_7230_,MUX2,0,1,3,0,29,1,0,-2.9882812500048317e-06,2.394,0.5320000000001528,0.00802
b21_C,_7231_,NAND2,0,0,2,1,28,3,3,-2.1503906250108784e-05,1.33,0.5320000000001528,0.00802
b21_C,_7232_,AOI22,0,0,4,1,23,3,3,-1.3300781250169535e-05,2.394,1.0640000000003056,0.00802
b21_C,_7233_,NAND4,0,2,4,2,29,2,2,-6.234375000002679e-05,2.394,1.0640000000003056,0.00802
b21_C,_7234_,MUX2,0,1,3,0,30,1,0,-6.835937500060396e-06,2.394,0.5320000000001528,0.00802
b21_C,_7236_,NOR2,0,0,2,1,24,4,4,-1.113281250075815e-06,1.33,0.5320000000001528,0.00802
b21_C,_7235_,NAND2,0,0,2,1,19,3,3,-5.1367187501316636e-06,1.33,0.5320000000001528,0.00802
b21_C,_7237_,AOI21,0,0,3,1,29,3,3,-0.00014134765624995715,1.862,0.7980000000006839,0.00802
b21_C,_7238_,NAND4,0,2,4,2,30,2,2,-4.0644531250189075e-05,2.394,1.0640000000003056,0.00802
b21_C,_7239_,MUX2,0,1,3,0,31,1,0,-4.00390625010516e-06,2.394,0.5320000000001528,0.00802
b21_C,_7240_,AOI21,0,2,3,1,32,3,3,-3.867187500006253e-06,1.862,0.7980000000006839,0.00802
b21_C,_7241_,NOR2,0,0,2,1,27,4,4,0.0,1.33,0.5320000000001528,0.00802
b21_C,_7242_,AOI221,0,0,5,1,30,3,3,-0.00011787109374994387,2.926,1.3300000000008367,0.00802
b21_C,_7243_,NAND2,0,2,2,2,33,2,2,-2.121093749996028e-05,1.33,0.5320000000001528,0.00802
b21_C,_7244_,MUX2,0,1,3,0,34,1,0,6.640624998777156e-07,2.394,0.5320000000001528,0.00802
b21_C,_7245_,NOR2,0,0,2,1,28,4,4,0.0,1.33,0.5320000000001528,0.00802
b21_C,_7246_,AOI221,0,0,5,1,29,3,3,-8.593750000063238e-06,2.926,1.3300000000008367,0.00802
b21_C,_7247_,OAI211,0,2,4,2,33,2,2,-0.00011417968750015994,2.394,1.0640000000003056,0.00802
b21_C,_7248_,MUX2,0,1,3,0,34,1,0,-1.2499999999526779e-06,2.394,0.5320000000001528,0.00802
b21_C,_7249_,NOR2,0,0,2,1,16,2,1,-3.312500000007823e-05,1.33,0.5320000000001528,0.00801
b21_C,_7250_,OAI22,0,0,4,1,29,3,3,-7.597656250135643e-06,2.394,1.0640000000003056,0.00802
b21_C,_7251_,OAI22,0,0,4,1,32,3,3,-4.2695312500118376e-05,2.394,1.0640000000003056,0.00802
b21_C,_7252_,NOR3,0,2,3,2,33,2,2,8.886718749989697e-06,1.862,0.7980000000006839,0.00802
b21_C,_7253_,AOI21,0,1,3,0,34,1,0,-7.822265624990443e-05,1.862,0.7980000000006839,0.00802
b21_C,_7254_,NAND2,0,0,2,1,32,3,3,-2.304687499998792e-05,1.33,0.5320000000001528,0.00802
b21_C,_7255_,NOR2,0,0,2,1,20,4,4,-8.398437500112266e-06,1.33,0.5320000000001528,0.00802
b21_C,_7256_,AOI221,0,0,5,1,29,3,3,-9.765625019753088e-08,2.926,1.3300000000008367,0.00802
b21_C,_7257_,NAND3,0,2,3,2,33,2,2,-5.531250000001542e-05,1.862,0.7980000000006839,0.00802
b21_C,_7258_,MUX2,0,1,3,0,34,1,0,-3.492187499998245e-05,2.394,0.5320000000001528,0.00802
b21_C,_7259_,AOI22,0,2,4,1,33,3,3,-0.0002146093750001743,2.394,1.0640000000003056,0.00802
b21_C,_7260_,OAI211,0,2,4,2,34,2,2,-3.789062500003659e-05,2.394,1.0640000000003056,0.00802
b21_C,_7261_,MUX2,0,1,3,0,35,1,0,-3.1347656249902656e-05,2.394,0.5320000000001528,0.00802
b21_C,_7262_,OAI221,0,2,5,2,31,2,2,-6.32421874999789e-05,2.926,1.3300000000008367,0.00802
b21_C,_7263_,MUX2,0,1,3,0,32,1,0,-3.3242187500004405e-05,2.394,0.5320000000001528,0.00802
b21_C,_7264_,NAND2,0,0,2,1,29,3,3,-2.6640625000018403e-05,1.33,0.5320000000001528,0.00802
b21_C,_7265_,OAI211,0,2,4,2,32,2,2,-2.156249999996085e-05,2.394,1.0640000000003056,0.00802
b21_C,_7266_,MUX2,0,1,3,0,33,1,0,-3.1347656249902656e-05,2.394,0.5320000000001528,0.00802
b21_C,_7267_,NAND4,0,1,4,7,13,4,37,-0.0001232031250000265,2.394,1.0640000000003056,0.00802
b21_C,_7268_,BUF,0,1,1,10,14,3,10,4.412109375007134e-05,1.064,0.26600000000053114,0.00801
b21_C,_7269_,MUX2,0,1,3,0,15,1,0,-3.4589843750154614e-05,2.394,0.5320000000001528,0.00802
b21_C,_7270_,MUX2,0,1,3,0,16,1,0,-2.3749999999989058e-05,2.394,0.5320000000001528,0.00802
b21_C,_7271_,MUX2,0,1,3,0,16,1,0,-1.9238281250055778e-05,2.394,0.5320000000001528,0.00802
b21_C,_7272_,MUX2,0,1,3,0,16,1,0,-1.7343749999954028e-05,2.394,0.5320000000001528,0.00802
b21_C,_7273_,NAND2,0,0,2,1,15,2,1,-8.730468750162146e-06,1.33,0.5320000000001528,0.00801
b21_C,_7274_,OAI21,0,1,3,0,17,1,0,-5.859374999994671e-05,1.862,0.7980000000006839,0.00802
b21_C,_7275_,MUX2,0,1,3,0,17,1,0,-6.249999999985434e-06,2.394,0.5320000000001528,0.00802
b21_C,_7276_,MUX2,0,1,3,0,19,1,0,-7.519531250110845e-06,2.394,0.5320000000001528,0.00802
b21_C,_7277_,CLKBUF,0,0,1,10,14,2,10,-3.5156250000056843e-06,1.064,0.26600000000053114,0.00801
b21_C,_7278_,MUX2,0,1,3,0,19,1,0,-2.5781250001521983e-06,2.394,0.5320000000001528,0.00802
b21_C,_7279_,MUX2,0,1,3,0,19,1,0,-2.5000000001274003e-06,2.394,0.5320000000001528,0.00802
b21_C,_7280_,MUX2,0,1,3,0,21,1,0,2.734374999757705e-07,2.394,0.5320000000001528,0.00802
b21_C,_7281_,MUX2,0,1,3,0,21,1,0,-2.9687500000541434e-06,2.394,0.5320000000001528,0.00802
b21_C,_7282_,MUX2,0,1,3,0,21,1,0,-7.597656250135643e-06,2.394,0.5320000000001528,0.00802
b21_C,_7283_,MUX2,0,1,3,0,22,1,0,-7.617187500752465e-07,2.394,0.5320000000001528,0.00802
b21_C,_7284_,MUX2,0,1,3,0,23,1,0,-2.734375000201794e-06,2.394,0.5320000000001528,0.00802
b21_C,_7285_,MUX2,0,1,3,0,24,1,0,-5.527343750033609e-06,2.394,0.5320000000001528,0.00802
b21_C,_7286_,MUX2,0,1,3,0,25,1,0,-3.945312500031051e-06,2.394,0.5320000000001528,0.00802
b21_C,_7287_,MUX2,0,1,3,0,25,1,0,-2.480468750176712e-06,2.394,0.5320000000001528,0.00802
b21_C,_7288_,CLKBUF,0,0,1,10,14,2,10,-3.5156250000056843e-06,1.064,0.26600000000053114,0.00801
b21_C,_7289_,MUX2,0,1,3,0,26,1,0,-2.617187500053575e-06,2.394,0.5320000000001528,0.00802
b21_C,_7290_,MUX2,0,1,3,0,26,1,0,-6.015625000133085e-06,2.394,0.5320000000001528,0.00802
b21_C,_7291_,MUX2,0,1,3,0,27,1,0,-2.656250000176996e-06,2.394,0.5320000000001528,0.00802
b21_C,_7292_,MUX2,0,1,3,0,27,1,0,-5.976562500009663e-06,2.394,0.5320000000001528,0.00802
b21_C,_7293_,MUX2,0,1,3,0,29,1,0,-2.539062500028777e-06,2.394,0.5320000000001528,0.00802
b21_C,_7294_,MUX2,0,1,3,0,29,1,0,-4.296875000031619e-06,2.394,0.5320000000001528,0.00802
b21_C,_7295_,MUX2,0,1,3,0,30,1,0,-7.597656250135643e-06,2.394,0.5320000000001528,0.00802
b21_C,_7296_,MUX2,0,1,3,0,31,1,0,-5.50781250008292e-06,2.394,0.5320000000001528,0.00802
b21_C,_7298_,MUX2,0,1,3,0,34,1,0,-2.5585937499794653e-06,2.394,0.5320000000001528,0.00802
b21_C,_7297_,MUX2,0,1,3,0,34,1,0,-4.296875000253664e-07,2.394,0.5320000000001528,0.00802
b21_C,_7299_,NAND2,0,0,2,1,15,2,1,-8.730468750162146e-06,1.33,0.5320000000001528,0.00801
b21_C,_7300_,OAI21,0,1,3,0,34,1,0,-5.921875000014509e-05,1.862,0.7980000000006839,0.00802
b21_C,_7301_,MUX2,0,1,3,0,34,1,0,-9.921875000040714e-06,2.394,0.5320000000001528,0.00802
b21_C,_7302_,MUX2,0,1,3,0,35,1,0,-6.152343750009948e-06,2.394,0.5320000000001528,0.00802
b21_C,_7303_,MUX2,0,1,3,0,32,1,0,-6.894531250134506e-06,2.394,0.5320000000001528,0.00802
b21_C,_7304_,MUX2,0,1,3,0,33,1,0,-6.484375000059828e-06,2.394,0.5320000000001528,0.00802
b21_C,_7305_,MUX2,0,1,3,0,11,1,0,-5.1738281249935625e-05,2.394,0.5320000000001528,0.00802
b21_C,_7306_,MUX2,0,1,3,0,11,1,0,-5.1503906250083276e-05,2.394,0.5320000000001528,0.00802
b21_C,_7307_,MUX2,0,1,3,0,11,1,0,-5.136718749998437e-05,2.394,0.5320000000001528,0.00802
b21_C,_7308_,MUX2,0,1,3,0,11,1,0,-5.1582031250108074e-05,2.394,0.5320000000001528,0.00802
b21_C,_7309_,MUX2,0,1,3,0,11,1,0,-5.136718749998437e-05,2.394,0.5320000000001528,0.00802
b21_C,_7310_,BUF,0,10,1,10,10,2,10,0.00023216796875002998,1.064,0.26600000000053114,0.00801
b21_C,_7311_,MUX2,0,1,3,0,11,1,0,-6.58203125001311e-05,2.394,0.5320000000001528,0.00802
b21_C,_7312_,MUX2,0,1,3,0,11,1,0,-6.580078124995836e-05,2.394,0.5320000000001528,0.00802
b21_C,_7314_,MUX2,0,1,3,0,11,1,0,-6.580078124995836e-05,2.394,0.5320000000001528,0.00802
b21_C,_7313_,MUX2,0,1,3,0,11,1,0,-6.580078124995836e-05,2.394,0.5320000000001528,0.00802
b21_C,_7316_,MUX2,0,1,3,0,11,1,0,-6.580078124995836e-05,2.394,0.5320000000001528,0.00802
b21_C,_7315_,MUX2,0,1,3,0,11,1,0,-6.585937500003247e-05,2.394,0.5320000000001528,0.00802
b21_C,_7317_,MUX2,0,1,3,0,11,1,0,-6.580078124995836e-05,2.394,0.5320000000001528,0.00802
b21_C,_7318_,MUX2,0,1,3,0,11,1,0,-6.634765625013195e-05,2.394,0.5320000000001528,0.00802
b21_C,_7319_,MUX2,0,1,3,0,12,1,0,-6.585937500003247e-05,2.394,0.5320000000001528,0.00802
b21_C,_7320_,MUX2,0,1,3,0,12,1,0,-6.580078124995836e-05,2.394,0.5320000000001528,0.00802
b21_C,_7321_,BUF,0,8,1,10,10,2,10,0.00012226562499995097,1.064,0.26600000000053114,0.00801
b21_C,_7322_,MUX2,0,1,3,0,13,1,0,-5.892578124999659e-05,2.394,0.5320000000001528,0.00802
b21_C,_7323_,MUX2,0,1,3,0,13,1,0,-5.892578124999659e-05,2.394,0.5320000000001528,0.00802
b21_C,_7324_,MUX2,0,1,3,0,15,1,0,-5.892578124999659e-05,2.394,0.5320000000001528,0.00802
b21_C,_7325_,MUX2,0,1,3,0,14,1,0,-5.89843750000707e-05,2.394,0.5320000000001528,0.00802
b21_C,_7326_,MUX2,0,1,3,0,16,1,0,-3.867187500006253e-05,2.394,0.5320000000001528,0.00802
b21_C,_7327_,MUX2,0,1,3,0,15,1,0,-5.892578124999659e-05,2.394,0.5320000000001528,0.00802
b21_C,_7328_,MUX2,0,1,3,0,16,1,0,-5.892578124999659e-05,2.394,0.5320000000001528,0.00802
b21_C,_7329_,MUX2,0,1,3,0,16,1,0,-5.892578124999659e-05,2.394,0.5320000000001528,0.00802
b21_C,_7330_,MUX2,0,1,3,0,17,1,0,-6.0039062500072404e-05,2.394,0.5320000000001528,0.00802
b21_C,_7331_,MUX2,0,1,3,0,18,1,0,-5.568359375018872e-05,2.394,0.5320000000001528,0.00802
b21_C,_7332_,MUX2,0,1,3,0,19,1,0,-0.0001764062500000385,2.394,0.5320000000001528,0.00802
b21_C,_7333_,NOR2,0,0,2,1,11,2,1,-4.925781249998096e-05,1.33,0.5320000000001528,0.00801
b21_C,_7334_,AOI21,0,1,3,0,20,1,0,-4.2714843750069065e-05,1.862,0.7980000000006839,0.00802
b21_C,_7335_,MUX2,0,1,3,0,20,1,0,-0.00017808593750001656,2.394,0.5320000000001528,0.00802
b21_C,_7336_,MUX2,0,1,3,0,20,1,0,-0.00018242187499994955,2.394,0.5320000000001528,0.00802
b21_C,_7337_,NOR2,0,0,2,1,11,2,1,-4.925781249998096e-05,1.33,0.5320000000001528,0.00801
b21_C,_7338_,AOI21,0,1,3,0,20,1,0,-4.8105468750003766e-05,1.862,0.7980000000006839,0.00802
b21_C,_7339_,MUX2,0,1,3,0,12,1,0,-0.00017916015624996895,2.394,0.5320000000001528,0.00802
b21_C,_7340_,INV,0,1,1,1,11,2,1,-1.76171874999298e-05,0.798,0.26599999999962165,0.00802
b21_C,_7341_,MUX2,0,1,3,0,12,1,0,-0.00018289062500009834,2.394,0.5320000000001528,0.00802
b21_C,_7342_,BUF,0,0,1,10,1,8,120,-9.179687501248424e-07,1.064,0.26600000000053114,0.00801
b21_C,_7343_,CLKBUF,0,0,1,10,2,4,34,0.0,1.064,0.26600000000053114,0.00801
b21_C,_7344_,CLKBUF,0,0,1,10,3,2,10,0.0,1.064,0.26600000000053114,0.00801
b21_C,_7345_,BUF,0,0,1,10,1,31,1725,0.0,1.064,0.26600000000053114,0.00801
b21_C,_7346_,BUF,0,0,1,10,2,30,1245,0.0,1.064,0.26600000000053114,0.00801
b21_C,_7347_,INV,0,0,1,2,1,34,1866,0.0,0.798,0.26599999999962165,0.00801
b21_C,_7348_,INV,0,0,1,2,1,34,1868,0.0,0.798,0.26599999999962165,0.00801
b21_C,_7349_,INV,0,0,1,3,1,34,1884,0.0,0.798,0.26599999999962165,0.00801
b21_C,_7350_,OR4,1,209,4,4,1,36,2096,0.0063139648437497975,1.862,0.26600000000053114,0.00801
b21_C,_7351_,OR3,1,209,3,4,2,35,1997,0.004209023437499848,1.596,0.26600000000053114,0.00801
b21_C,_7352_,NOR4,0,0,4,2,1,36,1946,0.0,2.394,1.0640000000003056,0.00801
b21_C,_7353_,NOR2,0,0,2,1,1,36,1930,0.0,1.33,0.5320000000001528,0.00801
b21_C,_7354_,NOR3,0,0,3,2,1,36,2003,0.0,1.862,0.7980000000006839,0.00801
b21_C,_7355_,NOR2,0,0,2,3,1,36,2043,0.0,1.33,0.5320000000001528,0.00801
b21_C,_7356_,NAND4,0,0,4,2,2,35,1929,0.0,2.394,1.0640000000003056,0.00801
b21_C,_7357_,NOR4,1,209,4,3,3,34,1891,0.00980531249999994,2.394,1.0640000000003056,0.00801
b21_C,_7358_,NAND4,1,209,4,3,4,33,1864,-0.006942753906250321,2.394,1.0640000000003056,0.00801
b21_C,_7359_,OR2,0,1,2,2,5,30,751,-0.001467050781249979,1.33,0.26600000000053114,0.00801
b21_C,_7360_,NAND2,0,1,2,2,6,29,735,6.816406249887663e-06,1.33,0.5320000000001528,0.00801
b21_C,_7361_,XNOR2,0,0,2,3,7,25,544,-1.3125000000169251e-05,2.66,1.0640000000003056,0.00802
b21_C,_7362_,BUF,0,0,1,10,8,23,536,0.0,1.064,0.26600000000053114,0.00802
b21_C,_7363_,BUF,0,0,1,10,9,18,505,0.0,1.064,0.26600000000053114,0.00802
b21_C,_7364_,BUF,0,0,1,10,10,13,175,0.0,1.064,0.26600000000053114,0.00802
b21_C,_7365_,OR4,1,208,4,5,5,32,1772,0.0057883984374997866,1.862,0.26600000000053114,0.00801
b21_C,_7366_,OAI21,0,38,3,1,6,14,580,-0.0012307812500000903,1.862,0.7980000000006839,0.00801
b21_C,_7367_,XNOR2,0,38,2,6,7,13,579,-0.00035990234374994046,2.66,1.0640000000003056,0.00802
b21_C,_7368_,OAI21,0,0,3,1,6,15,580,-8.984374999965183e-06,1.862,0.7980000000006839,0.00801
b21_C,_7369_,XNOR2,0,0,2,5,7,14,579,0.0,2.66,1.0640000000003056,0.00802
b21_C,_7370_,NAND2,0,0,2,1,6,14,580,-0.0017973046874999454,1.33,0.5320000000001528,0.00801
b21_C,_7371_,XNOR2,0,0,2,4,7,13,579,0.0,2.66,1.0640000000003056,0.00802
b21_C,_7372_,AND3,0,36,3,5,8,12,566,0.00047269531249982677,1.596,0.26600000000053114,0.00802
b21_C,_7373_,NOR2,0,0,2,3,11,11,138,-0.00020044921875017607,1.33,0.5320000000001528,0.00802
b21_C,_7374_,INV,0,0,1,3,1,32,1881,0.0,0.798,0.26599999999962165,0.00801
b21_C,_7375_,NOR4,0,24,4,2,6,30,1365,-0.0013907812500000283,2.394,1.0640000000003056,0.00801
b21_C,_7376_,OR3,0,24,3,3,7,29,1363,-5.097656250008242e-05,1.596,0.26600000000053114,0.00801
b21_C,_7377_,BUF,0,0,1,10,2,31,1878,7.812499980275334e-08,1.064,0.26600000000053114,0.00801
b21_C,_7378_,OAI21,0,0,3,3,7,29,1363,-0.0008479687500000388,1.862,0.7980000000006839,0.00801
b21_C,_7379_,NOR3,0,0,3,2,6,30,1282,-0.0019270898437500072,1.862,0.7980000000006839,0.00801
b21_C,_7380_,OR3,0,0,3,2,7,29,1280,0.0,1.596,0.26600000000053114,0.00801
b21_C,_7381_,OAI21,0,0,3,2,7,29,1280,-3.080078125017316e-05,1.862,0.7980000000006839,0.00801
b21_C,_7382_,NAND4,0,3,4,9,8,28,1048,-0.0001698828125000773,2.394,1.0640000000003056,0.00802
b21_C,_7383_,BUF,0,0,1,10,9,25,777,-2.2382812500110205e-05,1.064,0.26600000000053114,0.00802
b21_C,_7384_,BUF,0,0,1,10,10,20,569,0.0,1.064,0.26600000000053114,0.00801
b21_C,_7385_,BUF,0,0,1,10,11,16,338,0.0,1.064,0.26600000000053114,0.00802
b21_C,_7386_,NAND2,0,0,2,2,4,30,1104,-0.00840673828125027,1.33,0.5320000000001528,0.00801
b21_C,_7387_,OAI21,0,0,3,2,5,29,1088,7.812499980275334e-08,1.862,0.7980000000006839,0.00801
b21_C,_7388_,XNOR2,0,0,2,5,6,28,909,-5.859375007410961e-08,2.66,1.0640000000003056,0.00802
b21_C,_7389_,BUF,0,0,1,10,7,27,585,1.9531249995097255e-07,1.064,0.26600000000053114,0.00802
b21_C,_7390_,NAND2,0,0,2,2,5,30,1090,-0.0034561328125000124,1.33,0.5320000000001528,0.00801
b21_C,_7391_,XNOR2,0,0,2,4,6,29,830,0.0,2.66,1.0640000000003056,0.00802
b21_C,_7392_,NAND2,0,0,2,8,8,11,463,-1.1718750014821921e-07,1.33,0.5320000000001528,0.00802
b21_C,_7393_,NAND3,0,0,3,1,12,2,1,0.0,1.862,0.7980000000006839,0.00802
b21_C,_7394_,NAND2,0,21,2,9,8,27,1038,0.0005203124999999531,1.33,0.5320000000001528,0.00801
b21_C,_7395_,NAND2,0,0,2,9,8,27,966,3.906249990137667e-08,1.33,0.5320000000001528,0.00801
b21_C,_7396_,NOR2,0,21,2,10,9,26,951,0.0013156054687499807,1.33,0.5320000000001528,0.00801
b21_C,_7397_,BUF,0,21,1,10,10,21,664,0.0006647070312497672,1.064,0.26600000000053114,0.00802
b21_C,_7398_,BUF,0,21,1,10,11,17,492,0.0007727343749999172,1.064,0.26600000000053114,0.00801
b21_C,_7399_,BUF,0,21,1,10,12,13,241,0.0008807812500000178,1.064,0.26600000000053114,0.00801
b21_C,_7400_,XOR2,0,1,2,5,7,28,278,2.939453124994884e-05,2.394,0.7979999999997744,0.00802
b21_C,_7401_,BUF,0,1,1,10,8,24,213,3.7421874999887805e-05,1.064,0.26600000000053114,0.00802
b21_C,_7402_,BUF,0,1,1,10,9,21,188,4.154296874991914e-05,1.064,0.26600000000053114,0.00802
b21_C,_7403_,BUF,0,1,1,10,10,15,162,4.156249999986983e-05,1.064,0.26600000000053114,0.00802
b21_C,_7404_,BUF,0,1,1,10,11,10,131,4.886718750007901e-05,1.064,0.26600000000053114,0.00802
b21_C,_7405_,OAI211,0,1,4,0,13,1,0,-0.0001611718750000879,2.394,1.0640000000003056,0.00802
b21_C,_7406_,INV,0,1,1,8,1,12,525,2.5859374999992468e-05,0.798,0.26599999999962165,0.00801
b21_C,_7407_,CLKBUF,0,0,1,10,2,6,44,-3.496093750054996e-06,1.064,0.26600000000053114,0.00801
b21_C,_7408_,NAND2,0,0,2,1,3,4,3,0.0,1.33,0.5320000000001528,0.00801
b21_C,_7409_,NOR3,0,36,3,7,10,11,393,0.0030037499999999717,1.862,0.7980000000006839,0.00802
b21_C,_7410_,NOR2,0,0,2,2,4,30,1082,-0.00800533203125009,1.33,0.5320000000001528,0.00801
b21_C,_7411_,XNOR2,0,0,2,4,5,29,933,0.0,2.66,1.0640000000003056,0.00802
b21_C,_7412_,BUF,0,0,1,10,6,11,426,0.0,1.064,0.26600000000053114,0.00802
b21_C,_7413_,NOR2,0,0,2,7,7,26,563,1.3671874987686294e-07,1.33,0.5320000000001528,0.00802
b21_C,_7414_,NAND2,0,0,2,2,5,29,824,0.0,1.33,0.5320000000001528,0.00801
b21_C,_7415_,XNOR2,0,0,2,7,6,28,708,0.0,2.66,1.0640000000003056,0.00802
b21_C,_7416_,NAND2,0,0,2,10,8,11,362,-1.953125017273294e-08,1.33,0.5320000000001528,0.00802
b21_C,_7417_,NOR2,0,0,2,4,9,10,310,0.0,1.33,0.5320000000001528,0.00802
b21_C,_7418_,AND2,0,0,2,3,11,9,181,-0.0004592773437499531,1.33,0.26600000000053114,0.00801
b21_C,_7419_,BUF,0,0,1,10,12,6,87,0.0,1.064,0.26600000000053114,0.00801
b21_C,_7420_,XNOR2,0,0,2,8,6,28,784,4.492187499760547e-07,2.66,1.0640000000003056,0.00802
b21_C,_7421_,XOR2,0,0,2,3,6,29,898,0.0,2.394,0.7979999999997744,0.00802
b21_C,_7422_,NAND2,0,0,2,7,7,25,450,-1.7578125000028422e-07,1.33,0.5320000000001528,0.00802
b21_C,_7423_,NAND2,0,0,2,4,12,10,126,-1.8164062500769518e-06,1.33,0.5320000000001528,0.00802
b21_C,_7424_,NOR3,0,0,3,1,13,6,22,0.0,1.862,0.7980000000006839,0.00802
b21_C,_7425_,XNOR2,0,0,2,1,8,13,435,0.0,2.66,1.0640000000003056,0.00802
b21_C,_7426_,OAI21,0,2,3,5,9,12,434,-0.0002478906250000801,1.862,0.7980000000006839,0.00802
b21_C,_7427_,OAI22,0,0,4,3,10,11,392,-0.0002924023437502754,2.394,1.0640000000003056,0.00802
b21_C,_7428_,NOR3,0,0,3,1,1,13,395,0.0,1.862,0.7980000000006839,0.00801
b21_C,_7429_,NOR4,0,0,4,1,1,13,395,0.0,2.394,1.0640000000003056,0.00801
b21_C,_7430_,NOR3,0,0,3,1,1,13,395,0.0,1.862,0.7980000000006839,0.00801
b21_C,_7431_,NOR4,0,0,4,1,1,13,395,0.0,2.394,1.0640000000003056,0.00801
b21_C,_7432_,NAND4,0,0,4,1,2,12,394,0.0,2.394,1.0640000000003056,0.00801
b21_C,_7433_,NOR4,0,0,4,1,1,13,395,0.0,2.394,1.0640000000003056,0.00801
b21_C,_7434_,NOR3,0,0,3,1,1,13,395,0.0,1.862,0.7980000000006839,0.00801
b21_C,_7435_,NOR4,0,0,4,1,1,13,395,0.0,2.394,1.0640000000003056,0.00801
b21_C,_7436_,NOR3,0,0,3,1,1,13,395,0.0,1.862,0.7980000000006839,0.00801
b21_C,_7437_,NAND4,0,0,4,1,2,12,394,0.0,2.394,1.0640000000003056,0.00801
b21_C,_7438_,NOR4,0,0,4,2,3,11,393,0.0,2.394,1.0640000000003056,0.00801
b21_C,_7439_,NOR2,0,0,2,1,10,10,154,-1.828125000002956e-05,1.33,0.5320000000001528,0.00802
b21_C,_7441_,OR2,0,2,2,2,10,11,393,1.2324218749970584e-05,1.33,0.26600000000053114,0.00802
b21_C,_7440_,OR2,0,0,2,3,8,11,394,-0.00013630859375002302,1.33,0.26600000000053114,0.00802
b21_C,_7442_,NAND2,0,2,2,2,11,10,311,-5.722656249984581e-06,1.33,0.5320000000001528,0.00802
b21_C,_7443_,NOR3,0,2,3,8,12,9,153,0.00013007812499976623,1.862,0.7980000000006839,0.00802
b21_C,_7444_,AOI21,0,0,3,3,14,5,21,-5.990234375019554e-05,1.862,0.7980000000006839,0.00802
b21_C,_7445_,OAI21,0,0,3,1,3,27,631,-0.0019251562500002262,1.862,0.7980000000006839,0.00801
b21_C,_7446_,XNOR2,0,0,2,9,4,26,630,0.0,2.66,1.0640000000003056,0.00802
b21_C,_7447_,AND2,0,0,2,1,10,25,530,-0.00016601562500007105,1.33,0.26600000000053114,0.00802
b21_C,_7448_,MUX2,0,1,3,2,11,25,531,-2.617187500053575e-06,2.394,0.5320000000001528,0.00802
b21_C,_7449_,AOI21,0,0,3,4,12,24,529,-7.4023437499626255e-06,1.862,0.7980000000006839,0.00802
b21_C,_7450_,BUF,0,0,1,10,13,23,441,0.0,1.064,0.26600000000053114,0.00802
b21_C,_7452_,INV,0,0,1,3,1,30,1261,0.0,0.798,0.26599999999962165,0.00801
b21_C,_7451_,OAI21,0,0,3,1,15,3,2,0.0,1.862,0.7980000000006839,0.00802
b21_C,_7453_,OR4,1,146,4,3,6,31,1269,0.0031925781249999563,1.862,0.26600000000053114,0.00801
b21_C,_7454_,NOR3,1,79,3,2,7,30,1259,-0.0007724023437500893,1.862,0.7980000000006839,0.00801
b21_C,_7455_,NOR3,1,79,3,2,8,29,1231,-0.002004511718749935,1.862,0.7980000000006839,0.00801
b21_C,_7456_,BUF,1,79,1,10,9,28,1229,0.0007316406249999741,1.064,0.26600000000053114,0.00801
b21_C,_7457_,OR3,0,67,3,3,7,30,1260,0.0003417578125000098,1.596,0.26600000000053114,0.00801
b21_C,_7458_,AOI21,0,67,3,2,8,29,1231,0.0004141210937500528,1.862,0.7980000000006839,0.00801
b21_C,_7459_,BUF,0,67,1,10,9,28,1229,0.0012604882812499163,1.064,0.26600000000053114,0.00801
b21_C,_7460_,NOR2,0,13,2,2,10,27,969,-0.0009279101562500447,1.33,0.5320000000001528,0.00801
b21_C,_7461_,OAI21,0,0,3,2,7,29,1256,-0.0015346289062501128,1.862,0.7980000000006839,0.00801
b21_C,_7462_,XNOR2,0,0,2,10,8,28,1223,-0.0006507031250002626,2.66,1.0640000000003056,0.00802
b21_C,_7463_,NOR2,0,13,2,8,11,26,966,0.00035667968749986123,1.33,0.5320000000001528,0.00802
b21_C,_7464_,NAND2,0,0,2,2,12,23,428,-0.0002699609375000911,1.33,0.5320000000001528,0.00801
b21_C,_7465_,NAND3,0,0,3,8,8,28,1200,-0.0010388476562501747,1.862,0.7980000000006839,0.00801
b21_C,_7466_,OAI21,0,0,3,8,8,28,1200,-0.0025385351562501324,1.862,0.7980000000006839,0.00801
b21_C,_7467_,NAND3,0,0,3,4,9,26,757,-2.0742187500033538e-05,1.862,0.7980000000006839,0.00802
b21_C,_7468_,INV,0,0,1,1,1,29,965,0.0,0.798,0.26599999999962165,0.00801
b21_C,_7469_,NAND3,0,0,3,2,1,29,1008,0.0,1.862,0.7980000000006839,0.00801
b21_C,_7470_,NOR2,0,0,2,2,2,28,964,0.0,1.33,0.5320000000001528,0.00801
b21_C,_7471_,AND2,0,0,2,3,3,27,922,0.0,1.33,0.26600000000053114,0.00801
b21_C,_7472_,XNOR2,0,0,2,3,4,25,433,0.0,2.66,1.0640000000003056,0.00801
b21_C,_7473_,NOR2,0,0,2,1,10,24,429,0.0,1.33,0.5320000000001528,0.00802
b21_C,_7474_,NOR3,0,14,3,2,10,27,1100,-0.0008648046875001647,1.862,0.7980000000006839,0.00802
b21_C,_7475_,BUF,0,14,1,10,11,26,1061,0.00030542968749980304,1.064,0.26600000000053114,0.00802
b21_C,_7476_,XOR2,0,0,2,10,8,28,1211,0.00021646484374993058,2.394,0.7979999999997744,0.00802
b21_C,_7477_,AOI21,0,0,3,2,9,27,1098,-0.0003009960937501166,1.862,0.7980000000006839,0.00802
b21_C,_7478_,BUF,0,0,1,10,10,26,1059,5.8593749852065e-08,1.064,0.26600000000053114,0.00801
b21_C,_7479_,AOI221,0,1,5,2,12,23,428,-0.00022433593750026404,2.926,1.3300000000008367,0.00802
b21_C,_7480_,NAND2,0,1,2,8,13,21,67,1.582031250002558e-06,1.33,0.5320000000001528,0.00802
b21_C,_7481_,NAND2,0,0,2,4,7,25,503,0.0,1.33,0.5320000000001528,0.00802
b21_C,_7482_,NOR3,0,0,3,3,13,9,109,0.0,1.862,0.7980000000006839,0.00802
b21_C,_7483_,NAND2,0,2,2,2,14,8,94,-1.0507812500115676e-05,1.33,0.5320000000001528,0.00801
b21_C,_7484_,NOR2,0,2,2,4,15,7,70,-0.00011482421875008697,1.33,0.5320000000001528,0.00801
b21_C,_7485_,BUF,0,2,1,10,16,6,57,7.216796874986997e-05,1.064,0.26600000000053114,0.00801
b21_C,_7486_,AND2,0,0,2,1,8,11,303,-0.00011650390625006501,1.33,0.26600000000053114,0.00801
b21_C,_7487_,BUF,0,0,1,9,9,10,302,0.0,1.064,0.26600000000053114,0.00801
b21_C,_7488_,NOR2,0,0,2,5,15,6,47,-3.341796875000469e-05,1.33,0.5320000000001528,0.00801
b21_C,_7489_,BUF,0,0,1,10,16,5,30,0.0,1.064,0.26600000000053114,0.00801
b21_C,_7490_,NOR3,0,35,3,7,10,27,869,-0.00047361328125017366,1.862,0.7980000000006839,0.00802
b21_C,_7491_,XNOR2,0,0,2,3,2,26,465,0.0,2.66,1.0640000000003056,0.00802
b21_C,_7492_,AOI22,0,0,4,1,11,25,462,-0.00018669921875003048,2.394,1.0640000000003056,0.00802
b21_C,_7493_,AOI22,0,1,4,1,12,25,462,-0.0004376171875002388,2.394,1.0640000000003056,0.00802
b21_C,_7494_,NAND2,0,1,2,6,13,24,461,1.052734374984432e-05,1.33,0.5320000000001528,0.00802
b21_C,_7495_,BUF,0,1,1,10,14,23,166,3.8417968750037446e-05,1.064,0.26600000000053114,0.00802
b21_C,_7496_,AOI221,0,0,5,1,17,2,1,-3.566406250010701e-05,2.926,1.3300000000008367,0.00802
b21_C,_7497_,XNOR2,0,0,2,7,5,29,809,0.0,2.66,1.0640000000003056,0.00802
b21_C,_7498_,NOR2,0,0,2,4,7,28,486,0.0,1.33,0.5320000000001528,0.00802
b21_C,_7499_,MUX2,0,0,3,1,8,27,192,-7.812500002479794e-08,2.394,0.5320000000001528,0.00802
b21_C,_7500_,BUF,0,0,1,8,9,26,191,0.0,1.064,0.26600000000053114,0.00802
b21_C,_7501_,XNOR2,0,0,2,2,14,22,94,0.0,2.66,1.0640000000003056,0.00802
b21_C,_7502_,INV,0,0,1,1,15,21,92,0.0,0.798,0.26599999999962165,0.00802
b21_C,_7503_,NAND2,0,0,2,2,12,24,445,-0.0002699609375000911,1.33,0.5320000000001528,0.00801
b21_C,_7504_,NAND2,0,0,2,2,11,24,445,-4.7265625000569855e-06,1.33,0.5320000000001528,0.00801
b21_C,_7505_,NAND2,0,1,2,2,12,24,445,-0.0002385156249999909,1.33,0.5320000000001528,0.00801
b21_C,_7506_,XNOR2,0,0,2,3,3,25,449,0.0,2.66,1.0640000000003056,0.00802
b21_C,_7507_,BUF,0,0,1,10,10,25,628,3.6523437498825473e-06,1.064,0.26600000000053114,0.00802
b21_C,_7508_,OR2,0,0,2,2,11,24,445,-5.859375000749623e-07,1.33,0.26600000000053114,0.00802
b21_C,_7509_,NAND4,0,1,4,10,13,23,343,5.31445312499379e-05,2.394,1.0640000000003056,0.00802
b21_C,_7510_,XNOR2,0,0,2,4,6,27,681,0.0,2.66,1.0640000000003056,0.00802
b21_C,_7511_,NOR2,0,0,2,5,7,26,499,0.0,1.33,0.5320000000001528,0.00802
b21_C,_7512_,NAND2,0,0,2,4,8,25,216,-5.859375007410961e-08,1.33,0.5320000000001528,0.00802
b21_C,_7513_,BUF,0,0,1,10,9,23,199,0.0,1.064,0.26600000000053114,0.00801
b21_C,_7514_,AOI21,0,0,3,2,16,20,91,-1.2851562499971436e-05,1.862,0.7980000000006839,0.00802
b21_C,_7515_,NOR2,0,0,2,9,8,24,225,3.7109374995125677e-07,1.33,0.5320000000001528,0.00801
b21_C,_7516_,AND4,0,0,4,5,13,21,331,-4.160156250154756e-06,1.862,0.26600000000053114,0.00802
b21_C,_7517_,NOR3,0,0,3,3,15,19,90,-9.765624997548628e-08,1.862,0.7980000000006839,0.00802
b21_C,_7518_,NOR2,0,0,2,1,17,3,2,-1.9531250017301716e-07,1.33,0.5320000000001528,0.00802
b21_C,_7519_,NAND2,0,0,2,1,3,26,664,-0.0018054101562501312,1.33,0.5320000000001528,0.00801
b21_C,_7520_,XNOR2,0,0,2,9,4,25,663,0.0,2.66,1.0640000000003056,0.00802
b21_C,_7521_,XNOR2,0,1,2,1,9,26,557,-0.0018514257812500823,2.66,1.0640000000003056,0.00802
b21_C,_7522_,MUX2,0,1,3,2,10,25,556,-9.550781250089457e-06,2.394,0.5320000000001528,0.00802
b21_C,_7523_,MUX2,0,0,3,2,11,24,554,-2.595703125019e-05,2.394,0.5320000000001528,0.00802
b21_C,_7524_,CLKBUF,0,0,1,10,12,23,465,8.789062500014211e-07,1.064,0.26600000000053114,0.00802
b21_C,_7525_,XNOR2,0,0,2,2,13,21,100,-8.398437501000444e-07,2.66,1.0640000000003056,0.00802
b21_C,_7526_,NAND3,0,0,3,3,15,20,97,-9.41406249999055e-06,1.862,0.7980000000006839,0.00802
b21_C,_7527_,INV,0,0,1,2,16,6,8,0.0,0.798,0.26599999999962165,0.00802
b21_C,_7528_,AOI21,0,0,3,3,14,20,97,-8.57421875011255e-06,1.862,0.7980000000006839,0.00802
b21_C,_7529_,AND2,0,0,2,4,11,24,480,-1.367187500100897e-06,1.33,0.26600000000053114,0.00801
b21_C,_7530_,NAND2,0,1,2,1,12,25,481,-7.617187499997513e-05,1.33,0.5320000000001528,0.00801
b21_C,_7531_,NAND2,0,0,2,1,1,26,482,0.0,1.33,0.5320000000001528,0.00801
b21_C,_7532_,XOR2,0,0,2,3,2,25,481,0.0,2.394,0.7979999999997744,0.00802
b21_C,_7533_,INV,0,0,1,1,1,25,481,0.0,0.798,0.26599999999962165,0.00801
b21_C,_7534_,OAI21,0,0,3,3,10,26,565,-0.001023300781250125,1.862,0.7980000000006839,0.00802
b21_C,_7535_,OAI221,0,1,5,4,13,24,480,-5.117187500180975e-06,2.926,1.3300000000008367,0.00802
b21_C,_7536_,NOR2,0,0,2,10,14,23,447,1.0996093749771063e-05,1.33,0.5320000000001528,0.00802
b21_C,_7537_,NOR2,0,0,2,2,15,21,102,-0.000723750000000134,1.33,0.5320000000001528,0.00802
b21_C,_7538_,NAND2,0,0,2,2,7,26,329,0.0,1.33,0.5320000000001528,0.00802
b21_C,_7539_,OAI21,0,0,3,10,8,25,190,1.1718749992617461e-07,1.862,0.7980000000006839,0.00802
b21_C,_7540_,OAI21,0,0,3,1,2,26,694,-0.0021957617187502443,1.862,0.7980000000006839,0.00801
b21_C,_7541_,XNOR2,0,0,2,9,3,25,693,0.0,2.66,1.0640000000003056,0.00802
b21_C,_7542_,MUX2,0,1,3,2,10,25,578,-3.4570312501536193e-06,2.394,0.5320000000001528,0.00802
b21_C,_7543_,MUX2,0,0,3,2,11,24,576,-2.5976562500140687e-05,2.394,0.5320000000001528,0.00802
b21_C,_7544_,INV,0,0,1,5,12,23,456,0.0,0.798,0.26599999999962165,0.00802
b21_C,_7545_,NOR2,0,0,2,1,13,21,98,-1.953125017273294e-08,1.33,0.5320000000001528,0.00802
b21_C,_7546_,CLKBUF,0,0,1,10,12,23,552,1.3281249999774758e-06,1.064,0.26600000000053114,0.00802
b21_C,_7547_,NOR2,0,0,2,1,13,21,98,-4.492187501980993e-07,1.33,0.5320000000001528,0.00802
b21_C,_7548_,XNOR2,0,0,2,2,13,22,103,-6.250000001983835e-07,2.66,1.0640000000003056,0.00802
b21_C,_7549_,NOR3,0,0,3,1,15,21,98,-0.0007614648437501703,1.862,0.7980000000006839,0.00802
b21_C,_7550_,OAI211,0,0,4,2,10,25,504,-0.00099552734375008,2.394,1.0640000000003056,0.00802
b21_C,_7551_,XNOR2,0,0,2,3,1,26,507,0.0,2.66,1.0640000000003056,0.00802
b21_C,_7552_,OR2,0,0,2,2,10,25,504,0.0,1.33,0.26600000000053114,0.00802
b21_C,_7553_,AOI22,0,1,4,2,12,25,504,-0.00017978515625016733,2.394,1.0640000000003056,0.00802
b21_C,_7554_,NAND3,0,1,3,7,13,24,416,1.2734374999823217e-05,1.862,0.7980000000006839,0.00802
b21_C,_7555_,NAND2,0,0,2,3,14,22,108,-1.2871093749922125e-05,1.33,0.5320000000001528,0.00802
b21_C,_7556_,NAND2,0,0,2,1,2,28,728,-0.002058828125000023,1.33,0.5320000000001528,0.00801
b21_C,_7557_,XNOR2,0,0,2,10,3,27,727,0.0,2.66,1.0640000000003056,0.00802
b21_C,_7558_,OR2,0,0,2,1,9,25,523,-1.9511718750031548e-05,1.33,0.26600000000053114,0.00802
b21_C,_7559_,MUX2,0,1,3,3,9,25,604,1.7578125000028422e-07,2.394,0.5320000000001528,0.00802
b21_C,_7560_,OAI21,0,0,3,6,10,24,522,-0.0003899414062502604,1.862,0.7980000000006839,0.00802
b21_C,_7561_,XNOR2,0,0,2,3,11,22,108,-5.17578125003304e-06,2.66,1.0640000000003056,0.00802
b21_C,_7562_,NOR2,0,0,2,2,15,21,102,0.0,1.33,0.5320000000001528,0.00802
b21_C,_7563_,BUF,0,0,1,10,1,34,901,0.0,1.064,0.26600000000053114,0.00801
b21_C,_7564_,NOR3,0,0,3,1,2,31,756,-0.00042671874999999915,1.862,0.7980000000006839,0.00801
b21_C,_7565_,NOR2,0,0,2,1,3,30,755,-2.4980468749991047e-05,1.33,0.5320000000001528,0.00801
b21_C,_7566_,XOR2,0,0,2,9,4,29,754,0.0,2.394,0.7979999999997744,0.00802
b21_C,_7567_,MUX2,0,1,3,2,8,26,624,-1.2714843750094573e-05,2.394,0.5320000000001528,0.00802
b21_C,_7568_,MUX2,0,0,3,6,9,25,622,-2.5937500000017266e-05,2.394,0.5320000000001528,0.00802
b21_C,_7569_,XNOR2,0,0,2,2,10,24,113,-1.953125017273294e-08,2.66,1.0640000000003056,0.00802
b21_C,_7570_,INV,0,0,1,3,1,27,525,0.0,0.798,0.26599999999962165,0.00801
b21_C,_7571_,AOI222,0,32,6,1,11,26,518,-0.0002188476562501318,3.724,1.5960000000004584,0.00802
b21_C,_7572_,INV,0,0,1,1,1,26,518,0.0,0.798,0.26599999999962165,0.00801
b21_C,_7573_,OAI21,0,32,3,6,12,25,517,-0.00012109375000024514,1.862,0.7980000000006839,0.00802
b21_C,_7574_,BUF,0,32,1,10,13,24,183,0.0007099804687498157,1.064,0.26600000000053114,0.00802
b21_C,_7575_,AOI21,0,25,3,3,14,22,110,0.0005481445312498501,1.862,0.7980000000006839,0.00802
b21_C,_7576_,NAND4,0,0,4,1,9,26,515,-2.351562500013671e-05,2.394,1.0640000000003056,0.00802
b21_C,_7578_,OAI211,0,0,4,2,10,26,535,-0.0009737499999999955,2.394,1.0640000000003056,0.00802
b21_C,_7577_,NAND4,0,0,4,2,9,26,535,-0.0006068359374999943,2.394,1.0640000000003056,0.00802
b21_C,_7579_,OAI211,0,0,4,2,10,26,535,-0.000995664062500179,2.394,1.0640000000003056,0.00802
b21_C,_7580_,AND4,0,0,4,7,11,25,514,0.0,1.862,0.26600000000053114,0.00802
b21_C,_7581_,OAI21,0,0,3,2,2,33,840,-0.0003178515625001932,1.862,0.7980000000006839,0.00801
b21_C,_7582_,XNOR2,0,0,2,9,3,30,784,0.0,2.66,1.0640000000003056,0.00802
b21_C,_7583_,NOR2,0,1,2,1,7,28,646,-2.3417968749939178e-05,1.33,0.5320000000001528,0.00802
b21_C,_7584_,MUX2,0,1,3,2,8,27,645,-2.832031249955236e-06,2.394,0.5320000000001528,0.00802
b21_C,_7585_,MUX2,0,0,3,9,9,26,643,-2.5976562500140687e-05,2.394,0.5320000000001528,0.00802
b21_C,_7586_,XNOR2,0,0,2,3,10,24,117,-1.953125017273294e-08,2.66,1.0640000000003056,0.00802
b21_C,_7587_,NOR3,0,0,3,1,12,23,110,-1.7578125000028422e-07,1.862,0.7980000000006839,0.00802
b21_C,_7588_,NAND4,0,0,4,2,9,26,546,-2.351562500013671e-05,2.394,1.0640000000003056,0.00802
b21_C,_7589_,OAI211,0,0,4,2,10,26,546,-0.0009737499999999955,2.394,1.0640000000003056,0.00802
b21_C,_7590_,NAND4,0,0,4,2,9,26,546,-0.0006068359374999943,2.394,1.0640000000003056,0.00802
b21_C,_7591_,OAI211,1,82,4,2,10,26,546,-0.0008944531250001386,2.394,1.0640000000003056,0.00802
b21_C,_7592_,AND4,1,79,4,8,11,25,510,0.0005036328124998768,1.862,0.26600000000053114,0.00802
b21_C,_7593_,INV,0,0,1,1,1,33,817,-0.0003493945312500468,0.798,0.26599999999962165,0.00801
b21_C,_7594_,AND2,0,0,2,1,2,33,817,-0.00017431640625020783,1.33,0.26600000000053114,0.00801
b21_C,_7595_,OAI22,0,0,4,9,3,32,816,0.0,2.394,1.0640000000003056,0.00802
b21_C,_7596_,MUX2,0,1,3,2,7,28,668,-4.042968750006537e-06,2.394,0.5320000000001528,0.00802
b21_C,_7597_,MUX2,0,0,3,3,9,27,666,-2.595703125019e-05,2.394,0.5320000000001528,0.00802
b21_C,_7598_,BUF,0,0,1,10,10,26,555,0.0,1.064,0.26600000000053114,0.00802
b21_C,_7599_,XNOR2,0,0,2,2,11,24,119,-4.707031250106297e-06,2.66,1.0640000000003056,0.00802
b21_C,_7600_,XNOR2,0,0,2,1,11,25,119,-4.687500000155609e-06,2.66,1.0640000000003056,0.00802
b21_C,_7601_,NAND4,0,3,4,8,11,25,183,-0.0018770312500002717,2.394,1.0640000000003056,0.00802
b21_C,_7602_,AOI21,0,0,3,2,12,24,118,-2.5253906250188862e-05,1.862,0.7980000000006839,0.00802
b21_C,_7603_,MUX2,0,1,3,2,6,27,676,-1.6875000000027285e-05,2.394,0.5320000000001528,0.00802
b21_C,_7604_,MUX2,0,3,3,3,9,26,674,-1.33593750000216e-05,2.394,0.5320000000001528,0.00802
b21_C,_7605_,INV,0,0,1,5,10,25,453,-2.1152343750108216e-05,0.798,0.26599999999962165,0.00802
b21_C,_7606_,NAND4,0,0,4,2,9,26,546,-0.0006068359374999943,2.394,1.0640000000003056,0.00802
b21_C,_7607_,OAI211,0,2,4,2,10,26,546,-0.0009535351562499628,2.394,1.0640000000003056,0.00802
b21_C,_7608_,OAI211,0,0,4,2,9,26,546,-0.00211654296875019,2.394,1.0640000000003056,0.00802
b21_C,_7609_,NAND4,0,0,4,2,9,26,546,-2.343750000011191e-05,2.394,1.0640000000003056,0.00802
b21_C,_7610_,NAND4,0,2,4,7,11,25,178,-0.00026705078125011106,2.394,1.0640000000003056,0.00802
b21_C,_7611_,AOI21,0,1,3,3,12,24,120,-2.8125000000045475e-06,1.862,0.7980000000006839,0.00802
b21_C,_7612_,BUF,0,3,1,10,10,25,442,1.447265624987537e-05,1.064,0.26600000000053114,0.00802
b21_C,_7613_,NOR2,0,0,2,2,11,24,118,-1.4726562500122498e-05,1.33,0.5320000000001528,0.00802
b21_C,_7615_,OAI21,0,0,3,2,12,23,114,-3.906250012342127e-08,1.862,0.7980000000006839,0.00802
b21_C,_7616_,AOI21,0,1,3,3,14,22,109,3.943359374991573e-05,1.862,0.7980000000006839,0.00802
b21_C,_7617_,AND3,0,0,3,2,13,23,111,-0.00013363281250011738,1.596,0.26600000000053114,0.00802
b21_C,_7618_,INV,0,0,1,2,14,22,107,0.0,0.798,0.26599999999962165,0.00802
b21_C,_7619_,AOI221,0,24,5,2,15,21,102,-0.000345371093750213,2.926,1.3300000000008367,0.00802
b21_C,_7621_,NOR2,0,1,2,2,17,4,6,-0.0006219140625001174,1.33,0.5320000000001528,0.00802
b21_C,_7622_,NOR2,0,1,2,1,18,3,2,-7.578125000184954e-06,1.33,0.5320000000001528,0.00802
b21_C,_7623_,XOR2,0,1,2,1,19,2,1,-1.730468750005265e-05,2.394,0.7979999999997744,0.00802
b21_C,_7624_,NAND2,0,0,2,8,8,9,151,1.7578125000028422e-07,1.33,0.5320000000001528,0.00802
b21_C,_7625_,NAND4,0,0,4,3,13,5,37,-0.0014005859375001428,2.394,1.0640000000003056,0.00802
b21_C,_7626_,BUF,0,0,1,10,14,4,30,4.628906249859455e-06,1.064,0.26600000000053114,0.00801
b21_C,_7627_,BUF,0,0,1,10,7,27,556,0.0,1.064,0.26600000000053114,0.00802
b21_C,_7628_,NOR2,0,0,2,5,8,10,399,2.5039062499843112e-05,1.33,0.5320000000001528,0.00802
b21_C,_7629_,NAND3,0,0,3,2,11,7,70,-0.001211250000000108,1.862,0.7980000000006839,0.00802
b21_C,_7630_,BUF,0,0,1,10,7,9,365,0.0,1.064,0.26600000000053114,0.00802
b21_C,_7631_,NAND3,0,0,3,2,11,7,75,-0.0011877343749999714,1.862,0.7980000000006839,0.00802
b21_C,_7632_,AOI21,0,0,3,2,13,6,62,-5.0097656250081e-05,1.862,0.7980000000006839,0.00802
b21_C,_7633_,NAND2,0,0,2,2,9,8,73,-7.812500002479794e-08,1.33,0.5320000000001528,0.00802
b21_C,_7634_,OAI221,0,0,5,1,13,7,63,-4.7324218750199876e-05,2.926,1.3300000000008367,0.00802
b21_C,_7635_,AND2,0,0,2,2,14,6,62,0.0,1.33,0.26600000000053114,0.00802
b21_C,_7636_,NOR2,0,0,2,3,15,5,23,0.0,1.33,0.5320000000001528,0.00802
b21_C,_7637_,BUF,0,0,1,10,16,4,16,0.0,1.064,0.26600000000053114,0.00802
b21_C,_7638_,OAI221,0,1,5,0,20,1,0,-2.0273437500106795e-05,2.926,1.3300000000008367,0.00802
b21_C,_7639_,NAND2,0,0,2,1,3,4,3,0.0,1.33,0.5320000000001528,0.00801
b21_C,_7640_,BUF,0,11,1,10,12,23,701,0.0002702343749998448,1.064,0.26600000000053114,0.00801
b21_C,_7641_,BUF,0,5,1,10,13,16,326,0.00017341796874981164,1.064,0.26600000000053114,0.00801
b21_C,_7642_,NAND2,0,0,2,1,14,12,106,-4.501953125002345e-05,1.33,0.5320000000001528,0.00801
b21_C,_7643_,INV,0,0,1,3,15,11,105,0.0,0.798,0.26599999999962165,0.00801
b21_C,_7644_,BUF,0,1,1,10,11,23,568,-6.697265625010829e-05,1.064,0.26600000000053114,0.00802
b21_C,_7645_,INV,0,0,1,2,1,16,178,0.0,0.798,0.26599999999962165,0.00801
b21_C,_7646_,INV,0,0,1,3,1,18,351,0.0,0.798,0.26599999999962165,0.00801
b21_C,_7647_,INV,0,0,1,3,1,20,482,0.0,0.798,0.26599999999962165,0.00801
b21_C,_7648_,INV,0,0,1,2,1,22,559,0.0,0.798,0.26599999999962165,0.00801
b21_C,_7649_,INV,0,0,1,3,1,24,723,0.0,0.798,0.26599999999962165,0.00801
b21_C,_7650_,INV,0,0,1,2,1,26,797,0.0,0.798,0.26599999999962165,0.00801
b21_C,_7651_,NAND3,0,0,3,2,4,26,839,0.0,1.862,0.7980000000006839,0.00801
b21_C,_7652_,NOR2,0,0,2,3,5,25,796,0.0,1.33,0.5320000000001528,0.00801
b21_C,_7653_,NAND3,0,0,3,2,6,24,723,0.0,1.862,0.7980000000006839,0.00801
b21_C,_7654_,NOR2,0,0,2,3,7,23,679,0.0,1.33,0.5320000000001528,0.00801
b21_C,_7655_,NAND3,0,0,3,2,8,22,595,0.0,1.862,0.7980000000006839,0.00801
b21_C,_7656_,NOR2,0,0,2,3,9,21,557,0.0,1.33,0.5320000000001528,0.00801
b21_C,_7657_,NAND3,0,0,3,2,10,20,479,0.0,1.862,0.7980000000006839,0.00801
b21_C,_7658_,NOR2,0,0,2,3,11,19,436,0.0,1.33,0.5320000000001528,0.00801
b21_C,_7659_,NAND3,0,0,3,2,12,18,351,0.0,1.862,0.7980000000006839,0.00801
b21_C,_7660_,NOR2,0,0,2,3,13,17,306,0.0,1.33,0.5320000000001528,0.00801
b21_C,_7661_,NAND3,0,0,3,2,14,16,224,0.0,1.862,0.7980000000006839,0.00801
b21_C,_7662_,NOR2,0,0,2,4,15,15,176,0.0,1.33,0.5320000000001528,0.00801
b21_C,_7663_,XOR2,0,0,2,3,16,13,111,0.0,2.394,0.7979999999997744,0.00801
b21_C,_7664_,NAND2,0,0,2,1,17,12,106,-6.7968750001590195e-06,1.33,0.5320000000001528,0.00801
b21_C,_7665_,BUF,0,0,1,10,11,23,737,1.2441406249896758e-05,1.064,0.26600000000053114,0.00801
b21_C,_7666_,BUF,0,0,1,10,12,16,369,2.207031249978897e-06,1.064,0.26600000000053114,0.00801
b21_C,_7667_,BUF,0,7,1,10,12,23,737,0.00011906249999982244,1.064,0.26600000000053114,0.00802
b21_C,_7668_,BUF,0,5,1,10,13,16,369,0.00010509765624999723,1.064,0.26600000000053114,0.00802
b21_C,_7669_,AOI22,0,1,4,1,14,12,106,-1.4804687500147296e-05,2.394,1.0640000000003056,0.00802
b21_C,_7670_,NAND2,0,1,2,3,18,11,105,-9.726562500089742e-06,1.33,0.5320000000001528,0.00802
b21_C,_7671_,NOR2,0,0,2,9,19,10,81,1.9746093749883897e-05,1.33,0.5320000000001528,0.00802
b21_C,_7673_,BUF,0,0,1,10,15,4,30,1.7773437499535305e-06,1.064,0.26600000000053114,0.00801
b21_C,_7672_,NAND3,0,0,3,5,14,5,43,-0.0002145312500001495,1.862,0.7980000000006839,0.00802
b21_C,_7674_,OAI21,0,0,3,1,20,3,2,-6.7773437499862865e-06,1.862,0.7980000000006839,0.00802
b21_C,_7675_,NAND3,0,0,3,1,16,14,81,0.0,1.862,0.7980000000006839,0.00801
b21_C,_7676_,XNOR2,0,0,2,3,17,13,80,0.0,2.66,1.0640000000003056,0.00801
b21_C,_7677_,AOI22,0,1,4,1,18,12,77,-4.564453124999979e-05,2.394,1.0640000000003056,0.00802
b21_C,_7678_,AOI22,0,0,4,1,14,12,77,-2.3749999999989058e-05,2.394,1.0640000000003056,0.00802
b21_C,_7679_,NAND2,0,1,2,5,19,11,76,1.2714843749872529e-05,1.33,0.5320000000001528,0.00802
b21_C,_7680_,BUF,0,1,1,10,20,7,43,4.0722656249769784e-05,1.064,0.26600000000053114,0.00802
b21_C,_7681_,OR2,0,0,2,8,15,5,37,0.0,1.33,0.26600000000053114,0.00802
b21_C,_7682_,NAND2,0,0,2,1,16,14,101,0.0,1.33,0.5320000000001528,0.00801
b21_C,_7683_,XNOR2,0,0,2,3,17,13,100,0.0,2.66,1.0640000000003056,0.00801
b21_C,_7684_,AOI221,0,0,5,1,21,2,1,-2.6132812500190283e-05,2.926,1.3300000000008367,0.00802
b21_C,_7685_,OR2,0,0,2,2,12,12,107,-1.2929687499996234e-05,1.33,0.26600000000053114,0.00801
b21_C,_7686_,OAI211,0,0,4,9,24,11,104,-3.4511718750129816e-05,2.394,1.0640000000003056,0.00802
b21_C,_7687_,BUF,0,0,1,10,15,4,14,0.0,1.064,0.26600000000053114,0.00801
b21_C,_7688_,CLKBUF,0,0,1,10,15,2,10,-6.445312501490719e-07,1.064,0.26600000000053114,0.00801
b21_C,_7689_,CLKBUF,0,0,1,10,9,18,168,-7.812500002479794e-08,1.064,0.26600000000053114,0.00801
b21_C,_7690_,CLKBUF,0,0,1,10,10,9,94,0.0,1.064,0.26600000000053114,0.00801
b21_C,_7691_,BUF,0,0,1,10,9,20,116,2.734374999757705e-07,1.064,0.26600000000053114,0.00802
b21_C,_7692_,NAND2,0,1,2,1,23,13,126,-1.4335937499998508e-05,1.33,0.5320000000001528,0.00802
b21_C,_7693_,MUX2,0,1,3,4,24,12,125,5.175781249810996e-06,2.394,0.5320000000001528,0.00802
b21_C,_7695_,XNOR2,0,0,2,2,26,7,13,-5.859375007410961e-08,2.66,1.0640000000003056,0.00802
b21_C,_7694_,NOR2,0,0,2,5,25,10,72,-0.00018287109375014765,1.33,0.5320000000001528,0.00802
b21_C,_7696_,NOR3,0,0,3,2,27,6,10,-7.382812500011937e-06,1.862,0.7980000000006839,0.00802
b21_C,_7697_,INV,0,0,1,2,28,5,8,3.906249999019451e-07,0.798,0.26599999999962165,0.00802
b21_C,_7698_,OAI21,0,0,3,2,27,6,10,-4.707031250106297e-06,1.862,0.7980000000006839,0.00802
b21_C,_7699_,BUF,0,0,1,10,10,18,147,-7.812500002479794e-08,1.064,0.26600000000053114,0.00801
b21_C,_7700_,BUF,0,0,1,10,11,12,90,0.0,1.064,0.26600000000053114,0.00801
b21_C,_7701_,XNOR2,0,0,2,3,15,14,137,0.0,2.66,1.0640000000003056,0.00801
b21_C,_7702_,AOI22,0,1,4,2,16,13,132,-4.267578125016769e-05,2.394,1.0640000000003056,0.00802
b21_C,_7703_,AOI22,0,0,4,2,14,13,132,-2.376953125016179e-05,2.394,1.0640000000003056,0.00802
b21_C,_7704_,NAND2,0,1,2,9,17,12,107,3.1015624999852776e-05,1.33,0.5320000000001528,0.00802
b21_C,_7705_,BUF,0,0,1,10,10,20,123,0.0,1.064,0.26600000000053114,0.00802
b21_C,_7706_,NOR2,0,0,2,1,11,13,132,-2.8437500000144667e-05,1.33,0.5320000000001528,0.00801
b21_C,_7707_,AOI211,0,0,4,6,23,12,131,-0.00020082031250012733,2.394,1.0640000000003056,0.00802
b21_C,_7708_,XNOR2,0,0,2,2,24,8,18,-9.765624997548628e-08,2.66,1.0640000000003056,0.00802
b21_C,_7709_,NAND3,0,0,3,2,25,7,16,-9.80468750011454e-06,1.862,0.7980000000006839,0.00802
b21_C,_7710_,OR2,0,0,2,1,11,14,172,-1.2636718750069775e-05,1.33,0.26600000000053114,0.00801
b21_C,_7711_,OAI21,0,1,3,3,22,13,171,-2.5429687499967102e-05,1.862,0.7980000000006839,0.00802
b21_C,_7712_,NOR2,0,0,2,7,23,12,164,-0.00019544921875014332,1.33,0.5320000000001528,0.00802
b21_C,_7713_,XNOR2,0,0,2,3,24,9,21,-1.1718750014821921e-07,2.66,1.0640000000003056,0.00802
b21_C,_7714_,AOI22,0,1,4,2,14,15,149,-1.0195312500016485e-05,2.394,1.0640000000003056,0.00802
b21_C,_7715_,NAND2,0,0,2,1,14,16,155,0.0,1.33,0.5320000000001528,0.00801
b21_C,_7716_,XOR2,0,0,2,4,15,15,154,1.17187499992788e-06,2.394,0.7979999999997744,0.00801
b21_C,_7717_,OAI21,0,0,3,1,16,14,136,-2.0742187500033538e-05,1.862,0.7980000000006839,0.00802
b21_C,_7718_,AOI21,0,0,3,2,17,13,135,-3.7324218750134364e-05,1.862,0.7980000000006839,0.00802
b21_C,_7719_,BUF,0,0,1,10,18,12,132,0.0,1.064,0.26600000000053114,0.00802
b21_C,_7720_,OAI21,0,0,3,2,25,8,18,0.0,1.862,0.7980000000006839,0.00802
b21_C,_7721_,AOI22,0,1,4,1,14,15,163,-3.9707031250113545e-05,2.394,1.0640000000003056,0.00802
b21_C,_7722_,XOR2,0,0,2,3,14,16,166,0.0,2.394,0.7979999999997744,0.00801
b21_C,_7723_,AOI22,0,0,4,1,15,15,163,-3.2089843750027214e-05,2.394,1.0640000000003056,0.00802
b21_C,_7724_,NAND2,0,1,2,10,16,14,162,3.695312499996106e-05,1.33,0.5320000000001528,0.00802
b21_C,_7725_,INV,0,0,1,5,17,13,109,-8.730468750162146e-06,0.798,0.26599999999962165,0.00802
b21_C,_7726_,OR2,0,0,2,3,11,14,190,-1.2285156250069207e-05,1.33,0.26600000000053114,0.00801
b21_C,_7728_,AND3,0,0,3,7,22,13,183,-4.1796875001054445e-06,1.596,0.26600000000053114,0.00802
b21_C,_7727_,NAND3,0,1,3,3,21,14,190,-3.4746093749982165e-05,1.862,0.7980000000006839,0.00802
b21_C,_7729_,XNOR2,0,0,2,3,23,10,23,1.5429687498791367e-06,2.66,1.0640000000003056,0.00802
b21_C,_7730_,NAND2,0,0,2,2,17,10,23,-1.007812500009031e-05,1.33,0.5320000000001528,0.00802
b21_C,_7731_,AND2,0,0,2,1,24,9,18,-2.3632812500284928e-06,1.33,0.26600000000053114,0.00802
b21_C,_7732_,OR2,0,0,2,2,10,15,217,-1.2597656250168399e-05,1.33,0.26600000000053114,0.00801
b21_C,_7733_,OAI21,0,0,3,2,21,14,214,-3.0781250000000426e-05,1.862,0.7980000000006839,0.00802
b21_C,_7734_,NOR2,0,0,2,6,22,13,165,-0.00018486328125000284,1.33,0.5320000000001528,0.00802
b21_C,_7735_,XNOR2,0,0,2,2,23,12,30,-1.3671875009890755e-07,2.66,1.0640000000003056,0.00802
b21_C,_7736_,NAND2,0,0,2,1,13,15,185,-9.765624999769074e-07,1.33,0.5320000000001528,0.00801
b21_C,_7737_,INV,0,0,1,3,14,14,184,0.0,0.798,0.26599999999962165,0.00801
b21_C,_7738_,NAND2,0,1,2,1,14,15,185,-2.181640624998593e-05,1.33,0.5320000000001528,0.00801
b21_C,_7739_,NAND2,0,0,2,1,13,15,185,-0.00010265625000016598,1.33,0.5320000000001528,0.00801
b21_C,_7740_,XNOR2,0,0,2,2,13,15,188,0.0,2.66,1.0640000000003056,0.00801
b21_C,_7741_,OAI211,0,1,4,3,15,14,184,2.128906249954099e-06,2.394,1.0640000000003056,0.00802
b21_C,_7742_,OR2,0,1,2,9,16,13,139,2.55078124999919e-05,1.33,0.26600000000053114,0.00802
b21_C,_7743_,AOI21,0,0,3,3,24,9,26,-4.863281250155893e-06,1.862,0.7980000000006839,0.00802
b21_C,_7744_,NAND3,0,0,3,1,24,11,28,-5.976562500009663e-06,1.862,0.7980000000006839,0.00802
b21_C,_7746_,OR2,0,0,2,2,10,16,239,-1.2597656250168399e-05,1.33,0.26600000000053114,0.00801
b21_C,_7745_,INV,0,0,1,2,25,10,27,0.0,0.798,0.26599999999962165,0.00802
b21_C,_7747_,OAI211,0,0,4,4,20,15,236,-3.5800781250205915e-05,2.394,1.0640000000003056,0.00802
b21_C,_7748_,XNOR2,0,0,2,2,21,14,37,-5.859375007410961e-08,2.66,1.0640000000003056,0.00802
b21_C,_7749_,AOI22,0,0,4,1,13,16,204,-4.166015625006736e-05,2.394,1.0640000000003056,0.00802
b21_C,_7750_,NAND2,0,0,2,1,12,18,209,0.0,1.33,0.5320000000001528,0.00801
b21_C,_7751_,XNOR2,0,0,2,3,13,17,208,0.0,2.66,1.0640000000003056,0.00801
b21_C,_7752_,NAND2,0,0,2,1,14,16,204,-6.7968750001590195e-06,1.33,0.5320000000001528,0.00801
b21_C,_7753_,NAND2,0,1,2,1,13,16,204,-9.617187500010616e-05,1.33,0.5320000000001528,0.00801
b21_C,_7754_,NAND3,0,1,3,2,15,15,203,-6.249999999985434e-06,1.862,0.7980000000006839,0.00802
b21_C,_7755_,BUF,0,1,1,10,16,14,200,3.96289062498667e-05,1.064,0.26600000000053114,0.00802
b21_C,_7756_,AOI21,0,0,3,4,22,13,35,-6.035156250083773e-06,1.862,0.7980000000006839,0.00802
b21_C,_7757_,AOI222,0,1,6,1,13,16,221,-0.00011302734375018275,3.724,1.5960000000004584,0.00802
b21_C,_7758_,XNOR2,0,0,2,3,12,16,226,0.0,2.66,1.0640000000003056,0.00801
b21_C,_7759_,OAI21,0,1,3,3,14,15,220,-1.4121093750096847e-05,1.862,0.7980000000006839,0.00802
b21_C,_7760_,BUF,0,1,1,10,15,14,161,2.210937499991239e-05,1.064,0.26600000000053114,0.00802
b21_C,_7761_,OR2,0,0,2,3,10,16,262,-1.2597656250168399e-05,1.33,0.26600000000053114,0.00801
b21_C,_7762_,NAND3,0,1,3,3,19,16,262,-3.5039062499908624e-05,1.862,0.7980000000006839,0.00802
b21_C,_7763_,AND3,0,0,3,7,20,15,254,-3.906250000129674e-06,1.596,0.26600000000053114,0.00802
b21_C,_7764_,XNOR2,0,0,2,2,21,14,42,0.0,2.66,1.0640000000003056,0.00802
b21_C,_7765_,NAND3,0,0,3,4,22,11,36,-5.136718749909619e-06,1.862,0.7980000000006839,0.00802
b21_C,_7766_,AND3,0,0,3,3,22,12,34,-4.2382812499575095e-06,1.596,0.26600000000053114,0.00802
b21_C,_7767_,AND2,0,0,2,3,12,16,239,-2.128906249954099e-06,1.33,0.26600000000053114,0.00801
b21_C,_7768_,NAND2,0,1,2,1,13,17,240,-9.601562500005656e-05,1.33,0.5320000000001528,0.00801
b21_C,_7769_,NAND2,0,0,2,1,13,17,240,-4.0664062500139764e-05,1.33,0.5320000000001528,0.00801
b21_C,_7770_,XNOR2,0,0,2,3,11,17,243,0.0,2.66,1.0640000000003056,0.00801
b21_C,_7771_,OAI211,0,1,4,3,14,16,239,3.320312498278355e-07,2.394,1.0640000000003056,0.00802
b21_C,_7772_,NOR2,0,0,2,6,15,15,178,-9.531250000138769e-06,1.33,0.5320000000001528,0.00802
b21_C,_7773_,NOR2,0,0,2,2,16,13,46,-3.652343750104592e-06,1.33,0.5320000000001528,0.00802
b21_C,_7774_,AND2,0,0,2,2,9,17,282,-8.398437500112266e-06,1.33,0.26600000000053114,0.00801
b21_C,_7775_,XOR2,0,1,2,2,18,17,282,-3.828125000016058e-05,2.394,0.7979999999997744,0.00802
b21_C,_7776_,AOI211,0,0,4,2,19,16,279,-0.00020341796875000817,2.394,1.0640000000003056,0.00802
b21_C,_7777_,AOI21,0,0,3,9,20,15,277,-0.00021121093750009479,1.862,0.7980000000006839,0.00802
b21_C,_7778_,XNOR2,0,0,2,2,21,13,46,-1.1718750014821921e-07,2.66,1.0640000000003056,0.00802
b21_C,_7779_,AND2,0,0,2,3,22,12,43,0.0,1.33,0.26600000000053114,0.00802
b21_C,_7780_,AOI21,0,0,3,4,22,13,39,-4.042968750006537e-06,1.862,0.7980000000006839,0.00802
b21_C,_7781_,NOR2,0,0,2,3,23,12,29,-1.50390624997776e-06,1.33,0.5320000000001528,0.00802
b21_C,_7782_,AOI21,0,0,3,1,24,11,28,0.0,1.862,0.7980000000006839,0.00802
b21_C,_7783_,AOI21,0,0,3,2,25,10,27,-1.1914062501006129e-06,1.862,0.7980000000006839,0.00802
b21_C,_7784_,NOR2,0,0,2,2,22,11,42,0.0,1.33,0.5320000000001528,0.00802
b21_C,_7785_,OR2,0,0,2,2,3,20,429,-0.0006854101562501214,1.33,0.26600000000053114,0.00801
b21_C,_7786_,OAI21,0,0,3,1,4,18,321,0.0,1.862,0.7980000000006839,0.00801
b21_C,_7788_,AND2,0,0,2,1,12,16,236,-8.656249999994259e-05,1.33,0.26600000000053114,0.00802
b21_C,_7787_,XNOR2,0,0,2,10,5,17,320,0.0,2.66,1.0640000000003056,0.00802
b21_C,_7789_,MUX2,0,1,3,3,18,16,303,-8.613281250013927e-06,2.394,0.5320000000001528,0.00802
b21_C,_7790_,AOI21,0,0,3,6,19,15,235,-6.601562500208047e-06,1.862,0.7980000000006839,0.00802
b21_C,_7791_,XNOR2,0,0,2,2,20,14,49,-4.6875000014878765e-07,2.66,1.0640000000003056,0.00802
b21_C,_7792_,NAND2,0,0,2,1,12,17,254,-6.542968750133937e-06,1.33,0.5320000000001528,0.00801
b21_C,_7793_,INV,0,0,1,3,13,16,253,0.0,0.798,0.26599999999962165,0.00801
b21_C,_7794_,NAND2,0,1,2,1,13,17,254,-3.7929687500160014e-05,1.33,0.5320000000001528,0.00801
b21_C,_7795_,NAND2,0,0,2,1,10,18,257,0.0,1.33,0.5320000000001528,0.00801
b21_C,_7796_,XOR2,0,0,2,3,11,17,256,0.0,2.394,0.7979999999997744,0.00801
b21_C,_7797_,INV,0,0,1,1,1,17,254,0.0,0.798,0.26599999999962165,0.00801
b21_C,_7798_,OAI221,0,1,5,3,14,16,253,-1.1757812500068354e-05,2.926,1.3300000000008367,0.00802
b21_C,_7799_,OR2,0,1,2,8,15,15,100,2.4062499999866205e-05,1.33,0.26600000000053114,0.00802
b21_C,_7800_,AOI21,0,0,3,3,21,11,45,-4.863281250155893e-06,1.862,0.7980000000006839,0.00802
b21_C,_7801_,NAND3,0,0,3,1,21,13,47,-5.976562500009663e-06,1.862,0.7980000000006839,0.00802
b21_C,_7802_,INV,0,0,1,2,22,12,46,0.0,0.798,0.26599999999962165,0.00802
b21_C,_7803_,XOR2,0,0,2,3,10,17,274,0.0,2.394,0.7979999999997744,0.00801
b21_C,_7804_,AOI22,0,1,4,2,13,16,270,-0.00010041015625006366,2.394,1.0640000000003056,0.00802
b21_C,_7806_,AND2,0,0,2,9,14,15,260,-6.054687500034461e-06,1.33,0.26600000000053114,0.00802
b21_C,_7805_,AOI22,0,0,4,2,13,16,270,-4.101562500014033e-05,2.394,1.0640000000003056,0.00802
b21_C,_7807_,NAND2,0,0,2,2,4,19,403,0.0,1.33,0.5320000000001528,0.00801
b21_C,_7808_,XNOR2,0,0,2,10,5,18,350,0.0,2.66,1.0640000000003056,0.00802
b21_C,_7809_,AND2,0,0,2,1,11,17,319,-8.58593750001635e-05,1.33,0.26600000000053114,0.00802
b21_C,_7810_,MUX2,0,1,3,3,18,17,324,6.640624998777156e-07,2.394,0.5320000000001528,0.00802
b21_C,_7811_,AOI21,0,0,3,8,19,16,318,0.00021144531249994714,1.862,0.7980000000006839,0.00802
b21_C,_7812_,XNOR2,0,0,2,2,20,15,53,-6.160156250012427e-05,2.66,1.0640000000003056,0.00802
b21_C,_7813_,NOR3,0,0,3,3,21,12,49,-1.953125017273294e-08,1.862,0.7980000000006839,0.00802
b21_C,_7814_,OAI21,0,0,3,1,21,14,51,-1.953125017273294e-08,1.862,0.7980000000006839,0.00802
b21_C,_7815_,INV,0,0,1,2,22,13,50,0.0,0.798,0.26599999999962165,0.00802
b21_C,_7817_,NOR3,0,0,3,2,2,27,813,-0.002217851562499984,1.862,0.7980000000006839,0.00801
b21_C,_7816_,NAND2,0,0,2,1,3,19,377,-2.1015625000231353e-05,1.33,0.5320000000001528,0.00801
b21_C,_7818_,NAND3,0,0,3,4,3,24,651,0.0,1.862,0.7980000000006839,0.00801
b21_C,_7819_,INV,0,0,1,1,4,23,434,0.0,0.798,0.26599999999962165,0.00801
b21_C,_7820_,NAND2,0,0,2,2,5,22,433,0.0,1.33,0.5320000000001528,0.00801
b21_C,_7821_,OAI21,0,0,3,1,6,20,378,0.0,1.862,0.7980000000006839,0.00801
b21_C,_7822_,INV,0,0,1,1,7,19,377,0.0,0.798,0.26599999999962165,0.00801
b21_C,_7823_,OAI21,0,0,3,10,8,18,376,0.0,1.862,0.7980000000006839,0.00801
b21_C,_7824_,AND2,0,0,2,1,11,17,276,-8.58593750001635e-05,1.33,0.26600000000053114,0.00801
b21_C,_7825_,MUX2,0,1,3,3,17,17,344,4.882812498774314e-07,2.394,0.5320000000001528,0.00802
b21_C,_7826_,AOI21,0,0,3,9,18,16,275,2.7343749999797495e-06,1.862,0.7980000000006839,0.00802
b21_C,_7828_,XNOR2,0,0,2,3,9,18,292,0.0,2.66,1.0640000000003056,0.00801
b21_C,_7827_,XNOR2,0,0,2,2,19,14,56,-2.5195312500780886e-06,2.66,1.0640000000003056,0.00802
b21_C,_7829_,AOI22,0,0,4,1,13,17,288,-4.5839843750172804e-05,2.394,1.0640000000003056,0.00802
b21_C,_7830_,AOI22,0,1,4,1,13,17,288,-9.92187500001851e-05,2.394,1.0640000000003056,0.00802
b21_C,_7831_,NAND2,0,1,2,7,14,16,287,1.5996093750025864e-05,1.33,0.5320000000001528,0.00802
b21_C,_7832_,BUF,0,1,1,10,15,15,109,4.531249999994991e-05,1.064,0.26600000000053114,0.00802
b21_C,_7833_,AOI21,0,0,3,3,20,13,54,-8.398437500112266e-06,1.862,0.7980000000006839,0.00802
b21_C,_7834_,NAND2,0,0,2,1,13,21,303,-4.318359375021785e-05,1.33,0.5320000000001528,0.00801
b21_C,_7835_,INV,0,0,1,3,14,20,302,0.0,0.798,0.26599999999962165,0.00801
b21_C,_7836_,AOI22,0,1,4,1,13,21,303,-9.92187500001851e-05,2.394,1.0640000000003056,0.00802
b21_C,_7837_,NAND2,0,0,2,1,8,22,306,0.0,1.33,0.5320000000001528,0.00801
b21_C,_7838_,XOR2,0,0,2,3,9,21,305,0.0,2.394,0.7979999999997744,0.00801
b21_C,_7839_,OAI21,0,1,3,3,14,20,302,-8.105468750185807e-06,1.862,0.7980000000006839,0.00802
b21_C,_7840_,OR2,0,1,2,7,15,19,301,2.455078124996568e-05,1.33,0.26600000000053114,0.00802
b21_C,_7841_,INV,0,0,1,6,16,18,269,-9.121093750064091e-06,0.798,0.26599999999962165,0.00802
b21_C,_7842_,NOR2,0,0,2,3,17,15,58,-1.953125017273294e-08,1.33,0.5320000000001528,0.00802
b21_C,_7843_,NAND2,0,0,2,1,6,21,405,0.0,1.33,0.5320000000001528,0.00801
b21_C,_7844_,XNOR2,0,0,2,10,7,20,404,0.0,2.66,1.0640000000003056,0.00802
b21_C,_7845_,AND2,0,0,2,1,11,19,287,-8.58593750001635e-05,1.33,0.26600000000053114,0.00802
b21_C,_7846_,NAND2,0,0,2,1,8,20,367,-2.0761718749984226e-05,1.33,0.5320000000001528,0.00801
b21_C,_7847_,OAI21,0,1,3,3,16,19,366,-2.646484375001812e-05,1.862,0.7980000000006839,0.00802
b21_C,_7848_,AOI21,0,0,3,6,17,18,286,-8.339843750038156e-06,1.862,0.7980000000006839,0.00802
b21_C,_7849_,NOR2,0,0,2,2,18,16,59,-5.859375007410961e-08,1.33,0.5320000000001528,0.00802
b21_C,_7850_,MUX2,0,0,3,8,17,18,343,-8.619140624999133e-05,2.394,0.5320000000001528,0.00802
b21_C,_7851_,NOR2,0,0,2,2,18,16,59,-5.859375007410961e-08,1.33,0.5320000000001528,0.00802
b21_C,_7852_,OR2,0,0,2,2,19,15,58,0.0,1.33,0.26600000000053114,0.00802
b21_C,_7853_,AND2,0,0,2,1,20,14,53,0.0,1.33,0.26600000000053114,0.00802
b21_C,_7854_,AOI22,0,1,4,1,12,21,324,-0.00018595703125012797,2.394,1.0640000000003056,0.00802
b21_C,_7855_,INV,0,1,1,1,13,20,323,-1.2011718750093436e-05,0.798,0.26599999999962165,0.00801
b21_C,_7856_,XOR2,0,0,2,3,8,20,326,0.0,2.394,0.7979999999997744,0.00801
b21_C,_7857_,AOI221,0,1,5,3,14,19,322,-6.738281250018296e-05,2.926,1.3300000000008367,0.00802
b21_C,_7858_,BUF,0,1,1,10,15,18,242,3.242187499985505e-05,1.064,0.26600000000053114,0.00802
b21_C,_7859_,NAND2,0,1,2,1,15,19,388,-1.7773437499979394e-05,1.33,0.5320000000001528,0.00802
b21_C,_7860_,MUX2,0,1,3,3,16,18,387,-6.640625000997602e-07,2.394,0.5320000000001528,0.00802
b21_C,_7861_,OR2,0,0,2,1,1,23,495,0.0,1.33,0.26600000000053114,0.00801
b21_C,_7862_,OAI21,0,0,3,2,4,22,494,0.0,1.862,0.7980000000006839,0.00801
b21_C,_7863_,INV,0,0,1,1,1,21,434,0.0,0.798,0.26599999999962165,0.00801
b21_C,_7864_,OAI21,0,0,3,1,5,20,433,-3.080078125017316e-05,1.862,0.7980000000006839,0.00802
b21_C,_7865_,XOR2,0,0,2,10,6,19,432,0.0,2.394,0.7979999999997744,0.00802
b21_C,_7866_,MUX2,0,0,3,5,17,17,238,-8.611328125018858e-05,2.394,0.5320000000001528,0.00802
b21_C,_7867_,XNOR2,0,0,2,2,18,16,66,-5.859375007410961e-08,2.66,1.0640000000003056,0.00802
b21_C,_7868_,NOR3,0,0,3,3,19,14,62,-8.535156250211173e-06,1.862,0.7980000000006839,0.00802
b21_C,_7869_,OAI21,0,0,3,3,19,15,63,-7.01171875006068e-06,1.862,0.7980000000006839,0.00802
b21_C,_7870_,AOI22,0,1,4,1,13,22,347,-9.91406250001603e-05,2.394,1.0640000000003056,0.00802
b21_C,_7871_,NAND2,0,0,2,1,13,22,347,-4.318359375021785e-05,1.33,0.5320000000001528,0.00801
b21_C,_7872_,XNOR2,0,0,2,3,7,22,352,0.0,2.66,1.0640000000003056,0.00801
b21_C,_7873_,OAI211,0,1,4,6,14,21,346,1.3222656249922693e-05,2.394,1.0640000000003056,0.00802
b21_C,_7874_,BUF,0,1,1,10,15,20,136,4.5937499999926246e-05,1.064,0.26600000000053114,0.00802
b21_C,_7875_,NAND2,0,0,2,2,16,17,70,-9.843750000015916e-06,1.33,0.5320000000001528,0.00802
b21_C,_7876_,XNOR2,0,0,2,3,5,21,467,0.0,2.66,1.0640000000003056,0.00802
b21_C,_7877_,AND2,0,0,2,1,11,20,349,-8.58593750001635e-05,1.33,0.26600000000053114,0.00802
b21_C,_7878_,MUX2,0,1,3,3,15,20,411,-2.402343750151914e-06,2.394,0.5320000000001528,0.00802
b21_C,_7879_,AOI21,0,0,3,9,16,19,348,-6.699218749961489e-06,1.862,0.7980000000006839,0.00802
b21_C,_7880_,XNOR2,0,0,2,2,17,17,70,-3.2226562500792255e-06,2.66,1.0640000000003056,0.00802
b21_C,_7881_,NAND2,0,0,2,3,18,15,67,0.0,1.33,0.5320000000001528,0.00802
b21_C,_7882_,OR2,0,0,2,2,18,16,68,0.0,1.33,0.26600000000053114,0.00802
b21_C,_7883_,AND2,0,0,2,4,13,21,355,-1.6347656250026432e-05,1.33,0.26600000000053114,0.00801
b21_C,_7884_,NAND2,0,0,2,1,12,22,356,-6.542968750133937e-06,1.33,0.5320000000001528,0.00801
b21_C,_7885_,NAND2,0,0,2,1,6,24,362,0.0,1.33,0.5320000000001528,0.00801
b21_C,_7886_,XNOR2,0,0,2,3,7,23,361,0.0,2.66,1.0640000000003056,0.00801
b21_C,_7887_,AOI22,0,1,4,1,12,22,356,-0.000267832031250137,2.394,1.0640000000003056,0.00802
b21_C,_7888_,NAND2,0,1,2,4,13,21,355,-5.800781250009379e-06,1.33,0.5320000000001528,0.00802
b21_C,_7889_,OR2,0,1,2,1,14,20,132,3.6523437498825473e-06,1.33,0.26600000000053114,0.00802
b21_C,_7890_,BUF,0,1,1,10,15,19,131,2.2578124999839133e-05,1.064,0.26600000000053114,0.00802
b21_C,_7891_,NAND2,0,0,2,1,7,22,429,-2.0742187500033538e-05,1.33,0.5320000000001528,0.00801
b21_C,_7892_,OAI21,0,1,3,3,14,21,428,-3.953125000011326e-05,1.862,0.7980000000006839,0.00802
b21_C,_7893_,OAI21,0,0,3,1,4,22,493,0.0,1.862,0.7980000000006839,0.00801
b21_C,_7894_,XNOR2,0,0,2,10,5,21,492,0.0,2.66,1.0640000000003056,0.00802
b21_C,_7895_,MUX2,0,0,3,9,15,20,423,-0.00016218749999996618,2.394,0.5320000000001528,0.00802
b21_C,_7896_,XNOR2,0,0,2,2,16,19,75,-2.9296875014850343e-07,2.66,1.0640000000003056,0.00802
b21_C,_7897_,NAND3,0,0,3,3,17,16,71,-5.058593750106866e-06,1.862,0.7980000000006839,0.00802
b21_C,_7898_,AOI22,0,1,4,2,12,20,371,-0.00017912109375006757,2.394,1.0640000000003056,0.00802
b21_C,_7899_,XOR2,0,0,2,3,6,21,375,0.0,2.394,0.7979999999997744,0.00801
b21_C,_7900_,AOI22,0,0,4,2,12,20,371,-0.0004438085937499281,2.394,1.0640000000003056,0.00802
b21_C,_7901_,AND2,0,0,2,9,13,19,339,-1.0605468750091163e-05,1.33,0.26600000000053114,0.00802
b21_C,_7902_,NOR2,0,0,2,3,14,18,75,-1.7578125000028422e-07,1.33,0.5320000000001528,0.00802
b21_C,_7903_,NAND2,0,1,2,1,13,22,448,-1.7812500000102816e-05,1.33,0.5320000000001528,0.00802
b21_C,_7904_,MUX2,0,1,3,3,14,21,447,-7.031250000011369e-07,2.394,0.5320000000001528,0.00802
b21_C,_7905_,NAND2,0,0,2,1,4,23,519,0.0,1.33,0.5320000000001528,0.00801
b21_C,_7906_,XNOR2,0,0,2,9,5,22,518,0.0,2.66,1.0640000000003056,0.00802
b21_C,_7907_,MUX2,0,0,3,7,15,20,279,-0.00016240234375008988,2.394,0.5320000000001528,0.00802
b21_C,_7908_,NOR2,0,0,2,2,16,19,76,0.0,1.33,0.5320000000001528,0.00802
b21_C,_7909_,OR2,0,0,2,1,10,21,367,0.0,1.33,0.26600000000053114,0.00802
b21_C,_7910_,OAI21,0,0,3,7,15,20,366,-0.0003857421875002043,1.862,0.7980000000006839,0.00802
b21_C,_7911_,NOR2,0,0,2,2,16,19,76,-5.8984374999848654e-06,1.33,0.5320000000001528,0.00802
b21_C,_7912_,OR2,0,0,2,2,17,18,75,0.0,1.33,0.26600000000053114,0.00802
b21_C,_7913_,AND2,0,0,2,1,18,17,71,0.0,1.33,0.26600000000053114,0.00802
b21_C,_7914_,XNOR2,0,0,2,3,5,25,399,0.0,2.66,1.0640000000003056,0.00801
b21_C,_7915_,AOI22,0,1,4,1,12,24,395,-0.0004465625000000806,2.394,1.0640000000003056,0.00802
b21_C,_7916_,AOI22,0,0,4,1,12,24,395,-0.00019384765624996803,2.394,1.0640000000003056,0.00802
b21_C,_7917_,NAND2,0,1,2,6,13,23,394,1.3574218749923261e-05,1.33,0.5320000000001528,0.00802
b21_C,_7918_,BUF,0,1,1,10,14,22,149,4.097656250001691e-05,1.064,0.26600000000053114,0.00802
b21_C,_7919_,NAND2,0,0,2,2,3,26,656,0.0,1.33,0.5320000000001528,0.00801
b21_C,_7920_,OAI21,0,0,3,2,4,25,602,0.0,1.862,0.7980000000006839,0.00801
b21_C,_7921_,INV,0,0,1,1,1,25,547,0.0,0.798,0.26599999999962165,0.00801
b21_C,_7922_,OAI21,0,0,3,1,5,24,546,-3.080078125017316e-05,1.862,0.7980000000006839,0.00802
b21_C,_7923_,XOR2,0,0,2,10,6,23,545,0.0,2.394,0.7979999999997744,0.00802
b21_C,_7924_,AND2,0,0,2,1,10,22,294,-0.00016601562500007105,1.33,0.26600000000053114,0.00802
b21_C,_7925_,MUX2,0,1,3,3,13,22,468,-2.5000000001274003e-06,2.394,0.5320000000001528,0.00802
b21_C,_7926_,AOI21,0,0,3,6,14,21,293,-6.699218749961489e-06,1.862,0.7980000000006839,0.00802
b21_C,_7927_,XNOR2,0,0,2,2,15,19,80,-1.953125017273294e-08,2.66,1.0640000000003056,0.00802
b21_C,_7928_,AND3,0,0,3,3,16,17,77,-4.3164062499823075e-06,1.596,0.26600000000053114,0.00802
b21_C,_7929_,AOI21,0,0,3,2,16,18,78,-8.8085937499649e-06,1.862,0.7980000000006839,0.00802
b21_C,_7930_,XNOR2,0,0,2,10,5,23,575,0.0,2.66,1.0640000000003056,0.00802
b21_C,_7931_,AND2,0,0,2,1,10,22,391,-0.00016601562500007105,1.33,0.26600000000053114,0.00802
b21_C,_7932_,MUX2,0,1,3,3,12,22,490,-1.1621093749969447e-05,2.394,0.5320000000001528,0.00802
b21_C,_7933_,AOI21,0,0,3,5,13,21,390,-6.699218749961489e-06,1.862,0.7980000000006839,0.00802
b21_C,_7934_,XNOR2,0,0,2,3,14,19,86,-1.953125017273294e-08,2.66,1.0640000000003056,0.00802
b21_C,_7935_,AND2,0,0,2,4,11,23,411,-1.367187500100897e-06,1.33,0.26600000000053114,0.00801
b21_C,_7936_,AOI22,0,1,4,1,12,24,412,-0.00043589843750013735,2.394,1.0640000000003056,0.00802
b21_C,_7937_,NAND2,0,0,2,1,4,26,418,0.0,1.33,0.5320000000001528,0.00801
b21_C,_7938_,XNOR2,0,0,2,3,5,25,417,0.0,2.66,1.0640000000003056,0.00801
b21_C,_7939_,NAND2,0,0,2,1,11,24,412,-0.0001846093750001998,1.33,0.5320000000001528,0.00802
b21_C,_7940_,NAND2,0,1,2,4,13,23,411,-2.1875000000282085e-06,1.33,0.5320000000001528,0.00802
b21_C,_7941_,OR2,0,1,2,2,14,22,154,8.300781249914735e-06,1.33,0.26600000000053114,0.00802
b21_C,_7942_,BUF,0,1,1,10,15,21,149,2.2851562500036948e-05,1.064,0.26600000000053114,0.00802
b21_C,_7943_,AOI21,0,0,3,2,16,18,83,-4.492187499982592e-06,1.862,0.7980000000006839,0.00802
b21_C,_7944_,AND2,0,0,2,7,13,22,386,-1.4687499999999076e-05,1.33,0.26600000000053114,0.00802
b21_C,_7945_,NOR2,0,0,2,3,14,21,90,-1.7578125000028422e-07,1.33,0.5320000000001528,0.00802
b21_C,_7946_,NAND2,0,0,2,1,4,25,604,0.0,1.33,0.5320000000001528,0.00801
b21_C,_7947_,XNOR2,0,0,2,10,5,24,603,0.0,2.66,1.0640000000003056,0.00802
b21_C,_7948_,AND2,0,0,2,1,10,23,440,-0.00016601562500007105,1.33,0.26600000000053114,0.00802
b21_C,_7949_,NAND2,0,1,2,1,11,24,511,-1.7812500000102816e-05,1.33,0.5320000000001528,0.00802
b21_C,_7950_,MUX2,0,1,3,3,12,23,510,-6.054687500256506e-07,2.394,0.5320000000001528,0.00802
b21_C,_7951_,AOI21,0,0,3,10,13,22,439,1.6015624999976552e-05,1.862,0.7980000000006839,0.00802
b21_C,_7952_,NOR2,0,0,2,1,14,19,76,-4.589843750180123e-06,1.33,0.5320000000001528,0.00802
b21_C,_7953_,MUX2,0,0,3,5,13,21,283,-5.136718749909619e-06,2.394,0.5320000000001528,0.00802
b21_C,_7954_,NOR2,0,0,2,1,14,19,76,0.0,1.33,0.5320000000001528,0.00802
b21_C,_7955_,XNOR2,0,0,2,2,14,21,90,-6.01562499991104e-06,2.66,1.0640000000003056,0.00802
b21_C,_7956_,NAND2,0,0,2,2,15,20,88,0.0,1.33,0.5320000000001528,0.00802
b21_C,_7957_,INV,0,0,1,2,16,19,79,0.0,0.798,0.26599999999962165,0.00802
b21_C,_7958_,AOI211,0,21,4,2,17,19,87,-0.00020773437500021252,2.394,1.0640000000003056,0.00802
b21_C,_7960_,NAND3,0,0,3,2,16,18,77,-5.3515625000333245e-06,1.862,0.7980000000006839,0.00802
b21_C,_7961_,AOI211,0,18,4,2,19,17,74,-0.00021611328125015206,2.394,1.0640000000003056,0.00802
b21_C,_7963_,INV,0,0,1,1,17,18,73,0.0,0.798,0.26599999999962165,0.00802
b21_C,_7964_,NOR2,0,0,2,4,14,19,316,-9.335937499965752e-06,1.33,0.5320000000001528,0.00802
b21_C,_7965_,OAI21,0,0,3,2,18,17,72,-1.953125017273294e-08,1.862,0.7980000000006839,0.00802
b21_C,_7966_,INV,0,0,1,2,19,16,68,0.0,0.798,0.26599999999962165,0.00802
b21_C,_7967_,OAI211,0,15,4,2,21,15,64,-0.0002486132812500319,2.394,1.0640000000003056,0.00802
b21_C,_7968_,AND3,0,13,3,1,22,14,53,-4.0761718749893205e-05,1.596,0.26600000000053114,0.00802
b21_C,_7970_,NAND3,0,0,3,3,20,13,53,-9.394531250039861e-06,1.862,0.7980000000006839,0.00802
b21_C,_7971_,AOI211,0,11,4,2,24,12,46,-0.0001278515625000587,2.394,1.0640000000003056,0.00802
b21_C,_7972_,NOR3,0,10,3,2,25,11,42,0.00010359374999979742,1.862,0.7980000000006839,0.00802
b21_C,_7974_,AOI211,0,6,4,2,27,9,22,0.00013001953124991417,2.394,1.0640000000003056,0.00802
b21_C,_7973_,NOR3,0,9,3,3,26,10,36,-0.0002216601562499143,1.862,0.7980000000006839,0.00802
b21_C,_7976_,NOR3,0,0,3,1,25,8,15,-1.953125017273294e-08,1.862,0.7980000000006839,0.00802
b21_C,_7977_,OAI21,0,4,3,2,29,7,14,5.21484375000103e-05,1.862,0.7980000000006839,0.00802
b21_C,_7978_,AOI21,0,0,3,2,25,7,15,-4.667968749982876e-06,1.862,0.7980000000006839,0.00802
b21_C,_7979_,OAI21,0,3,3,2,30,6,10,-3.865234375011184e-05,1.862,0.7980000000006839,0.00802
b21_C,_7980_,NAND2,0,3,2,2,31,5,8,-5.546874999984297e-06,1.33,0.5320000000001528,0.00802
b21_C,_7981_,NAND2,0,2,2,2,32,4,5,-1.2011718750093436e-05,1.33,0.5320000000001528,0.00802
b21_C,_7982_,NAND2,0,0,2,2,18,12,96,-6.7968750001590195e-06,1.33,0.5320000000001528,0.00801
b21_C,_7983_,NAND2,0,1,2,2,14,12,96,-3.511718750015547e-05,1.33,0.5320000000001528,0.00801
b21_C,_7984_,NAND2,0,0,2,2,13,12,96,-9.765624999769074e-07,1.33,0.5320000000001528,0.00801
b21_C,_7985_,NAND2,0,0,2,2,14,12,96,-2.7148437500068567e-05,1.33,0.5320000000001528,0.00801
b21_C,_7986_,AND4,0,0,4,4,19,11,87,-5.117187499958931e-06,1.862,0.26600000000053114,0.00802
b21_C,_7987_,BUF,0,0,1,10,20,8,56,0.0,1.064,0.26600000000053114,0.00802
b21_C,_7988_,XNOR2,0,0,2,2,25,6,9,-4.472656250031903e-06,2.66,1.0640000000003056,0.00802
b21_C,_7989_,NOR3,0,0,3,2,26,4,6,0.0,1.862,0.7980000000006839,0.00802
b21_C,_7990_,OAI21,0,0,3,2,26,5,7,0.0,1.862,0.7980000000006839,0.00802
b21_C,_7991_,INV,0,0,1,1,27,4,3,0.0,0.798,0.26599999999962165,0.00802
b21_C,_7992_,NOR2,0,0,2,1,28,3,2,6.835937500504485e-07,1.33,0.5320000000001528,0.00802
b21_C,_7993_,XNOR2,0,1,2,1,33,2,1,-1.3105468749996518e-05,2.66,1.0640000000003056,0.00802
b21_C,_7994_,OAI221,0,1,5,0,34,1,0,-8.593750000063238e-06,2.926,1.3300000000008367,0.00802
b21_C,_7995_,AND2,0,2,2,2,22,6,9,-0.00011525390625011234,1.33,0.26600000000053114,0.00802
b21_C,_7996_,INV,0,0,1,2,20,5,8,5.8593749852065e-08,0.798,0.26599999999962165,0.00802
b21_C,_7997_,AOI21,0,1,3,1,23,4,3,-2.2656250000530065e-06,1.862,0.7980000000006839,0.00802
b21_C,_7998_,NOR2,0,1,2,1,24,3,2,-1.5214843749999929e-05,1.33,0.5320000000001528,0.00802
b21_C,_7999_,NAND2,0,1,2,2,23,5,6,-4.765625000180407e-06,1.33,0.5320000000001528,0.00802
b21_C,_8000_,OAI21,0,1,3,1,25,2,1,-9.785156250163851e-06,1.862,0.7980000000006839,0.00802
b21_C,_8001_,NAND2,0,0,2,4,11,8,87,-0.0009049609375000323,1.33,0.5320000000001528,0.00801
b21_C,_8002_,BUF,0,0,1,10,12,7,71,1.6992187499287326e-06,1.064,0.26600000000053114,0.00801
b21_C,_8003_,INV,0,0,1,2,13,7,53,-5.14648437501819e-05,0.798,0.26599999999962165,0.00802
b21_C,_8004_,OAI21,0,0,3,8,14,6,39,1.0898437499795577e-05,1.862,0.7980000000006839,0.00802
b21_C,_8005_,BUF,0,0,1,10,15,5,24,-1.4843750000270717e-06,1.064,0.26600000000053114,0.00801
b21_C,_8006_,NAND2,0,0,2,1,18,2,1,-1.9531249950688334e-08,1.33,0.5320000000001528,0.00802
b21_C,_8007_,CLKBUF,0,0,1,10,16,3,20,5.8593749852065e-08,1.064,0.26600000000053114,0.00802
b21_C,_8008_,NAND2,0,0,2,1,17,2,1,-1.3671875009890755e-07,1.33,0.5320000000001528,0.00802
b21_C,_8009_,AND2,0,0,2,2,3,3,4,0.0,1.33,0.26600000000053114,0.00801
b21_C,_8010_,AOI221,0,0,5,1,17,2,1,-3.6015625000107576e-05,2.926,1.3300000000008367,0.00802
b21_C,_8011_,NAND4,0,1,4,0,26,1,0,-7.63671875003702e-06,2.394,1.0640000000003056,0.00802
b21_C,_8012_,AOI22,0,0,4,1,17,4,3,-6.523437499961204e-06,2.394,1.0640000000003056,0.00802
b21_C,_8013_,NAND3,0,0,3,7,14,4,21,-5.5253906250163354e-05,1.862,0.7980000000006839,0.00802
b21_C,_8014_,OAI21,0,0,3,1,19,3,2,0.0,1.862,0.7980000000006839,0.00802
b21_C,_8015_,NOR3,0,0,3,8,14,5,18,1.849609374993122e-05,1.862,0.7980000000006839,0.00802
b21_C,_8016_,NOR2,0,1,2,1,28,4,3,-0.00018216796874992447,1.33,0.5320000000001528,0.00802
b21_C,_8017_,XNOR2,0,0,2,1,24,4,3,-7.753906249963194e-06,2.66,1.0640000000003056,0.00802
b21_C,_8019_,AOI221,0,1,5,1,30,2,1,2.7929687498318145e-06,2.926,1.3300000000008367,0.00802
b21_C,_8018_,XNOR2,0,1,2,1,29,3,2,-5.410156250107434e-06,2.66,1.0640000000003056,0.00802
b21_C,_8020_,NAND3,0,0,3,5,22,13,92,-1.0761718750140759e-05,1.862,0.7980000000006839,0.00802
b21_C,_8021_,OAI21,0,1,3,0,31,1,0,-2.1347656250059188e-05,1.862,0.7980000000006839,0.00802
b21_C,_8022_,NOR2,0,0,2,4,14,21,283,-9.355468750138485e-06,1.33,0.5320000000001528,0.00802
b21_C,_8023_,OAI222,0,0,6,1,15,3,2,0.0,3.724,1.5960000000004584,0.00802
b21_C,_8024_,MUX2,0,0,3,7,14,21,306,-3.320312500054712e-06,2.394,0.5320000000001528,0.00802
b21_C,_8025_,AOI221,0,0,5,1,17,2,1,-2.9101562502020784e-06,2.926,1.3300000000008367,0.00802
b21_C,_8026_,INV,0,0,1,3,17,4,7,0.0,0.798,0.26599999999962165,0.00802
b21_C,_8027_,NOR2,0,0,2,2,15,5,11,0.0,1.33,0.5320000000001528,0.00802
b21_C,_8028_,NOR2,0,3,2,2,18,5,10,-0.00028351562500006366,1.33,0.5320000000001528,0.00802
b21_C,_8029_,AOI21,0,2,3,3,19,4,7,-2.6347656250091944e-05,1.862,0.7980000000006839,0.00802
b21_C,_8030_,AND3,0,0,3,2,16,4,5,-2.304687499954383e-06,1.596,0.26600000000053114,0.00802
b21_C,_8031_,OAI21,0,1,3,1,20,3,2,-5.371093750206057e-06,1.862,0.7980000000006839,0.00802
b21_C,_8032_,NOR2,0,0,2,1,17,3,2,0.0,1.33,0.5320000000001528,0.00802
b21_C,_8033_,XOR2,0,1,2,1,21,2,1,-1.7285156250101963e-05,2.394,0.7979999999997744,0.00802
b21_C,_8034_,OAI21,0,1,3,0,22,1,0,-1.2109375000068923e-05,1.862,0.7980000000006839,0.00802
b21_C,_8035_,NOR2,0,0,2,2,2,5,6,0.0,1.33,0.5320000000001528,0.00801
b21_C,_8036_,AND2,0,2,2,3,11,25,390,-6.763671875020805e-05,1.33,0.26600000000053114,0.00801
b21_C,_8037_,NAND3,0,0,3,3,11,25,390,0.0,1.862,0.7980000000006839,0.00802
b21_C,_8038_,OR2,0,2,2,8,12,24,47,5.1113281249959286e-05,1.33,0.26600000000053114,0.00802
b21_C,_8039_,AOI21,0,0,3,1,17,4,3,-1.1718750000166978e-05,1.862,0.7980000000006839,0.00802
b21_C,_8040_,INV,0,0,1,9,10,24,424,2.441406249831246e-06,0.798,0.26599999999962165,0.00802
b21_C,_8041_,AND3,0,0,3,7,13,24,383,-9.003906250137916e-06,1.596,0.26600000000053114,0.00802
b21_C,_8042_,OAI221,0,0,5,1,18,3,2,-2.0117187500279243e-06,2.926,1.3300000000008367,0.00802
b21_C,_8044_,NOR2,0,1,2,1,15,3,2,-0.00047408203124987836,1.33,0.5320000000001528,0.00802
b21_C,_8043_,AOI21,0,0,3,1,19,2,1,-1.1718750014821921e-07,1.862,0.7980000000006839,0.00802
b21_C,_8046_,OAI21,0,1,3,0,20,1,0,-8.789062500014211e-07,1.862,0.7980000000006839,0.00802
b21_C,_8045_,XOR2,0,1,2,1,16,2,1,-8.03125000001792e-05,2.394,0.7979999999997744,0.00802
b21_C,_8047_,NOR2,0,1,2,2,26,5,4,-0.000294433593750032,1.33,0.5320000000001528,0.00802
b21_C,_8048_,NOR2,0,0,2,2,23,5,4,7.421874999025135e-07,1.33,0.5320000000001528,0.00802
b21_C,_8049_,OAI21,0,1,3,1,27,4,3,-1.855468750200373e-06,1.862,0.7980000000006839,0.00802
b21_C,_8050_,AOI21,0,1,3,1,28,3,2,-2.2050781250060325e-05,1.862,0.7980000000006839,0.00802
b21_C,_8051_,NOR2,0,0,2,2,2,5,6,0.0,1.33,0.5320000000001528,0.00801
b21_C,_8052_,BUF,0,2,1,10,17,5,34,8.429687499988958e-05,1.064,0.26600000000053114,0.00801
b21_C,_8053_,AOI21,0,0,3,1,18,4,3,-2.2363281249937472e-05,1.862,0.7980000000006839,0.00802
b21_C,_8054_,NOR2,0,0,2,7,15,15,172,-1.248046875002018e-05,1.33,0.5320000000001528,0.00802
b21_C,_8055_,OAI221,0,0,5,1,19,3,2,-5.46874999951541e-07,2.926,1.3300000000008367,0.00802
b21_C,_8056_,AOI211,0,1,4,1,29,2,1,7.285156249814406e-06,2.394,1.0640000000003056,0.00802
b21_C,_8057_,INV,0,1,1,0,30,1,0,-1.9628906249957723e-05,0.798,0.26599999999962165,0.00802
b21_C,_8058_,NAND2,0,0,2,1,3,4,3,0.0,1.33,0.5320000000001528,0.00801
b21_C,_8059_,OAI21,0,0,3,1,21,3,2,-6.249999999763389e-07,1.862,0.7980000000006839,0.00802
b21_C,_8060_,AOI222,0,1,6,1,14,10,47,-5.011718750003169e-05,3.724,1.5960000000004584,0.00802
b21_C,_8061_,NAND4,0,0,4,2,16,10,49,0.0,2.394,1.0640000000003056,0.00801
b21_C,_8062_,OAI21,0,1,3,9,17,9,46,9.08203124994067e-06,1.862,0.7980000000006839,0.00802
b21_C,_8064_,OR2,0,0,2,2,12,11,81,-1.2929687499996234e-05,1.33,0.26600000000053114,0.00801
b21_C,_8063_,AOI221,0,0,5,1,22,2,1,-2.5410156250016414e-05,2.926,1.3300000000008367,0.00802
b21_C,_8065_,OAI211,0,0,4,6,25,10,54,-3.0585937500049454e-05,2.394,1.0640000000003056,0.00802
b21_C,_8066_,OAI21,0,1,3,1,33,3,2,1.5625000004959588e-07,1.862,0.7980000000006839,0.00802
b21_C,_8067_,OAI21,0,1,3,3,25,10,52,-4.042968750006537e-06,1.862,0.7980000000006839,0.00802
b21_C,_8068_,NOR2,0,0,2,6,26,9,41,-0.00019203125000011312,1.33,0.5320000000001528,0.00802
b21_C,_8069_,NAND2,0,0,2,1,21,5,4,-1.0527343750066365e-05,1.33,0.5320000000001528,0.00802
b21_C,_8070_,XNOR2,0,0,2,1,22,4,3,-5.859375007410961e-08,2.66,1.0640000000003056,0.00802
b21_C,_8071_,XNOR2,0,0,2,1,27,3,2,5.8593749852065e-08,2.66,1.0640000000003056,0.00802
b21_C,_8072_,XNOR2,0,1,2,1,34,2,1,-1.2871093750144169e-05,2.66,1.0640000000003056,0.00802
b21_C,_8073_,OAI221,0,1,5,0,35,1,0,-1.0625000000041851e-05,2.926,1.3300000000008367,0.00802
b21_C,_8074_,AND2,0,0,2,2,2,5,6,-4.140625000204068e-06,1.33,0.26600000000053114,0.00801
b21_C,_8075_,AOI221,0,0,5,1,17,4,3,-5.2460937500109495e-05,2.926,1.3300000000008367,0.00802
b21_C,_8076_,INV,0,0,1,1,18,3,2,0.0,0.798,0.26599999999962165,0.00801
b21_C,_8077_,AOI21,0,0,3,1,19,2,1,-1.9531249950688334e-08,1.862,0.7980000000006839,0.00802
b21_C,_8078_,OR2,0,0,2,1,17,3,2,0.0,1.33,0.26600000000053114,0.00802
b21_C,_8079_,XNOR2,0,1,2,1,19,2,1,-5.945312500021949e-05,2.66,1.0640000000003056,0.00802
b21_C,_8080_,OAI221,0,1,5,0,20,1,0,-1.0722656250017337e-05,2.926,1.3300000000008367,0.00802
b21_C,_8081_,NOR3,0,0,3,1,12,5,4,-0.0008931640625000625,1.862,0.7979999999997744,0.00802
b21_C,_8082_,NOR2,0,0,2,2,13,4,3,0.0,1.33,0.5320000000001528,0.00802
b21_C,_8083_,NOR2,0,0,2,2,13,4,3,-1.1171874999993392e-05,1.33,0.5320000000001528,0.00802
b21_C,_8084_,AOI21,0,0,3,1,15,3,2,-1.5429687501011813e-06,1.862,0.7979999999997744,0.00802
b21_C,_8085_,OAI21,0,0,3,1,16,2,1,0.0,1.862,0.7979999999997744,0.00802
b21_C,_8086_,INV,0,0,1,2,1,4,3,0.0,0.798,0.26600000000053114,0.00801
b21_C,_8087_,AND4,0,0,4,6,11,25,392,-1.3261718750046114e-05,1.862,0.26600000000053114,0.00802
b21_C,_8088_,OAI22,0,0,4,1,15,3,2,-1.1835937500093152e-05,2.394,1.0640000000003056,0.00802
b21_C,_8089_,AOI221,0,1,5,1,18,2,1,-2.4785156250040075e-05,2.926,1.3299999999999272,0.00802
b21_C,_8090_,OAI211,0,1,4,0,19,1,0,-7.2656250000857625e-06,2.394,1.0640000000003056,0.00802
b21_C,_8091_,BUF,0,1,1,10,2,5,73,3.4765624999932854e-05,1.064,0.26600000000053114,0.00801
b21_C,_8092_,AOI22,0,0,4,1,18,4,3,-2.8867187499947988e-05,2.394,1.0640000000003056,0.00802
b21_C,_8093_,INV,0,0,1,4,15,14,123,-8.90625000016243e-06,0.798,0.26600000000053114,0.00802
b21_C,_8094_,OAI21,0,0,3,1,19,3,2,-6.249999999763389e-07,1.862,0.7979999999997744,0.00802
b21_C,_8095_,AOI21,0,0,3,1,20,2,1,-1.3671875009890755e-07,1.862,0.7979999999997744,0.00802
b21_C,_8096_,NOR2,0,2,2,3,27,5,8,1.5624999982755128e-07,1.33,0.5320000000001528,0.00802
b21_C,_8097_,OR2,0,2,2,2,28,4,5,4.7851562499090505e-06,1.33,0.26599999999962165,0.00802
b21_C,_8098_,OAI211,0,1,4,1,29,3,2,-1.5097656250073754e-05,2.394,1.0640000000003056,0.00802
b21_C,_8099_,NAND2,0,1,2,1,30,2,1,-1.1660156250092868e-05,1.33,0.5320000000001528,0.00802
b21_C,_8100_,OR3,0,0,3,1,23,3,2,-7.226562499518252e-07,1.596,0.26600000000053114,0.00802
b21_C,_8101_,AOI21,0,0,3,1,28,2,1,-3.613281250003375e-05,1.862,0.7979999999997744,0.00802
b21_C,_8102_,BUF,0,0,1,10,21,14,166,1.9531249950688334e-08,1.064,0.26600000000053114,0.00802
b21_C,_8103_,OAI221,0,1,5,0,31,1,0,-8.476562500137064e-06,2.926,1.3299999999999272,0.00802
b21_C,_8104_,NAND2,0,1,2,6,13,19,54,6.074218749763105e-06,1.33,0.5320000000001528,0.00802
b21_C,_8105_,AOI22,0,0,4,1,17,4,3,-1.771484375012733e-05,2.394,1.0640000000003056,0.00802
b21_C,_8106_,NAND2,0,0,2,1,17,4,3,-2.5761718750016982e-05,1.33,0.5320000000001528,0.00801
b21_C,_8107_,NAND2,0,0,2,1,18,3,2,0.0,1.33,0.5320000000001528,0.00801
b21_C,_8108_,AOI221,0,0,5,1,19,2,1,-3.0859375002023626e-06,2.926,1.3299999999999272,0.00802
b21_C,_8109_,NAND2,0,0,2,1,19,3,2,0.0,1.33,0.5320000000001528,0.00802
b21_C,_8110_,XNOR2,0,1,2,1,21,2,1,-0.0005092773437500586,2.66,1.0640000000003056,0.00802
b21_C,_8111_,OAI21,0,1,3,0,22,1,0,-5.2734375000085265e-06,1.862,0.7979999999997744,0.00802
b21_C,_8112_,INV,0,0,1,1,26,5,4,0.0,0.798,0.26600000000053114,0.00802
b21_C,_8113_,NOR2,0,0,2,1,27,4,3,-5.058593750106866e-06,1.33,0.5320000000001528,0.00802
b21_C,_8114_,XNOR2,0,1,2,1,30,3,2,-7.79687500001014e-05,2.66,1.0640000000003056,0.00802
b21_C,_8115_,NAND2,0,1,2,1,31,2,1,-8.886718750211742e-06,1.33,0.5320000000001528,0.00802
b21_C,_8116_,OAI22,0,0,4,1,19,3,2,0.0,2.394,1.0640000000003056,0.00802
b21_C,_8117_,OR2,0,1,2,6,19,10,69,1.9746093749883897e-05,1.33,0.26599999999962165,0.00802
b21_C,_8118_,AOI221,0,0,5,1,20,2,1,-2.2792968750184883e-05,2.926,1.3299999999999272,0.00802
b21_C,_8119_,OR2,0,0,2,2,12,13,97,-1.2929687499996234e-05,1.33,0.26599999999962165,0.00801
b21_C,_8120_,OAI211,0,0,4,6,23,12,77,-2.3671875000186304e-05,2.394,1.0640000000003056,0.00802
b21_C,_8121_,OAI211,0,1,4,0,32,1,0,-1.0996093749993108e-05,2.394,1.0640000000003056,0.00802
b21_C,_8122_,OAI22,0,0,4,1,17,3,2,0.0,2.394,1.0640000000003056,0.00802
b21_C,_8123_,NAND2,0,1,2,5,14,15,150,7.617187498532019e-07,1.33,0.5320000000001528,0.00802
b21_C,_8124_,AOI221,0,0,5,1,18,2,1,-2.611328125001755e-05,2.926,1.3299999999999272,0.00802
b21_C,_8125_,INV,0,0,1,1,21,4,3,0.0,0.798,0.26600000000053114,0.00802
b21_C,_8126_,NAND2,0,0,2,1,22,3,2,0.0,1.33,0.5320000000001528,0.00802
b21_C,_8127_,XNOR2,0,1,2,1,24,2,1,-0.0003641210937499473,2.66,1.0640000000003056,0.00802
b21_C,_8128_,OAI221,0,1,5,0,25,1,0,-1.4257812500195755e-05,2.926,1.3299999999999272,0.00802
b21_C,_8129_,XOR2,0,0,2,2,16,4,3,3.5156249977852383e-07,2.394,0.7979999999997744,0.00802
b21_C,_8130_,NOR2,0,1,2,2,16,4,3,-0.0002386523437500898,1.33,0.5320000000001528,0.00802
b21_C,_8131_,AOI21,0,1,3,1,17,3,2,-2.3437500000778044e-06,1.862,0.7979999999997744,0.00802
b21_C,_8132_,OAI21,0,1,3,1,18,2,1,-2.404296875013756e-05,1.862,0.7979999999997744,0.00802
b21_C,_8133_,AND2,0,0,2,2,3,3,4,-4.121093750031335e-06,1.33,0.26599999999962165,0.00801
b21_C,_8134_,AOI22,0,0,4,1,18,4,3,-3.396484374995623e-05,2.394,1.0640000000003056,0.00802
b21_C,_8135_,INV,0,0,1,1,19,3,2,0.0,0.798,0.26600000000053114,0.00801
b21_C,_8136_,AOI211,0,0,4,1,20,2,1,-2.734375001978151e-07,2.394,1.0640000000003056,0.00802
b21_C,_8137_,OAI211,0,1,4,0,21,1,0,-7.558593750012221e-06,2.394,1.0640000000003056,0.00802
b21_C,_8138_,AOI22,0,0,4,1,16,4,3,-1.0234375000139906e-05,2.394,1.0640000000003056,0.00802
b21_C,_8139_,OAI21,0,0,3,1,17,3,2,0.0,1.862,0.7979999999997744,0.00802
b21_C,_8140_,MUX2,0,0,3,4,19,15,146,-8.615234375008995e-05,2.394,0.5320000000001528,0.00802
b21_C,_8141_,AOI221,0,0,5,1,20,2,1,-2.9101562502020784e-06,2.926,1.3299999999999272,0.00802
b21_C,_8142_,AOI21,0,1,3,1,24,3,2,-0.00030021484375009067,1.862,0.7979999999997744,0.00802
b21_C,_8143_,OR2,0,0,2,1,23,3,2,0.0,1.33,0.26599999999962165,0.00802
b21_C,_8144_,XOR2,0,1,2,1,25,2,1,-2.1171875000058904e-05,2.394,0.7979999999997744,0.00802
b21_C,_8145_,OAI21,0,1,3,0,26,1,0,-3.320312500498801e-07,1.862,0.7979999999997744,0.00802
b21_C,_8146_,AND2,0,0,2,1,2,5,4,-4.140625000204068e-06,1.33,0.26599999999962165,0.00801
b21_C,_8147_,AOI221,0,0,5,1,18,4,3,-5.4531249999989484e-05,2.926,1.3299999999999272,0.00802
b21_C,_8148_,OR2,0,0,2,5,23,12,86,-9.669921875010701e-05,1.33,0.26599999999962165,0.00802
b21_C,_8149_,OAI221,0,0,5,1,24,3,2,-1.3281249999774758e-06,2.926,1.3299999999999272,0.00802
b21_C,_8150_,INV,0,0,1,1,25,2,1,0.0,0.798,0.26600000000053114,0.00802
b21_C,_8151_,OR3,0,0,3,1,25,4,3,0.0,1.596,0.26600000000053114,0.00802
b21_C,_8152_,AND2,0,0,2,1,26,3,2,0.0,1.33,0.26599999999962165,0.00802
b21_C,_8153_,XNOR2,0,1,2,1,29,2,1,-4.7265625000125766e-05,2.66,1.0640000000003056,0.00802
b21_C,_8154_,OAI21,0,1,3,0,30,1,0,-1.6015625001752909e-06,1.862,0.7979999999997744,0.00802
b21_C,_8155_,XOR2,0,0,2,2,15,4,3,0.0,2.394,0.7979999999997744,0.00802
b21_C,_8156_,AOI21,0,1,3,2,15,4,3,-0.0004574218749999748,1.862,0.7979999999997744,0.00802
b21_C,_8157_,AOI21,0,1,3,1,16,3,2,-1.3476562501502087e-06,1.862,0.7979999999997744,0.00802
b21_C,_8158_,OAI21,0,1,3,1,17,2,1,-2.2871093749987637e-05,1.862,0.7979999999997744,0.00802
b21_C,_8159_,NAND2,0,0,2,1,3,4,3,0.0,1.33,0.5320000000001528,0.00801
b21_C,_8160_,OAI21,0,0,3,1,15,3,2,-4.06250000017927e-06,1.862,0.7979999999997744,0.00802
b21_C,_8161_,OR2,0,1,2,4,14,23,54,-0.0001468750000002128,1.33,0.26599999999962165,0.00802
b21_C,_8162_,AOI221,0,0,5,1,18,2,1,-0.0001782226562503375,2.926,1.3299999999999272,0.00802
b21_C,_8163_,OAI211,0,1,4,0,19,1,0,-7.617187500086331e-06,2.394,1.0640000000003056,0.00802
b21_C,_8164_,NAND2,0,0,2,1,16,4,3,0.0,1.33,0.5320000000001528,0.00802
b21_C,_8165_,AOI22,0,0,4,1,18,4,3,-3.265625000015149e-05,2.394,1.0640000000003056,0.00802
b21_C,_8166_,OAI211,0,0,4,1,19,3,2,-4.88281250099476e-07,2.394,1.0640000000003056,0.00802
b21_C,_8167_,MUX2,0,0,3,9,13,21,381,-3.3007812501040235e-06,2.394,0.5320000000001528,0.00802
b21_C,_8168_,AOI21,0,0,3,1,20,2,1,-1.9531249950688334e-08,1.862,0.7979999999997744,0.00802
b21_C,_8169_,NAND2,0,1,2,1,20,3,2,-1.6308593750125056e-05,1.33,0.5320000000001528,0.00802
b21_C,_8170_,OAI21,0,1,3,1,21,2,1,-1.0898437500017621e-05,1.862,0.7979999999997744,0.00802
b21_C,_8171_,AOI21,0,0,3,1,20,2,1,-1.7207031250077165e-05,1.862,0.7979999999997744,0.00802
b21_C,_8172_,OAI21,0,1,3,0,22,1,0,-1.007812500009031e-05,1.862,0.7979999999997744,0.00802
b21_C,_8173_,INV,0,0,1,2,1,4,5,0.0,0.798,0.26600000000053114,0.00801
b21_C,_8174_,NOR2,0,0,2,2,2,3,4,0.0,1.33,0.5320000000001528,0.00801
b21_C,_8175_,AOI221,0,1,5,1,18,2,1,-5.3945312500136566e-05,2.926,1.3299999999999272,0.00802
b21_C,_8176_,NOR3,0,0,3,1,12,3,2,-4.062500000023839e-05,1.862,0.7979999999997744,0.00802
b21_C,_8177_,NOR2,0,0,2,1,13,2,1,-1.1171874999993392e-05,1.33,0.5320000000001528,0.00802
b21_C,_8178_,OAI221,0,1,5,0,19,1,0,-1.248046875002018e-05,2.926,1.3299999999999272,0.00802
b21_C,_8179_,INV,0,0,1,2,23,4,3,0.0,0.798,0.26600000000053114,0.00802
b21_C,_8180_,OAI21,0,0,3,1,28,3,2,-3.707031250010928e-05,1.862,0.7979999999997744,0.00802
b21_C,_8181_,OAI211,0,1,4,1,29,2,1,-1.765625000005322e-05,2.394,1.0640000000003056,0.00802
b21_C,_8182_,AOI22,0,0,4,1,18,4,3,-3.298828125020137e-05,2.394,1.0640000000003056,0.00802
b21_C,_8183_,OAI221,0,0,5,1,19,3,2,-4.472656250031903e-06,2.926,1.3299999999999272,0.00802
b21_C,_8184_,AOI21,0,0,3,1,21,2,1,-1.9531249950688334e-08,1.862,0.7979999999997744,0.00802
b21_C,_8185_,NAND2,0,1,2,0,30,1,0,-5.976562500009663e-06,1.33,0.5320000000001528,0.00802
b21_C,_8186_,NOR2,0,0,2,1,16,3,2,0.0,1.33,0.5320000000001528,0.00802
b21_C,_8187_,OAI22,0,0,4,1,16,3,2,-8.359374999988844e-06,2.394,1.0640000000003056,0.00802
b21_C,_8188_,AOI211,0,0,4,1,17,2,1,-4.648437500032188e-06,2.394,1.0640000000003056,0.00802
b21_C,_8189_,OAI21,0,1,3,1,21,3,2,-0.0004088085937501429,1.862,0.7979999999997744,0.00802
b21_C,_8190_,NAND2,0,0,2,1,19,3,2,0.0,1.33,0.5320000000001528,0.00802
b21_C,_8191_,XOR2,0,1,2,1,22,2,1,-2.037109375008228e-05,2.394,0.7979999999997744,0.00802
b21_C,_8192_,OAI221,0,1,5,0,23,1,0,-7.85156249993868e-06,2.926,1.3299999999999272,0.00802
b21_C,_8193_,AOI21,0,1,3,2,27,4,3,-3.3027343750102744e-05,1.862,0.7979999999997744,0.00802
b21_C,_8194_,OR2,0,0,2,2,26,4,3,0.0,1.33,0.26599999999962165,0.00802
b21_C,_8195_,AOI21,0,1,3,1,28,3,2,-1.1835937500093152e-05,1.862,0.7979999999997744,0.00802
b21_C,_8196_,OAI21,0,1,3,1,29,2,1,-2.4160156250063736e-05,1.862,0.7979999999997744,0.00802
b21_C,_8197_,OAI22,0,0,4,1,18,3,2,0.0,2.394,1.0640000000003056,0.00802
b21_C,_8198_,INV,0,0,1,2,14,5,6,0.0,0.798,0.26600000000053114,0.00801
b21_C,_8199_,AOI221,0,0,5,1,19,2,1,-9.667968750015632e-06,2.926,1.3299999999999272,0.00802
b21_C,_8200_,OR2,0,0,2,6,22,13,178,-9.369140625015149e-05,1.33,0.26599999999962165,0.00802
b21_C,_8201_,OAI211,0,1,4,0,30,1,0,-9.199218750088889e-06,2.394,1.0640000000003056,0.00802
b21_C,_8202_,AND2,0,0,2,2,2,5,6,-4.140625000204068e-06,1.33,0.26599999999962165,0.00801
b21_C,_8203_,AOI221,0,0,5,1,16,4,3,-5.0273437500081286e-05,2.926,1.3299999999999272,0.00802
b21_C,_8204_,INV,0,0,1,1,17,3,2,0.0,0.798,0.26600000000053114,0.00801
b21_C,_8205_,AOI221,0,0,5,1,18,2,1,-2.9101562502020784e-06,2.926,1.3299999999999272,0.00802
b21_C,_8206_,NOR2,0,1,2,1,20,3,2,-0.00021402343750009933,1.33,0.5320000000001528,0.00802
b21_C,_8207_,XOR2,0,0,2,1,18,3,2,0.0,2.394,0.7979999999997744,0.00802
b21_C,_8208_,XOR2,0,1,2,1,21,2,1,-1.732421875000334e-05,2.394,0.7979999999997744,0.00802
b21_C,_8209_,OAI21,0,1,3,0,22,1,0,-1.2070312500167546e-05,1.862,0.7979999999997744,0.00802
b21_C,_8210_,OR3,0,0,3,1,12,5,4,0.0,1.596,0.26600000000053114,0.00802
b21_C,_8211_,NAND2,0,0,2,1,13,4,3,-1.3671875009890755e-07,1.33,0.5320000000001528,0.00802
b21_C,_8212_,XNOR2,0,0,2,1,14,3,2,-0.00011126953125017991,2.66,1.0640000000003056,0.00802
b21_C,_8213_,NAND2,0,0,2,1,15,2,1,-4.238281250179554e-06,1.33,0.5320000000001528,0.00802
b21_C,_8214_,NAND2,0,0,2,2,3,4,4,-8.12499999991445e-06,1.33,0.5320000000001528,0.00801
b21_C,_8215_,AOI22,0,1,4,1,18,4,3,-0.00019011718750006068,2.394,1.0640000000003056,0.00802
b21_C,_8216_,OAI211,0,1,4,1,19,3,2,-0.0007208007812500306,2.394,1.0640000000003056,0.00802
b21_C,_8217_,AOI21,0,1,3,1,20,2,1,-6.249999999763389e-07,1.862,0.7979999999997744,0.00802
b21_C,_8218_,NAND2,0,1,2,0,21,1,0,-1.6406250000100542e-05,1.33,0.5320000000001528,0.00802
b21_C,_8219_,AND2,0,0,2,2,3,5,6,0.0,1.33,0.26599999999962165,0.00801
b21_C,_8220_,OR2,0,1,2,7,15,15,132,2.4785156250040075e-05,1.33,0.26599999999962165,0.00802
b21_C,_8221_,AOI21,0,0,3,1,18,4,3,-2.6894531250043485e-05,1.862,0.7979999999997744,0.00802
b21_C,_8222_,OAI221,0,0,5,1,19,3,2,-5.46874999951541e-07,2.926,1.3299999999999272,0.00802
b21_C,_8223_,MUX2,0,0,3,8,19,15,195,-3.3007812501040235e-06,2.394,0.5320000000001528,0.00802
b21_C,_8224_,AOI21,0,0,3,1,20,2,1,-1.9531249950688334e-08,1.862,0.7979999999997744,0.00802
b21_C,_8225_,NOR2,0,1,2,1,25,3,2,-0.00015529296875005372,1.33,0.5320000000001528,0.00802
b21_C,_8226_,OR2,0,0,2,1,23,3,2,0.0,1.33,0.26599999999962165,0.00802
b21_C,_8227_,XNOR2,0,1,2,1,26,2,1,-1.314453125011994e-05,2.66,1.0640000000003056,0.00802
b21_C,_8228_,OAI21,0,1,3,0,27,1,0,-5.1367187501316636e-06,1.862,0.7979999999997744,0.00802
b21_C,_8229_,INV,0,1,1,1,17,5,4,-0.0005731250000000632,0.798,0.26600000000053114,0.00802
b21_C,_8230_,NOR2,0,0,2,1,17,5,4,0.0,1.33,0.5320000000001528,0.00802
b21_C,_8231_,NOR2,0,1,2,1,18,4,3,-2.246093750102318e-06,1.33,0.5320000000001528,0.00802
b21_C,_8232_,AOI211,0,1,4,1,19,3,2,-3.353515625015291e-05,2.394,1.0640000000003056,0.00802
b21_C,_8233_,NAND2,0,0,2,1,16,4,3,-5.859375000749623e-07,1.33,0.5320000000001528,0.00802
b21_C,_8234_,AOI22,0,0,4,1,17,4,3,-4.132812500001748e-05,2.394,1.0640000000003056,0.00802
b21_C,_8235_,OAI211,0,0,4,1,18,3,2,-0.0005673046875001031,2.394,1.0640000000003056,0.00802
b21_C,_8236_,AOI211,0,1,4,1,20,2,1,8.222656249889937e-06,2.394,1.0640000000003056,0.00802
b21_C,_8237_,INV,0,1,1,0,21,1,0,-1.9648437500130456e-05,0.798,0.26600000000053114,0.00802
b21_C,_8238_,AOI22,0,0,4,1,18,4,3,-1.0566406249967741e-05,2.394,1.0640000000003056,0.00802
b21_C,_8239_,OAI21,0,0,3,1,21,3,2,0.0,1.862,0.7979999999997744,0.00802
b21_C,_8240_,AOI221,0,0,5,1,26,2,1,-2.9101562502020784e-06,2.926,1.3299999999999272,0.00802
b21_C,_8241_,OAI21,0,1,3,1,32,2,1,-3.109375000009962e-05,1.862,0.7979999999997744,0.00802
b21_C,_8242_,AOI21,0,0,3,1,31,2,1,-2.9374999999998153e-05,1.862,0.7979999999997744,0.00802
b21_C,_8243_,OAI21,0,1,3,0,33,1,0,-1.582031250002558e-06,1.862,0.7979999999997744,0.00802
b21_C,_8244_,NAND2,0,1,2,2,24,4,3,-2.539062500028777e-06,1.33,0.5320000000001528,0.00802
b21_C,_8245_,XOR2,0,0,2,2,20,4,3,1.640624999854623e-06,2.394,0.7979999999997744,0.00802
b21_C,_8246_,AOI21,0,1,3,1,25,3,2,-1.1718750014821921e-07,1.862,0.7979999999997744,0.00802
b21_C,_8247_,OAI21,0,1,3,1,26,2,1,-2.3339843750136424e-05,1.862,0.7979999999997744,0.00802
b21_C,_8248_,NAND2,0,0,2,1,3,4,3,0.0,1.33,0.5320000000001528,0.00801
b21_C,_8249_,OAI21,0,0,3,1,16,3,2,-7.63671875003702e-06,1.862,0.7979999999997744,0.00802
b21_C,_8250_,AOI221,0,0,5,1,18,2,1,-2.5761718750016982e-05,2.926,1.3299999999999272,0.00802
b21_C,_8251_,OAI211,0,1,4,0,27,1,0,-7.597656250135643e-06,2.394,1.0640000000003056,0.00802
b21_C,_8252_,NAND2,0,0,2,2,11,7,8,0.0,1.33,0.5320000000001528,0.00802
b21_C,_8253_,NAND2,0,0,2,3,9,7,44,-0.00016308593750014033,1.33,0.5320000000001528,0.00802
b21_C,_8254_,OAI21,0,0,3,2,12,6,6,0.0,1.862,0.7979999999997744,0.00802
b21_C,_8255_,NOR2,0,0,2,1,13,2,1,0.0,1.33,0.5320000000001528,0.00801
b21_C,_8256_,NOR2,0,0,2,2,13,9,30,-2.7539062500192557e-05,1.33,0.5320000000001528,0.00801
b21_C,_8257_,AOI211,0,0,4,8,27,8,28,-0.00022611328124999552,2.394,1.0640000000003056,0.00802
b21_C,_8258_,NAND2,0,0,2,2,13,9,42,-9.765624999769074e-07,1.33,0.5320000000001528,0.00801
b21_C,_8259_,AOI22,0,1,4,2,14,9,42,-5.869140625014424e-05,2.394,1.0640000000003056,0.00802
b21_C,_8260_,AND2,0,0,2,5,15,8,25,-5.039062500156177e-06,1.33,0.26599999999962165,0.00802
b21_C,_8261_,AND2,0,0,2,4,28,7,11,-1.9531250001758593e-06,1.33,0.26599999999962165,0.00802
b21_C,_8262_,NOR2,0,0,2,3,28,7,13,-4.199218750056133e-06,1.33,0.5320000000001528,0.00802
b21_C,_8263_,NOR2,0,0,2,2,26,9,29,-5.000000000032756e-06,1.33,0.5320000000001528,0.00802
b21_C,_8264_,OR2,0,0,2,1,25,11,100,-9.78515625000842e-05,1.33,0.26599999999962165,0.00802
b21_C,_8265_,BUF,0,0,1,9,26,10,99,0.0,1.064,0.26600000000053114,0.00802
b21_C,_8266_,NOR2,0,0,2,2,27,9,38,-6.699218749961489e-06,1.33,0.5320000000001528,0.00802
b21_C,_8267_,OR2,0,0,2,2,28,8,17,0.0,1.33,0.26599999999962165,0.00802
b21_C,_8268_,INV,0,0,1,2,29,7,14,0.0,0.798,0.26600000000053114,0.00802
b21_C,_8269_,NOR2,0,0,2,2,12,10,58,-2.923828125012129e-05,1.33,0.5320000000001528,0.00801
b21_C,_8270_,AOI21,0,1,3,2,25,10,58,-6.30078124999045e-05,1.862,0.7979999999997744,0.00802
b21_C,_8271_,NOR3,0,0,3,6,26,9,42,-0.00019757812500009742,1.862,0.7979999999997744,0.00802
b21_C,_8272_,XNOR2,0,0,2,2,27,8,15,-9.160156250187512e-06,2.66,1.0640000000003056,0.00802
b21_C,_8273_,XNOR2,0,0,2,3,27,8,19,-2.656250000176996e-06,2.66,1.0640000000003056,0.00802
b21_C,_8274_,AOI222,0,1,6,5,14,9,37,7.63671875003702e-06,3.724,1.5960000000004584,0.00802
b21_C,_8275_,OR2,0,0,2,2,13,10,43,-1.2207031250044409e-05,1.33,0.26599999999962165,0.00801
b21_C,_8276_,OAI211,0,3,4,9,26,9,40,3.0253906249999574e-05,2.394,1.0640000000003056,0.00802
b21_C,_8277_,XNOR2,0,0,2,1,27,8,8,-0.00014480468750011077,2.66,1.0640000000003056,0.00802
b21_C,_8278_,AND2,0,0,2,2,25,10,30,-1.4648437500763833e-06,1.33,0.26599999999962165,0.00802
b21_C,_8279_,NOR2,0,0,2,3,25,10,41,-3.3398437500054e-06,1.33,0.5320000000001528,0.00802
b21_C,_8280_,NOR2,0,0,2,3,26,9,18,0.0,1.33,0.5320000000001528,0.00802
b21_C,_8281_,NOR2,0,0,2,3,23,11,88,-4.90234375005727e-06,1.33,0.5320000000001528,0.00802
b21_C,_8282_,NOR2,0,0,2,5,16,13,141,-1.2109375000068923e-05,1.33,0.5320000000001528,0.00802
b21_C,_8283_,NOR2,0,0,2,2,23,11,89,-1.1718750014821921e-07,1.33,0.5320000000001528,0.00802
b21_C,_8284_,NOR2,0,0,2,3,24,10,21,0.0,1.33,0.5320000000001528,0.00802
b21_C,_8285_,NAND2,0,0,2,2,23,11,79,-8.203125000161293e-06,1.33,0.5320000000001528,0.00802
b21_C,_8286_,NAND2,0,0,2,3,23,11,78,0.0,1.33,0.5320000000001528,0.00802
b21_C,_8287_,AND2,0,0,2,4,24,10,20,0.0,1.33,0.26599999999962165,0.00802
b21_C,_8288_,NOR2,0,0,2,3,21,11,104,0.0,1.33,0.5320000000001528,0.00802
b21_C,_8289_,NAND3,0,0,3,5,20,14,122,-1.0156250000115108e-05,1.862,0.7979999999997744,0.00802
b21_C,_8290_,NOR2,0,0,2,2,21,12,105,-8.203125000161293e-06,1.33,0.5320000000001528,0.00802
b21_C,_8291_,NOR2,0,0,2,3,22,10,19,0.0,1.33,0.5320000000001528,0.00802
b21_C,_8292_,INV,0,0,1,6,17,13,119,-9.121093750064091e-06,0.798,0.26600000000053114,0.00802
b21_C,_8293_,XNOR2,0,0,2,3,22,11,20,2.832031249955236e-06,2.66,1.0640000000003056,0.00802
b21_C,_8294_,XNOR2,0,0,2,3,21,11,19,-1.0253906250090594e-05,2.66,1.0640000000003056,0.00802
b21_C,_8295_,INV,0,0,1,4,15,17,179,-2.6054687500165485e-05,0.798,0.26600000000053114,0.00802
b21_C,_8296_,OR2,0,0,2,1,11,18,315,0.0,1.33,0.26599999999962165,0.00802
b21_C,_8297_,OAI21,0,0,3,7,17,17,314,-0.0002133203125000982,1.862,0.7979999999997744,0.00802
b21_C,_8298_,NOR2,0,0,2,2,18,16,156,-2.066406250000874e-05,1.33,0.5320000000001528,0.00802
b21_C,_8299_,NOR2,0,0,2,3,18,15,155,-2.652343750009223e-05,1.33,0.5320000000001528,0.00802
b21_C,_8300_,NOR2,0,0,2,3,19,11,21,8.203124999273115e-07,1.33,0.5320000000001528,0.00802
b21_C,_8301_,XNOR2,0,0,2,3,20,12,25,-6.796874999936975e-06,2.66,1.0640000000003056,0.00802
b21_C,_8302_,NOR2,0,0,2,3,20,13,131,0.0,1.33,0.5320000000001528,0.00802
b21_C,_8303_,NOR2,0,0,2,2,20,14,132,-5.542968750016364e-05,1.33,0.5320000000001528,0.00802
b21_C,_8304_,OR2,0,0,2,3,21,12,22,0.0,1.33,0.26599999999962165,0.00802
b21_C,_8305_,MUX2,0,0,3,5,18,16,174,-3.3007812501040235e-06,2.394,0.5320000000001528,0.00802
b21_C,_8306_,XNOR2,0,0,2,3,19,13,23,-9.277343750113687e-06,2.66,1.0640000000003056,0.00802
b21_C,_8307_,XNOR2,0,0,2,3,16,13,21,-5.039062500156177e-06,2.66,1.0640000000003056,0.00802
b21_C,_8308_,XNOR2,0,0,2,3,18,14,22,-1.0429687500090878e-05,2.66,1.0640000000003056,0.00802
b21_C,_8309_,INV,0,0,1,3,12,22,224,0.0,0.798,0.26600000000053114,0.00802
b21_C,_8310_,XNOR2,0,0,2,3,15,14,24,-9.74609375004043e-06,2.66,1.0640000000003056,0.00802
b21_C,_8311_,XNOR2,0,0,2,3,16,15,24,-9.355468750138485e-06,2.66,1.0640000000003056,0.00802
b21_C,_8312_,INV,0,0,1,4,10,25,328,-6.621093749936691e-06,0.798,0.26600000000053114,0.00802
b21_C,_8313_,XNOR2,0,2,2,3,12,16,24,1.582031250002558e-05,2.66,1.0640000000003056,0.00802
b21_C,_8314_,XNOR2,0,0,2,4,12,16,23,-3.0781250000000426e-05,2.66,1.0640000000003056,0.00802
b21_C,_8315_,NOR2,0,0,2,1,13,15,15,-1.6679687500076312e-05,1.33,0.5320000000001528,0.00802
b21_C,_8316_,XNOR2,0,0,2,3,16,16,26,-5.449218750008811e-06,2.66,1.0640000000003056,0.00802
b21_C,_8317_,XNOR2,0,0,2,3,14,16,25,-1.5429687500123634e-05,2.66,1.0640000000003056,0.00802
b21_C,_8318_,MUX2,0,0,3,6,10,24,379,-2.5800781250140403e-05,2.394,0.5320000000001528,0.00802
b21_C,_8319_,NOR2,0,0,2,2,14,23,278,-9.902343750090026e-06,1.33,0.5320000000001528,0.00802
b21_C,_8320_,NOR2,0,0,2,3,14,22,277,-3.8281249998828315e-06,1.33,0.5320000000001528,0.00802
b21_C,_8321_,NOR2,0,0,2,3,15,17,29,5.507812499860876e-06,1.33,0.5320000000001528,0.00802
b21_C,_8322_,NAND2,0,0,2,2,14,21,217,-1.3710937500022169e-05,1.33,0.5320000000001528,0.00802
b21_C,_8323_,OR2,0,0,2,3,14,20,216,-6.113281250108571e-06,1.33,0.26599999999962165,0.00802
b21_C,_8324_,NAND2,0,0,2,3,15,17,26,6.835937498284039e-07,1.33,0.5320000000001528,0.00802
b21_C,_8325_,XNOR2,0,0,2,3,15,17,29,-7.67578125016044e-06,2.66,1.0640000000003056,0.00802
b21_C,_8326_,OR3,0,0,3,1,16,16,16,-2.9687500000541434e-06,1.596,0.26600000000053114,0.00802
b21_C,_8327_,NOR3,0,0,3,1,17,15,15,-1.2304687500019895e-06,1.862,0.7979999999997744,0.00802
b21_C,_8328_,XNOR2,0,0,2,3,17,16,25,-1.2968750000119655e-05,2.66,1.0640000000003056,0.00802
b21_C,_8329_,XNOR2,0,0,2,3,15,16,25,-1.007812500009031e-05,2.66,1.0640000000003056,0.00802
b21_C,_8330_,XNOR2,0,3,2,4,14,16,26,-0.00012085937500017074,2.66,1.0640000000003056,0.00802
b21_C,_8331_,XNOR2,0,0,2,3,12,16,26,0.0,2.66,1.0640000000003056,0.00802
b21_C,_8332_,NOR4,0,0,4,1,18,15,15,-2.7304687500118163e-05,2.394,1.0640000000003056,0.00802
b21_C,_8333_,NAND4,0,0,4,1,19,14,14,-4.296875000253664e-07,2.394,1.0640000000003056,0.00802
b21_C,_8334_,NOR3,0,0,3,1,20,13,13,0.0,1.862,0.7979999999997744,0.00802
b21_C,_8335_,NAND3,0,0,3,1,21,12,12,-5.859375000749623e-07,1.862,0.7979999999997744,0.00802
b21_C,_8336_,NOR3,0,0,3,1,22,11,11,0.0,1.862,0.7979999999997744,0.00802
b21_C,_8337_,AND4,0,0,4,1,23,10,10,-2.773437500103171e-06,1.862,0.26600000000053114,0.00802
b21_C,_8338_,NAND4,0,0,4,1,25,9,9,0.0,2.394,1.0640000000003056,0.00802
b21_C,_8339_,NOR2,0,0,2,2,24,11,32,-9.394531250039861e-06,1.33,0.5320000000001528,0.00802
b21_C,_8340_,AND2,0,0,2,7,17,12,98,-5.1367187501316636e-06,1.33,0.26599999999962165,0.00802
b21_C,_8341_,NOR2,0,0,2,4,24,11,62,-2.1289062501761435e-06,1.33,0.5320000000001528,0.00802
b21_C,_8342_,OR2,0,0,2,3,25,10,20,-1.7578125000028422e-07,1.33,0.26599999999962165,0.00802
b21_C,_8343_,NAND2,0,0,2,1,14,13,91,-4.494140624999865e-05,1.33,0.5320000000001528,0.00801
b21_C,_8344_,OAI211,0,1,4,5,16,12,90,3.9062499999076294e-06,2.394,1.0640000000003056,0.00802
b21_C,_8345_,NAND2,0,0,2,2,24,11,73,-1.0664062500165272e-05,1.33,0.5320000000001528,0.00802
b21_C,_8346_,NAND2,0,0,2,4,24,11,72,0.0,1.33,0.5320000000001528,0.00802
b21_C,_8347_,NAND2,0,0,2,3,25,10,19,0.0,1.33,0.5320000000001528,0.00802
b21_C,_8348_,NAND2,0,0,2,1,26,9,9,0.0,1.33,0.5320000000001528,0.00802
b21_C,_8349_,NOR3,0,0,3,1,27,8,8,0.0,1.862,0.7979999999997744,0.00802
b21_C,_8350_,NAND4,0,0,4,1,28,7,7,-3.281250000153335e-06,2.394,1.0640000000003056,0.00802
b21_C,_8351_,NOR4,0,0,4,2,30,6,6,0.0,2.394,1.0640000000003056,0.00802
b21_C,_8352_,NOR4,0,0,4,1,31,5,4,-1.1718750014821921e-07,2.394,1.0640000000003056,0.00802
b21_C,_8353_,OAI21,0,0,3,1,13,5,4,-1.0781250000091447e-05,1.862,0.7979999999997744,0.00802
b21_C,_8354_,AOI21,0,0,3,1,32,4,3,0.0,1.862,0.7979999999997744,0.00802
b21_C,_8355_,NAND2,0,0,2,1,31,4,3,-1.7578125000028422e-07,1.33,0.5320000000001528,0.00801
b21_C,_8356_,NAND2,0,0,2,3,8,8,115,0.0,1.33,0.5320000000001528,0.00802
b21_C,_8357_,NAND2,0,0,2,2,8,26,198,0.0,1.33,0.5320000000001528,0.00802
b21_C,_8358_,NOR2,0,0,2,8,9,25,117,-1.5625000004959588e-07,1.33,0.5320000000001528,0.00802
b21_C,_8359_,BUF,0,0,1,10,10,23,94,0.0,1.064,0.26600000000053114,0.00801
b21_C,_8360_,CLKBUF,0,0,1,10,11,17,64,0.0,1.064,0.26600000000053114,0.00801
b21_C,_8361_,CLKBUF,0,0,1,10,12,13,36,0.0,1.064,0.26600000000053114,0.00801
b21_C,_8362_,AND2,0,0,2,2,28,7,6,-1.9531250001758593e-06,1.33,0.26599999999962165,0.00802
b21_C,_8363_,NOR2,0,0,2,3,7,28,165,0.0,1.33,0.5320000000001528,0.00802
b21_C,_8364_,NOR2,0,0,2,3,8,27,156,-1.6953125000052083e-05,1.33,0.5320000000001528,0.00802
b21_C,_8365_,OAI21,0,0,3,2,8,27,155,0.0,1.862,0.7979999999997744,0.00802
b21_C,_8366_,NOR2,0,0,2,2,9,26,105,0.0,1.33,0.5320000000001528,0.00802
b21_C,_8367_,BUF,0,0,1,10,10,25,101,0.0,1.064,0.26600000000053114,0.00802
b21_C,_8368_,CLKBUF,0,0,1,10,11,18,64,0.0,1.064,0.26600000000053114,0.00801
b21_C,_8369_,CLKBUF,0,0,1,10,12,13,37,0.0,1.064,0.26600000000053114,0.00801
b21_C,_8370_,NOR2,0,0,2,2,16,7,6,0.0,1.33,0.5320000000001528,0.00802
b21_C,_8371_,NAND2,0,0,2,2,8,26,103,-1.1718750014821921e-07,1.33,0.5320000000001528,0.00802
b21_C,_8372_,BUF,0,0,1,10,9,25,99,0.0,1.064,0.26600000000053114,0.00801
b21_C,_8373_,CLKBUF,0,0,1,10,10,19,65,0.0,1.064,0.26600000000053114,0.00801
b21_C,_8375_,NOR2,0,0,2,2,16,6,6,0.0,1.33,0.5320000000001528,0.00802
b21_C,_8374_,CLKBUF,0,0,1,10,11,13,37,0.0,1.064,0.26600000000053114,0.00801
b21_C,_8376_,OR2,0,0,2,1,9,26,118,0.0,1.33,0.26599999999962165,0.00802
b21_C,_8377_,BUF,0,0,1,9,10,25,117,0.0,1.064,0.26600000000053114,0.00802
b21_C,_8378_,BUF,0,0,1,10,11,23,92,0.0,1.064,0.26600000000053114,0.00802
b21_C,_8379_,BUF,0,0,1,10,12,20,65,0.0,1.064,0.26600000000053114,0.00802
b21_C,_8380_,CLKBUF,0,0,1,10,13,13,33,0.0,1.064,0.26600000000053114,0.00801
b21_C,_8381_,AOI21,0,0,3,1,28,5,4,-5.078125000057554e-06,1.862,0.7979999999997744,0.00802
b21_C,_8382_,NOR2,0,0,2,1,29,6,5,0.0,1.33,0.5320000000001528,0.00802
b21_C,_8383_,AOI211,0,0,4,1,30,5,4,-4.023437500055849e-06,2.394,1.0640000000003056,0.00802
b21_C,_8384_,OAI22,0,0,4,2,27,7,7,-0.00010476562499994735,2.394,1.0640000000003056,0.00802
b21_C,_8386_,INV,0,1,1,4,15,8,16,-2.5195312500780886e-06,0.798,0.26600000000053114,0.00802
b21_C,_8385_,INV,0,3,1,2,27,8,16,-2.8183593750119584e-05,0.798,0.26600000000053114,0.00802
b21_C,_8387_,AOI22,0,0,4,2,28,7,7,-4.42578124999482e-05,2.394,1.0640000000003056,0.00802
b21_C,_8388_,AND2,0,0,2,1,29,5,4,0.0,1.33,0.26599999999962165,0.00802
b21_C,_8389_,AOI221,0,0,5,2,27,7,7,-1.9296875000129887e-05,2.926,1.3299999999999272,0.00802
b21_C,_8390_,AOI22,0,0,4,1,20,8,8,-2.6542968750042917e-05,2.394,1.0640000000003056,0.00802
b21_C,_8391_,NOR2,0,1,2,2,26,9,26,-1.2773437500168683e-05,1.33,0.5320000000001528,0.00802
b21_C,_8392_,NAND2,0,0,2,5,27,8,24,-7.851562500160725e-06,1.33,0.5320000000001528,0.00802
b21_C,_8393_,OAI21,0,0,3,2,28,7,7,0.0,1.862,0.7979999999997744,0.00802
b21_C,_8394_,OAI22,0,0,4,1,29,6,5,0.0,2.394,1.0640000000003056,0.00802
b21_C,_8395_,NAND2,0,0,2,1,20,10,9,-8.164062500037872e-06,1.33,0.5320000000001528,0.00802
b21_C,_8396_,OAI21,0,0,3,2,26,9,8,0.0,1.862,0.7979999999997744,0.00802
b21_C,_8397_,AOI21,0,0,3,1,20,9,9,-1.7558593750077733e-05,1.862,0.7979999999997744,0.00802
b21_C,_8398_,OAI21,0,0,3,2,26,8,8,0.0,1.862,0.7979999999997744,0.00802
b21_C,_8399_,OAI21,0,0,3,1,27,7,6,0.0,1.862,0.7979999999997744,0.00802
b21_C,_8400_,OAI222,0,0,6,2,27,9,9,-5.957031250058975e-06,3.724,1.5960000000004584,0.00802
b21_C,_8401_,AOI221,0,0,5,2,26,9,9,-1.5507812500148432e-05,2.926,1.3299999999999272,0.00802
b21_C,_8402_,OAI222,0,0,6,2,25,9,10,-8.945312500063807e-06,3.724,1.5960000000004584,0.00802
b21_C,_8403_,INV,0,0,1,6,25,10,49,-3.0664062500296296e-06,0.798,0.26600000000053114,0.00802
b21_C,_8404_,NAND4,0,1,4,4,19,10,17,4.433593749908482e-06,2.394,1.0640000000003056,0.00802
b21_C,_8405_,AOI221,0,0,5,2,26,9,10,-2.037109375008228e-05,2.926,1.3299999999999272,0.00802
b21_C,_8406_,OAI22,0,0,4,1,28,8,7,0.0,2.394,1.0640000000003056,0.00802
b21_C,_8407_,AOI222,0,0,6,2,24,10,11,-2.806640625019341e-05,3.724,1.5960000000004584,0.00802
b21_C,_8408_,OAI221,0,0,5,2,24,10,11,-2.9296875001527667e-06,2.926,1.3299999999999272,0.00802
b21_C,_8409_,NOR2,0,0,2,1,25,9,8,0.0,1.33,0.5320000000001528,0.00802
b21_C,_8410_,AOI21,0,0,3,1,28,8,7,0.0,1.862,0.7979999999997744,0.00802
b21_C,_8411_,OAI221,0,0,5,2,24,10,10,0.0,2.926,1.3299999999999272,0.00802
b21_C,_8412_,AOI222,0,0,6,2,24,10,10,-2.9042968750170317e-05,3.724,1.5960000000004584,0.00802
b21_C,_8413_,AOI22,0,0,4,1,25,9,8,0.0,2.394,1.0640000000003056,0.00802
b21_C,_8414_,OAI221,0,0,5,2,23,12,11,0.0,2.926,1.3299999999999272,0.00802
b21_C,_8415_,AOI222,0,0,6,2,23,12,11,-2.2929687500061746e-05,3.724,1.5960000000004584,0.00802
b21_C,_8416_,NOR2,0,0,2,1,24,11,10,0.0,1.33,0.5320000000001528,0.00802
b21_C,_8417_,OAI221,0,0,5,2,23,12,13,0.0,2.926,1.3299999999999272,0.00802
b21_C,_8418_,AOI222,0,0,6,2,23,12,13,-2.3417968750161222e-05,3.724,1.5960000000004584,0.00802
b21_C,_8419_,NOR2,0,0,2,1,24,11,10,0.0,1.33,0.5320000000001528,0.00802
b21_C,_8420_,NOR2,0,0,2,1,25,10,9,0.0,1.33,0.5320000000001528,0.00802
b21_C,_8421_,OAI221,0,0,5,2,22,12,12,-3.906250012342127e-08,2.926,1.3299999999999272,0.00802
b21_C,_8422_,NOR2,0,0,2,1,22,13,13,-3.906250012342127e-08,1.33,0.5320000000001528,0.00802
b21_C,_8423_,AOI221,0,0,5,2,23,12,12,-2.1855468750109353e-05,2.926,1.3299999999999272,0.00802
b21_C,_8424_,AOI22,0,0,4,1,24,11,10,0.0,2.394,1.0640000000003056,0.00802
b21_C,_8425_,AOI221,0,0,5,2,21,13,14,-1.458984375002359e-05,2.926,1.3299999999999272,0.00802
b21_C,_8426_,OAI22,0,0,4,2,21,13,14,-3.906250000129674e-06,2.394,1.0640000000003056,0.00802
b21_C,_8428_,OAI21,0,0,3,1,22,12,11,0.0,1.862,0.7979999999997744,0.00802
b21_C,_8427_,NOR2,0,0,2,2,16,13,14,0.0,1.33,0.5320000000001528,0.00802
b21_C,_8429_,OAI21,0,0,3,1,24,11,10,0.0,1.862,0.7979999999997744,0.00802
b21_C,_8430_,NOR3,0,0,3,1,22,12,11,0.0,1.862,0.7979999999997744,0.00802
b21_C,_8431_,AOI222,0,0,6,2,21,14,15,-2.351562500013671e-05,3.724,1.5960000000004584,0.00802
b21_C,_8432_,OAI221,0,0,5,2,20,14,15,-3.5156250000056843e-06,2.926,1.3299999999999272,0.00802
b21_C,_8433_,NOR2,0,0,2,1,22,13,12,0.0,1.33,0.5320000000001528,0.00802
b21_C,_8434_,INV,0,0,1,1,23,12,11,0.0,0.798,0.26600000000053114,0.00802
b21_C,_8435_,AOI222,0,0,6,2,20,14,14,-2.3300781250013003e-05,3.724,1.5960000000004584,0.00802
b21_C,_8436_,OAI221,0,0,5,2,20,14,14,-3.5156250000056843e-07,2.926,1.3299999999999272,0.00802
b21_C,_8437_,AOI22,0,0,4,1,22,13,12,0.0,2.394,1.0640000000003056,0.00802
b21_C,_8438_,AOI222,0,0,6,2,20,14,14,-2.7304687500118163e-05,3.724,1.5960000000004584,0.00802
b21_C,_8439_,OAI221,0,0,5,2,20,14,14,-4.955078125012946e-05,2.926,1.3299999999999272,0.00802
b21_C,_8440_,OAI22,0,0,4,1,21,13,12,0.0,2.394,1.0640000000003056,0.00802
b21_C,_8441_,AND2,0,0,2,2,15,15,15,-4.121093750031335e-06,1.33,0.26599999999962165,0.00801
b21_C,_8442_,OAI22,0,0,4,2,19,15,15,-1.8750000001510614e-06,2.394,1.0640000000003056,0.00802
b21_C,_8443_,AOI22,0,0,4,2,19,15,15,-1.0117187499991687e-05,2.394,1.0640000000003056,0.00802
b21_C,_8444_,AOI211,0,0,4,1,20,14,13,0.0,2.394,1.0640000000003056,0.00802
b21_C,_8445_,OAI211,0,0,4,1,20,14,13,0.0,2.394,1.0640000000003056,0.00802
b21_C,_8446_,OAI222,0,0,6,2,18,17,16,-6.73828125008491e-06,3.724,1.5960000000004584,0.00802
b21_C,_8447_,AOI221,0,0,5,2,18,17,16,-2.0390625000255014e-05,2.926,1.3299999999999272,0.00802
b21_C,_8448_,AOI21,0,0,3,1,16,19,18,-1.6347656250026432e-05,1.862,0.7979999999997744,0.00802
b21_C,_8450_,MUX2,0,0,3,5,16,19,187,-8.560546875013841e-05,2.394,0.5320000000001528,0.00802
b21_C,_8449_,OAI21,0,0,3,2,17,18,17,-2.4023437499298694e-06,1.862,0.7979999999997744,0.00802
b21_C,_8451_,AOI222,0,0,6,2,17,18,17,-2.2128906250085123e-05,3.724,1.5960000000004584,0.00802
b21_C,_8452_,OAI221,0,0,5,2,18,16,16,-3.189453125007624e-05,2.926,1.3299999999999272,0.00802
b21_C,_8453_,AOI222,0,0,6,2,18,16,16,-1.6621093750002203e-05,3.724,1.5960000000004584,0.00802
b21_C,_8454_,OR2,0,0,2,1,10,20,246,0.0,1.33,0.26599999999962165,0.00802
b21_C,_8455_,OAI21,0,0,3,4,15,19,245,-0.00040337890625008477,1.862,0.7979999999997744,0.00802
b21_C,_8456_,OAI221,0,0,5,2,16,18,19,0.0,2.926,1.3299999999999272,0.00802
b21_C,_8457_,AOI222,0,0,6,2,16,18,19,-2.042968750015639e-05,3.724,1.5960000000004584,0.00802
b21_C,_8458_,OAI22,0,0,4,1,18,17,16,0.0,2.394,1.0640000000003056,0.00802
b21_C,_8459_,INV,0,0,1,1,19,16,15,0.0,0.798,0.26600000000053114,0.00802
b21_C,_8461_,AOI222,0,0,6,2,16,18,18,-2.589843750011589e-05,3.724,1.5960000000004584,0.00802
b21_C,_8460_,OAI221,0,0,5,2,16,18,18,-6.289062500108855e-06,2.926,1.3299999999999272,0.00802
b21_C,_8462_,AOI22,0,0,4,1,17,17,16,0.0,2.394,1.0640000000003056,0.00802
b21_C,_8463_,AOI21,0,0,3,1,15,21,21,-1.6660156250125624e-05,1.862,0.7979999999997744,0.00802
b21_C,_8464_,OAI21,0,0,3,2,16,20,20,0.0,1.862,0.7979999999997744,0.00802
b21_C,_8465_,AOI222,0,0,6,2,16,20,20,-2.220703125010992e-05,3.724,1.5960000000004584,0.00802
b21_C,_8466_,OAI22,0,0,4,1,17,17,16,0.0,2.394,1.0640000000003056,0.00802
b21_C,_8467_,AOI222,0,0,6,2,15,20,22,-2.2871093749987637e-05,3.724,1.5960000000004584,0.00802
b21_C,_8468_,OAI221,0,0,5,2,15,20,22,0.0,2.926,1.3299999999999272,0.00802
b21_C,_8469_,NOR2,0,0,2,2,16,19,19,0.0,1.33,0.5320000000001528,0.00802
b21_C,_8470_,AOI221,0,0,5,2,14,19,19,-1.820312500000476e-05,2.926,1.3299999999999272,0.00802
b21_C,_8471_,OAI222,0,0,6,2,14,19,19,-4.023437500055849e-06,3.724,1.5960000000004584,0.00802
b21_C,_8472_,NOR3,0,0,3,1,17,18,17,0.0,1.862,0.7979999999997744,0.00802
b21_C,_8473_,AOI22,0,0,4,1,17,19,18,0.0,2.394,1.0640000000003056,0.00802
b21_C,_8474_,INV,0,0,1,1,18,18,17,0.0,0.798,0.26600000000053114,0.00802
b21_C,_8475_,AOI22,0,0,4,1,15,22,21,-3.4511718750129816e-05,2.394,1.0640000000003056,0.00802
b21_C,_8476_,OAI21,0,0,3,2,16,21,20,0.0,1.862,0.7979999999997744,0.00802
b21_C,_8477_,OAI21,0,0,3,1,14,22,21,0.0,1.862,0.7979999999997744,0.00802
b21_C,_8478_,AOI21,0,0,3,2,15,21,20,-1.5097656250073754e-05,1.862,0.7979999999997744,0.00802
b21_C,_8479_,OAI221,0,0,5,2,15,22,23,-0.0006889453125000777,2.926,1.3299999999999272,0.00802
b21_C,_8480_,AOI22,0,0,4,2,15,22,23,-6.328125000010232e-06,2.394,1.0640000000003056,0.00802
b21_C,_8481_,OAI211,0,0,4,1,16,21,20,0.0,2.394,1.0640000000003056,0.00802
b21_C,_8482_,AOI221,0,0,5,2,15,21,22,-3.0156250000024087e-05,2.926,1.3299999999999272,0.00802
b21_C,_8483_,AOI22,0,0,4,1,15,22,23,-8.769531250063523e-06,2.394,1.0640000000003056,0.00802
b21_C,_8484_,OAI21,0,0,3,2,16,21,22,-0.000586855468750036,1.862,0.7979999999997744,0.00802
b21_C,_8485_,OAI21,0,0,3,1,17,20,19,0.0,1.862,0.7979999999997744,0.00802
b21_C,_8486_,NOR2,0,0,2,1,16,21,20,0.0,1.33,0.5320000000001528,0.00802
b21_C,_8487_,OAI22,0,0,4,2,14,23,23,-3.945312500031051e-06,2.394,1.0640000000003056,0.00802
b21_C,_8488_,AOI221,0,0,5,2,14,23,23,-3.099609375012413e-05,2.926,1.3299999999999272,0.00802
b21_C,_8489_,AOI21,0,0,3,1,17,20,19,0.0,1.862,0.7979999999997744,0.00802
b21_C,_8490_,AOI211,0,0,4,1,15,22,21,-0.00016359374999996845,2.394,1.0640000000003056,0.00802
b21_C,_8491_,AOI21,0,0,3,1,14,23,23,-0.00014589843750001386,1.862,0.7979999999997744,0.00802
b21_C,_8492_,OAI21,0,0,3,2,15,22,22,-2.3437500000778044e-06,1.862,0.7979999999997744,0.00802
b21_C,_8493_,AOI222,0,0,6,2,14,22,22,-0.00019037109375008576,3.724,1.5960000000004584,0.00802
b21_C,_8494_,AOI21,0,0,3,1,16,21,20,0.0,1.862,0.7979999999997744,0.00802
b21_C,_8495_,AOI221,0,0,5,2,13,23,23,-3.087890624997591e-05,2.926,1.3299999999999272,0.00802
b21_C,_8496_,INV,0,0,1,5,10,25,381,0.0,0.798,0.26600000000053114,0.00802
b21_C,_8497_,OAI22,0,0,4,2,12,23,23,0.0,2.394,1.0640000000003056,0.00802
b21_C,_8498_,AOI211,0,0,4,1,14,22,21,-3.830078125011127e-05,2.394,1.0640000000003056,0.00802
b21_C,_8499_,OAI221,0,0,5,2,12,24,25,-0.0008243749999998773,2.926,1.3299999999999272,0.00802
b21_C,_8500_,AOI22,0,0,4,2,12,24,25,-2.638671874999332e-05,2.394,1.0640000000003056,0.00802
b21_C,_8501_,OAI211,0,0,4,1,13,23,22,-1.2871093750144169e-05,2.394,1.0640000000003056,0.00802
b21_C,_8502_,NAND2,0,0,2,2,9,24,24,-1.1718750014821921e-07,1.33,0.5320000000001528,0.00802
b21_C,_8503_,AOI22,0,0,4,2,12,24,24,-3.763671875001151e-05,2.394,1.0640000000003056,0.00802
b21_C,_8504_,OAI21,0,0,3,1,13,23,22,-9.41406249999055e-06,1.862,0.7979999999997744,0.00802
b21_C,_8505_,OAI22,0,0,4,1,12,24,23,-1.574218750000078e-05,2.394,1.0640000000003056,0.00802
b21_C,_8506_,OAI21,0,0,3,1,13,23,22,0.0,1.862,0.7979999999997744,0.00802
b21_C,_8507_,NAND3,0,0,3,1,14,22,21,0.0,1.862,0.7979999999997744,0.00802
b21_C,_8508_,NOR2,0,0,2,1,13,23,22,0.0,1.33,0.5320000000001528,0.00802
b21_C,_8509_,AOI21,0,0,3,1,14,22,21,0.0,1.862,0.7979999999997744,0.00802
b21_C,_8510_,AOI21,0,0,3,1,15,21,20,0.0,1.862,0.7979999999997744,0.00802
b21_C,_8511_,NOR2,0,0,2,1,16,21,20,0.0,1.33,0.5320000000001528,0.00802
b21_C,_8512_,OAI21,0,0,3,1,17,20,19,0.0,1.862,0.7979999999997744,0.00802
b21_C,_8513_,AOI21,0,0,3,1,18,19,18,0.0,1.862,0.7979999999997744,0.00802
b21_C,_8514_,NAND2,0,0,2,1,17,20,19,0.0,1.33,0.5320000000001528,0.00802
b21_C,_8515_,NAND2,0,0,2,1,17,20,19,0.0,1.33,0.5320000000001528,0.00802
b21_C,_8516_,NAND2,0,0,2,1,18,19,18,0.0,1.33,0.5320000000001528,0.00802
b21_C,_8517_,OAI22,0,0,4,1,19,18,17,0.0,2.394,1.0640000000003056,0.00802
b21_C,_8518_,AOI21,0,0,3,1,17,18,17,0.0,1.862,0.7979999999997744,0.00802
b21_C,_8519_,AOI211,0,0,4,1,20,17,16,0.0,2.394,1.0640000000003056,0.00802
b21_C,_8520_,OAI21,0,0,3,1,21,16,15,0.0,1.862,0.7979999999997744,0.00802
b21_C,_8521_,AOI222,0,0,6,1,22,15,14,0.0,3.724,1.5960000000004584,0.00802
b21_C,_8522_,NAND2,0,0,2,1,19,16,15,0.0,1.33,0.5320000000001528,0.00802
b21_C,_8523_,OAI21,0,0,3,1,20,15,14,0.0,1.862,0.7979999999997744,0.00802
b21_C,_8524_,OAI22,0,0,4,1,23,14,13,0.0,2.394,1.0640000000003056,0.00802
b21_C,_8525_,AOI221,0,0,5,1,24,13,12,0.0,2.926,1.3299999999999272,0.00802
b21_C,_8526_,OAI21,0,0,3,1,25,12,11,0.0,1.862,0.7979999999997744,0.00802
b21_C,_8527_,AOI21,0,0,3,1,26,11,10,0.0,1.862,0.7979999999997744,0.00802
b21_C,_8528_,OAI21,0,0,3,1,27,10,9,0.0,1.862,0.7979999999997744,0.00802
b21_C,_8529_,AOI22,0,0,4,1,28,9,8,0.0,2.394,1.0640000000003056,0.00802
b21_C,_8530_,NOR2,0,0,2,1,25,9,8,0.0,1.33,0.5320000000001528,0.00802
b21_C,_8531_,OAI21,0,0,3,1,29,8,7,0.0,1.862,0.7979999999997744,0.00802
b21_C,_8532_,AOI21,0,0,3,1,30,7,6,0.0,1.862,0.7979999999997744,0.00802
b21_C,_8533_,NAND2,0,0,2,1,27,8,7,0.0,1.33,0.5320000000001528,0.00802
b21_C,_8534_,AOI21,0,0,3,1,27,8,7,-1.982421875013074e-05,1.862,0.7979999999997744,0.00802
b21_C,_8535_,OAI21,0,0,3,1,28,7,6,0.0,1.862,0.7979999999997744,0.00802
b21_C,_8536_,OAI22,0,0,4,1,31,6,5,0.0,2.394,1.0640000000003056,0.00802
b21_C,_8537_,NAND2,0,0,2,1,29,6,5,0.0,1.33,0.5320000000001528,0.00802
b21_C,_8538_,AOI21,0,0,3,1,32,5,4,0.0,1.862,0.7979999999997744,0.00802
b21_C,_8540_,NOR2,0,0,2,2,8,7,54,0.0,1.33,0.5320000000001528,0.00802
b21_C,_8541_,OR3,0,0,3,1,9,4,3,-3.906250012342127e-08,1.596,0.26600000000053114,0.00802
b21_C,_8542_,OAI221,0,0,5,1,34,3,2,0.0,2.926,1.3299999999999272,0.00802
b21_C,_8543_,AOI211,0,0,4,1,8,3,2,-1.1718750014821921e-07,2.394,1.0640000000003056,0.00802
b21_C,_8544_,NAND2,0,0,2,2,28,5,8,-7.63671875003702e-06,1.33,0.5320000000001528,0.00802
b21_C,_8545_,NAND2,0,1,2,3,15,6,20,9.765624999769074e-07,1.33,0.5320000000001528,0.00802
b21_C,_8546_,OAI211,0,0,4,1,27,5,6,-9.23046875000999e-05,2.394,1.0640000000003056,0.00802
b21_C,_8547_,AND2,0,0,2,1,26,6,16,-4.355468750105729e-06,1.33,0.26599999999962165,0.00802
b21_C,_8548_,NOR2,0,0,2,2,26,6,24,0.0,1.33,0.5320000000001528,0.00802
b21_C,_8549_,NOR2,0,0,2,2,27,7,34,-5.000000000032756e-06,1.33,0.5320000000001528,0.00802
b21_C,_8550_,OAI21,0,1,3,2,23,8,43,-1.2890624999872813e-05,1.862,0.7979999999997744,0.00802
b21_C,_8551_,NOR2,0,0,2,1,24,8,42,-1.1718750014821921e-07,1.33,0.5320000000001528,0.00802
b21_C,_8552_,NOR2,0,0,2,2,24,8,49,-5.859375007410961e-08,1.33,0.5320000000001528,0.00802
b21_C,_8553_,NAND2,0,0,2,1,24,9,50,-5.859375007410961e-08,1.33,0.5320000000001528,0.00802
b21_C,_8554_,INV,0,0,1,2,24,10,68,0.0,0.798,0.26600000000053114,0.00802
b21_C,_8555_,OAI21,0,1,3,2,20,11,80,-2.427734374998991e-05,1.862,0.7979999999997744,0.00802
b21_C,_8556_,NAND2,0,0,2,1,21,12,80,-9.433593750163283e-06,1.33,0.5320000000001528,0.00802
b21_C,_8557_,INV,0,0,1,1,22,11,79,0.0,0.798,0.26600000000053114,0.00802
b21_C,_8558_,INV,0,0,1,5,21,13,152,-1.1718750014821921e-07,0.798,0.26600000000053114,0.00802
b21_C,_8559_,NOR2,0,0,2,2,22,12,94,-9.296875000064375e-06,1.33,0.5320000000001528,0.00802
b21_C,_8560_,NOR2,0,0,2,1,20,13,101,0.0,1.33,0.5320000000001528,0.00802
b21_C,_8561_,NOR2,0,0,2,2,19,14,119,-1.064453124999254e-05,1.33,0.5320000000001528,0.00802
b21_C,_8562_,NOR2,0,0,2,1,18,15,128,-5.859375007410961e-08,1.33,0.5320000000001528,0.00802
b21_C,_8563_,NOR2,0,0,2,2,17,16,144,-1.1132812500092015e-05,1.33,0.5320000000001528,0.00802
b21_C,_8564_,NOR2,0,0,2,1,16,17,151,-1.7578125000028422e-07,1.33,0.5320000000001528,0.00802
b21_C,_8565_,NOR2,0,0,2,2,16,17,159,0.0,1.33,0.5320000000001528,0.00802
b21_C,_8566_,NOR2,0,0,2,2,15,18,167,-8.828125000137632e-06,1.33,0.5320000000001528,0.00802
b21_C,_8567_,NOR2,0,0,2,1,15,19,174,0.0,1.33,0.5320000000001528,0.00802
b21_C,_8568_,NOR2,0,0,2,2,14,19,183,0.0,1.33,0.5320000000001528,0.00802
b21_C,_8569_,NAND2,0,0,2,1,14,20,184,0.0,1.33,0.5320000000001528,0.00802
b21_C,_8570_,NAND2,0,0,2,2,14,21,199,-8.105468749963762e-06,1.33,0.5320000000001528,0.00802
b21_C,_8571_,NOR2,0,0,2,1,15,22,209,-0.0006618359375001326,1.33,0.5320000000001528,0.00802
b21_C,_8572_,NOR2,0,0,2,2,14,22,216,0.0,1.33,0.5320000000001528,0.00802
b21_C,_8573_,NOR2,0,0,2,2,13,23,228,-0.00024919921875010687,1.33,0.5320000000001528,0.00802
b21_C,_8574_,NOR2,0,0,2,1,12,24,236,0.0,1.33,0.5320000000001528,0.00802
b21_C,_8575_,NOR2,0,0,2,2,12,24,244,-0.0007986914062501071,1.33,0.5320000000001528,0.00802
b21_C,_8576_,AOI22,1,26,4,2,12,24,244,-0.0005023828125001462,2.394,1.0640000000003056,0.00802
b21_C,_8578_,NAND2,0,0,2,2,13,23,228,-0.00027095703125024073,1.33,0.5320000000001528,0.00802
b21_C,_8579_,AOI221,1,26,5,2,14,22,216,-0.00043796875000001734,2.926,1.3299999999999272,0.00802
b21_C,_8581_,NOR2,0,0,2,2,14,21,199,-8.8085937499649e-06,1.33,0.5320000000001528,0.00802
b21_C,_8582_,OAI211,1,20,4,2,17,20,191,-0.0003536132812502757,2.394,1.0640000000003056,0.00802
b21_C,_8583_,AND3,1,17,3,2,18,19,183,-2.1503906250108784e-05,1.596,0.26600000000053114,0.00802
b21_C,_8585_,NAND2,0,0,2,2,15,18,167,-8.125000000136495e-06,1.33,0.5320000000001528,0.00802
b21_C,_8586_,AOI221,1,14,5,2,20,17,159,-0.00037560546875003986,2.926,1.3299999999999272,0.00802
b21_C,_8588_,NAND2,0,0,2,2,17,16,144,-1.0546875000017053e-05,1.33,0.5320000000001528,0.00802
b21_C,_8589_,AOI211,1,10,4,2,22,15,135,-0.00013597656249997314,2.394,1.0640000000003056,0.00802
b21_C,_8591_,NAND2,0,0,2,2,19,14,119,-1.0058593749917577e-05,1.33,0.5320000000001528,0.00802
b21_C,_8592_,AOI211,1,7,4,2,24,13,110,-0.0001198632812500211,2.394,1.0640000000003056,0.00802
b21_C,_8594_,NAND2,0,0,2,2,22,12,94,-8.554687500161862e-06,1.33,0.5320000000001528,0.00802
b21_C,_8595_,AOI211,1,7,4,2,26,11,86,-6.968750000013735e-05,2.394,1.0640000000003056,0.00802
b21_C,_8597_,OAI211,1,7,4,2,28,9,59,-8.527343750008853e-05,2.394,1.0640000000003056,0.00802
b21_C,_8598_,AND3,1,7,3,2,29,8,49,1.0605468749869118e-05,1.596,0.26600000000053114,0.00802
b21_C,_8600_,NAND2,0,0,2,2,27,7,34,-5.429687500058122e-06,1.33,0.5320000000001528,0.00802
b21_C,_8601_,AOI221,1,7,5,2,31,6,24,-0.00014380859374996113,2.926,1.3299999999999272,0.00802
b21_C,_8603_,NOR2,0,0,2,2,28,5,8,-7.031250000011369e-06,1.33,0.5320000000001528,0.00802
b21_C,_8604_,OAI211,0,1,4,2,33,4,5,-7.556640625017153e-05,2.394,1.0640000000003056,0.00802
b21_C,_8605_,NOR2,0,0,2,2,16,6,11,-2.7558593750143245e-05,1.33,0.5320000000001528,0.00802
b21_C,_8606_,NOR2,0,0,2,2,27,5,8,-7.195312500019035e-05,1.33,0.5320000000001528,0.00802
b21_C,_8607_,NAND2,0,0,2,1,16,5,6,-1.2421875000168114e-05,1.33,0.5320000000001528,0.00802
b21_C,_8608_,AOI21,0,0,3,2,29,4,5,0.0,1.862,0.7979999999997744,0.00802
b21_C,_8609_,AOI21,0,0,3,1,34,3,2,-1.5156250000147864e-05,1.862,0.7979999999997744,0.00802
b21_C,_8610_,OAI21,0,0,3,1,12,3,2,-2.148437501237055e-07,1.862,0.7979999999997744,0.00802
b21_C,_8611_,AOI221,0,0,5,1,35,2,1,-6.386718750084341e-06,2.926,1.3299999999999272,0.00802
b21_C,_8612_,AOI211,0,1,4,1,34,3,2,-6.7773437499862865e-06,2.394,1.0640000000003056,0.00802
b21_C,_8613_,NAND2,0,0,2,1,27,5,4,-6.406250000012825e-05,1.33,0.5320000000001528,0.00802
b21_C,_8614_,OAI211,0,0,4,1,33,4,3,-9.148437500017259e-05,2.394,1.0640000000003056,0.00802
b21_C,_8615_,NOR2,0,0,2,1,29,4,3,0.0,1.33,0.5320000000001528,0.00802
b21_C,_8616_,AOI211,0,0,4,1,34,3,2,3.906249990137667e-08,2.394,1.0640000000003056,0.00802
b21_C,_8617_,NAND3,0,0,3,1,8,3,2,-7.812500002479794e-08,1.862,0.7979999999997744,0.00802
b21_C,_8618_,OR3,0,1,3,1,35,2,1,-6.289062500108855e-06,1.596,0.26600000000053114,0.00802
b21_C,_8619_,AOI21,0,1,3,0,36,1,0,-8.339843750038156e-06,1.862,0.7979999999997744,0.00802
b21_C,_8620_,AOI21,0,0,3,1,12,7,68,-0.00020882812499989356,1.862,0.7979999999997744,0.00802
b21_C,_8621_,AOI21,0,20,3,2,13,7,72,-3.7753906249937685e-05,1.862,0.7979999999997744,0.00802
b21_C,_8622_,AND2,0,17,2,2,14,6,67,7.589843749999936e-05,1.33,0.26599999999962165,0.00802
b21_C,_8623_,NAND3,0,1,3,4,12,7,103,-0.00020015625000002757,1.862,0.7979999999997744,0.00802
b21_C,_8624_,INV,0,1,1,5,13,6,99,8.203124999939249e-06,0.798,0.26600000000053114,0.00801
b21_C,_8625_,NOR2,0,17,2,6,15,5,65,0.0007543945312500355,1.33,0.5320000000001528,0.00802
b21_C,_8626_,NOR2,0,2,2,2,16,4,23,-0.00035249999999997783,1.33,0.5320000000001528,0.00802
b21_C,_8627_,BUF,0,2,1,10,17,3,20,5.5898437499868336e-05,1.064,0.26600000000053114,0.00801
b21_C,_8628_,NAND2,0,0,2,3,2,31,85,0.0,1.33,0.5320000000001528,0.00801
b21_C,_8629_,OR2,0,0,2,1,2,3,2,0.0,1.33,0.26599999999962165,0.00801
b21_C,_8630_,NAND3,0,0,3,1,18,2,1,-9.492187500015348e-06,1.862,0.7979999999997744,0.00801
b21_C,_8631_,NOR2,0,14,2,10,16,4,39,-9.33007812500275e-05,1.33,0.5320000000001528,0.00802
b21_C,_8632_,AOI211,0,3,4,2,14,5,42,-0.0002979882812501611,2.394,1.0640000000003056,0.00802
b21_C,_8633_,BUF,0,3,1,10,15,4,39,6.455078125000568e-05,1.064,0.26600000000053114,0.00802
b21_C,_8634_,AOI221,0,1,5,1,17,2,1,-9.248046875010019e-05,2.926,1.3299999999999272,0.00802
b21_C,_8635_,OR3,0,0,3,9,16,4,11,-0.00015964843750015945,1.596,0.26600000000053114,0.00802
b21_C,_8636_,XNOR2,0,0,2,1,2,2,1,0.0,2.66,1.0640000000003056,0.00802
b21_C,_8637_,OAI211,0,1,4,0,19,1,0,-2.318359375008683e-05,2.394,1.0640000000003056,0.00802
b21_C,_8638_,BUF,0,3,1,10,16,3,20,7.5468749999974e-05,1.064,0.26600000000053114,0.00801
b21_C,_8639_,XOR2,0,0,2,1,4,4,3,0.0,2.394,0.7979999999997744,0.00802
b21_C,_8640_,XNOR2,0,0,2,1,5,3,2,0.0,2.66,1.0640000000003056,0.00802
b21_C,_8641_,AOI22,0,0,4,1,18,2,1,-3.611328125008306e-05,2.394,1.0640000000003056,0.00802
b21_C,_8642_,BUF,0,1,1,9,3,1,14,3.8496093750062244e-05,1.064,0.26600000000053114,0.00801
b21_C,_8643_,BUF,0,8,1,10,17,3,20,0.00017111328124985725,1.064,0.26600000000053114,0.00802
b21_C,_8644_,AOI22,0,1,4,1,18,2,1,-4.408203125016996e-05,2.394,1.0640000000003056,0.00802
b21_C,_8645_,NAND2,0,0,2,2,2,30,82,0.0,1.33,0.5320000000001528,0.00801
b21_C,_8646_,XNOR2,0,0,2,1,4,3,2,0.0,2.66,1.0640000000003056,0.00802
b21_C,_8647_,XNOR2,0,0,2,1,5,2,1,0.0,2.66,1.0640000000003056,0.00802
b21_C,_8648_,OAI211,0,1,4,0,19,1,0,-1.4960937500196891e-05,2.394,1.0640000000003056,0.00802
b21_C,_8649_,XNOR2,0,0,2,1,4,4,3,0.0,2.66,1.0640000000003056,0.00802
b21_C,_8650_,NOR2,0,0,2,1,4,31,80,0.0,1.33,0.5320000000001528,0.00801
b21_C,_8651_,NAND2,0,0,2,1,4,31,80,0.0,1.33,0.5320000000001528,0.00801
b21_C,_8652_,AOI21,0,0,3,2,5,30,79,0.0,1.862,0.7979999999997744,0.00802
b21_C,_8653_,XNOR2,0,0,2,1,6,3,2,0.0,2.66,1.0640000000003056,0.00802
b21_C,_8654_,AOI22,0,0,4,1,18,2,1,-3.615234374998444e-05,2.394,1.0640000000003056,0.00802
b21_C,_8655_,XNOR2,0,0,2,1,4,4,3,0.0,2.66,1.0640000000003056,0.00802
b21_C,_8656_,NOR2,0,0,2,1,4,30,80,0.0,1.33,0.5320000000001528,0.00801
b21_C,_8657_,NAND2,0,0,2,1,4,30,80,0.0,1.33,0.5320000000001528,0.00801
b21_C,_8658_,AOI21,0,0,3,2,5,29,79,0.0,1.862,0.7979999999997744,0.00802
b21_C,_8659_,XNOR2,0,0,2,1,6,3,2,0.0,2.66,1.0640000000003056,0.00802
b21_C,_8660_,NOR3,0,0,3,10,16,3,20,-0.000383105468749978,1.862,0.7979999999997744,0.00802
b21_C,_8661_,AOI22,0,1,4,1,18,2,1,-3.2187500000224745e-05,2.394,1.0640000000003056,0.00802
b21_C,_8662_,NAND3,0,1,3,0,19,1,0,-1.8339843750103668e-05,1.862,0.7979999999997744,0.00802
b21_C,_8663_,XOR2,0,0,2,1,5,4,3,0.0,2.394,0.7979999999997744,0.00802
b21_C,_8664_,NAND2,0,0,2,1,4,29,75,0.0,1.33,0.5320000000001528,0.00802
b21_C,_8665_,OAI21,0,0,3,1,6,29,75,0.0,1.862,0.7979999999997744,0.00802
b21_C,_8666_,AND2,0,0,2,2,7,28,74,0.0,1.33,0.26599999999962165,0.00802
b21_C,_8667_,XNOR2,0,0,2,1,8,3,2,0.0,2.66,1.0640000000003056,0.00802
b21_C,_8668_,AOI22,0,1,4,1,18,2,1,-3.044921875017259e-05,2.394,1.0640000000003056,0.00802
b21_C,_8669_,XOR2,0,0,2,1,5,4,3,0.0,2.394,0.7979999999997744,0.00802
b21_C,_8670_,NAND2,0,0,2,1,4,28,75,0.0,1.33,0.5320000000001528,0.00802
b21_C,_8671_,OAI21,0,0,3,1,6,28,75,0.0,1.862,0.7979999999997744,0.00802
b21_C,_8672_,AND2,0,0,2,2,7,27,74,0.0,1.33,0.26599999999962165,0.00802
b21_C,_8673_,XNOR2,0,0,2,1,8,3,2,0.0,2.66,1.0640000000003056,0.00802
b21_C,_8674_,AOI221,0,0,5,1,17,2,1,-5.9804687500220055e-05,2.926,1.3299999999999272,0.00802
b21_C,_8675_,NAND2,0,1,2,0,19,1,0,-7.63671875003702e-06,1.33,0.5320000000001528,0.00802
b21_C,_8676_,AOI22,0,0,4,1,18,2,1,-6.103515625022204e-05,2.394,1.0640000000003056,0.00802
b21_C,_8677_,XNOR2,0,0,2,1,4,4,3,0.0,2.66,1.0640000000003056,0.00802
b21_C,_8679_,NOR2,0,0,2,1,8,26,70,0.0,1.33,0.5320000000001528,0.00802
b21_C,_8678_,NOR2,0,0,2,1,5,27,71,0.0,1.33,0.5320000000001528,0.00802
b21_C,_8680_,AOI21,0,0,3,2,9,25,69,0.0,1.862,0.7979999999997744,0.00802
b21_C,_8681_,XOR2,0,0,2,1,10,3,2,0.0,2.394,0.7979999999997744,0.00802
b21_C,_8682_,XOR2,0,0,2,1,4,4,3,0.0,2.394,0.7979999999997744,0.00802
b21_C,_8683_,NOR2,0,0,2,1,5,28,71,0.0,1.33,0.5320000000001528,0.00802
b21_C,_8684_,NOR2,0,0,2,1,8,27,70,0.0,1.33,0.5320000000001528,0.00802
b21_C,_8685_,AOI21,0,0,3,2,9,26,69,0.0,1.862,0.7979999999997744,0.00802
b21_C,_8686_,XNOR2,0,0,2,1,10,3,2,0.0,2.66,1.0640000000003056,0.00802
b21_C,_8687_,AOI222,0,1,6,1,18,2,1,-1.0175781250065796e-05,3.724,1.5960000000004584,0.00802
b21_C,_8688_,NAND2,0,1,2,0,19,1,0,-2.404296875013756e-05,1.33,0.5320000000001528,0.00802
b21_C,_8689_,XOR2,0,0,2,1,4,4,3,0.0,2.394,0.7979999999997744,0.00802
b21_C,_8690_,NOR2,0,0,2,1,4,26,66,0.0,1.33,0.5320000000001528,0.00802
b21_C,_8691_,NOR2,0,0,2,1,10,25,65,0.0,1.33,0.5320000000001528,0.00802
b21_C,_8692_,AOI21,0,0,3,2,11,24,64,0.0,1.862,0.7979999999997744,0.00802
b21_C,_8693_,XNOR2,0,0,2,1,12,3,2,0.0,2.66,1.0640000000003056,0.00802
b21_C,_8694_,AOI22,0,1,4,1,18,2,1,-3.044921875017259e-05,2.394,1.0640000000003056,0.00802
b21_C,_8695_,XOR2,0,0,2,1,4,4,3,0.0,2.394,0.7979999999997744,0.00802
b21_C,_8696_,NOR2,0,0,2,1,4,25,66,0.0,1.33,0.5320000000001528,0.00802
b21_C,_8697_,NOR2,0,0,2,1,10,24,65,0.0,1.33,0.5320000000001528,0.00802
b21_C,_8698_,AOI21,0,0,3,2,11,23,64,0.0,1.862,0.7979999999997744,0.00802
b21_C,_8699_,XNOR2,0,0,2,1,12,3,2,0.0,2.66,1.0640000000003056,0.00802
b21_C,_8700_,AOI221,0,0,5,1,17,2,1,-5.9804687500220055e-05,2.926,1.3299999999999272,0.00802
b21_C,_8701_,NAND2,0,1,2,0,19,1,0,-7.63671875003702e-06,1.33,0.5320000000001528,0.00802
b21_C,_8702_,AOI22,0,0,4,1,18,2,1,-6.103515625022204e-05,2.394,1.0640000000003056,0.00802
b21_C,_8703_,XNOR2,0,0,2,1,5,4,3,0.0,2.66,1.0640000000003056,0.00802
b21_C,_8704_,NAND2,0,0,2,1,4,23,61,0.0,1.33,0.5320000000001528,0.00802
b21_C,_8705_,NOR2,0,0,2,1,4,23,61,0.0,1.33,0.5320000000001528,0.00802
b21_C,_8706_,OAI21,0,0,3,2,12,22,60,0.0,1.862,0.7979999999997744,0.00802
b21_C,_8707_,XNOR2,0,0,2,1,13,3,2,0.0,2.66,1.0640000000003056,0.00802
b21_C,_8708_,NAND2,0,0,2,1,4,24,61,0.0,1.33,0.5320000000001528,0.00802
b21_C,_8709_,NOR2,0,0,2,1,4,24,61,0.0,1.33,0.5320000000001528,0.00802
b21_C,_8710_,OAI21,0,0,3,2,12,23,60,0.0,1.862,0.7979999999997744,0.00802
b21_C,_8711_,XNOR2,0,0,2,1,5,4,3,0.0,2.66,1.0640000000003056,0.00802
b21_C,_8712_,XNOR2,0,0,2,1,13,3,2,0.0,2.66,1.0640000000003056,0.00802
b21_C,_8713_,AOI222,0,1,6,1,18,2,1,-1.0175781250065796e-05,3.724,1.5960000000004584,0.00802
b21_C,_8714_,NAND2,0,1,2,0,19,1,0,-2.404296875013756e-05,1.33,0.5320000000001528,0.00802
b21_C,_8715_,XNOR2,0,0,2,1,5,4,3,0.0,2.66,1.0640000000003056,0.00802
b21_C,_8716_,NAND2,0,0,2,2,5,22,56,0.0,1.33,0.5320000000001528,0.00802
b21_C,_8717_,OAI21,0,0,3,2,13,22,56,0.0,1.862,0.7979999999997744,0.00802
b21_C,_8718_,NAND2,0,0,2,1,14,4,3,0.0,1.33,0.5320000000001528,0.00802
b21_C,_8719_,XNOR2,0,0,2,1,15,3,2,0.0,2.66,1.0640000000003056,0.00802
b21_C,_8720_,AOI22,0,0,4,1,18,2,1,-3.611328125008306e-05,2.394,1.0640000000003056,0.00802
b21_C,_8721_,XNOR2,0,0,2,1,5,4,3,0.0,2.66,1.0640000000003056,0.00802
b21_C,_8722_,NOR2,0,0,2,2,5,21,56,0.0,1.33,0.5320000000001528,0.00802
b21_C,_8723_,AOI21,0,0,3,2,13,21,56,0.0,1.862,0.7979999999997744,0.00802
b21_C,_8724_,NOR2,0,0,2,1,14,4,3,0.0,1.33,0.5320000000001528,0.00802
b21_C,_8725_,XNOR2,0,0,2,1,15,3,2,0.0,2.66,1.0640000000003056,0.00802
b21_C,_8726_,AOI222,0,1,6,1,18,2,1,-4.0644531250189075e-05,3.724,1.5960000000004584,0.00802
b21_C,_8727_,NAND2,0,1,2,0,19,1,0,-2.406250000008825e-05,1.33,0.5320000000001528,0.00802
b21_C,_8728_,AOI221,0,1,5,1,17,2,1,-8.605468750011447e-05,2.926,1.3299999999999272,0.00802
b21_C,_8729_,NAND2,0,0,2,1,5,22,52,0.0,1.33,0.5320000000001528,0.00802
b21_C,_8730_,NAND3,0,0,3,1,14,21,51,0.0,1.862,0.7979999999997744,0.00802
b21_C,_8731_,OAI21,0,0,3,2,15,20,50,0.0,1.862,0.7979999999997744,0.00802
b21_C,_8732_,XNOR2,0,0,2,1,6,3,2,0.0,2.66,1.0640000000003056,0.00802
b21_C,_8733_,XNOR2,0,0,2,1,16,2,1,0.0,2.66,1.0640000000003056,0.00802
b21_C,_8734_,OR2,0,0,2,8,16,4,12,-0.00015990234374996248,1.33,0.26599999999962165,0.00801
b21_C,_8735_,XNOR2,0,0,2,1,6,3,2,0.0,2.66,1.0640000000003056,0.00802
b21_C,_8736_,NAND2,0,0,2,1,5,21,52,0.0,1.33,0.5320000000001528,0.00802
b21_C,_8737_,OAI21,0,0,3,1,14,20,51,0.0,1.862,0.7979999999997744,0.00802
b21_C,_8738_,OAI21,0,0,3,2,15,19,50,0.0,1.862,0.7979999999997744,0.00802
b21_C,_8739_,XNOR2,0,0,2,1,16,2,1,0.0,2.66,1.0640000000003056,0.00802
b21_C,_8740_,OAI221,0,1,5,0,18,1,0,-3.3066406250226166e-05,2.926,1.3299999999999272,0.00802
b21_C,_8741_,XNOR2,0,0,2,1,6,4,3,0.0,2.66,1.0640000000003056,0.00802
b21_C,_8742_,NOR2,0,0,2,1,6,20,48,0.0,1.33,0.5320000000001528,0.00802
b21_C,_8743_,NAND2,0,0,2,1,6,20,48,0.0,1.33,0.5320000000001528,0.00802
b21_C,_8744_,AOI21,0,0,3,2,16,19,47,0.0,1.862,0.7979999999997744,0.00802
b21_C,_8745_,XNOR2,0,0,2,1,17,3,2,0.0,2.66,1.0640000000003056,0.00802
b21_C,_8746_,AOI22,0,0,4,1,18,2,1,-3.611328125008306e-05,2.394,1.0640000000003056,0.00802
b21_C,_8747_,CLKBUF,0,0,1,10,3,3,11,-3.496093750054996e-06,1.064,0.26600000000053114,0.00801
b21_C,_8748_,XNOR2,0,0,2,1,6,4,3,0.0,2.66,1.0640000000003056,0.00802
b21_C,_8749_,NOR2,0,0,2,1,6,19,48,0.0,1.33,0.5320000000001528,0.00802
b21_C,_8750_,NAND2,0,0,2,1,6,19,48,0.0,1.33,0.5320000000001528,0.00802
b21_C,_8751_,AOI21,0,0,3,2,16,18,47,0.0,1.862,0.7979999999997744,0.00802
b21_C,_8752_,XNOR2,0,0,2,1,17,3,2,0.0,2.66,1.0640000000003056,0.00802
b21_C,_8753_,AOI222,0,1,6,1,18,2,1,-3.2753906250126974e-05,3.724,1.5960000000004584,0.00802
b21_C,_8754_,NAND2,0,1,2,0,19,1,0,-2.406250000008825e-05,1.33,0.5320000000001528,0.00802
b21_C,_8755_,AOI22,0,0,4,1,17,2,1,-2.8457031250095355e-05,2.394,1.0640000000003056,0.00802
b21_C,_8756_,XNOR2,0,0,2,1,7,4,3,0.0,2.66,1.0640000000003056,0.00802
b21_C,_8757_,NAND2,0,0,2,1,6,18,43,0.0,1.33,0.5320000000001528,0.00802
b21_C,_8758_,OAI21,0,0,3,1,17,18,43,0.0,1.862,0.7979999999997744,0.00802
b21_C,_8759_,NAND2,0,0,2,2,18,17,42,0.0,1.33,0.5320000000001528,0.00802
b21_C,_8760_,XNOR2,0,0,2,1,19,3,2,0.0,2.66,1.0640000000003056,0.00802
b21_C,_8761_,XNOR2,0,0,2,1,7,4,3,0.0,2.66,1.0640000000003056,0.00802
b21_C,_8762_,NAND2,0,0,2,1,6,17,43,0.0,1.33,0.5320000000001528,0.00802
b21_C,_8763_,OAI21,0,0,3,1,17,17,43,0.0,1.862,0.7979999999997744,0.00802
b21_C,_8764_,NAND2,0,0,2,2,18,16,42,0.0,1.33,0.5320000000001528,0.00802
b21_C,_8765_,XNOR2,0,0,2,1,19,3,2,0.0,2.66,1.0640000000003056,0.00802
b21_C,_8766_,AOI222,0,1,6,1,20,2,1,-3.320312500010303e-05,3.724,1.5960000000004584,0.00802
b21_C,_8767_,NAND2,0,1,2,0,21,1,0,-2.3945312500162075e-05,1.33,0.5320000000001528,0.00802
b21_C,_8768_,XOR2,0,0,2,1,6,4,3,0.0,2.394,0.7979999999997744,0.00802
b21_C,_8769_,AND2,0,0,2,1,7,17,39,0.0,1.33,0.26599999999962165,0.00802
b21_C,_8770_,OR2,0,0,2,1,7,17,39,0.0,1.33,0.26599999999962165,0.00802
b21_C,_8771_,AOI21,0,0,3,2,19,16,38,0.0,1.862,0.7979999999997744,0.00802
b21_C,_8772_,XNOR2,0,0,2,1,20,3,2,0.0,2.66,1.0640000000003056,0.00802
b21_C,_8773_,AOI221,0,0,5,1,21,2,1,-7.927734375012818e-05,2.926,1.3299999999999272,0.00802
b21_C,_8774_,NOR2,0,0,2,2,6,15,38,0.0,1.33,0.5320000000001528,0.00802
b21_C,_8775_,AND2,0,0,2,2,6,14,37,0.0,1.33,0.26599999999962165,0.00801
b21_C,_8776_,OR2,0,0,2,1,7,4,3,0.0,1.33,0.26599999999962165,0.00802
b21_C,_8777_,NAND2,0,0,2,2,7,15,38,0.0,1.33,0.5320000000001528,0.00802
b21_C,_8778_,OAI21,0,0,3,2,19,15,38,0.0,1.862,0.7979999999997744,0.00802
b21_C,_8779_,NAND2,0,0,2,1,20,4,3,0.0,1.33,0.5320000000001528,0.00802
b21_C,_8780_,XNOR2,0,0,2,1,21,3,2,0.0,2.66,1.0640000000003056,0.00802
b21_C,_8781_,AOI22,0,1,4,1,22,2,1,-2.1757812500133866e-05,2.394,1.0640000000003056,0.00802
b21_C,_8782_,NAND2,0,1,2,0,23,1,0,-7.9687500000869e-06,1.33,0.5320000000001528,0.00802
b21_C,_8783_,CLKBUF,0,0,1,10,3,3,15,-3.496093750054996e-06,1.064,0.26600000000053114,0.00801
b21_C,_8784_,AOI222,0,1,6,1,18,2,1,-5.417968750021096e-05,3.724,1.5960000000004584,0.00802
b21_C,_8785_,XOR2,0,0,2,1,6,3,2,0.0,2.394,0.7979999999997744,0.00802
b21_C,_8786_,NOR2,0,0,2,1,6,16,35,0.0,1.33,0.5320000000001528,0.00802
b21_C,_8787_,NAND2,0,0,2,1,6,16,35,0.0,1.33,0.5320000000001528,0.00802
b21_C,_8788_,AOI21,0,0,3,2,20,15,34,0.0,1.862,0.7979999999997744,0.00802
b21_C,_8789_,XNOR2,0,0,2,1,21,2,1,0.0,2.66,1.0640000000003056,0.00802
b21_C,_8790_,AOI21,0,0,3,1,20,14,33,0.0,1.862,0.7979999999997744,0.00802
b21_C,_8791_,OR2,0,0,2,2,21,13,32,0.0,1.33,0.26599999999962165,0.00802
b21_C,_8792_,NAND2,0,0,2,2,6,13,27,0.0,1.33,0.5320000000001528,0.00802
b21_C,_8793_,OR2,0,0,2,2,6,13,33,0.0,1.33,0.26599999999962165,0.00801
b21_C,_8794_,AND2,0,0,2,1,7,3,2,0.0,1.33,0.26599999999962165,0.00802
b21_C,_8795_,XNOR2,0,0,2,1,22,2,1,0.0,2.66,1.0640000000003056,0.00802
b21_C,_8796_,OAI221,0,1,5,0,23,1,0,-3.2949218750077947e-05,2.926,1.3299999999999272,0.00802
b21_C,_8797_,BUF,0,0,1,10,6,14,55,0.0,1.064,0.26600000000053114,0.00802
b21_C,_8798_,XOR2,0,0,2,1,7,7,6,0.0,2.394,0.7979999999997744,0.00802
b21_C,_8799_,NAND2,0,0,2,1,6,14,31,0.0,1.33,0.5320000000001528,0.00802
b21_C,_8800_,OAI21,0,0,3,1,21,14,31,0.0,1.862,0.7979999999997744,0.00802
b21_C,_8801_,NAND2,0,0,2,2,22,13,30,0.0,1.33,0.5320000000001528,0.00802
b21_C,_8802_,XNOR2,0,0,2,1,23,6,5,0.0,2.66,1.0640000000003056,0.00802
b21_C,_8803_,OAI21,0,0,3,1,24,5,4,0.0,1.862,0.7979999999997744,0.00802
b21_C,_8804_,AOI21,0,0,3,1,25,4,3,0.0,1.862,0.7979999999997744,0.00802
b21_C,_8805_,XOR2,0,0,2,1,7,6,5,0.0,2.394,0.7979999999997744,0.00802
b21_C,_8806_,AND2,0,0,2,2,22,12,29,0.0,1.33,0.26599999999962165,0.00802
b21_C,_8807_,AOI21,0,0,3,1,23,6,5,0.0,1.862,0.7979999999997744,0.00802
b21_C,_8808_,XNOR2,0,0,2,1,24,5,4,0.0,2.66,1.0640000000003056,0.00802
b21_C,_8809_,AOI211,0,0,4,1,25,4,3,0.0,2.394,1.0640000000003056,0.00802
b21_C,_8810_,NOR3,0,0,3,1,15,4,3,-0.00026697265625008626,1.862,0.7979999999997744,0.00802
b21_C,_8811_,NOR4,0,1,4,1,26,3,2,-0.00036289062500016733,2.394,1.0640000000003056,0.00802
b21_C,_8812_,AOI221,0,1,5,1,27,2,1,-2.6015625000042064e-05,2.926,1.3299999999999272,0.00802
b21_C,_8813_,INV,0,1,1,0,28,1,0,-1.9062500000055493e-05,0.798,0.26600000000053114,0.00802
b21_C,_8814_,AOI221,0,1,5,1,17,2,1,-8.605468750011447e-05,2.926,1.3299999999999272,0.00802
b21_C,_8815_,XNOR2,0,0,2,1,7,3,2,0.0,2.66,1.0640000000003056,0.00802
b21_C,_8816_,AOI21,0,0,3,1,23,12,23,0.0,1.862,0.7979999999997744,0.00802
b21_C,_8817_,INV,0,0,1,1,24,11,22,0.0,0.798,0.26600000000053114,0.00802
b21_C,_8818_,OAI21,0,0,3,2,25,10,21,0.0,1.862,0.7979999999997744,0.00802
b21_C,_8819_,XNOR2,0,0,2,1,26,2,1,0.0,2.66,1.0640000000003056,0.00802
b21_C,_8820_,XNOR2,0,0,2,1,7,3,2,0.0,2.66,1.0640000000003056,0.00802
b21_C,_8821_,NAND2,0,0,2,1,7,13,24,0.0,1.33,0.5320000000001528,0.00801
b21_C,_8822_,NAND2,0,0,2,1,8,12,23,0.0,1.33,0.5320000000001528,0.00802
b21_C,_8823_,OAI22,0,0,4,2,23,11,22,0.0,2.394,1.0640000000003056,0.00802
b21_C,_8824_,XNOR2,0,0,2,1,24,2,1,0.0,2.66,1.0640000000003056,0.00802
b21_C,_8825_,OAI221,0,1,5,0,27,1,0,-3.3066406250226166e-05,2.926,1.3299999999999272,0.00802
b21_C,_8826_,AOI222,0,1,6,1,17,2,1,-8.740234375004263e-05,3.724,1.5960000000004584,0.00802
b21_C,_8827_,XOR2,0,0,2,1,8,3,2,0.0,2.394,0.7979999999997744,0.00802
b21_C,_8828_,NOR2,0,0,2,1,7,10,19,0.0,1.33,0.5320000000001528,0.00802
b21_C,_8829_,NAND2,0,0,2,1,7,10,19,0.0,1.33,0.5320000000001528,0.00802
b21_C,_8830_,AOI21,0,0,3,2,26,9,18,0.0,1.862,0.7979999999997744,0.00802
b21_C,_8831_,XNOR2,0,0,2,1,27,2,1,0.0,2.66,1.0640000000003056,0.00802
b21_C,_8832_,XOR2,0,0,2,1,8,3,2,0.0,2.394,0.7979999999997744,0.00802
b21_C,_8833_,NOR2,0,0,2,1,7,11,20,0.0,1.33,0.5320000000001528,0.00802
b21_C,_8834_,NAND2,0,0,2,1,7,11,20,0.0,1.33,0.5320000000001528,0.00802
b21_C,_8835_,AOI21,0,0,3,2,24,10,19,0.0,1.862,0.7979999999997744,0.00802
b21_C,_8836_,XNOR2,0,0,2,1,25,2,1,0.0,2.66,1.0640000000003056,0.00802
b21_C,_8837_,OAI221,0,1,5,0,28,1,0,-3.291015625017657e-05,2.926,1.3299999999999272,0.00802
b21_C,_8838_,XOR2,0,0,2,2,9,4,3,0.0,2.394,0.7979999999997744,0.00802
b21_C,_8839_,NAND2,0,0,2,1,8,8,15,0.0,1.33,0.5320000000001528,0.00802
b21_C,_8840_,OAI21,0,0,3,1,27,8,15,0.0,1.862,0.7979999999997744,0.00802
b21_C,_8841_,NAND2,0,0,2,3,28,7,14,0.0,1.33,0.5320000000001528,0.00802
b21_C,_8842_,AOI21,0,0,3,1,29,3,2,0.0,1.862,0.7979999999997744,0.00802
b21_C,_8843_,OAI21,0,0,3,1,30,2,1,0.0,1.862,0.7979999999997744,0.00802
b21_C,_8844_,AOI222,0,1,6,1,18,2,1,-5.48828125002121e-05,3.724,1.5960000000004584,0.00802
b21_C,_8845_,XOR2,0,0,2,1,9,3,2,0.0,2.394,0.7979999999997744,0.00802
b21_C,_8846_,NAND2,0,0,2,2,8,9,16,0.0,1.33,0.5320000000001528,0.00802
b21_C,_8847_,OAI21,0,0,3,2,25,9,16,0.0,1.862,0.7979999999997744,0.00802
b21_C,_8848_,NAND2,0,0,2,1,26,3,2,0.0,1.33,0.5320000000001528,0.00802
b21_C,_8849_,XNOR2,0,0,2,1,27,2,1,0.0,2.66,1.0640000000003056,0.00802
b21_C,_8850_,OAI211,0,1,4,0,31,1,0,-2.304687499998792e-05,2.394,1.0640000000003056,0.00802
b21_C,_8851_,XNOR2,0,0,2,2,6,4,3,0.0,2.66,1.0640000000003056,0.00802
b21_C,_8852_,OR2,0,0,2,1,9,7,11,0.0,1.33,0.26599999999962165,0.00801
b21_C,_8853_,AND2,0,0,2,1,9,7,11,0.0,1.33,0.26599999999962165,0.00801
b21_C,_8854_,OAI21,0,0,3,3,29,6,10,0.0,1.862,0.7979999999997744,0.00802
b21_C,_8855_,AOI21,0,0,3,1,30,3,2,0.0,1.862,0.7979999999997744,0.00802
b21_C,_8856_,OAI21,0,0,3,1,31,2,1,0.0,1.862,0.7979999999997744,0.00802
b21_C,_8857_,AOI222,0,1,6,1,18,2,1,-5.48828125002121e-05,3.724,1.5960000000004584,0.00802
b21_C,_8858_,XNOR2,0,0,2,2,6,3,3,0.0,2.66,1.0640000000003056,0.00802
b21_C,_8859_,NOR2,0,0,2,1,9,9,13,0.0,1.33,0.5320000000001528,0.00801
b21_C,_8860_,AOI21,0,0,3,1,26,8,12,0.0,1.862,0.7979999999997744,0.00802
b21_C,_8861_,AOI21,0,0,3,3,27,7,11,0.0,1.862,0.7979999999997744,0.00802
b21_C,_8862_,OAI21,0,0,3,1,28,2,1,-8.98437500174154e-07,1.862,0.7979999999997744,0.00802
b21_C,_8863_,AND2,0,0,2,1,28,2,1,0.0,1.33,0.26599999999962165,0.00802
b21_C,_8864_,OAI211,0,1,4,0,32,1,0,-2.304687499998792e-05,2.394,1.0640000000003056,0.00802
b21_C,_8865_,AOI221,0,1,5,1,17,2,1,-0.00016164062500001464,2.926,1.3299999999999272,0.00802
b21_C,_8866_,XOR2,0,0,2,1,6,3,2,0.0,2.394,0.7979999999997744,0.00802
b21_C,_8867_,NAND2,0,0,2,1,6,6,7,0.0,1.33,0.5320000000001528,0.00802
b21_C,_8868_,NOR2,0,0,2,1,6,6,7,0.0,1.33,0.5320000000001528,0.00802
b21_C,_8869_,OAI21,0,0,3,2,30,5,6,0.0,1.862,0.7979999999997744,0.00802
b21_C,_8870_,XNOR2,0,0,2,1,31,2,1,0.0,2.66,1.0640000000003056,0.00802
b21_C,_8871_,XOR2,0,0,2,1,6,3,2,0.0,2.394,0.7979999999997744,0.00802
b21_C,_8872_,NAND2,0,0,2,1,6,7,8,0.0,1.33,0.5320000000001528,0.00802
b21_C,_8873_,NOR2,0,0,2,1,6,7,8,0.0,1.33,0.5320000000001528,0.00802
b21_C,_8874_,OAI21,0,0,3,2,28,6,7,0.0,1.862,0.7979999999997744,0.00802
b21_C,_8875_,XNOR2,0,0,2,1,29,2,1,0.0,2.66,1.0640000000003056,0.00802
b21_C,_8876_,OAI221,0,1,5,0,32,1,0,-3.3066406250226166e-05,2.926,1.3299999999999272,0.00802
b21_C,_8877_,NOR2,0,0,2,1,6,5,4,0.0,1.33,0.5320000000001528,0.00802
b21_C,_8878_,AOI21,0,0,3,1,29,5,4,0.0,1.862,0.7979999999997744,0.00802
b21_C,_8879_,NOR2,0,0,2,2,30,4,3,0.0,1.33,0.5320000000001528,0.00802
b21_C,_8880_,XNOR2,0,0,2,2,7,4,3,0.0,2.66,1.0640000000003056,0.00802
b21_C,_8881_,AOI21,0,0,3,1,31,3,2,0.0,1.862,0.7979999999997744,0.00802
b21_C,_8882_,OAI21,0,0,3,1,32,2,1,0.0,1.862,0.7979999999997744,0.00802
b21_C,_8883_,AOI221,0,1,5,1,17,2,1,-0.0002874218749999713,2.926,1.3299999999999272,0.00802
b21_C,_8884_,NAND2,0,0,2,1,6,4,3,0.0,1.33,0.5320000000001528,0.00802
b21_C,_8885_,OAI21,0,0,3,1,31,4,3,0.0,1.862,0.7979999999997744,0.00802
b21_C,_8886_,NAND2,0,0,2,1,32,3,2,0.0,1.33,0.5320000000001528,0.00802
b21_C,_8887_,XNOR2,0,0,2,1,7,3,2,0.0,2.66,1.0640000000003056,0.00802
b21_C,_8888_,XNOR2,0,0,2,1,33,2,1,0.0,2.66,1.0640000000003056,0.00802
b21_C,_8889_,OAI211,0,1,4,0,34,1,0,-2.318359375008683e-05,2.394,1.0640000000003056,0.00802
b21_C,_8890_,BUF,0,1,1,9,14,1,9,3.884765625006281e-05,1.064,0.26600000000053114,0.00801
b21_C,_8891_,INV,0,0,1,2,11,10,197,0.0,0.798,0.26600000000053114,0.00802
b21_C,_8892_,OAI221,0,4,5,3,11,10,237,-0.001124003906250115,2.926,1.3299999999999272,0.00802
b21_C,_8893_,NOR3,0,2,3,2,12,9,156,-3.435546875008022e-05,1.862,0.7979999999997744,0.00802
b21_C,_8894_,NOR2,0,0,2,6,13,8,132,-6.230468750012541e-05,1.33,0.5320000000001528,0.00801
b21_C,_8895_,BUF,0,0,1,10,14,7,113,0.0,1.064,0.26600000000053114,0.00801
b21_C,_8896_,BUF,0,0,1,10,15,6,82,0.0,1.064,0.26600000000053114,0.00801
b21_C,_8897_,NAND2,0,0,2,5,10,7,128,-3.0312500000073683e-05,1.33,0.5320000000001528,0.00802
b21_C,_8898_,AOI21,0,0,3,1,11,5,12,0.0,1.862,0.7979999999997744,0.00802
b21_C,_8899_,NAND2,0,0,2,3,16,4,11,-8.144531250087184e-06,1.33,0.5320000000001528,0.00801
b21_C,_8900_,NOR2,0,0,2,2,17,3,4,-1.2500000001747225e-06,1.33,0.5320000000001528,0.00801
b21_C,_8901_,NOR3,0,3,3,3,11,23,264,2.613281249996824e-05,1.862,0.7979999999997744,0.00802
b21_C,_8902_,NAND3,0,3,3,3,12,22,252,-4.351562500004569e-05,1.862,0.7979999999997744,0.00802
b21_C,_8903_,OR2,0,3,2,2,13,21,229,2.5937500000017266e-05,1.33,0.26599999999962165,0.00801
b21_C,_8904_,NOR2,0,3,2,3,14,20,219,2.6093749999844817e-05,1.33,0.5320000000001528,0.00802
b21_C,_8905_,NAND3,0,3,3,3,15,19,201,-8.593750000063238e-06,1.862,0.7979999999997744,0.00802
b21_C,_8906_,NOR3,0,3,3,2,16,18,185,2.613281249996824e-05,1.862,0.7979999999997744,0.00802
b21_C,_8907_,NAND2,0,3,2,2,17,17,177,-4.882812499995559e-05,1.33,0.5320000000001528,0.00801
b21_C,_8908_,NOR2,0,3,2,3,18,16,167,2.6015625000042064e-05,1.33,0.5320000000001528,0.00802
b21_C,_8909_,NAND3,0,3,3,2,19,15,151,-3.1132812500000995e-05,1.862,0.7979999999997744,0.00802
b21_C,_8910_,NOR2,0,3,2,3,20,14,141,2.613281249996824e-05,1.33,0.5320000000001528,0.00801
b21_C,_8911_,NAND3,0,3,3,3,21,13,124,-4.429687500007162e-05,1.862,0.7979999999997744,0.00802
b21_C,_8912_,NOR4,0,3,4,4,22,12,105,2.6015625000042064e-05,2.394,1.0640000000003056,0.00802
b21_C,_8913_,NAND3,0,3,3,2,23,11,78,-8.271484375010907e-05,1.862,0.7979999999997744,0.00802
b21_C,_8914_,OR2,0,3,2,2,24,10,68,2.1328124999886455e-05,1.33,0.26599999999962165,0.00801
b21_C,_8915_,OR2,0,3,2,2,25,9,59,2.613281249996824e-05,1.33,0.26599999999962165,0.00801
b21_C,_8916_,NOR2,0,3,2,3,26,8,49,2.613281249996824e-05,1.33,0.5320000000001528,0.00801
b21_C,_8917_,NAND4,0,3,4,4,27,6,30,2.1347656250059188e-05,2.394,1.0640000000003056,0.00802
b21_C,_8918_,NOR3,0,3,3,1,28,5,7,-2.0234374999983373e-05,1.862,0.7979999999997744,0.00802
b21_C,_8919_,XNOR2,0,3,2,2,29,4,6,-9.062500000012186e-05,2.66,1.0640000000003056,0.00802
b21_C,_8920_,NOR2,0,0,2,3,14,6,29,0.0,1.33,0.5320000000001528,0.00801
b21_C,_8921_,CLKBUF,0,0,1,10,15,5,22,1.9531249950688334e-08,1.064,0.26600000000053114,0.00801
b21_C,_8922_,NOR3,0,0,3,3,14,6,37,0.0,1.862,0.7979999999997744,0.00802
b21_C,_8923_,BUF,0,0,1,10,15,5,28,0.0,1.064,0.26600000000053114,0.00801
b21_C,_8924_,AOI221,0,1,5,1,30,2,1,-2.835937500011987e-05,2.926,1.3299999999999272,0.00802
b21_C,_8925_,OR2,0,2,2,2,13,8,110,-7.500000000160156e-06,1.33,0.26599999999962165,0.00801
b21_C,_8926_,BUF,0,2,1,10,14,7,98,6.257812499987914e-05,1.064,0.26600000000053114,0.00801
b21_C,_8927_,INV,0,0,1,1,1,2,1,0.0,0.798,0.26600000000053114,0.00801
b21_C,_8928_,OAI21,0,1,3,0,31,1,0,-3.716796875008477e-05,1.862,0.7979999999997744,0.00802
b21_C,_8929_,BUF,0,0,1,10,16,5,56,0.0,1.064,0.26600000000053114,0.00801
b21_C,_8930_,BUF,0,0,1,10,17,4,35,5.46874999951541e-07,1.064,0.26600000000053114,0.00801
b21_C,_8931_,AOI21,0,0,3,1,18,2,1,-5.664062501242739e-07,1.862,0.7979999999997744,0.00801
b21_C,_8932_,NOR2,0,3,2,1,28,4,5,7.363281249839204e-06,1.33,0.5320000000001528,0.00801
b21_C,_8933_,XNOR2,0,3,2,2,29,3,4,-9.841796874998643e-05,2.66,1.0640000000003056,0.00802
b21_C,_8934_,NAND2,0,0,2,9,15,6,53,-1.937499999993264e-05,1.33,0.5320000000001528,0.00801
b21_C,_8935_,BUF,0,0,1,10,16,4,26,3.906249990137667e-08,1.064,0.26600000000053114,0.00801
b21_C,_8936_,NAND3,0,0,3,2,14,6,60,-2.4589843750089102e-05,1.862,0.7979999999997744,0.00802
b21_C,_8937_,BUF,0,0,1,10,15,5,56,0.0,1.064,0.26600000000053114,0.00801
b21_C,_8938_,BUF,0,0,1,10,16,4,28,0.0,1.064,0.26600000000053114,0.00801
b21_C,_8939_,OAI221,0,1,5,0,30,1,0,-9.333984375015092e-05,2.926,1.3299999999999272,0.00802
b21_C,_8940_,OAI22,0,0,4,1,28,3,2,-4.88281250099476e-07,2.394,1.0640000000003056,0.00801
b21_C,_8941_,XNOR2,0,0,2,2,28,4,6,-5.679687500004249e-05,2.66,1.0640000000003056,0.00802
b21_C,_8942_,AOI221,0,0,5,1,29,2,1,0.0,2.926,1.3299999999999272,0.00802
b21_C,_8943_,XOR2,0,0,2,2,27,5,10,-1.1230468750067502e-05,2.394,0.7979999999997744,0.00802
b21_C,_8944_,NAND2,0,0,2,1,27,6,11,-8.671875000088036e-06,1.33,0.5320000000001528,0.00802
b21_C,_8945_,INV,0,0,1,2,28,5,10,0.0,0.798,0.26600000000053114,0.00802
b21_C,_8946_,NOR2,0,0,2,1,27,6,11,-9.414062500212594e-06,1.33,0.5320000000001528,0.00802
b21_C,_8947_,INV,0,0,1,1,26,6,11,0.0,0.798,0.26600000000053114,0.00802
b21_C,_8948_,NAND2,0,0,2,1,24,8,30,-2.8515625001279687e-06,1.33,0.5320000000001528,0.00802
b21_C,_8949_,NAND2,0,0,2,2,23,9,62,-8.203125000161293e-06,1.33,0.5320000000001528,0.00802
b21_C,_8950_,NOR2,0,0,2,1,23,10,71,0.0,1.33,0.5320000000001528,0.00802
b21_C,_8951_,NOR2,0,0,2,2,22,10,81,-3.906250012342127e-08,1.33,0.5320000000001528,0.00802
b21_C,_8952_,NOR2,0,0,2,2,21,11,91,-4.218750000006821e-06,1.33,0.5320000000001528,0.00802
b21_C,_8953_,NOR2,0,0,2,1,22,12,100,-3.3984375000795097e-06,1.33,0.5320000000001528,0.00802
b21_C,_8954_,NOR2,0,0,2,2,20,12,108,7.812499980275334e-08,1.33,0.5320000000001528,0.00802
b21_C,_8955_,NAND2,0,0,2,1,20,13,109,-3.320312500498801e-07,1.33,0.5320000000001528,0.00802
b21_C,_8956_,NAND2,0,0,2,2,20,13,122,-4.865234375017735e-05,1.33,0.5320000000001528,0.00802
b21_C,_8957_,NAND2,0,0,2,2,19,14,132,-8.105468749963762e-06,1.33,0.5320000000001528,0.00802
b21_C,_8958_,NOR2,0,0,2,1,18,15,141,0.0,1.33,0.5320000000001528,0.00802
b21_C,_8959_,NOR2,0,0,2,2,18,15,149,-2.8378906250070557e-05,1.33,0.5320000000001528,0.00802
b21_C,_8960_,NOR2,0,0,2,2,17,16,159,-8.789062500014211e-06,1.33,0.5320000000001528,0.00802
b21_C,_8961_,NAND2,0,0,2,2,17,16,159,-8.085937500013074e-06,1.33,0.5320000000001528,0.00802
b21_C,_8962_,NOR2,0,0,2,1,16,17,168,0.0,1.33,0.5320000000001528,0.00802
b21_C,_8963_,NOR2,0,0,2,2,16,17,176,-5.839843749910756e-06,1.33,0.5320000000001528,0.00802
b21_C,_8964_,NOR2,0,0,2,2,15,18,186,-8.828125000137632e-06,1.33,0.5320000000001528,0.00802
b21_C,_8965_,NOR2,0,0,2,1,15,19,195,0.0,1.33,0.5320000000001528,0.00802
b21_C,_8966_,NOR2,0,0,2,2,14,19,205,-3.984375000154472e-06,1.33,0.5320000000001528,0.00802
b21_C,_8967_,NAND2,0,0,2,1,14,20,206,-4.8046875000817835e-06,1.33,0.5320000000001528,0.00802
b21_C,_8968_,NAND2,0,0,2,2,14,20,215,0.0,1.33,0.5320000000001528,0.00802
b21_C,_8969_,NAND2,0,0,2,2,14,21,225,-8.769531250063523e-06,1.33,0.5320000000001528,0.00802
b21_C,_8970_,NOR2,0,0,2,2,14,21,225,-9.47265625006466e-06,1.33,0.5320000000001528,0.00802
b21_C,_8971_,NOR2,0,0,2,1,15,22,235,-0.00023126953125007788,1.33,0.5320000000001528,0.00802
b21_C,_8972_,NOR2,0,0,2,2,13,23,260,-0.00024697265624995524,1.33,0.5320000000001528,0.00802
b21_C,_8973_,NOR2,0,0,2,1,12,24,269,0.0,1.33,0.5320000000001528,0.00802
b21_C,_8974_,NOR2,0,0,2,2,12,24,278,-0.0007980468750001801,1.33,0.5320000000001528,0.00802
b21_C,_8975_,AOI211,0,53,4,2,12,24,278,-0.00025074218750020805,2.394,1.063999999999396,0.00802
b21_C,_8977_,NAND2,0,0,2,2,13,23,260,-0.0002685546875000888,1.33,0.5320000000001528,0.00802
b21_C,_8978_,AOI211,0,50,4,2,15,22,247,-0.0004361914062500638,2.394,1.063999999999396,0.00802
b21_C,_8980_,OAI221,0,47,5,2,17,20,215,-0.0009218164062501089,2.926,1.3299999999999272,0.00802
b21_C,_8981_,AND3,0,47,3,2,18,19,205,0.00017822265624989342,1.596,0.26599999999962165,0.00802
b21_C,_8983_,NAND2,0,0,2,2,15,18,186,-8.125000000136495e-06,1.33,0.5320000000001528,0.00802
b21_C,_8984_,AOI221,0,41,5,2,20,17,176,-0.0007290625000000439,2.926,1.3299999999999272,0.00802
b21_C,_8986_,AOI221,0,36,5,2,22,15,149,-0.0006531249999999211,2.926,1.3299999999999272,0.00802
b21_C,_8988_,NOR2,0,0,2,2,19,14,132,-8.8085937499649e-06,1.33,0.5320000000001528,0.00802
b21_C,_8989_,OAI221,0,30,5,2,24,13,122,-0.0006954882812499896,2.926,1.3299999999999272,0.00802
b21_C,_8990_,AND3,0,27,3,2,25,12,108,7.851562500005294e-05,1.596,0.26599999999962165,0.00802
b21_C,_8992_,NAND2,0,0,2,2,21,11,91,-4.57031250000739e-06,1.33,0.5320000000001528,0.00802
b21_C,_8993_,AOI221,0,18,5,2,27,10,81,-0.0004374414062500165,2.926,1.3299999999999272,0.00802
b21_C,_8995_,NOR2,0,0,2,2,23,9,62,-8.867187500039009e-06,1.33,0.5320000000001528,0.00802
b21_C,_8996_,OAI211,0,9,4,3,29,8,52,-0.0001657031250001939,2.394,1.063999999999396,0.00802
b21_C,_8997_,AND3,0,6,3,2,30,7,29,-5.664062500132516e-06,1.596,0.26599999999962165,0.00802
b21_C,_8999_,AOI211,0,0,4,2,32,5,10,-9.58789062501797e-05,2.394,1.063999999999396,0.00802
b21_C,_9000_,OAI21,0,0,3,3,33,4,8,0.0,1.862,0.7979999999997744,0.00802
b21_C,_9001_,OR3,0,0,3,3,33,4,8,0.0,1.596,0.26599999999962165,0.00802
b21_C,_9002_,NOR2,0,0,2,3,8,6,100,0.0,1.33,0.5320000000001528,0.00802
b21_C,_9003_,AND3,0,2,3,2,15,5,42,1.964843749990841e-05,1.596,0.26599999999962165,0.00801
b21_C,_9004_,BUF,0,2,1,10,16,4,39,6.257812499987914e-05,1.064,0.26599999999962165,0.00801
b21_C,_9005_,BUF,0,2,1,10,17,3,20,6.257812499987914e-05,1.064,0.26599999999962165,0.00801
b21_C,_9006_,NAND3,0,0,3,1,34,2,1,-2.214843750003581e-05,1.862,0.7979999999997744,0.00802
b21_C,_9007_,BUF,0,0,1,10,18,2,10,-3.1250000009919177e-07,1.064,0.26599999999962165,0.00801
b21_C,_9008_,NOR2,0,0,2,2,9,9,186,-2.677734375011731e-05,1.33,0.5320000000001528,0.00802
b21_C,_9009_,NAND2,0,0,2,1,10,8,111,0.0,1.33,0.5320000000001528,0.00802
b21_C,_9010_,OAI21,0,0,3,10,11,7,110,2.9296874992645883e-07,1.862,0.7979999999997744,0.00802
b21_C,_9011_,BUF,0,0,1,10,12,5,56,-4.296875000253664e-07,1.064,0.26599999999962165,0.00802
b21_C,_9012_,NAND3,0,0,3,2,34,3,5,-1.1718750014821921e-07,1.862,0.7979999999997744,0.00802
b21_C,_9013_,AOI211,0,0,4,1,15,4,6,-2.4277343750211955e-05,2.394,1.063999999999396,0.00802
b21_C,_9014_,XNOR2,1,3,2,1,33,4,6,-8.57812500001387e-05,2.66,1.063999999999396,0.00802
b21_C,_9015_,OAI21,0,0,3,4,8,8,137,0.0,1.862,0.7979999999997744,0.00802
b21_C,_9016_,CLKBUF,0,0,1,10,9,7,67,8.593749998286881e-07,1.064,0.26599999999962165,0.00802
b21_C,_9017_,NOR2,0,0,2,2,10,9,118,0.0,1.33,0.5320000000001528,0.00802
b21_C,_9018_,CLKBUF,0,0,1,10,11,8,111,0.0,1.064,0.26599999999962165,0.00801
b21_C,_9019_,AOI221,1,3,5,2,34,3,5,9.746093749818385e-06,2.926,1.3299999999999272,0.00802
b21_C,_9020_,AND2,0,1,2,1,35,2,1,-3.333984374997989e-05,1.33,0.26600000000053114,0.00802
b21_C,_9021_,OAI211,0,1,4,0,36,1,0,-9.316406250015064e-06,2.394,1.063999999999396,0.00802
b21_C,_9022_,CLKBUF,0,0,1,10,13,5,32,0.0,1.064,0.26599999999962165,0.00801
b21_C,_9023_,NAND2,0,0,2,1,18,2,1,0.0,1.33,0.5320000000001528,0.00801
b21_C,_9024_,NAND2,0,0,2,1,25,6,10,-3.5156250000056843e-06,1.33,0.5320000000001528,0.00802
b21_C,_9025_,AOI21,0,0,3,1,30,7,11,-0.0001588085937500594,1.862,0.7979999999997744,0.00802
b21_C,_9027_,OAI21,0,0,3,1,32,5,9,0.0,1.862,0.7979999999997744,0.00802
b21_C,_9028_,XOR2,0,0,2,3,33,4,8,-4.101562500080647e-06,2.394,0.7979999999997744,0.00802
b21_C,_9029_,AOI222,0,0,6,1,34,2,1,-1.6015624999976552e-05,3.724,1.5960000000004584,0.00802
b21_C,_9031_,NAND2,0,0,2,2,27,7,18,-5.9296874999947846e-05,1.33,0.5320000000001528,0.00801
b21_C,_9030_,NOR2,0,0,2,4,8,6,59,0.0,1.33,0.5320000000001528,0.00802
b21_C,_9032_,OAI21,0,0,3,1,28,6,9,-9.765624997548628e-08,1.862,0.7979999999997744,0.00802
b21_C,_9033_,NAND3,0,0,3,2,29,5,8,-4.3496093750095e-05,1.862,0.7979999999997744,0.00802
b21_C,_9034_,OR2,0,0,2,1,30,3,2,0.0,1.33,0.26600000000053114,0.00801
b21_C,_9035_,NAND2,0,0,2,2,34,3,5,-5.859375007410961e-08,1.33,0.5320000000001528,0.00802
b21_C,_9036_,NAND2,0,0,2,9,9,6,60,-0.00018033203125034092,1.33,0.5320000000001528,0.00802
b21_C,_9037_,NOR2,0,0,2,1,21,4,6,-5.488281250132232e-06,1.33,0.5320000000001528,0.00802
b21_C,_9038_,NOR2,0,3,2,1,32,5,7,-4.681640625014971e-05,1.33,0.5320000000001528,0.00802
b21_C,_9039_,XNOR2,0,3,2,1,33,4,6,-4.863281250000462e-05,2.66,1.063999999999396,0.00802
b21_C,_9041_,AOI221,0,3,5,2,34,3,5,3.3124999999856186e-05,2.926,1.3299999999999272,0.00802
b21_C,_9040_,NOR2,0,0,2,10,9,7,113,-0.0001500585937501686,1.33,0.5320000000001528,0.00802
b21_C,_9042_,AND3,0,1,3,1,35,2,1,-2.9687500000097344e-05,1.596,0.26599999999962165,0.00802
b21_C,_9043_,OAI211,0,1,4,0,36,1,0,-1.0703125000066649e-05,2.394,1.063999999999396,0.00802
b21_C,_9044_,NOR2,0,0,2,4,14,6,49,0.0,1.33,0.5320000000001528,0.00801
b21_C,_9045_,BUF,0,0,1,10,15,5,36,0.0,1.064,0.26599999999962165,0.00801
b21_C,_9046_,AOI222,0,0,6,1,21,4,3,-8.51562500003844e-06,3.724,1.5960000000004584,0.00802
b21_C,_9047_,XNOR2,0,0,2,2,28,4,7,0.0,2.66,1.063999999999396,0.00802
b21_C,_9048_,OAI221,0,0,5,1,29,3,2,-2.8125000000045475e-06,2.926,1.3299999999999272,0.00802
b21_C,_9049_,XNOR2,0,3,2,3,32,5,7,-5.753906250016705e-05,2.66,1.063999999999396,0.00802
b21_C,_9050_,AOI21,0,0,3,1,31,6,8,-0.00021386718750004974,1.862,0.7979999999997744,0.00802
b21_C,_9051_,XNOR2,0,0,2,1,32,5,7,0.0,2.66,1.063999999999396,0.00802
b21_C,_9052_,AOI22,0,3,4,1,33,4,6,-1.101562500016584e-05,2.394,1.063999999999396,0.00802
b21_C,_9053_,OAI21,0,3,3,2,34,3,5,-3.623046875000924e-05,1.862,0.7979999999997744,0.00802
b21_C,_9054_,AOI221,0,1,5,1,35,2,1,-8.900390625021792e-05,2.926,1.3299999999999272,0.00802
b21_C,_9055_,INV,0,1,1,0,36,1,0,-1.8671875000153548e-05,0.798,0.26599999999962165,0.00802
b21_C,_9056_,NOR2,0,3,2,1,31,5,8,5.449218749786766e-06,1.33,0.5320000000001528,0.00802
b21_C,_9057_,XNOR2,0,3,2,3,32,4,7,-1.5585937499951186e-05,2.66,1.063999999999396,0.00802
b21_C,_9058_,AOI22,0,0,4,2,10,7,73,0.0,2.394,1.063999999999396,0.00802
b21_C,_9059_,CLKBUF,0,0,1,10,11,6,66,5.039062499934133e-06,1.064,0.26599999999962165,0.00802
b21_C,_9060_,XNOR2,0,0,2,1,31,4,6,-0.00023261718750000604,2.66,1.063999999999396,0.00802
b21_C,_9061_,AOI21,0,0,3,8,9,6,49,3.4082031249882405e-05,1.862,0.7979999999997744,0.00802
b21_C,_9062_,OAI222,0,3,6,2,33,3,5,-3.107421875014893e-05,3.724,1.5960000000004584,0.00802
b21_C,_9063_,NAND2,0,1,2,1,34,2,1,-5.208984374993619e-05,1.33,0.5320000000001528,0.00802
b21_C,_9064_,AOI222,0,0,6,1,20,4,3,-1.0507812500115676e-05,3.724,1.5960000000004584,0.00802
b21_C,_9065_,XNOR2,0,0,2,2,27,4,7,-7.476562499997286e-05,2.66,1.063999999999396,0.00802
b21_C,_9066_,OAI221,0,0,5,1,28,3,2,-5.859375007410961e-08,2.926,1.3299999999999272,0.00802
b21_C,_9067_,INV,0,0,1,1,29,2,1,0.0,0.798,0.26599999999962165,0.00801
b21_C,_9068_,NAND3,0,0,3,10,15,4,18,-2.0742187500033538e-05,1.862,0.7979999999997744,0.00802
b21_C,_9069_,OAI211,0,1,4,0,35,1,0,-4.587890625007418e-05,2.394,1.063999999999396,0.00802
b21_C,_9070_,AOI22,0,0,4,1,17,4,3,0.0,2.394,1.063999999999396,0.00802
b21_C,_9071_,XNOR2,0,0,2,2,26,5,8,-2.824218749997165e-05,2.66,1.063999999999396,0.00802
b21_C,_9072_,OAI221,0,0,5,1,27,3,2,-2.382812499979181e-06,2.926,1.3299999999999272,0.00802
b21_C,_9073_,INV,0,0,1,1,28,2,1,0.0,0.798,0.26599999999962165,0.00801
b21_C,_9074_,NAND2,0,3,2,1,30,6,9,-0.00013978515625012733,1.33,0.5320000000001528,0.00802
b21_C,_9075_,XNOR2,0,3,2,3,31,5,8,2.267578124981462e-05,2.66,1.063999999999396,0.00802
b21_C,_9076_,CLKBUF,0,0,1,10,18,2,10,-2.3437500007439382e-07,1.064,0.26599999999962165,0.00801
b21_C,_9077_,CLKBUF,0,0,1,10,11,6,50,0.0,1.064,0.26599999999962165,0.00801
b21_C,_9078_,OAI222,0,3,6,1,32,4,5,-3.3906250000104166e-05,3.724,1.5960000000004584,0.00802
b21_C,_9079_,NOR2,0,0,2,1,30,5,6,-4.806640625010239e-05,1.33,0.5320000000001528,0.00802
b21_C,_9080_,XNOR2,0,0,2,1,31,4,5,0.0,2.66,1.063999999999396,0.00802
b21_C,_9081_,BUF,0,0,1,10,9,5,54,1.1718749992617461e-07,1.064,0.26599999999962165,0.00802
b21_C,_9082_,AOI21,0,3,3,2,33,3,4,2.9609374999850502e-05,1.862,0.7979999999997744,0.00802
b21_C,_9083_,OAI221,0,1,5,0,34,1,0,-0.00010152343750013948,2.926,1.3299999999999272,0.00802
b21_C,_9084_,NOR2,0,0,2,1,16,5,4,-1.367187500100897e-06,1.33,0.5320000000001528,0.00801
b21_C,_9085_,AOI221,0,0,5,1,18,4,3,-8.84765625008832e-06,2.926,1.3299999999999272,0.00802
b21_C,_9086_,XNOR2,0,0,2,2,25,4,7,-2.9589843750121858e-05,2.66,1.063999999999396,0.00802
b21_C,_9087_,OAI221,0,0,5,1,26,3,2,0.0,2.926,1.3299999999999272,0.00802
b21_C,_9088_,OAI21,0,3,3,1,29,6,8,-0.0004197265625001112,1.862,0.7979999999997744,0.00802
b21_C,_9089_,XNOR2,0,3,2,3,30,5,7,-1.8769531250129035e-05,2.66,1.063999999999396,0.00802
b21_C,_9090_,NAND2,0,0,2,1,29,6,8,-0.00015591796875003006,1.33,0.5320000000001528,0.00802
b21_C,_9091_,XNOR2,0,0,2,1,30,5,7,0.0,2.66,1.063999999999396,0.00802
b21_C,_9092_,AOI22,0,3,4,1,31,4,6,3.5156250000056843e-06,2.394,1.063999999999396,0.00802
b21_C,_9093_,OAI21,0,3,3,2,32,3,5,-3.1171875000124416e-05,1.862,0.7979999999997744,0.00802
b21_C,_9094_,AOI221,0,1,5,1,33,2,1,-7.224609375011681e-05,2.926,1.3299999999999272,0.00802
b21_C,_9095_,INV,0,1,1,0,34,1,0,-1.8906250000005898e-05,0.798,0.26599999999962165,0.00802
b21_C,_9096_,AOI222,0,0,6,1,17,4,3,-1.218750000009372e-05,3.724,1.5960000000004584,0.00802
b21_C,_9097_,XNOR2,0,0,2,2,24,5,8,-5.611328124999204e-05,2.66,1.063999999999396,0.00802
b21_C,_9098_,OAI221,0,0,5,1,25,3,2,-5.859375007410961e-08,2.926,1.3299999999999272,0.00802
b21_C,_9099_,XOR2,0,3,2,3,29,4,7,-0.000476699218750154,2.394,0.7979999999997744,0.00802
b21_C,_9100_,AOI21,0,0,3,1,30,2,1,-5.999999999994898e-05,1.862,0.7979999999997744,0.00802
b21_C,_9101_,OAI21,0,0,3,2,28,6,7,-0.0002230468749999659,1.862,0.7979999999997744,0.00802
b21_C,_9102_,OAI21,0,0,3,1,29,5,6,0.0,1.862,0.7979999999997744,0.00802
b21_C,_9103_,AOI21,0,0,3,1,30,4,5,0.0,1.862,0.7979999999997744,0.00802
b21_C,_9104_,AOI221,0,3,5,2,31,3,4,1.4335937499998508e-05,2.926,1.3299999999999272,0.00802
b21_C,_9105_,OAI21,0,1,3,0,32,1,0,-6.693359374998487e-05,1.862,0.7979999999997744,0.00802
b21_C,_9106_,AOI222,0,0,6,1,23,4,3,3.906249999019451e-07,3.724,1.5960000000004584,0.00802
b21_C,_9107_,NOR2,0,3,2,1,28,7,9,-0.00018320312499997549,1.33,0.5320000000001528,0.00802
b21_C,_9108_,XNOR2,0,3,2,3,29,6,8,-2.554687500011532e-05,2.66,1.063999999999396,0.00802
b21_C,_9109_,XNOR2,0,0,2,1,28,7,9,-0.00026802734375008797,2.66,1.063999999999396,0.00802
b21_C,_9110_,NAND2,0,0,2,1,29,6,8,-1.7578125000028422e-07,1.33,0.5320000000001528,0.00802
b21_C,_9111_,OAI221,0,3,5,1,30,5,7,-2.9707031250270077e-05,2.926,1.3299999999999272,0.00802
b21_C,_9112_,CLKBUF,0,0,1,10,10,5,45,0.0,1.064,0.26599999999962165,0.00801
b21_C,_9113_,AOI21,0,3,3,2,31,4,6,1.978515625000732e-05,1.862,0.7979999999997744,0.00802
b21_C,_9114_,OAI221,0,1,5,1,32,3,2,-9.503906250007965e-05,2.926,1.3299999999999272,0.00802
b21_C,_9115_,NAND2,0,0,2,1,23,5,7,-0.00012150390625009777,1.33,0.5320000000001528,0.00801
b21_C,_9116_,XNOR2,0,0,2,2,24,4,6,0.0,2.66,1.063999999999396,0.00802
b21_C,_9117_,AOI21,0,1,3,1,33,2,1,-1.6015624999532463e-06,1.862,0.7979999999997744,0.00802
b21_C,_9118_,INV,0,1,1,0,34,1,0,-1.2578124999995666e-05,0.798,0.26599999999962165,0.00801
b21_C,_9119_,AOI22,0,0,4,1,15,4,3,0.0,2.394,1.063999999999396,0.00802
b21_C,_9120_,NAND2,0,0,2,6,15,4,18,-1.5859375000149e-05,1.33,0.5320000000001528,0.00801
b21_C,_9121_,OAI221,0,0,5,1,22,3,2,-3.906250012342127e-08,2.926,1.3299999999999272,0.00802
b21_C,_9122_,AOI21,0,3,3,1,27,5,8,-0.0005771093749999956,1.862,0.7979999999997744,0.00802
b21_C,_9123_,XNOR2,0,3,2,3,28,4,7,-2.1738281249961133e-05,2.66,1.063999999999396,0.00802
b21_C,_9124_,XOR2,0,0,2,2,23,6,8,-0.00013814453125005066,2.394,0.7979999999997744,0.00802
b21_C,_9125_,AOI221,0,0,5,1,29,2,1,-4.255859375001947e-05,2.926,1.3299999999999272,0.00802
b21_C,_9126_,CLKBUF,0,0,1,10,12,7,54,0.0,1.064,0.26599999999962165,0.00801
b21_C,_9127_,NOR2,0,0,2,1,27,5,6,-0.00010785156250014971,1.33,0.5320000000001528,0.00802
b21_C,_9128_,XNOR2,0,0,2,1,28,4,5,-4.960937500131379e-06,2.66,1.063999999999396,0.00802
b21_C,_9129_,AOI222,0,3,6,2,29,3,4,4.658203124985327e-05,3.724,1.5960000000004584,0.00802
b21_C,_9130_,OAI21,0,1,3,0,30,1,0,-6.720703125018268e-05,1.862,0.7979999999997744,0.00802
b21_C,_9131_,NOR2,0,0,2,1,13,5,4,-5.273437500008527e-07,1.33,0.5320000000001528,0.00801
b21_C,_9132_,AOI221,0,0,5,1,17,4,3,-8.867187500039009e-06,2.926,1.3299999999999272,0.00802
b21_C,_9133_,NOR2,0,0,2,2,22,7,19,-3.6035156250058265e-05,1.33,0.5320000000001528,0.00802
b21_C,_9134_,AOI21,0,0,3,1,23,6,9,0.0,1.862,0.7979999999997744,0.00802
b21_C,_9135_,OR2,0,0,2,2,24,5,8,-5.431640625008782e-05,1.33,0.26600000000053114,0.00802
b21_C,_9136_,OAI221,0,0,5,1,25,3,2,0.0,2.926,1.3299999999999272,0.00802
b21_C,_9137_,XOR2,0,3,2,3,27,4,7,-0.0007933789062499752,2.394,0.7979999999997744,0.00802
b21_C,_9138_,AOI21,0,0,3,1,28,2,1,-5.208984374993619e-05,1.862,0.7979999999997744,0.00802
b21_C,_9139_,AOI21,0,0,3,1,26,5,6,-0.00021355468749995055,1.862,0.7979999999997744,0.00802
b21_C,_9140_,XOR2,0,0,2,1,27,4,5,-8.45703124996433e-06,2.394,0.7979999999997744,0.00802
b21_C,_9141_,AOI222,0,3,6,2,28,3,4,2.273437499988873e-05,3.724,1.5960000000004584,0.00802
b21_C,_9142_,OAI21,0,1,3,0,29,1,0,-6.712890624993584e-05,1.862,0.7979999999997744,0.00802
b21_C,_9143_,XNOR2,0,0,2,2,23,5,8,0.0,2.66,1.063999999999396,0.00802
b21_C,_9144_,NOR2,0,0,2,1,24,3,2,-5.859375007410961e-08,1.33,0.5320000000001528,0.00801
b21_C,_9145_,NAND2,0,0,2,1,17,4,3,0.0,1.33,0.5320000000001528,0.00801
b21_C,_9146_,OAI221,0,0,5,1,18,3,2,-4.6875000014878765e-07,2.926,1.3299999999999272,0.00802
b21_C,_9147_,AOI211,0,0,4,1,25,2,1,-9.765625019753088e-08,2.394,1.063999999999396,0.00802
b21_C,_9148_,NOR2,0,3,2,1,26,6,7,-0.00013880859375015042,1.33,0.5320000000001528,0.00802
b21_C,_9149_,XNOR2,0,3,2,3,27,5,6,-2.734375000001954e-05,2.66,1.063999999999396,0.00802
b21_C,_9150_,NOR2,0,3,2,1,28,4,5,-1.6308593750125056e-05,1.33,0.5320000000001528,0.00802
b21_C,_9151_,XNOR2,0,0,2,1,26,4,5,-0.00030722656250015135,2.66,1.063999999999396,0.00802
b21_C,_9152_,AOI221,0,3,5,2,29,3,4,4.97265624999077e-05,2.926,1.3299999999999272,0.00802
b21_C,_9153_,OAI221,0,1,5,0,30,1,0,-0.00012058593749997293,2.926,1.3299999999999272,0.00802
b21_C,_9154_,NAND2,0,3,2,1,25,7,12,-0.0004510156250001618,1.33,0.5320000000001528,0.00802
b21_C,_9155_,XOR2,0,3,2,3,26,6,11,4.884765624990628e-05,2.394,0.7979999999997744,0.00802
b21_C,_9156_,OAI222,0,3,6,1,27,5,7,-5.074218750000803e-05,3.724,1.5960000000004584,0.00802
b21_C,_9157_,NOR2,0,0,2,1,25,6,8,-0.00010785156250014971,1.33,0.5320000000001528,0.00802
b21_C,_9158_,XOR2,0,0,2,1,26,5,7,0.0,2.394,0.7979999999997744,0.00802
b21_C,_9159_,AOI21,0,3,3,2,28,4,6,2.8105468749872742e-05,1.862,0.7979999999997744,0.00802
b21_C,_9160_,NOR2,0,1,2,1,29,3,2,-5.683593750016591e-05,1.33,0.5320000000001528,0.00802
b21_C,_9161_,AOI22,0,0,4,1,20,4,3,0.0,2.394,1.063999999999396,0.00802
b21_C,_9162_,XNOR2,0,0,2,2,22,4,6,-4.541015624992539e-05,2.66,1.063999999999396,0.00802
b21_C,_9163_,OAI221,0,0,5,1,27,3,2,-6.812500000008548e-05,2.926,1.3299999999999272,0.00802
b21_C,_9164_,NOR2,0,1,2,1,30,2,1,3.164062500005116e-06,1.33,0.5320000000001528,0.00802
b21_C,_9165_,OAI21,0,1,3,0,31,1,0,-1.5625000000074607e-05,1.862,0.7979999999997744,0.00802
b21_C,_9166_,AOI22,0,0,4,1,15,4,3,0.0,2.394,1.063999999999396,0.00802
b21_C,_9167_,OAI221,0,0,5,1,20,3,2,-4.134765624996817e-05,2.926,1.3299999999999272,0.00802
b21_C,_9168_,OAI21,0,3,3,1,24,5,8,-0.0007300585937499715,1.862,0.7979999999997744,0.00802
b21_C,_9169_,XOR2,0,3,2,3,25,4,7,-4.013671875013891e-05,2.394,0.7979999999997744,0.00802
b21_C,_9170_,NAND2,0,0,2,1,21,5,7,-6.255859374992845e-05,1.33,0.5320000000001528,0.00801
b21_C,_9171_,XNOR2,0,0,2,2,22,4,6,-4.8242187500102673e-05,2.66,1.063999999999396,0.00802
b21_C,_9172_,AOI221,0,0,5,1,26,2,1,-3.716796875008477e-05,2.926,1.3299999999999272,0.00802
b21_C,_9173_,AOI21,0,0,3,1,24,6,7,-0.0003000976562501645,1.862,0.7979999999997744,0.00802
b21_C,_9174_,XOR2,0,0,2,1,25,5,6,0.0,2.394,0.7979999999997744,0.00802
b21_C,_9176_,AOI221,0,3,5,2,27,3,4,4.19140624998704e-05,2.926,1.3299999999999272,0.00802
b21_C,_9175_,NOR2,0,0,2,1,26,4,5,-1.0546875000239098e-05,1.33,0.5320000000001528,0.00802
b21_C,_9177_,OAI21,0,1,3,0,28,1,0,-6.980468750006352e-05,1.862,0.7979999999997744,0.00802
b21_C,_9178_,XNOR2,0,0,2,2,21,5,7,-7.67578125000501e-05,2.66,1.063999999999396,0.00802
b21_C,_9179_,NAND2,0,0,2,1,22,4,3,-1.9531249950688334e-08,1.33,0.5320000000001528,0.00802
b21_C,_9180_,AOI22,0,0,4,1,17,4,3,0.0,2.394,1.063999999999396,0.00802
b21_C,_9181_,OAI211,0,0,4,1,23,3,2,-1.523437500150493e-06,2.394,1.063999999999396,0.00802
b21_C,_9182_,XOR2,0,0,2,3,24,5,7,-0.0010918554687500137,2.394,0.7979999999997744,0.00802
b21_C,_9183_,AOI21,0,0,3,1,25,2,1,-2.097656250010793e-05,1.862,0.7979999999997744,0.00802
b21_C,_9184_,XOR2,0,3,2,1,24,6,7,-0.000468281250000091,2.394,0.7979999999997744,0.00802
b21_C,_9185_,OAI22,0,3,4,1,25,5,6,-5.949218750012086e-05,2.394,1.063999999999396,0.00802
b21_C,_9186_,AOI221,0,3,5,2,26,4,5,4.089843749999211e-05,2.926,1.3299999999999272,0.00802
b21_C,_9187_,OAI21,0,1,3,0,27,1,0,-6.603515625003276e-05,1.862,0.7979999999997744,0.00802
b21_C,_9188_,XNOR2,0,0,2,2,20,5,8,-4.751953125015085e-05,2.66,1.063999999999396,0.00802
b21_C,_9189_,NOR2,0,0,2,1,21,3,2,-5.859375007410961e-08,1.33,0.5320000000001528,0.00802
b21_C,_9190_,NAND2,0,0,2,1,16,4,3,0.0,1.33,0.5320000000001528,0.00801
b21_C,_9191_,OAI221,0,0,5,1,18,3,2,-4.6875000014878765e-07,2.926,1.3299999999999272,0.00802
b21_C,_9192_,AOI211,0,0,4,1,22,2,1,-8.554687500161862e-06,2.394,1.063999999999396,0.00802
b21_C,_9193_,NOR2,0,3,2,1,23,6,7,-0.00037029296875012996,1.33,0.5320000000001528,0.00802
b21_C,_9194_,XOR2,0,3,2,3,24,5,6,5.625000000009095e-06,2.394,0.7979999999997744,0.00802
b21_C,_9195_,OAI22,0,3,4,1,25,4,5,-5.332031250016023e-05,2.394,1.063999999999396,0.00802
b21_C,_9196_,NOR2,0,0,2,1,23,5,6,-0.00015404296875010104,1.33,0.5320000000001528,0.00802
b21_C,_9197_,XOR2,0,0,2,1,24,4,5,0.0,2.394,0.7979999999997744,0.00802
b21_C,_9198_,AOI21,0,3,3,2,26,3,4,3.664062499986187e-05,1.862,0.7979999999997744,0.00802
b21_C,_9199_,OAI221,0,1,5,0,27,1,0,-0.0001246484375001522,2.926,1.3299999999999272,0.00802
b21_C,_9200_,NAND2,0,0,2,1,19,5,7,-6.222656250010061e-05,1.33,0.5320000000001528,0.00801
b21_C,_9201_,XNOR2,0,0,2,2,20,4,6,-2.2597656250011866e-05,2.66,1.063999999999396,0.00802
b21_C,_9202_,NAND2,0,0,2,1,21,2,1,-1.9531249950688334e-08,1.33,0.5320000000001528,0.00801
b21_C,_9203_,AOI22,0,0,4,1,17,4,3,0.0,2.394,1.063999999999396,0.00802
b21_C,_9204_,OAI21,0,0,3,1,18,3,2,-2.228515625013472e-05,1.862,0.7979999999997744,0.00802
b21_C,_9206_,XNOR2,0,2,2,3,23,4,7,-1.0234375000139906e-05,2.66,1.063999999999396,0.00802
b21_C,_9205_,AOI21,0,2,3,1,22,5,8,-0.0012692773437501526,1.862,0.7979999999997744,0.00802
b21_C,_9207_,AOI21,0,0,3,1,24,2,1,-3.4511718750129816e-05,1.862,0.7979999999997744,0.00802
b21_C,_9208_,AOI22,0,0,4,1,16,5,6,-1.8574218750178062e-05,2.394,1.063999999999396,0.00802
b21_C,_9209_,AOI21,0,1,3,1,22,6,7,-0.00035253906250010125,1.862,0.7979999999997744,0.00802
b21_C,_9210_,XNOR2,0,1,2,1,23,5,6,-1.3671875000120792e-05,2.66,1.063999999999396,0.00802
b21_C,_9211_,OAI21,0,1,3,1,24,4,5,-2.1914062500183462e-05,1.862,0.7979999999997744,0.00802
b21_C,_9212_,AOI21,0,1,3,2,25,3,4,-2.4101562499989626e-05,1.862,0.7979999999997744,0.00802
b21_C,_9213_,OAI211,0,1,4,0,26,1,0,-1.763671875010253e-05,2.394,1.063999999999396,0.00802
b21_C,_9214_,NOR2,0,0,2,1,12,5,4,0.0,1.33,0.5320000000001528,0.00801
b21_C,_9215_,AOI221,0,0,5,1,16,4,3,0.0,2.926,1.3299999999999272,0.00802
b21_C,_9217_,XNOR2,0,3,2,3,22,4,7,-0.0015586523437500777,2.66,1.063999999999396,0.00802
b21_C,_9216_,OAI21,0,0,3,1,17,3,2,-2.4023437499298694e-06,1.862,0.7979999999997744,0.00802
b21_C,_9218_,XNOR2,0,0,2,2,19,4,6,-7.587890625004867e-05,2.66,1.063999999999396,0.00802
b21_C,_9219_,AOI221,0,0,5,1,23,2,1,-5.9804687500220055e-05,2.926,1.3299999999999272,0.00802
b21_C,_9220_,XOR2,0,0,2,1,22,4,5,-0.0005659570312501749,2.394,0.7979999999997744,0.00802
b21_C,_9221_,AOI222,0,3,6,2,23,3,4,3.4648437499784634e-05,3.724,1.5960000000004584,0.00802
b21_C,_9222_,OAI21,0,1,3,0,24,1,0,-6.974609374998941e-05,1.862,0.7979999999997744,0.00802
b21_C,_9223_,AOI222,0,0,6,1,16,4,3,-9.785156250163851e-06,3.724,1.5960000000004584,0.00802
b21_C,_9224_,XNOR2,0,0,2,2,18,5,8,-3.9316406249989555e-05,2.66,1.063999999999396,0.00802
b21_C,_9225_,OAI221,0,0,5,1,19,3,2,-5.859375007410961e-08,2.926,1.3299999999999272,0.00802
b21_C,_9226_,INV,0,0,1,1,20,2,1,0.0,0.798,0.26599999999962165,0.00801
b21_C,_9227_,NOR2,0,0,2,1,21,6,7,-0.0005327929687501953,1.33,0.5320000000001528,0.00802
b21_C,_9228_,XNOR2,0,0,2,3,22,5,6,-3.5156250000056843e-07,2.66,1.063999999999396,0.00802
b21_C,_9229_,NOR2,0,3,2,1,21,6,7,-0.0001443750000000854,1.33,0.5320000000001528,0.00802
b21_C,_9230_,XOR2,0,3,2,1,22,5,6,-5.22265625000351e-05,2.394,0.7979999999997744,0.00802
b21_C,_9231_,OAI22,0,3,4,1,23,4,5,-5.412109375013685e-05,2.394,1.063999999999396,0.00802
b21_C,_9232_,AOI21,0,3,3,2,24,3,4,3.0332031249802327e-05,1.862,0.7979999999997744,0.00802
b21_C,_9233_,OAI221,0,1,5,0,25,1,0,-7.744140625010054e-05,2.926,1.3299999999999272,0.00802
b21_C,_9234_,AOI222,0,0,6,1,16,4,3,-5.156250000082352e-06,3.724,1.5960000000004584,0.00802
b21_C,_9235_,OAI21,0,0,3,1,17,3,2,-6.074218750207194e-06,1.862,0.7979999999997744,0.00802
b21_C,_9236_,AOI21,0,0,3,1,20,5,8,-0.001210742187500058,1.862,0.7979999999997744,0.00802
b21_C,_9237_,XNOR2,0,0,2,3,21,4,7,-9.960937501496403e-07,2.66,1.063999999999396,0.00802
b21_C,_9238_,XNOR2,0,0,2,2,17,4,6,-0.00011478515624996355,2.66,1.063999999999396,0.00802
b21_C,_9239_,AOI221,0,0,5,1,22,2,1,-1.6542968749977405e-05,2.926,1.3299999999999272,0.00802
b21_C,_9240_,AOI21,0,3,3,1,20,5,6,-0.0005902539062501155,1.862,0.7979999999997744,0.00802
b21_C,_9241_,XOR2,0,3,2,1,21,4,5,-6.283203125012626e-05,2.394,0.7979999999997744,0.00802
b21_C,_9242_,AOI222,0,3,6,2,22,3,4,4.390624999994763e-05,3.724,1.5960000000004584,0.00802
b21_C,_9243_,OAI21,0,1,3,0,23,1,0,-6.937500000003816e-05,1.862,0.7979999999997744,0.00802
b21_C,_9244_,AOI22,0,0,4,1,15,4,3,0.0,2.394,1.063999999999396,0.00802
b21_C,_9245_,OAI221,0,0,5,1,16,3,2,0.0,2.926,1.3299999999999272,0.00802
b21_C,_9246_,XNOR2,0,3,2,3,20,4,7,-0.0017932812500003337,2.66,1.063999999999396,0.00802
b21_C,_9247_,NOR2,0,0,2,1,16,5,7,-3.626953125013266e-05,1.33,0.5320000000001528,0.00802
b21_C,_9248_,XNOR2,0,0,2,2,17,4,6,0.0,2.66,1.063999999999396,0.00802
b21_C,_9250_,XOR2,0,0,2,1,20,4,5,-0.0009470898437502484,2.394,0.7979999999997744,0.00802
b21_C,_9249_,AOI221,0,0,5,1,21,2,1,-5.9687500000071836e-05,2.926,1.3299999999999272,0.00802
b21_C,_9251_,AOI222,0,3,6,2,21,3,4,3.361328124995566e-05,3.724,1.5960000000004584,0.00802
b21_C,_9252_,OAI21,0,1,3,0,22,1,0,-7.162109375014047e-05,1.862,0.7979999999997744,0.00802
b21_C,_9253_,AOI222,0,0,6,1,16,4,3,4.2968749980332177e-07,3.724,1.5960000000004584,0.00802
b21_C,_9254_,NOR2,0,3,2,1,19,7,9,-0.00027953125000013124,1.33,0.5320000000001528,0.00802
b21_C,_9255_,XOR2,0,3,2,3,20,6,8,2.304687499954383e-06,2.394,0.7979999999997744,0.00802
b21_C,_9256_,AOI22,0,0,4,1,15,6,8,-1.8144531250152696e-05,2.394,1.063999999999396,0.00802
b21_C,_9257_,OAI21,0,3,3,1,21,5,7,-2.9746093750171454e-05,1.862,0.7979999999997744,0.00802
b21_C,_9258_,OR2,0,0,2,1,19,6,8,-5.5468750000065015e-05,1.33,0.26600000000053114,0.00802
b21_C,_9259_,XNOR2,0,0,2,1,20,5,7,0.0,2.66,1.063999999999396,0.00802
b21_C,_9260_,AOI21,0,3,3,2,22,4,6,3.1406249999976765e-05,1.862,0.7979999999997744,0.00802
b21_C,_9261_,OAI221,0,1,5,1,23,3,2,-0.00012099609375026965,2.926,1.3299999999999272,0.00802
b21_C,_9262_,INV,0,1,1,1,24,2,1,-4.472656250031903e-06,0.798,0.26599999999962165,0.00801
b21_C,_9263_,XNOR2,0,0,2,2,16,5,6,-4.582031250000007e-05,2.66,1.063999999999396,0.00802
b21_C,_9264_,OAI21,0,1,3,0,25,1,0,-7.148437500159588e-06,1.862,0.7979999999997744,0.00802
b21_C,_9265_,NOR2,0,0,2,1,12,5,4,0.0,1.33,0.5320000000001528,0.00801
b21_C,_9266_,AOI221,0,0,5,1,16,4,3,-4.687500000155609e-06,2.926,1.3299999999999272,0.00802
b21_C,_9267_,OAI21,0,0,3,1,17,3,2,-4.707031250106297e-06,1.862,0.7979999999997744,0.00802
b21_C,_9268_,NAND2,0,0,2,1,18,5,8,-0.0007616992187502447,1.33,0.5320000000001528,0.00802
b21_C,_9269_,XNOR2,0,0,2,3,19,4,7,-1.2304687500019895e-06,2.66,1.063999999999396,0.00802
b21_C,_9270_,NAND2,0,0,2,1,15,5,7,-6.041015625002366e-05,1.33,0.5320000000001528,0.00801
b21_C,_9271_,XNOR2,0,0,2,2,16,4,6,-4.707031250106297e-06,2.66,1.063999999999396,0.00802
b21_C,_9272_,AOI221,0,0,5,1,20,2,1,-2.283203125008626e-05,2.926,1.3299999999999272,0.00802
b21_C,_9273_,NAND2,0,3,2,1,18,5,6,-0.0004885546874999758,1.33,0.5320000000001528,0.00802
b21_C,_9274_,XOR2,0,3,2,1,19,4,5,-2.9023437499997584e-05,2.394,0.7979999999997744,0.00802
b21_C,_9275_,AOI222,0,3,6,2,20,3,4,3.683593749981284e-05,3.724,1.5960000000004584,0.00802
b21_C,_9276_,OAI21,0,1,3,0,21,1,0,-6.937500000003816e-05,1.862,0.7979999999997744,0.00802
b21_C,_9277_,NOR2,0,0,2,1,13,5,4,-5.664062501242739e-07,1.33,0.5320000000001528,0.00801
b21_C,_9278_,AOI221,0,0,5,1,16,4,3,-8.18359374998856e-06,2.926,1.3299999999999272,0.00802
b21_C,_9279_,XNOR2,0,0,2,2,15,5,8,-7.617187499997513e-05,2.66,1.063999999999396,0.00802
b21_C,_9280_,OAI221,0,0,5,1,17,3,2,0.0,2.926,1.3299999999999272,0.00802
b21_C,_9281_,OAI21,0,0,3,1,17,5,8,-0.001631640625000097,1.862,0.7979999999997744,0.00802
b21_C,_9282_,XOR2,0,0,2,3,18,4,7,-3.3574218750054285e-05,2.394,0.7979999999997744,0.00802
b21_C,_9283_,AOI21,0,0,3,1,19,2,1,-3.251953125005258e-05,1.862,0.7979999999997744,0.00802
b21_C,_9284_,OAI21,0,3,3,1,17,5,6,-0.0007884765624999179,1.862,0.7979999999997744,0.00802
b21_C,_9285_,XNOR2,0,3,2,1,18,4,5,-3.404296875020307e-05,2.66,1.063999999999396,0.00802
b21_C,_9286_,AOI222,0,3,6,2,19,3,4,3.931640624976751e-05,3.724,1.5960000000004584,0.00802
b21_C,_9287_,OAI21,0,1,3,0,20,1,0,-6.699218750005898e-05,1.862,0.7979999999997744,0.00802
b21_C,_9288_,AOI222,0,0,6,1,15,4,3,-6.640625000997602e-07,3.724,1.5960000000004584,0.00802
b21_C,_9289_,XNOR2,0,0,2,2,14,5,8,-2.8789062500145235e-05,2.66,1.063999999999396,0.00802
b21_C,_9290_,OAI221,0,0,5,1,16,3,2,0.0,2.926,1.3299999999999272,0.00802
b21_C,_9292_,XOR2,0,3,2,1,17,6,8,-0.0012663476562499998,2.394,0.7979999999997744,0.00802
b21_C,_9291_,XNOR2,0,0,2,3,17,6,8,-0.002121542968750223,2.66,1.063999999999396,0.00802
b21_C,_9293_,AOI22,0,3,4,1,18,5,7,-2.2128906250307168e-05,2.394,1.063999999999396,0.00802
b21_C,_9294_,OAI21,0,3,3,2,19,4,6,-0.0007837304687501323,1.862,0.7979999999997744,0.00802
b21_C,_9295_,AOI221,0,1,5,1,20,2,1,-5.8867187500144524e-05,2.926,1.3299999999999272,0.00802
b21_C,_9296_,INV,0,1,1,0,21,1,0,-1.861328125007944e-05,0.798,0.26599999999962165,0.00802
b21_C,_9297_,XNOR2,0,0,2,2,13,6,10,-5.011718750003169e-05,2.66,1.063999999999396,0.00802
b21_C,_9298_,NOR2,0,0,2,1,16,5,4,-1.1718750014821921e-07,1.33,0.5320000000001528,0.00802
b21_C,_9299_,AOI21,0,0,3,1,17,4,3,-3.906250001239897e-07,1.862,0.7979999999997744,0.00802
b21_C,_9300_,NOR2,0,3,2,1,16,6,11,-0.0008122070312499563,1.33,0.5320000000001528,0.00802
b21_C,_9301_,XOR2,0,3,2,3,17,5,10,5.1953124999837286e-06,2.394,0.7979999999997744,0.00802
b21_C,_9302_,OAI221,0,1,5,1,18,3,2,-5.8515625000143956e-05,2.926,1.3299999999999272,0.00802
b21_C,_9303_,AOI21,0,1,3,1,19,2,1,-6.835937500504485e-07,1.862,0.7979999999997744,0.00802
b21_C,_9304_,AOI22,0,0,4,1,15,5,6,-2.1230468750133014e-05,2.394,1.063999999999396,0.00802
b21_C,_9305_,OAI21,0,0,3,1,18,4,5,-5.2128906250059615e-05,1.862,0.7979999999997744,0.00802
b21_C,_9306_,NOR2,0,0,2,1,15,5,6,-0.00038240234374997684,1.33,0.5320000000001528,0.00802
b21_C,_9307_,XOR2,0,0,2,1,16,4,5,0.0,2.394,0.7979999999997744,0.00802
b21_C,_9308_,AOI21,0,0,3,2,19,3,4,2.34374999985576e-06,1.862,0.7979999999997744,0.00802
b21_C,_9309_,OAI21,0,1,3,0,20,1,0,-4.7226562500002345e-05,1.862,0.7979999999997744,0.00802
b21_C,_9310_,NAND2,0,0,2,1,12,8,12,-9.318359375010132e-05,1.33,0.5320000000001528,0.00802
b21_C,_9311_,AOI21,0,0,3,1,13,7,11,0.0,1.862,0.7979999999997744,0.00802
b21_C,_9312_,NAND2,0,0,2,2,14,6,10,-3.3867187499980744e-05,1.33,0.5320000000001528,0.00801
b21_C,_9313_,NOR2,0,0,2,1,15,5,4,0.0,1.33,0.5320000000001528,0.00802
b21_C,_9314_,NAND2,0,0,2,2,14,6,8,-0.00015044921875007056,1.33,0.5320000000001528,0.00802
b21_C,_9315_,AOI21,0,3,3,1,14,8,11,-0.0013922460937501047,1.862,0.7979999999997744,0.00802
b21_C,_9316_,XOR2,0,3,2,3,16,7,10,-4.5429687500098126e-05,2.394,0.7979999999997744,0.00802
b21_C,_9317_,AOI21,0,0,3,1,14,8,10,-0.0008798046875000409,1.862,0.7979999999997744,0.00802
b21_C,_9318_,XNOR2,0,0,2,1,16,7,9,-6.40625000003503e-06,2.66,1.063999999999396,0.00802
b21_C,_9319_,AOI22,0,3,4,2,17,6,8,3.6816406249862155e-05,2.394,1.063999999999396,0.00802
b21_C,_9320_,NAND2,0,1,2,1,18,5,4,-5.9355468750021956e-05,1.33,0.5320000000001528,0.00802
b21_C,_9321_,OAI21,0,1,3,1,19,4,3,-1.804687500017721e-05,1.862,0.7979999999997744,0.00802
b21_C,_9322_,NOR2,0,0,2,1,13,5,4,-5.664062501242739e-07,1.33,0.5320000000001528,0.00801
b21_C,_9323_,AOI221,0,0,5,1,16,4,3,0.0,2.926,1.3299999999999272,0.00802
b21_C,_9324_,OAI211,0,1,4,1,20,3,2,-0.000582714843750054,2.394,1.063999999999396,0.00802
b21_C,_9325_,AOI21,0,1,3,1,21,2,1,-3.976562499996561e-05,1.862,0.7979999999997744,0.00802
b21_C,_9326_,INV,0,1,1,0,22,1,0,-1.2656250000020464e-05,0.798,0.26599999999962165,0.00801
b21_C,_9327_,XNOR2,0,3,2,3,15,4,7,-0.0022448046875001015,2.66,1.063999999999396,0.00802
b21_C,_9328_,AOI22,0,0,4,1,18,2,1,-4.4550781250096705e-05,2.394,1.063999999999396,0.00802
b21_C,_9329_,XNOR2,0,0,2,2,12,5,8,-0.0001179687500001414,2.66,1.063999999999396,0.00802
b21_C,_9330_,OAI22,0,0,4,1,16,3,2,-6.054687500256506e-07,2.394,1.063999999999396,0.00802
b21_C,_9331_,AOI221,0,0,5,1,17,2,1,-9.667968750015632e-06,2.926,1.3299999999999272,0.00802
b21_C,_9332_,OAI21,0,0,3,1,15,5,6,-0.0011140234375000002,1.862,0.7979999999997744,0.00802
b21_C,_9333_,AOI21,0,0,3,1,16,4,5,-0.0011597460937500248,1.862,0.7979999999997744,0.00802
b21_C,_9334_,AOI221,0,3,5,2,17,3,4,4.724609374973099e-05,2.926,1.3299999999999272,0.00802
b21_C,_9335_,OAI211,0,1,4,0,19,1,0,-8.54687500000395e-05,2.394,1.063999999999396,0.00802
b21_C,_9336_,NOR2,0,0,2,1,11,6,9,-1.470703125017181e-05,1.33,0.5320000000001528,0.00802
b21_C,_9337_,XNOR2,0,0,2,2,12,5,8,0.0,2.66,1.063999999999396,0.00802
b21_C,_9338_,NOR2,0,0,2,1,16,3,2,0.0,1.33,0.5320000000001528,0.00802
b21_C,_9339_,AOI221,0,0,5,1,17,2,1,0.0,2.926,1.3299999999999272,0.00802
b21_C,_9340_,OR2,0,0,2,1,13,5,8,-0.00027164062500006914,1.33,0.26600000000053114,0.00802
b21_C,_9341_,XOR2,0,0,2,3,14,4,7,0.0,2.394,0.7979999999997744,0.00802
b21_C,_9342_,AOI22,0,1,4,1,18,2,1,-1.1484375000092584e-05,2.394,1.063999999999396,0.00802
b21_C,_9343_,AOI22,0,2,4,1,14,5,6,-0.00014896484375004349,2.394,1.063999999999396,0.00802
b21_C,_9344_,NOR2,0,0,2,1,13,6,7,-0.0002906835937499519,1.33,0.5320000000001528,0.00802
b21_C,_9345_,XNOR2,0,0,2,1,14,5,6,0.0,2.66,1.063999999999396,0.00802
b21_C,_9346_,OAI21,0,2,3,1,15,4,5,-3.55273437500081e-05,1.862,0.7979999999997744,0.00802
b21_C,_9347_,AOI21,0,2,3,2,16,3,4,2.4394531249916085e-05,1.862,0.7979999999997744,0.00802
b21_C,_9348_,OAI211,0,1,4,0,19,1,0,-4.880859375022695e-05,2.394,1.063999999999396,0.00802
b21_C,_9349_,XOR2,0,0,2,2,11,5,8,-1.9042968750104805e-05,2.394,0.7979999999997744,0.00802
b21_C,_9350_,AOI222,0,1,6,1,16,4,3,-2.3437500000778044e-06,3.724,1.5960000000004584,0.00802
b21_C,_9351_,INV,0,1,1,1,17,3,2,-1.8007812500053788e-05,0.798,0.26599999999962165,0.00801
b21_C,_9352_,AOI221,0,1,5,1,18,2,1,2.8125000000045475e-06,2.926,1.3299999999999272,0.00802
b21_C,_9353_,NAND2,0,0,2,1,12,6,7,-3.697265624991175e-05,1.33,0.5320000000001528,0.00802
b21_C,_9354_,XOR2,0,2,2,3,13,5,6,2.999999999997449e-05,2.394,0.7979999999997744,0.00802
b21_C,_9355_,NOR2,0,0,2,1,12,6,7,-2.4980468749991047e-05,1.33,0.5320000000001528,0.00802
b21_C,_9356_,XNOR2,0,0,2,1,13,5,6,-2.3906250000038654e-05,2.66,1.063999999999396,0.00802
b21_C,_9357_,OAI22,0,2,4,1,14,4,5,-3.769531250008562e-05,2.394,1.063999999999396,0.00802
b21_C,_9358_,AOI21,0,2,3,2,15,3,4,-9.589843750212879e-06,1.862,0.7979999999997744,0.00802
b21_C,_9359_,OAI221,0,1,5,0,19,1,0,-0.0001176562500000422,2.926,1.3299999999999272,0.00802
b21_C,_9360_,NAND2,0,0,2,1,17,3,2,-5.859375007410961e-08,1.33,0.5320000000001528,0.00801
b21_C,_9361_,AOI22,0,0,4,1,18,2,1,-1.5585937499951186e-05,2.394,1.063999999999396,0.00802
b21_C,_9362_,AOI22,0,1,4,1,18,2,1,-1.21484374999703e-05,2.394,1.063999999999396,0.00802
b21_C,_9363_,NAND2,0,0,2,1,12,4,5,-1.3613281250046683e-05,1.33,0.5320000000001528,0.00802
b21_C,_9364_,AOI22,0,0,4,2,13,3,4,-2.4863281250064873e-05,2.394,1.063999999999396,0.00802
b21_C,_9365_,OAI211,0,1,4,0,19,1,0,-7.63671875003702e-06,2.394,1.063999999999396,0.00802
b21_C,_9366_,NAND2,0,32,2,5,11,3,35,-0.0003399023437500315,1.33,0.5320000000001528,0.00802
b21_C,_9367_,BUF,0,10,1,10,12,2,10,1.660156249982947e-05,1.064,0.26599999999962165,0.00801
b21_C,_9368_,AND2,0,1,2,0,13,1,0,-1.8964843750080007e-05,1.33,0.26600000000053114,0.00801
b21_C,_9369_,AND2,0,1,2,0,13,1,0,-1.8964843750080007e-05,1.33,0.26600000000053114,0.00801
b21_C,_9370_,AND2,0,1,2,0,13,1,0,-1.8964843750080007e-05,1.33,0.26600000000053114,0.00801
b21_C,_9371_,AND2,0,1,2,0,13,1,0,-1.8964843750080007e-05,1.33,0.26600000000053114,0.00801
b21_C,_9372_,AND2,0,1,2,0,13,1,0,-1.8964843750080007e-05,1.33,0.26600000000053114,0.00801
b21_C,_9373_,AND2,0,1,2,0,13,1,0,-1.8964843750080007e-05,1.33,0.26600000000053114,0.00801
b21_C,_9374_,AND2,0,1,2,0,13,1,0,-1.8964843750080007e-05,1.33,0.26600000000053114,0.00801
b21_C,_9375_,AND2,0,1,2,0,13,1,0,-1.8964843750080007e-05,1.33,0.26599999999962165,0.00801
b21_C,_9376_,AND2,0,1,2,0,13,1,0,-1.8964843750080007e-05,1.33,0.26599999999962165,0.00801
b21_C,_9377_,BUF,0,10,1,10,12,2,10,8.437500000013642e-06,1.064,0.26599999999962165,0.00801
b21_C,_9378_,AND2,0,1,2,0,13,1,0,-1.9062500000055493e-05,1.33,0.26599999999962165,0.00801
b21_C,_9379_,AND2,0,1,2,0,13,1,0,-1.9062500000055493e-05,1.33,0.26599999999962165,0.00801
b21_C,_9380_,AND2,0,1,2,0,13,1,0,-1.9062500000055493e-05,1.33,0.26599999999962165,0.00801
b21_C,_9381_,AND2,0,1,2,0,13,1,0,-1.9062500000055493e-05,1.33,0.26599999999962165,0.00801
b21_C,_9382_,AND2,0,1,2,0,13,1,0,-1.9062500000055493e-05,1.33,0.26599999999962165,0.00801
b21_C,_9383_,AND2,0,1,2,0,13,1,0,-1.9062500000055493e-05,1.33,0.26599999999962165,0.00801
b21_C,_9384_,AND2,0,1,2,0,13,1,0,-1.9062500000055493e-05,1.33,0.26599999999962165,0.00801
b21_C,_9385_,AND2,0,1,2,0,13,1,0,-1.9062500000055493e-05,1.33,0.26599999999962165,0.00801
b21_C,_9386_,AND2,0,1,2,0,13,1,0,-1.9062500000055493e-05,1.33,0.26599999999962165,0.00801
b21_C,_9387_,AND2,0,1,2,0,13,1,0,-1.9062500000055493e-05,1.33,0.26599999999962165,0.00801
b21_C,_9388_,BUF,0,10,1,10,12,2,10,8.437500000013642e-06,1.064,0.26599999999962165,0.00801
b21_C,_9389_,AND2,0,1,2,0,13,1,0,-1.9062500000055493e-05,1.33,0.26599999999962165,0.00801
b21_C,_9390_,AND2,0,1,2,0,13,1,0,-1.9062500000055493e-05,1.33,0.26599999999962165,0.00801
b21_C,_9391_,AND2,0,1,2,0,13,1,0,-1.9062500000055493e-05,1.33,0.26599999999962165,0.00801
b21_C,_9392_,AND2,0,1,2,0,13,1,0,-1.9062500000055493e-05,1.33,0.26599999999962165,0.00801
b21_C,_9393_,AND2,0,1,2,0,13,1,0,-1.9062500000055493e-05,1.33,0.26599999999962165,0.00801
b21_C,_9394_,AND2,0,1,2,0,13,1,0,-1.9062500000055493e-05,1.33,0.26599999999962165,0.00801
b21_C,_9395_,AND2,0,1,2,0,13,1,0,-1.9062500000055493e-05,1.33,0.26599999999962165,0.00801
b21_C,_9396_,AND2,0,1,2,0,13,1,0,-1.9062500000055493e-05,1.33,0.26599999999962165,0.00801
b21_C,_9397_,AND2,0,1,2,0,13,1,0,-1.9062500000055493e-05,1.33,0.26599999999962165,0.00801
b21_C,_9398_,AND2,0,1,2,0,13,1,0,-1.9062500000055493e-05,1.33,0.26599999999962165,0.00801
b21_C,_9399_,AND2,0,1,2,0,12,1,0,-0.00017486328124993733,1.33,0.26599999999962165,0.00801
b21_C,_9400_,CLKBUF,0,0,1,10,3,3,17,0.0,1.064,0.26599999999962165,0.00801
b21_C,_9401_,AND2,0,1,2,1,27,2,1,-2.9589843750121858e-05,1.33,0.26599999999962165,0.00802
b21_C,_9402_,NAND2,0,0,2,1,3,2,1,0.0,1.33,0.5320000000001528,0.00801
b21_C,_9404_,NAND2,0,0,2,1,11,2,1,-0.00011072265625022837,1.33,0.5320000000001528,0.00801
b21_C,_9405_,OAI21,0,1,3,1,26,2,1,-8.88867187500697e-05,1.862,0.7979999999997744,0.00802
b21_C,_9406_,OAI21,0,1,3,0,27,1,0,-4.882812500106581e-06,1.862,0.7979999999997744,0.00802
b21_C,_9407_,MUX2,0,1,3,0,27,1,0,-1.7578125000028422e-06,2.394,0.5320000000001528,0.00802
b21_C,_9408_,NAND2,0,0,2,1,9,2,1,-0.0001913867187501861,1.33,0.5320000000001528,0.00801
b21_C,_9409_,OAI21,0,1,3,0,26,1,0,-1.1464843750141895e-05,1.862,0.7979999999997744,0.00802
b21_C,_9410_,NAND2,0,0,2,1,9,2,1,0.0,1.33,0.5320000000001528,0.00801
b21_C,_9411_,OAI21,0,1,3,1,24,2,1,-4.347656250014431e-05,1.862,0.7979999999997744,0.00802
b21_C,_9412_,OAI21,0,1,3,0,25,1,0,-4.414062500179838e-06,1.862,0.7979999999997744,0.00802
b21_C,_9413_,NAND2,0,0,2,1,8,2,1,-0.0003607421875000405,1.33,0.5320000000001528,0.00802
b21_C,_9414_,OAI21,0,1,3,0,25,1,0,-4.707031250106297e-06,1.862,0.7979999999997744,0.00802
b21_C,_9415_,NAND2,0,0,2,1,8,2,1,-5.859375007410961e-08,1.33,0.5320000000001528,0.00802
b21_C,_9416_,OAI21,0,1,3,0,24,1,0,-1.1875000000216573e-05,1.862,0.7979999999997744,0.00802
b21_C,_9417_,NAND2,0,0,2,1,8,2,1,0.0,1.33,0.5320000000001528,0.00802
b21_C,_9418_,OAI21,0,1,3,0,23,1,0,-2.4414062502753353e-06,1.862,0.7979999999997744,0.00802
b21_C,_9419_,NAND2,0,1,2,1,22,2,1,-5.332031250082636e-06,1.33,0.5320000000001528,0.00802
b21_C,_9420_,OAI21,0,1,3,0,23,1,0,-1.7187500001014655e-06,1.862,0.7979999999997744,0.00802
b21_C,_9421_,OAI211,0,1,4,1,21,2,1,-2.9980468750245848e-05,2.394,1.063999999999396,0.00802
b21_C,_9422_,OAI21,0,1,3,0,22,1,0,-2.351562500013671e-05,1.862,0.7979999999997744,0.00802
b21_C,_9423_,NAND2,0,0,2,1,8,2,1,-1.1718750014821921e-07,1.33,0.5320000000001528,0.00802
b21_C,_9424_,OAI21,0,1,3,0,21,1,0,-3.867187500006253e-06,1.862,0.7979999999997744,0.00802
b21_C,_9425_,NAND3,0,1,3,1,20,2,1,-1.2089843750118234e-05,1.862,0.7979999999997744,0.00802
b21_C,_9426_,OAI21,0,1,3,0,21,1,0,-1.6738281249928377e-05,1.862,0.7979999999997744,0.00802
b21_C,_9427_,AOI211,0,1,4,1,19,2,1,-2.0585937499983942e-05,2.394,1.063999999999396,0.00802
b21_C,_9429_,MUX2,0,1,3,0,19,1,0,5.019531249983444e-06,2.394,0.5320000000001528,0.00802
b21_C,_9428_,AOI21,0,1,3,0,20,1,0,-2.1562500000182894e-05,1.862,0.7979999999997744,0.00802
b21_C,_9430_,MUX2,0,1,3,0,19,1,0,4.433593749908482e-06,2.394,0.5320000000001528,0.00802
b21_C,_9431_,MUX2,0,1,3,0,18,1,0,5.019531249983444e-06,2.394,0.5320000000001528,0.00802
b21_C,_9432_,MUX2,0,1,3,0,17,1,0,3.7499999998580336e-06,2.394,0.5320000000001528,0.00802
b21_C,_9433_,MUX2,0,1,3,0,17,1,0,-4.667968749982876e-06,2.394,0.5320000000001528,0.00802
b21_C,_9434_,MUX2,0,1,3,0,16,1,0,4.433593749908482e-06,2.394,0.5320000000001528,0.00802
b21_C,_9435_,MUX2,0,1,3,0,15,1,0,3.632812499931859e-06,2.394,0.5320000000001528,0.00802
b21_C,_9436_,MUX2,0,1,3,0,15,1,0,-4.667968749982876e-06,2.394,0.5320000000001528,0.00802
b21_C,_9437_,MUX2,0,1,3,0,14,1,0,4.999999999810711e-06,2.394,0.5320000000001528,0.00802
b21_C,_9438_,MUX2,0,1,3,0,13,1,0,4.999999999810711e-06,2.394,0.5320000000001528,0.00802
b21_C,_9439_,MUX2,0,1,3,0,13,1,0,2.9687500000541434e-06,2.394,0.5320000000001528,0.00802
b21_C,_9440_,MUX2,0,1,3,0,12,1,0,4.941406249958646e-06,2.394,0.5320000000001528,0.00802
b21_C,_9441_,MUX2,0,1,3,0,11,1,0,4.804687499859739e-06,2.394,0.5320000000001528,0.00802
b21_C,_9442_,MUX2,0,1,3,0,11,1,0,4.7851562499090505e-06,2.394,0.5320000000001528,0.00802
b21_C,_9443_,MUX2,0,1,3,0,10,1,0,5.019531249983444e-06,2.394,0.5320000000001528,0.00802
b21_C,_9444_,MUX2,0,1,3,0,9,1,0,4.7851562499090505e-06,2.394,0.5320000000001528,0.00802
b21_C,_9445_,MUX2,0,1,3,0,9,1,0,4.7851562499090505e-06,2.394,0.5320000000001528,0.00802
b21_C,_9446_,MUX2,0,1,3,0,8,1,0,4.7851562499090505e-06,2.394,0.5320000000001528,0.00802
b21_C,_9447_,MUX2,0,1,3,0,7,1,0,2.6953124998563283e-06,2.394,0.5320000000001528,0.00802
b21_C,_9448_,NOR3,0,0,3,1,13,2,1,-0.00027291015625019455,1.862,0.7979999999997744,0.00802
b21_C,_9449_,INV,0,0,1,1,1,2,1,0.0,0.798,0.26599999999962165,0.00801
b21_C,_9450_,AOI21,0,1,3,0,14,1,0,-3.9589843749965326e-05,1.862,0.7979999999997744,0.00802
b21_C,_9451_,MUX2,0,1,3,0,12,1,0,-0.00020503906250013415,2.394,0.5320000000001528,0.00802
b21_C,_9452_,NOR2,0,0,2,2,9,6,79,0.0,1.33,0.5320000000001528,0.00802
b21_C,_9453_,CLKBUF,0,0,1,10,10,5,74,1.9531249950688334e-08,1.064,0.26599999999962165,0.00801
b21_C,_9454_,AOI22,0,0,4,1,13,3,3,-1.4003906250170672e-05,2.394,1.063999999999396,0.00802
b21_C,_9455_,NAND2,0,0,2,2,14,2,2,0.0,1.33,0.5320000000001528,0.00802
b21_C,_9456_,AND2,0,0,2,2,11,5,80,-9.453125000113971e-06,1.33,0.26599999999962165,0.00802
b21_C,_9457_,NOR4,0,1,4,9,12,4,39,8.535156249989129e-05,2.394,1.063999999999396,0.00802
b21_C,_9458_,BUF,0,1,1,10,13,3,10,3.0429687499999858e-05,1.064,0.26599999999962165,0.00801
b21_C,_9459_,MUX2,0,1,3,0,15,1,0,-3.441406250015433e-05,2.394,0.5320000000001528,0.00802
b21_C,_9460_,NOR2,0,0,2,7,8,5,66,0.0,1.33,0.5320000000001528,0.00802
b21_C,_9461_,CLKBUF,0,0,1,10,9,4,39,1.2499999999526779e-06,1.064,0.26599999999962165,0.00801
b21_C,_9462_,AOI222,0,0,6,1,13,3,3,-1.3125000000169251e-05,3.724,1.5960000000004584,0.00802
b21_C,_9463_,NAND2,0,0,2,10,9,5,37,7.421874999025135e-07,1.33,0.5320000000001528,0.00802
b21_C,_9464_,OAI211,0,2,4,2,16,2,2,-7.125000000018922e-05,2.394,1.063999999999396,0.00802
b21_C,_9465_,MUX2,0,1,3,0,17,1,0,-4.7460937502297185e-06,2.394,0.5320000000001528,0.00802
b21_C,_9466_,BUF,0,0,1,10,9,5,43,7.812499999815259e-06,1.064,0.26599999999962165,0.00801
b21_C,_9467_,NOR2,0,0,2,1,13,4,4,-2.2656250000530065e-06,1.33,0.5320000000001528,0.00802
b21_C,_9468_,CLKBUF,0,0,1,10,11,4,38,0.0,1.064,0.26599999999962165,0.00801
b21_C,_9469_,AOI21,0,0,3,1,15,3,3,0.0,1.862,0.7979999999997744,0.00802
b21_C,_9470_,BUF,0,0,1,10,9,5,37,5.703124999811848e-06,1.064,0.26599999999962165,0.00802
b21_C,_9471_,OAI211,0,2,4,2,17,2,2,-3.191406250002693e-05,2.394,1.063999999999396,0.00802
b21_C,_9472_,BUF,0,0,1,10,13,2,10,-1.7011718750126192e-05,1.064,0.26599999999962165,0.00801
b21_C,_9473_,MUX2,0,1,3,0,18,1,0,-1.2890625000760991e-06,2.394,0.5320000000001528,0.00802
b21_C,_9474_,OAI22,0,0,4,1,14,4,4,-2.9687500000541434e-06,2.394,1.063999999999396,0.00802
b21_C,_9475_,AOI21,0,0,3,1,16,3,3,-2.468750000006459e-05,1.862,0.7979999999997744,0.00802
b21_C,_9476_,OAI211,0,2,4,2,18,2,2,-8.121093750013131e-05,2.394,1.063999999999396,0.00802
b21_C,_9477_,MUX2,0,1,3,0,19,1,0,-2.3437500000778044e-06,2.394,0.5320000000001528,0.00802
b21_C,_9478_,OAI221,0,0,5,1,15,4,4,-0.00058433593750018,2.926,1.3299999999999272,0.00802
b21_C,_9479_,AOI21,0,0,3,1,17,3,3,-2.1464843749985363e-05,1.862,0.7979999999997744,0.00802
b21_C,_9480_,NAND3,0,2,3,2,18,2,2,-4.628906250014886e-05,1.862,0.7979999999997744,0.00802
b21_C,_9481_,MUX2,0,1,3,0,19,1,0,-1.660156250027356e-06,2.394,0.5320000000001528,0.00802
b21_C,_9482_,OAI22,0,2,4,1,18,4,4,-5.865234375002082e-05,2.394,1.063999999999396,0.00802
b21_C,_9483_,CLKBUF,0,0,1,10,9,4,40,0.0,1.064,0.26599999999962165,0.00801
b21_C,_9484_,AOI21,0,2,3,1,19,3,3,2.187499999806164e-06,1.862,0.7979999999997744,0.00802
b21_C,_9485_,NAND2,0,2,2,2,20,2,2,-2.8710937500120437e-05,1.33,0.5320000000001528,0.00802
b21_C,_9486_,MUX2,0,1,3,0,21,1,0,1.0742187499523936e-06,2.394,0.5320000000001528,0.00802
b21_C,_9487_,NOR2,0,0,2,1,15,4,4,0.0,1.33,0.5320000000001528,0.00802
b21_C,_9488_,AOI221,0,0,5,1,16,3,3,-1.097656250004242e-05,2.926,1.3299999999999272,0.00802
b21_C,_9489_,AOI21,0,2,3,1,20,3,3,-1.2675781250193197e-05,1.862,0.7979999999997744,0.00802
b21_C,_9490_,NAND2,0,2,2,2,21,2,2,-2.945312500002295e-05,1.33,0.5320000000001528,0.00802
b21_C,_9491_,MUX2,0,1,3,0,22,1,0,1.0351562498289724e-06,2.394,0.5320000000001528,0.00802
b21_C,_9492_,OAI22,0,0,4,1,16,4,4,-9.765625019753088e-08,2.394,1.063999999999396,0.00802
b21_C,_9493_,AOI221,0,0,5,1,19,3,3,-2.064453125005805e-05,2.926,1.3299999999999272,0.00802
b21_C,_9494_,NAND2,0,2,2,2,20,2,2,-5.289062500013486e-05,1.33,0.5320000000001528,0.00802
b21_C,_9495_,MUX2,0,1,3,0,21,1,0,-2.539062500028777e-06,2.394,0.5320000000001528,0.00802
b21_C,_9496_,AOI222,0,0,6,1,20,3,3,-5.253906250057838e-06,3.724,1.5960000000004584,0.00802
b21_C,_9497_,OAI211,0,2,4,2,21,2,2,-7.847656250015156e-05,2.394,1.063999999999396,0.00802
b21_C,_9498_,MUX2,0,1,3,0,22,1,0,-5.488281250132232e-06,2.394,0.5320000000001528,0.00802
b21_C,_9499_,NOR2,0,0,2,1,17,4,4,-2.2656250000530065e-06,1.33,0.5320000000001528,0.00802
b21_C,_9500_,AOI21,0,0,3,1,18,3,3,0.0,1.862,0.7979999999997744,0.00802
b21_C,_9501_,OAI211,0,2,4,2,23,2,2,-0.00011126953125017991,2.394,1.063999999999396,0.00802
b21_C,_9502_,MUX2,0,1,3,0,24,1,0,-1.2500000001747225e-06,2.394,0.5320000000001528,0.00802
b21_C,_9503_,AOI222,0,0,6,1,21,3,3,-3.632812500020677e-05,3.724,1.5960000000004584,0.00802
b21_C,_9504_,OAI211,0,2,4,2,22,2,2,-7.56835937500977e-05,2.394,1.063999999999396,0.00802
b21_C,_9505_,MUX2,0,1,3,0,23,1,0,-2.9882812500048317e-06,2.394,0.5320000000001528,0.00802
b21_C,_9506_,AOI222,0,0,6,1,22,3,3,-4.140624999982023e-06,3.724,1.5960000000004584,0.00802
b21_C,_9507_,OAI211,0,2,4,2,23,2,2,-8.025390625010509e-05,2.394,1.063999999999396,0.00802
b21_C,_9508_,MUX2,0,1,3,0,24,1,0,-3.828125000104876e-06,2.394,0.5320000000001528,0.00802
b21_C,_9509_,NOR2,0,0,2,1,19,4,4,0.0,1.33,0.5320000000001528,0.00802
b21_C,_9510_,AOI221,0,0,5,1,20,3,3,-8.496093750087752e-06,2.926,1.3299999999999272,0.00802
b21_C,_9511_,OAI211,0,2,4,2,25,2,2,-6.781249999998629e-05,2.394,1.063999999999396,0.00802
b21_C,_9512_,CLKBUF,0,0,1,10,13,2,10,-1.3242187500095426e-05,1.064,0.26599999999962165,0.00801
b21_C,_9513_,MUX2,0,1,3,0,26,1,0,-1.0937500001251266e-06,2.394,0.5320000000001528,0.00802
b21_C,_9514_,AOI22,0,0,4,1,17,3,3,0.0,2.394,1.063999999999396,0.00802
b21_C,_9515_,AOI22,0,0,4,1,23,3,3,-4.6015624999951044e-05,2.394,1.063999999999396,0.00802
b21_C,_9516_,NAND3,0,2,3,2,24,2,2,-5.357421875018531e-05,1.862,0.7979999999997744,0.00802
b21_C,_9517_,MUX2,0,1,3,0,25,1,0,-4.746093750007674e-06,2.394,0.5320000000001528,0.00802
b21_C,_9518_,NOR2,0,0,2,1,14,2,1,-8.222656250111982e-06,1.33,0.5320000000001528,0.00801
b21_C,_9519_,AOI222,0,2,6,1,24,3,3,-4.2578125001302425e-06,3.724,1.5960000000004584,0.00802
b21_C,_9520_,AND2,0,2,2,2,26,2,2,-8.671875000088036e-06,1.33,0.26599999999962165,0.00802
b21_C,_9521_,AOI21,0,1,3,0,27,1,0,-2.4570312500138414e-05,1.862,0.7979999999997744,0.00802
b21_C,_9522_,NOR2,0,0,2,1,21,4,4,0.0,1.33,0.5320000000001528,0.00802
b21_C,_9523_,AOI221,0,0,5,1,22,3,3,-8.574218749890505e-06,2.926,1.3299999999999272,0.00802
b21_C,_9524_,OAI211,0,2,4,2,27,2,2,-0.00011376953125008527,2.394,1.063999999999396,0.00802
b21_C,_9525_,MUX2,0,1,3,0,28,1,0,-1.2304687500019895e-06,2.394,0.5320000000001528,0.00802
b21_C,_9526_,NOR2,0,0,2,1,14,2,1,-8.222656250111982e-06,1.33,0.5320000000001528,0.00801
b21_C,_9527_,OAI21,0,2,3,1,27,3,3,-6.281250000017558e-05,1.862,0.7979999999997744,0.00802
b21_C,_9528_,AOI221,0,2,5,2,28,2,2,2.455078124996568e-05,2.926,1.3299999999999272,0.00802
b21_C,_9529_,AOI21,0,1,3,0,29,1,0,-5.0000000000105516e-05,1.862,0.7979999999997744,0.00802
b21_C,_9530_,AOI22,0,0,4,1,23,3,3,-5.957031250058975e-06,2.394,1.063999999999396,0.00802
b21_C,_9531_,AOI22,0,0,4,1,26,3,3,-1.738281250007745e-05,2.394,1.063999999999396,0.00802
b21_C,_9532_,NAND3,0,2,3,2,28,2,2,-5.404296875011205e-05,1.862,0.7979999999997744,0.00802
b21_C,_9533_,MUX2,0,1,3,0,29,1,0,-4.082031250129958e-06,2.394,0.5320000000001528,0.00802
b21_C,_9534_,NOR2,0,0,2,1,27,4,4,-6.406250000012825e-05,1.33,0.5320000000001528,0.00802
b21_C,_9535_,AOI21,0,0,3,1,28,3,3,0.0,1.862,0.7979999999997744,0.00802
b21_C,_9536_,OAI211,0,2,4,2,29,2,2,-5.132812500008299e-05,2.394,1.063999999999396,0.00802
b21_C,_9537_,MUX2,0,1,3,0,30,1,0,-1.3281250001995204e-06,2.394,0.5320000000001528,0.00802
b21_C,_9538_,NOR2,0,0,2,1,24,4,4,0.0,1.33,0.5320000000001528,0.00802
b21_C,_9539_,AOI221,0,0,5,1,25,3,3,-4.8046875000817835e-06,2.926,1.3299999999999272,0.00802
b21_C,_9540_,OAI211,0,2,4,2,30,2,2,-0.00011304687500013344,2.394,1.063999999999396,0.00802
b21_C,_9541_,MUX2,0,1,3,0,31,1,0,-2.5000000001274003e-06,2.394,0.5320000000001528,0.00802
b21_C,_9542_,OAI222,0,0,6,1,25,4,4,-2.656250000176996e-06,3.724,1.5960000000004584,0.00802
b21_C,_9543_,AOI21,0,0,3,1,28,3,3,-3.744140625006054e-05,1.862,0.7979999999997744,0.00802
b21_C,_9544_,NAND2,0,2,2,2,29,2,2,-5.304687499996241e-05,1.33,0.5320000000001528,0.00802
b21_C,_9545_,MUX2,0,1,3,0,30,1,0,-2.539062500028777e-06,2.394,0.5320000000001528,0.00802
b21_C,_9546_,NAND2,0,0,2,1,24,5,5,0.0,1.33,0.5320000000001528,0.00802
b21_C,_9547_,OAI221,0,0,5,1,25,4,4,-2.460937500003979e-06,2.926,1.3299999999999272,0.00802
b21_C,_9548_,AOI21,0,0,3,1,29,3,3,-2.4433593750039506e-05,1.862,0.7979999999997744,0.00802
b21_C,_9549_,NAND2,0,2,2,2,30,2,2,-5.310546875003652e-05,1.33,0.5320000000001528,0.00802
b21_C,_9550_,MUX2,0,1,3,0,31,1,0,-2.5781250001521983e-06,2.394,0.5320000000001528,0.00802
b21_C,_9551_,AOI22,0,0,4,1,25,3,3,-1.2109375000513012e-06,2.394,1.063999999999396,0.00802
b21_C,_9552_,OAI211,0,2,4,2,32,2,2,-8.773437500009251e-05,2.394,1.063999999999396,0.00802
b21_C,_9553_,MUX2,0,1,3,0,33,1,0,-1.1328125000265032e-06,2.394,0.5320000000001528,0.00802
b21_C,_9554_,OAI222,0,0,6,1,25,4,4,-2.656250000176996e-06,3.724,1.5960000000004584,0.00802
b21_C,_9555_,AOI21,0,0,3,1,30,3,3,-4.69140625001252e-05,1.862,0.7979999999997744,0.00802
b21_C,_9556_,NAND2,0,2,2,2,32,2,2,-5.322265625018474e-05,1.33,0.5320000000001528,0.00802
b21_C,_9557_,MUX2,0,1,3,0,33,1,0,-2.1289062501761435e-06,2.394,0.5320000000001528,0.00802
b21_C,_9558_,NOR2,0,0,2,1,14,2,1,-8.222656250111982e-06,1.33,0.5320000000001528,0.00801
b21_C,_9559_,OAI222,0,0,6,1,26,3,3,-4.84374999998316e-06,3.724,1.5960000000004584,0.00802
b21_C,_9560_,AOI211,0,2,4,2,33,2,2,6.132812499837215e-06,2.394,1.063999999999396,0.00802
b21_C,_9561_,AOI21,0,1,3,0,34,1,0,-5.0175781249883755e-05,1.862,0.7979999999997744,0.00802
b21_C,_9562_,OAI22,0,0,4,1,32,4,4,-4.560546875009841e-05,2.394,1.063999999999396,0.00802
b21_C,_9563_,INV,0,0,1,1,33,3,3,0.0,0.798,0.26599999999962165,0.00802
b21_C,_9564_,OAI211,0,2,4,2,34,2,2,-5.638671875018986e-05,2.394,1.063999999999396,0.00802
b21_C,_9565_,MUX2,0,1,3,0,35,1,0,-1.703125000007688e-05,2.394,0.5320000000001528,0.00802
b21_C,_9566_,OAI22,0,0,4,1,28,3,3,-2.9687500000541434e-06,2.394,1.063999999999396,0.00802
b21_C,_9567_,OAI22,0,0,4,1,33,3,3,-3.925781250013749e-05,2.394,1.063999999999396,0.00802
b21_C,_9568_,OR3,0,2,3,2,34,2,2,1.5566406250000497e-05,1.596,0.26599999999962165,0.00802
b21_C,_9569_,MUX2,0,1,3,0,35,1,0,-1.4414062500023306e-05,2.394,0.5320000000001528,0.00802
b21_C,_9570_,NOR2,0,0,2,1,14,2,1,-8.222656250111982e-06,1.33,0.5320000000001528,0.00801
b21_C,_9571_,AOI22,0,0,4,1,26,4,4,-8.261718750013358e-06,2.394,1.063999999999396,0.00802
b21_C,_9572_,OAI21,0,0,3,1,29,3,3,-2.5390625002508216e-06,1.862,0.7979999999997744,0.00802
b21_C,_9573_,AOI211,0,2,4,2,35,2,2,-8.730468750162146e-06,2.394,1.063999999999396,0.00802
b21_C,_9574_,AOI21,0,1,3,0,36,1,0,-5.011718750003169e-05,1.862,0.7979999999997744,0.00802
b21_C,_9575_,OAI21,0,0,3,1,30,4,4,-7.812500002479794e-08,1.862,0.7979999999997744,0.00802
b21_C,_9576_,AOI21,0,0,3,1,34,3,3,0.0,1.862,0.7979999999997744,0.00802
b21_C,_9577_,NAND3,0,2,3,2,35,2,2,-7.289062500004384e-05,1.862,0.7979999999997744,0.00802
b21_C,_9578_,MUX2,0,1,3,0,36,1,0,-1.7500000000003624e-05,2.394,0.5320000000001528,0.00802
b21_C,_9579_,NAND3,0,0,3,1,34,3,3,0.0,1.862,0.7979999999997744,0.00802
b21_C,_9580_,AOI22,0,0,4,1,29,3,3,-1.0937500001251266e-06,2.394,1.063999999999396,0.00802
b21_C,_9581_,NAND4,1,2,4,2,35,2,2,-7.658203125004981e-05,2.394,1.063999999999396,0.00802
b21_C,_9582_,MUX2,1,1,3,0,36,1,0,-2.0000000000131024e-05,2.394,0.5320000000001528,0.00802
b21_C,_9583_,OAI221,0,2,5,2,30,2,2,-0.00010253906250001776,2.926,1.3299999999999272,0.00802
b21_C,_9584_,MUX2,0,1,3,0,31,1,0,-1.861328125007944e-05,2.394,0.5320000000001528,0.00802
b21_C,_9585_,NAND2,0,2,2,1,30,3,3,-1.9531249999982236e-05,1.33,0.5320000000001528,0.00802
b21_C,_9586_,NAND2,0,0,2,1,28,3,3,-4.765625000180407e-06,1.33,0.5320000000001528,0.00802
b21_C,_9587_,NAND3,0,2,3,2,31,2,2,-1.2578124999995666e-05,1.862,0.7979999999997744,0.00802
b21_C,_9588_,MUX2,0,1,3,0,32,1,0,-1.552734375009912e-05,2.394,0.5320000000001528,0.00802
b21_C,_9589_,NOR4,0,1,4,9,12,4,39,8.535156249989129e-05,2.394,1.063999999999396,0.00802
b21_C,_9590_,BUF,0,1,1,10,13,3,10,3.0156250000024087e-05,1.064,0.26599999999962165,0.00801
b21_C,_9591_,MUX2,0,1,3,0,15,1,0,-3.439453125020364e-05,2.394,0.5320000000001528,0.00802
b21_C,_9593_,BUF,0,0,1,10,13,2,10,-1.703125000007688e-05,1.064,0.26599999999962165,0.00801
b21_C,_9592_,MUX2,0,1,3,0,17,1,0,-4.7460937502297185e-06,2.394,0.5320000000001528,0.00802
b21_C,_9595_,MUX2,0,1,3,0,19,1,0,-2.3437500000778044e-06,2.394,0.5320000000001528,0.00802
b21_C,_9594_,MUX2,0,1,3,0,18,1,0,-1.2890625000760991e-06,2.394,0.5320000000001528,0.00802
b21_C,_9596_,MUX2,0,1,3,0,19,1,0,-1.660156250027356e-06,2.394,0.5320000000001528,0.00802
b21_C,_9597_,MUX2,0,1,3,0,21,1,0,1.0742187499523936e-06,2.394,0.5320000000001528,0.00802
b21_C,_9598_,MUX2,0,1,3,0,22,1,0,1.0351562498289724e-06,2.394,0.5320000000001528,0.00802
b21_C,_9599_,MUX2,0,1,3,0,21,1,0,-2.539062500028777e-06,2.394,0.5320000000001528,0.00802
b21_C,_9600_,MUX2,0,1,3,0,22,1,0,-5.488281250132232e-06,2.394,0.5320000000001528,0.00802
b21_C,_9601_,MUX2,0,1,3,0,24,1,0,-1.2500000001747225e-06,2.394,0.5320000000001528,0.00802
b21_C,_9602_,MUX2,0,1,3,0,23,1,0,-2.9882812500048317e-06,2.394,0.5320000000001528,0.00802
b21_C,_9603_,MUX2,0,1,3,0,24,1,0,-3.828125000104876e-06,2.394,0.5320000000001528,0.00802
b21_C,_9604_,CLKBUF,0,0,1,10,13,2,10,-1.3261718750046114e-05,1.064,0.26599999999962165,0.00801
b21_C,_9605_,MUX2,0,1,3,0,26,1,0,-1.0937500001251266e-06,2.394,0.5320000000001528,0.00802
b21_C,_9606_,MUX2,0,1,3,0,25,1,0,-4.746093750007674e-06,2.394,0.5320000000001528,0.00802
b21_C,_9607_,NOR2,0,0,2,1,14,2,1,-8.24218750006267e-06,1.33,0.5320000000001528,0.00801
b21_C,_9608_,AOI21,0,1,3,0,27,1,0,-2.7246093750044054e-05,1.862,0.7979999999997744,0.00802
b21_C,_9609_,MUX2,0,1,3,0,28,1,0,-1.2304687500019895e-06,2.394,0.5320000000001528,0.00802
b21_C,_9610_,NOR2,0,0,2,1,14,2,1,-8.24218750006267e-06,1.33,0.5320000000001528,0.00801
b21_C,_9611_,AOI21,0,1,3,0,29,1,0,-5.916015625007098e-05,1.862,0.7979999999997744,0.00802
b21_C,_9612_,MUX2,0,1,3,0,29,1,0,-4.082031250129958e-06,2.394,0.5320000000001528,0.00802
b21_C,_9613_,MUX2,0,1,3,0,30,1,0,-1.3281250001995204e-06,2.394,0.5320000000001528,0.00802
b21_C,_9614_,MUX2,0,1,3,0,31,1,0,-2.5000000001274003e-06,2.394,0.5320000000001528,0.00802
b21_C,_9615_,MUX2,0,1,3,0,30,1,0,-2.539062500028777e-06,2.394,0.5320000000001528,0.00802
b21_C,_9616_,MUX2,0,1,3,0,31,1,0,-2.5781250001521983e-06,2.394,0.5320000000001528,0.00802
b21_C,_9617_,MUX2,0,1,3,0,33,1,0,-1.1328125000265032e-06,2.394,0.5320000000001528,0.00802
b21_C,_9618_,MUX2,0,1,3,0,33,1,0,-2.1289062501761435e-06,2.394,0.5320000000001528,0.00802
b21_C,_9619_,NOR2,0,0,2,1,14,2,1,-8.24218750006267e-06,1.33,0.5320000000001528,0.00801
b21_C,_9620_,AOI21,0,1,3,0,34,1,0,-5.92773437502192e-05,1.862,0.7979999999997744,0.00802
b21_C,_9621_,MUX2,0,1,3,0,35,1,0,-1.703125000007688e-05,2.394,0.5320000000001528,0.00802
b21_C,_9622_,MUX2,0,1,3,0,35,1,0,-1.4414062500023306e-05,2.394,0.5320000000001528,0.00802
b21_C,_9623_,NOR2,0,0,2,1,14,2,1,-8.24218750006267e-06,1.33,0.5320000000001528,0.00801
b21_C,_9624_,AOI21,0,1,3,0,36,1,0,-5.921875000014509e-05,1.862,0.7979999999997744,0.00802
b21_C,_9625_,MUX2,0,1,3,0,36,1,0,-1.7500000000003624e-05,2.394,0.5320000000001528,0.00802
b21_C,_9626_,MUX2,0,1,3,0,36,1,0,-2.0000000000131024e-05,2.394,0.5320000000001528,0.00802
b21_C,_9627_,MUX2,0,1,3,0,31,1,0,-1.861328125007944e-05,2.394,0.5320000000001528,0.00802
b21_C,_9628_,MUX2,0,1,3,0,32,1,0,-1.552734375009912e-05,2.394,0.5320000000001528,0.00802
b21_C,_9629_,MUX2,0,1,3,0,13,1,0,-2.050781250018119e-05,2.394,0.5320000000001528,0.00802
b21_C,_9630_,MUX2,0,1,3,0,13,1,0,-2.4257812500039222e-05,2.394,0.5320000000001528,0.00802
b21_C,_9631_,MUX2,0,1,3,0,15,1,0,4.492187499760547e-07,2.394,0.5320000000001528,0.00802
b21_C,_9632_,MUX2,0,1,3,0,14,1,0,-6.863281250013564e-05,2.394,0.5320000000001528,0.00802
b21_C,_9633_,MUX2,0,1,3,0,15,1,0,-2.1679687500775202e-06,2.394,0.5320000000001528,0.00802
b21_C,_9634_,MUX2,0,1,3,0,15,1,0,2.4218749998805578e-06,2.394,0.5320000000001528,0.00802
b21_C,_9635_,MUX2,0,1,3,0,15,1,0,1.718749999879421e-06,2.394,0.5320000000001528,0.00802
b21_C,_9636_,MUX2,0,1,3,0,15,1,0,-8.613281250013927e-06,2.394,0.5320000000001528,0.00802
b21_C,_9637_,MUX2,0,1,3,0,15,1,0,-1.1718750014821921e-07,2.394,0.5320000000001528,0.00802
b21_C,_9638_,MUX2,0,1,3,0,16,1,0,3.0468749998568967e-06,2.394,0.5320000000001528,0.00802
b21_C,_9639_,CLKBUF,0,0,1,10,14,2,10,-3.6328125001539036e-06,1.064,0.26599999999962165,0.00801
b21_C,_9640_,MUX2,0,1,3,0,15,1,0,4.687499999933564e-06,2.394,0.5320000000001528,0.00802
b21_C,_9641_,MUX2,0,1,3,0,15,1,0,4.335937499932996e-06,2.394,0.5320000000001528,0.00802
b21_C,_9642_,MUX2,0,1,3,0,16,1,0,6.2890624998868105e-06,2.394,0.5320000000001528,0.00802
b21_C,_9643_,MUX2,0,1,3,0,16,1,0,5.000000000032756e-06,2.394,0.5320000000001528,0.00802
b21_C,_9644_,NOR2,0,0,2,1,15,2,1,-7.9687500000869e-06,1.33,0.5320000000001528,0.00801
b21_C,_9645_,AOI21,0,1,3,0,16,1,0,-1.1425781250018474e-05,1.862,0.7979999999997744,0.00802
b21_C,_9646_,MUX2,0,1,3,0,16,1,0,4.1796874998834e-06,2.394,0.5320000000001528,0.00802
b21_C,_9647_,MUX2,0,1,3,0,16,1,0,4.8046875000817835e-06,2.394,0.5320000000001528,0.00802
b21_C,_9648_,MUX2,0,1,3,0,15,1,0,3.867187500006253e-06,2.394,0.5320000000001528,0.00802
b21_C,_9649_,MUX2,0,1,3,0,16,1,0,5.781249999836646e-06,2.394,0.5320000000001528,0.00802
b21_C,_9650_,MUX2,0,1,3,0,16,1,0,4.160156249932712e-06,2.394,0.5320000000001528,0.00802
b21_C,_9651_,MUX2,0,1,3,0,16,1,0,6.406249999812985e-06,2.394,0.5320000000001528,0.00802
b21_C,_9652_,CLKBUF,0,0,1,10,14,2,10,-3.6328125001539036e-06,1.064,0.26599999999962165,0.00801
b21_C,_9653_,MUX2,0,1,3,0,17,1,0,4.589843749958078e-06,2.394,0.5320000000001528,0.00802
b21_C,_9654_,MUX2,0,1,3,0,17,1,0,5.625000000009095e-06,2.394,0.5320000000001528,0.00802
b21_C,_9655_,MUX2,0,1,3,0,17,1,0,5.019531249983444e-06,2.394,0.5320000000001528,0.00802
b21_C,_9656_,MUX2,0,1,3,0,17,1,0,1.5429687498791367e-06,2.394,0.5320000000001528,0.00802
b21_C,_9657_,MUX2,0,1,3,0,18,1,0,4.609374999908766e-06,2.394,0.5320000000001528,0.00802
b21_C,_9658_,MUX2,0,1,3,0,20,1,0,6.210937499862013e-06,2.394,0.5320000000001528,0.00802
b21_C,_9659_,MUX2,0,1,3,0,20,1,0,3.9062499999076294e-06,2.394,0.5320000000001528,0.00802
b21_C,_9660_,MUX2,0,1,3,0,21,1,0,4.550781249834657e-06,2.394,0.5320000000001528,0.00802
b21_C,_9661_,MUX2,0,1,3,0,18,1,0,2.2460937498802735e-06,2.394,0.5320000000001528,0.00802
b21_C,_9662_,MUX2,0,1,3,0,16,1,0,2.597656249880842e-06,2.394,0.5320000000001528,0.00802
b21_C,_9663_,MUX2,0,1,3,0,16,1,0,-7.812500000259348e-07,2.394,0.5320000000001528,0.00802
b21_C,_9664_,XOR2,0,0,2,1,1,2,1,-0.00023228515624995616,2.394,0.7979999999997744,0.00802
b21_C,_9665_,AND2,0,0,2,1,1,3,2,0.0,1.33,0.26599999999962165,0.00801
b21_C,_9666_,NAND2,0,0,2,1,1,4,4,0.0,1.33,0.5320000000001528,0.00801
b21_C,_9667_,AND2,0,0,2,1,1,5,6,0.0,1.33,0.26599999999962165,0.00801
b21_C,_9668_,NAND2,0,0,2,1,1,6,8,0.0,1.33,0.5320000000001528,0.00801
b21_C,_9669_,NAND2,0,0,2,1,1,10,14,0.0,1.33,0.5320000000001528,0.00801
b21_C,_9670_,NAND2,0,0,2,1,1,14,20,0.0,1.33,0.5320000000001528,0.00801
b21_C,_9671_,NOR2,0,0,2,1,1,18,26,0.0,1.33,0.5320000000001528,0.00801
b21_C,_9672_,NOR2,0,0,2,1,1,22,32,0.0,1.33,0.5320000000001528,0.00801
b21_C,_9673_,NOR2,0,0,2,1,1,26,38,0.0,1.33,0.5320000000001528,0.00801
b21_C,_9674_,NOR2,0,0,2,1,1,30,44,0.0,1.33,0.5320000000001528,0.00801
b21_C,_9675_,AOI21,0,19,3,2,1,34,52,0.000262070312500029,1.862,0.7979999999997744,0.00801
b21_C,_9676_,NAND3,0,0,3,2,1,34,51,-4.0937500000115534e-05,1.862,0.7979999999997744,0.00801
b21_C,_9677_,INV,0,0,1,3,1,34,52,0.0,0.798,0.26599999999962165,0.00801
b21_C,_9678_,AOI21,0,19,3,3,2,33,50,-0.00013228515624996717,1.862,0.7979999999997744,0.00802
b21_C,_9679_,OAI21,0,17,3,1,3,32,47,-4.8398437499930225e-05,1.862,0.7979999999997744,0.00801
b21_C,_9680_,INV,0,17,1,1,4,31,46,-6.791015624996177e-05,0.798,0.26599999999962165,0.00801
b21_C,_9681_,AOI21,0,17,3,2,5,30,45,0.00031617187499977106,1.862,0.7979999999997744,0.00802
b21_C,_9682_,NAND2,0,0,2,1,1,30,44,0.0,1.33,0.5320000000001528,0.00801
b21_C,_9683_,AOI21,0,16,3,2,6,29,43,-9.55664062500805e-05,1.862,0.7979999999997744,0.00802
b21_C,_9684_,OAI21,0,15,3,1,7,28,41,-6.37695312502018e-05,1.862,0.7979999999997744,0.00802
b21_C,_9685_,INV,0,15,1,1,8,27,40,-5.966796875012115e-05,0.798,0.26599999999962165,0.00801
b21_C,_9686_,AOI21,0,15,3,2,9,26,39,0.00029900390625003936,1.862,0.7979999999997744,0.00802
b21_C,_9687_,NAND2,0,0,2,1,1,26,38,0.0,1.33,0.5320000000001528,0.00801
b21_C,_9688_,AOI21,0,14,3,2,10,25,37,-8.970703124999702e-05,1.862,0.7979999999997744,0.00802
b21_C,_9689_,OAI21,0,13,3,1,11,24,35,-4.787109374992937e-05,1.862,0.7979999999997744,0.00802
b21_C,_9690_,INV,0,13,1,1,12,23,34,-5.1718749999984936e-05,0.798,0.26599999999962165,0.00801
b21_C,_9691_,AOI21,0,13,3,2,13,22,33,0.0002589062500000239,1.862,0.7979999999997744,0.00802
b21_C,_9692_,NAND2,0,0,2,1,1,22,32,0.0,1.33,0.5320000000001528,0.00801
b21_C,_9693_,AOI21,0,12,3,2,14,21,31,-7.953124999993122e-05,1.862,0.7979999999997744,0.00802
b21_C,_9694_,OAI21,0,11,3,1,15,20,29,-4.189453125014175e-05,1.862,0.7979999999997744,0.00802
b21_C,_9695_,INV,0,11,1,1,16,19,28,-4.375000000012008e-05,0.798,0.26599999999962165,0.00801
b21_C,_9696_,AOI21,0,11,3,2,17,18,27,0.00021646484374993058,1.862,0.7979999999997744,0.00802
b21_C,_9697_,NAND2,0,0,2,1,1,18,26,0.0,1.33,0.5320000000001528,0.00801
b21_C,_9698_,AOI21,0,10,3,2,18,17,25,-7.023437500008889e-05,1.862,0.7979999999997744,0.00802
b21_C,_9699_,AOI21,0,9,3,1,19,16,23,6.562499999862581e-06,1.862,0.7979999999997744,0.00802
b21_C,_9700_,INV,0,9,1,1,20,15,22,-0.00010917968750012719,0.798,0.26599999999962165,0.00801
b21_C,_9701_,OAI21,0,9,3,2,21,14,21,6.664062499983636e-05,1.862,0.7979999999997744,0.00802
b21_C,_9702_,NOR2,0,0,2,1,1,14,20,0.0,1.33,0.5320000000001528,0.00801
b21_C,_9703_,OAI21,0,8,3,2,22,13,19,6.249999999985434e-06,1.862,0.7979999999997744,0.00802
b21_C,_9704_,AOI21,0,7,3,1,23,12,17,5.7421874999352696e-06,1.862,0.7979999999997744,0.00802
b21_C,_9705_,INV,0,7,1,1,24,11,16,-8.496093749998934e-05,0.798,0.26599999999962165,0.00801
b21_C,_9706_,OAI21,0,7,3,2,25,10,15,5.1679687499861515e-05,1.862,0.7979999999997744,0.00802
b21_C,_9707_,NOR2,0,0,2,1,1,10,14,0.0,1.33,0.5320000000001528,0.00801
b21_C,_9708_,OAI21,0,6,3,2,26,9,13,2.0898437500527223e-06,1.862,0.7979999999997744,0.00802
b21_C,_9709_,AOI21,0,5,3,1,27,8,11,1.5625000000518696e-06,1.862,0.7979999999997744,0.00802
b21_C,_9710_,INV,0,5,1,1,28,7,10,-6.068359374999943e-05,0.798,0.26599999999962165,0.00801
b21_C,_9711_,OAI21,0,5,3,2,29,6,9,3.6035156250058265e-05,1.862,0.7979999999997744,0.00802
b21_C,_9712_,NOR2,0,0,2,1,1,6,8,0.0,1.33,0.5320000000001528,0.00801
b21_C,_9713_,OAI21,0,4,3,2,30,5,7,-3.281250000153335e-06,1.862,0.7979999999997744,0.00802
b21_C,_9714_,OR2,0,0,2,1,1,5,6,0.0,1.33,0.26599999999962165,0.00801
b21_C,_9715_,AOI21,0,3,3,2,31,4,5,4.34179687500702e-05,1.862,0.7979999999997744,0.00802
b21_C,_9716_,NOR2,0,0,2,1,1,4,4,0.0,1.33,0.5320000000001528,0.00801
b21_C,_9717_,OAI21,0,2,3,2,32,3,3,-2.8222656250243006e-05,1.862,0.7979999999997744,0.00802
b21_C,_9718_,OR2,0,0,2,1,1,3,2,0.0,1.33,0.26599999999962165,0.00801
b21_C,_9719_,AOI21,0,1,3,1,33,2,1,-1.3476562501502087e-06,1.862,0.7979999999997744,0.00802
b21_C,_9720_,XNOR2,0,1,2,0,34,1,0,-2.066406250000874e-05,2.66,1.063999999999396,0.00802
b21_C,_9721_,AND2,0,0,2,1,2,2,1,-0.00018603515625015277,1.33,0.26599999999962165,0.00801
b21_C,_9722_,OAI22,0,1,4,0,3,1,0,-0.000173398437500083,2.394,1.063999999999396,0.00802
b21_C,_9723_,XOR2,0,1,2,0,1,1,0,-1.2597656250168399e-05,2.394,0.7979999999997744,0.00802
b21_C,_9724_,XOR2,0,0,2,1,1,2,1,0.0,2.394,0.7979999999997744,0.00802
b21_C,_9725_,XNOR2,0,1,2,0,18,1,0,-0.0002496093749999595,2.66,1.063999999999396,0.00802
b21_C,_9726_,XNOR2,0,0,2,1,1,2,1,0.0,2.66,1.063999999999396,0.00802
b21_C,_9727_,XNOR2,0,1,2,0,15,1,0,-0.00012744140625020606,2.66,1.063999999999396,0.00802
b21_C,_9728_,XOR2,0,0,2,1,1,2,1,0.0,2.394,0.7979999999997744,0.00802
b21_C,_9729_,XNOR2,0,1,2,0,14,1,0,-0.0002989453125001873,2.66,1.063999999999396,0.00802
b21_C,_9730_,XNOR2,0,0,2,1,1,2,1,0.0,2.66,1.063999999999396,0.00802
b21_C,_9731_,XNOR2,0,1,2,0,11,1,0,-0.00014962890625014325,2.66,1.063999999999396,0.00802
b21_C,_9732_,XOR2,0,0,2,1,1,2,1,0.0,2.394,0.7979999999997744,0.00802
b21_C,_9733_,XNOR2,0,1,2,0,10,1,0,-0.00034619140625014033,2.66,1.063999999999396,0.00802
b21_C,_9734_,XNOR2,0,0,2,1,1,2,1,0.0,2.66,1.063999999999396,0.00802
b21_C,_9735_,XNOR2,0,1,2,0,7,1,0,-0.00018208984375012172,2.66,1.063999999999396,0.00802
b21_C,_9736_,XOR2,0,0,2,1,1,2,1,0.0,2.394,0.7979999999997744,0.00802
b21_C,_9737_,XNOR2,0,1,2,0,6,1,0,-0.0003891601562502345,2.66,1.063999999999396,0.00802
b21_C,_9738_,XNOR2,0,0,2,1,1,2,1,-7.812500002479794e-08,2.66,1.063999999999396,0.00802
b21_C,_9739_,XNOR2,0,1,2,0,3,1,0,-0.00017624999999998892,2.66,1.063999999999396,0.00802
b21_C,_9740_,XNOR2,0,0,2,1,1,2,1,0.0,2.66,1.063999999999396,0.00802
b21_C,_9741_,XNOR2,0,1,2,0,33,1,0,-1.580078125007489e-05,2.66,1.063999999999396,0.00802
b21_C,_9742_,XOR2,0,0,2,1,1,2,1,0.0,2.394,0.7979999999997744,0.00802
b21_C,_9743_,XNOR2,0,1,2,0,32,1,0,-6.212890625012513e-05,2.66,1.063999999999396,0.00802
b21_C,_9744_,XNOR2,0,0,2,1,1,2,1,0.0,2.66,1.063999999999396,0.00802
b21_C,_9745_,XNOR2,0,1,2,0,31,1,0,-3.5156250000056843e-05,2.66,1.063999999999396,0.00802
b21_C,_9746_,XOR2,0,0,2,1,1,2,1,0.0,2.394,0.7979999999997744,0.00802
b21_C,_9747_,XNOR2,0,1,2,0,30,1,0,-6.171875000005045e-05,2.66,1.063999999999396,0.00802
b21_C,_9748_,XNOR2,0,0,2,1,1,2,1,0.0,2.66,1.063999999999396,0.00802
b21_C,_9749_,XNOR2,0,1,2,0,27,1,0,-5.689453125001798e-05,2.66,1.063999999999396,0.00802
b21_C,_9750_,XOR2,0,0,2,1,1,2,1,0.0,2.394,0.7979999999997744,0.00802
b21_C,_9751_,XNOR2,0,1,2,0,26,1,0,-9.076171874999872e-05,2.66,1.063999999999396,0.00802
b21_C,_9752_,XNOR2,0,0,2,1,1,2,1,0.0,2.66,1.063999999999396,0.00802
b21_C,_9753_,XNOR2,0,1,2,0,23,1,0,-7.767578125017494e-05,2.66,1.063999999999396,0.00802
b21_C,_9754_,XOR2,0,0,2,1,1,2,1,0.0,2.394,0.7979999999997744,0.00802
b21_C,_9755_,XNOR2,0,1,2,0,22,1,0,-0.00011876953125011802,2.66,1.063999999999396,0.00802
b21_C,_9756_,XNOR2,0,0,2,1,1,2,1,0.0,2.66,1.063999999999396,0.00802
b21_C,_9757_,XNOR2,0,1,2,0,19,1,0,-0.00010255859374996845,2.66,1.063999999999396,0.00802
