DESIGN,CELL,LOGIC-TYPE,PATH-OCURENCE,PATHS-OCURENCE,FA-IN,FA-OUT,LOGIC-LEVEL,DEEP,LOADED-CELLS,DIF-ARRIVAL,CELL-AREA,COST-AREA,POWER
b22_C,_07101_,INV,0,0,1,2,1,30,663,0.0,0.798,0.26600000000144064,0.0108
b22_C,_07102_,INV,0,0,1,2,1,32,828,0.0,0.798,0.26600000000144064,0.0108
b22_C,_07103_,NAND3,0,2,3,2,4,32,828,4.597093791192108e-06,1.862,0.797999999998865,0.0108
b22_C,_07104_,NOR2,0,2,2,3,5,31,783,2.9564068692033985e-05,1.33,0.5319999999992433,0.0108
b22_C,_07105_,NAND3,0,2,3,2,6,30,701,-9.03566710719339e-06,1.862,0.797999999998865,0.0108
b22_C,_07106_,NOR2,0,2,2,3,7,29,660,2.758256274759674e-05,1.33,0.5319999999992433,0.0108
b22_C,_07107_,NAND3,0,2,3,2,8,28,584,-9.22060766184174e-06,1.862,0.797999999998865,0.0108
b22_C,_07108_,NOR2,0,2,2,3,9,27,547,2.7608982826832218e-05,1.33,0.5319999999992433,0.0108
b22_C,_07109_,NAND3,0,2,3,2,10,23,460,-9.22060766184174e-06,1.862,0.797999999998865,0.0108
b22_C,_07110_,NOR2,0,2,2,3,11,22,421,2.7608982826832218e-05,1.33,0.5319999999992433,0.0108
b22_C,_07111_,NAND3,0,2,3,2,12,21,334,-9.22060766184174e-06,1.862,0.797999999998865,0.0108
b22_C,_07112_,NOR2,0,2,2,3,13,19,292,2.9247027740986198e-05,1.33,0.5319999999992433,0.0108
b22_C,_07113_,NAND3,0,2,3,2,14,18,209,-9.03566710719339e-06,1.862,0.797999999998865,0.0108
b22_C,_07114_,NOR2,0,2,2,4,15,17,166,4.228533685601832e-05,1.33,0.5319999999992433,0.0108
b22_C,_07115_,XNOR2,0,1,2,3,16,16,108,-2.1545574636849807e-05,2.66,1.0640000000003056,0.0108
b22_C,_07116_,BUF,0,0,1,10,8,30,578,9.247027739078817e-07,1.064,0.26599999999962165,0.0108
b22_C,_07117_,OAI21,0,1,3,1,17,15,105,-2.4306472923285583e-06,1.862,0.797999999998865,0.0108
b22_C,_07118_,BUF,0,0,1,10,8,27,675,0.0,1.064,0.26599999999962165,0.0108
b22_C,_07119_,BUF,0,0,1,10,9,20,338,1.3210039728761558e-08,1.064,0.26599999999962165,0.0108
b22_C,_07120_,AOI21,0,1,3,7,18,14,104,3.3632760898072434e-05,1.862,0.797999999998865,0.0108
b22_C,_07121_,BUF,0,1,1,10,19,9,56,2.6922060765821598e-05,1.064,0.26599999999962165,0.0108
b22_C,_07122_,OR3,0,2,3,5,14,5,38,-1.3051519154760882e-05,1.596,0.26599999999962165,0.0108
b22_C,_07123_,OAI21,0,0,3,1,20,3,2,-1.7767503302623666e-05,1.862,0.797999999998865,0.0108
b22_C,_07124_,MUX2,0,1,3,3,25,14,94,-1.0026420079523035e-05,2.394,0.5320000000010623,0.0108
b22_C,_07125_,AND2,0,0,2,6,26,13,91,-2.615587846976908e-06,1.33,0.26599999999962165,0.0108
b22_C,_07126_,NAND2,0,0,2,10,17,5,24,0.0,1.33,0.5319999999992433,0.0108
b22_C,_07127_,NAND2,0,0,2,1,16,16,92,-2.7014531043700885e-05,1.33,0.5319999999992433,0.0108
b22_C,_07128_,XNOR2,0,0,2,3,17,15,91,0.0,2.66,1.0640000000003056,0.0108
b22_C,_07129_,AOI221,0,0,5,1,27,2,1,-1.2919418758361445e-05,2.926,1.3299999999999272,0.0108
b22_C,_07130_,NAND3,0,1,3,1,16,14,71,-2.2364597093815775e-05,1.862,0.797999999998865,0.0108
b22_C,_07131_,XOR2,0,1,2,3,17,13,70,-7.410832232768172e-06,2.394,0.7980000000006839,0.0108
b22_C,_07132_,OR2,0,1,2,2,18,12,64,6.142668427910891e-06,1.33,0.26599999999962165,0.0108
b22_C,_07133_,AOI222,0,0,6,2,10,12,64,-1.3210039950806163e-08,3.724,1.595999999999549,0.0108
b22_C,_07134_,AND2,0,0,2,8,19,10,33,-2.668428005447865e-06,1.33,0.26599999999962165,0.0108
b22_C,_07135_,OR3,0,0,3,9,14,4,23,-9.18758256274188e-05,1.596,0.26599999999962165,0.0108
b22_C,_07136_,BUF,0,0,1,10,10,23,145,1.3210039506716953e-08,1.064,0.26599999999962165,0.0108
b22_C,_07137_,BUF,0,0,1,10,11,13,90,-1.3210039728761558e-08,1.064,0.26599999999962165,0.0108
b22_C,_07138_,BUF,0,0,1,10,7,28,548,0.0,1.064,0.26599999999962165,0.0108
b22_C,_07139_,NAND2,0,0,2,1,18,14,86,0.0,1.33,0.5319999999992433,0.0108
b22_C,_07140_,AOI222,0,0,6,1,10,14,86,-2.6420079457523116e-08,3.724,1.595999999999549,0.0108
b22_C,_07141_,NAND2,0,0,2,2,19,13,85,0.0,1.33,0.5319999999992433,0.0108
b22_C,_07142_,INV,0,0,1,6,20,12,58,0.0,0.798,0.26600000000144064,0.0108
b22_C,_07143_,BUF,0,0,1,10,9,23,94,2.1136063388382809e-07,1.064,0.26599999999962165,0.0108
b22_C,_07144_,XNOR2,0,0,2,2,27,7,10,-4.1215323647314506e-06,2.66,1.0640000000003056,0.0108
b22_C,_07145_,NOR3,0,0,3,2,28,4,6,1.5852047554609783e-06,1.862,0.797999999998865,0.0108
b22_C,_07146_,INV,0,0,1,1,28,6,8,-1.3210039950806163e-08,0.798,0.26600000000144064,0.0108
b22_C,_07147_,CLKBUF,0,0,1,10,20,12,62,0.0,1.064,0.26599999999962165,0.0108
b22_C,_07148_,BUF,0,0,1,10,9,24,130,-6.274768824310328e-06,1.064,0.26599999999962165,0.0108
b22_C,_07149_,BUF,0,0,1,10,10,8,61,0.0,1.064,0.26599999999962165,0.0108
b22_C,_07150_,AOI21,0,0,3,2,29,5,7,0.0,1.862,0.797999999998865,0.0108
b22_C,_07151_,NOR2,0,0,2,1,30,3,2,-1.4531043595056303e-06,1.33,0.5319999999992433,0.0108
b22_C,_07152_,INV,0,0,1,3,1,17,267,0.0,0.798,0.26600000000144064,0.0108
b22_C,_07153_,NOR2,0,0,2,1,12,16,120,-3.57859973580954e-05,1.33,0.5319999999992433,0.0108
b22_C,_07154_,AOI21,0,2,3,5,24,15,119,-3.154557463691532e-05,1.862,0.797999999998865,0.0108
b22_C,_07155_,NOR2,0,1,2,5,25,11,62,-6.698811096450541e-05,1.33,0.5319999999992433,0.0108
b22_C,_07156_,XNOR2,0,0,2,2,26,7,12,-2.2192866578674142e-05,2.66,1.0640000000003056,0.0108
b22_C,_07157_,OR3,0,0,3,2,27,5,9,-3.1307793924018057e-06,1.596,0.26599999999962165,0.0108
b22_C,_07158_,OAI21,0,0,3,2,27,6,10,-4.5046235142010005e-06,1.862,0.797999999998865,0.0108
b22_C,_07159_,BUF,0,0,1,10,8,27,110,5.284015847095702e-08,1.064,0.26599999999962165,0.0108
b22_C,_07160_,AND2,0,0,2,1,15,17,143,-2.2906208718698196e-05,1.33,0.26599999999962165,0.0108
b22_C,_07161_,AOI21,0,1,3,3,23,16,142,-4.4346103038384044e-05,1.862,0.797999999998865,0.0108
b22_C,_07162_,NOR2,0,0,2,6,24,12,115,-8.697490092468563e-05,1.33,0.5319999999992433,0.0108
b22_C,_07163_,XNOR2,0,0,2,3,25,8,17,-3.038309115410698e-07,2.66,1.0640000000003056,0.0108
b22_C,_07164_,NAND2,0,0,2,1,10,16,122,-3.963011896424007e-08,1.33,0.5319999999992433,0.0108
b22_C,_07165_,XNOR2,0,0,2,3,15,17,127,-2.2087186261732228e-05,2.66,1.0640000000003056,0.0108
b22_C,_07166_,AOI222,0,0,6,1,16,16,122,2.642007923547851e-08,3.724,1.595999999999549,0.0108
b22_C,_07167_,NAND2,0,0,2,6,17,15,121,3.9630118742195464e-08,1.33,0.5319999999992433,0.0108
b22_C,_07168_,CLKBUF,0,0,1,10,18,10,69,9.114927344011647e-07,1.064,0.26599999999962165,0.0108
b22_C,_07169_,AOI21,0,0,3,2,26,7,14,-1.5852047563491567e-07,1.862,0.797999999998865,0.0108
b22_C,_07170_,INV,0,0,1,3,1,18,388,0.0,0.798,0.26600000000144064,0.0108
b22_C,_07171_,MUX2,0,11,3,3,22,17,166,5.6155878467523124e-05,2.394,0.5320000000010623,0.0108
b22_C,_07172_,NOR2,0,10,2,3,23,16,163,5.4729194187475017e-05,1.33,0.5319999999992433,0.0108
b22_C,_07173_,BUF,0,10,1,10,24,15,144,0.00013628797886378052,1.064,0.26599999999962165,0.0108
b22_C,_07174_,XNOR2,0,1,2,3,25,9,20,-6.858652575969515e-05,2.66,1.0640000000003056,0.0108
b22_C,_07175_,AOI22,0,0,4,1,10,17,136,0.0,2.394,1.0640000000003056,0.0108
b22_C,_07176_,NAND2,0,0,2,1,14,18,143,-2.792602377810205e-05,1.33,0.5319999999992433,0.0108
b22_C,_07177_,XOR2,0,0,2,3,15,17,142,0.0,2.394,0.7980000000006839,0.0108
b22_C,_07178_,OAI21,0,0,3,2,16,16,135,-5.28401585375704e-07,1.862,0.797999999998865,0.0108
b22_C,_07179_,AOI21,0,0,3,9,17,15,101,1.0554821664232605e-05,1.862,0.797999999998865,0.0108
b22_C,_07180_,OAI21,0,0,3,2,26,8,17,-7.675033025122957e-06,1.862,0.797999999998865,0.0108
b22_C,_07181_,XNOR2,0,0,2,3,14,18,162,-3.5165125495506544e-05,2.66,1.0640000000003056,0.0108
b22_C,_07182_,OR2,0,0,2,2,15,17,156,-2.377807135633958e-07,1.33,0.26599999999962165,0.0108
b22_C,_07183_,NAND2,0,0,2,2,10,17,156,0.0,1.33,0.5319999999992433,0.0108
b22_C,_07184_,NAND2,0,0,2,2,10,17,156,0.0,1.33,0.5319999999992433,0.0108
b22_C,_07185_,NAND2,0,0,2,2,10,17,156,-3.963011896424007e-08,1.33,0.5319999999992433,0.0108
b22_C,_07186_,NAND4,0,0,4,10,16,16,105,0.0,2.394,1.0640000000003056,0.0108
b22_C,_07187_,MUX2,0,1,3,3,22,18,185,-1.4240422721467638e-05,2.394,0.5320000000010623,0.0108
b22_C,_07188_,NAND2,0,0,2,3,23,17,181,-6.763540290721792e-06,1.33,0.5319999999992433,0.0108
b22_C,_07189_,BUF,0,0,1,10,24,16,158,4.3593130771846234e-07,1.064,0.26599999999962165,0.0108
b22_C,_07190_,XNOR2,0,0,2,3,25,10,23,-2.1400264202942054e-06,2.66,1.0640000000003056,0.0108
b22_C,_07191_,NAND3,0,0,3,1,26,9,17,0.0,1.862,0.797999999998865,0.0108
b22_C,_07192_,XNOR2,0,0,2,3,13,20,182,-2.2113606340967706e-05,2.66,1.0640000000003056,0.0108
b22_C,_07193_,OR2,0,0,2,2,14,19,177,-2.377807135633958e-07,1.33,0.26599999999962165,0.0108
b22_C,_07194_,AOI222,0,0,6,2,10,19,177,0.0,3.724,1.595999999999549,0.0108
b22_C,_07195_,AND2,0,0,2,1,15,18,168,0.0,1.33,0.26599999999962165,0.0108
b22_C,_07196_,BUF,0,0,1,10,16,17,167,1.0568031671986944e-07,1.064,0.26599999999962165,0.0108
b22_C,_07197_,NOR2,0,0,2,2,17,12,26,-8.586525761522523e-07,1.33,0.5319999999992433,0.0108
b22_C,_07198_,NAND2,0,0,2,1,13,19,210,-6.836195508608256e-05,1.33,0.5319999999992433,0.0108
b22_C,_07199_,OAI21,0,1,3,4,21,18,209,-5.365918097766098e-05,1.862,0.797999999998865,0.0108
b22_C,_07200_,AND2,0,0,2,6,22,13,160,-5.601056803472559e-06,1.33,0.26599999999962165,0.0108
b22_C,_07201_,XNOR2,0,0,2,2,23,12,26,-3.038309115410698e-07,2.66,1.0640000000003056,0.0108
b22_C,_07202_,OR2,0,0,2,2,24,10,23,0.0,1.33,0.26599999999962165,0.0108
b22_C,_07203_,AOI222,0,0,6,1,9,20,195,0.0,3.724,1.595999999999549,0.0108
b22_C,_07204_,NAND2,0,0,2,1,12,21,201,-2.8058124174501486e-05,1.33,0.5319999999992433,0.0108
b22_C,_07205_,XOR2,0,0,2,3,13,20,200,0.0,2.394,0.7980000000006839,0.0108
b22_C,_07206_,OAI21,0,0,3,7,14,19,194,-6.605019842176318e-08,1.862,0.797999999998865,0.0108
b22_C,_07207_,CLKBUF,0,0,1,10,15,14,113,6.737120210598135e-07,1.064,0.26599999999962165,0.0108
b22_C,_07208_,MUX2,0,1,3,4,20,19,230,-1.2681638045020094e-05,2.394,0.5320000000010623,0.0108
b22_C,_07209_,AND2,0,0,2,7,21,18,123,-2.219286658000641e-06,1.33,0.26599999999962165,0.0108
b22_C,_07210_,XNOR2,0,0,2,2,22,12,29,-3.038309115410698e-07,2.66,1.0640000000003056,0.0108
b22_C,_07211_,NAND3,0,0,3,2,23,11,26,-1.5852047563491567e-07,1.862,0.797999999998865,0.0108
b22_C,_07212_,XOR2,0,0,2,3,12,21,216,-3.1783355350034626e-05,2.394,0.7980000000006839,0.0108
b22_C,_07213_,NAND2,0,0,2,2,13,20,212,0.0,1.33,0.5319999999992433,0.0108
b22_C,_07214_,NAND2,0,0,2,2,9,20,212,0.0,1.33,0.5319999999992433,0.0108
b22_C,_07215_,NAND2,0,0,2,2,9,20,212,0.0,1.33,0.5319999999992433,0.0108
b22_C,_07216_,NAND2,0,0,2,2,9,20,212,0.0,1.33,0.5319999999992433,0.0108
b22_C,_07217_,AND4,0,0,4,7,14,19,190,0.0,1.862,0.26599999999962165,0.0108
b22_C,_07218_,MUX2,0,1,3,5,20,20,251,-5.350066050402447e-06,2.394,0.5320000000010623,0.0108
b22_C,_07219_,NAND2,0,0,2,10,21,19,223,-4.927344782190701e-06,1.33,0.5319999999992433,0.0108
b22_C,_07220_,XNOR2,0,0,2,2,22,14,33,-2.7741083230559127e-07,2.66,1.0640000000003056,0.0108
b22_C,_07221_,NOR3,0,0,3,2,23,12,30,8.745046234936993e-06,1.862,0.797999999998865,0.0108
b22_C,_07222_,OAI21,0,0,3,2,23,13,30,1.0039630118363618e-06,1.862,0.797999999998865,0.0108
b22_C,_07223_,XNOR2,0,0,2,3,11,22,231,-2.2113606340967706e-05,2.66,1.0640000000003056,0.0108
b22_C,_07224_,NAND2,0,0,2,2,12,21,226,0.0,1.33,0.5319999999992433,0.0108
b22_C,_07225_,NAND2,0,0,2,2,9,21,226,0.0,1.33,0.5319999999992433,0.0108
b22_C,_07226_,NAND2,0,0,2,2,9,21,226,0.0,1.33,0.5319999999992433,0.0108
b22_C,_07227_,NAND2,0,0,2,2,9,21,226,0.0,1.33,0.5319999999992433,0.0108
b22_C,_07228_,AND4,0,0,4,9,13,20,172,0.0,1.862,0.26599999999962165,0.0108
b22_C,_07229_,NAND2,0,0,2,1,11,21,273,-6.228533685614934e-05,1.33,0.5319999999992433,0.0108
b22_C,_07230_,MUX2,0,2,3,2,19,21,274,-7.833553500757873e-06,2.394,0.5320000000010623,0.0108
b22_C,_07231_,OAI21,0,1,3,5,20,20,272,-7.215323645981542e-05,1.862,0.797999999998865,0.0108
b22_C,_07232_,BUF,0,1,1,10,21,17,218,2.4042272126489905e-06,1.064,0.26599999999962165,0.0108
b22_C,_07233_,XNOR2,0,1,2,2,22,16,39,-1.9339498018577927e-05,2.66,1.0640000000003056,0.0108
b22_C,_07234_,OR3,0,1,3,2,23,14,36,2.391017172920229e-06,1.596,0.26599999999962165,0.0108
b22_C,_07235_,OAI21,0,0,3,2,23,15,37,1.7701453101093279e-06,1.862,0.797999999998865,0.0108
b22_C,_07236_,MUX2,0,10,3,2,18,23,294,4.45178335506391e-06,2.394,0.5320000000010623,0.0108
b22_C,_07237_,OAI21,0,0,3,2,4,25,375,-2.313077939253283e-05,1.862,0.797999999998865,0.0108
b22_C,_07238_,OAI21,0,0,3,1,5,24,319,-4.6235138717598545e-07,1.862,0.797999999998865,0.0108
b22_C,_07239_,XOR2,0,0,2,10,6,23,318,1.756935270602611e-06,2.394,0.7980000000006839,0.0108
b22_C,_07240_,MUX2,0,9,3,4,19,22,292,5.486129458365241e-05,2.394,0.5320000000010623,0.0108
b22_C,_07241_,BUF,0,9,1,10,20,21,255,0.000147569352707988,1.064,0.26599999999962165,0.0108
b22_C,_07242_,XNOR2,0,9,2,2,21,18,44,1.5719947159764658e-05,2.66,1.0640000000003056,0.0108
b22_C,_07243_,NAND2,0,0,2,1,9,24,248,0.0,1.33,0.5319999999992433,0.0108
b22_C,_07244_,INV,0,0,1,2,10,23,247,0.0,0.798,0.26600000000144064,0.0108
b22_C,_07245_,NAND2,0,0,2,1,10,26,252,-2.8058124174501486e-05,1.33,0.5319999999992433,0.0108
b22_C,_07246_,XNOR2,0,0,2,3,11,25,251,0.0,2.66,1.0640000000003056,0.0108
b22_C,_07247_,NAND2,0,0,2,1,12,24,248,0.0,1.33,0.5319999999992433,0.0108
b22_C,_07248_,AOI22,0,0,4,1,9,24,248,0.0,2.394,1.0640000000003056,0.0108
b22_C,_07249_,NAND2,0,0,2,2,13,23,247,0.0,1.33,0.5319999999992433,0.0108
b22_C,_07250_,NOR2,0,0,2,2,14,22,246,0.0,1.33,0.5319999999992433,0.0108
b22_C,_07251_,BUF,0,0,1,10,15,20,168,2.642007923547851e-08,1.064,0.26599999999962165,0.0108
b22_C,_07252_,OAI21,0,0,3,2,22,17,41,-4.713342140028054e-05,1.862,0.797999999998865,0.0108
b22_C,_07253_,INV,0,0,1,3,23,16,37,1.9815059437711113e-07,0.798,0.26600000000144064,0.0108
b22_C,_07254_,OR3,0,9,3,2,22,17,41,8.591809775437831e-05,1.596,0.26599999999962165,0.0108
b22_C,_07255_,XOR2,0,0,2,3,10,24,272,-3.1783355350034626e-05,2.394,0.7980000000006839,0.0108
b22_C,_07256_,NAND2,0,0,2,2,11,23,268,0.0,1.33,0.5319999999992433,0.0108
b22_C,_07257_,NAND2,0,0,2,2,9,23,268,0.0,1.33,0.5319999999992433,0.0108
b22_C,_07258_,NAND2,0,0,2,2,9,23,268,0.0,1.33,0.5319999999992433,0.0108
b22_C,_07259_,NAND2,0,0,2,2,9,23,268,0.0,1.33,0.5319999999992433,0.0108
b22_C,_07260_,NAND4,0,0,4,7,12,22,185,0.0,2.394,1.0640000000003056,0.0108
b22_C,_07261_,NAND2,0,0,2,1,13,21,49,0.0,1.33,0.5319999999992433,0.0108
b22_C,_07262_,INV,0,0,1,2,14,20,48,0.0,0.798,0.26600000000144064,0.0108
b22_C,_07263_,XNOR2,0,0,2,10,5,24,343,8.665785997230557e-06,2.66,1.0640000000003056,0.0108
b22_C,_07264_,AND2,0,0,2,1,11,23,310,-3.134742404231616e-05,1.33,0.26599999999962165,0.0108
b22_C,_07265_,MUX2,0,1,3,3,18,23,315,-9.72258916775992e-06,2.394,0.5320000000010623,0.0108
b22_C,_07266_,AOI21,0,0,3,2,19,22,309,-4.531043593214434e-06,1.862,0.797999999998865,0.0108
b22_C,_07267_,BUF,0,0,1,10,20,21,307,3.566710700120268e-07,1.064,0.26599999999962165,0.0108
b22_C,_07268_,XNOR2,0,0,2,2,21,20,48,-2.1400264202942054e-06,2.66,1.0640000000003056,0.0108
b22_C,_07269_,OR2,0,0,2,2,22,18,45,0.0,1.33,0.26599999999962165,0.0108
b22_C,_07270_,INV,0,0,1,3,1,25,866,0.0,0.798,0.26600000000144064,0.0108
b22_C,_07271_,NOR2,0,0,2,1,9,24,337,-3.714663143994379e-05,1.33,0.5319999999992433,0.0108
b22_C,_07272_,AOI21,0,1,3,3,17,23,336,-2.9048877146609087e-05,1.862,0.797999999998865,0.0108
b22_C,_07273_,NAND2,0,0,2,1,4,25,376,-2.169088507275596e-05,1.33,0.5319999999992433,0.0108
b22_C,_07274_,XNOR2,0,0,2,10,5,24,375,1.8665785997074025e-05,2.66,1.0640000000003056,0.0108
b22_C,_07275_,INV,0,0,1,1,6,23,97,-2.853368560318259e-06,0.798,0.26600000000144064,0.0108
b22_C,_07276_,MUX2,0,0,3,5,18,22,96,-3.4068692206234985e-05,2.394,0.5320000000010623,0.0108
b22_C,_07277_,XNOR2,0,0,2,2,19,21,52,-3.038309115410698e-07,2.66,1.0640000000003056,0.0108
b22_C,_07278_,INV,0,0,1,1,20,20,49,0.0,0.798,0.26600000000144064,0.0108
b22_C,_07279_,XNOR2,0,0,2,3,9,24,286,-2.2113606340967706e-05,2.66,1.0640000000003056,0.0108
b22_C,_07280_,NAND2,0,0,2,2,10,23,282,0.0,1.33,0.5319999999992433,0.0108
b22_C,_07281_,NAND2,0,0,2,2,9,23,282,0.0,1.33,0.5319999999992433,0.0108
b22_C,_07282_,NAND2,0,0,2,2,9,23,282,0.0,1.33,0.5319999999992433,0.0108
b22_C,_07283_,NAND2,0,0,2,2,9,23,282,0.0,1.33,0.5319999999992433,0.0108
b22_C,_07284_,NAND4,0,0,4,8,11,22,215,1.25495376468443e-06,2.394,1.0640000000003056,0.0108
b22_C,_07285_,AOI21,0,0,3,2,21,19,48,-1.0039630120584064e-06,1.862,0.797999999998865,0.0108
b22_C,_07286_,AND4,0,0,4,7,11,22,213,0.0,1.862,0.26599999999962165,0.0108
b22_C,_07287_,NOR3,0,0,3,2,20,20,49,-3.963011896424007e-08,1.862,0.797999999998865,0.0108
b22_C,_07288_,NAND2,0,0,2,1,9,26,298,0.0,1.33,0.5319999999992433,0.0108
b22_C,_07289_,INV,0,0,1,3,10,25,297,0.0,0.798,0.26600000000144064,0.0108
b22_C,_07290_,AOI22,0,0,4,1,9,26,298,0.0,2.394,1.0640000000003056,0.0108
b22_C,_07291_,NAND2,0,0,2,1,8,27,303,-2.8058124174501486e-05,1.33,0.5319999999992433,0.0108
b22_C,_07292_,XOR2,0,0,2,3,9,26,302,0.0,2.394,0.7980000000006839,0.0108
b22_C,_07293_,OAI21,0,0,3,3,10,25,297,-5.28401585375704e-07,1.862,0.797999999998865,0.0108
b22_C,_07294_,OR2,0,0,2,6,11,22,188,0.0,1.33,0.26599999999962165,0.0108
b22_C,_07295_,NAND2,0,0,2,3,12,21,54,0.0,1.33,0.5319999999992433,0.0108
b22_C,_07296_,OR2,0,0,2,4,3,30,684,-0.0007741215323648909,1.33,0.26599999999962165,0.0108
b22_C,_07297_,OR2,0,0,2,2,4,29,514,0.0,1.33,0.26599999999962165,0.0108
b22_C,_07298_,OAI21,0,0,3,2,5,28,458,0.0,1.862,0.797999999998865,0.0108
b22_C,_07299_,INV,0,0,1,1,6,27,403,0.0,0.798,0.26600000000144064,0.0108
b22_C,_07300_,AOI21,0,0,3,1,7,26,402,0.0,1.862,0.797999999998865,0.0108
b22_C,_07301_,XNOR2,0,0,2,10,8,25,401,2.346103038286529e-05,2.66,1.0640000000003056,0.0108
b22_C,_07302_,OR2,0,0,2,1,11,24,349,-1.9550858654238112e-06,1.33,0.26599999999962165,0.0108
b22_C,_07303_,NAND2,0,0,2,1,11,25,356,-0.00011801849405568277,1.33,0.5319999999992433,0.0108
b22_C,_07304_,OAI21,0,10,3,3,16,24,355,-0.00010837516512562928,1.862,0.797999999998865,0.0108
b22_C,_07305_,OAI21,0,9,3,8,17,23,348,1.1056803170150786e-05,1.862,0.797999999998865,0.0108
b22_C,_07306_,XNOR2,0,0,2,3,18,21,54,-0.00014552179656557307,2.66,1.0640000000003056,0.0108
b22_C,_07307_,NOR2,0,0,2,2,19,20,49,-2.6420079457523116e-08,1.33,0.5319999999992433,0.0108
b22_C,_07308_,XOR2,0,0,2,3,8,25,319,-3.1783355350034626e-05,2.394,0.7980000000006839,0.0108
b22_C,_07309_,NAND2,0,0,2,2,9,24,314,0.0,1.33,0.5319999999992433,0.0108
b22_C,_07310_,NAND2,0,0,2,2,9,24,314,0.0,1.33,0.5319999999992433,0.0108
b22_C,_07311_,NAND2,0,0,2,2,9,24,314,0.0,1.33,0.5319999999992433,0.0108
b22_C,_07312_,NAND2,0,0,2,2,9,24,314,0.0,1.33,0.5319999999992433,0.0108
b22_C,_07313_,AND4,0,0,4,9,10,23,302,5.284015847095702e-08,1.862,0.26599999999962165,0.0108
b22_C,_07314_,NOR2,0,0,2,3,11,22,58,-5.2840158693001626e-08,1.33,0.5319999999992433,0.0108
b22_C,_07315_,XNOR2,0,0,2,10,6,26,433,3.9630118742195464e-08,2.66,1.0640000000003056,0.0108
b22_C,_07316_,OR2,0,0,2,1,11,25,335,-1.3210039950806163e-08,1.33,0.26599999999962165,0.0108
b22_C,_07317_,MUX2,0,1,3,3,16,25,378,-1.1241743725243225e-05,2.394,0.5320000000010623,0.0108
b22_C,_07318_,OAI21,0,0,3,2,17,24,334,-7.457067371197112e-05,1.862,0.797999999998865,0.0108
b22_C,_07319_,BUF,0,0,1,10,18,23,332,0.0,1.064,0.26599999999962165,0.0108
b22_C,_07320_,XNOR2,0,0,2,3,19,22,58,-2.02113606362353e-06,2.66,1.0640000000003056,0.0108
b22_C,_07321_,NOR2,0,0,2,2,20,21,53,0.0,1.33,0.5319999999992433,0.0108
b22_C,_07322_,XNOR2,0,0,2,3,7,27,338,-2.2140026420203185e-05,2.66,1.0640000000003056,0.0108
b22_C,_07323_,AOI22,0,0,4,1,9,26,334,0.0,2.394,1.0640000000003056,0.0108
b22_C,_07324_,AOI22,0,0,4,1,9,26,334,0.0,2.394,1.0640000000003056,0.0108
b22_C,_07325_,AND2,0,0,2,8,10,25,333,0.0,1.33,0.26599999999962165,0.0108
b22_C,_07326_,NOR2,0,0,2,2,11,22,59,-3.963011896424007e-08,1.33,0.5319999999992433,0.0108
b22_C,_07327_,AND2,0,0,2,2,10,26,402,-5.900924702784138e-05,1.33,0.26599999999962165,0.0108
b22_C,_07328_,AOI211,0,0,4,2,15,25,399,-0.00010269484808467233,2.394,1.0640000000003056,0.0108
b22_C,_07329_,NAND2,0,0,2,1,5,27,463,0.0,1.33,0.5319999999992433,0.0108
b22_C,_07330_,XNOR2,0,0,2,9,6,26,462,2.949801849405631e-05,2.66,1.0640000000003056,0.0108
b22_C,_07331_,NOR2,0,0,2,2,10,25,399,-5.442536327837644e-06,1.33,0.5319999999992433,0.0108
b22_C,_07332_,NOR2,0,0,2,8,16,24,328,0.0,1.33,0.5319999999992433,0.0108
b22_C,_07333_,NOR2,0,0,2,1,17,22,56,-2.642007927988743e-07,1.33,0.5319999999992433,0.0108
b22_C,_07334_,OR2,0,0,2,7,16,24,251,1.9815059437711113e-07,1.33,0.26599999999962165,0.0108
b22_C,_07335_,NOR2,0,0,2,1,17,22,56,-1.7437252313179386e-06,1.33,0.5319999999992433,0.0108
b22_C,_07336_,XNOR2,0,0,2,2,17,23,60,-4.227212682117454e-07,2.66,1.0640000000003056,0.0108
b22_C,_07337_,NOR3,0,0,3,1,18,22,56,-8.718626156589693e-07,1.862,0.797999999998865,0.0108
b22_C,_07338_,NAND2,0,0,2,2,8,27,354,0.0,1.33,0.5319999999992433,0.0108
b22_C,_07339_,NAND2,0,0,2,1,6,29,360,-2.792602377810205e-05,1.33,0.5319999999992433,0.0108
b22_C,_07340_,XNOR2,0,0,2,3,7,28,359,0.0,2.66,1.0640000000003056,0.0108
b22_C,_07341_,NAND2,0,0,2,2,8,27,354,0.0,1.33,0.5319999999992433,0.0108
b22_C,_07342_,NAND2,0,0,2,2,8,27,354,0.0,1.33,0.5319999999992433,0.0108
b22_C,_07343_,NAND2,0,0,2,2,8,27,354,0.0,1.33,0.5319999999992433,0.0108
b22_C,_07344_,NAND4,0,0,4,5,9,25,97,0.0,2.394,1.0640000000003056,0.0108
b22_C,_07345_,OR2,0,0,2,1,1,29,493,0.0,1.33,0.26599999999962165,0.0108
b22_C,_07346_,OAI21,0,0,3,1,4,28,492,0.0,1.862,0.797999999998865,0.0108
b22_C,_07347_,XNOR2,0,0,2,10,5,27,491,4.163804491397194e-05,2.66,1.0640000000003056,0.0108
b22_C,_07348_,OR2,0,0,2,1,10,26,295,-3.368560105743157e-06,1.33,0.26599999999962165,0.0108
b22_C,_07349_,MUX2,0,1,3,3,14,26,422,-1.5799207397693138e-05,2.394,0.5320000000010623,0.0108
b22_C,_07350_,OAI21,0,0,3,8,15,25,294,-7.451783355372221e-05,1.862,0.797999999998865,0.0108
b22_C,_07351_,XNOR2,0,0,2,2,16,24,66,-9.247027743519709e-08,2.66,1.0640000000003056,0.0108
b22_C,_07352_,NAND3,0,0,3,1,17,23,63,0.0,1.862,0.797999999998865,0.0108
b22_C,_07353_,INV,0,0,1,3,18,22,62,0.0,0.798,0.26600000000144064,0.0108
b22_C,_07354_,AOI21,0,0,3,2,17,23,63,0.0,1.862,0.797999999998865,0.0108
b22_C,_07355_,AOI22,0,0,4,1,8,28,368,0.0,2.394,1.0640000000003056,0.0108
b22_C,_07356_,INV,0,0,1,2,9,27,367,0.0,0.798,0.26600000000144064,0.0108
b22_C,_07357_,NAND2,0,0,2,1,8,28,368,0.0,1.33,0.5319999999992433,0.0108
b22_C,_07358_,XNOR2,0,0,2,3,6,28,371,-3.519154557474202e-05,2.66,1.0640000000003056,0.0108
b22_C,_07359_,OAI21,0,0,3,2,9,27,367,-5.28401585375704e-07,1.862,0.797999999998865,0.0108
b22_C,_07360_,NOR2,0,0,2,6,10,25,324,5.615587846730108e-05,1.33,0.5319999999992433,0.0108
b22_C,_07361_,NOR2,0,0,2,3,11,24,68,-1.9590488771425996e-05,1.33,0.5319999999992433,0.0108
b22_C,_07362_,OAI21,0,0,3,1,4,28,515,0.0,1.862,0.797999999998865,0.0108
b22_C,_07363_,XNOR2,0,0,2,10,5,27,514,1.3210039506716953e-08,2.66,1.0640000000003056,0.0108
b22_C,_07364_,OR2,0,0,2,3,10,26,434,0.0,1.33,0.26599999999962165,0.0108
b22_C,_07365_,AND2,0,0,2,2,10,27,438,-5.900924702784138e-05,1.33,0.26599999999962165,0.0108
b22_C,_07366_,NOR3,0,1,3,2,13,27,438,-0.00016058124174400668,1.862,0.797999999998865,0.0108
b22_C,_07367_,OR3,0,0,3,3,14,26,434,-0.00010450462351396794,1.596,0.26599999999962165,0.0108
b22_C,_07368_,NAND2,0,0,2,7,15,25,371,1.3210039506716953e-08,1.33,0.5319999999992433,0.0108
b22_C,_07369_,XNOR2,0,0,2,3,16,24,68,-1.0568031694191404e-07,2.66,1.0640000000003056,0.0108
b22_C,_07370_,NAND2,0,0,2,2,17,23,63,-1.043593130800602e-06,1.33,0.5319999999992433,0.0108
b22_C,_07371_,XNOR2,0,0,2,3,5,30,398,-2.169088507275596e-05,2.66,1.0640000000003056,0.0108
b22_C,_07372_,NOR2,0,0,2,1,9,29,395,-4.75561426904747e-07,1.33,0.5319999999992433,0.0108
b22_C,_07373_,AOI21,0,0,3,2,10,28,394,0.0,1.862,0.797999999998865,0.0108
b22_C,_07374_,AOI22,0,0,4,2,8,28,394,0.0,2.394,1.0640000000003056,0.0108
b22_C,_07375_,AND2,0,0,2,7,11,27,376,0.0,1.33,0.26599999999962165,0.0108
b22_C,_07376_,NOR2,0,0,2,3,12,25,74,-7.926023779525337e-07,1.33,0.5319999999992433,0.0108
b22_C,_07377_,INV,0,0,1,3,1,31,1240,0.0,0.798,0.26600000000144064,0.0108
b22_C,_07378_,NAND2,0,0,2,2,9,28,467,-0.0001345178335536712,1.33,0.5319999999992433,0.0108
b22_C,_07379_,XNOR2,0,0,2,2,12,28,467,0.0,2.66,1.0640000000003056,0.0108
b22_C,_07380_,OAI211,0,0,4,3,13,27,464,-0.00010833553500688708,2.394,1.0640000000003056,0.0108
b22_C,_07381_,NAND2,0,0,2,1,4,29,554,0.0,1.33,0.5319999999992433,0.0108
b22_C,_07382_,XNOR2,0,0,2,9,5,28,553,4.778071334188283e-05,2.66,1.0640000000003056,0.0108
b22_C,_07383_,NAND2,0,0,2,3,9,27,464,-0.000225574636723902,1.33,0.5319999999992433,0.0108
b22_C,_07384_,AND2,0,0,2,4,14,26,112,0.0,1.33,0.26599999999962165,0.0108
b22_C,_07385_,XNOR2,0,0,2,3,15,25,74,-9.247027743519709e-08,2.66,1.0640000000003056,0.0108
b22_C,_07386_,OR2,0,0,2,3,16,24,71,0.0,1.33,0.26599999999962165,0.0108
b22_C,_07387_,NAND2,0,0,2,2,9,29,491,-0.0001345178335536712,1.33,0.5319999999992433,0.0108
b22_C,_07388_,OAI211,0,0,4,3,12,28,488,-0.00011907529722599008,2.394,1.0640000000003056,0.0108
b22_C,_07389_,NAND2,0,0,2,1,3,30,585,-0.0018065653896963685,1.33,0.5319999999992433,0.0108
b22_C,_07390_,XNOR2,0,0,2,9,4,29,584,2.7793923381702612e-05,2.66,1.0640000000003056,0.0108
b22_C,_07391_,OR2,0,0,2,3,10,28,488,-2.5495376487771892e-06,1.33,0.26599999999962165,0.0108
b22_C,_07392_,NAND2,0,0,2,8,13,27,397,0.0,1.33,0.5319999999992433,0.0108
b22_C,_07393_,XNOR2,0,0,2,3,14,26,77,-9.247027743519709e-08,2.66,1.0640000000003056,0.0108
b22_C,_07394_,AOI22,0,0,4,2,8,29,414,0.0,2.394,1.0640000000003056,0.0108
b22_C,_07395_,NAND2,0,0,2,2,8,29,414,0.0,1.33,0.5319999999992433,0.0108
b22_C,_07396_,NAND2,0,0,2,1,4,31,418,-1.3896961690962328e-05,1.33,0.5319999999992433,0.0108
b22_C,_07397_,XNOR2,0,0,2,3,5,30,417,0.0,2.66,1.0640000000003056,0.0108
b22_C,_07398_,NAND2,0,0,2,2,7,29,414,0.0,1.33,0.5319999999992433,0.0108
b22_C,_07399_,NAND3,0,0,3,2,9,28,404,0.0,1.862,0.797999999998865,0.0108
b22_C,_07400_,CLKBUF,0,0,1,10,10,27,295,0.0,1.064,0.26599999999962165,0.0108
b22_C,_07401_,AOI21,0,0,3,2,15,25,74,-1.3210039630395798e-05,1.862,0.797999999998865,0.0108
b22_C,_07402_,AND4,0,0,4,6,9,28,322,0.0,1.862,0.26599999999962165,0.0108
b22_C,_07403_,NOR2,0,0,2,1,10,26,74,-7.926023779525337e-07,1.33,0.5319999999992433,0.0108
b22_C,_07404_,OAI21,0,0,3,1,3,31,617,0.0,1.862,0.797999999998865,0.0108
b22_C,_07405_,XNOR2,0,0,2,9,4,30,616,0.0,2.66,1.0640000000003056,0.0108
b22_C,_07406_,OR2,0,0,2,6,9,29,511,-1.5059445179765873e-06,1.33,0.26599999999962165,0.0108
b22_C,_07407_,INV,0,0,1,3,10,28,299,0.0,0.798,0.26600000000144064,0.0108
b22_C,_07408_,NOR2,0,0,2,1,9,29,300,-3.714663143994379e-05,1.33,0.5319999999992433,0.0108
b22_C,_07409_,NOR2,0,0,2,1,12,29,300,-1.923381770141397e-05,1.33,0.5319999999992433,0.0108
b22_C,_07410_,AOI211,0,0,4,3,13,28,299,-9.278731836204201e-05,2.394,1.0640000000003056,0.0108
b22_C,_07411_,NOR2,0,0,2,4,14,27,110,-4.3593130794050694e-07,1.33,0.5319999999992433,0.0108
b22_C,_07412_,NOR2,0,0,2,1,15,26,74,-2.642007927988743e-07,1.33,0.5319999999992433,0.0108
b22_C,_07413_,NAND2,0,0,2,2,9,29,507,-0.0001345178335536712,1.33,0.5319999999992433,0.0108
b22_C,_07414_,OR2,0,0,2,2,12,29,507,-9.643328930053485e-06,1.33,0.26599999999962165,0.0108
b22_C,_07415_,OAI211,0,0,4,5,13,28,504,-0.00011035667107006653,2.394,1.0640000000003056,0.0108
b22_C,_07416_,NAND2,0,0,2,6,14,27,335,0.0,1.33,0.5319999999992433,0.0108
b22_C,_07417_,NOR2,0,0,2,1,15,26,74,-7.926023792848014e-08,1.33,0.5319999999992433,0.0108
b22_C,_07418_,NAND2,0,0,2,2,10,27,78,-1.2034346103195759e-05,1.33,0.5319999999992433,0.0108
b22_C,_07419_,OAI21,0,0,3,2,14,27,79,-5.151915456469425e-07,1.862,0.797999999998865,0.0108
b22_C,_07420_,NAND3,0,0,3,2,14,27,79,0.0,1.862,0.797999999998865,0.0108
b22_C,_07421_,AOI21,0,0,3,1,15,26,74,0.0,1.862,0.797999999998865,0.0108
b22_C,_07422_,AOI22,0,10,4,2,16,26,77,-7.556142668452281e-05,2.394,1.0640000000003056,0.0108
b22_C,_07423_,NOR2,0,0,2,2,15,26,77,2.642007923547851e-08,1.33,0.5319999999992433,0.0108
b22_C,_07425_,NAND3,0,0,3,1,15,25,71,-1.1756935270890168e-05,1.862,0.797999999998865,0.0108
b22_C,_07426_,AOI21,0,8,3,3,18,24,70,5.5297225891592916e-05,1.862,0.797999999998865,0.0108
b22_C,_07427_,AND2,0,0,2,1,16,24,64,0.0,1.33,0.26599999999962165,0.0108
b22_C,_07428_,OAI221,0,6,5,2,19,23,63,-3.926023778078047e-05,2.926,1.3299999999999272,0.0108
b22_C,_07429_,AOI21,0,5,3,2,20,22,59,-2.9247027740986198e-05,1.862,0.797999999998865,0.0108
b22_C,_07431_,NAND2,0,0,2,2,20,21,53,0.0,1.33,0.5319999999992433,0.0108
b22_C,_07432_,AOI221,0,2,5,2,22,20,49,-5.804491413496926e-05,2.926,1.3299999999999272,0.0108
b22_C,_07433_,NOR3,0,1,3,1,23,19,45,-2.6631439894231335e-05,1.862,0.797999999998865,0.0108
b22_C,_07434_,NOR2,0,1,2,3,24,18,44,-1.2311756935279305e-05,1.33,0.5319999999992433,0.0108
b22_C,_07435_,NAND2,0,0,2,2,22,19,46,0.0,1.33,0.5319999999992433,0.0108
b22_C,_07436_,INV,0,0,1,1,23,18,41,0.0,0.798,0.26600000000144064,0.0108
b22_C,_07437_,OAI21,0,0,3,2,25,17,40,-6.657859973779878e-06,1.862,0.797999999998865,0.0108
b22_C,_07438_,AND2,0,8,2,3,26,16,37,3.6420079260190974e-05,1.33,0.26599999999962165,0.0108
b22_C,_07439_,NOR2,0,8,2,1,27,15,32,2.0475561426591682e-05,1.33,0.5319999999992433,0.0108
b22_C,_07440_,NAND2,0,8,2,1,28,14,31,-8.959048877166254e-05,1.33,0.5319999999992433,0.0108
b22_C,_07441_,NAND2,0,8,2,2,29,13,30,-1.8071334214164736e-05,1.33,0.5319999999992433,0.0108
b22_C,_07442_,AND2,0,7,2,2,30,12,28,3.9352708057993624e-05,1.33,0.26599999999962165,0.0108
b22_C,_07443_,NOR2,0,7,2,2,31,11,25,-2.7450462351419347e-05,1.33,0.5319999999992433,0.0108
b22_C,_07444_,AOI21,0,0,3,2,23,11,27,-1.3210039662148176e-07,1.862,0.797999999998865,0.0108
b22_C,_07445_,OAI21,0,6,3,2,32,10,22,6.869220607663706e-05,1.862,0.797999999998865,0.0108
b22_C,_07446_,NAND2,0,0,2,2,24,11,24,0.0,1.33,0.5319999999992433,0.0108
b22_C,_07447_,INV,0,0,1,1,25,10,20,0.0,0.798,0.26600000000144064,0.0108
b22_C,_07448_,OAI21,0,5,3,2,33,9,19,-3.0528401585350196e-05,1.862,0.797999999998865,0.0108
b22_C,_07449_,AOI21,0,0,3,2,26,9,20,0.0,1.862,0.797999999998865,0.0108
b22_C,_07450_,OAI21,0,4,3,2,34,8,16,3.7159841479450506e-05,1.862,0.797999999998865,0.0108
b22_C,_07451_,NOR3,0,0,3,1,26,8,14,-8.031704095134984e-06,1.862,0.797999999998865,0.0108
b22_C,_07452_,OAI21,0,4,3,3,35,7,13,-1.1651254953948254e-05,1.862,0.797999999998865,0.0108
b22_C,_07453_,NAND3,0,0,3,1,26,7,10,-2.2457067405667885e-07,1.862,0.797999999998865,0.0108
b22_C,_07454_,AOI21,0,3,3,2,36,6,9,1.9828269484545302e-05,1.862,0.797999999998865,0.0108
b22_C,_07455_,NAND2,0,2,2,1,37,5,6,-3.389696169109335e-05,1.33,0.5319999999992433,0.0108
b22_C,_07456_,NAND2,0,2,2,2,38,4,5,1.3077939233774316e-06,1.33,0.5319999999992433,0.0108
b22_C,_07457_,XNOR2,0,1,2,1,39,2,1,-1.1413474240606902e-05,2.66,1.0640000000003056,0.0108
b22_C,_07458_,OAI221,0,1,5,0,40,1,0,-7.252311757133256e-06,2.926,1.3299999999999272,0.0108
b22_C,_07459_,AND2,0,0,2,2,3,3,4,-2.8005284016252574e-06,1.33,0.26599999999962165,0.0108
b22_C,_07460_,INV,0,0,1,1,9,4,3,0.0,0.798,0.26600000000144064,0.0108
b22_C,_07461_,BUF,0,2,1,10,15,4,25,7.437252311559561e-06,1.064,0.26599999999962165,0.0108
b22_C,_07462_,OAI22,0,0,4,1,18,3,2,-7.635402906158717e-06,2.394,1.0640000000003056,0.0108
b22_C,_07463_,BUF,0,3,1,10,16,3,20,8.937912813733462e-05,1.064,0.26599999999962165,0.0108
b22_C,_07464_,AOI211,0,0,4,1,19,2,1,-2.2417437252508776e-05,2.394,1.0640000000003056,0.0108
b22_C,_07465_,NAND2,0,26,2,4,11,10,298,-0.00022862615587859736,1.33,0.5319999999992433,0.0108
b22_C,_07466_,BUF,0,0,1,10,9,9,267,2.642007923547851e-08,1.064,0.26599999999962165,0.0108
b22_C,_07467_,NOR3,0,0,3,8,12,8,185,-8.323645970964577e-05,1.862,0.797999999998865,0.0108
b22_C,_07468_,NOR2,0,0,2,1,14,6,32,-1.3500660502208106e-05,1.33,0.5319999999992433,0.0108
b22_C,_07469_,NOR2,0,0,2,4,15,5,31,-8.890356671065192e-06,1.33,0.5319999999992433,0.0108
b22_C,_07470_,BUF,0,0,1,10,16,4,21,0.0,1.064,0.26599999999962165,0.0108
b22_C,_07471_,XNOR2,0,0,2,1,20,3,2,0.0,2.66,1.0640000000003056,0.0108
b22_C,_07472_,XNOR2,0,1,2,1,22,2,1,-9.398943196847753e-05,2.66,1.0640000000003056,0.0108
b22_C,_07473_,OAI221,0,1,5,0,23,1,0,-7.291941876097496e-06,2.926,1.3299999999999272,0.0108
b22_C,_07474_,CLKBUF,0,0,1,10,3,5,47,-2.364597093906795e-06,1.064,0.26599999999962165,0.0108
b22_C,_07475_,BUF,0,0,1,10,15,5,29,-1.7569352708246555e-06,1.064,0.26599999999962165,0.0108
b22_C,_07476_,NAND2,0,0,2,4,15,17,23,0.0,1.33,0.5319999999992433,0.0108
b22_C,_07477_,AOI22,0,0,4,1,16,4,3,0.0,2.394,1.0640000000003056,0.0108
b22_C,_07478_,OAI21,0,0,3,1,18,3,2,0.0,1.862,0.797999999998865,0.0108
b22_C,_07479_,AND2,0,0,2,1,10,16,78,0.0,1.33,0.26599999999962165,0.0108
b22_C,_07480_,OR2,0,0,2,7,17,15,77,0.0,1.33,0.26599999999962165,0.0108
b22_C,_07481_,AOI21,0,0,3,1,19,2,1,-2.681638044910173e-05,1.862,0.797999999998865,0.0108
b22_C,_07482_,AND3,0,0,3,1,26,4,3,0.0,1.596,0.26599999999962165,0.0108
b22_C,_07483_,OR2,0,0,2,1,27,3,2,0.0,1.33,0.26599999999962165,0.0108
b22_C,_07484_,XNOR2,0,1,2,1,34,2,1,-3.014531043610269e-05,2.66,1.0640000000003056,0.0108
b22_C,_07485_,OAI221,0,1,5,0,35,1,0,-3.4874504624138325e-06,2.926,1.3299999999999272,0.0108
b22_C,_07486_,NOR2,0,0,2,1,18,3,2,0.0,1.33,0.5319999999992433,0.0108
b22_C,_07487_,NAND2,0,0,2,2,3,4,4,-5.495376486086556e-06,1.33,0.5319999999992433,0.0108
b22_C,_07488_,AND3,0,0,3,5,9,27,263,0.0,1.596,0.26599999999962165,0.0108
b22_C,_07489_,OAI221,0,0,5,1,16,3,2,-2.7873183619631092e-05,2.926,1.3299999999999272,0.0108
b22_C,_07490_,NAND2,0,0,2,7,14,26,384,0.0,1.33,0.5319999999992433,0.0108
b22_C,_07491_,AOI211,0,0,4,1,19,2,1,-1.0647291941889847e-05,2.394,1.0640000000003056,0.0108
b22_C,_07492_,NAND2,0,0,2,2,16,4,6,0.0,1.33,0.5319999999992433,0.0108
b22_C,_07493_,NAND2,0,0,2,1,17,3,2,-1.3210039950806163e-08,1.33,0.5319999999992433,0.0108
b22_C,_07494_,XOR2,0,1,2,1,19,2,1,-0.0001047027741085671,2.394,0.7980000000006839,0.0108
b22_C,_07495_,CLKBUF,0,0,1,10,16,2,10,-3.963011896424007e-08,1.064,0.26599999999962165,0.0108
b22_C,_07496_,OAI21,0,1,3,0,20,1,0,-8.295904887711814e-06,1.862,0.797999999998865,0.0108
b22_C,_07497_,NOR2,0,0,2,7,10,31,420,7.00132100295292e-07,1.33,0.5319999999992433,0.0108
b22_C,_07498_,AOI222,0,1,6,1,17,2,1,-2.961690885094903e-05,3.724,1.595999999999549,0.0108
b22_C,_07499_,BUF,0,1,1,9,4,1,14,2.6103038309077675e-05,1.064,0.26599999999962165,0.0108
b22_C,_07500_,AOI21,0,0,3,2,13,7,10,-0.00012767503302524297,1.862,0.797999999998865,0.0108
b22_C,_07501_,OAI21,0,0,3,1,14,3,2,-1.7741083223388188e-05,1.862,0.797999999998865,0.0108
b22_C,_07502_,INV,0,0,1,1,13,4,3,-1.4280052840209834e-05,0.798,0.26600000000144064,0.0108
b22_C,_07503_,NOR2,0,0,2,2,14,6,8,0.0,1.33,0.5319999999992433,0.0108
b22_C,_07504_,AOI21,0,0,3,1,16,3,2,-9.247027743519709e-08,1.862,0.797999999998865,0.0108
b22_C,_07505_,AOI22,0,0,4,1,17,2,1,-9.577278731853767e-06,2.394,1.0640000000003056,0.0108
b22_C,_07506_,OAI211,0,1,4,0,19,1,0,-8.45442536334673e-06,2.394,1.0640000000003056,0.0108
b22_C,_07507_,NOR2,0,0,2,2,2,5,6,-1.1479524438584576e-05,1.33,0.5319999999992433,0.0108
b22_C,_07508_,NAND4,0,0,4,8,14,19,65,0.0,2.394,1.0640000000003056,0.0108
b22_C,_07509_,AOI221,0,0,5,1,18,4,3,-2.3408190224616376e-05,2.926,1.3299999999999272,0.0108
b22_C,_07510_,OAI21,0,0,3,1,22,3,2,-1.2708058124255572e-05,1.862,0.797999999998865,0.0108
b22_C,_07511_,INV,0,0,1,1,23,2,1,0.0,0.798,0.26600000000144064,0.0108
b22_C,_07512_,NOR4,0,1,4,5,14,5,12,-0.000149207397622364,2.394,1.0640000000003056,0.0108
b22_C,_07513_,NAND2,0,1,2,2,24,4,4,-8.335535006676054e-06,1.33,0.5319999999992433,0.0108
b22_C,_07514_,OAI21,0,1,3,1,27,3,2,-2.8890356671196216e-05,1.862,0.797999999998865,0.0108
b22_C,_07515_,NAND2,0,1,2,1,28,2,1,-3.2694848084657835e-05,1.33,0.5319999999992433,0.0108
b22_C,_07516_,NOR3,0,0,3,1,27,2,1,-4.000000000026205e-05,1.862,0.797999999998865,0.0108
b22_C,_07517_,OAI221,0,1,5,0,29,1,0,-1.1677675033183732e-05,2.926,1.3299999999999272,0.0108
b22_C,_07518_,AOI22,0,0,4,1,21,4,3,0.0,2.394,1.0640000000003056,0.0108
b22_C,_07519_,MUX2,0,4,3,3,26,11,72,-1.2470277410914221e-05,2.394,0.5320000000010623,0.0108
b22_C,_07520_,NAND2,0,3,2,8,27,10,69,7.675033024900912e-06,1.33,0.5319999999992433,0.0108
b22_C,_07521_,OAI221,0,0,5,1,28,3,2,-3.9207397622309514e-05,2.926,1.3299999999999272,0.0108
b22_C,_07522_,AOI222,0,0,6,1,10,12,40,-2.6420079457523116e-08,3.724,1.595999999999549,0.0108
b22_C,_07523_,NAND4,0,0,4,2,16,12,43,-3.2694848084657835e-05,2.394,1.0640000000003056,0.0108
b22_C,_07524_,OAI21,0,0,3,7,17,11,39,-4.75561426904747e-07,1.862,0.797999999998865,0.0108
b22_C,_07525_,AOI21,0,0,3,1,29,2,1,-2.7173051519113756e-05,1.862,0.797999999998865,0.0108
b22_C,_07526_,INV,0,0,1,1,30,4,3,0.0,0.798,0.26600000000144064,0.0108
b22_C,_07527_,OAI21,0,1,3,1,39,3,2,-8.41479524438249e-06,1.862,0.797999999998865,0.0108
b22_C,_07528_,AOI21,0,0,3,1,20,5,4,-1.4531043595056303e-06,1.862,0.797999999998865,0.0108
b22_C,_07529_,AOI21,0,0,3,1,21,4,3,-2.073976222094487e-06,1.862,0.797999999998865,0.0108
b22_C,_07530_,XNOR2,0,0,2,1,28,3,2,-3.290620871876371e-05,2.66,1.0640000000003056,0.0108
b22_C,_07531_,XNOR2,0,1,2,1,40,2,1,-2.9326287980246946e-06,2.66,1.0640000000003056,0.0108
b22_C,_07532_,OAI21,0,1,3,0,41,1,0,-8.454425366455354e-07,1.862,0.797999999998865,0.0108
b22_C,_07533_,AOI22,0,0,4,1,16,4,3,-2.06869220609196e-05,2.394,1.0640000000003056,0.0108
b22_C,_07534_,NOR2,0,0,2,6,10,29,338,1.4531043592835857e-06,1.33,0.5319999999992433,0.0108
b22_C,_07535_,OAI221,0,0,5,1,17,3,2,-8.309114927440575e-06,2.926,1.3299999999999272,0.0108
b22_C,_07536_,INV,0,0,1,1,18,2,1,0.0,0.798,0.26600000000144064,0.0108
b22_C,_07537_,OR2,0,1,2,1,17,3,2,-4.4346103038384044e-05,1.33,0.26599999999962165,0.0108
b22_C,_07538_,NAND2,0,0,2,1,15,4,3,0.0,1.33,0.5319999999992433,0.0108
b22_C,_07539_,XNOR2,0,0,2,1,16,3,2,0.0,2.66,1.0640000000003056,0.0108
b22_C,_07540_,XNOR2,0,1,2,1,18,2,1,-1.5719947159542613e-06,2.66,1.0640000000003056,0.0108
b22_C,_07541_,OAI221,0,1,5,0,19,1,0,-7.186261558933538e-06,2.926,1.3299999999999272,0.0108
b22_C,_07542_,NAND3,0,0,3,3,15,3,6,-0.0004929194187583974,1.862,0.797999999998865,0.0108
b22_C,_07543_,OR2,0,0,2,1,12,4,3,0.0,1.33,0.26599999999962165,0.0108
b22_C,_07544_,NOR2,0,0,2,1,12,5,4,0.0,1.33,0.5319999999992433,0.0108
b22_C,_07545_,NOR2,0,0,2,1,13,4,3,-2.3315719947403224e-05,1.33,0.5319999999992433,0.0108
b22_C,_07546_,XNOR2,0,0,2,1,14,3,2,0.0,2.66,1.0640000000003056,0.0108
b22_C,_07547_,NAND2,0,0,2,7,8,33,363,0.0,1.33,0.5319999999992433,0.0108
b22_C,_07548_,AOI222,0,0,6,1,16,2,1,-2.956406869225603e-05,3.724,1.595999999999549,0.0108
b22_C,_07549_,NAND2,0,0,2,3,9,32,44,0.0,1.33,0.5319999999992433,0.0108
b22_C,_07550_,AOI22,0,1,4,1,17,2,1,-3.0264200792773366e-05,2.394,1.0640000000003056,0.0108
b22_C,_07551_,NAND2,0,1,2,0,18,1,0,-5.402906208873404e-06,1.33,0.5319999999992433,0.0108
b22_C,_07552_,AOI22,0,0,4,1,16,4,3,-1.3474240423416717e-06,2.394,1.0640000000003056,0.0108
b22_C,_07553_,OAI221,0,0,5,1,19,3,2,-9.379128138586879e-07,2.926,1.3299999999999272,0.0108
b22_C,_07554_,AOI21,0,0,3,1,22,2,1,-1.2708058124255572e-05,1.862,0.797999999998865,0.0108
b22_C,_07555_,INV,0,0,1,1,24,4,3,-3.963011896424007e-08,0.798,0.26600000000144064,0.0108
b22_C,_07556_,NAND2,0,0,2,1,25,3,2,0.0,1.33,0.5319999999992433,0.0108
b22_C,_07557_,XNOR2,0,1,2,1,32,2,1,-2.339498018510966e-05,2.66,1.0640000000003056,0.0108
b22_C,_07558_,OAI21,0,1,3,0,33,1,0,-7.661822987170552e-07,1.862,0.797999999998865,0.0108
b22_C,_07559_,OR2,0,0,2,8,10,26,293,1.941875825473005e-06,1.33,0.26599999999962165,0.0108
b22_C,_07560_,AOI22,0,0,4,1,16,4,3,-7.820343461251156e-06,2.394,1.0640000000003056,0.0108
b22_C,_07561_,OAI221,0,0,5,1,17,3,2,0.0,2.926,1.3299999999999272,0.0108
b22_C,_07562_,AOI21,0,0,3,1,18,2,1,0.0,1.862,0.797999999998865,0.0108
b22_C,_07563_,NAND2,0,1,2,1,20,3,2,-6.840158520482476e-05,1.33,0.5319999999992433,0.0108
b22_C,_07564_,NOR2,0,0,2,1,19,3,2,-3.064729194202087e-06,1.33,0.5319999999992433,0.0108
b22_C,_07565_,XNOR2,0,1,2,1,21,2,1,-1.71730515208246e-06,2.66,1.0640000000003056,0.0108
b22_C,_07566_,OAI21,0,1,3,0,22,1,0,-3.4346103039428755e-06,1.862,0.797999999998865,0.0108
b22_C,_07567_,AND3,0,0,3,1,26,5,4,-7.926023792848014e-08,1.596,0.26599999999962165,0.0108
b22_C,_07568_,OR2,0,0,2,2,27,4,3,0.0,1.33,0.26599999999962165,0.0108
b22_C,_07569_,AOI21,0,1,3,1,36,3,2,-1.6208718626398166e-05,1.862,0.797999999998865,0.0108
b22_C,_07570_,OAI21,0,1,3,1,37,2,1,-3.892998679022597e-05,1.862,0.797999999998865,0.0108
b22_C,_07571_,OAI22,0,0,4,1,20,3,2,-1.7780713342352428e-05,2.394,1.0640000000003056,0.0108
b22_C,_07572_,AOI221,0,0,5,1,25,2,1,-1.2919418758361445e-05,2.926,1.3299999999999272,0.0108
b22_C,_07573_,OAI211,0,1,4,0,38,1,0,-1.3130779392467318e-05,2.394,1.0640000000003056,0.0108
b22_C,_07574_,AOI22,0,0,4,1,18,3,2,-2.146631439914337e-05,2.394,1.0640000000003056,0.0108
b22_C,_07575_,AOI22,0,0,4,1,16,3,2,0.0,2.394,1.0640000000003056,0.0108
b22_C,_07576_,AND2,0,0,2,1,19,2,1,0.0,1.33,0.26599999999962165,0.0108
b22_C,_07577_,NOR2,0,1,2,1,23,3,2,-2.1268163804544216e-05,1.33,0.5319999999992433,0.0108
b22_C,_07578_,NOR2,0,0,2,1,22,3,2,-8.454425364234908e-07,1.33,0.5319999999992433,0.0108
b22_C,_07579_,XOR2,0,1,2,1,24,2,1,-1.1334214002900467e-05,2.394,0.7980000000006839,0.0108
b22_C,_07580_,OAI221,0,1,5,0,25,1,0,-1.269484808452681e-05,2.926,1.3299999999999272,0.0108
b22_C,_07581_,AND2,0,0,2,2,4,3,4,0.0,1.33,0.26599999999962165,0.0108
b22_C,_07582_,NAND2,0,0,2,9,12,29,292,0.0,1.33,0.5319999999992433,0.0108
b22_C,_07583_,AOI22,0,0,4,1,16,4,3,-3.829590488790835e-05,2.394,1.0640000000003056,0.0108
b22_C,_07584_,OAI21,0,1,3,1,17,3,2,-3.461030383178354e-06,1.862,0.797999999998865,0.0108
b22_C,_07585_,NOR2,0,1,2,1,18,2,1,-1.0237780713406863e-05,1.33,0.5319999999992433,0.0108
b22_C,_07586_,AND2,0,0,2,1,13,4,3,0.0,1.33,0.26599999999962165,0.0108
b22_C,_07587_,XOR2,0,0,2,1,14,3,2,0.0,2.394,0.7980000000006839,0.0108
b22_C,_07588_,XNOR2,0,0,2,1,15,2,1,-0.00018619550858645084,2.66,1.0640000000003056,0.0108
b22_C,_07589_,OAI221,0,1,5,0,19,1,0,-4.597093791414153e-06,2.926,1.3299999999999272,0.0108
b22_C,_07590_,AND2,0,0,2,2,23,4,3,0.0,1.33,0.26599999999962165,0.0108
b22_C,_07591_,AOI21,0,1,3,1,25,3,2,-2.258916776964881e-06,1.862,0.797999999998865,0.0108
b22_C,_07592_,OAI21,0,1,3,1,26,2,1,-1.437252311764503e-05,1.862,0.797999999998865,0.0108
b22_C,_07593_,NAND2,0,0,2,2,3,4,4,-5.495376486086556e-06,1.33,0.5319999999992433,0.0108
b22_C,_07594_,OAI221,0,0,5,1,16,3,2,-5.9180977542983015e-06,2.926,1.3299999999999272,0.0108
b22_C,_07595_,AOI21,0,0,3,1,18,2,1,0.0,1.862,0.797999999998865,0.0108
b22_C,_07596_,OAI211,0,1,4,0,27,1,0,-5.284015852202728e-06,2.394,1.0640000000003056,0.0108
b22_C,_07597_,AOI22,0,0,4,1,19,4,3,-2.6433289300076268e-05,2.394,1.0640000000003056,0.0108
b22_C,_07598_,AND4,0,0,4,6,16,16,101,0.0,1.862,0.26599999999962165,0.0108
b22_C,_07599_,OAI221,0,0,5,1,20,3,2,-6.644649934051117e-06,2.926,1.3299999999999272,0.0108
b22_C,_07600_,AOI21,0,0,3,1,25,2,1,-6.258916776769041e-05,1.862,0.797999999998865,0.0108
b22_C,_07601_,OR3,0,1,3,1,26,4,3,4.385733157086236e-06,1.596,0.26599999999962165,0.0108
b22_C,_07602_,AND2,0,1,2,1,27,3,2,1.836195508531091e-06,1.33,0.26599999999962165,0.0108
b22_C,_07603_,XNOR2,0,1,2,1,35,2,1,-6.357992073979801e-05,2.66,1.0640000000003056,0.0108
b22_C,_07604_,OAI21,0,1,3,0,36,1,0,-1.0171730515651234e-06,1.862,0.797999999998865,0.0108
b22_C,_07605_,AND2,0,0,2,2,4,3,4,0.0,1.33,0.26599999999962165,0.0108
b22_C,_07606_,AOI21,0,0,3,1,17,2,1,-2.2007926023803748e-05,1.862,0.797999999998865,0.0108
b22_C,_07607_,NOR2,0,0,2,2,15,5,4,-1.3236459709631276e-05,1.33,0.5319999999992433,0.0108
b22_C,_07608_,NOR3,0,0,3,1,12,6,5,-4.808454425520026e-06,1.862,0.797999999998865,0.0108
b22_C,_07609_,OR2,0,0,2,2,13,5,4,0.0,1.33,0.26599999999962165,0.0108
b22_C,_07610_,OAI21,0,1,3,1,16,4,3,-1.9365918097813406e-05,1.862,0.797999999998865,0.0108
b22_C,_07611_,AOI21,0,1,3,1,17,3,2,-1.3606340820704332e-06,1.862,0.797999999998865,0.0108
b22_C,_07612_,NAND2,0,0,2,6,10,30,316,0.0,1.33,0.5319999999992433,0.0108
b22_C,_07613_,AOI221,0,1,5,1,18,2,1,-3.381770145338692e-05,2.926,1.3299999999999272,0.0108
b22_C,_07614_,OAI211,0,1,4,0,19,1,0,-2.562747688283906e-06,2.394,1.0640000000003056,0.0108
b22_C,_07615_,NAND2,0,0,2,2,2,4,4,-5.508586526037362e-06,1.33,0.5319999999992433,0.0108
b22_C,_07616_,OAI221,0,0,5,1,16,3,2,0.0,2.926,1.3299999999999272,0.0108
b22_C,_07617_,AOI221,0,0,5,1,18,2,1,0.0,2.926,1.3299999999999272,0.0108
b22_C,_07618_,AND3,0,0,3,1,15,4,3,0.0,1.596,0.26599999999962165,0.0108
b22_C,_07619_,NOR2,0,0,2,1,16,3,2,0.0,1.33,0.5319999999992433,0.0108
b22_C,_07620_,XOR2,0,1,2,1,18,2,1,-0.00018027741083237458,2.394,0.7980000000006839,0.0108
b22_C,_07621_,OAI21,0,1,3,0,19,1,0,-6.605019815530966e-07,1.862,0.797999999998865,0.0108
b22_C,_07622_,NAND3,0,0,3,1,11,4,3,0.0,1.862,0.797999999998865,0.0108
b22_C,_07623_,OAI211,0,0,4,1,12,3,2,-6.605019815530966e-07,2.394,1.0640000000003056,0.0108
b22_C,_07624_,AOI222,0,1,6,1,16,2,1,-3.9141347424109796e-05,3.724,1.595999999999549,0.0108
b22_C,_07625_,OAI21,0,1,3,0,17,1,0,-3.3817701454719185e-06,1.862,0.797999999998865,0.0108
b22_C,_07626_,INV,0,0,1,2,24,4,3,-7.5957727874165215e-06,0.798,0.26600000000144064,0.0108
b22_C,_07627_,AOI21,0,1,3,1,30,3,2,-4.8652575957763844e-05,1.862,0.797999999998865,0.0108
b22_C,_07628_,AOI211,0,1,4,1,31,2,1,-4.9035667107233394e-05,2.394,1.0640000000003056,0.0108
b22_C,_07629_,AOI222,0,0,6,1,18,3,2,-2.146631439914337e-05,3.724,1.595999999999549,0.0108
b22_C,_07630_,OAI221,0,0,5,1,22,2,1,-6.750330250993031e-06,2.926,1.3299999999999272,0.0108
b22_C,_07631_,OR2,0,1,2,0,32,1,0,-6.5125495376516795e-06,1.33,0.26599999999962165,0.0108
b22_C,_07632_,NAND4,0,0,4,5,10,23,62,9.775429326008833e-07,2.394,1.0640000000003056,0.0108
b22_C,_07633_,NAND2,0,0,2,1,17,2,1,-2.210039630146099e-05,1.33,0.5319999999992433,0.0108
b22_C,_07634_,AND4,0,0,4,1,9,26,281,0.0,1.862,0.26599999999962165,0.0108
b22_C,_07635_,BUF,0,0,1,10,10,25,280,0.0,1.064,0.26599999999962165,0.0108
b22_C,_07636_,OAI22,0,0,4,1,15,3,2,-1.9220607661907252e-05,2.394,1.0640000000003056,0.0108
b22_C,_07637_,AOI221,0,0,5,1,18,2,1,-1.2919418758361445e-05,2.926,1.3299999999999272,0.0108
b22_C,_07638_,NOR2,0,1,2,1,21,3,2,-4.121532364620428e-05,1.33,0.5319999999992433,0.0108
b22_C,_07639_,XOR2,0,0,2,1,18,3,2,6.208718625888565e-07,2.394,0.7980000000006839,0.0108
b22_C,_07640_,XNOR2,0,1,2,1,22,2,1,-1.9154557466816158e-06,2.66,1.0640000000003056,0.0108
b22_C,_07641_,OAI211,0,1,4,0,23,1,0,-3.064729194202087e-06,2.394,1.0640000000003056,0.0108
b22_C,_07642_,AOI22,0,0,4,1,16,4,3,-8.758256274887799e-06,2.394,1.0640000000003056,0.0108
b22_C,_07643_,NAND2,0,0,2,6,22,17,100,-1.2826948480926248e-05,1.33,0.5319999999992433,0.0108
b22_C,_07644_,OAI221,0,0,5,1,23,3,2,0.0,2.926,1.3299999999999272,0.0108
b22_C,_07645_,AOI21,0,0,3,1,24,2,1,-2.6737120211395293e-05,1.862,0.797999999998865,0.0108
b22_C,_07646_,AND2,0,0,2,1,25,3,2,0.0,1.33,0.26599999999962165,0.0108
b22_C,_07647_,XNOR2,0,1,2,1,33,2,1,-8.653896961696717e-05,2.66,1.0640000000003056,0.0108
b22_C,_07648_,OAI21,0,1,3,0,34,1,0,-3.4874504624138325e-06,1.862,0.797999999998865,0.0108
b22_C,_07649_,AND2,0,0,2,2,2,5,6,-2.8005284016252574e-06,1.33,0.26599999999962165,0.0108
b22_C,_07650_,NAND2,0,0,2,7,11,26,260,0.0,1.33,0.5319999999992433,0.0108
b22_C,_07651_,AOI221,0,0,5,1,15,4,3,-9.504623513878485e-05,2.926,1.3299999999999272,0.0108
b22_C,_07652_,OAI21,0,0,3,1,19,3,2,0.0,1.862,0.797999999998865,0.0108
b22_C,_07653_,AND2,0,0,2,4,15,25,188,0.0,1.33,0.26599999999962165,0.0108
b22_C,_07654_,AOI21,0,0,3,1,20,2,1,-1.2708058124255572e-05,1.862,0.797999999998865,0.0108
b22_C,_07655_,NAND2,0,1,2,1,19,4,3,-8.705416116261411e-05,1.33,0.5319999999992433,0.0108
b22_C,_07656_,NAND2,0,1,2,1,20,3,2,-3.9233817703543394e-06,1.33,0.5319999999992433,0.0108
b22_C,_07657_,XOR2,0,0,2,1,17,3,2,-1.71730515208246e-06,2.394,0.7980000000006839,0.0108
b22_C,_07658_,XNOR2,0,1,2,1,21,2,1,-1.5984147954117844e-06,2.66,1.0640000000003056,0.0108
b22_C,_07659_,OAI21,0,1,3,0,22,1,0,-3.4346103039428755e-06,1.862,0.797999999998865,0.0108
b22_C,_07660_,AND2,0,0,2,1,11,5,4,0.0,1.33,0.26599999999962165,0.0108
b22_C,_07661_,XNOR2,0,0,2,1,12,4,3,-1.4874504623785256e-05,2.66,1.0640000000003056,0.0108
b22_C,_07662_,XNOR2,0,0,2,1,13,3,2,-0.00015357992073994353,2.66,1.0640000000003056,0.0108
b22_C,_07663_,AOI222,0,1,6,1,17,2,1,-5.373844121558946e-05,3.724,1.595999999999549,0.0108
b22_C,_07664_,NAND2,0,0,2,6,10,31,75,0.0,1.33,0.5319999999992433,0.0108
b22_C,_07665_,AOI22,0,0,4,1,16,2,1,-1.2589167767584897e-05,2.394,1.0640000000003056,0.0108
b22_C,_07666_,NAND2,0,1,2,0,18,1,0,-2.9458388375314115e-06,1.33,0.5319999999992433,0.0108
b22_C,_07667_,NAND2,0,0,2,1,21,2,1,-4.875825627470576e-05,1.33,0.5319999999992433,0.0108
b22_C,_07668_,NAND2,0,0,2,1,3,4,3,-5.495376486086556e-06,1.33,0.5319999999992433,0.0108
b22_C,_07669_,AND4,0,0,4,7,12,21,176,0.0,1.862,0.26599999999962165,0.0108
b22_C,_07670_,OAI21,0,0,3,1,15,3,2,-1.1796565389854408e-05,1.862,0.797999999998865,0.0108
b22_C,_07671_,NAND4,0,0,4,6,13,19,131,0.0,2.394,1.0640000000003056,0.0108
b22_C,_07672_,AOI221,0,0,5,1,18,2,1,-2.2113606340967706e-05,2.926,1.3299999999999272,0.0108
b22_C,_07673_,NAND2,0,1,2,1,23,3,2,-5.630118890365132e-05,1.33,0.5319999999992433,0.0108
b22_C,_07674_,XNOR2,0,1,2,1,26,2,1,-2.959048877260173e-06,2.66,1.0640000000003056,0.0108
b22_C,_07675_,OAI211,0,1,4,0,27,1,0,-6.5125495376516795e-06,2.394,1.0640000000003056,0.0108
b22_C,_07676_,NOR2,0,0,2,2,2,3,4,-1.1479524438584576e-05,1.33,0.5319999999992433,0.0108
b22_C,_07677_,NOR2,0,0,2,4,11,29,289,0.0,1.33,0.5319999999992433,0.0108
b22_C,_07678_,INV,0,0,1,3,11,19,41,0.0,0.798,0.26600000000144064,0.0108
b22_C,_07679_,OAI22,0,1,4,1,16,3,2,-2.1664464993076393e-06,2.394,1.0640000000003056,0.0108
b22_C,_07680_,AOI211,0,1,4,1,17,2,1,-3.309114927341206e-05,2.394,1.0640000000003056,0.0108
b22_C,_07681_,OAI21,0,0,3,1,15,3,2,-0.00014779392338204467,1.862,0.797999999998865,0.0108
b22_C,_07682_,NAND2,0,0,2,1,14,3,2,-1.0832232499868866e-06,1.33,0.5319999999992433,0.0108
b22_C,_07683_,XNOR2,0,0,2,1,16,2,1,0.0,2.66,1.0640000000003056,0.0108
b22_C,_07684_,OAI221,0,1,5,0,19,1,0,-7.040951122805339e-06,2.926,1.3299999999999272,0.0108
b22_C,_07685_,AOI22,0,0,4,1,21,4,3,-2.6208718626241634e-05,2.394,1.0640000000003056,0.0108
b22_C,_07686_,OR2,0,0,2,7,25,14,81,-4.4583883751725395e-05,1.33,0.26599999999962165,0.0108
b22_C,_07687_,OAI221,0,0,5,1,26,3,2,-7.5297225894388475e-06,2.926,1.3299999999999272,0.0108
b22_C,_07688_,AOI21,0,0,3,1,27,2,1,-1.5852047563491567e-07,1.862,0.797999999998865,0.0108
b22_C,_07689_,NAND2,0,0,2,1,28,3,2,-2.311756935435838e-06,1.33,0.5319999999992433,0.0108
b22_C,_07690_,XOR2,0,1,2,1,37,2,1,-4.371202113628847e-05,2.394,0.7980000000006839,0.0108
b22_C,_07691_,OAI21,0,1,3,0,38,1,0,-8.243064729462901e-06,1.862,0.797999999998865,0.0108
b22_C,_07692_,OAI222,0,0,6,1,18,3,2,-9.431968295947613e-06,3.724,1.595999999999549,0.0108
b22_C,_07693_,MUX2,0,0,3,6,17,23,210,-2.4874504623628724e-05,2.394,0.5320000000010623,0.0108
b22_C,_07694_,AOI221,0,0,5,1,19,2,1,-1.2919418758361445e-05,2.926,1.3299999999999272,0.0108
b22_C,_07695_,AOI21,0,1,3,1,22,3,2,-6.793923381787081e-05,1.862,0.797999999998865,0.0108
b22_C,_07696_,XOR2,0,0,2,1,19,3,2,5.812417434025718e-07,2.394,0.7980000000006839,0.0108
b22_C,_07697_,XNOR2,0,1,2,1,23,2,1,-8.256274768969618e-06,2.66,1.0640000000003056,0.0108
b22_C,_07698_,OAI21,0,1,3,0,24,1,0,-8.982826948944478e-07,1.862,0.797999999998865,0.0108
b22_C,_07699_,OAI211,0,11,4,2,13,8,75,1.0554821664232605e-05,2.394,1.0640000000003056,0.0108
b22_C,_07700_,XNOR2,0,0,2,6,6,30,189,-0.001385468956406788,2.66,1.0640000000003056,0.0108
b22_C,_07701_,BUF,0,0,1,10,7,26,172,0.0,1.064,0.26599999999962165,0.0108
b22_C,_07702_,CLKBUF,0,0,1,10,8,20,144,4.504623513756911e-06,1.064,0.26599999999962165,0.0108
b22_C,_07703_,NOR2,0,31,2,4,10,7,110,0.0004144782034345429,1.33,0.5319999999992433,0.0108
b22_C,_07704_,NOR2,0,11,2,3,14,6,63,-0.00033464993394982656,1.33,0.5319999999992433,0.0108
b22_C,_07705_,BUF,0,5,1,10,15,4,39,-5.587846763743798e-06,1.064,0.26599999999962165,0.0108
b22_C,_07706_,BUF,0,5,1,10,16,3,20,3.5852047556073074e-05,1.064,0.26599999999962165,0.0108
b22_C,_07707_,AOI22,0,1,4,1,17,2,1,-3.480845442549452e-05,2.394,1.0640000000003056,0.0108
b22_C,_07708_,CLKBUF,0,0,1,10,8,3,20,0.0,1.064,0.26599999999962165,0.0108
b22_C,_07709_,NOR2,0,0,2,9,8,6,46,-9.088507265664347e-06,1.33,0.5319999999992433,0.0108
b22_C,_07710_,XOR2,0,0,2,1,2,3,2,-1.0488771466476976e-05,2.394,0.7980000000006839,0.0108
b22_C,_07711_,AOI22,0,0,4,1,9,2,1,-2.6287978867056694e-06,2.394,1.0640000000003056,0.0108
b22_C,_07712_,INV,0,2,1,2,15,5,28,-0.00012768824306497173,0.798,0.26600000000144064,0.0108
b22_C,_07713_,NAND2,0,2,2,8,16,4,26,4.356671070016027e-05,1.33,0.5319999999992433,0.0108
b22_C,_07714_,NAND2,0,3,2,3,14,7,37,-0.0006528401585206289,1.33,0.5319999999992433,0.0108
b22_C,_07715_,NAND2,0,0,2,1,7,7,33,-0.00046780713342164937,1.33,0.5319999999992433,0.0108
b22_C,_07716_,OAI21,0,3,3,2,15,6,32,-0.0004857067371202284,1.862,0.797999999998865,0.0108
b22_C,_07717_,NAND2,0,2,2,2,16,5,16,-1.9220607661907252e-05,1.33,0.5319999999992433,0.0108
b22_C,_07718_,BUF,0,2,1,10,17,4,12,3.0132100396151884e-05,1.064,0.26599999999962165,0.0108
b22_C,_07719_,XNOR2,0,0,2,1,2,2,1,-4.451783355507999e-06,2.66,1.0640000000003056,0.0108
b22_C,_07720_,OAI221,0,1,5,0,18,1,0,-2.854689564091295e-05,2.926,1.3299999999999272,0.0108
b22_C,_07721_,AND2,0,1,2,7,16,3,14,5.918097754076257e-06,1.33,0.26599999999962165,0.0108
b22_C,_07722_,NAND2,0,0,2,2,2,37,84,-2.5363276090484277e-06,1.33,0.5319999999992433,0.0108
b22_C,_07723_,XOR2,0,0,2,1,4,4,3,-8.151915455756331e-05,2.394,0.7980000000006839,0.0108
b22_C,_07724_,XNOR2,0,0,2,1,5,3,2,0.0,2.66,1.0640000000003056,0.0108
b22_C,_07725_,NAND2,0,0,2,1,17,2,1,-5.904887714791585e-06,1.33,0.5319999999992433,0.0108
b22_C,_07726_,NOR2,0,4,2,5,15,5,31,-0.0001146895640686818,1.33,0.5319999999992433,0.0108
b22_C,_07727_,NAND3,0,0,3,1,16,2,1,-8.422721268175337e-05,1.862,0.797999999998865,0.0108
b22_C,_07728_,AND2,0,3,2,3,16,4,25,1.647291941875295e-05,1.33,0.26599999999962165,0.0108
b22_C,_07729_,BUF,0,3,1,10,17,3,20,5.143989431966034e-05,1.064,0.26599999999962165,0.0108
b22_C,_07730_,NAND2,0,0,2,2,2,35,90,-4.808454425520026e-06,1.33,0.5319999999992433,0.0108
b22_C,_07731_,XOR2,0,0,2,1,4,4,3,-8.151915455756331e-05,2.394,0.7980000000006839,0.0108
b22_C,_07732_,XNOR2,0,0,2,1,5,3,2,0.0,2.66,1.0640000000003056,0.0108
b22_C,_07733_,AOI222,0,1,6,1,18,2,1,-4.140026420085263e-05,3.724,1.595999999999549,0.0108
b22_C,_07734_,NAND3,0,1,3,0,19,1,0,-1.9062087186272336e-05,1.862,0.797999999998865,0.0108
b22_C,_07735_,CLKBUF,0,0,1,10,4,3,12,1.743725231095894e-06,1.064,0.26599999999962165,0.0108
b22_C,_07736_,AOI22,0,1,4,1,17,2,1,-2.9669749009419988e-05,2.394,1.0640000000003056,0.0108
b22_C,_07737_,XNOR2,0,0,2,1,4,4,3,-6.829590488699466e-06,2.66,1.0640000000003056,0.0108
b22_C,_07738_,NOR2,0,1,2,1,4,35,87,-6.228533685614934e-05,1.33,0.5319999999992433,0.0108
b22_C,_07739_,NAND2,0,0,2,1,4,35,87,-7.167767503313272e-05,1.33,0.5319999999992433,0.0108
b22_C,_07740_,AOI21,0,1,3,2,5,34,86,9.114927344677781e-06,1.862,0.797999999998865,0.0108
b22_C,_07741_,XNOR2,0,0,2,1,6,3,2,-2.7120211360864843e-05,2.66,1.0640000000003056,0.0108
b22_C,_07742_,AOI22,0,0,4,1,9,2,1,-5.468956407073122e-06,2.394,1.0640000000003056,0.0108
b22_C,_07743_,XOR2,0,0,2,1,4,3,2,-6.129458388404174e-06,2.394,0.7980000000006839,0.0108
b22_C,_07744_,NOR2,0,5,2,1,4,37,81,-3.935270805821567e-05,1.33,0.5319999999992433,0.0108
b22_C,_07745_,NAND2,0,0,2,1,4,37,81,-7.167767503313272e-05,1.33,0.5319999999992433,0.0108
b22_C,_07746_,AOI21,0,5,3,2,5,36,80,4.442536327609048e-05,1.862,0.797999999998865,0.0108
b22_C,_07747_,XNOR2,0,0,2,1,6,2,1,-9.297225891713445e-05,2.66,1.0640000000003056,0.0108
b22_C,_07748_,OAI221,0,1,5,0,18,1,0,-2.8428005284242275e-05,2.926,1.3299999999999272,0.0108
b22_C,_07749_,AOI22,0,0,4,1,16,2,1,-3.797886393686056e-05,2.394,1.0640000000003056,0.0108
b22_C,_07750_,XNOR2,0,0,2,1,5,4,3,-7.186261558933538e-06,2.66,1.0640000000003056,0.0108
b22_C,_07751_,NAND2,0,0,2,1,4,33,82,-5.402906208873404e-06,1.33,0.5319999999992433,0.0108
b22_C,_07752_,OAI21,0,1,3,1,6,33,82,-1.1994715984231519e-05,1.862,0.797999999998865,0.0108
b22_C,_07753_,NAND2,0,1,2,2,7,32,81,9.247027739078817e-07,1.33,0.5319999999992433,0.0108
b22_C,_07754_,XNOR2,0,0,2,1,8,3,2,-8.837516512816279e-06,2.66,1.0640000000003056,0.0108
b22_C,_07755_,AOI22,0,0,4,1,9,2,1,-5.7595772788854305e-06,2.394,1.0640000000003056,0.0108
b22_C,_07756_,XNOR2,0,0,2,1,5,3,2,-7.186261558933538e-06,2.66,1.0640000000003056,0.0108
b22_C,_07757_,NAND2,0,0,2,1,4,35,77,-5.402906208873404e-06,1.33,0.5319999999992433,0.0108
b22_C,_07758_,OAI21,0,5,3,1,6,35,77,-5.0000000000105516e-05,1.862,0.797999999998865,0.0108
b22_C,_07759_,AND2,0,5,2,2,7,34,76,2.027741083221457e-05,1.33,0.26599999999962165,0.0108
b22_C,_07760_,XNOR2,0,0,2,1,8,2,1,-2.6750330251124055e-05,2.66,1.0640000000003056,0.0108
b22_C,_07761_,OAI221,0,1,5,0,18,1,0,-1.8916776750366182e-05,2.926,1.3299999999999272,0.0108
b22_C,_07762_,AOI21,0,1,3,1,17,2,1,-2.141347424045037e-05,1.862,0.797999999998865,0.0108
b22_C,_07763_,NAND2,0,0,2,1,5,31,77,-5.6935270809077565e-06,1.33,0.5319999999992433,0.0108
b22_C,_07764_,OAI21,0,1,3,1,8,31,77,-6.5653896961226366e-06,1.862,0.797999999998865,0.0108
b22_C,_07765_,NAND2,0,1,2,2,9,30,76,1.1624834872492329e-06,1.33,0.5319999999992433,0.0108
b22_C,_07766_,XNOR2,0,0,2,1,5,4,3,-7.503302510203369e-06,2.66,1.0640000000003056,0.0108
b22_C,_07767_,XNOR2,0,0,2,1,10,3,2,-7.0409511230273836e-06,2.66,1.0640000000003056,0.0108
b22_C,_07768_,AOI22,0,0,4,1,11,2,1,-5.984147952720065e-06,2.394,1.0640000000003056,0.0108
b22_C,_07769_,XNOR2,0,0,2,1,5,3,2,-7.503302510203369e-06,2.66,1.0640000000003056,0.0108
b22_C,_07770_,NOR2,0,0,2,1,5,34,74,-4.491413474472239e-06,1.33,0.5319999999992433,0.0108
b22_C,_07771_,NOR2,0,5,2,1,8,33,73,1.4702774108421579e-05,1.33,0.5319999999992433,0.0108
b22_C,_07772_,AOI21,0,5,3,2,9,32,72,-3.4385733157504816e-05,1.862,0.797999999998865,0.0108
b22_C,_07773_,XNOR2,0,0,2,1,10,2,1,-2.8124174372701205e-05,2.66,1.0640000000003056,0.0108
b22_C,_07774_,OAI221,0,1,5,0,18,1,0,-3.0184940554844886e-05,2.926,1.3299999999999272,0.0108
b22_C,_07775_,AOI21,0,1,3,1,17,2,1,-2.141347424045037e-05,1.862,0.797999999998865,0.0108
b22_C,_07776_,XNOR2,0,0,2,1,5,4,3,-8.982826948944478e-07,2.66,1.0640000000003056,0.0108
b22_C,_07777_,NAND2,0,0,2,1,5,29,72,-5.918097754520346e-06,1.33,0.5319999999992433,0.0108
b22_C,_07778_,OAI21,0,1,3,1,10,29,72,-6.882430647392468e-06,1.862,0.797999999998865,0.0108
b22_C,_07779_,NAND2,0,1,2,2,11,28,71,1.994715983943962e-06,1.33,0.5319999999992433,0.0108
b22_C,_07780_,XNOR2,0,0,2,1,12,3,2,-8.758256274887799e-06,2.66,1.0640000000003056,0.0108
b22_C,_07781_,AOI22,0,0,4,1,13,2,1,-7.793923382237722e-07,2.394,1.0640000000003056,0.0108
b22_C,_07782_,XNOR2,0,0,2,1,5,3,2,-8.982826948944478e-07,2.66,1.0640000000003056,0.0108
b22_C,_07783_,NOR2,0,0,2,1,5,32,70,-5.614266842757232e-06,1.33,0.5319999999992433,0.0108
b22_C,_07784_,NOR2,0,5,2,1,10,31,69,1.9180977542720967e-05,1.33,0.5319999999992433,0.0108
b22_C,_07785_,AOI21,0,5,3,2,11,30,68,-3.435931307804729e-05,1.862,0.797999999998865,0.0108
b22_C,_07786_,XNOR2,0,0,2,1,12,2,1,-3.0224570673809126e-05,2.66,1.0640000000003056,0.0108
b22_C,_07787_,OAI221,0,1,5,0,18,1,0,-3.0184940554844886e-05,2.926,1.3299999999999272,0.0108
b22_C,_07788_,AOI21,0,1,3,1,17,2,1,-2.221928665790962e-05,1.862,0.797999999998865,0.0108
b22_C,_07789_,NOR2,0,0,2,1,5,27,67,-6.737120212818581e-07,1.33,0.5319999999992433,0.0108
b22_C,_07790_,AOI21,0,1,3,1,12,27,67,-3.421400264214114e-06,1.862,0.797999999998865,0.0108
b22_C,_07791_,NOR2,0,1,2,2,13,26,66,1.0792602377573957e-05,1.33,0.5319999999992433,0.0108
b22_C,_07792_,XNOR2,0,0,2,1,5,4,3,-7.635402906158717e-06,2.66,1.0640000000003056,0.0108
b22_C,_07793_,XNOR2,0,0,2,1,14,3,2,-1.822985468979965e-05,2.66,1.0640000000003056,0.0108
b22_C,_07794_,AOI22,0,0,4,1,15,2,1,-6.089828269439934e-06,2.394,1.0640000000003056,0.0108
b22_C,_07795_,XOR2,0,0,2,1,5,3,2,-6.842800528428228e-06,2.394,0.7980000000006839,0.0108
b22_C,_07796_,NAND2,0,0,2,1,5,30,66,-7.133421402460982e-07,1.33,0.5319999999992433,0.0108
b22_C,_07797_,NOR2,0,0,2,1,5,30,66,-6.737120212818581e-07,1.33,0.5319999999992433,0.0108
b22_C,_07798_,OAI21,0,5,3,2,12,29,65,6.25759577277396e-05,1.862,0.797999999998865,0.0108
b22_C,_07799_,XNOR2,0,0,2,1,13,2,1,-9.404227212694849e-05,2.66,1.0640000000003056,0.0108
b22_C,_07800_,OAI221,0,1,5,0,18,1,0,-3.0184940554844886e-05,2.926,1.3299999999999272,0.0108
b22_C,_07801_,NAND2,0,0,2,1,17,2,1,-3.20475561428335e-05,1.33,0.5319999999992433,0.0108
b22_C,_07802_,NOR2,0,2,2,9,17,3,18,-0.00035984147952450307,1.33,0.5319999999992433,0.0108
b22_C,_07803_,XNOR2,0,0,2,1,5,4,3,-5.099075297332334e-06,2.66,1.0640000000003056,0.0108
b22_C,_07804_,NAND2,0,0,2,1,5,25,62,-6.02377807146226e-06,1.33,0.5319999999992433,0.0108
b22_C,_07805_,OAI21,0,1,3,1,14,25,62,-1.257595772807818e-05,1.862,0.797999999998865,0.0108
b22_C,_07806_,NAND2,0,1,2,2,15,24,61,1.4531043592835857e-06,1.33,0.5319999999992433,0.0108
b22_C,_07807_,XNOR2,0,0,2,1,16,3,2,-8.626155878488362e-06,2.66,1.0640000000003056,0.0108
b22_C,_07808_,XNOR2,0,0,2,1,5,4,3,-5.099075297332334e-06,2.66,1.0640000000003056,0.0108
b22_C,_07809_,NAND2,0,0,2,1,5,28,62,-6.02377807146226e-06,1.33,0.5319999999992433,0.0108
b22_C,_07810_,OAI21,0,5,3,1,13,28,62,-4.1717305152122464e-05,1.862,0.797999999998865,0.0108
b22_C,_07811_,NAND2,0,5,2,2,14,27,61,5.997357992004737e-06,1.33,0.5319999999992433,0.0108
b22_C,_07812_,XNOR2,0,0,2,1,15,3,2,-4.313077939244181e-05,2.66,1.0640000000003056,0.0108
b22_C,_07813_,AOI222,0,1,6,1,18,2,1,-1.9511228533941605e-05,3.724,1.595999999999549,0.0108
b22_C,_07814_,NAND3,0,1,3,0,19,1,0,-1.8877146631401942e-05,1.862,0.797999999998865,0.0108
b22_C,_07815_,NAND2,0,0,2,1,18,2,1,-7.212681638169016e-06,1.33,0.5319999999992433,0.0108
b22_C,_07816_,INV,0,0,1,2,1,5,7,0.0,0.798,0.26600000000144064,0.0108
b22_C,_07817_,XNOR2,0,0,2,1,5,4,3,-3.963011896424007e-08,2.66,1.0640000000003056,0.0108
b22_C,_07818_,NOR2,0,0,2,1,5,23,57,-3.817701453190381e-06,1.33,0.5319999999992433,0.0108
b22_C,_07819_,AOI21,0,1,3,1,16,23,57,-7.212681638169016e-06,1.862,0.797999999998865,0.0108
b22_C,_07820_,OR2,0,1,2,2,17,22,56,7.80713342130035e-06,1.33,0.26599999999962165,0.0108
b22_C,_07821_,XNOR2,0,0,2,1,18,3,2,-6.3011889037678515e-06,2.66,1.0640000000003056,0.0108
b22_C,_07822_,NAND2,0,0,2,1,19,2,1,-9.233817701570501e-06,1.33,0.5319999999992433,0.0108
b22_C,_07823_,XOR2,0,0,2,1,5,4,3,-3.963011896424007e-08,2.394,0.7980000000006839,0.0108
b22_C,_07824_,NOR2,0,0,2,1,5,26,57,-3.817701453190381e-06,1.33,0.5319999999992433,0.0108
b22_C,_07825_,AOI21,0,5,3,1,15,26,57,-2.2787318361805475e-05,1.862,0.797999999998865,0.0108
b22_C,_07826_,OR2,0,5,2,2,16,25,56,3.9009247027488314e-05,1.33,0.26599999999962165,0.0108
b22_C,_07827_,XNOR2,0,0,2,1,17,3,2,-3.1558784676422036e-05,2.66,1.0640000000003056,0.0108
b22_C,_07828_,AOI222,0,1,6,1,18,2,1,-4.3051519154735374e-05,3.724,1.595999999999549,0.0108
b22_C,_07829_,NAND3,0,1,3,0,20,1,0,-7.701453104358436e-06,1.862,0.797999999998865,0.0108
b22_C,_07830_,NAND2,0,0,2,1,18,2,1,-1.2100396301173433e-05,1.33,0.5319999999992433,0.0108
b22_C,_07831_,XNOR2,0,0,2,1,5,4,3,-7.635402906158717e-06,2.66,1.0640000000003056,0.0108
b22_C,_07832_,NOR2,0,0,2,1,5,22,53,-2.6420079457523116e-08,1.33,0.5319999999992433,0.0108
b22_C,_07833_,NAND2,0,0,2,1,5,22,53,-3.963011896424007e-08,1.33,0.5319999999992433,0.0108
b22_C,_07834_,AOI21,0,1,3,2,18,21,52,1.2140026419915628e-05,1.862,0.797999999998865,0.0108
b22_C,_07835_,XNOR2,0,0,2,1,19,3,2,-2.6961690885229928e-05,2.66,1.0640000000003056,0.0108
b22_C,_07836_,XNOR2,0,0,2,1,5,4,3,-7.635402906158717e-06,2.66,1.0640000000003056,0.0108
b22_C,_07837_,NOR2,0,0,2,1,5,25,53,0.0,1.33,0.5319999999992433,0.0108
b22_C,_07838_,NAND2,0,0,2,1,5,25,53,-3.963011896424007e-08,1.33,0.5319999999992433,0.0108
b22_C,_07839_,AOI21,0,5,3,2,17,24,52,5.858652575962964e-05,1.862,0.797999999998865,0.0108
b22_C,_07840_,XNOR2,0,0,2,1,18,3,2,-9.404227212694849e-05,2.66,1.0640000000003056,0.0108
b22_C,_07841_,AOI222,0,1,6,1,20,2,1,-3.6208718626307146e-05,3.724,1.595999999999549,0.0108
b22_C,_07842_,NAND3,0,1,3,0,21,1,0,-1.906208718649438e-05,1.862,0.797999999998865,0.0108
b22_C,_07843_,NAND2,0,0,2,2,8,4,4,-8.99603698822915e-06,1.33,0.5319999999992433,0.0108
b22_C,_07844_,NAND2,0,0,2,1,5,20,48,-6.02377807146226e-06,1.33,0.5319999999992433,0.0108
b22_C,_07845_,OAI21,0,1,3,1,19,20,48,-1.24966974901497e-05,1.862,0.797999999998865,0.0108
b22_C,_07846_,NAND2,0,1,2,2,20,19,47,1.7173051514163262e-07,1.33,0.5319999999992433,0.0108
b22_C,_07847_,XOR2,0,0,2,1,6,5,4,-1.0237780713406863e-05,2.394,0.7980000000006839,0.0108
b22_C,_07848_,XNOR2,0,0,2,1,21,4,3,-7.0013210040631435e-06,2.66,1.0640000000003056,0.0108
b22_C,_07849_,OAI211,0,0,4,1,22,3,2,-0.00043233817701460175,2.394,1.0640000000003056,0.0108
b22_C,_07850_,INV,0,0,1,2,6,4,4,-7.833553500979917e-06,0.798,0.26600000000144064,0.0108
b22_C,_07851_,NAND3,0,0,3,1,11,3,2,-0.000479537648613082,1.862,0.797999999998865,0.0108
b22_C,_07852_,XOR2,0,0,2,1,6,5,4,-1.0237780713406863e-05,2.394,0.7980000000006839,0.0108
b22_C,_07853_,NAND2,0,0,2,1,5,23,48,-6.02377807146226e-06,1.33,0.5319999999992433,0.0108
b22_C,_07854_,OAI21,0,5,3,1,18,23,48,-4.2879788639371696e-05,1.862,0.797999999998865,0.0108
b22_C,_07855_,NAND2,0,5,2,2,19,22,47,5.548216644557513e-06,1.33,0.5319999999992433,0.0108
b22_C,_07856_,XNOR2,0,0,2,1,20,4,3,-4.398943196837202e-05,2.66,1.0640000000003056,0.0108
b22_C,_07857_,NAND3,0,0,3,1,21,3,2,-7.635402906380762e-06,1.862,0.797999999998865,0.0108
b22_C,_07858_,NAND4,0,1,4,1,23,2,1,-1.1756935270890168e-05,2.394,1.0640000000003056,0.0108
b22_C,_07859_,INV,0,0,1,3,1,21,40,0.0,0.798,0.26600000000144064,0.0108
b22_C,_07860_,OAI211,0,1,4,0,24,1,0,-1.303830911503212e-05,2.394,1.0640000000003056,0.0108
b22_C,_07861_,NAND2,0,31,2,7,11,4,41,0.0001933949801848911,1.33,0.5319999999992433,0.0108
b22_C,_07862_,INV,0,11,1,3,12,2,12,-4.525759577300725e-05,0.798,0.26600000000144064,0.0108
b22_C,_07863_,BUF,0,10,1,9,13,1,9,0.0002870805812416055,1.064,0.26599999999962165,0.0108
b22_C,_07864_,NAND2,0,0,2,1,18,2,1,-7.186261558933538e-06,1.33,0.5319999999992433,0.0108
b22_C,_07865_,XOR2,0,0,2,1,6,4,3,0.0,2.394,0.7980000000006839,0.0108
b22_C,_07866_,NAND2,0,0,2,1,6,18,42,-8.99603698822915e-06,1.33,0.5319999999992433,0.0108
b22_C,_07867_,OAI21,0,1,3,1,21,18,42,-1.0845442536489003e-05,1.862,0.797999999998865,0.0108
b22_C,_07868_,AND2,0,1,2,2,22,17,41,4.2404227211800816e-06,1.33,0.26599999999962165,0.0108
b22_C,_07869_,XNOR2,0,0,2,1,23,3,2,-5.231175693731771e-06,2.66,1.0640000000003056,0.0108
b22_C,_07870_,AOI221,0,0,5,1,24,2,1,-4.1611624834958505e-05,2.926,1.3299999999999272,0.0108
b22_C,_07871_,XNOR2,0,0,2,1,6,3,2,0.0,2.66,1.0640000000003056,0.0108
b22_C,_07872_,AOI21,0,5,3,1,20,21,42,-2.2628797886392604e-05,1.862,0.797999999998865,0.0108
b22_C,_07873_,INV,0,5,1,1,21,20,41,2.998678995780324e-06,0.798,0.26600000000144064,0.0108
b22_C,_07874_,OAI21,0,5,3,2,22,19,40,-3.2364597093437197e-06,1.862,0.797999999998865,0.0108
b22_C,_07875_,XNOR2,0,0,2,1,23,2,1,-4.105680317056937e-05,2.66,1.0640000000003056,0.0108
b22_C,_07876_,OAI211,0,1,4,0,25,1,0,-9.48480845441857e-06,2.394,1.0640000000003056,0.0108
b22_C,_07877_,AOI222,0,1,6,1,18,2,1,-3.956406869232154e-05,3.724,1.595999999999549,0.0108
b22_C,_07878_,XNOR2,0,0,2,1,6,4,3,-1.0118890356514143e-05,2.66,1.0640000000003056,0.0108
b22_C,_07879_,NOR2,0,0,2,1,6,19,38,0.0,1.33,0.5319999999992433,0.0108
b22_C,_07880_,NAND2,0,0,2,1,6,19,38,0.0,1.33,0.5319999999992433,0.0108
b22_C,_07881_,AOI21,0,5,3,2,23,18,37,5.166446499327293e-05,1.862,0.797999999998865,0.0108
b22_C,_07882_,XNOR2,0,0,2,1,24,3,2,-9.214002642021768e-05,2.66,1.0640000000003056,0.0108
b22_C,_07883_,XNOR2,0,0,2,1,6,4,3,-1.0118890356514143e-05,2.66,1.0640000000003056,0.0108
b22_C,_07884_,NOR2,0,0,2,1,6,17,38,0.0,1.33,0.5319999999992433,0.0108
b22_C,_07885_,NAND2,0,0,2,1,6,17,38,0.0,1.33,0.5319999999992433,0.0108
b22_C,_07886_,AOI21,0,1,3,2,23,16,37,1.2140026419915628e-05,1.862,0.797999999998865,0.0108
b22_C,_07887_,XNOR2,0,0,2,1,24,3,2,-2.7503302509890304e-05,2.66,1.0640000000003056,0.0108
b22_C,_07888_,AOI22,0,0,4,1,25,2,1,-1.7239101717470007e-05,2.394,1.0640000000003056,0.0108
b22_C,_07889_,NAND2,0,1,2,0,26,1,0,-1.2391017173207786e-05,1.33,0.5319999999992433,0.0108
b22_C,_07890_,XNOR2,0,0,2,1,7,4,3,-7.265521796639973e-06,2.66,1.0640000000003056,0.0108
b22_C,_07891_,NOR2,0,0,2,2,6,15,33,-7.569352708181043e-06,1.33,0.5319999999992433,0.0108
b22_C,_07892_,AOI21,0,1,3,2,24,15,33,-1.2364597093972307e-05,1.862,0.797999999998865,0.0108
b22_C,_07893_,NOR2,0,0,2,1,25,4,3,-5.099075297332334e-06,1.33,0.5319999999992433,0.0108
b22_C,_07894_,XNOR2,0,0,2,1,26,3,2,0.0,2.66,1.0640000000003056,0.0108
b22_C,_07895_,NAND2,0,0,2,1,27,2,1,-9.233817701570501e-06,1.33,0.5319999999992433,0.0108
b22_C,_07896_,AOI222,0,1,6,1,18,2,1,-4.363276089835999e-05,3.724,1.595999999999549,0.0108
b22_C,_07897_,XNOR2,0,0,2,1,7,3,2,-7.265521796639973e-06,2.66,1.0640000000003056,0.0108
b22_C,_07898_,OAI21,0,5,3,1,24,17,33,-4.478203434632455e-05,1.862,0.797999999998865,0.0108
b22_C,_07899_,INV,0,5,1,1,25,16,32,-6.856010568156989e-06,0.798,0.26600000000144064,0.0108
b22_C,_07900_,AOI21,0,5,3,2,26,15,31,-1.5878467635399574e-05,1.862,0.797999999998865,0.0108
b22_C,_07901_,XNOR2,0,0,2,1,27,2,1,-2.7278731836277714e-05,2.66,1.0640000000003056,0.0108
b22_C,_07902_,OAI211,0,1,4,0,28,1,0,-2.8110964332972443e-05,2.394,1.0640000000003056,0.0108
b22_C,_07903_,XOR2,0,0,2,1,7,4,3,-2.6420079457523116e-08,2.394,0.7980000000006839,0.0108
b22_C,_07904_,NOR2,0,0,2,1,7,15,29,-5.442536327837644e-06,1.33,0.5319999999992433,0.0108
b22_C,_07905_,NOR3,0,1,3,1,25,14,28,3.0515191544733256e-06,1.862,0.797999999998865,0.0108
b22_C,_07906_,AOI21,0,1,3,2,26,13,27,-1.6935270805706892e-05,1.862,0.797999999998865,0.0108
b22_C,_07907_,XNOR2,0,0,2,1,27,3,2,-6.657859973779878e-06,2.66,1.0640000000003056,0.0108
b22_C,_07908_,NAND2,0,0,2,1,28,2,1,-9.233817701570501e-06,1.33,0.5319999999992433,0.0108
b22_C,_07909_,AOI221,0,0,5,1,18,2,1,-3.6287978864235626e-05,2.926,1.3299999999999272,0.0108
b22_C,_07910_,XNOR2,0,0,2,1,7,3,2,-2.6420079457523116e-08,2.66,1.0640000000003056,0.0108
b22_C,_07911_,NOR2,0,0,2,1,7,15,29,-5.442536327837644e-06,1.33,0.5319999999992433,0.0108
b22_C,_07912_,NOR2,0,5,2,1,27,14,28,1.9313077939120404e-05,1.33,0.5319999999992433,0.0108
b22_C,_07913_,AOI21,0,5,3,2,28,13,27,-3.363276089851652e-05,1.862,0.797999999998865,0.0108
b22_C,_07914_,XNOR2,0,1,2,1,29,2,1,-2.5442536327746623e-05,2.66,1.0640000000003056,0.0108
b22_C,_07915_,OAI211,0,1,4,0,30,1,0,-1.138705416114938e-05,2.394,1.0640000000003056,0.0108
b22_C,_07916_,NAND3,0,0,3,1,16,2,1,-2.177014531068444e-05,1.862,0.797999999998865,0.0108
b22_C,_07917_,AOI22,0,0,4,1,17,2,1,-3.815059445178015e-05,2.394,1.0640000000003056,0.0108
b22_C,_07918_,XNOR2,0,0,2,1,9,4,3,-5.799207397627626e-06,2.66,1.0640000000003056,0.0108
b22_C,_07919_,NOR2,0,0,2,1,7,13,25,0.0,1.33,0.5319999999992433,0.0108
b22_C,_07920_,NAND2,0,0,2,1,7,13,25,-2.6420079457523116e-08,1.33,0.5319999999992433,0.0108
b22_C,_07921_,AOI21,0,4,3,2,29,12,24,4.5376486129455884e-05,1.862,0.797999999998865,0.0108
b22_C,_07922_,XNOR2,0,1,2,1,30,3,2,-6.973579920743767e-05,2.66,1.0640000000003056,0.0108
b22_C,_07923_,XNOR2,0,0,2,1,9,4,3,-5.891677675062823e-06,2.66,1.0640000000003056,0.0108
b22_C,_07924_,NOR2,0,0,2,1,7,13,24,-1.3210039950806163e-08,1.33,0.5319999999992433,0.0108
b22_C,_07925_,NAND2,0,0,2,1,7,13,24,-2.6420079457523116e-08,1.33,0.5319999999992433,0.0108
b22_C,_07926_,AOI21,0,1,3,2,27,12,23,1.2140026419915628e-05,1.862,0.797999999998865,0.0108
b22_C,_07927_,XNOR2,0,0,2,1,28,3,2,-2.4993394980521444e-05,2.66,1.0640000000003056,0.0108
b22_C,_07928_,AOI22,0,1,4,1,31,2,1,-2.141347424045037e-05,2.394,1.0640000000003056,0.0108
b22_C,_07929_,NAND3,0,1,3,0,32,1,0,-9.616908850818007e-06,1.862,0.797999999998865,0.0108
b22_C,_07930_,XNOR2,0,0,2,1,6,4,3,-4.002642008060775e-06,2.66,1.0640000000003056,0.0108
b22_C,_07931_,NAND2,0,0,2,1,9,11,20,-4.64993394988511e-06,1.33,0.5319999999992433,0.0108
b22_C,_07932_,OAI21,0,3,3,1,30,11,20,-3.816380449150891e-05,1.862,0.797999999998865,0.0108
b22_C,_07933_,NAND2,0,3,2,2,31,10,19,3.025099075237847e-06,1.33,0.5320000000010623,0.0108
b22_C,_07934_,XNOR2,0,1,2,1,32,3,2,-2.4570673712087654e-05,2.66,1.0640000000003056,0.0108
b22_C,_07935_,AOI222,0,1,6,1,33,2,1,-3.713342140043707e-05,3.724,1.5960000000013679,0.0108
b22_C,_07936_,XOR2,0,0,2,1,6,4,3,-3.751651254990662e-06,2.394,0.7980000000006839,0.0108
b22_C,_07937_,OAI21,0,1,3,1,28,11,19,-1.15059445180421e-05,1.862,0.7980000000006839,0.0108
b22_C,_07938_,INV,0,1,1,1,29,10,18,-1.3474240423416717e-06,0.798,0.26599999999962165,0.0108
b22_C,_07939_,AOI21,0,1,3,2,30,9,17,-5.416116248602165e-06,1.862,0.7980000000006839,0.0108
b22_C,_07940_,XNOR2,0,0,2,1,31,3,2,-5.8520475563206276e-06,2.66,1.0640000000003056,0.0108
b22_C,_07941_,AOI22,0,0,4,1,32,2,1,-3.368560105743157e-06,2.394,1.0640000000003056,0.0108
b22_C,_07942_,OAI21,0,1,3,0,34,1,0,-2.974900924690438e-05,1.862,0.7980000000006839,0.0108
b22_C,_07943_,OAI21,0,2,3,1,32,9,15,-1.352708058122154e-05,1.862,0.7980000000006839,0.0108
b22_C,_07944_,INV,0,2,1,1,33,8,14,-1.1624834874712775e-06,0.798,0.26599999999962165,0.0108
b22_C,_07945_,AOI21,0,2,3,3,34,7,13,-2.9326287980246946e-06,1.862,0.7980000000006839,0.0108
b22_C,_07946_,XNOR2,0,0,2,2,6,4,3,-1.9550858654238112e-06,2.66,1.0640000000003056,0.0108
b22_C,_07947_,AOI21,0,1,3,1,35,3,2,-2.607661823006424e-05,1.862,0.7980000000006839,0.0108
b22_C,_07948_,OAI21,0,1,3,1,36,2,1,-1.992073976242459e-05,1.862,0.7980000000006839,0.0108
b22_C,_07949_,NAND2,0,0,2,1,17,2,1,-3.20475561428335e-05,1.33,0.5320000000010623,0.0108
b22_C,_07950_,XNOR2,0,0,2,1,6,4,3,-2.0607661823657253e-06,2.66,1.0640000000003056,0.0108
b22_C,_07951_,NOR2,0,0,2,1,6,9,14,-3.1439894321305673e-06,1.33,0.5320000000010623,0.0108
b22_C,_07952_,NAND2,0,0,2,1,6,9,14,-3.3025099075434383e-06,1.33,0.5320000000010623,0.0108
b22_C,_07953_,AOI21,0,1,3,2,31,8,13,1.2140026419915628e-05,1.862,0.7980000000006839,0.0108
b22_C,_07954_,XNOR2,0,0,2,1,32,3,2,-1.989431968318911e-05,2.66,1.0640000000003056,0.0108
b22_C,_07955_,AOI22,0,0,4,1,33,2,1,-1.936591809803545e-05,2.394,1.0640000000003056,0.0108
b22_C,_07956_,NAND4,0,1,4,0,37,1,0,-5.640686922214755e-06,2.394,1.0640000000003056,0.0108
b22_C,_07957_,XOR2,0,0,2,1,7,4,3,-7.926023779525337e-07,2.394,0.7980000000006839,0.0108
b22_C,_07958_,AOI21,0,1,3,1,32,7,9,-1.200792602396028e-05,1.862,0.7980000000006839,0.0108
b22_C,_07959_,INV,0,1,1,1,33,6,8,-4.0951122870502843e-07,0.798,0.26599999999962165,0.0108
b22_C,_07960_,OAI21,0,1,3,2,34,5,7,-5.548216646111825e-07,1.862,0.7980000000006839,0.0108
b22_C,_07961_,XNOR2,0,0,2,1,35,3,2,-8.084544253827985e-06,2.66,1.0640000000003056,0.0108
b22_C,_07962_,NAND2,0,0,2,1,36,2,1,-9.233817701570501e-06,1.33,0.5320000000010623,0.0108
b22_C,_07963_,NAND2,0,0,2,3,9,5,9,-3.923381770154499e-05,1.33,0.5320000000010623,0.0108
b22_C,_07964_,NOR3,0,0,3,1,12,3,2,-0.0004738837516515826,1.862,0.7980000000006839,0.0108
b22_C,_07965_,AOI222,0,0,6,1,16,2,1,-3.313077939259834e-05,3.724,1.5960000000013679,0.0108
b22_C,_07966_,NAND2,0,0,2,3,7,5,9,-6.869220610106197e-07,1.33,0.5320000000010623,0.0108
b22_C,_07967_,OR2,0,0,2,2,7,6,10,-2.7741083230559127e-07,1.33,0.26599999999962165,0.0108
b22_C,_07968_,NAND2,0,0,2,1,8,4,3,0.0,1.33,0.5320000000010623,0.0108
b22_C,_07969_,NOR2,0,0,2,1,6,7,10,-1.5323645972120659e-06,1.33,0.5320000000010623,0.0108
b22_C,_07970_,NAND2,0,0,2,1,6,7,10,-1.624834874647263e-06,1.33,0.5320000000010623,0.0108
b22_C,_07971_,AOI21,0,1,3,2,35,6,9,8.87714663133643e-06,1.862,0.7980000000006839,0.0108
b22_C,_07972_,XNOR2,0,1,2,1,36,3,2,-1.660501981515239e-05,2.66,1.0640000000003056,0.0108
b22_C,_07973_,AOI22,0,1,4,1,37,2,1,-1.6235138705633645e-05,2.394,1.0640000000003056,0.0108
b22_C,_07974_,NAND3,0,0,3,1,15,3,2,-0.0005850726552183438,1.862,0.7980000000006839,0.0108
b22_C,_07975_,INV,0,0,1,1,7,4,3,-5.944517835754226e-07,0.798,0.26599999999962165,0.0108
b22_C,_07976_,NAND3,0,0,3,1,15,3,2,-4.6763540290761796e-05,1.862,0.7980000000006839,0.0108
b22_C,_07977_,NAND3,0,0,3,1,16,2,1,-1.3579920739914542e-05,1.862,0.7980000000006839,0.0108
b22_C,_07978_,OAI211,0,1,4,0,38,1,0,-1.7569352708246555e-06,2.394,1.0640000000003056,0.0108
b22_C,_07979_,NOR2,0,0,2,1,7,5,4,-6.472919420463796e-07,1.33,0.5320000000010623,0.0108
b22_C,_07980_,NAND2,0,0,2,1,7,5,4,-6.869220610106197e-07,1.33,0.5320000000010623,0.0108
b22_C,_07981_,AOI21,0,1,3,1,35,4,3,3.8044914134616192e-06,1.862,0.7980000000006839,0.0108
b22_C,_07982_,XNOR2,0,0,2,1,6,4,3,-1.3210039662148176e-07,2.66,1.0640000000003056,0.0108
b22_C,_07983_,XNOR2,0,1,2,1,36,3,2,-1.0752972259053806e-05,2.66,1.0640000000003056,0.0108
b22_C,_07984_,AOI221,0,1,5,1,37,2,1,-1.6803170409751544e-05,2.926,1.3300000000017462,0.0108
b22_C,_07985_,NAND2,0,0,2,2,36,5,5,-1.421400264223216e-05,1.33,0.5320000000010623,0.0108
b22_C,_07986_,XNOR2,0,0,2,2,6,5,5,-7.793923382237722e-07,2.66,1.0640000000003056,0.0108
b22_C,_07987_,NAND3,0,0,3,1,37,3,2,0.0,1.862,0.7980000000006839,0.0108
b22_C,_07988_,AOI21,0,0,3,1,37,4,3,0.0,1.862,0.7980000000006839,0.0108
b22_C,_07989_,NOR2,0,0,2,1,38,3,2,-8.256274768969618e-06,1.33,0.5320000000010623,0.0108
b22_C,_07990_,AOI22,0,0,4,1,39,2,1,-3.20475561428335e-05,2.394,1.0640000000003056,0.0108
b22_C,_07991_,NAND2,0,1,2,0,40,1,0,-1.2509907529878461e-05,1.33,0.5320000000010623,0.0108
b22_C,_07992_,INV,0,0,1,2,11,9,201,0.0,0.798,0.26599999999962165,0.0108
b22_C,_07993_,OR3,0,26,3,3,12,9,249,0.0003287186261557995,1.596,0.26599999999962165,0.0108
b22_C,_07994_,NOR3,0,8,3,2,13,8,152,-5.182298546912989e-05,1.862,0.7980000000006839,0.0108
b22_C,_07995_,NOR2,0,7,2,5,14,7,121,-9.237780713355903e-05,1.33,0.5320000000010623,0.0108
b22_C,_07996_,BUF,0,7,1,10,15,6,84,9.722589167759921e-05,1.064,0.26599999999962165,0.0108
b22_C,_07997_,AOI222,0,0,6,5,10,11,32,-2.6420079457523116e-08,3.724,1.5960000000013679,0.0108
b22_C,_07998_,INV,0,0,1,3,11,8,21,0.0,0.798,0.26599999999962165,0.0108
b22_C,_07999_,NAND2,0,0,2,4,8,7,108,-1.3210039662148176e-07,1.33,0.5320000000010623,0.0108
b22_C,_08000_,AOI21,0,0,3,2,9,5,19,-0.00036595772787340053,1.862,0.7980000000006839,0.0108
b22_C,_08001_,NAND2,0,0,2,3,12,4,11,0.0,1.33,0.5320000000010623,0.0108
b22_C,_08002_,NOR2,0,0,2,2,16,3,4,-2.117569352710902e-05,1.33,0.5320000000010623,0.0108
b22_C,_08003_,OR2,0,1,2,7,14,7,109,-6.192866578613732e-05,1.33,0.26599999999962165,0.0108
b22_C,_08004_,AND2,0,1,2,2,15,6,31,4.940554821475374e-06,1.33,0.26599999999962165,0.0108
b22_C,_08005_,BUF,0,1,1,10,16,5,26,8.322324966947292e-06,1.064,0.26599999999962165,0.0108
b22_C,_08006_,NOR2,0,4,2,1,29,10,23,-5.361955085869674e-05,1.33,0.5320000000010623,0.0108
b22_C,_08007_,AOI21,0,4,3,3,30,9,22,-1.982826948498939e-05,1.862,0.7980000000006839,0.0108
b22_C,_08008_,NOR2,0,3,2,6,31,8,19,-8.61955085866839e-05,1.33,0.5320000000010623,0.0108
b22_C,_08009_,BUF,0,4,1,10,16,4,44,5.093791281374216e-05,1.064,0.26599999999962165,0.0108
b22_C,_08010_,AOI221,0,1,5,1,32,2,1,-3.735799207382762e-05,2.926,1.3300000000017462,0.0108
b22_C,_08011_,INV,0,3,1,5,28,7,35,1.2800528401468725e-05,0.798,0.26599999999962165,0.0108
b22_C,_08012_,INV,0,0,1,7,27,12,64,3.9630118742195464e-08,0.798,0.26599999999962165,0.0108
b22_C,_08013_,NAND2,0,0,2,5,21,18,163,-5.363276089909164e-06,1.33,0.5320000000010623,0.0108
b22_C,_08014_,NAND2,0,0,2,1,11,23,264,-6.142668427999709e-05,1.33,0.5320000000010623,0.0108
b22_C,_08015_,OAI21,0,0,3,8,18,22,263,-8.048877146649147e-05,1.862,0.7980000000006839,0.0108
b22_C,_08016_,MUX2,0,0,3,6,15,25,272,-3.523117569348422e-05,2.394,0.5320000000010623,0.0108
b22_C,_08017_,AND2,0,0,2,4,13,27,225,0.0,1.33,0.26599999999962165,0.0108
b22_C,_08018_,NAND2,0,0,2,6,11,29,356,0.0,1.33,0.5320000000010623,0.0108
b22_C,_08019_,NOR2,0,0,2,4,10,30,381,0.0,1.33,0.5320000000010623,0.0108
b22_C,_08020_,NOR2,0,0,2,3,10,31,290,-4.147952443966929e-06,1.33,0.5320000000010623,0.0108
b22_C,_08021_,NOR2,0,0,2,6,10,32,320,-0.0010182430647291962,1.33,0.5320000000010623,0.0108
b22_C,_08022_,NAND3,0,0,3,4,11,26,258,0.0,1.862,0.7980000000006839,0.0108
b22_C,_08023_,NOR2,0,0,2,2,12,25,240,-1.0039630120584064e-06,1.33,0.5320000000010623,0.0108
b22_C,_08024_,NAND2,0,0,2,3,13,24,233,0.0,1.33,0.5320000000010623,0.0108
b22_C,_08025_,OR3,0,0,3,3,14,23,222,0.0,1.596,0.26599999999962165,0.0108
b22_C,_08026_,NOR2,0,0,2,3,15,22,214,0.0,1.33,0.5320000000010623,0.0108
b22_C,_08027_,NAND2,0,0,2,3,16,21,198,0.0,1.33,0.5320000000010623,0.0108
b22_C,_08028_,NOR3,0,0,3,3,17,20,186,0.0,1.862,0.7980000000006839,0.0108
b22_C,_08029_,NAND2,0,0,2,3,18,19,171,-1.3210039950806163e-08,1.33,0.5320000000010623,0.0108
b22_C,_08030_,NOR3,0,0,3,3,19,18,155,0.0,1.862,0.7980000000006839,0.0108
b22_C,_08031_,NAND3,0,0,3,2,20,17,137,-8.327608982861001e-05,1.862,0.7980000000006839,0.0108
b22_C,_08032_,NOR2,0,0,2,2,21,16,128,-1.3210039639943716e-07,1.33,0.5320000000010623,0.0108
b22_C,_08033_,NAND2,0,0,2,2,22,15,119,-7.926023792848014e-08,1.33,0.5320000000010623,0.0108
b22_C,_08034_,NOR2,0,0,2,3,23,14,111,-2.999999999997449e-05,1.33,0.5320000000010623,0.0108
b22_C,_08035_,NAND3,0,0,3,2,24,13,101,-1.6287978863882557e-05,1.862,0.7980000000006839,0.0108
b22_C,_08036_,INV,0,0,1,2,25,12,92,0.0,0.798,0.26599999999962165,0.0108
b22_C,_08037_,NAND2,0,0,2,2,26,11,85,0.0,1.33,0.5320000000010623,0.0108
b22_C,_08038_,NOR2,0,0,2,2,27,10,77,0.0,1.33,0.5320000000010623,0.0108
b22_C,_08039_,NAND2,0,0,2,2,28,9,67,-7.926023792848014e-08,1.33,0.5320000000010623,0.0108
b22_C,_08040_,OR2,0,0,2,2,29,8,59,-2.6842800528559252e-05,1.33,0.26599999999962165,0.0108
b22_C,_08041_,NOR2,0,0,2,3,30,7,49,0.0,1.33,0.5320000000010623,0.0108
b22_C,_08042_,NAND3,0,0,3,2,31,6,29,3.9630118742195464e-08,1.862,0.7980000000006839,0.0108
b22_C,_08043_,NOR2,0,3,2,3,32,5,20,5.356671070000374e-05,1.33,0.5320000000010623,0.0108
b22_C,_08044_,INV,0,0,1,3,1,13,119,0.0,0.798,0.26599999999962165,0.0108
b22_C,_08045_,MUX2,0,1,3,2,27,12,45,-1.1638044914219492e-05,2.394,0.5320000000010623,0.0108
b22_C,_08046_,INV,0,0,1,2,28,11,43,-5.03302509935466e-06,0.798,0.26599999999962165,0.0108
b22_C,_08047_,NAND2,0,0,2,7,29,10,41,-1.3210039950806163e-08,1.33,0.5320000000010623,0.0108
b22_C,_08048_,MUX2,0,1,3,3,28,11,28,-8.824306473087518e-06,2.394,0.5320000000010623,0.0108
b22_C,_08049_,NAND2,0,0,2,7,29,10,25,-4.359313078072802e-06,1.33,0.5320000000010623,0.0108
b22_C,_08050_,NAND3,0,0,3,1,33,4,5,-4.3249669749112485e-05,1.862,0.7980000000006839,0.0108
b22_C,_08051_,XNOR2,0,2,2,2,34,3,4,-9.194187582828306e-06,2.66,1.0640000000003056,0.0108
b22_C,_08052_,NAND2,0,0,2,7,15,5,43,-6.988110964334382e-06,1.33,0.5320000000010623,0.0108
b22_C,_08053_,BUF,0,0,1,10,16,4,23,0.0,1.064,0.26599999999962165,0.0108
b22_C,_08054_,OAI21,0,1,3,0,35,1,0,-3.7767503302532646e-05,1.862,0.7980000000006839,0.0108
b22_C,_08055_,BUF,0,4,1,10,17,3,15,6.0132100396126376e-05,1.064,0.26599999999962165,0.0108
b22_C,_08056_,AOI21,0,0,3,1,18,2,1,-1.1611624834984013e-05,1.862,0.7980000000006839,0.0108
b22_C,_08057_,NAND2,0,0,2,2,15,6,56,-6.988110964334382e-06,1.33,0.5320000000010623,0.0108
b22_C,_08058_,BUF,0,0,1,10,16,5,50,0.0,1.064,0.26599999999962165,0.0108
b22_C,_08059_,BUF,0,0,1,10,17,4,21,0.0,1.064,0.26599999999962165,0.0108
b22_C,_08060_,NAND2,0,3,2,1,33,4,5,-3.97622192869207e-05,1.33,0.5320000000010623,0.0108
b22_C,_08061_,XOR2,0,3,2,2,34,3,4,-2.1043593130931626e-05,2.394,0.7980000000006839,0.0108
b22_C,_08062_,OAI221,0,1,5,0,35,1,0,-1.2443857331678743e-05,2.926,1.3300000000017462,0.0108
b22_C,_08063_,NOR2,0,0,2,1,17,5,4,-1.1994715984231519e-05,1.33,0.5320000000010623,0.0108
b22_C,_08064_,BUF,0,0,1,10,15,6,45,-1.6063408190269968e-05,1.064,0.26599999999962165,0.0108
b22_C,_08065_,AOI21,0,0,3,1,18,4,3,0.0,1.862,0.7980000000006839,0.0108
b22_C,_08066_,XNOR2,0,0,2,2,33,4,7,-7.282694848109728e-05,2.66,1.0640000000003056,0.0108
b22_C,_08067_,OAI221,0,0,5,1,34,3,2,0.0,2.926,1.3300000000017462,0.0108
b22_C,_08068_,NOR2,0,0,2,2,7,6,25,0.0,1.33,0.5320000000010623,0.0108
b22_C,_08069_,NAND2,0,0,2,3,8,4,19,-5.019815061402255e-07,1.33,0.5320000000010623,0.0108
b22_C,_08070_,NOR2,0,0,2,6,16,3,12,0.0,1.33,0.5320000000010623,0.0108
b22_C,_08071_,XNOR2,0,0,2,3,30,8,18,2.430647291884469e-06,2.66,1.0640000000003056,0.0108
b22_C,_08072_,NOR2,0,0,2,1,28,7,11,-3.203434610332678e-05,1.33,0.5320000000010623,0.0108
b22_C,_08073_,AND2,0,0,2,1,26,10,31,-5.931307794027063e-06,1.33,0.26599999999962165,0.0108
b22_C,_08074_,NOR2,0,0,2,3,25,11,59,1.3870541610838671e-06,1.33,0.5320000000010623,0.0108
b22_C,_08075_,AND2,0,0,2,2,25,11,60,-1.3210039950806163e-08,1.33,0.26599999999962165,0.0108
b22_C,_08076_,NOR2,0,9,2,1,25,12,50,-2.449141347438122e-05,1.33,0.5320000000010623,0.0108
b22_C,_08077_,NOR2,0,0,2,1,24,14,61,0.0,1.33,0.5320000000010623,0.0108
b22_C,_08078_,NAND2,0,0,2,1,23,16,71,-7.133421402460982e-07,1.33,0.5320000000010623,0.0108
b22_C,_08079_,NOR2,0,0,2,1,22,17,80,-1.188903568927202e-07,1.33,0.5320000000010623,0.0108
b22_C,_08080_,NAND2,0,0,2,1,22,18,92,0.0,1.33,0.5320000000010623,0.0108
b22_C,_08081_,AND2,0,0,2,1,21,19,101,-1.3130779392467318e-05,1.33,0.26599999999962165,0.0108
b22_C,_08082_,NOR2,0,0,2,2,21,20,121,-7.926023792848014e-08,1.33,0.5320000000010623,0.0108
b22_C,_08083_,NOR2,0,0,2,2,19,21,132,-1.3210039633282378e-06,1.33,0.5320000000010623,0.0108
b22_C,_08084_,NOR2,0,0,2,7,11,24,228,8.690885072648591e-05,1.33,0.5320000000010623,0.0108
b22_C,_08085_,NOR2,0,9,2,1,18,22,142,-8.256274768858596e-05,1.33,0.5320000000010623,0.0108
b22_C,_08086_,NOR2,0,0,2,2,19,22,151,-1.3210039728761558e-08,1.33,0.5320000000010623,0.0108
b22_C,_08087_,INV,0,0,1,8,11,24,258,0.0,0.798,0.26599999999962165,0.0108
b22_C,_08088_,NOR2,0,0,2,2,17,23,162,0.0,1.33,0.5320000000010623,0.0108
b22_C,_08089_,NAND2,0,0,2,1,16,24,172,0.0,1.33,0.5320000000010623,0.0108
b22_C,_08090_,NOR2,0,0,2,1,16,24,172,0.0,1.33,0.5320000000010623,0.0108
b22_C,_08091_,NOR2,0,0,2,1,10,25,180,0.0,1.33,0.5320000000010623,0.0108
b22_C,_08092_,OR2,0,1,2,2,14,26,182,5.402906208651359e-06,1.33,0.26599999999962165,0.0108
b22_C,_08093_,NOR2,0,0,2,1,15,25,180,-6.924702774124825e-05,1.33,0.5320000000010623,0.0108
b22_C,_08094_,AOI21,0,0,3,1,15,25,180,-1.8494055482598526e-06,1.862,0.7980000000006839,0.0108
b22_C,_08095_,NOR2,0,0,2,3,15,25,219,0.0,1.33,0.5320000000010623,0.0108
b22_C,_08096_,NOR2,0,0,2,3,14,26,228,0.0,1.33,0.5320000000010623,0.0108
b22_C,_08097_,AOI21,0,0,3,3,14,27,239,0.0,1.862,0.7980000000006839,0.0108
b22_C,_08098_,AOI21,0,0,3,2,13,27,229,0.0,1.862,0.7980000000006839,0.0108
b22_C,_08099_,NOR3,0,0,3,1,12,28,223,-7.001321005173367e-07,1.862,0.7980000000006839,0.0108
b22_C,_08100_,NOR2,0,0,2,3,12,28,259,0.0,1.33,0.5320000000010623,0.0108
b22_C,_08101_,NOR3,0,0,3,2,11,29,260,-4.491413474472239e-07,1.862,0.7980000000006839,0.0108
b22_C,_08102_,NOR3,0,0,3,2,12,29,243,0.0,1.862,0.7980000000006839,0.0108
b22_C,_08103_,AOI21,0,0,3,1,11,30,254,-4.1215323647314506e-06,1.862,0.7980000000006839,0.0108
b22_C,_08104_,AND4,0,0,4,6,9,31,400,0.0,1.862,0.26599999999962165,0.0108
b22_C,_08105_,OR2,0,0,2,4,10,31,299,0.0,1.33,0.26599999999962165,0.0108
b22_C,_08106_,NOR2,0,0,2,2,11,30,266,0.0,1.33,0.5320000000010623,0.0108
b22_C,_08107_,NOR3,0,1,3,2,10,31,280,1.4927344782034169e-05,1.862,0.7980000000006839,0.0108
b22_C,_08108_,NAND3,0,0,3,1,9,32,290,0.0,1.862,0.7980000000006839,0.0108
b22_C,_08109_,AND2,0,0,2,2,9,32,300,0.0,1.33,0.26599999999962165,0.0108
b22_C,_08110_,AOI21,0,0,3,1,9,32,290,0.0,1.862,0.7980000000006839,0.0108
b22_C,_08111_,OAI21,0,0,3,3,10,31,289,1.241743725177713e-06,1.862,0.7980000000006839,0.0108
b22_C,_08112_,OAI21,0,0,3,1,10,31,267,-4.451783355507999e-06,1.862,0.7980000000006839,0.0108
b22_C,_08113_,AOI221,0,1,5,2,11,30,266,-0.00010014531043611719,2.926,1.3300000000017462,0.0108
b22_C,_08115_,OAI21,0,0,3,2,12,29,243,0.0,1.862,0.7980000000006839,0.0108
b22_C,_08116_,AOI211,0,1,4,2,13,28,233,-4.795244385791264e-06,2.394,1.0640000000003056,0.0108
b22_C,_08118_,NAND3,0,0,3,1,14,27,204,0.0,1.862,0.7980000000006839,0.0108
b22_C,_08119_,AOI211,0,0,4,2,15,26,203,-3.285336856029275e-05,2.394,1.0640000000003056,0.0108
b22_C,_08120_,AOI21,0,0,3,2,14,26,220,0.0,1.862,0.7980000000006839,0.0108
b22_C,_08121_,NOR3,0,0,3,2,16,25,192,0.0,1.862,0.7980000000006839,0.0108
b22_C,_08123_,OAI21,0,0,3,3,18,23,171,0.0,1.862,0.7980000000006839,0.0108
b22_C,_08124_,NAND2,0,0,2,2,17,23,162,0.0,1.33,0.5320000000010623,0.0108
b22_C,_08125_,AOI221,0,0,5,2,19,22,151,-1.3210039728761558e-08,2.926,1.3300000000017462,0.0108
b22_C,_08127_,NAND2,0,0,2,2,19,21,132,-1.4266842802701518e-06,1.33,0.5320000000010623,0.0108
b22_C,_08128_,AOI221,0,9,5,2,21,20,121,-9.48612945841365e-05,2.926,1.3300000000017462,0.0108
b22_C,_08129_,INV,0,0,1,4,15,21,161,0.0,0.798,0.26599999999962165,0.0108
b22_C,_08130_,AND2,0,0,2,1,20,20,111,-2.0713342140155078e-05,1.33,0.26599999999962165,0.0108
b22_C,_08132_,OR2,0,0,2,1,21,19,101,-1.3143989431974035e-05,1.33,0.26599999999962165,0.0108
b22_C,_08133_,AOI21,0,9,3,2,23,18,100,-3.474240422751684e-05,1.862,0.7980000000006839,0.0108
b22_C,_08134_,NOR2,0,0,2,1,22,18,92,0.0,1.33,0.5320000000010623,0.0108
b22_C,_08135_,OAI21,0,9,3,2,24,17,91,8.120211360629348e-05,1.862,0.7980000000006839,0.0108
b22_C,_08136_,NAND2,0,0,2,1,22,17,80,-1.188903568927202e-07,1.33,0.5320000000010623,0.0108
b22_C,_08137_,AOI21,0,9,3,2,25,16,79,-3.392338177032883e-05,1.862,0.7980000000006839,0.0108
b22_C,_08138_,NOR2,0,0,2,1,23,16,71,-7.793923382237722e-07,1.33,0.5320000000010623,0.0108
b22_C,_08139_,OAI21,0,9,3,2,26,15,70,9.589167767476425e-05,1.862,0.7980000000006839,0.0108
b22_C,_08140_,AOI21,0,9,3,1,27,14,61,-9.330250990768896e-05,1.862,0.7980000000006839,0.0108
b22_C,_08141_,OR2,0,9,2,2,28,13,60,7.029062087160476e-05,1.33,0.26599999999962165,0.0108
b22_C,_08142_,AOI21,0,6,3,1,29,12,50,-0.00012195508586554382,1.862,0.7980000000006839,0.0108
b22_C,_08143_,NOR2,0,15,2,2,30,11,49,2.807133421378616e-05,1.33,0.5320000000010623,0.0108
b22_C,_08144_,NOR2,0,12,2,2,31,10,41,-5.7912813738569824e-05,1.33,0.5320000000010623,0.0108
b22_C,_08146_,AOI21,0,6,3,1,33,8,21,-0.0001272787318362667,1.862,0.7980000000006839,0.0108
b22_C,_08147_,AOI21,0,6,3,2,34,7,20,4.33553500660544e-05,1.862,0.7980000000006839,0.0108
b22_C,_08148_,NAND2,0,0,2,1,28,7,11,-3.379128137415144e-05,1.33,0.5320000000010623,0.0108
b22_C,_08149_,AOI21,0,3,3,1,35,6,10,-5.5482166446685355e-05,1.862,0.7980000000006839,0.0108
b22_C,_08150_,XNOR2,0,3,2,3,36,5,9,-3.1704095126983134e-07,2.66,1.0640000000003056,0.0108
b22_C,_08151_,BUF,0,0,1,10,15,3,20,-3.1307793924018057e-06,1.064,0.26599999999962165,0.0108
b22_C,_08152_,XOR2,0,0,2,2,7,9,207,0.0,2.394,0.7980000000006839,0.0108
b22_C,_08153_,AND2,0,0,2,1,8,6,67,0.0,1.33,0.26599999999962165,0.0108
b22_C,_08154_,BUF,0,0,1,10,9,5,66,1.188903566706756e-07,1.064,0.26599999999962165,0.0108
b22_C,_08155_,NAND2,0,0,2,1,10,12,25,-3.963011896424007e-08,1.33,0.5320000000010623,0.0108
b22_C,_08156_,AOI22,0,0,4,1,10,12,25,0.0,2.394,1.0640000000003056,0.0108
b22_C,_08157_,NAND2,0,0,2,6,11,11,24,0.0,1.33,0.5320000000010623,0.0108
b22_C,_08158_,NAND2,0,1,2,7,19,11,45,1.645970937902419e-05,1.33,0.5320000000010623,0.0108
b22_C,_08159_,NOR2,0,0,2,8,8,5,53,2.93262879780265e-06,1.33,0.5320000000010623,0.0108
b22_C,_08160_,AOI222,0,3,6,1,37,4,6,6.737120210598135e-07,3.724,1.5960000000013679,0.0108
b22_C,_08161_,NOR2,0,0,2,1,29,6,8,-1.9379128137542168e-05,1.33,0.5320000000010623,0.0108
b22_C,_08162_,NAND2,0,0,2,1,28,7,17,-1.5878467635621618e-05,1.33,0.5320000000010623,0.0108
b22_C,_08163_,NAND2,0,0,2,1,26,8,26,-2.5614266842888256e-05,1.33,0.5320000000010623,0.0108
b22_C,_08164_,INV,0,0,1,2,24,15,60,-1.116248348753679e-05,0.798,0.26599999999962165,0.0108
b22_C,_08165_,NAND2,0,0,2,5,25,14,58,-1.3210039950806163e-08,1.33,0.5320000000010623,0.0108
b22_C,_08166_,NOR2,0,0,2,1,26,9,35,-1.8494055487039418e-07,1.33,0.5320000000010623,0.0108
b22_C,_08167_,NAND2,0,0,2,1,25,10,42,-6.203434610307923e-05,1.33,0.5320000000010623,0.0108
b22_C,_08168_,NAND2,0,0,2,3,25,11,51,-7.926023792848014e-08,1.33,0.5320000000010623,0.0108
b22_C,_08169_,NAND2,0,0,2,2,23,12,60,-7.133421402460982e-07,1.33,0.5320000000010623,0.0108
b22_C,_08170_,NOR2,0,0,2,1,22,13,68,-1.3210039662148176e-07,1.33,0.5320000000010623,0.0108
b22_C,_08171_,NAND3,0,0,3,1,21,14,76,-5.244385733460533e-06,1.862,0.7980000000006839,0.0108
b22_C,_08172_,NOR2,0,0,2,1,22,15,86,-1.676354029056526e-05,1.33,0.5320000000010623,0.0108
b22_C,_08173_,NAND2,0,0,2,1,21,16,95,-3.850726552179218e-05,1.33,0.5320000000010623,0.0108
b22_C,_08174_,NAND2,0,0,2,1,21,17,105,-7.926023792848014e-08,1.33,0.5320000000010623,0.0108
b22_C,_08175_,NOR2,0,0,2,1,19,18,113,0.0,1.33,0.5320000000010623,0.0108
b22_C,_08176_,MUX2,0,0,3,3,17,23,178,-3.1704095112550235e-05,2.394,0.5320000000010623,0.0108
b22_C,_08177_,NAND2,0,0,2,1,18,20,122,-1.3210039728761558e-08,1.33,0.5320000000010623,0.0108
b22_C,_08178_,NAND2,0,0,2,1,17,21,140,-1.188903568927202e-07,1.33,0.5320000000010623,0.0108
b22_C,_08179_,NOR2,0,0,2,1,16,22,148,0.0,1.33,0.5320000000010623,0.0108
b22_C,_08180_,NOR2,0,0,2,1,15,25,164,0.0,1.33,0.5320000000010623,0.0108
b22_C,_08181_,NOR2,0,0,2,2,14,26,174,0.0,1.33,0.5320000000010623,0.0108
b22_C,_08182_,AOI21,0,0,3,1,14,27,182,0.0,1.862,0.7980000000006839,0.0108
b22_C,_08183_,NOR2,0,0,2,2,14,27,191,-7.001321005173367e-07,1.33,0.5320000000010623,0.0108
b22_C,_08184_,NAND2,0,0,2,2,12,28,201,0.0,1.33,0.5320000000010623,0.0108
b22_C,_08185_,NAND3,0,0,3,1,12,29,202,0.0,1.862,0.7980000000006839,0.0108
b22_C,_08186_,AOI21,0,0,3,3,12,29,240,0.0,1.862,0.7980000000006839,0.0108
b22_C,_08187_,NOR2,0,0,2,3,11,30,259,-1.083223249764842e-06,1.33,0.5320000000010623,0.0108
b22_C,_08188_,AOI21,0,0,3,2,10,31,239,0.0,1.862,0.7980000000006839,0.0108
b22_C,_08189_,AOI21,0,0,3,2,11,31,260,-1.3474240423416717e-06,1.862,0.7980000000006839,0.0108
b22_C,_08190_,NOR3,0,45,3,1,10,32,249,-0.0009199339498020542,1.862,0.7980000000006839,0.0108
b22_C,_08191_,OAI21,0,0,3,1,10,32,249,-0.0010548348745047509,1.862,0.7980000000006839,0.0108
b22_C,_08192_,AOI21,0,45,3,3,11,31,248,0.0007454425363275785,1.862,0.7980000000006839,0.0108
b22_C,_08193_,NAND3,0,0,3,2,10,31,239,0.0,1.862,0.7980000000006839,0.0108
b22_C,_08194_,AOI211,0,45,4,2,12,30,229,-0.00015804491413495825,2.394,1.0640000000003056,0.0108
b22_C,_08195_,NOR3,0,0,3,1,11,30,221,-4.359313078072802e-06,1.862,0.7980000000006839,0.0108
b22_C,_08197_,OAI221,0,45,5,2,14,28,201,-0.0005993791281375671,2.926,1.3300000000017462,0.0108
b22_C,_08198_,OR3,0,0,3,1,12,28,192,0.0,1.596,0.26599999999962165,0.0108
b22_C,_08199_,AND3,0,45,3,2,15,27,191,0.00010387054161165032,1.596,0.26599999999962165,0.0108
b22_C,_08201_,NAND2,0,0,2,2,14,26,174,0.0,1.33,0.5320000000010623,0.0108
b22_C,_08202_,AOI221,0,39,5,1,17,25,164,-0.0007449669749011179,2.926,1.3300000000017462,0.0108
b22_C,_08203_,OR2,0,39,2,2,18,24,163,0.0002158784676351555,1.33,0.26599999999962165,0.0108
b22_C,_08204_,AOI21,0,36,3,1,19,23,155,9.56142668426807e-05,1.862,0.7980000000006839,0.0108
b22_C,_08205_,AOI21,0,36,3,2,20,22,154,-0.00024846763540309347,1.862,0.7980000000006839,0.0108
b22_C,_08206_,NAND2,0,0,2,1,16,22,148,0.0,1.33,0.5320000000010623,0.0108
b22_C,_08207_,AOI21,0,33,3,2,21,21,147,0.000411809775429095,1.862,0.7980000000006839,0.0108
b22_C,_08208_,NOR2,0,0,2,1,17,21,140,-1.0568031694191404e-07,1.33,0.5320000000010623,0.0108
b22_C,_08209_,OAI21,0,30,3,3,22,20,139,-6.680317040963502e-05,1.862,0.7980000000006839,0.0108
b22_C,_08210_,NOR2,0,0,2,3,18,20,155,2.642007923547851e-08,1.33,0.5320000000010623,0.0108
b22_C,_08211_,OAI221,0,24,5,1,23,19,121,-0.00016557463672417505,2.926,1.3300000000017462,0.0108
b22_C,_08212_,OAI21,0,24,3,2,24,18,120,-0.00011462351387070413,1.862,0.7980000000006839,0.0108
b22_C,_08213_,NAND2,0,0,2,1,19,18,113,-1.8494055487039418e-07,1.33,0.5320000000010623,0.0108
b22_C,_08214_,AOI21,0,21,3,2,25,17,112,0.00019022457067352505,1.862,0.7980000000006839,0.0108
b22_C,_08215_,NOR2,0,0,2,1,21,17,105,-7.926023792848014e-08,1.33,0.5320000000010623,0.0108
b22_C,_08216_,OAI21,0,18,3,2,26,16,104,-9.475561426697254e-05,1.862,0.7980000000006839,0.0108
b22_C,_08217_,NOR2,0,0,2,1,21,16,95,-3.775429326302593e-05,1.33,0.5320000000010623,0.0108
b22_C,_08218_,OAI21,0,15,3,2,27,15,94,0.0001340422721265444,1.862,0.7980000000006839,0.0108
b22_C,_08219_,NAND2,0,0,2,1,22,15,86,-1.820343461034213e-05,1.33,0.5320000000010623,0.0108
b22_C,_08220_,AOI21,0,12,3,2,28,14,85,-8.404227212688298e-05,1.862,0.7980000000006839,0.0108
b22_C,_08221_,AOI21,0,0,3,2,21,14,98,-3.949801849589818e-06,1.862,0.7980000000006839,0.0108
b22_C,_08222_,OAI21,0,9,3,2,29,13,75,9.297225891669036e-05,1.862,0.7980000000006839,0.0108
b22_C,_08223_,NAND2,0,0,2,1,22,13,68,-1.5852047563491567e-07,1.33,0.5320000000010623,0.0108
b22_C,_08224_,AOI21,0,6,3,3,30,12,67,-4.701453104383191e-05,1.862,0.7980000000006839,0.0108
b22_C,_08225_,NOR2,0,0,2,2,23,12,60,-7.793923382237722e-07,1.33,0.5320000000010623,0.0108
b22_C,_08226_,OAI221,0,0,5,3,31,11,51,-3.961690885101454e-05,2.926,1.3300000000017462,0.0108
b22_C,_08227_,NAND2,0,0,2,1,32,10,42,-2.6420079457523116e-08,1.33,0.5320000000010623,0.0108
b22_C,_08228_,NOR2,0,0,2,1,25,10,42,-5.910171730527658e-05,1.33,0.5320000000010623,0.0108
b22_C,_08229_,OAI21,0,0,3,2,33,9,41,0.0,1.862,0.7980000000006839,0.0108
b22_C,_08230_,NAND2,0,0,2,1,26,9,35,-1.8494055487039418e-07,1.33,0.5320000000010623,0.0108
b22_C,_08231_,AOI21,0,0,3,2,34,8,34,0.0,1.862,0.7980000000006839,0.0108
b22_C,_08232_,NOR2,0,0,2,1,26,8,26,-2.4649933950016134e-05,1.33,0.5320000000010623,0.0108
b22_C,_08233_,OAI21,0,0,3,3,35,7,25,0.0,1.862,0.7980000000006839,0.0108
b22_C,_08234_,NOR2,0,0,2,1,28,7,17,-1.3857331572220133e-05,1.33,0.5320000000010623,0.0108
b22_C,_08235_,OAI21,0,0,3,2,36,6,16,0.0,1.862,0.7980000000006839,0.0108
b22_C,_08236_,NAND2,0,0,2,1,29,6,8,-1.973579920777624e-05,1.33,0.5320000000010623,0.0108
b22_C,_08237_,AOI21,0,0,3,1,37,5,7,0.0,1.862,0.7980000000006839,0.0108
b22_C,_08238_,XNOR2,0,0,2,1,38,4,6,-3.1704095113660458e-06,2.66,1.0640000000003056,0.0108
b22_C,_08239_,NOR2,0,0,2,1,7,8,103,0.0,1.33,0.5320000000010623,0.0108
b22_C,_08240_,AOI21,0,0,3,6,8,7,102,2.3249669747205104e-06,1.862,0.7980000000006839,0.0108
b22_C,_08241_,BUF,0,0,1,10,9,6,63,1.8916776750144138e-05,1.064,0.26599999999962165,0.0108
b22_C,_08242_,OAI21,0,3,3,2,39,3,5,-4.0805812417499254e-05,1.862,0.7980000000006839,0.0108
b22_C,_08243_,AOI221,0,1,5,1,40,2,1,-2.762219286656098e-05,2.926,1.3300000000017462,0.0108
b22_C,_08244_,INV,0,1,1,0,41,1,0,-1.2774108322455291e-05,0.798,0.26599999999962165,0.0108
b22_C,_08245_,BUF,0,0,1,10,14,6,29,-5.482166446579839e-06,1.064,0.26599999999962165,0.0108
b22_C,_08246_,NOR2,0,0,2,1,18,5,4,-5.284015852202728e-06,1.33,0.5320000000010623,0.0108
b22_C,_08247_,BUF,0,3,1,10,16,5,31,3.655217965659041e-05,1.064,0.26599999999962165,0.0108
b22_C,_08248_,AOI21,0,0,3,1,19,4,3,-8.520475561546448e-06,1.862,0.7980000000006839,0.0108
b22_C,_08249_,XNOR2,0,0,2,2,32,4,7,-3.13870541612804e-05,2.66,1.0640000000003056,0.0108
b22_C,_08250_,OAI221,0,0,5,1,33,3,2,-2.701453104392293e-05,2.926,1.3300000000017462,0.0108
b22_C,_08251_,XNOR2,0,0,2,3,28,9,18,-4.9775429326492926e-05,2.66,1.0640000000003056,0.0108
b22_C,_08252_,XOR2,0,3,2,3,35,5,8,-6.648612945858723e-05,2.394,0.7980000000006839,0.0108
b22_C,_08253_,AOI21,0,0,3,1,36,2,1,-2.4002642007969754e-05,1.862,0.7980000000006839,0.0108
b22_C,_08254_,OAI22,0,0,4,6,7,6,99,-2.6420079457523116e-08,2.394,1.0640000000003056,0.0108
b22_C,_08255_,BUF,0,0,1,10,8,5,64,7.926023770643553e-08,1.064,0.26599999999962165,0.0108
b22_C,_08256_,XNOR2,0,0,2,1,37,5,7,-1.0568031716395865e-07,2.66,1.0640000000003056,0.0108
b22_C,_08257_,AOI22,0,3,4,1,38,4,6,-9.48480845441857e-06,2.394,1.0640000000003056,0.0108
b22_C,_08258_,NAND2,0,0,2,3,8,7,141,-0.00033052840158531716,1.33,0.5320000000010623,0.0108
b22_C,_08259_,CLKBUF,0,0,1,10,9,6,125,4.821664464804698e-06,1.064,0.26599999999962165,0.0108
b22_C,_08260_,CLKBUF,0,0,1,10,10,5,60,1.4663143989235294e-05,1.064,0.26599999999962165,0.0108
b22_C,_08261_,OAI21,0,3,3,2,39,3,5,-1.6657859973623346e-05,1.862,0.7980000000006839,0.0108
b22_C,_08262_,NOR2,0,0,2,5,7,7,129,-0.0003809775429328699,1.33,0.5320000000010623,0.0108
b22_C,_08263_,CLKBUF,0,0,1,10,8,5,44,1.5323645967679766e-06,1.064,0.26599999999962165,0.0108
b22_C,_08264_,AOI21,0,1,3,1,40,2,1,-1.4385733157373792e-05,1.862,0.7980000000006839,0.0108
b22_C,_08265_,CLKBUF,0,0,1,10,17,2,10,-5.178335535038769e-06,1.064,0.26599999999962165,0.0108
b22_C,_08266_,OAI21,0,1,3,0,41,1,0,-5.81241743846661e-07,1.862,0.7980000000006839,0.0108
b22_C,_08267_,XNOR2,0,0,2,4,27,9,18,-2.1003963013299654e-06,2.66,1.0640000000003056,0.0108
b22_C,_08268_,AOI21,0,0,3,1,36,5,7,-2.364597093906795e-06,1.862,0.7980000000006839,0.0108
b22_C,_08269_,OAI21,0,0,3,1,37,4,6,0.0,1.862,0.7980000000006839,0.0108
b22_C,_08270_,XNOR2,0,3,2,3,33,4,7,-0.00014068692206081757,2.66,1.0640000000003056,0.0108
b22_C,_08271_,NAND2,0,0,2,2,8,8,138,0.0,1.33,0.5320000000010623,0.0108
b22_C,_08272_,BUF,0,0,1,10,9,7,129,0.0,1.064,0.26599999999962165,0.0108
b22_C,_08273_,BUF,0,0,1,10,10,6,62,0.0,1.064,0.26599999999962165,0.0108
b22_C,_08274_,OAI221,0,3,5,2,38,3,5,-1.9643328930118997e-05,2.926,1.3300000000017462,0.0108
b22_C,_08275_,NAND2,0,1,2,1,39,2,1,-2.1730515191498156e-05,1.33,0.5320000000010623,0.0108
b22_C,_08276_,CLKBUF,0,0,1,10,13,5,25,-3.5402906208847895e-06,1.064,0.26599999999962165,0.0108
b22_C,_08277_,CLKBUF,0,0,1,10,9,6,70,2.642007923547851e-08,1.064,0.26599999999962165,0.0108
b22_C,_08278_,NOR2,0,0,2,2,16,5,7,-3.963011896424007e-08,1.33,0.5320000000010623,0.0108
b22_C,_08279_,AOI22,0,0,4,1,20,4,3,-5.548216644779558e-06,2.394,1.0640000000003056,0.0108
b22_C,_08280_,NAND2,0,0,2,1,31,5,8,0.0,1.33,0.5320000000010623,0.0108
b22_C,_08281_,XNOR2,0,0,2,2,32,4,7,0.0,2.66,1.0640000000003056,0.0108
b22_C,_08282_,OAI221,0,0,5,1,33,3,2,-7.92602377819307e-06,2.926,1.3300000000017462,0.0108
b22_C,_08283_,AOI21,0,0,3,1,34,2,1,-1.1611624834984013e-05,1.862,0.7980000000006839,0.0108
b22_C,_08284_,NOR2,0,0,2,5,7,33,147,-3.672391017062182e-06,1.33,0.5320000000010623,0.0108
b22_C,_08285_,NAND2,0,0,2,10,15,4,33,-5.693527080685712e-06,1.33,0.5320000000010623,0.0108
b22_C,_08286_,BUF,0,0,1,10,16,2,10,0.0,1.064,0.26599999999962165,0.0108
b22_C,_08287_,OAI211,0,1,4,0,40,1,0,-2.6737120211395293e-05,2.394,1.0640000000003056,0.0108
b22_C,_08288_,XNOR2,0,1,2,3,26,10,19,-2.535006605053347e-05,2.66,1.0640000000003056,0.0108
b22_C,_08289_,XOR2,0,0,2,1,35,5,7,-9.696169088524442e-06,2.394,0.7980000000006839,0.0108
b22_C,_08290_,NOR2,0,3,2,1,32,6,9,-6.785997358016438e-05,1.33,0.5320000000010623,0.0108
b22_C,_08291_,XNOR2,0,3,2,3,33,5,8,3.240422721262348e-05,2.66,1.0640000000003056,0.0108
b22_C,_08292_,OAI22,0,3,4,1,36,4,6,-3.2166446499504175e-05,2.394,1.0640000000003056,0.0108
b22_C,_08293_,AOI21,0,3,3,2,37,3,5,2.186261558767555e-05,1.862,0.7980000000006839,0.0108
b22_C,_08294_,OAI22,0,1,4,1,38,2,1,-6.166446499356049e-05,2.394,1.0640000000003056,0.0108
b22_C,_08295_,NAND2,0,0,2,1,17,3,2,-1.5548216644623025e-05,1.33,0.5320000000010623,0.0108
b22_C,_08296_,XNOR2,0,0,2,2,31,5,9,0.0,2.66,1.0640000000003056,0.0108
b22_C,_08297_,OAI22,0,0,4,1,32,4,3,0.0,2.394,1.0640000000003056,0.0108
b22_C,_08298_,AOI21,0,0,3,1,33,3,2,0.0,1.862,0.7980000000006839,0.0108
b22_C,_08299_,OAI211,0,0,4,1,34,2,1,-4.079260237799254e-05,2.394,1.0640000000003056,0.0108
b22_C,_08300_,OR2,0,1,2,0,39,1,0,2.3117569352137934e-06,1.33,0.26599999999962165,0.0108
b22_C,_08301_,NOR3,0,0,3,1,20,5,4,-3.9141347424109796e-05,1.862,0.7980000000006839,0.0108
b22_C,_08302_,AOI221,0,0,5,1,21,4,3,-8.480845442804252e-06,2.926,1.3300000000017462,0.0108
b22_C,_08303_,XNOR2,0,0,2,2,30,5,8,0.0,2.66,1.0640000000003056,0.0108
b22_C,_08304_,OAI221,0,0,5,1,31,3,2,-1.3210039728761558e-08,2.926,1.3300000000017462,0.0108
b22_C,_08305_,INV,0,0,1,1,32,2,1,0.0,0.798,0.26599999999962165,0.0108
b22_C,_08306_,NOR2,0,0,2,3,26,10,17,-2.1003963013299654e-06,1.33,0.5320000000010623,0.0108
b22_C,_08307_,XNOR2,0,3,2,3,31,5,6,-0.00011154557463677328,2.66,1.0640000000003056,0.0108
b22_C,_08308_,OAI22,0,3,4,1,32,4,5,-3.5138705416271065e-05,2.394,1.0640000000003056,0.0108
b22_C,_08309_,XOR2,0,0,2,1,34,4,5,0.0,2.394,0.7980000000006839,0.0108
b22_C,_08310_,AOI21,0,3,3,2,35,3,4,2.434610303825302e-05,1.862,0.7980000000006839,0.0108
b22_C,_08311_,OAI221,0,1,5,0,36,1,0,-8.587846763541407e-05,2.926,1.3300000000017462,0.0108
b22_C,_08312_,NAND2,0,0,2,2,19,6,8,-1.9815059459915574e-07,1.33,0.5320000000010623,0.0108
b22_C,_08313_,OAI22,0,0,4,1,20,5,4,-3.782034346122565e-05,2.394,1.0640000000003056,0.0108
b22_C,_08314_,AOI221,0,0,5,1,25,4,3,-5.833553500678157e-05,2.926,1.3300000000017462,0.0108
b22_C,_08315_,INV,0,0,1,1,26,3,2,0.0,0.798,0.26599999999962165,0.0108
b22_C,_08316_,XOR2,0,0,2,2,29,4,6,-7.072655217976731e-05,2.394,0.7980000000006839,0.0108
b22_C,_08317_,NOR2,0,0,2,2,15,5,25,-3.340819022468189e-05,1.33,0.5320000000010623,0.0108
b22_C,_08318_,CLKBUF,0,0,1,10,16,3,20,0.0,1.064,0.26599999999962165,0.0108
b22_C,_08319_,AOI21,0,0,3,1,30,2,1,0.0,1.862,0.7980000000006839,0.0108
b22_C,_08320_,XNOR2,0,0,2,4,24,12,23,-0.00021959048877184806,2.66,1.0640000000003056,0.0108
b22_C,_08321_,XNOR2,0,3,2,3,29,5,8,1.453104359061541e-07,2.66,1.0640000000003056,0.0108
b22_C,_08322_,AND3,0,0,3,1,32,5,6,-1.3210039950806163e-08,1.596,0.26599999999962165,0.0108
b22_C,_08323_,AOI21,0,0,3,1,32,5,6,-2.5099075329215736e-07,1.862,0.7980000000006839,0.0108
b22_C,_08324_,NOR3,0,0,3,1,33,4,5,-5.350066050402447e-06,1.862,0.7980000000006839,0.0108
b22_C,_08325_,OAI22,0,1,4,1,30,4,5,-3.795244385740304e-05,2.394,1.0640000000003056,0.0108
b22_C,_08326_,NOR2,0,1,2,2,34,3,4,-7.0013210040631435e-06,1.33,0.5320000000010623,0.0108
b22_C,_08327_,OAI221,0,1,5,0,35,1,0,-5.6552179656721435e-05,2.926,1.3300000000017462,0.0108
b22_C,_08328_,NOR2,0,0,2,1,15,5,4,-1.1994715984231519e-05,1.33,0.5320000000010623,0.0108
b22_C,_08329_,AOI21,0,0,3,1,17,4,3,-8.520475561546448e-06,1.862,0.7980000000006839,0.0108
b22_C,_08330_,XNOR2,0,0,2,2,28,5,8,-7.926023792848014e-08,2.66,1.0640000000003056,0.0108
b22_C,_08331_,OAI221,0,0,5,1,29,3,2,-7.926023792848014e-08,2.926,1.3300000000017462,0.0108
b22_C,_08332_,XNOR2,0,0,2,3,25,11,20,3.302509905545037e-07,2.66,1.0640000000003056,0.0108
b22_C,_08333_,XOR2,0,0,2,3,27,4,7,-0.00016992073976229705,2.394,0.7980000000006839,0.0108
b22_C,_08334_,AOI21,0,0,3,1,30,2,1,0.0,1.862,0.7980000000006839,0.0108
b22_C,_08335_,OAI21,0,3,3,1,31,6,7,-5.799207397627626e-06,1.862,0.7980000000006839,0.0108
b22_C,_08336_,XOR2,0,3,2,1,32,5,6,-3.420079260241238e-05,2.394,0.7980000000006839,0.0108
b22_C,_08337_,OAI22,0,3,4,1,33,4,5,-3.228533685617485e-05,2.394,1.0640000000003056,0.0108
b22_C,_08338_,BUF,0,0,1,10,8,5,58,0.0,1.064,0.26599999999962165,0.0108
b22_C,_08339_,AOI221,0,3,5,2,34,3,4,3.3328929986531364e-05,2.926,1.3300000000017462,0.0108
b22_C,_08340_,OAI21,0,1,3,0,35,1,0,-4.533685601071369e-05,1.862,0.7980000000006839,0.0108
b22_C,_08341_,XNOR2,0,0,2,3,23,12,20,-4.887714666335086e-07,2.66,1.0640000000003056,0.0108
b22_C,_08342_,XNOR2,0,0,2,3,26,5,7,-9.070013210044081e-05,2.66,1.0640000000003056,0.0108
b22_C,_08343_,OR2,0,0,2,1,27,2,1,-5.28401585375704e-07,1.33,0.26599999999962165,0.0108
b22_C,_08344_,NAND2,0,0,2,1,16,4,3,0.0,1.33,0.5320000000010623,0.0108
b22_C,_08345_,NAND2,0,0,2,2,17,5,8,-1.3210039728761558e-08,1.33,0.5320000000010623,0.0108
b22_C,_08346_,OAI221,0,0,5,1,18,3,2,-1.550858652588083e-05,2.926,1.3300000000017462,0.0108
b22_C,_08347_,XNOR2,0,0,2,2,27,4,6,0.0,2.66,1.0640000000003056,0.0108
b22_C,_08348_,AOI221,0,0,5,1,28,2,1,-6.8956406871212295e-06,2.926,1.3300000000017462,0.0108
b22_C,_08349_,XOR2,0,3,2,1,31,5,6,-3.766182298559073e-05,2.394,0.7980000000006839,0.0108
b22_C,_08350_,OAI22,0,3,4,1,32,4,5,-3.0052840158667493e-05,2.394,1.0640000000003056,0.0108
b22_C,_08351_,AOI21,0,3,3,2,33,3,4,9.220607661619695e-06,1.862,0.7980000000006839,0.0108
b22_C,_08352_,OAI211,0,1,4,0,34,1,0,-2.939233817733644e-05,2.394,1.0640000000003056,0.0108
b22_C,_08353_,NOR2,0,0,2,2,17,5,7,-8.190224571880123e-07,1.33,0.5320000000010623,0.0108
b22_C,_08354_,XNOR2,0,0,2,3,22,12,23,2.377807133413512e-07,2.66,1.0640000000003056,0.0108
b22_C,_08355_,XNOR2,0,0,2,3,25,5,10,-0.00014697490092485666,2.66,1.0640000000003056,0.0108
b22_C,_08356_,AOI22,0,0,4,1,26,4,6,-2.153236460022967e-06,2.394,1.0640000000003056,0.0108
b22_C,_08357_,XNOR2,0,3,2,1,30,4,6,-0.00012476882430645375,2.66,1.0640000000003056,0.0108
b22_C,_08358_,OAI21,0,3,3,2,31,3,5,-8.256274768969618e-06,1.862,0.7980000000006839,0.0108
b22_C,_08359_,OAI21,0,1,3,1,32,2,1,-1.417437252326792e-05,1.862,0.7980000000006839,0.0108
b22_C,_08360_,NOR2,0,0,2,1,14,5,4,-1.1994715984231519e-05,1.33,0.5320000000010623,0.0108
b22_C,_08361_,AOI221,0,0,5,1,22,4,3,-3.070013210049183e-05,2.926,1.3300000000017462,0.0108
b22_C,_08362_,XNOR2,0,0,2,2,25,4,7,0.0,2.66,1.0640000000003056,0.0108
b22_C,_08363_,OAI21,0,0,3,1,26,3,2,-1.3210039728761558e-08,1.862,0.7980000000006839,0.0108
b22_C,_08364_,AOI21,0,0,3,1,27,2,1,0.0,1.862,0.7980000000006839,0.0108
b22_C,_08365_,NAND2,0,1,2,0,33,1,0,-8.520475561546448e-06,1.33,0.5320000000010623,0.0108
b22_C,_08366_,NOR2,0,0,2,1,22,3,2,0.0,1.33,0.5320000000010623,0.0108
b22_C,_08367_,AOI221,0,0,5,1,23,2,1,-9.841479524430596e-06,2.926,1.3300000000017462,0.0108
b22_C,_08368_,AOI21,0,0,3,1,24,5,6,-1.3408190224550864e-05,1.862,0.7980000000006839,0.0108
b22_C,_08369_,OR2,0,0,2,2,26,4,5,0.0,1.33,0.26599999999962165,0.0108
b22_C,_08370_,NOR2,0,0,2,1,22,13,22,-9.907529723296449e-07,1.33,0.5320000000010623,0.0108
b22_C,_08371_,OR2,0,0,2,3,23,12,21,-2.6420079457523116e-08,1.33,0.26599999999962165,0.0108
b22_C,_08372_,XOR2,0,3,2,1,29,6,8,-8.199471598424601e-05,2.394,0.7980000000006839,0.0108
b22_C,_08373_,OAI22,0,3,4,1,30,5,7,-2.9841479524339576e-05,2.394,1.0640000000003056,0.0108
b22_C,_08374_,XOR2,0,0,2,3,24,5,7,-0.00012003963011908425,2.394,0.7980000000006839,0.0108
b22_C,_08375_,AOI21,0,3,3,1,31,4,6,5.019815059403854e-06,1.862,0.7980000000006839,0.0108
b22_C,_08376_,INV,0,3,1,2,32,3,5,-1.928665786010697e-05,0.798,0.26599999999962165,0.0108
b22_C,_08377_,AOI221,0,1,5,1,33,2,1,-5.548216644779558e-06,2.926,1.3300000000017462,0.0108
b22_C,_08378_,OAI221,0,1,5,0,34,1,0,-1.817701453110665e-05,2.926,1.3300000000017462,0.0108
b22_C,_08379_,NOR2,0,0,2,1,22,5,4,-1.4900924703020735e-05,1.33,0.5320000000010623,0.0108
b22_C,_08380_,AOI221,0,0,5,1,23,4,3,-8.480845442804252e-06,2.926,1.3300000000017462,0.0108
b22_C,_08381_,XNOR2,0,0,2,3,22,12,22,-8.295904887711814e-06,2.66,1.0640000000003056,0.0108
b22_C,_08382_,XOR2,0,0,2,3,23,4,8,-0.0002899603698813813,2.394,0.7980000000006839,0.0108
b22_C,_08383_,XNOR2,0,0,2,2,24,4,7,-1.795244385749406e-05,2.66,1.0640000000003056,0.0108
b22_C,_08384_,OAI221,0,0,5,1,25,3,2,-1.3210039728761558e-08,2.926,1.3300000000017462,0.0108
b22_C,_08385_,XOR2,0,3,2,1,28,5,7,-0.00026330250990769244,2.394,0.7980000000006839,0.0108
b22_C,_08386_,AOI22,0,3,4,1,29,4,6,-1.0739762219547089e-05,2.394,1.0640000000003056,0.0108
b22_C,_08387_,OAI221,0,3,5,2,30,3,5,-3.5138705416271065e-05,2.926,1.3300000000017462,0.0108
b22_C,_08388_,AOI21,0,1,3,1,31,2,1,-1.5310435931281674e-05,1.862,0.7980000000006839,0.0108
b22_C,_08389_,INV,0,1,1,0,32,1,0,-8.573315720017405e-06,0.798,0.26599999999962165,0.0108
b22_C,_08390_,NAND2,0,0,2,1,18,2,1,-1.4861294584056495e-05,1.33,0.5320000000010623,0.0108
b22_C,_08391_,XOR2,0,0,2,2,23,4,6,-4.856010568055069e-05,2.394,0.7980000000006839,0.0108
b22_C,_08392_,AOI222,0,0,6,1,24,2,1,-3.788639365920332e-05,3.724,1.5960000000013679,0.0108
b22_C,_08393_,XNOR2,0,0,2,3,21,13,23,-4.8441215323880016e-05,2.66,1.0640000000003056,0.0108
b22_C,_08394_,XNOR2,0,3,2,1,27,6,8,-0.000107159841479465,2.66,1.0640000000003056,0.0108
b22_C,_08395_,OAI22,0,3,4,1,28,5,7,-3.6050198150894275e-05,2.394,1.0640000000003056,0.0108
b22_C,_08396_,NOR2,0,0,2,1,22,6,9,-7.996036988133781e-05,1.33,0.5320000000010623,0.0108
b22_C,_08397_,XOR2,0,0,2,3,23,5,8,-2.5099075307011276e-07,2.394,0.7980000000006839,0.0108
b22_C,_08398_,AOI21,0,3,3,2,29,4,6,2.639365918066794e-05,1.862,0.7980000000006839,0.0108
b22_C,_08399_,INV,0,1,1,1,30,3,2,-3.494055482167191e-05,0.798,0.26599999999962165,0.0108
b22_C,_08400_,NOR2,0,0,2,2,14,4,6,-1.0568031716395865e-07,1.33,0.5320000000010623,0.0108
b22_C,_08401_,AOI211,0,1,4,1,31,2,1,4.26684280041556e-06,2.394,1.0640000000003056,0.0108
b22_C,_08402_,OAI211,0,1,4,0,32,1,0,-2.919418758251524e-05,2.394,1.0640000000003056,0.0108
b22_C,_08403_,AOI22,0,0,4,1,16,4,3,-8.203434610498661e-06,2.394,1.0640000000003056,0.0108
b22_C,_08404_,OAI21,0,0,3,1,21,3,2,-7.926023792848014e-08,1.862,0.7980000000006839,0.0108
b22_C,_08405_,AOI21,0,0,3,1,21,6,9,-0.00017885072655232648,1.862,0.7980000000006839,0.0108
b22_C,_08406_,XNOR2,0,0,2,3,21,13,22,3.566710700120268e-07,2.66,1.0640000000003056,0.0108
b22_C,_08407_,XNOR2,0,0,2,3,22,5,8,-2.7741083230559127e-07,2.66,1.0640000000003056,0.0108
b22_C,_08408_,MUX2,0,0,3,2,19,21,29,-3.2430647292081005e-05,2.394,0.5320000000010623,0.0108
b22_C,_08409_,XNOR2,0,0,2,2,22,5,7,0.0,2.66,1.0640000000003056,0.0108
b22_C,_08410_,AOI221,0,0,5,1,23,2,1,0.0,2.926,1.3300000000017462,0.0108
b22_C,_08411_,AOI222,0,0,6,1,23,4,6,-2.391017173364318e-06,3.724,1.5960000000013679,0.0108
b22_C,_08412_,XOR2,0,3,2,1,26,4,6,-0.00036445178335542394,2.394,0.7980000000006839,0.0108
b22_C,_08413_,OAI21,0,3,3,2,27,3,5,-1.8665785997518114e-05,1.862,0.7980000000006839,0.0108
b22_C,_08414_,INV,0,1,1,1,28,2,1,-1.0951122853430917e-05,0.798,0.26599999999962165,0.0108
b22_C,_08415_,OAI21,0,1,3,0,29,1,0,-4.5706737121786745e-06,1.862,0.7980000000006839,0.0108
b22_C,_08416_,AOI22,0,0,4,1,19,4,3,-1.5852047556164095e-05,2.394,1.0640000000003056,0.0108
b22_C,_08417_,XNOR2,0,0,2,2,21,4,7,-1.5852047563491567e-07,2.66,1.0640000000003056,0.0108
b22_C,_08418_,OAI21,0,0,3,1,22,3,2,-1.3210039728761558e-08,1.862,0.7980000000006839,0.0108
b22_C,_08419_,AOI21,0,0,3,1,23,2,1,0.0,1.862,0.7980000000006839,0.0108
b22_C,_08420_,XNOR2,0,0,2,3,19,13,22,0.0,2.66,1.0640000000003056,0.0108
b22_C,_08421_,XNOR2,0,0,2,3,21,6,8,-0.00022892998679013843,2.66,1.0640000000003056,0.0108
b22_C,_08422_,OAI222,0,0,6,1,22,5,6,-2.5402906208782383e-05,3.724,1.5960000000013679,0.0108
b22_C,_08423_,XOR2,0,3,2,1,25,5,6,-0.00020631439894347459,2.394,0.7980000000006839,0.0108
b22_C,_08424_,AOI21,0,3,3,2,26,4,5,2.671070013193777e-05,1.862,0.7980000000006839,0.0108
b22_C,_08425_,OAI221,0,1,5,0,27,1,0,-3.8877146631532966e-05,2.926,1.3300000000017462,0.0108
b22_C,_08426_,NOR2,0,0,2,2,19,14,32,1.5852047554609783e-06,1.33,0.5320000000010623,0.0108
b22_C,_08427_,NOR2,0,3,2,1,23,7,9,-0.0001884808454426512,1.33,0.5320000000010623,0.0108
b22_C,_08428_,NOR2,0,3,2,1,24,6,8,-3.017173051533817e-05,1.33,0.5320000000010623,0.0108
b22_C,_08429_,XNOR2,0,0,2,3,18,13,22,-0.0001710039630120619,2.66,1.0640000000003056,0.0108
b22_C,_08430_,XOR2,0,3,2,1,25,5,7,-1.3844121532491371e-05,2.394,0.7980000000006839,0.0108
b22_C,_08431_,AOI22,0,3,4,1,26,4,6,-2.113606341058727e-07,2.394,1.0640000000003056,0.0108
b22_C,_08432_,OR2,0,0,2,1,20,5,8,0.0,1.33,0.26599999999962165,0.0108
b22_C,_08433_,XOR2,0,0,2,3,21,4,7,-1.4398943197768688e-06,2.394,0.7980000000006839,0.0108
b22_C,_08434_,OAI221,0,3,5,2,27,3,5,-3.47952443859878e-05,2.926,1.3300000000017462,0.0108
b22_C,_08435_,NAND2,0,1,2,1,28,2,1,-2.1519154557392284e-05,1.33,0.5320000000010623,0.0108
b22_C,_08436_,NAND2,0,0,2,1,20,5,8,0.0,1.33,0.5320000000010623,0.0108
b22_C,_08437_,XNOR2,0,0,2,2,21,4,7,0.0,2.66,1.0640000000003056,0.0108
b22_C,_08438_,NOR2,0,0,2,1,22,3,2,-1.3210039728761558e-08,1.33,0.5320000000010623,0.0108
b22_C,_08439_,OAI22,0,0,4,1,18,3,2,-9.031704095141535e-05,2.394,1.0640000000003056,0.0108
b22_C,_08440_,AOI211,0,0,4,1,23,2,1,-1.3685601056856456e-05,2.394,1.0640000000003056,0.0108
b22_C,_08441_,OAI211,0,1,4,0,29,1,0,-5.508586526037362e-06,2.394,1.0640000000003056,0.0108
b22_C,_08442_,AOI21,0,0,3,1,19,6,9,-3.6169088507342906e-05,1.862,0.7980000000006839,0.0108
b22_C,_08443_,NOR2,0,0,2,3,20,13,22,-2.3381770146713166e-06,1.33,0.5320000000010623,0.0108
b22_C,_08444_,XOR2,0,0,2,3,21,5,8,0.0,2.394,0.7980000000006839,0.0108
b22_C,_08445_,OAI22,0,0,4,1,22,4,6,-1.2681638046352361e-06,2.394,1.0640000000003056,0.0108
b22_C,_08446_,XOR2,0,3,2,1,23,4,6,-0.00025825627476883106,2.394,0.7980000000006839,0.0108
b22_C,_08447_,AOI221,0,3,5,2,24,3,5,4.1955085865019726e-05,2.926,1.3300000000017462,0.0108
b22_C,_08448_,XNOR2,0,0,2,2,20,5,7,0.0,2.66,1.0640000000003056,0.0108
b22_C,_08449_,OAI22,0,1,4,1,25,2,1,-7.805812417438496e-05,2.394,1.0640000000003056,0.0108
b22_C,_08450_,AOI22,0,0,4,1,17,3,2,-9.194187582828306e-06,2.394,1.0640000000003056,0.0108
b22_C,_08451_,OAI221,0,0,5,1,22,2,1,-1.5852047556830229e-06,2.926,1.3300000000017462,0.0108
b22_C,_08452_,OR2,0,1,2,0,26,1,0,1.347424042119627e-06,1.33,0.26599999999962165,0.0108
b22_C,_08453_,XNOR2,0,0,2,3,17,14,23,4.227212679897008e-07,2.66,1.0640000000003056,0.0108
b22_C,_08454_,XOR2,0,0,2,3,19,5,8,-8.145310435936359e-05,2.394,0.7980000000006839,0.0108
b22_C,_08455_,NOR2,0,0,2,1,20,3,2,-1.6116248349185014e-06,1.33,0.5320000000010623,0.0108
b22_C,_08456_,AOI22,0,0,4,1,16,4,3,-2.274768824306328e-05,2.394,1.0640000000003056,0.0108
b22_C,_08457_,OAI21,0,0,3,1,18,3,2,-1.188903568927202e-07,1.862,0.7980000000006839,0.0108
b22_C,_08458_,NOR2,0,0,2,1,19,5,7,0.0,1.33,0.5320000000010623,0.0108
b22_C,_08459_,XNOR2,0,0,2,2,20,4,6,0.0,2.66,1.0640000000003056,0.0108
b22_C,_08460_,AOI211,0,0,4,1,21,2,1,0.0,2.394,1.0640000000003056,0.0108
b22_C,_08461_,XNOR2,0,3,2,1,22,5,6,-0.0005172919418761079,2.66,1.0640000000003056,0.0108
b22_C,_08462_,OAI222,0,3,6,1,23,4,5,-2.6816380449323773e-05,3.724,1.5960000000013679,0.0108
b22_C,_08463_,AOI21,0,3,3,2,24,3,4,1.8005284015742973e-05,1.862,0.7980000000006839,0.0108
b22_C,_08464_,OAI21,0,1,3,0,25,1,0,-3.2166446499504175e-05,1.862,0.7980000000006839,0.0108
b22_C,_08465_,AOI22,0,0,4,1,16,4,3,-8.203434610498661e-06,2.394,1.0640000000003056,0.0108
b22_C,_08466_,OAI21,0,0,3,1,17,3,2,0.0,1.862,0.7980000000006839,0.0108
b22_C,_08467_,XNOR2,0,0,2,2,19,4,6,0.0,2.66,1.0640000000003056,0.0108
b22_C,_08468_,NOR2,0,0,2,2,11,4,6,-3.963011896424007e-08,1.33,0.5320000000010623,0.0108
b22_C,_08469_,AOI221,0,0,5,1,20,2,1,-5.9180977542983015e-06,2.926,1.3300000000017462,0.0108
b22_C,_08470_,XNOR2,0,0,2,3,16,15,22,2.642007923547851e-08,2.66,1.0640000000003056,0.0108
b22_C,_08471_,XOR2,0,0,2,3,18,5,6,1.1228533685070374e-06,2.394,0.7980000000006839,0.0108
b22_C,_08472_,OAI22,0,0,4,1,19,4,5,-2.5323645971075948e-05,2.394,1.0640000000003056,0.0108
b22_C,_08473_,XOR2,0,3,2,1,21,4,5,-0.00020634081902248802,2.394,0.7980000000006839,0.0108
b22_C,_08474_,AOI21,0,3,3,2,22,3,4,2.7608982826832218e-05,1.862,0.7980000000006839,0.0108
b22_C,_08475_,OAI221,0,1,5,0,23,1,0,-5.3804491413567135e-05,2.926,1.3300000000017462,0.0108
b22_C,_08476_,NOR2,0,0,2,1,17,7,11,-0.00011097754293287743,1.33,0.5320000000010623,0.0108
b22_C,_08477_,XNOR2,0,0,2,3,16,14,25,2.787318361896496e-06,2.66,1.0640000000003056,0.0108
b22_C,_08478_,XNOR2,0,0,2,3,18,6,10,-2.8665786000470206e-06,2.66,1.0640000000003056,0.0108
b22_C,_08479_,NOR2,0,0,2,1,19,3,2,0.0,1.33,0.5320000000010623,0.0108
b22_C,_08480_,NAND2,0,0,2,1,17,4,3,-1.089828269495996e-05,1.33,0.5320000000010623,0.0108
b22_C,_08481_,OAI221,0,0,5,1,18,3,2,-5.944517835754226e-07,2.926,1.3300000000017462,0.0108
b22_C,_08482_,XNOR2,0,0,2,2,18,3,5,0.0,2.66,1.0640000000003056,0.0108
b22_C,_08483_,AOI211,0,0,4,1,20,2,1,0.0,2.394,1.0640000000003056,0.0108
b22_C,_08484_,OAI222,0,0,6,1,19,5,6,-3.500660502142594e-06,3.724,1.5960000000013679,0.0108
b22_C,_08485_,XNOR2,0,3,2,1,19,5,6,-0.0001964861294585507,2.66,1.0640000000003056,0.0108
b22_C,_08486_,AOI21,0,3,3,2,20,4,5,2.3778071333913076e-05,1.862,0.7980000000006839,0.0108
b22_C,_08487_,OAI21,0,1,3,0,21,1,0,-3.097754293279742e-05,1.862,0.7980000000006839,0.0108
b22_C,_08488_,INV,0,0,1,1,17,7,9,0.0,0.798,0.26599999999962165,0.0108
b22_C,_08489_,AOI21,0,0,3,1,18,6,8,0.0,1.862,0.7980000000006839,0.0108
b22_C,_08490_,NOR2,0,0,2,2,19,5,7,0.0,1.33,0.5320000000010623,0.0108
b22_C,_08491_,AOI222,0,0,6,1,20,4,3,-2.577278731852317e-05,3.724,1.5960000000013679,0.0108
b22_C,_08492_,NOR2,0,0,2,1,16,5,9,-1.0858652576217764e-05,1.33,0.5320000000010623,0.0108
b22_C,_08493_,NOR2,0,0,2,3,16,16,26,6.420079259994438e-06,1.33,0.5320000000010623,0.0108
b22_C,_08494_,XOR2,0,0,2,3,17,4,8,-3.3817701454719185e-06,2.394,0.7980000000006839,0.0108
b22_C,_08495_,OAI21,0,0,3,1,21,3,2,0.0,1.862,0.7980000000006839,0.0108
b22_C,_08496_,AOI21,0,3,3,1,17,6,8,-0.0007527741083224182,1.862,0.7980000000006839,0.0108
b22_C,_08497_,XNOR2,0,3,2,1,18,5,7,-2.404227212715604e-05,2.66,1.0640000000003056,0.0108
b22_C,_08498_,AOI22,0,3,4,1,19,4,6,-4.834874504755504e-06,2.394,1.0640000000003056,0.0108
b22_C,_08499_,OAI221,0,3,5,2,20,3,5,-3.532364597114146e-05,2.926,1.3300000000017462,0.0108
b22_C,_08500_,AOI21,0,1,3,1,22,2,1,-1.3130779392467318e-05,1.862,0.7980000000006839,0.0108
b22_C,_08501_,OAI21,0,1,3,0,23,1,0,-1.0620871862876413e-05,1.862,0.7980000000006839,0.0108
b22_C,_08502_,NAND3,0,0,3,1,15,4,3,-6.5125495376516795e-06,1.862,0.7980000000006839,0.0108
b22_C,_08503_,XNOR2,0,0,2,2,17,5,8,0.0,2.66,1.0640000000003056,0.0108
b22_C,_08504_,OAI221,0,0,5,1,18,3,2,0.0,2.926,1.3300000000017462,0.0108
b22_C,_08505_,AOI221,0,0,5,1,19,2,1,-9.841479524430596e-06,2.926,1.3300000000017462,0.0108
b22_C,_08506_,NOR2,0,0,2,2,15,17,34,0.0,1.33,0.5320000000010623,0.0108
b22_C,_08507_,NOR2,0,0,2,1,15,6,8,-0.00010601056803194453,1.33,0.5320000000010623,0.0108
b22_C,_08508_,NOR2,0,0,2,1,16,5,7,0.0,1.33,0.5320000000010623,0.0108
b22_C,_08509_,NOR2,0,0,2,3,15,16,24,0.0,1.33,0.5320000000010623,0.0108
b22_C,_08510_,XNOR2,0,0,2,2,17,4,6,0.0,2.66,1.0640000000003056,0.0108
b22_C,_08511_,INV,0,0,1,2,18,3,4,0.0,0.798,0.26599999999962165,0.0108
b22_C,_08512_,XNOR2,0,3,2,1,17,5,6,-0.0009129986789961908,2.66,1.0640000000003056,0.0108
b22_C,_08513_,OAI22,0,3,4,1,18,4,5,-2.3527080581509097e-05,2.394,1.0640000000003056,0.0108
b22_C,_08514_,AOI21,0,3,3,2,19,3,4,2.6803170409372967e-05,1.862,0.7980000000006839,0.0108
b22_C,_08515_,OAI221,0,1,5,0,20,1,0,-5.2179656539141916e-05,2.926,1.3300000000017462,0.0108
b22_C,_08516_,NOR2,0,0,2,3,16,16,25,0.0,1.33,0.5320000000010623,0.0108
b22_C,_08517_,XOR2,0,1,2,3,17,6,8,-0.00013388375165135358,2.394,0.7980000000006839,0.0108
b22_C,_08518_,OAI22,0,1,4,1,18,5,7,-1.6367239101811037e-05,2.394,1.0640000000003056,0.0108
b22_C,_08519_,NOR2,0,0,2,1,16,6,8,-0.00020776750330253613,1.33,0.5320000000010623,0.0108
b22_C,_08520_,XOR2,0,0,2,1,17,5,7,0.0,2.394,0.7980000000006839,0.0108
b22_C,_08521_,AOI21,0,1,3,2,19,4,6,8.903566710571909e-06,1.862,0.7980000000006839,0.0108
b22_C,_08522_,AOI21,0,0,3,1,16,4,3,-2.4002642007969754e-05,1.862,0.7980000000006839,0.0108
b22_C,_08523_,AOI22,0,1,4,1,20,3,2,-3.343461030391737e-05,2.394,1.0640000000003056,0.0108
b22_C,_08524_,OAI22,0,0,4,1,17,3,2,-6.076618230821396e-07,2.394,1.0640000000003056,0.0108
b22_C,_08525_,XNOR2,0,0,2,2,16,4,6,0.0,2.66,1.0640000000003056,0.0108
b22_C,_08526_,AOI211,0,1,4,1,21,2,1,4.319682958886517e-06,2.394,1.0640000000003056,0.0108
b22_C,_08527_,OAI21,0,1,3,0,22,1,0,-3.511228533681354e-05,1.862,0.7980000000006839,0.0108
b22_C,_08528_,AND2,0,0,2,1,15,5,8,0.0,1.33,0.26599999999962165,0.0108
b22_C,_08529_,NOR3,0,0,3,2,16,4,7,0.0,1.862,0.7980000000006839,0.0108
b22_C,_08530_,AND2,0,0,2,1,17,3,2,0.0,1.33,0.26599999999962165,0.0108
b22_C,_08531_,NOR2,0,0,2,1,14,7,9,-2.4293262880004107e-05,1.33,0.5320000000010623,0.0108
b22_C,_08532_,XNOR2,0,0,2,3,14,16,25,-7.793923382237722e-07,2.66,1.0640000000003056,0.0108
b22_C,_08533_,XOR2,0,0,2,3,15,6,8,0.0,2.394,0.7980000000006839,0.0108
b22_C,_08534_,OAI222,0,0,6,1,16,5,7,-3.5270805813780726e-06,3.724,1.5960000000013679,0.0108
b22_C,_08535_,AND2,0,0,2,1,15,6,8,-0.00020264200792619036,1.33,0.26599999999962165,0.0108
b22_C,_08536_,XNOR2,0,0,2,1,16,5,7,0.0,2.66,1.0640000000003056,0.0108
b22_C,_08537_,AOI21,0,0,3,2,17,4,6,-2.7741083230559127e-07,1.862,0.7980000000006839,0.0108
b22_C,_08538_,INV,0,0,1,1,18,3,2,0.0,0.798,0.26599999999962165,0.0108
b22_C,_08539_,OAI21,0,0,3,1,19,2,1,-5.2840158693001626e-08,1.862,0.7980000000006839,0.0108
b22_C,_08540_,NOR2,0,0,2,1,14,3,2,-1.5085865257669084e-05,1.33,0.5320000000010623,0.0108
b22_C,_08541_,AOI221,0,1,5,1,17,2,1,-7.503302509981324e-06,2.926,1.3300000000017462,0.0108
b22_C,_08542_,OAI211,0,1,4,0,20,1,0,-1.548216644664535e-05,2.394,1.0640000000003056,0.0108
b22_C,_08543_,NOR2,0,0,2,1,15,3,2,-7.001321005173367e-07,1.33,0.5320000000010623,0.0108
b22_C,_08544_,AOI21,0,0,3,1,17,2,1,-1.2153236459866434e-05,1.862,0.7980000000006839,0.0108
b22_C,_08545_,AOI21,0,0,3,1,13,5,8,-9.434610303848956e-05,1.862,0.7980000000006839,0.0108
b22_C,_08546_,NOR2,0,0,2,3,13,16,25,0.0,1.33,0.5320000000010623,0.0108
b22_C,_08547_,XNOR2,0,0,2,3,14,4,7,0.0,2.66,1.0640000000003056,0.0108
b22_C,_08548_,NOR2,0,0,2,2,13,18,37,0.0,1.33,0.5320000000010623,0.0108
b22_C,_08549_,NOR2,0,0,2,1,14,7,9,-0.0008353500660502888,1.33,0.5320000000010623,0.0108
b22_C,_08550_,NOR2,0,0,2,1,15,6,8,0.0,1.33,0.5320000000010623,0.0108
b22_C,_08551_,XOR2,0,0,2,1,16,5,7,-5.350066050402447e-06,2.394,0.7980000000006839,0.0108
b22_C,_08552_,AOI22,0,0,4,1,17,4,6,-1.3210039728761558e-08,2.394,1.0640000000003056,0.0108
b22_C,_08553_,OAI221,0,0,5,2,18,3,5,-6.697490092744118e-06,2.926,1.3300000000017462,0.0108
b22_C,_08554_,OAI21,0,0,3,1,14,4,6,0.0,1.862,0.7980000000006839,0.0108
b22_C,_08555_,AND3,0,0,3,2,15,3,5,-3.1254953764880966e-05,1.596,0.26599999999962165,0.0108
b22_C,_08556_,AOI221,0,0,5,1,19,2,1,-3.963011896424007e-08,2.926,1.3300000000017462,0.0108
b22_C,_08557_,OAI221,0,1,5,0,20,1,0,-1.9696169088589954e-05,2.926,1.3300000000017462,0.0108
b22_C,_08558_,NAND2,0,1,2,1,17,4,3,-7.305151915604213e-06,1.33,0.5320000000010623,0.0108
b22_C,_08559_,NOR2,0,0,2,3,14,17,27,0.0,1.33,0.5320000000010623,0.0108
b22_C,_08560_,XNOR2,0,0,2,3,15,6,9,-0.0001321664464997152,2.66,1.0640000000003056,0.0108
b22_C,_08561_,OAI22,0,0,4,1,16,5,7,0.0,2.394,1.0640000000003056,0.0108
b22_C,_08562_,XNOR2,0,0,2,1,15,5,7,-0.0009461690885075313,2.66,1.0640000000003056,0.0108
b22_C,_08563_,AOI221,0,0,5,2,17,4,6,-7.793923382237722e-07,2.926,1.3300000000017462,0.0108
b22_C,_08564_,OAI221,0,1,5,1,18,3,2,-1.95508586526838e-05,2.926,1.3300000000017462,0.0108
b22_C,_08565_,XNOR2,0,0,2,2,14,5,8,0.0,2.66,1.0640000000003056,0.0108
b22_C,_08566_,OAI22,0,0,4,1,17,3,2,-1.3210039728761558e-08,2.394,1.0640000000003056,0.0108
b22_C,_08567_,AOI211,0,1,4,1,19,2,1,-5.1122853370610954e-06,2.394,1.0640000000003056,0.0108
b22_C,_08568_,INV,0,1,1,0,20,1,0,-1.3249669749137993e-05,0.798,0.26599999999962165,0.0108
b22_C,_08569_,NOR2,0,0,2,1,15,3,2,-7.001321005173367e-07,1.33,0.5320000000010623,0.0108
b22_C,_08570_,OR2,0,0,2,1,12,6,11,-2.324966974942555e-06,1.33,0.26599999999962165,0.0108
b22_C,_08571_,XNOR2,0,0,2,3,11,17,28,1.3210039506716953e-08,2.66,1.0640000000003056,0.0108
b22_C,_08572_,XNOR2,0,0,2,3,13,5,10,0.0,2.66,1.0640000000003056,0.0108
b22_C,_08573_,AOI22,0,0,4,1,14,4,6,-3.302509907765483e-07,2.394,1.0640000000003056,0.0108
b22_C,_08574_,NOR2,0,0,2,1,13,5,7,-0.0003423381770146783,1.33,0.5320000000010623,0.0108
b22_C,_08575_,XOR2,0,0,2,1,14,4,6,-1.3210039728761558e-08,2.394,0.7980000000006839,0.0108
b22_C,_08576_,OAI221,0,0,5,2,15,3,5,-1.0792602377796001e-05,2.926,1.3300000000017462,0.0108
b22_C,_08577_,AOI21,0,0,3,1,16,2,1,-6.605019819971858e-08,1.862,0.7980000000006839,0.0108
b22_C,_08578_,XNOR2,0,0,2,2,13,3,5,0.0,2.66,1.0640000000003056,0.0108
b22_C,_08579_,AOI22,0,0,4,1,17,2,1,-6.869220607663706e-06,2.394,1.0640000000003056,0.0108
b22_C,_08580_,AOI22,0,1,4,1,18,2,1,-7.767503302780199e-06,2.394,1.0640000000003056,0.0108
b22_C,_08581_,NAND3,0,1,3,0,19,1,0,-1.2404227212936547e-05,1.862,0.7980000000006839,0.0108
b22_C,_08582_,NAND2,0,1,2,1,18,2,1,-1.1307793923442944e-05,1.33,0.5320000000010623,0.0108
b22_C,_08583_,NOR2,0,0,2,1,11,8,12,-0.0001229722589168869,1.33,0.5320000000010623,0.0108
b22_C,_08584_,AOI21,0,0,3,1,12,7,11,0.0,1.862,0.7980000000006839,0.0108
b22_C,_08585_,NOR2,0,0,2,3,12,18,29,0.0,1.33,0.5320000000010623,0.0108
b22_C,_08586_,XNOR2,0,0,2,3,13,6,10,0.0,2.66,1.0640000000003056,0.0108
b22_C,_08587_,INV,0,0,1,3,10,31,48,0.0,0.798,0.26599999999962165,0.0108
b22_C,_08588_,OAI222,0,0,6,1,14,5,7,-8.031704095134984e-06,3.724,1.5960000000013679,0.0108
b22_C,_08589_,AOI21,0,0,3,1,12,6,8,-0.000530845442536565,1.862,0.7980000000006839,0.0108
b22_C,_08590_,XOR2,0,0,2,1,13,5,7,0.0,2.394,0.7980000000006839,0.0108
b22_C,_08591_,AOI21,0,0,3,2,15,4,6,-2.7741083230559127e-07,1.862,0.7980000000006839,0.0108
b22_C,_08592_,AOI21,0,0,3,1,12,5,7,-9.511228535874494e-07,1.862,0.7980000000006839,0.0108
b22_C,_08593_,OAI21,0,0,3,2,13,4,6,-1.122853368729082e-06,1.862,0.7980000000006839,0.0108
b22_C,_08594_,OAI221,0,0,5,1,16,3,2,-5.151915456469425e-07,2.926,1.3300000000017462,0.0108
b22_C,_08595_,NOR2,0,0,2,1,15,3,2,-4.187582562931169e-06,1.33,0.5320000000010623,0.0108
b22_C,_08596_,OAI21,0,0,3,1,17,2,1,-5.2840158693001626e-08,1.862,0.7980000000006839,0.0108
b22_C,_08597_,OAI211,0,1,4,0,19,1,0,-5.059445178368094e-06,2.394,1.0640000000003056,0.0108
b22_C,_08598_,XNOR2,0,0,2,3,11,18,27,0.0,2.66,1.0640000000003056,0.0108
b22_C,_08599_,XNOR2,0,0,2,3,12,6,8,-7.926023779525337e-07,2.66,1.0640000000003056,0.0108
b22_C,_08600_,XOR2,0,0,2,1,12,6,8,-0.0007489564068692278,2.394,0.7980000000006839,0.0108
b22_C,_08601_,OAI22,0,0,4,1,13,5,7,-2.774108322389779e-06,2.394,1.0640000000003056,0.0108
b22_C,_08602_,AOI221,0,0,5,2,14,4,6,-1.9022457069528542e-06,2.926,1.3300000000017462,0.0108
b22_C,_08603_,CLKBUF,0,0,1,10,7,5,38,-2.719947159857128e-05,1.064,0.26599999999962165,0.0108
b22_C,_08604_,OAI21,0,0,3,1,11,6,9,-2.7741083230559127e-07,1.862,0.7980000000006839,0.0108
b22_C,_08605_,AND2,0,0,2,2,12,5,8,0.0,1.33,0.26599999999962165,0.0108
b22_C,_08606_,NAND3,0,0,3,1,13,4,3,0.0,1.862,0.7980000000006839,0.0108
b22_C,_08607_,OAI211,0,0,4,1,15,3,2,0.0,2.394,1.0640000000003056,0.0108
b22_C,_08608_,AOI22,0,0,4,1,16,2,1,-5.2840158693001626e-08,2.394,1.0640000000003056,0.0108
b22_C,_08609_,NAND2,0,1,2,1,18,2,1,-1.13606340819139e-05,1.33,0.5320000000010623,0.0108
b22_C,_08610_,OAI211,0,1,4,0,19,1,0,-4.068692206038449e-06,2.394,1.0640000000003056,0.0108
b22_C,_08611_,XNOR2,0,0,2,3,11,19,29,0.0,2.66,1.0640000000003056,0.0108
b22_C,_08612_,XOR2,0,0,2,3,12,5,9,0.0,2.394,0.7980000000006839,0.0108
b22_C,_08613_,XNOR2,0,0,2,1,12,5,7,-6.869220607885751e-07,2.66,1.0640000000003056,0.0108
b22_C,_08614_,AOI222,0,0,6,2,13,4,6,-1.043593130800602e-06,3.724,1.5960000000013679,0.0108
b22_C,_08615_,NOR2,0,0,2,2,11,5,8,0.0,1.33,0.5320000000010623,0.0108
b22_C,_08616_,XNOR2,0,0,2,2,11,5,8,-4.0951122870502843e-07,2.66,1.0640000000003056,0.0108
b22_C,_08617_,AOI221,0,0,5,1,13,4,3,0.0,2.926,1.3300000000017462,0.0108
b22_C,_08618_,AOI21,0,0,3,1,16,3,2,-2.3117569352804068e-05,1.862,0.7980000000006839,0.0108
b22_C,_08619_,AOI221,0,1,5,1,17,2,1,-6.605019815530966e-07,2.926,1.3300000000017462,0.0108
b22_C,_08620_,OAI21,0,1,3,0,18,1,0,-1.459709379125762e-05,1.862,0.7980000000006839,0.0108
b22_C,_08621_,OAI21,0,1,3,1,17,2,1,-2.324966974942555e-06,1.862,0.7980000000006839,0.0108
b22_C,_08622_,XNOR2,0,0,2,4,10,18,25,-2.7741083230559127e-07,2.66,1.0640000000003056,0.0108
b22_C,_08623_,AOI21,0,0,3,1,11,5,7,-2.3381770146713166e-06,1.862,0.7980000000006839,0.0108
b22_C,_08624_,AOI21,0,0,3,2,12,4,6,0.0,1.862,0.7980000000006839,0.0108
b22_C,_08625_,NOR2,0,0,2,1,16,3,2,-2.117569352710902e-05,1.33,0.5320000000010623,0.0108
b22_C,_08626_,AOI221,0,0,5,1,17,2,1,-2.7001321004194168e-05,2.926,1.3300000000017462,0.0108
b22_C,_08627_,OAI211,0,1,4,0,18,1,0,-7.1598414794760146e-06,2.394,1.0640000000003056,0.0108
b22_C,_08628_,NAND2,0,32,2,5,13,3,35,-0.00017000000000022553,1.33,0.5320000000010623,0.0108
b22_C,_08629_,BUF,0,10,1,10,14,2,10,2.2694848084370278e-05,1.064,0.26599999999962165,0.0108
b22_C,_08630_,AND2,0,1,2,0,15,1,0,-1.2945838837596924e-05,1.33,0.26599999999962165,0.0108
b22_C,_08631_,AND2,0,1,2,0,15,1,0,-1.2945838837596924e-05,1.33,0.26599999999962165,0.0108
b22_C,_08632_,AND2,0,1,2,0,15,1,0,-1.2945838837596924e-05,1.33,0.26599999999962165,0.0108
b22_C,_08633_,AND2,0,1,2,0,15,1,0,-1.2945838837596924e-05,1.33,0.26599999999962165,0.0108
b22_C,_08634_,AND2,0,1,2,0,15,1,0,-1.2945838837596924e-05,1.33,0.26599999999962165,0.0108
b22_C,_08635_,AND2,0,1,2,0,15,1,0,-1.2945838837596924e-05,1.33,0.26599999999962165,0.0108
b22_C,_08636_,AND2,0,1,2,0,15,1,0,-1.2945838837596924e-05,1.33,0.26599999999962165,0.0108
b22_C,_08637_,AND2,0,1,2,0,15,1,0,-1.2945838837596924e-05,1.33,0.26599999999962165,0.0108
b22_C,_08638_,AND2,0,1,2,0,15,1,0,-1.2945838837596924e-05,1.33,0.26599999999962165,0.0108
b22_C,_08639_,BUF,0,10,1,10,14,2,10,1.7173051519048244e-05,1.064,0.26599999999962165,0.0108
b22_C,_08640_,AND2,0,1,2,0,15,1,0,-1.3025099075303359e-05,1.33,0.26599999999962165,0.0108
b22_C,_08641_,AND2,0,1,2,0,15,1,0,-1.3025099075303359e-05,1.33,0.26599999999962165,0.0108
b22_C,_08642_,AND2,0,1,2,0,15,1,0,-1.3025099075303359e-05,1.33,0.26599999999962165,0.0108
b22_C,_08643_,AND2,0,1,2,0,15,1,0,-1.3025099075303359e-05,1.33,0.26599999999962165,0.0108
b22_C,_08644_,AND2,0,1,2,0,15,1,0,-1.3025099075303359e-05,1.33,0.26599999999962165,0.0108
b22_C,_08645_,AND2,0,1,2,0,15,1,0,-1.3025099075303359e-05,1.33,0.26599999999962165,0.0108
b22_C,_08646_,AND2,0,1,2,0,15,1,0,-1.3025099075303359e-05,1.33,0.26599999999962165,0.0108
b22_C,_08647_,AND2,0,1,2,0,15,1,0,-1.3025099075303359e-05,1.33,0.26599999999962165,0.0108
b22_C,_08648_,AND2,0,1,2,0,15,1,0,-1.3025099075303359e-05,1.33,0.26599999999962165,0.0108
b22_C,_08649_,AND2,0,1,2,0,15,1,0,-1.3025099075303359e-05,1.33,0.26599999999962165,0.0108
b22_C,_08650_,BUF,0,10,1,10,14,2,10,1.7173051519048244e-05,1.064,0.26599999999962165,0.0108
b22_C,_08651_,AND2,0,1,2,0,15,1,0,-1.3025099075303359e-05,1.33,0.26599999999962165,0.0108
b22_C,_08652_,AND2,0,1,2,0,15,1,0,-1.3025099075303359e-05,1.33,0.26599999999962165,0.0108
b22_C,_08653_,AND2,0,1,2,0,15,1,0,-1.3025099075303359e-05,1.33,0.26599999999962165,0.0108
b22_C,_08654_,AND2,0,1,2,0,15,1,0,-1.3025099075303359e-05,1.33,0.26599999999962165,0.0108
b22_C,_08655_,AND2,0,1,2,0,15,1,0,-1.3025099075303359e-05,1.33,0.26599999999962165,0.0108
b22_C,_08656_,AND2,0,1,2,0,15,1,0,-1.3025099075303359e-05,1.33,0.26599999999962165,0.0108
b22_C,_08657_,AND2,0,1,2,0,15,1,0,-1.3025099075303359e-05,1.33,0.26599999999962165,0.0108
b22_C,_08658_,AND2,0,1,2,0,15,1,0,-1.3025099075303359e-05,1.33,0.26599999999962165,0.0108
b22_C,_08659_,AND2,0,1,2,0,15,1,0,-1.3025099075303359e-05,1.33,0.26599999999962165,0.0108
b22_C,_08660_,AND2,0,1,2,0,15,1,0,-1.3025099075303359e-05,1.33,0.26599999999962165,0.0108
b22_C,_08661_,AND2,0,1,2,0,14,1,0,-0.00010652575957736943,1.33,0.26599999999962165,0.0108
b22_C,_08662_,CLKBUF,0,0,1,10,2,2,10,-4.597093791414153e-06,1.064,0.26599999999962165,0.0108
b22_C,_08663_,CLKBUF,0,0,1,10,2,3,13,-4.597093791414153e-06,1.064,0.26599999999962165,0.0108
b22_C,_08664_,NAND3,0,0,3,1,5,2,1,0.0,1.862,0.7980000000006839,0.0108
b22_C,_08665_,OAI22,0,1,4,0,31,1,0,-3.705416116250859e-05,2.394,1.0640000000003056,0.0108
b22_C,_08666_,MUX2,0,1,3,0,29,1,0,3.5535006603915065e-06,2.394,0.5320000000010623,0.0108
b22_C,_08667_,OAI21,0,0,3,1,6,2,1,0.0,1.862,0.7980000000006839,0.0108
b22_C,_08668_,OAI21,0,1,3,0,28,1,0,-7.661822987170552e-07,1.862,0.7980000000006839,0.0108
b22_C,_08669_,MUX2,0,1,3,0,27,1,0,-2.354029062079377e-05,2.394,0.5320000000010623,0.0108
b22_C,_08670_,MUX2,0,1,3,0,26,1,0,-0.00015830911492753508,2.394,0.5320000000010623,0.0108
b22_C,_08671_,NAND2,0,0,2,1,9,2,1,-0.00044276089828265697,1.33,0.5320000000010623,0.0108
b22_C,_08672_,OAI21,0,1,3,0,25,1,0,-5.244385733238488e-06,1.862,0.7980000000006839,0.0108
b22_C,_08673_,NAND2,0,0,2,1,8,2,1,-1.3210039728761558e-08,1.33,0.5320000000010623,0.0108
b22_C,_08674_,OAI21,0,1,3,0,24,1,0,-7.291941876097496e-06,1.862,0.7980000000006839,0.0108
b22_C,_08675_,NAND2,0,0,2,1,8,2,1,-5.9180977542983015e-06,1.33,0.5320000000010623,0.0108
b22_C,_08676_,OAI21,0,1,3,0,23,1,0,-4.0594451783615426e-05,1.862,0.7980000000006839,0.0108
b22_C,_08677_,INV,0,1,1,1,23,2,1,-3.0779392339308487e-06,0.798,0.26599999999962165,0.0108
b22_C,_08678_,OAI21,0,1,3,0,24,1,0,-2.642007927988743e-07,1.862,0.7980000000006839,0.0108
b22_C,_08679_,NAND2,0,1,2,1,22,2,1,-1.3645970937892216e-05,1.33,0.5320000000010623,0.0108
b22_C,_08680_,OAI21,0,1,3,0,23,1,0,-1.1994715984231519e-05,1.862,0.7980000000006839,0.0108
b22_C,_08681_,MUX2,0,1,3,0,21,1,0,3.566710700120268e-06,2.394,0.5320000000010623,0.0108
b22_C,_08682_,MUX2,0,1,3,0,21,1,0,3.619550858591225e-06,2.394,0.5320000000010623,0.0108
b22_C,_08683_,MUX2,0,1,3,0,20,1,0,6.869220607885751e-07,2.394,0.5320000000010623,0.0108
b22_C,_08684_,MUX2,0,1,3,0,19,1,0,-2.1175693527331063e-05,2.394,0.5320000000010623,0.0108
b22_C,_08685_,MUX2,0,1,3,0,19,1,0,2.2721268160275088e-06,2.394,0.5320000000010623,0.0108
b22_C,_08686_,NAND2,0,0,2,1,6,2,1,-3.3025099075434383e-06,1.33,0.5320000000010623,0.0108
b22_C,_08687_,OAI21,0,1,3,0,18,1,0,-7.780713342286916e-06,1.862,0.7980000000006839,0.0108
b22_C,_08688_,MUX2,0,1,3,0,17,1,0,-1.947159841475532e-05,2.394,0.5320000000010623,0.0108
b22_C,_08689_,MUX2,0,1,3,0,17,1,0,2.998678995780324e-06,2.394,0.5320000000010623,0.0108
b22_C,_08690_,NAND2,0,0,2,1,7,2,1,-5.7463672393787135e-06,1.33,0.5320000000010623,0.0108
b22_C,_08691_,AOI21,0,1,3,1,15,2,1,-4.019815059463916e-05,1.862,0.7980000000006839,0.0108
b22_C,_08692_,OAI21,0,1,3,0,16,1,0,-8.309114927440575e-06,1.862,0.7980000000006839,0.0108
b22_C,_08693_,MUX2,0,1,3,0,15,1,0,-5.284015851536594e-07,2.394,0.5320000000010623,0.0108
b22_C,_08694_,MUX2,0,1,3,0,15,1,0,3.2364597093437197e-06,2.394,0.5320000000010623,0.0108
b22_C,_08695_,OAI211,0,1,4,1,17,2,1,-4.3738441215301904e-05,2.394,1.0640000000003056,0.0108
b22_C,_08696_,OAI21,0,1,3,0,18,1,0,-1.2945838837596924e-05,1.862,0.7980000000006839,0.0108
b22_C,_08697_,OAI21,0,1,3,1,17,2,1,-5.262879788658914e-05,1.862,0.7980000000006839,0.0108
b22_C,_08698_,MUX2,0,1,3,0,18,1,0,-9.77542932822928e-07,2.394,0.5320000000010623,0.0108
b22_C,_08699_,OAI21,0,1,3,1,17,2,1,-4.142668428008811e-05,1.862,0.7980000000006839,0.0108
b22_C,_08700_,MUX2,0,1,3,0,18,1,0,-3.9630118897626687e-07,2.394,0.5320000000010623,0.0108
b22_C,_08701_,NAND2,0,0,2,1,5,2,1,-4.015852047567492e-06,1.33,0.5320000000010623,0.0108
b22_C,_08702_,AOI21,0,1,3,1,14,2,1,-3.582562747705964e-05,1.862,0.7980000000006839,0.0108
b22_C,_08703_,OAI21,0,1,3,0,15,1,0,-2.417437252377752e-06,1.862,0.7980000000006839,0.0108
b22_C,_08704_,AOI21,0,1,3,1,14,2,1,-3.6697490092496565e-05,1.862,0.7980000000006839,0.0108
b22_C,_08705_,MUX2,0,1,3,0,15,1,0,-6.869220610106197e-07,2.394,0.5320000000010623,0.0108
b22_C,_08706_,NAND3,0,1,3,1,11,2,1,-1.1056803170594875e-05,1.862,0.7980000000006839,0.0108
b22_C,_08707_,NAND2,0,0,2,1,5,2,1,-7.133421402460982e-07,1.33,0.5320000000010623,0.0108
b22_C,_08708_,NAND2,0,1,2,0,12,1,0,-4.0290620872962535e-06,1.33,0.5320000000010623,0.0108
b22_C,_08709_,AOI21,0,1,3,1,14,2,1,-4.770145310439844e-05,1.862,0.7980000000006839,0.0108
b22_C,_08710_,MUX2,0,1,3,0,15,1,0,-2.3910171731422736e-06,2.394,0.5320000000010623,0.0108
b22_C,_08711_,NAND2,0,0,2,1,5,2,1,-5.6935270809077565e-06,1.33,0.5320000000010623,0.0108
b22_C,_08712_,AOI21,0,1,3,1,14,2,1,-3.569352708088225e-05,1.862,0.7980000000006839,0.0108
b22_C,_08713_,OAI21,0,1,3,0,15,1,0,-2.4966974903062322e-06,1.862,0.7980000000006839,0.0108
b22_C,_08714_,AND2,0,1,2,1,8,2,1,3.302509905545037e-07,1.33,0.26599999999962165,0.0108
b22_C,_08715_,MUX2,0,1,3,0,9,1,0,-5.2179656540030095e-06,2.394,0.5320000000010623,0.0108
b22_C,_08716_,NAND2,0,0,2,1,4,2,1,-7.167767503313272e-05,1.33,0.5320000000010623,0.0108
b22_C,_08717_,OAI21,0,1,3,1,17,2,1,-3.9933949801840285e-05,1.862,0.7980000000006839,0.0108
b22_C,_08718_,OAI21,0,1,3,0,18,1,0,-2.774108322389779e-06,1.862,0.7980000000006839,0.0108
b22_C,_08719_,MUX2,0,1,3,0,7,1,0,-6.340819023176181e-07,2.394,0.5320000000010623,0.0108
b22_C,_08720_,NAND3,0,0,3,1,9,5,5,-1.0211360634171385e-05,1.862,0.7980000000006839,0.0108
b22_C,_08721_,AOI21,0,0,3,2,11,4,4,-0.0003809907529723766,1.862,0.7980000000006839,0.0108
b22_C,_08722_,OAI21,0,0,3,1,12,3,2,-6.368560105696197e-05,1.862,0.7980000000006839,0.0108
b22_C,_08723_,NAND2,0,0,2,1,13,2,1,0.0,1.33,0.5320000000010623,0.0108
b22_C,_08724_,AOI21,0,0,3,1,8,5,4,0.0,1.862,0.7980000000006839,0.0108
b22_C,_08725_,NOR2,0,0,2,2,8,33,108,0.0,1.33,0.5320000000010623,0.0108
b22_C,_08726_,BUF,0,0,1,10,9,32,104,0.0,1.064,0.26599999999962165,0.0108
b22_C,_08727_,BUF,0,0,1,10,10,28,77,0.0,1.064,0.26599999999962165,0.0108
b22_C,_08728_,CLKBUF,0,0,1,10,11,20,47,0.0,1.064,0.26599999999962165,0.0108
b22_C,_08729_,AND3,0,0,3,1,6,34,149,-1.71730515208246e-06,1.596,0.26599999999962165,0.0108
b22_C,_08731_,OR2,0,0,2,4,8,32,102,0.0,1.33,0.26599999999962165,0.0108
b22_C,_08732_,BUF,0,0,1,10,9,31,93,0.0,1.064,0.26599999999962165,0.0108
b22_C,_08733_,CLKBUF,0,0,1,10,10,25,63,0.0,1.064,0.26599999999962165,0.0108
b22_C,_08734_,CLKBUF,0,0,1,10,11,18,35,0.0,1.064,0.26599999999962165,0.0108
b22_C,_08735_,AOI22,0,0,4,2,32,7,7,-3.258916776771592e-05,2.394,1.0640000000003056,0.0108
b22_C,_08736_,NOR2,0,0,2,6,8,32,106,0.0,1.33,0.5320000000010623,0.0108
b22_C,_08737_,BUF,0,0,1,10,9,29,88,0.0,1.064,0.26599999999962165,0.0108
b22_C,_08738_,CLKBUF,0,0,1,10,10,23,58,0.0,1.064,0.26599999999962165,0.0108
b22_C,_08739_,BUF,0,0,1,10,11,16,33,0.0,1.064,0.26599999999962165,0.0108
b22_C,_08740_,NAND2,0,0,2,3,12,15,19,-1.3210039950806163e-08,1.33,0.5320000000010623,0.0108
b22_C,_08741_,OAI22,0,0,4,2,31,7,7,-3.7199471598414746e-05,2.394,1.0640000000003056,0.0108
b22_C,_08742_,NAND2,0,0,2,1,33,6,5,0.0,1.33,0.5320000000010623,0.0108
b22_C,_08743_,AOI22,0,0,4,1,20,10,10,-5.833553500678157e-05,2.394,1.0640000000003056,0.0108
b22_C,_08744_,OAI21,0,0,3,2,30,9,9,0.0,1.862,0.7980000000006839,0.0108
b22_C,_08745_,NAND2,0,0,2,7,8,32,104,0.0,1.33,0.5320000000010623,0.0108
b22_C,_08746_,BUF,0,0,1,10,9,27,82,0.0,1.064,0.26599999999962165,0.0108
b22_C,_08747_,CLKBUF,0,0,1,10,10,22,52,0.0,1.064,0.26599999999962165,0.0108
b22_C,_08748_,NOR2,0,0,2,9,12,18,32,-7.483487450477e-05,1.33,0.5320000000010623,0.0108
b22_C,_08749_,AOI221,0,0,5,2,29,9,9,-6.725231175708224e-05,2.926,1.3300000000017462,0.0108
b22_C,_08750_,NOR2,0,0,2,1,8,11,10,0.0,1.33,0.5320000000010623,0.0108
b22_C,_08751_,OAI21,0,0,3,1,11,10,9,-7.926023792848014e-08,1.862,0.7980000000006839,0.0108
b22_C,_08752_,AOI22,0,0,4,2,29,9,8,-4.161162483695691e-06,2.394,1.0640000000003056,0.0108
b22_C,_08753_,NAND2,0,0,2,1,12,10,9,0.0,1.33,0.5320000000010623,0.0108
b22_C,_08754_,OAI21,0,0,3,2,30,9,8,-4.3593130794050694e-07,1.862,0.7980000000006839,0.0108
b22_C,_08755_,OAI22,0,0,4,1,31,8,7,0.0,2.394,1.0640000000003056,0.0108
b22_C,_08756_,OAI222,0,0,6,2,28,9,9,-5.3910171730731093e-05,3.724,1.5960000000013679,0.0108
b22_C,_08757_,AOI221,0,0,5,2,27,9,9,-0.00010084544253663452,2.926,1.3300000000017462,0.0108
b22_C,_08758_,AOI22,0,0,4,1,31,8,7,0.0,2.394,1.0640000000003056,0.0108
b22_C,_08759_,AOI221,0,0,5,2,21,17,17,-0.000570383091149429,2.926,1.3300000000017462,0.0108
b22_C,_08760_,AOI22,0,0,4,1,15,18,18,-0.0004590224570675261,2.394,1.0640000000003056,0.0108
b22_C,_08761_,OAI21,0,0,3,2,22,17,17,0.0,1.862,0.7980000000006839,0.0108
b22_C,_08762_,NOR2,0,0,2,1,23,16,15,0.0,1.33,0.5320000000010623,0.0108
b22_C,_08763_,OAI222,0,0,6,2,19,21,21,-5.577278731871971e-05,3.724,1.5960000000013679,0.0108
b22_C,_08764_,AOI221,0,0,5,2,19,21,21,-0.0005128533685603287,2.926,1.3300000000017462,0.0108
b22_C,_08765_,NAND2,0,0,2,1,20,20,19,0.0,1.33,0.5320000000010623,0.0108
b22_C,_08766_,OAI221,0,0,5,2,21,20,20,-5.157199471605978e-05,2.926,1.3300000000017462,0.0108
b22_C,_08767_,AOI222,0,0,6,2,20,20,20,-0.000429511228533741,3.724,1.5960000000013679,0.0108
b22_C,_08768_,NOR2,0,0,2,1,20,20,19,0.0,1.33,0.5320000000010623,0.0108
b22_C,_08769_,NOR2,0,0,2,2,12,23,22,-2.302509907536887e-05,1.33,0.5320000000010623,0.0108
b22_C,_08770_,NOR2,0,0,2,1,18,21,20,-9.507265521824237e-05,1.33,0.5320000000010623,0.0108
b22_C,_08771_,OAI221,0,0,5,2,18,22,22,-0.00018820343461056765,2.926,1.3300000000017462,0.0108
b22_C,_08772_,OAI21,0,0,3,1,19,21,20,-4.220607661831188e-05,1.862,0.7980000000006839,0.0108
b22_C,_08773_,AOI222,0,0,6,2,18,22,22,-0.00042891677675038764,3.724,1.5960000000013679,0.0108
b22_C,_08774_,OAI221,0,0,5,2,19,22,22,-5.150594451786006e-05,2.926,1.3300000000017462,0.0108
b22_C,_08775_,NOR2,0,0,2,1,20,21,20,0.0,1.33,0.5320000000010623,0.0108
b22_C,_08776_,OAI222,0,0,6,2,17,23,23,-3.574636723913116e-05,3.724,1.5960000000013679,0.0108
b22_C,_08777_,AOI221,0,0,5,2,17,23,23,-0.0005113606340820809,2.926,1.3300000000017462,0.0108
b22_C,_08778_,NOR2,0,0,2,1,18,22,21,0.0,1.33,0.5320000000010623,0.0108
b22_C,_08779_,OAI221,0,0,5,2,16,24,25,-5.149273447835334e-05,2.926,1.3300000000017462,0.0108
b22_C,_08780_,AOI222,0,0,6,2,16,24,25,-0.0004300792602378589,3.724,1.5960000000013679,0.0108
b22_C,_08781_,NOR2,0,0,2,1,17,23,22,0.0,1.33,0.5320000000010623,0.0108
b22_C,_08782_,AOI21,0,0,3,1,18,22,21,0.0,1.862,0.7980000000006839,0.0108
b22_C,_08783_,AOI222,0,0,6,2,16,24,24,-0.0004305548216645416,3.724,1.5960000000013679,0.0108
b22_C,_08784_,OAI221,0,0,5,2,16,24,24,-7.112285336874358e-05,2.926,1.3300000000017462,0.0108
b22_C,_08785_,AOI22,0,0,4,1,17,23,22,0.0,2.394,1.0640000000003056,0.0108
b22_C,_08786_,OAI222,0,0,6,2,15,25,26,-3.5640686922189246e-05,3.724,1.5960000000013679,0.0108
b22_C,_08787_,AOI221,0,0,5,2,15,25,26,-0.0005113606340820809,2.926,1.3300000000017462,0.0108
b22_C,_08788_,NAND2,0,0,2,1,16,24,23,0.0,1.33,0.5320000000010623,0.0108
b22_C,_08789_,OAI21,0,0,3,1,17,23,22,0.0,1.862,0.7980000000006839,0.0108
b22_C,_08790_,NOR2,0,0,2,1,16,24,23,0.0,1.33,0.5320000000010623,0.0108
b22_C,_08791_,OAI221,0,0,5,3,14,26,28,-3.965653896975674e-05,2.926,1.3300000000017462,0.0108
b22_C,_08792_,AOI222,0,0,6,3,14,26,28,-0.00041365918097779897,3.724,1.5960000000013679,0.0108
b22_C,_08793_,NAND2,0,0,2,1,15,25,24,0.0,1.33,0.5320000000010623,0.0108
b22_C,_08794_,OAI221,0,0,5,2,15,26,27,-3.965653896975674e-05,2.926,1.3300000000017462,0.0108
b22_C,_08795_,AOI222,0,0,6,2,15,26,27,-0.00041365918097779897,3.724,1.5960000000013679,0.0108
b22_C,_08796_,OAI211,0,0,4,1,16,25,24,0.0,2.394,1.0640000000003056,0.0108
b22_C,_08797_,NAND2,0,0,2,1,17,24,23,0.0,1.33,0.5320000000010623,0.0108
b22_C,_08798_,OAI22,0,0,4,1,16,25,24,0.0,2.394,1.0640000000003056,0.0108
b22_C,_08799_,OAI221,0,0,5,2,12,28,27,-3.965653896975674e-05,2.926,1.3300000000017462,0.0108
b22_C,_08800_,AOI222,0,0,6,2,12,28,27,-0.00041422721268191687,3.724,1.5960000000013679,0.0108
b22_C,_08801_,AOI222,0,0,6,2,14,26,26,-0.0004289431968296231,3.724,1.5960000000013679,0.0108
b22_C,_08802_,AOI21,0,0,3,1,14,27,27,-0.00040900924702791386,1.862,0.7980000000006839,0.0108
b22_C,_08803_,OAI21,0,0,3,2,15,26,26,-7.793923382237722e-07,1.862,0.7980000000006839,0.0108
b22_C,_08804_,NAND2,0,0,2,1,13,27,26,0.0,1.33,0.5320000000010623,0.0108
b22_C,_08805_,AOI221,0,0,5,2,13,27,27,-0.000496010568031835,2.926,1.3300000000017462,0.0108
b22_C,_08806_,AOI22,0,0,4,1,13,28,28,0.0,2.394,1.0640000000003056,0.0108
b22_C,_08807_,OAI21,0,0,3,2,14,27,27,-3.470277410833056e-05,1.862,0.7980000000006839,0.0108
b22_C,_08808_,OAI21,0,0,3,1,15,26,25,0.0,1.862,0.7980000000006839,0.0108
b22_C,_08809_,AOI22,0,0,4,2,11,30,29,-2.3645970941288397e-06,2.394,1.0640000000003056,0.0108
b22_C,_08810_,OAI22,0,0,4,2,11,30,29,0.0,2.394,1.0640000000003056,0.0108
b22_C,_08811_,NAND2,0,0,2,1,12,29,28,0.0,1.33,0.5320000000010623,0.0108
b22_C,_08812_,AOI222,0,0,6,2,11,30,30,-0.00041365918097779897,3.724,1.5960000000013679,0.0108
b22_C,_08813_,OAI22,0,0,4,2,11,30,30,0.0,2.394,1.0640000000003056,0.0108
b22_C,_08814_,NOR2,0,0,2,1,12,29,28,0.0,1.33,0.5320000000010623,0.0108
b22_C,_08815_,OAI22,0,0,4,2,11,31,31,0.0,2.394,1.0640000000003056,0.0108
b22_C,_08816_,AOI22,0,0,4,2,10,31,31,0.0,2.394,1.0640000000003056,0.0108
b22_C,_08817_,NOR2,0,0,2,1,12,30,29,0.0,1.33,0.5320000000010623,0.0108
b22_C,_08818_,NOR2,0,0,2,2,7,31,31,0.0,1.33,0.5320000000010623,0.0108
b22_C,_08819_,OAI22,0,0,4,2,11,31,31,0.0,2.394,1.0640000000003056,0.0108
b22_C,_08820_,AOI22,0,0,4,1,12,30,29,0.0,2.394,1.0640000000003056,0.0108
b22_C,_08821_,AOI22,0,0,4,1,10,31,30,-2.2457067383463425e-07,2.394,1.0640000000003056,0.0108
b22_C,_08822_,OAI21,0,0,3,1,12,30,29,0.0,1.862,0.7980000000006839,0.0108
b22_C,_08823_,AOI221,0,0,5,1,13,29,28,0.0,2.926,1.3300000000017462,0.0108
b22_C,_08824_,OAI21,0,0,3,1,14,28,27,0.0,1.862,0.7980000000006839,0.0108
b22_C,_08825_,AOI22,0,0,4,2,11,29,30,0.0,2.394,1.0640000000003056,0.0108
b22_C,_08826_,OAI22,0,0,4,2,11,29,30,-3.9762219288252965e-06,2.394,1.0640000000003056,0.0108
b22_C,_08827_,NOR2,0,0,2,1,10,29,28,-2.0000000000131024e-05,1.33,0.5320000000010623,0.0108
b22_C,_08828_,OAI21,0,0,3,1,12,28,27,0.0,1.862,0.7980000000006839,0.0108
b22_C,_08829_,OAI211,0,0,4,1,15,27,26,0.0,2.394,1.0640000000003056,0.0108
b22_C,_08830_,NOR2,0,0,2,1,12,28,27,0.0,1.33,0.5320000000010623,0.0108
b22_C,_08831_,NOR2,0,0,2,1,13,27,26,-0.00042796565389702224,1.33,0.5320000000010623,0.0108
b22_C,_08832_,AOI22,0,0,4,1,16,26,25,0.0,2.394,1.0640000000003056,0.0108
b22_C,_08833_,OAI222,0,0,6,1,17,25,24,0.0,3.724,1.5960000000013679,0.0108
b22_C,_08834_,NAND2,0,0,2,1,16,25,24,0.0,1.33,0.5320000000010623,0.0108
b22_C,_08835_,AOI21,0,0,3,1,18,24,23,0.0,1.862,0.7980000000006839,0.0108
b22_C,_08836_,NOR3,0,0,3,1,19,23,22,0.0,1.862,0.7980000000006839,0.0108
b22_C,_08837_,OAI21,0,0,3,1,20,22,21,0.0,1.862,0.7980000000006839,0.0108
b22_C,_08838_,AOI221,0,0,5,1,21,21,20,0.0,2.926,1.3300000000017462,0.0108
b22_C,_08839_,AOI21,0,0,3,1,18,22,21,0.0,1.862,0.7980000000006839,0.0108
b22_C,_08840_,NOR2,0,0,2,1,19,21,20,0.0,1.33,0.5320000000010623,0.0108
b22_C,_08842_,OAI221,0,0,5,1,23,19,18,0.0,2.926,1.3300000000017462,0.0108
b22_C,_08843_,NAND2,0,0,2,1,22,19,18,0.0,1.33,0.5320000000010623,0.0108
b22_C,_08844_,AOI221,0,0,5,2,20,19,19,-0.0005646763540292365,2.926,1.3300000000017462,0.0108
b22_C,_08845_,AOI22,0,0,4,1,21,20,20,-0.000497899603698837,2.394,1.0640000000003056,0.0108
b22_C,_08846_,OAI21,0,0,3,2,22,19,19,0.0,1.862,0.7980000000006839,0.0108
b22_C,_08847_,OAI211,0,0,4,1,24,18,17,0.0,2.394,1.0640000000003056,0.0108
b22_C,_08848_,NAND2,0,0,2,1,23,18,17,0.0,1.33,0.5320000000010623,0.0108
b22_C,_08849_,OAI221,0,0,5,2,21,18,18,-8.495376486128414e-05,2.926,1.3300000000017462,0.0108
b22_C,_08850_,OAI22,0,0,4,1,21,19,19,-5.577278731849766e-05,2.394,1.0640000000003056,0.0108
b22_C,_08851_,AOI21,0,0,3,2,22,18,18,0.0,1.862,0.7980000000006839,0.0108
b22_C,_08852_,OAI211,0,0,4,1,25,17,16,0.0,2.394,1.0640000000003056,0.0108
b22_C,_08853_,NAND2,0,0,2,1,23,17,16,0.0,1.33,0.5320000000010623,0.0108
b22_C,_08854_,OAI222,0,0,6,2,22,17,17,-2.5548216644688537e-05,3.724,1.5960000000013679,0.0108
b22_C,_08855_,AOI221,0,0,5,2,21,17,17,-0.0005712021136063949,2.926,1.3300000000017462,0.0108
b22_C,_08856_,OAI211,0,0,4,1,26,16,15,0.0,2.394,1.0640000000003056,0.0108
b22_C,_08857_,AOI22,0,0,4,1,23,16,15,0.0,2.394,1.0640000000003056,0.0108
b22_C,_08858_,AOI21,0,0,3,1,27,15,14,0.0,1.862,0.7980000000006839,0.0108
b22_C,_08859_,AOI22,0,0,4,1,16,16,16,-0.00045783355350081933,2.394,1.0640000000003056,0.0108
b22_C,_08860_,OAI21,0,0,3,2,23,15,15,0.0,1.862,0.7980000000006839,0.0108
b22_C,_08861_,AOI221,0,0,5,2,22,15,15,-0.0005782959048878933,2.926,1.3300000000017462,0.0108
b22_C,_08862_,OAI222,0,0,6,3,25,15,15,-2.6208718626241634e-05,3.724,1.5960000000013679,0.0108
b22_C,_08863_,AOI221,0,0,5,3,23,15,15,-0.0005722060766184534,2.926,1.3300000000017462,0.0108
b22_C,_08864_,AOI221,0,0,5,1,28,14,13,0.0,2.926,1.3300000000017462,0.0108
b22_C,_08865_,AOI211,0,0,4,1,26,14,13,0.0,2.394,1.0640000000003056,0.0108
b22_C,_08866_,AOI222,0,0,6,2,25,14,13,-0.00011214002642012666,3.724,1.5960000000013679,0.0108
b22_C,_08867_,OAI221,0,0,5,2,23,14,13,-0.00010221928665798963,2.926,1.3300000000017462,0.0108
b22_C,_08868_,AOI211,0,0,4,1,29,13,12,0.0,2.394,1.0640000000003056,0.0108
b22_C,_08869_,OAI21,0,0,3,1,30,12,11,0.0,1.862,0.7980000000006839,0.0108
b22_C,_08870_,AOI22,0,0,4,1,18,14,13,-5.1056803170412834e-05,2.394,1.0640000000003056,0.0108
b22_C,_08871_,OAI21,0,0,3,2,26,13,12,0.0,1.862,0.7980000000006839,0.0108
b22_C,_08872_,AOI221,0,0,5,2,25,13,12,-0.0005654557463672383,2.926,1.3300000000017462,0.0108
b22_C,_08873_,NAND2,0,0,2,1,27,12,11,0.0,1.33,0.5320000000010623,0.0108
b22_C,_08874_,OAI211,0,0,4,1,31,11,10,0.0,2.394,1.0640000000003056,0.0108
b22_C,_08875_,OAI221,0,0,5,2,25,12,11,-6.729194187604648e-05,2.926,1.3300000000017462,0.0108
b22_C,_08876_,OAI22,0,0,4,1,26,13,12,-1.1743725231161406e-05,2.394,1.0640000000003056,0.0108
b22_C,_08877_,AOI21,0,0,3,2,27,12,11,-6.585204755626961e-05,1.862,0.7980000000006839,0.0108
b22_C,_08878_,NAND2,0,0,2,1,28,11,10,0.0,1.33,0.5320000000010623,0.0108
b22_C,_08879_,OAI211,0,0,4,1,32,10,9,0.0,2.394,1.0640000000003056,0.0108
b22_C,_08880_,OAI222,0,0,6,2,28,11,10,-4.618229854713718e-05,3.724,1.5960000000013679,0.0108
b22_C,_08881_,AOI221,0,0,5,2,26,11,10,-7.54029062088879e-05,2.926,1.3300000000017462,0.0108
b22_C,_08882_,NAND2,0,0,2,1,29,10,9,0.0,1.33,0.5320000000010623,0.0108
b22_C,_08883_,OAI211,0,0,4,1,33,9,8,0.0,2.394,1.0640000000003056,0.0108
b22_C,_08884_,OAI221,0,0,5,1,34,8,7,0.0,2.926,1.3300000000017462,0.0108
b22_C,_08885_,AOI21,0,0,3,1,35,7,6,0.0,1.862,0.7980000000006839,0.0108
b22_C,_08886_,AOI21,0,0,3,1,36,6,5,0.0,1.862,0.7980000000006839,0.0108
b22_C,_08887_,NOR2,0,0,2,1,33,6,5,0.0,1.33,0.5320000000010623,0.0108
b22_C,_08888_,OAI21,0,0,3,1,37,5,4,0.0,1.862,0.7980000000006839,0.0108
b22_C,_08889_,XNOR2,0,0,2,1,38,4,3,0.0,2.66,1.0640000000003056,0.0108
b22_C,_08890_,AOI21,0,0,3,1,39,3,2,0.0,1.862,0.7980000000006839,0.0108
b22_C,_08891_,NOR2,0,0,2,1,32,6,5,-2.7833553500888897e-05,1.33,0.5320000000010623,0.0108
b22_C,_08892_,INV,0,0,1,1,12,18,17,0.0,0.798,0.26599999999962165,0.0108
b22_C,_08893_,AND4,0,0,4,1,13,17,16,0.0,1.862,0.26599999999962165,0.0108
b22_C,_08894_,NAND3,0,0,3,1,15,16,15,-1.3210039728761558e-08,1.862,0.7980000000006839,0.0108
b22_C,_08895_,NOR4,0,0,4,1,17,15,14,0.0,2.394,1.0640000000003056,0.0108
b22_C,_08896_,NOR2,0,0,2,1,17,15,14,-2.681638044954582e-06,1.33,0.5320000000010623,0.0108
b22_C,_08897_,NAND3,0,0,3,1,18,14,13,0.0,1.862,0.7980000000006839,0.0108
b22_C,_08898_,NOR3,0,0,3,1,19,13,12,-2.5099075300349938e-06,1.862,0.7980000000006839,0.0108
b22_C,_08899_,NAND3,0,0,3,1,22,12,11,-1.8494055487039418e-07,1.862,0.7980000000006839,0.0108
b22_C,_08900_,NAND3,0,0,3,1,22,12,11,-2.3778071336355566e-06,1.862,0.7980000000006839,0.0108
b22_C,_08901_,NOR4,0,0,4,1,24,11,10,-8.718626156145604e-06,2.394,1.0640000000003056,0.0108
b22_C,_08902_,NOR3,0,0,3,1,25,11,10,-7.265521799748598e-07,1.862,0.7980000000006839,0.0108
b22_C,_08903_,NAND3,0,0,3,1,26,10,9,-1.8494055487039418e-07,1.862,0.7980000000006839,0.0108
b22_C,_08904_,OR3,0,1,3,1,27,9,8,4.953764861204135e-06,1.596,0.26599999999962165,0.0108
b22_C,_08905_,OR3,0,1,3,1,29,8,7,6.089828269439934e-06,1.596,0.26599999999962165,0.0108
b22_C,_08906_,AOI211,0,1,4,1,31,7,6,2.642007923547851e-08,2.394,1.0640000000003056,0.0108
b22_C,_08907_,OAI21,0,1,3,1,32,6,5,-1.443857331584475e-05,1.862,0.7980000000006839,0.0108
b22_C,_08908_,AOI211,0,1,4,1,33,5,4,-1.775429326311695e-05,2.394,1.0640000000003056,0.0108
b22_C,_08909_,XNOR2,0,1,2,1,34,4,3,-2.145310435941461e-05,2.66,1.0640000000003056,0.0108
b22_C,_08910_,NOR3,0,1,3,1,35,3,2,-5.680317041178995e-07,1.862,0.7980000000006839,0.0108
b22_C,_08911_,OAI21,0,1,3,1,40,2,1,-1.9299867899835732e-05,1.862,0.7980000000006839,0.0108
b22_C,_08912_,NAND2,0,1,2,0,41,1,0,-5.429326288108882e-06,1.33,0.5320000000010623,0.0108
b22_C,_08913_,NOR3,0,0,3,1,12,2,1,-0.0005702113606342873,1.862,0.7980000000006839,0.0108
b22_C,_08914_,INV,0,0,1,1,1,2,1,0.0,0.798,0.26599999999962165,0.0108
b22_C,_08915_,AOI21,0,1,3,0,15,1,0,-2.689564068703021e-05,1.862,0.7980000000006839,0.0108
b22_C,_08916_,MUX2,0,1,3,0,14,1,0,-0.00012611624834879542,2.394,0.5320000000010623,0.0108
b22_C,_08917_,NAND2,0,0,2,1,10,3,3,-3.038309115410698e-07,1.33,0.5320000000010623,0.0108
b22_C,_08918_,BUF,0,0,1,10,8,4,65,2.642007923547851e-08,1.064,0.26599999999962165,0.0108
b22_C,_08919_,OAI211,0,0,4,2,13,2,2,-2.9062087203435283e-07,2.394,1.0640000000003056,0.0108
b22_C,_08920_,AND2,0,0,2,2,11,5,96,-3.1968295906015243e-06,1.33,0.26599999999962165,0.0108
b22_C,_08921_,NOR4,0,9,4,7,13,4,47,0.00044722589167744964,2.394,1.0640000000003056,0.0108
b22_C,_08922_,BUF,0,9,1,10,14,3,21,0.00017986789960366956,1.064,0.26599999999962165,0.0108
b22_C,_08923_,MUX2,0,1,3,0,15,1,0,-4.204755614289901e-05,2.394,0.5320000000010623,0.0108
b22_C,_08924_,AND2,0,0,2,9,7,5,36,-2.6420079457523116e-08,1.33,0.26599999999962165,0.0108
b22_C,_08925_,AOI221,0,0,5,1,13,3,3,0.0,2.926,1.3300000000017462,0.0108
b22_C,_08926_,NAND2,0,0,2,7,8,5,67,0.0,1.33,0.5320000000010623,0.0108
b22_C,_08927_,CLKBUF,0,0,1,10,9,4,38,1.941875825473005e-06,1.064,0.26599999999962165,0.0108
b22_C,_08928_,OAI211,0,0,4,2,14,2,2,-6.472919420463796e-07,2.394,1.0640000000003056,0.0108
b22_C,_08929_,MUX2,0,1,3,0,15,1,0,-4.204755614289901e-05,2.394,0.5320000000010623,0.0108
b22_C,_08930_,CLKBUF,0,0,1,10,9,5,40,-1.3210039950806163e-08,1.064,0.26599999999962165,0.0108
b22_C,_08931_,AOI22,0,0,4,1,13,3,3,0.0,2.394,1.0640000000003056,0.0108
b22_C,_08932_,BUF,0,0,1,10,9,3,30,1.8229854688023295e-06,1.064,0.26599999999962165,0.0108
b22_C,_08933_,OAI211,0,0,4,2,15,2,2,-1.71730515208246e-06,2.394,1.0640000000003056,0.0108
b22_C,_08934_,MUX2,0,1,3,0,16,1,0,-4.204755614289901e-05,2.394,0.5320000000010623,0.0108
b22_C,_08935_,NOR2,0,0,2,1,14,4,4,0.0,1.33,0.5320000000010623,0.0108
b22_C,_08936_,AOI21,0,0,3,1,15,3,3,-9.511228535874494e-07,1.862,0.7980000000006839,0.0108
b22_C,_08937_,NAND3,0,0,3,2,16,2,2,0.0,1.862,0.7980000000006839,0.0108
b22_C,_08938_,MUX2,0,1,3,0,17,1,0,-4.204755614289901e-05,2.394,0.5320000000010623,0.0108
b22_C,_08939_,BUF,0,0,1,10,14,3,19,-0.00010557463672400402,1.064,0.26599999999962165,0.0108
b22_C,_08940_,NOR2,0,0,2,1,15,2,1,0.0,1.33,0.5320000000010623,0.0108
b22_C,_08941_,NAND2,0,0,2,1,14,4,4,-1.3210039728761558e-08,1.33,0.5320000000010623,0.0108
b22_C,_08942_,OAI21,0,0,3,1,15,3,3,-7.793923382237722e-07,1.862,0.7980000000006839,0.0108
b22_C,_08943_,AOI211,0,0,4,2,16,2,2,0.0,2.394,1.0640000000003056,0.0108
b22_C,_08944_,BUF,0,2,1,10,15,2,10,3.870541611616929e-05,1.064,0.26599999999962165,0.0108
b22_C,_08945_,AOI21,0,1,3,0,17,1,0,-8.837516512816279e-06,1.862,0.7980000000006839,0.0108
b22_C,_08946_,BUF,0,0,1,10,10,5,39,5.468956406629033e-06,1.064,0.26599999999962165,0.0108
b22_C,_08947_,NOR2,0,0,2,1,15,4,4,-1.5852047556830229e-06,1.33,0.5320000000010623,0.0108
b22_C,_08948_,AOI21,0,0,3,1,16,3,3,0.0,1.862,0.7980000000006839,0.0108
b22_C,_08949_,OAI211,0,0,4,2,18,2,2,-1.71730515208246e-06,2.394,1.0640000000003056,0.0108
b22_C,_08950_,MUX2,0,1,3,0,19,1,0,-4.204755614289901e-05,2.394,0.5320000000010623,0.0108
b22_C,_08951_,NOR2,0,0,2,1,15,2,1,0.0,1.33,0.5320000000010623,0.0108
b22_C,_08952_,OAI22,0,0,4,1,15,3,3,-8.718626156589693e-07,2.394,1.0640000000003056,0.0108
b22_C,_08953_,NOR3,0,0,3,2,19,2,2,0.0,1.862,0.7980000000006839,0.0108
b22_C,_08954_,AOI21,0,1,3,0,20,1,0,-8.837516512816279e-06,1.862,0.7980000000006839,0.0108
b22_C,_08955_,AOI21,0,0,3,1,17,3,3,0.0,1.862,0.7980000000006839,0.0108
b22_C,_08956_,OAI211,0,0,4,2,18,2,2,-1.71730515208246e-06,2.394,1.0640000000003056,0.0108
b22_C,_08957_,MUX2,0,1,3,0,19,1,0,-4.204755614289901e-05,2.394,0.5320000000010623,0.0108
b22_C,_08958_,AOI222,0,0,6,1,17,3,3,-8.850726553877308e-07,3.724,1.5960000000013679,0.0108
b22_C,_08959_,OAI211,0,0,4,2,20,2,2,-6.190224570667979e-05,2.394,1.0640000000003056,0.0108
b22_C,_08960_,MUX2,0,1,3,0,21,1,0,-4.204755614289901e-05,2.394,0.5320000000010623,0.0108
b22_C,_08961_,NOR2,0,0,2,1,18,4,4,0.0,1.33,0.5320000000010623,0.0108
b22_C,_08962_,AOI221,0,0,5,1,19,3,3,-3.963011896424007e-08,2.926,1.3300000000017462,0.0108
b22_C,_08963_,OAI211,0,2,4,2,20,2,2,-3.705416116250859e-05,2.394,1.0640000000003056,0.0108
b22_C,_08964_,CLKBUF,0,0,1,10,14,2,10,-8.250990752989296e-05,1.064,0.26599999999962165,0.0108
b22_C,_08965_,MUX2,0,1,3,0,21,1,0,-6.737120212818581e-07,2.394,0.5320000000010623,0.0108
b22_C,_08966_,NOR2,0,0,2,1,15,2,1,0.0,1.33,0.5320000000010623,0.0108
b22_C,_08967_,OAI22,0,0,4,1,18,3,3,-9.77542932822928e-07,2.394,1.0640000000003056,0.0108
b22_C,_08968_,AOI211,0,2,4,2,21,2,2,1.4412153236387226e-05,2.394,1.0640000000003056,0.0108
b22_C,_08969_,AOI21,0,1,3,0,22,1,0,-3.9749009247191935e-05,1.862,0.7980000000006839,0.0108
b22_C,_08970_,NOR2,0,0,2,1,15,2,1,0.0,1.33,0.5320000000010623,0.0108
b22_C,_08971_,NOR2,0,0,2,1,19,3,3,-2.642007927988743e-07,1.33,0.5320000000010623,0.0108
b22_C,_08972_,OAI21,0,2,3,1,21,3,3,-2.8903566710924977e-05,1.862,0.7980000000006839,0.0108
b22_C,_08973_,AOI211,0,2,4,2,22,2,2,2.37120211359354e-05,2.394,1.0640000000003056,0.0108
b22_C,_08974_,AOI21,0,1,3,0,23,1,0,-3.978863936593413e-05,1.862,0.7980000000006839,0.0108
b22_C,_08975_,AOI221,0,0,5,1,20,3,3,-7.104359313103714e-05,2.926,1.3300000000017462,0.0108
b22_C,_08976_,OAI211,0,2,4,2,23,2,2,-3.862615587846285e-05,2.394,1.0640000000003056,0.0108
b22_C,_08977_,MUX2,0,1,3,0,24,1,0,-8.322324969167738e-07,2.394,0.5320000000010623,0.0108
b22_C,_08978_,AOI22,0,0,4,1,21,3,3,0.0,2.394,1.0640000000003056,0.0108
b22_C,_08979_,OAI211,0,2,4,2,25,2,2,-3.577278731836664e-05,2.394,1.0640000000003056,0.0108
b22_C,_08980_,MUX2,0,1,3,0,26,1,0,-8.718626156589693e-07,2.394,0.5320000000010623,0.0108
b22_C,_08981_,OAI22,0,0,4,1,21,4,4,0.0,2.394,1.0640000000003056,0.0108
b22_C,_08982_,INV,0,0,1,1,22,3,3,0.0,0.798,0.26599999999962165,0.0108
b22_C,_08983_,OAI211,0,2,4,2,25,2,2,-5.577278731827562e-05,2.394,1.0640000000003056,0.0108
b22_C,_08984_,MUX2,0,1,3,0,26,1,0,-1.6908850728469815e-06,2.394,0.5320000000010623,0.0108
b22_C,_08985_,NOR2,0,0,2,1,15,2,1,0.0,1.33,0.5320000000010623,0.0108
b22_C,_08986_,OAI22,0,0,4,1,22,3,3,-1.9286657861883327e-06,2.394,1.0640000000003056,0.0108
b22_C,_08987_,AOI211,0,2,4,2,28,2,2,1.44782034343649e-05,2.394,1.0640000000003056,0.0108
b22_C,_08988_,AOI21,0,1,3,0,29,1,0,-3.9749009247191935e-05,1.862,0.7980000000006839,0.0108
b22_C,_08989_,NOR2,0,0,2,1,15,2,1,0.0,1.33,0.5320000000010623,0.0108
b22_C,_08990_,OAI21,0,2,3,1,27,3,3,-3.228533685617485e-05,1.862,0.7980000000006839,0.0108
b22_C,_08991_,OAI22,0,0,4,1,22,3,3,-9.77542932822928e-07,2.394,1.0640000000003056,0.0108
b22_C,_08992_,NOR2,0,2,2,2,28,2,2,1.4319682958952029e-05,1.33,0.5320000000010623,0.0108
b22_C,_08993_,AOI21,0,1,3,0,29,1,0,-3.116248348744577e-05,1.862,0.7980000000006839,0.0108
b22_C,_08994_,NOR2,0,0,2,1,15,2,1,0.0,1.33,0.5320000000010623,0.0108
b22_C,_08995_,NAND2,0,0,2,1,23,4,4,0.0,1.33,0.5320000000010623,0.0108
b22_C,_08996_,OAI21,0,0,3,1,24,3,3,-8.586525761522523e-07,1.862,0.7980000000006839,0.0108
b22_C,_08997_,AOI211,0,2,4,2,28,2,2,2.0898282694581383e-05,2.394,1.0640000000003056,0.0108
b22_C,_08998_,AOI21,0,1,3,0,29,1,0,-3.9775429326427414e-05,1.862,0.7980000000006839,0.0108
b22_C,_08999_,NAND2,0,0,2,1,21,3,3,-3.850726552179218e-05,1.33,0.5320000000010623,0.0108
b22_C,_09000_,AOI221,0,0,5,1,24,3,3,-7.10039630120729e-05,2.926,1.3300000000017462,0.0108
b22_C,_09001_,NAND3,0,2,3,2,30,2,2,-2.4372523117488498e-05,1.862,0.7980000000006839,0.0108
b22_C,_09002_,MUX2,0,1,3,0,31,1,0,-1.0964332894936035e-06,2.394,0.5320000000010623,0.0108
b22_C,_09003_,NOR2,0,0,2,1,15,2,1,0.0,1.33,0.5320000000010623,0.0108
b22_C,_09004_,OAI222,0,0,6,1,25,3,3,-1.417437252326792e-05,3.724,1.5960000000013679,0.0108
b22_C,_09005_,NOR2,0,2,2,2,31,2,2,4.081902245545166e-06,1.33,0.5320000000010623,0.0108
b22_C,_09006_,AOI21,0,1,3,0,32,1,0,-3.09114927345977e-05,1.862,0.7980000000006839,0.0108
b22_C,_09007_,NOR2,0,0,2,1,15,2,1,0.0,1.33,0.5320000000010623,0.0108
b22_C,_09008_,NAND2,0,0,2,1,16,4,4,-1.2417437253997576e-06,1.33,0.5320000000010623,0.0108
b22_C,_09009_,OAI221,0,0,5,1,27,3,3,-1.5059445179765873e-06,2.926,1.3300000000017462,0.0108
b22_C,_09010_,AOI211,0,2,4,2,33,2,2,2.406869220594743e-05,2.394,1.0640000000003056,0.0108
b22_C,_09011_,AOI21,0,1,3,0,34,1,0,-3.980184940588494e-05,1.862,0.7980000000006839,0.0108
b22_C,_09012_,NAND2,0,0,2,1,26,4,4,0.0,1.33,0.5320000000010623,0.0108
b22_C,_09013_,AOI21,0,0,3,1,22,4,4,-5.2840158693001626e-08,1.862,0.7980000000006839,0.0108
b22_C,_09014_,OAI211,0,0,4,1,27,3,3,-1.4002642008126287e-06,2.394,1.0640000000003056,0.0108
b22_C,_09015_,OR2,0,2,2,2,32,2,2,6.4597093791807225e-06,1.33,0.26599999999962165,0.0108
b22_C,_09016_,MUX2,0,1,3,0,33,1,0,1.1360634080137544e-06,2.394,0.5320000000010623,0.0108
b22_C,_09017_,OAI21,0,0,3,1,23,4,4,0.0,1.862,0.7980000000006839,0.0108
b22_C,_09018_,AOI21,0,0,3,1,28,3,3,0.0,1.862,0.7980000000006839,0.0108
b22_C,_09019_,OAI211,0,2,4,2,34,2,2,-2.6974900924736644e-05,2.394,1.0640000000003056,0.0108
b22_C,_09020_,MUX2,0,1,3,0,35,1,0,-7.133421402460982e-07,2.394,0.5320000000010623,0.0108
b22_C,_09021_,OAI22,0,0,4,1,29,4,4,-7.926023792848014e-08,2.394,1.0640000000003056,0.0108
b22_C,_09022_,AOI21,0,0,3,1,30,3,3,0.0,1.862,0.7980000000006839,0.0108
b22_C,_09023_,NAND2,0,2,2,2,35,2,2,-3.603698811116551e-05,1.33,0.5320000000010623,0.0108
b22_C,_09024_,MUX2,0,1,3,0,36,1,0,-1.4531043595056303e-06,2.394,0.5320000000010623,0.0108
b22_C,_09025_,NOR2,0,2,2,1,30,4,4,-3.211360634103322e-05,1.33,0.5320000000010623,0.0108
b22_C,_09026_,AOI221,0,2,5,1,31,3,3,-0.0001260634081905465,2.926,1.3300000000017462,0.0108
b22_C,_09027_,NAND3,0,2,3,2,35,2,2,-4.719947159848026e-05,1.862,0.7980000000006839,0.0108
b22_C,_09028_,MUX2,0,1,3,0,36,1,0,-1.0964332894936035e-06,2.394,0.5320000000010623,0.0108
b22_C,_09029_,OAI222,0,0,6,1,31,4,4,-5.7727873183921474e-06,3.724,1.5960000000013679,0.0108
b22_C,_09030_,INV,0,0,1,1,32,3,3,0.0,0.798,0.26599999999962165,0.0108
b22_C,_09031_,OAI211,0,2,4,2,36,2,2,-7.783355350077237e-05,2.394,1.0640000000003056,0.0108
b22_C,_09032_,MUX2,0,1,3,0,37,1,0,-8.190224569659676e-07,2.394,0.5320000000010623,0.0108
b22_C,_09033_,NOR2,0,0,2,1,32,4,4,0.0,1.33,0.5320000000010623,0.0108
b22_C,_09034_,AOI221,0,0,5,1,33,3,3,-1.9762219286789673e-05,2.926,1.3300000000017462,0.0108
b22_C,_09035_,OAI211,0,2,4,2,38,2,2,-7.439894319705154e-05,2.394,1.0640000000003056,0.0108
b22_C,_09036_,MUX2,0,1,3,0,39,1,0,-9.343461030386635e-05,2.394,0.5320000000010623,0.0108
b22_C,_09037_,NOR2,0,0,2,1,15,2,1,-5.0554821664494654e-05,1.33,0.5320000000010623,0.0108
b22_C,_09038_,OAI222,0,0,6,1,34,3,3,-3.126816380460973e-05,3.724,1.5960000000013679,0.0108
b22_C,_09039_,AOI211,0,2,4,2,39,2,2,7.318361954888886e-06,2.394,1.0640000000003056,0.0108
b22_C,_09040_,AOI21,0,1,3,0,40,1,0,-3.9749009247191935e-05,1.862,0.7980000000006839,0.0108
b22_C,_09041_,NOR2,0,0,2,1,15,2,1,-5.0554821664494654e-05,1.33,0.5320000000010623,0.0108
b22_C,_09042_,AOI22,0,0,4,1,29,4,4,-1.9379128137542168e-05,2.394,1.0640000000003056,0.0108
b22_C,_09043_,OAI21,0,0,3,1,33,3,3,-1.770145310553417e-06,1.862,0.7980000000006839,0.0108
b22_C,_09044_,AOI211,0,2,4,2,40,2,2,-7.807133421522394e-06,2.394,1.0640000000003056,0.0108
b22_C,_09045_,AOI21,0,1,3,0,41,1,0,-2.7992073976301768e-05,1.862,0.7980000000006839,0.0108
b22_C,_09046_,NAND2,0,0,2,1,37,4,4,-1.8348745046470327e-05,1.33,0.5320000000010623,0.0108
b22_C,_09047_,OAI221,0,0,5,1,38,3,3,0.0,2.926,1.3300000000017462,0.0108
b22_C,_09048_,OR2,0,2,2,2,40,2,2,5.548216644557513e-06,1.33,0.26599999999962165,0.0108
b22_C,_09049_,MUX2,0,1,3,0,41,1,0,-9.147952443866458e-05,2.394,0.5320000000010623,0.0108
b22_C,_09050_,OAI221,0,2,5,2,35,2,2,-3.9101717308476225e-06,2.926,1.3300000000017462,0.0108
b22_C,_09051_,MUX2,0,1,3,0,36,1,0,-9.998678996048227e-05,2.394,0.5320000000010623,0.0108
b22_C,_09052_,NAND2,0,0,2,1,32,3,3,-3.198150594463378e-05,1.33,0.5320000000010623,0.0108
b22_C,_09053_,OAI211,0,2,4,2,35,2,2,-1.8863936591895225e-05,2.394,1.0640000000003056,0.0108
b22_C,_09054_,MUX2,0,1,3,0,36,1,0,-9.330250990746691e-05,2.394,0.5320000000010623,0.0108
b22_C,_09055_,NOR4,0,9,4,7,13,4,47,0.00044725231175690716,2.394,1.0640000000003056,0.0108
b22_C,_09056_,BUF,0,9,1,10,14,3,21,0.00017986789960366956,1.064,0.26599999999962165,0.0108
b22_C,_09057_,MUX2,0,1,3,0,15,1,0,-4.204755614289901e-05,2.394,0.5320000000010623,0.0108
b22_C,_09058_,MUX2,0,1,3,0,15,1,0,-4.204755614289901e-05,2.394,0.5320000000010623,0.0108
b22_C,_09059_,MUX2,0,1,3,0,16,1,0,-4.204755614289901e-05,2.394,0.5320000000010623,0.0108
b22_C,_09060_,MUX2,0,1,3,0,17,1,0,-4.204755614289901e-05,2.394,0.5320000000010623,0.0108
b22_C,_09061_,BUF,0,0,1,10,14,3,19,-0.0001056010568032395,1.064,0.26599999999962165,0.0108
b22_C,_09062_,NOR2,0,0,2,1,15,2,1,0.0,1.33,0.5320000000010623,0.0108
b22_C,_09063_,BUF,0,2,1,10,15,2,10,3.701453104354435e-05,1.064,0.26599999999962165,0.0108
b22_C,_09064_,AOI21,0,1,3,0,17,1,0,-6.380449141474287e-06,1.862,0.7980000000006839,0.0108
b22_C,_09065_,MUX2,0,1,3,0,19,1,0,-4.204755614289901e-05,2.394,0.5320000000010623,0.0108
b22_C,_09066_,NOR2,0,0,2,1,15,2,1,0.0,1.33,0.5320000000010623,0.0108
b22_C,_09067_,AOI21,0,1,3,0,20,1,0,-6.380449141474287e-06,1.862,0.7980000000006839,0.0108
b22_C,_09068_,MUX2,0,1,3,0,19,1,0,-4.204755614289901e-05,2.394,0.5320000000010623,0.0108
b22_C,_09069_,MUX2,0,1,3,0,21,1,0,-4.204755614289901e-05,2.394,0.5320000000010623,0.0108
b22_C,_09070_,CLKBUF,0,0,1,10,14,2,10,-8.253632760912843e-05,1.064,0.26599999999962165,0.0108
b22_C,_09071_,MUX2,0,1,3,0,21,1,0,-6.737120212818581e-07,2.394,0.5320000000010623,0.0108
b22_C,_09072_,NOR2,0,0,2,1,15,2,1,0.0,1.33,0.5320000000010623,0.0108
b22_C,_09073_,AOI21,0,1,3,0,22,1,0,-4.4887714663266465e-05,1.862,0.7980000000006839,0.0108
b22_C,_09074_,NOR2,0,0,2,1,15,2,1,0.0,1.33,0.5320000000010623,0.0108
b22_C,_09075_,AOI21,0,1,3,0,23,1,0,-4.492734478200866e-05,1.862,0.7980000000006839,0.0108
b22_C,_09076_,MUX2,0,1,3,0,24,1,0,-8.322324969167738e-07,2.394,0.5320000000010623,0.0108
b22_C,_09077_,MUX2,0,1,3,0,26,1,0,-8.718626156589693e-07,2.394,0.5320000000010623,0.0108
b22_C,_09078_,MUX2,0,1,3,0,26,1,0,-1.6908850728469815e-06,2.394,0.5320000000010623,0.0108
b22_C,_09079_,NOR2,0,0,2,1,15,2,1,0.0,1.33,0.5320000000010623,0.0108
b22_C,_09080_,AOI21,0,1,3,0,29,1,0,-4.4887714663266465e-05,1.862,0.7980000000006839,0.0108
b22_C,_09081_,NOR2,0,0,2,1,15,2,1,0.0,1.33,0.5320000000010623,0.0108
b22_C,_09082_,AOI21,0,1,3,0,29,1,0,-3.416116248344814e-05,1.862,0.7980000000006839,0.0108
b22_C,_09083_,NOR2,0,0,2,1,15,2,1,0.0,1.33,0.5320000000010623,0.0108
b22_C,_09084_,AOI21,0,1,3,0,29,1,0,-4.491413474250194e-05,1.862,0.7980000000006839,0.0108
b22_C,_09085_,MUX2,0,1,3,0,31,1,0,-1.0964332894936035e-06,2.394,0.5320000000010623,0.0108
b22_C,_09086_,NOR2,0,0,2,1,15,2,1,0.0,1.33,0.5320000000010623,0.0108
b22_C,_09087_,AOI21,0,1,3,0,32,1,0,-3.385733157212911e-05,1.862,0.7980000000006839,0.0108
b22_C,_09088_,NOR2,0,0,2,1,15,2,1,0.0,1.33,0.5320000000010623,0.0108
b22_C,_09089_,AOI21,0,1,3,0,34,1,0,-4.494055482173742e-05,1.862,0.7980000000006839,0.0108
b22_C,_09090_,MUX2,0,1,3,0,33,1,0,1.1360634080137544e-06,2.394,0.5320000000010623,0.0108
b22_C,_09091_,MUX2,0,1,3,0,35,1,0,-7.133421402460982e-07,2.394,0.5320000000010623,0.0108
b22_C,_09092_,MUX2,0,1,3,0,36,1,0,-1.4531043595056303e-06,2.394,0.5320000000010623,0.0108
b22_C,_09093_,MUX2,0,1,3,0,36,1,0,-1.0964332894936035e-06,2.394,0.5320000000010623,0.0108
b22_C,_09094_,MUX2,0,1,3,0,37,1,0,-8.190224569659676e-07,2.394,0.5320000000010623,0.0108
b22_C,_09095_,MUX2,0,1,3,0,39,1,0,-9.346103038332387e-05,2.394,0.5320000000010623,0.0108
b22_C,_09096_,NOR2,0,0,2,1,15,2,1,-5.058124174395218e-05,1.33,0.5320000000010623,0.0108
b22_C,_09097_,AOI21,0,1,3,0,40,1,0,-4.487450462375975e-05,1.862,0.7980000000006839,0.0108
b22_C,_09098_,NOR2,0,0,2,1,15,2,1,-5.058124174395218e-05,1.33,0.5320000000010623,0.0108
b22_C,_09099_,AOI21,0,1,3,0,41,1,0,-3.52179656539775e-05,1.862,0.7980000000006839,0.0108
b22_C,_09100_,MUX2,0,1,3,0,41,1,0,-9.150594451790006e-05,2.394,0.5320000000010623,0.0108
b22_C,_09101_,MUX2,0,1,3,0,36,1,0,-0.00010001321003993979,2.394,0.5320000000010623,0.0108
b22_C,_09102_,MUX2,0,1,3,0,36,1,0,-9.332892998692444e-05,2.394,0.5320000000010623,0.0108
b22_C,_09103_,BUF,0,7,1,10,12,3,10,6.70277410832476e-05,1.064,0.26599999999962165,0.0108
b22_C,_09104_,MUX2,0,1,3,0,13,1,0,-2.7820343461160135e-05,2.394,0.5320000000010623,0.0108
b22_C,_09105_,MUX2,0,1,3,0,13,1,0,-2.7820343461160135e-05,2.394,0.5320000000010623,0.0108
b22_C,_09106_,MUX2,0,1,3,0,13,1,0,-2.7820343461160135e-05,2.394,0.5320000000010623,0.0108
b22_C,_09107_,MUX2,0,1,3,0,13,1,0,-2.8441215323971036e-05,2.394,0.5320000000010623,0.0108
b22_C,_09108_,MUX2,0,1,3,0,13,1,0,-2.7820343461160135e-05,2.394,0.5320000000010623,0.0108
b22_C,_09109_,MUX2,0,1,3,0,13,1,0,-2.7820343461160135e-05,2.394,0.5320000000010623,0.0108
b22_C,_09110_,BUF,0,10,1,10,12,2,10,0.00014491413474226889,1.064,0.26599999999962165,0.0108
b22_C,_09111_,MUX2,0,1,3,0,13,1,0,-3.346103038337489e-05,2.394,0.5320000000010623,0.0108
b22_C,_09112_,MUX2,0,1,3,0,13,1,0,-3.322324967003354e-05,2.394,0.5320000000010623,0.0108
b22_C,_09113_,MUX2,0,1,3,0,13,1,0,-3.322324967003354e-05,2.394,0.5320000000010623,0.0108
b22_C,_09114_,MUX2,0,1,3,0,13,1,0,-3.322324967003354e-05,2.394,0.5320000000010623,0.0108
b22_C,_09115_,MUX2,0,1,3,0,13,1,0,-3.322324967003354e-05,2.394,0.5320000000010623,0.0108
b22_C,_09116_,MUX2,0,1,3,0,13,1,0,-3.4108322325199225e-05,2.394,0.5320000000010623,0.0108
b22_C,_09117_,MUX2,0,1,3,0,13,1,0,-3.322324967003354e-05,2.394,0.5320000000010623,0.0108
b22_C,_09118_,MUX2,0,1,3,0,13,1,0,-3.322324967003354e-05,2.394,0.5320000000010623,0.0108
b22_C,_09119_,MUX2,0,1,3,0,13,1,0,-3.343461030391737e-05,2.394,0.5320000000010623,0.0108
b22_C,_09120_,MUX2,0,1,3,0,13,1,0,-3.322324967003354e-05,2.394,0.5320000000010623,0.0108
b22_C,_09121_,MUX2,0,1,3,0,12,1,0,-9.676354029086731e-05,2.394,0.5320000000010623,0.0108
b22_C,_09122_,MUX2,0,1,3,0,14,1,0,-4.429326287991309e-05,2.394,0.5320000000010623,0.0108
b22_C,_09123_,NAND2,0,1,2,1,13,2,1,-2.147952443865009e-05,1.33,0.5320000000010623,0.0108
b22_C,_09124_,OAI21,0,1,3,0,16,1,0,-2.3540290621015814e-05,1.862,0.7980000000006839,0.0108
b22_C,_09125_,MUX2,0,1,3,0,14,1,0,-4.429326287991309e-05,2.394,0.5320000000010623,0.0108
b22_C,_09126_,MUX2,0,1,3,0,15,1,0,-4.472919418763155e-05,2.394,0.5320000000010623,0.0108
b22_C,_09127_,MUX2,0,1,3,0,16,1,0,-4.4346103038384044e-05,2.394,0.5320000000010623,0.0108
b22_C,_09128_,MUX2,0,1,3,0,16,1,0,-4.429326287991309e-05,2.394,0.5320000000010623,0.0108
b22_C,_09129_,MUX2,0,1,3,0,17,1,0,-4.429326287991309e-05,2.394,0.5320000000010623,0.0108
b22_C,_09130_,MUX2,0,1,3,0,18,1,0,-4.429326287991309e-05,2.394,0.5320000000010623,0.0108
b22_C,_09131_,MUX2,0,1,3,0,19,1,0,-4.437252311761952e-05,2.394,0.5320000000010623,0.0108
b22_C,_09132_,NAND2,0,0,2,1,13,2,1,-2.529722589184047e-05,1.33,0.5320000000010623,0.0108
b22_C,_09133_,OAI21,0,1,3,0,20,1,0,-2.3461030383309378e-05,1.862,0.7980000000006839,0.0108
b22_C,_09134_,MUX2,0,1,3,0,21,1,0,-4.429326287991309e-05,2.394,0.5320000000010623,0.0108
b22_C,_09135_,MUX2,0,1,3,0,20,1,0,-3.073976221945607e-05,2.394,0.5320000000010623,0.0108
b22_C,_09136_,MUX2,0,1,3,0,18,1,0,-5.183619550863661e-05,2.394,0.5320000000010623,0.0108
b22_C,_09137_,MUX2,0,1,3,0,12,1,0,-9.616908850751393e-05,2.394,0.5320000000010623,0.0108
b22_C,_09138_,MUX2,0,1,3,0,12,1,0,-9.616908850751393e-05,2.394,0.5320000000010623,0.0108
b22_C,_09139_,CLKBUF,0,0,1,10,1,5,47,-3.830911494695499e-07,1.064,0.26599999999962165,0.0108
b22_C,_09140_,CLKBUF,0,0,1,10,2,4,15,0.0,1.064,0.26599999999962165,0.0108
b22_C,_09141_,INV,0,0,1,10,1,37,1908,8.771466314172471e-06,0.798,0.26599999999962165,0.0108
b22_C,_09142_,INV,0,0,1,2,1,39,1913,0.0,0.798,0.26599999999962165,0.0108
b22_C,_09143_,INV,0,0,1,2,1,39,1911,0.0,0.798,0.26599999999962165,0.0108
b22_C,_09144_,INV,0,0,1,3,1,39,1931,0.0,0.798,0.26599999999962165,0.0108
b22_C,_09145_,OR3,1,206,3,3,1,41,2166,0.002896301188903383,1.596,0.26599999999962165,0.0108
b22_C,_09146_,OR4,1,206,4,3,2,40,2109,0.002973791281373872,1.862,0.26599999999962165,0.0108
b22_C,_09147_,NOR4,0,0,4,1,1,41,1979,0.0,2.394,1.0640000000003056,0.0108
b22_C,_09148_,NOR3,0,0,3,1,1,41,1979,0.0,1.862,0.7980000000006839,0.0108
b22_C,_09149_,NOR4,0,0,4,1,1,41,1979,0.0,2.394,1.0640000000003056,0.0108
b22_C,_09150_,NAND3,0,0,3,2,2,40,1978,0.0,1.862,0.7980000000006839,0.0108
b22_C,_09151_,NOR4,1,206,4,3,3,39,1933,0.006337859973579718,2.394,1.0640000000003056,0.0108
b22_C,_09152_,NAND4,1,206,4,3,4,38,1907,-0.004627661822985685,2.394,1.0640000000003056,0.0108
b22_C,_09153_,OR4,1,202,4,5,5,37,1831,0.003800343461030087,1.862,0.26599999999962165,0.0108
b22_C,_09154_,NOR4,0,17,4,2,6,35,1253,-0.0010368824306474789,2.394,1.0640000000003056,0.0108
b22_C,_09155_,OR3,0,2,3,3,7,34,1251,-0.00021072655217957426,1.596,0.26599999999962165,0.0108
b22_C,_09156_,OAI21,0,15,3,3,7,34,1251,-0.0002473976221930574,1.862,0.7980000000006839,0.0108
b22_C,_09157_,NOR3,0,8,3,2,6,35,1365,-0.001153500660502349,1.862,0.7980000000006839,0.0108
b22_C,_09158_,OR3,0,0,3,3,7,34,1363,-8.145310435936359e-05,1.596,0.26599999999962165,0.0108
b22_C,_09159_,OAI21,0,8,3,3,7,34,1363,-0.00013416116248365917,1.862,0.7980000000006839,0.0108
b22_C,_09160_,NAND4,0,16,4,6,8,33,1063,8.080581241731721e-05,2.394,1.0640000000003056,0.0108
b22_C,_09161_,BUF,0,16,1,10,9,32,1027,0.00039417437252309284,1.064,0.26599999999962165,0.0108
b22_C,_09162_,BUF,0,16,1,10,10,31,954,0.0004181902245705693,1.064,0.26599999999962165,0.0108
b22_C,_09163_,BUF,0,16,1,10,11,27,807,0.00043134742404205006,1.064,0.26599999999962165,0.0108
b22_C,_09164_,BUF,0,16,1,10,12,21,671,0.0004451254953763417,1.064,0.26599999999962165,0.0108
b22_C,_09165_,BUF,0,16,1,10,13,17,521,0.000397899603698626,1.064,0.26599999999962165,0.0108
b22_C,_09166_,BUF,0,16,1,10,14,11,407,0.00041494055482149683,1.064,0.26599999999962165,0.0108
b22_C,_09167_,BUF,0,0,1,10,1,36,1648,0.0,1.064,0.26599999999962165,0.0108
b22_C,_09168_,OR2,0,4,2,2,5,36,962,-0.0009497093791281941,1.33,0.26599999999962165,0.0108
b22_C,_09169_,NAND2,0,4,2,2,6,31,756,1.8546895640625394e-05,1.33,0.5320000000010623,0.0108
b22_C,_09170_,XNOR2,0,0,2,9,7,30,640,-3.945838837515758e-05,2.66,1.0640000000003056,0.0108
b22_C,_09171_,BUF,0,0,1,10,8,18,563,0.0,1.064,0.26599999999962165,0.0108
b22_C,_09172_,BUF,0,0,1,10,9,11,536,0.0,1.064,0.26599999999962165,0.0108
b22_C,_09173_,NAND2,0,1,2,6,8,32,852,-0.00013542932628807236,1.33,0.5320000000010623,0.0108
b22_C,_09174_,NAND2,0,8,2,10,8,32,974,0.00016945838837512106,1.33,0.5320000000010623,0.0108
b22_C,_09175_,NOR2,0,1,2,5,9,31,783,-3.631439894324906e-05,1.33,0.5320000000010623,0.0108
b22_C,_09176_,BUF,0,1,1,10,10,26,722,8.480845442582208e-06,1.064,0.26599999999962165,0.0108
b22_C,_09177_,NAND2,0,0,2,2,5,32,863,-0.0023055746367239838,1.33,0.5320000000010623,0.0108
b22_C,_09178_,XOR2,0,0,2,6,6,31,764,0.0,2.394,0.7980000000006839,0.0108
b22_C,_09179_,NAND2,0,0,2,2,4,35,1050,-0.005610105680317057,1.33,0.5320000000010623,0.0108
b22_C,_09180_,OAI21,0,0,3,2,5,33,1034,-5.2840158693001626e-08,1.862,0.7980000000006839,0.0108
b22_C,_09181_,XNOR2,0,0,2,5,6,32,929,0.0,2.66,1.0640000000003056,0.0108
b22_C,_09182_,NOR2,0,0,2,2,7,30,726,0.0,1.33,0.5320000000010623,0.0108
b22_C,_09183_,BUF,0,0,1,10,8,29,696,0.0,1.064,0.26599999999962165,0.0108
b22_C,_09184_,BUF,0,0,1,10,9,20,651,0.0,1.064,0.26599999999962165,0.0108
b22_C,_09185_,NOR2,0,0,2,10,11,17,116,4.4266842800455564e-05,1.33,0.5320000000010623,0.0108
b22_C,_09186_,NAND2,0,0,2,1,6,35,775,-0.0011782298546896275,1.33,0.5320000000010623,0.0108
b22_C,_09187_,XNOR2,0,0,2,6,7,34,774,2.1664464990855947e-06,2.66,1.0640000000003056,0.0108
b22_C,_09188_,OAI21,0,33,3,1,6,34,775,-0.0009247952443860452,1.862,0.7980000000006839,0.0108
b22_C,_09189_,XOR2,0,33,2,6,7,33,774,0.0004723778071331619,2.394,0.7980000000006839,0.0108
b22_C,_09190_,OAI21,0,0,3,1,6,35,775,-2.5350066050311426e-05,1.862,0.7980000000006839,0.0108
b22_C,_09191_,XOR2,0,0,2,6,7,34,774,2.832232496685627e-05,2.394,0.7980000000006839,0.0108
b22_C,_09192_,NOR2,0,32,2,3,8,11,572,-3.0092470277631733e-05,1.33,0.5320000000010623,0.0108
b22_C,_09193_,NAND2,0,0,2,2,9,10,86,-0.00022692206076624366,1.33,0.5320000000010623,0.0108
b22_C,_09194_,AOI22,0,13,4,2,15,9,72,1.2853368559939682e-05,2.394,1.0640000000003056,0.0108
b22_C,_09195_,NAND2,0,1,2,0,16,1,0,-0.00010359313077934473,1.33,0.5320000000010623,0.0108
b22_C,_09196_,AOI21,0,32,3,3,10,10,430,0.00035043593130779094,1.862,0.7980000000006839,0.0108
b22_C,_09197_,AND2,0,32,2,7,11,9,218,0.00046947159841459474,1.33,0.26599999999962165,0.0108
b22_C,_09198_,INV,0,0,1,2,8,33,606,-1.3210039631061932e-06,0.798,0.26599999999962165,0.0108
b22_C,_09199_,XNOR2,0,0,2,2,8,33,606,-4.060766182312214e-05,2.66,1.0640000000003056,0.0108
b22_C,_09200_,AOI21,0,0,3,3,9,32,566,-0.0003397225891679234,1.862,0.7980000000006839,0.0108
b22_C,_09201_,INV,0,0,1,3,1,32,563,0.0,0.798,0.26599999999962165,0.0108
b22_C,_09202_,AOI22,0,0,4,4,10,31,559,-0.00036273447820378557,2.394,1.0640000000003056,0.0108
b22_C,_09203_,INV,0,1,1,3,8,14,428,-0.00034052840158538267,0.798,0.26599999999962165,0.0108
b22_C,_09204_,NAND2,0,0,2,1,9,14,423,-1.3210039950806163e-08,1.33,0.5320000000010623,0.0108
b22_C,_09205_,NAND2,0,0,2,2,10,13,422,-5.653896961721472e-06,1.33,0.5320000000010623,0.0108
b22_C,_09206_,NOR4,0,0,4,1,1,15,388,0.0,2.394,1.0640000000003056,0.0108
b22_C,_09207_,NOR3,0,0,3,1,1,15,388,0.0,1.862,0.7980000000006839,0.0108
b22_C,_09208_,NOR4,0,0,4,1,1,15,388,0.0,2.394,1.0640000000003056,0.0108
b22_C,_09209_,NOR3,0,0,3,1,1,15,388,0.0,1.862,0.7980000000006839,0.0108
b22_C,_09210_,NAND4,0,0,4,1,2,14,387,0.0,2.394,1.0640000000003056,0.0108
b22_C,_09211_,NOR4,0,0,4,1,1,15,388,0.0,2.394,1.0640000000003056,0.0108
b22_C,_09212_,NOR4,0,0,4,1,1,15,388,0.0,2.394,1.0640000000003056,0.0108
b22_C,_09213_,NOR4,0,0,4,1,1,15,388,0.0,2.394,1.0640000000003056,0.0108
b22_C,_09214_,NOR4,0,0,4,1,1,15,388,0.0,2.394,1.0640000000003056,0.0108
b22_C,_09215_,NAND4,0,0,4,1,2,14,387,0.0,2.394,1.0640000000003056,0.0108
b22_C,_09216_,NOR2,0,0,2,1,3,13,386,0.0,1.33,0.5320000000010623,0.0108
b22_C,_09217_,NOR2,0,0,2,3,11,12,385,0.0,1.33,0.5320000000010623,0.0108
b22_C,_09218_,NOR2,0,1,2,2,9,13,389,4.068692205816404e-06,1.33,0.5320000000010623,0.0108
b22_C,_09219_,INV,0,0,1,2,1,13,388,0.0,0.798,0.26599999999962165,0.0108
b22_C,_09220_,AOI21,0,1,3,2,10,12,386,-8.097754293556747e-06,1.862,0.7980000000006839,0.0108
b22_C,_09221_,OR2,0,1,2,2,12,11,372,6.922060766134663e-06,1.33,0.26599999999962165,0.0108
b22_C,_09222_,NOR2,0,0,2,5,13,8,183,-5.3236459709449235e-06,1.33,0.5320000000010623,0.0108
b22_C,_09223_,XNOR2,0,0,2,6,6,30,660,0.0,2.66,1.0640000000003056,0.0108
b22_C,_09224_,NAND2,0,0,2,2,5,34,734,-3.963011896424007e-08,1.33,0.5320000000010623,0.0108
b22_C,_09225_,XNOR2,0,0,2,8,6,13,525,0.0,2.66,1.0640000000003056,0.0108
b22_C,_09226_,NOR2,0,0,2,2,4,34,946,-0.005328824306473079,1.33,0.5320000000010623,0.0108
b22_C,_09227_,XNOR2,0,0,2,6,5,28,586,2.2324966972853133e-06,2.66,1.0640000000003056,0.0108
b22_C,_09228_,NOR2,0,0,2,3,7,10,326,-8.586525761522523e-07,1.33,0.5320000000010623,0.0108
b22_C,_09229_,NAND2,0,0,2,3,8,9,158,0.0,1.33,0.5320000000010623,0.0108
b22_C,_09230_,NOR2,0,0,2,3,9,8,153,0.0,1.33,0.5320000000010623,0.0108
b22_C,_09231_,NAND2,0,0,2,1,14,7,55,0.0,1.33,0.5320000000010623,0.0108
b22_C,_09232_,INV,0,0,1,2,11,11,355,-4.015852047567492e-06,0.798,0.26599999999962165,0.0108
b22_C,_09233_,NOR2,0,0,2,1,12,8,166,0.0,1.33,0.5320000000010623,0.0108
b22_C,_09234_,NAND2,0,0,2,5,13,7,165,0.0,1.33,0.5320000000010623,0.0108
b22_C,_09235_,BUF,0,0,1,10,10,12,519,0.0,1.064,0.26599999999962165,0.0108
b22_C,_09236_,XNOR2,0,0,2,5,6,30,653,0.0,2.66,1.0640000000003056,0.0108
b22_C,_09237_,NOR2,0,0,2,2,7,11,473,0.0,1.33,0.5320000000010623,0.0108
b22_C,_09238_,CLKBUF,0,0,1,10,8,10,314,1.5852047541287106e-07,1.064,0.26599999999962165,0.0108
b22_C,_09239_,NOR2,0,0,2,3,11,9,299,-5.2840158693001626e-08,1.33,0.5320000000010623,0.0108
b22_C,_09240_,NAND2,0,0,2,2,12,8,101,0.0,1.33,0.5320000000010623,0.0108
b22_C,_09241_,OAI21,0,0,3,2,15,6,54,0.0,1.862,0.7980000000006839,0.0108
b22_C,_09242_,NAND2,0,0,2,8,16,5,46,-0.00018463672391022534,1.33,0.5320000000010623,0.0108
b22_C,_09243_,CLKBUF,0,0,1,10,17,4,24,-3.1704095126983134e-07,1.064,0.26599999999962165,0.0108
b22_C,_09244_,OR4,1,144,4,3,6,36,1245,0.0021136195508584255,1.862,0.26599999999962165,0.0108
b22_C,_09245_,OAI21,0,33,3,2,7,35,1235,-0.0006800792602379424,1.862,0.7980000000006839,0.0108
b22_C,_09246_,XOR2,0,33,2,8,8,34,1180,0.00023544253632756806,2.394,0.7980000000006839,0.0108
b22_C,_09247_,OR3,0,25,3,3,7,35,1237,-0.0001492998678997992,1.596,0.26599999999962165,0.0108
b22_C,_09248_,NAND3,0,1,3,10,8,34,1187,-0.00014775429326285838,1.862,0.7980000000006839,0.0108
b22_C,_09249_,INV,0,0,1,3,1,35,1238,0.0,0.798,0.26599999999962165,0.0108
b22_C,_09250_,NOR3,1,86,3,2,7,35,1236,-0.0008770409511229538,1.862,0.7980000000006839,0.0108
b22_C,_09251_,OAI21,1,86,3,10,8,34,1187,0.00010735799207384211,1.862,0.7980000000006839,0.0108
b22_C,_09252_,AOI21,0,9,3,2,9,33,1079,-0.0011107001321006837,1.862,0.7980000000006839,0.0108
b22_C,_09253_,BUF,0,8,1,10,10,32,1044,4.435931307789076e-05,1.064,0.26599999999962165,0.0108
b22_C,_09254_,NOR3,0,0,3,7,8,33,1178,-0.002699894319683205,1.862,0.7980000000006839,0.0108
b22_C,_09255_,AOI21,0,24,3,7,8,33,1178,0.00028437252311741545,1.862,0.7980000000006839,0.0108
b22_C,_09256_,NOR3,0,0,3,8,9,31,868,-0.001577490092470546,1.862,0.7980000000006839,0.0108
b22_C,_09257_,INV,0,0,1,3,1,32,1039,0.0,0.798,0.26599999999962165,0.0108
b22_C,_09258_,NOR3,0,0,3,2,1,32,1036,1.3210039506716953e-08,1.862,0.7980000000006839,0.0108
b22_C,_09259_,XNOR2,0,0,2,3,2,29,467,0.0,2.66,1.0640000000003056,0.0108
b22_C,_09260_,AOI22,0,0,4,1,11,28,463,-3.3262879788775734e-05,2.394,1.0640000000003056,0.0108
b22_C,_09261_,XNOR2,0,0,2,10,8,34,1193,-0.002114002642007895,2.66,1.0640000000003056,0.0108
b22_C,_09262_,NOR3,0,17,3,2,9,32,1079,-0.000254834874504839,1.862,0.7980000000006839,0.0108
b22_C,_09263_,BUF,0,17,1,10,10,31,1044,0.0001579920739760432,1.064,0.26599999999962165,0.0108
b22_C,_09264_,AOI21,0,1,3,2,9,33,1076,-0.0005241875825627851,1.862,0.7980000000006839,0.0108
b22_C,_09265_,BUF,0,1,1,10,10,32,1041,9.273447820090652e-06,1.064,0.26599999999962165,0.0108
b22_C,_09266_,AOI22,0,1,4,1,11,28,463,-6.375165125516169e-05,2.394,1.0640000000003056,0.0108
b22_C,_09267_,NAND2,0,1,2,8,12,27,462,5.852047556098583e-06,1.33,0.5320000000010623,0.0108
b22_C,_09268_,BUF,0,1,1,10,13,24,136,1.5706737120035896e-05,1.064,0.26599999999962165,0.0108
b22_C,_09269_,XNOR2,0,0,2,5,6,33,554,0.0,2.66,1.0640000000003056,0.0108
b22_C,_09270_,XNOR2,0,0,2,3,5,33,832,0.0,2.66,1.0640000000003056,0.0108
b22_C,_09271_,NAND2,0,0,2,2,7,32,271,0.0,1.33,0.5320000000010623,0.0108
b22_C,_09272_,MUX2,0,0,3,1,8,31,226,0.0,2.394,0.5320000000010623,0.0108
b22_C,_09273_,OAI21,0,0,3,3,11,30,225,0.0,1.862,0.7980000000006839,0.0108
b22_C,_09274_,BUF,0,0,1,10,12,29,215,4.755614266827024e-07,1.064,0.26599999999962165,0.0108
b22_C,_09275_,NAND2,0,0,2,2,2,35,983,0.0,1.33,0.5320000000010623,0.0108
b22_C,_09276_,AND2,0,0,2,2,2,36,1064,0.0,1.33,0.26599999999962165,0.0108
b22_C,_09277_,NOR2,0,0,2,1,2,37,1064,0.0,1.33,0.5320000000010623,0.0108
b22_C,_09278_,NOR2,0,0,2,1,2,38,1103,0.0,1.33,0.5320000000010623,0.0108
b22_C,_09279_,INV,0,0,1,1,1,40,1137,0.0,0.798,0.26599999999962165,0.0108
b22_C,_09280_,AOI22,0,16,4,1,2,39,1136,-5.3196829590484995e-05,2.394,1.0640000000003056,0.0108
b22_C,_09281_,AOI21,0,16,3,2,3,38,1135,0.00012420079260233585,1.862,0.7980000000006839,0.0108
b22_C,_09282_,NAND2,0,0,2,1,2,38,1103,0.0,1.33,0.5320000000010623,0.0108
b22_C,_09283_,AOI21,0,16,3,2,4,37,1102,-4.223249669754736e-05,1.862,0.7980000000006839,0.0108
b22_C,_09284_,NAND2,0,0,2,1,2,37,1064,0.0,1.33,0.5320000000010623,0.0108
b22_C,_09285_,AOI21,0,16,3,2,5,36,1063,0.0001540554821664042,1.862,0.7980000000006839,0.0108
b22_C,_09286_,NOR2,0,0,2,2,2,37,1065,0.0,1.33,0.5320000000010623,0.0108
b22_C,_09287_,INV,0,0,1,1,3,36,1023,0.0,0.798,0.26599999999962165,0.0108
b22_C,_09288_,AOI21,0,16,3,3,6,35,1022,-6.763540290721792e-06,1.862,0.7980000000006839,0.0108
b22_C,_09289_,NOR2,0,0,2,2,2,35,983,1.8494055464834958e-07,1.33,0.5320000000010623,0.0108
b22_C,_09290_,OAI21,0,0,3,1,7,32,455,-9.258916776744286e-05,1.862,0.7980000000006839,0.0108
b22_C,_09291_,XNOR2,0,0,2,1,1,32,455,0.0,2.66,1.0640000000003056,0.0108
b22_C,_09292_,XNOR2,0,0,2,1,8,31,454,0.0,2.66,1.0640000000003056,0.0108
b22_C,_09293_,MUX2,0,1,3,2,9,30,453,-7.990752972264481e-05,2.394,0.5320000000010623,0.0108
b22_C,_09294_,NAND2,0,0,2,1,10,29,450,-9.303830911489008e-05,1.33,0.5320000000010623,0.0108
b22_C,_09295_,OAI21,0,0,3,2,2,32,723,-0.0012970409511230407,1.862,0.7980000000006839,0.0108
b22_C,_09296_,NAND2,0,0,2,1,1,32,666,0.0,1.33,0.5320000000010623,0.0108
b22_C,_09297_,AND2,0,0,2,2,3,31,665,0.0,1.33,0.26599999999962165,0.0108
b22_C,_09298_,INV,0,0,1,1,1,31,610,0.0,0.798,0.26599999999962165,0.0108
b22_C,_09299_,OAI21,0,0,3,1,4,30,609,-5.1519154560253355e-06,1.862,0.7980000000006839,0.0108
b22_C,_09300_,XNOR2,0,0,2,3,5,29,608,0.0,2.66,1.0640000000003056,0.0108
b22_C,_09301_,OAI21,0,0,3,10,11,28,449,-0.00010235138705416702,1.862,0.7980000000006839,0.0108
b22_C,_09302_,XNOR2,0,0,2,3,13,24,89,-3.4346103050530985e-07,2.66,1.0640000000003056,0.0108
b22_C,_09303_,NOR2,0,0,2,2,14,23,84,-2.826948480860736e-06,1.33,0.5320000000010623,0.0108
b22_C,_09304_,AND2,0,0,2,3,11,30,475,-2.721268163830004e-05,1.33,0.26599999999962165,0.0108
b22_C,_09305_,AOI22,0,1,4,1,11,31,476,-2.9960369881232296e-05,2.394,1.0640000000003056,0.0108
b22_C,_09306_,NOR2,0,0,2,1,1,32,479,0.0,1.33,0.5320000000010623,0.0108
b22_C,_09307_,XNOR2,0,0,2,3,2,31,478,0.0,2.66,1.0640000000003056,0.0108
b22_C,_09308_,NOR2,0,0,2,2,9,32,722,-0.0003311624834876348,1.33,0.5320000000010623,0.0108
b22_C,_09309_,NAND2,0,0,2,10,10,31,720,5.112285336839051e-06,1.33,0.5320000000010623,0.0108
b22_C,_09310_,OAI21,0,1,3,3,12,30,475,-7.146631440191342e-06,1.862,0.7980000000006839,0.0108
b22_C,_09311_,NOR2,0,0,2,7,13,28,385,0.00016290620871850514,1.33,0.5320000000010623,0.0108
b22_C,_09312_,XOR2,0,0,2,1,1,33,469,0.0,2.394,0.7980000000006839,0.0108
b22_C,_09313_,XNOR2,0,0,2,1,7,32,468,-0.00012124174372529772,2.66,1.0640000000003056,0.0108
b22_C,_09314_,MUX2,0,1,3,2,8,31,467,-7.990752972264481e-05,2.394,0.5320000000010623,0.0108
b22_C,_09315_,NAND2,0,0,2,1,10,30,464,-9.303830911489008e-05,1.33,0.5320000000010623,0.0108
b22_C,_09316_,XOR2,0,0,2,3,4,30,633,0.0,2.394,0.7980000000006839,0.0108
b22_C,_09317_,OAI21,0,0,3,3,11,29,463,-0.00010235138705416702,1.862,0.7980000000006839,0.0108
b22_C,_09318_,BUF,0,0,1,10,12,28,368,9.247027721315249e-08,1.064,0.26599999999962165,0.0108
b22_C,_09319_,XOR2,0,0,2,3,13,25,92,-4.0951122870502843e-07,2.394,0.7980000000006839,0.0108
b22_C,_09320_,NAND2,0,0,2,1,14,24,87,-3.664464993402561e-05,1.33,0.5320000000010623,0.0108
b22_C,_09321_,XNOR2,0,0,2,3,1,31,495,0.0,2.66,1.0640000000003056,0.0108
b22_C,_09322_,AOI22,0,0,4,2,11,30,492,-3.2655217965693595e-05,2.394,1.0640000000003056,0.0108
b22_C,_09323_,AOI22,0,1,4,2,11,30,492,-6.044914134739621e-05,2.394,1.0640000000003056,0.0108
b22_C,_09324_,NAND2,0,1,2,3,12,29,383,-7.384412153310649e-06,1.33,0.5320000000010623,0.0108
b22_C,_09325_,BUF,0,1,1,10,13,28,142,1.0396301188819734e-05,1.064,0.26599999999962165,0.0108
b22_C,_09326_,NOR2,0,0,2,1,3,33,488,0.0,1.33,0.5320000000010623,0.0108
b22_C,_09327_,XNOR2,0,0,2,1,6,32,487,-0.0002518758256275788,2.66,1.0640000000003056,0.0108
b22_C,_09328_,MUX2,0,1,3,2,7,31,486,-8.549537648616656e-05,2.394,0.5320000000010623,0.0108
b22_C,_09329_,NAND2,0,0,2,1,10,30,483,-9.303830911489008e-05,1.33,0.5320000000010623,0.0108
b22_C,_09330_,XOR2,0,0,2,3,3,31,665,0.0,2.394,0.7980000000006839,0.0108
b22_C,_09331_,OAI21,0,0,3,10,11,29,482,-0.00010450462351396794,1.862,0.7980000000006839,0.0108
b22_C,_09332_,XNOR2,0,0,2,2,13,27,96,-1.122853368729082e-06,2.66,1.0640000000003056,0.0108
b22_C,_09333_,AND2,0,0,2,2,14,25,93,-1.5719947159542613e-06,1.33,0.26599999999962165,0.0108
b22_C,_09334_,NOR2,0,0,2,2,14,26,94,-2.879788639331693e-06,1.33,0.5320000000010623,0.0108
b22_C,_09335_,AOI222,0,1,6,1,10,30,507,-0.00015866578599732506,3.724,1.5960000000013679,0.0108
b22_C,_09336_,OAI21,0,1,3,7,11,29,506,-1.1889035669288006e-06,1.862,0.7980000000006839,0.0108
b22_C,_09337_,BUF,0,1,1,10,12,28,167,1.6591809775423627e-05,1.064,0.26599999999962165,0.0108
b22_C,_09338_,XOR2,0,0,2,1,1,33,503,0.0,2.394,0.7980000000006839,0.0108
b22_C,_09339_,XNOR2,0,0,2,1,5,32,502,-0.00012286657859972294,2.66,1.0640000000003056,0.0108
b22_C,_09340_,MUX2,0,1,3,3,7,31,501,-8.339498018505864e-05,2.394,0.5320000000010623,0.0108
b22_C,_09341_,NAND2,0,0,2,1,11,30,367,-8.992073976243908e-05,1.33,0.5320000000010623,0.0108
b22_C,_09342_,NAND2,0,0,2,1,2,34,693,-0.0012174636723911725,1.33,0.5320000000010623,0.0108
b22_C,_09343_,XOR2,0,0,2,4,3,33,692,0.0,2.394,0.7980000000006839,0.0108
b22_C,_09344_,OAI21,0,0,3,7,12,29,366,-0.00010235138705416702,1.862,0.7980000000006839,0.0108
b22_C,_09345_,XNOR2,0,0,2,3,13,27,99,-3.4346103050530985e-07,2.66,1.0640000000003056,0.0108
b22_C,_09346_,NOR2,0,0,2,2,14,26,94,-2.7608982826610173e-06,1.33,0.5320000000010623,0.0108
b22_C,_09347_,AND4,1,86,4,5,9,31,523,-0.00045907529722599705,1.862,0.26599999999962165,0.0108
b22_C,_09348_,INV,0,0,1,1,1,32,525,0.0,0.798,0.26599999999962165,0.0108
b22_C,_09349_,AOI211,0,0,4,2,9,31,524,-0.0005127212681639293,2.394,1.0640000000003056,0.0108
b22_C,_09350_,INV,0,0,1,1,1,32,525,0.0,0.798,0.26599999999962165,0.0108
b22_C,_09351_,AOI211,0,24,4,2,9,31,524,-0.000863989431968637,2.394,1.0640000000003056,0.0108
b22_C,_09352_,AND4,0,0,4,2,9,31,524,-0.00023569352708086022,1.862,0.26599999999962165,0.0108
b22_C,_09353_,OR3,0,24,3,4,10,29,486,0.00022237780713330046,1.596,0.26599999999962165,0.0108
b22_C,_09354_,BUF,0,0,1,10,1,38,808,0.0,1.064,0.26599999999962165,0.0108
b22_C,_09355_,OAI21,0,0,3,2,2,37,768,0.0,1.862,0.7980000000006839,0.0108
b22_C,_09356_,XOR2,0,0,2,3,3,35,716,-0.00035184940554833233,2.394,0.7980000000006839,0.0108
b22_C,_09357_,INV,0,0,1,2,4,31,509,0.0,0.798,0.26599999999962165,0.0108
b22_C,_09358_,XNOR2,0,0,2,1,1,33,514,0.0,2.66,1.0640000000003056,0.0108
b22_C,_09359_,XNOR2,0,0,2,1,4,32,513,-0.0002380845442535584,2.66,1.0640000000003056,0.0108
b22_C,_09360_,MUX2,0,1,3,3,6,31,512,-9.31571994717828e-05,2.394,0.5320000000010623,0.0108
b22_C,_09361_,MUX2,0,0,3,8,9,30,507,-4.700132100410315e-05,2.394,0.5320000000010623,0.0108
b22_C,_09362_,XNOR2,0,0,2,3,13,28,101,1.902245706508765e-06,2.66,1.0640000000003056,0.0108
b22_C,_09363_,OR2,0,24,2,6,11,28,142,0.00013227212681621303,1.33,0.26599999999962165,0.0108
b22_C,_09364_,AND2,0,24,2,1,14,27,97,4.657859973566936e-05,1.33,0.26599999999962165,0.0108
b22_C,_09365_,NAND4,0,0,4,2,9,32,540,-0.0007149801849406501,2.394,1.0640000000003056,0.0108
b22_C,_09366_,NAND4,0,0,4,2,9,32,540,-0.0013695508586526461,2.394,1.0640000000003056,0.0108
b22_C,_09367_,OAI211,0,0,4,2,9,32,540,-0.0003201585204757329,2.394,1.0640000000003056,0.0108
b22_C,_09368_,OAI211,0,2,4,2,9,32,540,-0.0014905019815061316,2.394,1.0640000000003056,0.0108
b22_C,_09369_,AND4,0,0,4,1,10,31,503,-1.0449141347512736e-05,1.862,0.26599999999962165,0.0108
b22_C,_09370_,BUF,0,0,1,9,11,30,502,0.0,1.064,0.26599999999962165,0.0108
b22_C,_09371_,AOI21,0,0,3,2,3,36,746,0.0,1.862,0.7980000000006839,0.0108
b22_C,_09372_,AND2,0,0,2,2,2,36,746,-2.166446499529684e-06,1.33,0.26599999999962165,0.0108
b22_C,_09373_,NOR2,0,0,2,6,4,32,490,0.0,1.33,0.5320000000010623,0.0108
b22_C,_09374_,NOR2,0,0,2,1,10,31,411,-9.429326287979656e-05,1.33,0.5320000000010623,0.0108
b22_C,_09375_,NOR2,0,0,2,1,2,33,534,0.0,1.33,0.5320000000010623,0.0108
b22_C,_09376_,XNOR2,0,0,2,1,1,33,534,-2.519154557467651e-05,2.66,1.0640000000003056,0.0108
b22_C,_09377_,XNOR2,0,0,2,1,3,32,533,0.0,2.66,1.0640000000003056,0.0108
b22_C,_09378_,MUX2,0,1,3,3,6,31,532,-9.31571994717828e-05,2.394,0.5320000000010623,0.0108
b22_C,_09379_,AOI21,0,0,3,6,11,30,410,-0.00010850726552180667,1.862,0.7980000000006839,0.0108
b22_C,_09380_,XNOR2,0,0,2,3,12,28,106,-2.311756935435838e-06,2.66,1.0640000000003056,0.0108
b22_C,_09381_,NOR2,0,0,2,2,13,27,100,-3.963011896424007e-08,1.33,0.5320000000010623,0.0108
b22_C,_09382_,OAI211,0,0,4,1,9,31,543,-0.001493500660502134,2.394,1.0640000000003056,0.0108
b22_C,_09383_,NAND4,0,0,4,1,9,31,543,-0.0013695508586526461,2.394,1.0640000000003056,0.0108
b22_C,_09384_,NAND4,0,0,4,1,9,31,543,-0.0007149801849406501,2.394,1.0640000000003056,0.0108
b22_C,_09385_,OAI211,0,5,4,1,9,31,543,-0.0003045046235139459,2.394,1.0640000000003056,0.0108
b22_C,_09386_,AND4,0,5,4,3,10,30,542,1.760898282698875e-05,1.862,0.26599999999962165,0.0108
b22_C,_09387_,BUF,0,5,1,10,11,29,176,6.965653896973123e-05,1.064,0.26599999999962165,0.0108
b22_C,_09388_,XOR2,0,0,2,1,1,33,542,0.0,2.394,0.7980000000006839,0.0108
b22_C,_09389_,MUX2,0,1,3,3,6,32,541,-9.398943196847753e-05,2.394,0.5320000000010623,0.0108
b22_C,_09390_,MUX2,0,0,3,6,9,30,427,-4.7027741083338626e-05,2.394,0.5320000000010623,0.0108
b22_C,_09391_,MUX2,0,2,3,3,12,28,104,7.741083223100631e-06,2.394,0.5320000000010623,0.0108
b22_C,_09392_,AOI21,0,2,3,2,13,27,100,1.2245706737079587e-05,1.862,0.7980000000006839,0.0108
b22_C,_09394_,NAND2,0,0,2,2,14,26,94,-2.9986789960023685e-06,1.33,0.5320000000010623,0.0108
b22_C,_09395_,AOI211,0,24,4,1,16,25,90,-0.00029466314398973736,2.394,1.0640000000003056,0.0108
b22_C,_09396_,OR2,0,24,2,2,17,24,89,9.702774108300005e-05,1.33,0.26599999999962165,0.0108
b22_C,_09397_,NOR2,0,0,2,1,14,24,87,-3.981505944516961e-05,1.33,0.5320000000010623,0.0108
b22_C,_09398_,OAI21,0,23,3,3,18,23,86,0.0004581373844119163,1.862,0.7980000000006839,0.0108
b22_C,_09399_,NAND2,0,0,2,2,14,23,84,-3.0779392341528933e-06,1.33,0.5320000000010623,0.0108
b22_C,_09400_,AOI21,0,1,3,2,19,4,3,-0.0002775561426686668,1.862,0.7980000000006839,0.0108
b22_C,_09401_,AND2,0,0,2,2,11,28,442,-2.7608982826610173e-06,1.33,0.26599999999962165,0.0108
b22_C,_09402_,AOI22,0,1,4,1,11,29,443,-8.034346103058532e-05,2.394,1.0640000000003056,0.0108
b22_C,_09403_,NAND2,0,0,2,2,2,31,991,0.0,1.33,0.5320000000010623,0.0108
b22_C,_09404_,XNOR2,0,0,2,3,3,30,446,0.0,2.66,1.0640000000003056,0.0108
b22_C,_09405_,NAND2,0,0,2,1,10,29,443,0.0,1.33,0.5320000000010623,0.0108
b22_C,_09406_,NAND2,0,1,2,2,12,28,442,-6.02377807146226e-06,1.33,0.5320000000010623,0.0108
b22_C,_09407_,OR2,0,1,2,4,13,27,441,8.797886393629994e-06,1.33,0.26599999999962165,0.0108
b22_C,_09408_,BUF,0,1,1,10,14,25,133,1.5812417437199855e-05,1.064,0.26599999999962165,0.0108
b22_C,_09409_,XNOR2,0,0,2,1,1,32,435,0.0,2.66,1.0640000000003056,0.0108
b22_C,_09410_,NAND2,0,0,2,1,2,34,939,-1.5852047563491567e-07,1.33,0.5320000000010623,0.0108
b22_C,_09411_,OAI221,0,16,5,1,7,34,939,-8.021136063418588e-05,2.926,1.3300000000017462,0.0108
b22_C,_09412_,AND2,0,16,2,2,8,33,938,8.260237780688406e-05,1.33,0.26599999999962165,0.0108
b22_C,_09413_,XNOR2,0,0,2,1,9,31,434,-0.00015730515191569872,2.66,1.0640000000003056,0.0108
b22_C,_09414_,MUX2,0,1,3,2,10,30,433,-7.990752972264481e-05,2.394,0.5320000000010623,0.0108
b22_C,_09415_,NAND2,0,0,2,1,11,29,430,-9.043593130808603e-05,1.33,0.5320000000010623,0.0108
b22_C,_09416_,OR2,0,0,2,2,3,32,848,-0.0006830515191549313,1.33,0.26599999999962165,0.0108
b22_C,_09417_,NAND2,0,0,2,1,4,30,579,-3.963011896424007e-08,1.33,0.5320000000010623,0.0108
b22_C,_09418_,XOR2,0,0,2,3,5,29,578,0.0,2.394,0.7980000000006839,0.0108
b22_C,_09419_,OAI21,0,0,3,8,12,28,429,-0.0001023381770146603,1.862,0.7980000000006839,0.0108
b22_C,_09420_,XNOR2,0,0,2,2,13,24,87,-4.0951122870502843e-07,2.66,1.0640000000003056,0.0108
b22_C,_09421_,NOR2,0,0,2,2,15,23,84,-2.8401585205894975e-06,1.33,0.5320000000010623,0.0108
b22_C,_09422_,NAND2,0,0,2,1,15,23,84,-3.0911492736596102e-06,1.33,0.5320000000010623,0.0108
b22_C,_09423_,INV,0,0,1,3,16,22,83,0.0,0.798,0.26599999999962165,0.0108
b22_C,_09424_,NOR2,0,0,2,2,17,4,3,0.0,1.33,0.5320000000010623,0.0108
b22_C,_09425_,AOI21,0,1,3,1,20,3,2,-7.133421402460982e-07,1.862,0.7980000000006839,0.0108
b22_C,_09426_,OAI21,0,1,3,1,21,2,1,-1.494055482176293e-05,1.862,0.7980000000006839,0.0108
b22_C,_09427_,INV,0,1,1,10,1,9,227,2.4121532364418385e-05,0.798,0.26599999999962165,0.0108
b22_C,_09428_,AND2,0,0,2,2,2,5,6,-2.8005284016252574e-06,1.33,0.26599999999962165,0.0108
b22_C,_09429_,BUF,0,0,1,10,9,19,389,-2.1254953764815454e-05,1.064,0.26599999999962165,0.0108
b22_C,_09430_,NAND2,0,0,2,3,10,8,275,-5.336856010673685e-06,1.33,0.5320000000010623,0.0108
b22_C,_09431_,NAND2,0,3,2,4,15,7,268,-4.6618229855077686e-05,1.33,0.5320000000010623,0.0108
b22_C,_09432_,NAND2,0,0,2,9,11,9,311,-0.0004669484808454971,1.33,0.5320000000010623,0.0108
b22_C,_09433_,BUF,0,0,1,10,6,18,580,6.605019797767397e-08,1.064,0.26599999999962165,0.0108
b22_C,_09434_,NOR2,0,0,2,4,7,12,445,-2.6420079457523116e-08,1.33,0.5320000000010623,0.0108
b22_C,_09435_,NAND2,0,0,2,4,11,11,350,0.0,1.33,0.5320000000010623,0.0108
b22_C,_09436_,NOR2,0,0,2,3,12,8,108,-1.3210039950806163e-08,1.33,0.5320000000010623,0.0108
b22_C,_09437_,NAND2,0,0,2,2,14,7,59,0.0,1.33,0.5320000000010623,0.0108
b22_C,_09438_,NOR2,0,1,2,4,16,6,33,4.953764861204135e-06,1.33,0.5320000000010623,0.0108
b22_C,_09439_,BUF,0,1,1,10,17,5,24,2.4861294583677918e-05,1.064,0.26599999999962165,0.0108
b22_C,_09440_,NOR2,0,0,2,4,7,10,381,-8.058124176812953e-07,1.33,0.5320000000010623,0.0108
b22_C,_09441_,NAND2,0,0,2,8,8,9,304,5.284015847095702e-08,1.33,0.5320000000010623,0.0108
b22_C,_09442_,OR2,0,0,2,2,12,7,74,-2.6420079457523116e-08,1.33,0.26599999999962165,0.0108
b22_C,_09443_,NAND2,0,0,2,6,7,10,216,3.9630118742195464e-08,1.33,0.5320000000010623,0.0108
b22_C,_09444_,NOR2,0,0,2,5,8,9,166,-3.963011896424007e-08,1.33,0.5320000000010623,0.0108
b22_C,_09445_,NAND2,0,0,2,4,12,8,105,-0.00018784676354033358,1.33,0.5320000000010623,0.0108
b22_C,_09446_,OAI21,0,0,3,9,14,5,39,0.0,1.862,0.7980000000006839,0.0108
b22_C,_09447_,CLKBUF,0,0,1,10,15,3,20,0.0,1.064,0.26599999999962165,0.0108
b22_C,_09448_,AOI221,0,0,5,1,18,2,1,-1.0145310435971666e-05,2.926,1.3300000000017462,0.0108
b22_C,_09449_,AOI21,0,0,3,1,13,7,74,-1.096433289271559e-06,1.862,0.7980000000006839,0.0108
b22_C,_09450_,OR2,0,0,2,2,14,6,73,0.0,1.33,0.26599999999962165,0.0108
b22_C,_09451_,OAI21,0,0,3,1,13,7,74,-6.908850726849991e-06,1.862,0.7980000000006839,0.0108
b22_C,_09452_,NAND2,0,0,2,6,7,29,440,0.0,1.33,0.5320000000010623,0.0108
b22_C,_09453_,BUF,0,0,1,10,8,27,397,0.0,1.064,0.26599999999962165,0.0108
b22_C,_09454_,BUF,0,0,1,10,9,22,371,0.0,1.064,0.26599999999962165,0.0108
b22_C,_09455_,BUF,0,0,1,10,10,19,344,0.0,1.064,0.26599999999962165,0.0108
b22_C,_09456_,BUF,0,0,1,10,11,11,309,0.0,1.064,0.26599999999962165,0.0108
b22_C,_09457_,OAI21,0,0,3,1,12,7,74,-0.0003974108322326586,1.862,0.7980000000006839,0.0108
b22_C,_09458_,AOI22,0,0,4,2,14,6,73,-1.228533685670996e-06,2.394,1.0640000000003056,0.0108
b22_C,_09459_,NAND2,0,0,2,7,15,5,39,0.0,1.33,0.5320000000010623,0.0108
b22_C,_09460_,CLKBUF,0,0,1,10,16,3,20,0.0,1.064,0.26599999999962165,0.0108
b22_C,_09461_,NAND2,0,1,2,2,11,27,422,-6.092470277407891e-05,1.33,0.5320000000010623,0.0108
b22_C,_09462_,NAND2,0,0,2,2,11,27,422,-1.261558784704242e-05,1.33,0.5320000000010623,0.0108
b22_C,_09463_,OR2,0,0,2,3,3,30,948,0.0,1.33,0.26599999999962165,0.0108
b22_C,_09464_,XNOR2,0,0,2,3,4,28,425,0.0,2.66,1.0640000000003056,0.0108
b22_C,_09465_,NAND2,0,0,2,2,10,27,422,0.0,1.33,0.5320000000010623,0.0108
b22_C,_09466_,NAND2,0,0,2,2,11,27,422,-3.583883751656636e-05,1.33,0.5320000000010623,0.0108
b22_C,_09467_,NAND4,0,1,4,3,12,26,414,5.099075297110289e-06,2.394,1.0640000000003056,0.0108
b22_C,_09468_,BUF,0,1,1,10,13,25,329,5.099075297110289e-06,1.064,0.26599999999962165,0.0108
b22_C,_09469_,BUF,0,1,1,10,11,18,391,8.480845442582208e-06,1.064,0.26599999999962165,0.0108
b22_C,_09470_,AND2,0,0,2,5,8,9,295,-6.017173051531266e-05,1.33,0.26599999999962165,0.0108
b22_C,_09471_,AND2,0,0,2,3,8,9,271,-2.470277410848709e-05,1.33,0.26599999999962165,0.0108
b22_C,_09472_,NOR2,0,0,2,4,9,8,265,4.3593130771846234e-07,1.33,0.5320000000010623,0.0108
b22_C,_09473_,NOR2,0,1,2,4,12,7,218,1.188903566706756e-06,1.33,0.5320000000010623,0.0108
b22_C,_09474_,NOR2,0,1,2,6,15,5,33,8.375165125418249e-06,1.33,0.5320000000010623,0.0108
b22_C,_09475_,CLKBUF,0,1,1,10,16,3,20,8.57331571979536e-06,1.064,0.26599999999962165,0.0108
b22_C,_09476_,AOI22,0,0,4,1,17,2,1,-9.154557463864066e-06,2.394,1.0640000000003056,0.0108
b22_C,_09477_,NAND3,0,1,3,0,22,1,0,-4.0819022457672105e-06,1.862,0.7980000000006839,0.0108
b22_C,_09478_,BUF,0,1,1,10,2,6,122,2.3989431968240993e-05,1.064,0.26599999999962165,0.0108
b22_C,_09479_,CLKBUF,0,0,1,10,3,5,39,-2.364597093906795e-06,1.064,0.26599999999962165,0.0108
b22_C,_09480_,INV,0,0,1,2,1,17,192,0.0,0.798,0.26599999999962165,0.0108
b22_C,_09481_,INV,0,0,1,1,1,19,312,0.0,0.798,0.26599999999962165,0.0108
b22_C,_09482_,INV,0,0,1,2,1,22,481,0.0,0.798,0.26599999999962165,0.0108
b22_C,_09483_,INV,0,0,1,2,1,24,611,0.0,0.798,0.26599999999962165,0.0108
b22_C,_09484_,INV,0,0,1,3,1,26,739,0.0,0.798,0.26599999999962165,0.0108
b22_C,_09485_,INV,0,0,1,3,1,28,827,0.0,0.798,0.26599999999962165,0.0108
b22_C,_09486_,NOR3,0,0,3,2,4,28,868,0.0,1.862,0.7980000000006839,0.0108
b22_C,_09487_,NAND2,0,0,2,3,5,27,822,0.0,1.33,0.5320000000010623,0.0108
b22_C,_09488_,NOR3,0,0,3,2,6,26,739,0.0,1.862,0.7980000000006839,0.0108
b22_C,_09489_,NAND2,0,0,2,3,7,25,697,0.0,1.33,0.5320000000010623,0.0108
b22_C,_09490_,NOR3,0,0,3,2,8,24,611,0.0,1.862,0.7980000000006839,0.0108
b22_C,_09491_,NAND2,0,0,2,3,9,23,567,0.0,1.33,0.5320000000010623,0.0108
b22_C,_09492_,NOR3,0,0,3,2,10,22,481,0.0,1.862,0.7980000000006839,0.0108
b22_C,_09493_,NAND2,0,0,2,3,11,21,438,0.0,1.33,0.5320000000010623,0.0108
b22_C,_09494_,NOR3,0,0,3,2,12,20,353,0.0,1.862,0.7980000000006839,0.0108
b22_C,_09495_,NAND2,0,0,2,3,13,18,311,0.0,1.33,0.5320000000010623,0.0108
b22_C,_09496_,NOR3,0,0,3,2,14,17,232,0.0,1.862,0.7980000000006839,0.0108
b22_C,_09497_,NAND2,0,0,2,3,15,16,191,0.0,1.33,0.5320000000010623,0.0108
b22_C,_09498_,NOR3,0,0,3,3,16,15,149,0.0,1.862,0.7980000000006839,0.0108
b22_C,_09499_,INV,0,0,1,3,17,14,95,0.0,0.798,0.26599999999962165,0.0108
b22_C,_09500_,OAI21,0,0,3,2,16,14,90,0.0,1.862,0.7980000000006839,0.0108
b22_C,_09501_,NAND2,0,0,2,2,18,13,87,0.0,1.33,0.5320000000010623,0.0108
b22_C,_09502_,AOI22,0,0,4,1,19,4,3,0.0,2.394,1.0640000000003056,0.0108
b22_C,_09503_,BUF,0,13,1,10,11,25,693,0.00012811096433273939,1.064,0.26599999999962165,0.0108
b22_C,_09504_,BUF,0,6,1,10,12,18,357,3.702774108305107e-05,1.064,0.26599999999962165,0.0108
b22_C,_09505_,BUF,0,5,1,10,11,25,692,1.287978863917516e-05,1.064,0.26599999999962165,0.0108
b22_C,_09506_,BUF,0,3,1,10,12,18,357,2.2457067339054504e-07,1.064,0.26599999999962165,0.0108
b22_C,_09507_,AOI22,0,1,4,1,13,14,100,-2.3527080581287052e-05,2.394,1.0640000000003056,0.0108
b22_C,_09508_,XOR2,0,0,2,3,16,14,104,0.0,2.394,0.7980000000006839,0.0108
b22_C,_09509_,OAI21,0,1,3,1,17,13,99,-1.112285336857255e-05,1.862,0.7980000000006839,0.0108
b22_C,_09510_,BUF,0,1,1,10,11,25,690,9.273447820090652e-06,1.064,0.26599999999962165,0.0108
b22_C,_09511_,BUF,0,1,1,10,12,18,355,9.273447820090652e-06,1.064,0.26599999999962165,0.0108
b22_C,_09512_,AOI21,0,1,3,8,18,12,98,3.3302509907295885e-05,1.862,0.7980000000006839,0.0108
b22_C,_09513_,BUF,0,1,1,10,19,10,50,2.7635402906067696e-05,1.064,0.26599999999962165,0.0108
b22_C,_09514_,AND2,0,0,2,2,14,6,65,0.0,1.33,0.26599999999962165,0.0108
b22_C,_09515_,NAND2,0,0,2,6,15,5,44,-4.332892998837323e-06,1.33,0.5320000000010623,0.0108
b22_C,_09516_,CLKBUF,0,0,1,10,16,4,28,0.0,1.064,0.26599999999962165,0.0108
b22_C,_09517_,NAND2,0,1,2,5,16,5,43,-6.657859973779878e-06,1.33,0.5320000000010623,0.0108
b22_C,_09518_,BUF,0,1,1,10,17,4,30,2.992073976204601e-05,1.064,0.26599999999962165,0.0108
b22_C,_09519_,BUF,0,0,1,10,10,23,517,0.0,1.064,0.26599999999962165,0.0108
b22_C,_09520_,INV,0,0,1,3,1,14,109,0.0,0.798,0.26599999999962165,0.0108
b22_C,_09521_,XNOR2,0,0,2,3,17,13,70,0.0,2.66,1.0640000000003056,0.0108
b22_C,_09522_,AOI22,0,0,4,1,18,12,65,-1.010568031722947e-05,2.394,1.0640000000003056,0.0108
b22_C,_09523_,AOI22,0,1,4,1,13,12,65,-2.83091149275716e-05,2.394,1.0640000000003056,0.0108
b22_C,_09524_,AND2,0,1,2,3,19,11,64,4.808454425297981e-06,1.33,0.26599999999962165,0.0108
b22_C,_09525_,BUF,0,1,1,10,20,10,42,1.9075297225779053e-05,1.064,0.26599999999962165,0.0108
b22_C,_09526_,OAI221,0,0,5,1,21,3,2,-1.7371202113869444e-05,2.926,1.3300000000017462,0.0108
b22_C,_09527_,NAND2,0,0,2,2,13,11,72,-3.828269484817959e-05,1.33,0.5320000000010623,0.0108
b22_C,_09528_,XOR2,0,0,2,2,1,13,75,0.0,2.394,0.7980000000006839,0.0108
b22_C,_09529_,NAND2,0,0,2,3,2,13,144,0.0,1.33,0.5320000000010623,0.0108
b22_C,_09530_,INV,0,0,1,2,1,15,184,0.0,0.798,0.26599999999962165,0.0108
b22_C,_09531_,NOR2,0,0,2,3,2,14,182,0.0,1.33,0.5320000000010623,0.0108
b22_C,_09532_,NOR2,0,0,2,2,2,15,219,0.0,1.33,0.5320000000010623,0.0108
b22_C,_09533_,NOR2,0,0,2,2,2,16,256,0.0,1.33,0.5320000000010623,0.0108
b22_C,_09534_,INV,0,0,1,2,1,18,293,0.0,0.798,0.26599999999962165,0.0108
b22_C,_09535_,NAND2,0,0,2,1,2,17,291,0.0,1.33,0.5320000000010623,0.0108
b22_C,_09536_,INV,0,0,1,2,1,19,330,0.0,0.798,0.26599999999962165,0.0108
b22_C,_09537_,NOR2,0,0,2,1,2,18,328,0.0,1.33,0.5320000000010623,0.0108
b22_C,_09538_,NAND2,0,0,2,1,2,19,368,0.0,1.33,0.5320000000010623,0.0108
b22_C,_09539_,INV,0,0,1,2,1,22,447,0.0,0.798,0.26599999999962165,0.0108
b22_C,_09540_,NAND2,0,0,2,2,2,21,444,1.9154557462375266e-06,1.33,0.5320000000010623,0.0108
b22_C,_09541_,OR2,0,0,2,2,2,21,445,0.0,1.33,0.26599999999962165,0.0108
b22_C,_09542_,INV,0,0,1,2,1,22,447,0.0,0.798,0.26599999999962165,0.0108
b22_C,_09543_,NAND2,0,0,2,2,2,21,445,0.0,1.33,0.5320000000010623,0.0108
b22_C,_09544_,NOR2,0,0,2,2,2,23,486,0.0,1.33,0.5320000000010623,0.0108
b22_C,_09545_,NAND2,0,0,2,2,2,24,526,0.0,1.33,0.5320000000010623,0.0108
b22_C,_09546_,INV,0,0,1,2,1,26,570,0.0,0.798,0.26599999999962165,0.0108
b22_C,_09547_,NOR2,0,0,2,2,2,25,568,0.0,1.33,0.5320000000010623,0.0108
b22_C,_09548_,NOR2,0,0,2,3,2,26,646,0.0,1.33,0.5320000000010623,0.0108
b22_C,_09549_,AND2,0,0,2,2,2,27,647,0.0,1.33,0.26599999999962165,0.0108
b22_C,_09550_,INV,0,0,1,2,1,28,649,0.0,0.798,0.26599999999962165,0.0108
b22_C,_09551_,NOR2,0,0,2,2,2,27,647,0.0,1.33,0.5320000000010623,0.0108
b22_C,_09552_,INV,0,0,1,2,1,29,690,0.0,0.798,0.26599999999962165,0.0108
b22_C,_09553_,NAND2,0,0,2,1,2,28,688,0.0,1.33,0.5320000000010623,0.0108
b22_C,_09554_,NOR2,0,0,2,1,2,29,730,0.0,1.33,0.5320000000010623,0.0108
b22_C,_09555_,NAND2,0,0,2,1,2,30,770,0.0,1.33,0.5320000000010623,0.0108
b22_C,_09556_,NOR2,0,0,2,1,2,31,815,0.0,1.33,0.5320000000010623,0.0108
b22_C,_09557_,NAND2,0,0,2,1,2,32,855,0.0,1.33,0.5320000000010623,0.0108
b22_C,_09558_,NOR2,0,0,2,1,2,33,897,0.0,1.33,0.5320000000010623,0.0108
b22_C,_09559_,NAND2,0,0,2,1,2,33,897,0.0,1.33,0.5320000000010623,0.0108
b22_C,_09560_,AOI21,0,16,3,2,9,32,896,5.746367238934624e-06,1.862,0.7980000000006839,0.0108
b22_C,_09561_,NOR2,0,0,2,1,2,32,855,0.0,1.33,0.5320000000010623,0.0108
b22_C,_09562_,OAI21,0,16,3,2,10,31,854,0.0001598811096432673,1.862,0.7980000000006839,0.0108
b22_C,_09563_,NAND2,0,0,2,1,2,31,815,0.0,1.33,0.5320000000010623,0.0108
b22_C,_09564_,AOI21,0,16,3,2,11,30,814,-4.952443857342281e-05,1.862,0.7980000000006839,0.0108
b22_C,_09565_,NOR2,0,0,2,1,2,30,770,0.0,1.33,0.5320000000010623,0.0108
b22_C,_09566_,OAI21,0,16,3,2,12,29,769,0.00015162483487429768,1.862,0.7980000000006839,0.0108
b22_C,_09567_,NAND2,0,0,2,1,2,29,730,0.0,1.33,0.5320000000010623,0.0108
b22_C,_09568_,AOI21,0,16,3,2,13,28,729,-4.900924702777587e-05,1.862,0.7980000000006839,0.0108
b22_C,_09569_,NOR2,0,0,2,1,2,28,688,0.0,1.33,0.5320000000010623,0.0108
b22_C,_09570_,OAI21,0,16,3,3,14,27,687,0.00024531043593123414,1.862,0.7980000000006839,0.0108
b22_C,_09571_,NAND2,0,0,2,2,2,27,647,0.0,1.33,0.5320000000010623,0.0108
b22_C,_09572_,AOI211,0,16,4,2,15,26,610,-5.401585204789505e-05,2.394,1.0640000000003056,0.0108
b22_C,_09573_,AOI211,0,16,4,2,16,25,568,0.00012468956406874732,2.394,1.0640000000003056,0.0108
b22_C,_09574_,OAI22,0,16,4,2,17,24,526,-0.00021105680317057285,2.394,1.0640000000003056,0.0108
b22_C,_09575_,AOI22,0,16,4,2,18,23,486,5.9603698810972716e-05,2.394,1.0640000000003056,0.0108
b22_C,_09576_,OAI22,0,15,4,2,19,21,445,-0.00012640686922060773,2.394,1.0640000000003056,0.0108
b22_C,_09577_,NAND3,0,15,3,1,20,20,404,-7.865257595773834e-05,1.862,0.7980000000006839,0.0108
b22_C,_09578_,NAND2,0,15,2,2,21,19,403,-1.542932628795235e-05,1.33,0.5320000000010623,0.0108
b22_C,_09579_,NOR2,0,0,2,1,2,19,368,7.926023770643553e-08,1.33,0.5320000000010623,0.0108
b22_C,_09580_,OAI21,0,15,3,2,22,18,367,0.00016029062087175028,1.862,0.7980000000006839,0.0108
b22_C,_09581_,NAND2,0,0,2,1,2,18,328,0.0,1.33,0.5320000000010623,0.0108
b22_C,_09582_,AOI21,0,15,3,2,23,17,327,-4.433289299865528e-05,1.862,0.7980000000006839,0.0108
b22_C,_09583_,NOR2,0,0,2,1,2,17,291,0.0,1.33,0.5320000000010623,0.0108
b22_C,_09584_,OAI21,0,15,3,3,24,16,290,0.00024203434610292618,1.862,0.7980000000006839,0.0108
b22_C,_09585_,NAND2,0,0,2,2,2,16,256,0.0,1.33,0.5320000000010623,0.0108
b22_C,_09586_,AOI221,0,13,5,2,25,15,219,-0.000117239101717459,2.926,1.3300000000017462,0.0108
b22_C,_09587_,AOI211,0,12,4,3,26,14,182,0.00013281373844109545,2.394,1.0640000000003056,0.0108
b22_C,_09588_,OAI22,0,11,4,3,27,13,144,-0.0001575297225893113,2.394,1.0640000000003056,0.0108
b22_C,_09589_,AOI21,0,0,3,1,28,12,73,-7.550858652582981e-05,1.862,0.7980000000006839,0.0108
b22_C,_09590_,AND3,0,1,3,1,28,12,73,-2.767503302525398e-05,1.596,0.26599999999962165,0.0108
b22_C,_09591_,OAI21,0,1,3,2,29,11,72,-4.067371202132186e-05,1.862,0.7980000000006839,0.0108
b22_C,_09592_,AOI21,0,0,3,7,30,10,55,-2.0449141347356203e-05,1.862,0.7980000000006839,0.0108
b22_C,_09593_,AOI21,0,0,3,1,31,2,1,-6.605019819971858e-08,1.862,0.7980000000006839,0.0108
b22_C,_09594_,NAND2,0,0,2,2,19,12,83,0.0,1.33,0.5320000000010623,0.0108
b22_C,_09595_,NAND2,0,0,2,2,13,12,83,-1.1070013210101592e-05,1.33,0.5320000000010623,0.0108
b22_C,_09596_,NAND2,0,0,2,2,13,12,83,-1.5535006605116308e-05,1.33,0.5320000000010623,0.0108
b22_C,_09597_,NAND2,0,1,2,2,13,12,83,-1.7701453104423948e-05,1.33,0.5320000000010623,0.0108
b22_C,_09598_,NAND4,0,1,4,10,20,9,48,3.778071334226141e-05,2.394,1.0640000000003056,0.0108
b22_C,_09599_,BUF,0,0,1,10,13,23,156,-1.188903568927202e-07,1.064,0.26599999999962165,0.0108
b22_C,_09600_,BUF,0,0,1,10,14,15,71,1.5852047541287106e-07,1.064,0.26599999999962165,0.0108
b22_C,_09601_,XNOR2,0,0,2,2,31,6,9,-1.188903568927202e-07,2.66,1.0640000000003056,0.0108
b22_C,_09602_,OR2,0,0,2,2,32,5,7,-4.451783355507999e-06,1.33,0.26599999999962165,0.0108
b22_C,_09603_,NAND2,0,0,2,2,32,4,6,-1.0079260237993992e-05,1.33,0.5320000000010623,0.0108
b22_C,_09604_,NAND2,0,0,2,1,33,3,2,0.0,1.33,0.5320000000010623,0.0108
b22_C,_09605_,OR2,0,0,2,2,15,12,87,-2.2919418758426957e-05,1.33,0.26599999999962165,0.0108
b22_C,_09606_,XNOR2,0,0,2,2,1,14,90,0.0,2.66,1.0640000000003056,0.0108
b22_C,_09607_,OAI21,0,0,3,1,27,13,88,-0.00021545574636738785,1.862,0.7980000000006839,0.0108
b22_C,_09608_,OR3,0,1,3,1,27,13,88,-0.00010694848084558117,1.596,0.26599999999962165,0.0108
b22_C,_09609_,NAND3,0,1,3,2,28,12,87,-4.443857331581924e-05,1.862,0.7980000000006839,0.0108
b22_C,_09610_,NAND3,0,0,3,5,29,11,64,-9.225891677688836e-05,1.862,0.7980000000006839,0.0108
b22_C,_09611_,XNOR2,0,0,2,3,30,6,11,-2.220446049250313e-16,2.66,1.0640000000003056,0.0108
b22_C,_09612_,NAND2,0,0,2,1,31,5,6,-5.191545574767531e-06,1.33,0.5320000000010623,0.0108
b22_C,_09613_,AOI222,0,1,6,1,13,14,116,-2.260237780737917e-05,3.724,1.5960000000013679,0.0108
b22_C,_09614_,XNOR2,0,0,2,3,15,14,121,0.0,2.66,1.0640000000003056,0.0108
b22_C,_09615_,OAI21,0,1,3,3,16,13,115,-1.1003963011901874e-05,1.862,0.7980000000006839,0.0108
b22_C,_09616_,BUF,0,1,1,10,17,12,76,1.5785997357742332e-05,1.064,0.26599999999962165,0.0108
b22_C,_09617_,NOR2,0,1,2,1,26,14,102,-0.00010994715984158354,1.33,0.5320000000010623,0.0108
b22_C,_09618_,XNOR2,0,0,2,1,1,14,102,6.869220607885751e-07,2.66,1.0640000000003056,0.0108
b22_C,_09619_,XNOR2,0,1,2,1,27,13,101,-4.980184940661658e-06,2.66,1.0640000000003056,0.0108
b22_C,_09620_,MUX2,0,1,3,3,28,12,100,-1.3236459709409232e-05,2.394,0.5320000000010623,0.0108
b22_C,_09621_,NAND2,0,0,2,10,29,11,97,-9.233817701481684e-05,1.33,0.5320000000010623,0.0108
b22_C,_09622_,XOR2,0,0,2,3,30,7,15,-3.963011896424007e-08,2.394,0.7980000000006839,0.0108
b22_C,_09623_,NAND2,0,0,2,1,31,6,9,-3.2496697490724813e-06,1.33,0.5320000000010623,0.0108
b22_C,_09624_,NAND2,0,0,2,2,13,15,127,-1.5535006605116308e-05,1.33,0.5320000000010623,0.0108
b22_C,_09625_,NAND2,0,1,2,2,13,15,127,-1.7516512549553553e-05,1.33,0.5320000000010623,0.0108
b22_C,_09626_,NAND2,0,0,2,2,13,15,127,-1.1070013210101592e-05,1.33,0.5320000000010623,0.0108
b22_C,_09627_,NOR2,0,0,2,1,14,17,135,0.0,1.33,0.5320000000010623,0.0108
b22_C,_09628_,XOR2,0,0,2,3,15,16,134,0.0,2.394,0.7980000000006839,0.0108
b22_C,_09629_,NAND2,0,0,2,2,16,15,127,0.0,1.33,0.5320000000010623,0.0108
b22_C,_09630_,AND4,0,0,4,7,17,12,87,-2.826948480860736e-06,1.862,0.26599999999962165,0.0108
b22_C,_09631_,OR2,0,0,2,1,14,14,48,-2.6671070013195575e-05,1.33,0.26599999999962165,0.0108
b22_C,_09632_,AOI21,0,1,3,1,25,15,120,-0.0001874372523118506,1.862,0.7980000000006839,0.0108
b22_C,_09633_,XNOR2,0,0,2,1,1,15,120,0.0,2.66,1.0640000000003056,0.0108
b22_C,_09634_,XOR2,0,1,2,2,26,14,119,-8.322324967169337e-06,2.394,0.7980000000006839,0.0108
b22_C,_09635_,OAI211,0,0,4,3,27,13,47,-0.00014225891677699387,2.394,1.0640000000003056,0.0108
b22_C,_09636_,XNOR2,0,0,2,3,28,8,18,-1.188903568927202e-07,2.66,1.0640000000003056,0.0108
b22_C,_09637_,NAND2,0,0,2,1,29,7,13,-1.188903568927202e-07,1.33,0.5320000000010623,0.0108
b22_C,_09638_,NAND2,0,1,2,2,13,16,147,-1.7741083223388188e-05,1.33,0.5320000000010623,0.0108
b22_C,_09639_,NAND2,0,0,2,2,13,16,147,-1.552179656560959e-05,1.33,0.5320000000010623,0.0108
b22_C,_09640_,XOR2,0,0,2,3,14,17,153,0.0,2.394,0.7980000000006839,0.0108
b22_C,_09641_,OR2,0,0,2,2,15,16,147,-1.228533685670996e-06,1.33,0.26599999999962165,0.0108
b22_C,_09642_,NAND2,0,0,2,2,13,16,147,-1.0356671070077539e-05,1.33,0.5320000000010623,0.0108
b22_C,_09643_,NAND4,0,1,4,2,16,15,105,8.718626154369247e-07,2.394,1.0640000000003056,0.0108
b22_C,_09644_,BUF,0,1,1,10,17,14,103,1.233817701429274e-05,1.064,0.26599999999962165,0.0108
b22_C,_09645_,XOR2,0,0,2,1,1,16,135,0.0,2.394,0.7980000000006839,0.0108
b22_C,_09646_,XOR2,0,1,2,1,25,15,134,-0.00026622192866576633,2.394,0.7980000000006839,0.0108
b22_C,_09647_,MUX2,0,1,3,3,26,14,133,-1.8084544253671453e-05,2.394,0.5320000000010623,0.0108
b22_C,_09648_,NAND2,0,0,2,10,27,13,129,-9.217965653918192e-05,1.33,0.5320000000010623,0.0108
b22_C,_09649_,XOR2,0,0,2,2,28,10,22,-2.0343461033522914e-06,2.394,0.7980000000006839,0.0108
b22_C,_09650_,NOR2,0,0,2,2,29,8,19,-2.919418758295933e-06,1.33,0.5320000000010623,0.0108
b22_C,_09651_,NAND2,0,1,2,1,12,19,164,-4.6327608983043334e-05,1.33,0.5320000000010623,0.0108
b22_C,_09652_,XNOR2,0,0,2,3,13,19,168,0.0,2.66,1.0640000000003056,0.0108
b22_C,_09653_,OAI21,0,1,3,1,14,18,163,-5.653896961721472e-06,1.862,0.7980000000006839,0.0108
b22_C,_09654_,AOI221,0,1,5,1,15,17,162,-2.92998678996792e-05,2.926,1.3300000000017462,0.0108
b22_C,_09655_,BUF,0,1,1,10,16,16,161,2.2840158520276432e-05,1.064,0.26599999999962165,0.0108
b22_C,_09656_,NOR2,0,0,2,2,14,16,151,-5.90224570673481e-05,1.33,0.5320000000010623,0.0108
b22_C,_09657_,XNOR2,0,0,2,1,1,17,152,0.0,2.66,1.0640000000003056,0.0108
b22_C,_09658_,XNOR2,0,0,2,2,24,16,151,-0.00011449141347430469,2.66,1.0640000000003056,0.0108
b22_C,_09659_,AOI211,0,0,4,9,25,15,146,7.369881109631216e-05,2.394,1.0640000000003056,0.0108
b22_C,_09660_,XOR2,0,0,2,3,26,10,24,-3.445178335548249e-05,2.394,0.7980000000006839,0.0108
b22_C,_09661_,NAND2,0,0,2,1,27,9,19,-5.535006605050796e-06,1.33,0.5320000000010623,0.0108
b22_C,_09662_,NAND2,0,0,2,2,13,17,190,-1.1070013210101592e-05,1.33,0.5320000000010623,0.0108
b22_C,_09663_,NOR2,0,0,2,1,12,19,193,0.0,1.33,0.5320000000010623,0.0108
b22_C,_09664_,XOR2,0,0,2,3,13,18,192,0.0,2.394,0.7980000000006839,0.0108
b22_C,_09665_,NAND2,0,0,2,2,14,17,190,0.0,1.33,0.5320000000010623,0.0108
b22_C,_09666_,NAND2,0,0,2,2,13,17,190,-1.5535006605116308e-05,1.33,0.5320000000010623,0.0108
b22_C,_09667_,NAND2,0,1,2,2,13,17,190,-1.7741083223388188e-05,1.33,0.5320000000010623,0.0108
b22_C,_09668_,NAND4,0,1,4,3,15,16,172,3.976221928603252e-06,2.394,1.0640000000003056,0.0108
b22_C,_09669_,BUF,0,1,1,10,16,15,166,1.265521796556257e-05,1.064,0.26599999999962165,0.0108
b22_C,_09670_,XNOR2,0,0,2,1,1,18,172,0.0,2.66,1.0640000000003056,0.0108
b22_C,_09671_,XNOR2,0,0,2,1,23,17,171,-0.00022342140026454516,2.66,1.0640000000003056,0.0108
b22_C,_09672_,MUX2,0,1,3,5,24,16,170,-3.718626155890803e-05,2.394,0.5320000000010623,0.0108
b22_C,_09673_,NAND2,0,0,2,9,25,15,145,-8.162483487450523e-05,1.33,0.5320000000010623,0.0108
b22_C,_09674_,XOR2,0,0,2,2,26,12,28,-1.3606340820704332e-06,2.394,0.7980000000006839,0.0108
b22_C,_09675_,AND2,0,0,2,2,27,11,26,-1.558784676669589e-06,1.33,0.26599999999962165,0.0108
b22_C,_09676_,INV,0,0,1,1,28,10,22,0.0,0.798,0.26599999999962165,0.0108
b22_C,_09677_,NAND2,0,0,2,2,12,19,201,-2.472919418772257e-05,1.33,0.5320000000010623,0.0108
b22_C,_09678_,NAND2,0,1,2,2,12,19,201,-4.474240422736031e-05,1.33,0.5320000000010623,0.0108
b22_C,_09679_,NAND2,0,0,2,2,12,19,201,-1.2219286658066153e-05,1.33,0.5320000000010623,0.0108
b22_C,_09680_,XNOR2,0,0,2,3,12,20,206,0.0,2.66,1.0640000000003056,0.0108
b22_C,_09681_,NAND2,0,0,2,2,13,19,201,0.0,1.33,0.5320000000010623,0.0108
b22_C,_09682_,AND4,0,0,4,7,14,16,117,-2.8005284016252574e-06,1.862,0.26599999999962165,0.0108
b22_C,_09683_,OR2,0,0,2,1,13,18,185,-2.9194187582737285e-05,1.33,0.26599999999962165,0.0108
b22_C,_09684_,XOR2,0,0,2,1,1,19,189,0.0,2.394,0.7980000000006839,0.0108
b22_C,_09685_,XNOR2,0,0,2,2,22,18,188,-9.289299867898393e-05,2.66,1.0640000000003056,0.0108
b22_C,_09686_,OAI211,0,0,4,9,23,17,184,-0.00012247027741074668,2.394,1.0640000000003056,0.0108
b22_C,_09687_,XNOR2,0,0,2,3,24,12,30,-1.8361955087531356e-06,2.66,1.0640000000003056,0.0108
b22_C,_09688_,NAND2,0,0,2,1,25,11,25,0.0,1.33,0.5320000000010623,0.0108
b22_C,_09689_,NAND2,0,0,2,2,12,18,220,-2.472919418772257e-05,1.33,0.5320000000010623,0.0108
b22_C,_09690_,XNOR2,0,0,2,3,11,19,225,0.0,2.66,1.0640000000003056,0.0108
b22_C,_09691_,NAND2,0,0,2,2,12,18,220,0.0,1.33,0.5320000000010623,0.0108
b22_C,_09692_,NAND2,0,1,2,2,12,18,220,-4.4821664465066746e-05,1.33,0.5320000000010623,0.0108
b22_C,_09693_,NAND2,0,0,2,2,12,18,220,-1.2219286658066153e-05,1.33,0.5320000000010623,0.0108
b22_C,_09694_,NAND4,0,1,4,9,13,17,153,3.51122853365915e-05,2.394,1.0640000000003056,0.0108
b22_C,_09695_,NAND2,0,0,2,1,20,20,210,-0.00011214002642012666,1.33,0.5320000000010623,0.0108
b22_C,_09696_,AND2,0,0,2,1,3,20,210,-1.162483487693322e-06,1.33,0.26599999999962165,0.0108
b22_C,_09697_,XNOR2,0,0,2,1,21,19,209,0.0,2.66,1.0640000000003056,0.0108
b22_C,_09698_,MUX2,0,1,3,4,22,18,208,-4.190224570677081e-05,2.394,0.5320000000010623,0.0108
b22_C,_09699_,MUX2,0,0,3,9,23,17,203,-4.026420079283888e-05,2.394,0.5320000000010623,0.0108
b22_C,_09700_,XNOR2,0,0,2,2,24,14,34,-3.963011896424007e-08,2.66,1.0640000000003056,0.0108
b22_C,_09701_,NOR2,0,0,2,2,25,12,31,-9.564068692125005e-06,1.33,0.5320000000010623,0.0108
b22_C,_09702_,AND2,0,0,2,3,12,19,237,-2.0726552179661795e-05,1.33,0.26599999999962165,0.0108
b22_C,_09703_,INV,0,0,1,2,1,22,245,0.0,0.798,0.26599999999962165,0.0108
b22_C,_09704_,NOR2,0,0,2,1,10,22,244,0.0,1.33,0.5320000000010623,0.0108
b22_C,_09705_,XNOR2,0,0,2,3,11,21,243,0.0,2.66,1.0640000000003056,0.0108
b22_C,_09706_,NAND2,0,0,2,1,12,20,238,0.0,1.33,0.5320000000010623,0.0108
b22_C,_09707_,AOI22,0,1,4,1,12,20,238,-1.9392338177048885e-05,2.394,1.0640000000003056,0.0108
b22_C,_09708_,NAND2,0,1,2,3,13,19,237,-6.3672391017455254e-06,1.33,0.5320000000010623,0.0108
b22_C,_09709_,NOR2,0,0,2,10,14,18,182,2.1822985468933354e-05,1.33,0.5320000000010623,0.0108
b22_C,_09710_,BUF,0,0,1,10,2,31,788,-2.642007923547851e-08,1.064,0.26599999999962165,0.0108
b22_C,_09711_,OR2,0,0,2,2,3,25,372,-0.0006196036988113107,1.33,0.26599999999962165,0.0108
b22_C,_09712_,OAI21,0,0,3,1,4,22,251,0.0,1.862,0.7980000000006839,0.0108
b22_C,_09713_,XOR2,0,0,2,3,5,21,250,0.0,2.394,0.7980000000006839,0.0108
b22_C,_09714_,NOR2,0,0,2,1,13,20,224,-8.639365918128306e-05,1.33,0.5320000000010623,0.0108
b22_C,_09715_,NOR2,0,1,2,1,19,22,228,-0.00022273447820353454,1.33,0.5320000000010623,0.0108
b22_C,_09716_,XOR2,0,0,2,1,1,22,228,6.737120210598135e-07,2.394,0.7980000000006839,0.0108
b22_C,_09717_,XNOR2,0,1,2,1,20,21,227,-3.3949801849786354e-06,2.66,1.0640000000003056,0.0108
b22_C,_09718_,MUX2,0,1,3,2,21,20,226,-2.8982826948631413e-05,2.394,0.5320000000010623,0.0108
b22_C,_09719_,AOI21,0,0,3,2,22,19,223,-0.00010484808454447325,1.862,0.7980000000006839,0.0108
b22_C,_09720_,BUF,0,0,1,10,23,18,220,1.3210039506716953e-08,1.064,0.26599999999962165,0.0108
b22_C,_09721_,XNOR2,0,0,2,3,24,14,38,-3.963011896424007e-08,2.66,1.0640000000003056,0.0108
b22_C,_09722_,NOR2,0,0,2,1,25,13,31,-6.974900924827665e-06,1.33,0.5320000000010623,0.0108
b22_C,_09723_,NAND2,0,1,2,2,12,21,253,-4.4966974901194945e-05,1.33,0.5320000000010623,0.0108
b22_C,_09724_,XOR2,0,0,2,3,10,22,258,0.0,2.394,0.7980000000006839,0.0108
b22_C,_09725_,OR2,0,0,2,2,11,21,253,-1.228533685670996e-06,1.33,0.26599999999962165,0.0108
b22_C,_09726_,NAND2,0,0,2,2,12,21,253,-2.3685601056921968e-05,1.33,0.5320000000010623,0.0108
b22_C,_09727_,NAND2,0,0,2,2,12,21,253,-1.2219286658066153e-05,1.33,0.5320000000010623,0.0108
b22_C,_09728_,AND4,0,0,4,7,13,18,219,-2.774108322389779e-06,1.862,0.26599999999962165,0.0108
b22_C,_09729_,NAND2,0,0,2,2,4,24,341,0.0,1.33,0.5320000000010623,0.0108
b22_C,_09730_,XOR2,0,0,2,10,5,21,280,5.812417436246164e-07,2.394,0.7980000000006839,0.0108
b22_C,_09731_,NOR2,0,0,2,1,12,20,238,-8.857331572009741e-05,1.33,0.5320000000010623,0.0108
b22_C,_09732_,NAND2,0,0,2,1,18,22,246,-0.00012187582562761534,1.33,0.5320000000010623,0.0108
b22_C,_09733_,XNOR2,0,0,2,1,1,22,246,0.0,2.66,1.0640000000003056,0.0108
b22_C,_09734_,XNOR2,0,0,2,1,19,21,245,0.0,2.66,1.0640000000003056,0.0108
b22_C,_09735_,MUX2,0,1,3,3,20,20,244,-5.313077939250732e-05,2.394,0.5320000000010623,0.0108
b22_C,_09736_,AOI21,0,0,3,6,21,19,237,-0.00010447820343473246,1.862,0.7980000000006839,0.0108
b22_C,_09737_,XNOR2,0,0,2,3,22,16,43,0.0,2.66,1.0640000000003056,0.0108
b22_C,_09738_,NOR2,0,0,2,1,23,15,37,0.0,1.33,0.5320000000010623,0.0108
b22_C,_09739_,NAND2,0,0,2,2,12,21,276,-1.2219286658066153e-05,1.33,0.5320000000010623,0.0108
b22_C,_09740_,XNOR2,0,0,2,3,9,22,279,0.0,2.66,1.0640000000003056,0.0108
b22_C,_09741_,NAND2,0,0,2,2,11,21,276,0.0,1.33,0.5320000000010623,0.0108
b22_C,_09742_,NAND2,0,1,2,2,12,21,276,-4.487450462375975e-05,1.33,0.5320000000010623,0.0108
b22_C,_09743_,NAND2,0,0,2,2,12,21,276,-2.472919418772257e-05,1.33,0.5320000000010623,0.0108
b22_C,_09744_,AND4,0,0,4,6,13,19,163,-2.7344782036475834e-06,1.862,0.26599999999962165,0.0108
b22_C,_09745_,OR2,0,0,2,2,1,27,489,0.0,1.33,0.26599999999962165,0.0108
b22_C,_09746_,OR2,0,0,2,2,1,29,670,0.0,1.33,0.26599999999962165,0.0108
b22_C,_09747_,OR2,0,0,2,4,4,31,788,0.0,1.33,0.26599999999962165,0.0108
b22_C,_09748_,OR3,0,0,3,4,5,28,607,0.0,1.596,0.26599999999962165,0.0108
b22_C,_09749_,OR3,0,0,3,3,6,26,429,0.0,1.596,0.26599999999962165,0.0108
b22_C,_09750_,OR3,0,0,3,1,7,24,312,0.0,1.596,0.26599999999962165,0.0108
b22_C,_09751_,AOI21,0,0,3,1,8,23,311,-1.3210039950806163e-08,1.862,0.7980000000006839,0.0108
b22_C,_09752_,AOI21,0,0,3,2,9,22,310,-5.284015852202728e-06,1.862,0.7980000000006839,0.0108
b22_C,_09753_,NOR2,0,0,2,1,12,20,259,-8.844121532369797e-05,1.33,0.5320000000010623,0.0108
b22_C,_09754_,NOR2,0,1,2,1,12,21,265,-8.299867899608238e-05,1.33,0.5320000000010623,0.0108
b22_C,_09755_,NOR2,0,0,2,1,17,22,266,-0.0003243857331571842,1.33,0.5320000000010623,0.0108
b22_C,_09756_,XNOR2,0,0,2,1,1,22,266,0.0,2.66,1.0640000000003056,0.0108
b22_C,_09757_,XNOR2,0,0,2,1,18,21,265,0.0,2.66,1.0640000000003056,0.0108
b22_C,_09758_,AOI21,0,1,3,3,19,20,264,-8.323645970942373e-05,1.862,0.7980000000006839,0.0108
b22_C,_09759_,AOI21,0,0,3,7,20,19,258,-0.0001123249669752191,1.862,0.7980000000006839,0.0108
b22_C,_09760_,XNOR2,0,0,2,3,21,17,47,-6.605019819971858e-08,2.66,1.0640000000003056,0.0108
b22_C,_09761_,AND2,0,0,2,1,22,16,41,-1.3210039728761558e-08,1.33,0.26599999999962165,0.0108
b22_C,_09762_,INV,0,0,1,3,1,24,304,0.0,0.798,0.26599999999962165,0.0108
b22_C,_09763_,NOR2,0,0,2,1,8,24,300,0.0,1.33,0.5320000000010623,0.0108
b22_C,_09764_,XNOR2,0,0,2,3,9,23,299,0.0,2.66,1.0640000000003056,0.0108
b22_C,_09765_,AND2,0,0,2,3,11,22,297,0.0,1.33,0.26599999999962165,0.0108
b22_C,_09766_,AOI22,0,1,4,1,12,23,298,-1.928665786010697e-05,2.394,1.0640000000003056,0.0108
b22_C,_09767_,NAND2,0,0,2,1,12,23,298,-4.993394980212784e-05,1.33,0.5320000000010623,0.0108
b22_C,_09768_,NAND2,0,1,2,3,13,22,297,-3.7648612947194238e-06,1.33,0.5320000000010623,0.0108
b22_C,_09769_,NOR2,0,0,2,2,14,21,237,-6.28797886403909e-06,1.33,0.5320000000010623,0.0108
b22_C,_09770_,BUF,0,0,1,10,15,20,234,0.0,1.064,0.26599999999962165,0.0108
b22_C,_09771_,OAI21,0,0,3,1,7,25,341,0.0,1.862,0.7980000000006839,0.0108
b22_C,_09772_,XOR2,0,0,2,3,8,24,340,0.0,2.394,0.7980000000006839,0.0108
b22_C,_09773_,NOR2,0,0,2,1,12,23,282,-8.844121532369797e-05,1.33,0.5320000000010623,0.0108
b22_C,_09774_,NOR2,0,0,2,1,16,25,286,-0.00014463672391018534,1.33,0.5320000000010623,0.0108
b22_C,_09775_,XNOR2,0,0,2,1,1,25,286,0.0,2.66,1.0640000000003056,0.0108
b22_C,_09776_,XNOR2,0,0,2,1,17,24,285,0.0,2.66,1.0640000000003056,0.0108
b22_C,_09777_,MUX2,0,1,3,2,18,23,284,-5.339498018508415e-05,2.394,0.5320000000010623,0.0108
b22_C,_09778_,AOI21,0,0,3,3,19,22,281,-0.00010696169088530993,1.862,0.7980000000006839,0.0108
b22_C,_09779_,CLKBUF,0,0,1,10,20,21,277,0.0,1.064,0.26599999999962165,0.0108
b22_C,_09780_,XNOR2,0,0,2,2,21,20,54,-2.6420079457523116e-08,2.66,1.0640000000003056,0.0108
b22_C,_09781_,NOR2,0,0,2,2,22,18,50,0.0,1.33,0.5320000000010623,0.0108
b22_C,_09782_,INV,0,0,1,2,23,17,46,1.3210039506716953e-08,0.798,0.26599999999962165,0.0108
b22_C,_09783_,AND2,0,0,2,2,22,19,51,0.0,1.33,0.26599999999962165,0.0108
b22_C,_09784_,INV,0,0,1,1,23,18,47,0.0,0.798,0.26599999999962165,0.0108
b22_C,_09785_,AOI22,0,1,4,2,12,23,313,-5.1056803170412834e-05,2.394,1.0640000000003056,0.0108
b22_C,_09786_,XNOR2,0,0,2,3,8,24,317,0.0,2.66,1.0640000000003056,0.0108
b22_C,_09787_,AOI22,0,0,4,2,12,23,313,-1.1215323646007747e-05,2.394,1.0640000000003056,0.0108
b22_C,_09788_,AND2,0,0,2,1,13,22,294,-7.040951122805339e-06,1.33,0.26599999999962165,0.0108
b22_C,_09789_,BUF,0,0,1,10,14,21,293,0.0,1.064,0.26599999999962165,0.0108
b22_C,_09790_,NAND2,0,0,2,1,7,25,367,0.0,1.33,0.5320000000010623,0.0108
b22_C,_09791_,XOR2,0,0,2,2,8,24,366,0.0,2.394,0.7980000000006839,0.0108
b22_C,_09792_,BUF,0,0,1,10,9,23,295,0.0,1.064,0.26599999999962165,0.0108
b22_C,_09793_,NOR2,0,0,2,1,12,22,232,-8.844121532369797e-05,1.33,0.5320000000010623,0.0108
b22_C,_09794_,AOI21,0,0,3,1,15,25,301,-0.0001921796565391709,1.862,0.7980000000006839,0.0108
b22_C,_09795_,OR2,0,0,2,1,3,25,301,0.0,1.33,0.26599999999962165,0.0108
b22_C,_09796_,XNOR2,0,0,2,1,16,24,300,0.0,2.66,1.0640000000003056,0.0108
b22_C,_09797_,MUX2,0,1,3,3,17,23,299,-5.313077939250732e-05,2.394,0.5320000000010623,0.0108
b22_C,_09798_,AOI21,0,0,3,4,18,21,231,-0.00010659180977579119,1.862,0.7980000000006839,0.0108
b22_C,_09799_,XNOR2,0,0,2,3,19,19,56,0.0,2.66,1.0640000000003056,0.0108
b22_C,_09800_,NAND2,0,0,2,2,20,18,50,0.0,1.33,0.5320000000010623,0.0108
b22_C,_09801_,NAND2,0,0,2,2,12,24,330,-2.472919418772257e-05,1.33,0.5320000000010623,0.0108
b22_C,_09802_,NAND2,0,0,2,2,12,24,330,-1.2219286658066153e-05,1.33,0.5320000000010623,0.0108
b22_C,_09803_,XNOR2,0,0,2,3,7,25,334,0.0,2.66,1.0640000000003056,0.0108
b22_C,_09804_,NAND2,0,0,2,2,10,24,330,0.0,1.33,0.5320000000010623,0.0108
b22_C,_09805_,NAND2,0,1,2,2,12,24,330,-4.491413474272399e-05,1.33,0.5320000000010623,0.0108
b22_C,_09806_,AND4,0,0,4,7,13,23,255,-2.721268163918822e-06,1.862,0.26599999999962165,0.0108
b22_C,_09807_,OAI21,0,0,3,1,6,26,399,0.0,1.862,0.7980000000006839,0.0108
b22_C,_09808_,XOR2,0,0,2,3,7,25,398,0.0,2.394,0.7980000000006839,0.0108
b22_C,_09809_,NAND2,0,0,2,1,11,24,319,-5.482166446579839e-06,1.33,0.5320000000010623,0.0108
b22_C,_09810_,XNOR2,0,0,2,1,1,26,323,0.0,2.66,1.0640000000003056,0.0108
b22_C,_09811_,XNOR2,0,0,2,1,15,25,322,-0.00022688243064727942,2.66,1.0640000000003056,0.0108
b22_C,_09812_,MUX2,0,1,3,2,16,24,321,-6.537648612958691e-05,2.394,0.5320000000010623,0.0108
b22_C,_09813_,OAI21,0,0,3,10,17,23,318,-1.138705416114938e-05,1.862,0.7980000000006839,0.0108
b22_C,_09814_,XNOR2,0,0,2,2,18,22,62,0.0,2.66,1.0640000000003056,0.0108
b22_C,_09815_,AND2,0,0,2,3,19,21,60,0.0,1.33,0.26599999999962165,0.0108
b22_C,_09816_,NAND2,0,0,2,1,11,25,351,-6.587846763550509e-05,1.33,0.5320000000010623,0.0108
b22_C,_09817_,INV,0,0,1,3,12,24,350,0.0,0.798,0.26599999999962165,0.0108
b22_C,_09818_,NAND2,0,1,2,1,11,25,351,-3.2694848084657835e-05,1.33,0.5320000000010623,0.0108
b22_C,_09819_,NAND2,0,0,2,1,11,25,351,-1.261558784704242e-05,1.33,0.5320000000010623,0.0108
b22_C,_09820_,NOR2,0,0,2,1,6,26,356,0.0,1.33,0.5320000000010623,0.0108
b22_C,_09821_,XNOR2,0,0,2,3,7,25,355,0.0,2.66,1.0640000000003056,0.0108
b22_C,_09822_,OAI211,0,1,4,3,12,24,350,-7.926023792848014e-08,2.394,1.0640000000003056,0.0108
b22_C,_09823_,OR2,0,1,2,3,13,23,130,7.107001320783013e-06,1.33,0.26599999999962165,0.0108
b22_C,_09824_,BUF,0,1,1,10,14,22,123,1.5217965653846477e-05,1.064,0.26599999999962165,0.0108
b22_C,_09825_,OAI21,0,0,3,1,6,26,431,0.0,1.862,0.7980000000006839,0.0108
b22_C,_09826_,XOR2,0,0,2,3,7,25,430,0.0,2.394,0.7980000000006839,0.0108
b22_C,_09827_,NAND2,0,0,2,1,11,24,339,-5.482166446579839e-06,1.33,0.5320000000010623,0.0108
b22_C,_09828_,XOR2,0,0,2,1,1,26,343,0.0,2.394,0.7980000000006839,0.0108
b22_C,_09829_,XNOR2,0,0,2,1,14,25,342,-0.00012191545574635754,2.66,1.0640000000003056,0.0108
b22_C,_09830_,MUX2,0,1,3,2,15,24,341,-6.537648612958691e-05,2.394,0.5320000000010623,0.0108
b22_C,_09831_,OAI21,0,0,3,8,16,23,338,-1.138705416114938e-05,1.862,0.7980000000006839,0.0108
b22_C,_09832_,XOR2,0,0,2,4,17,22,68,-3.566710702340714e-07,2.394,0.7980000000006839,0.0108
b22_C,_09833_,OR2,0,0,2,2,18,20,59,-1.4134742403193457e-06,1.33,0.26599999999962165,0.0108
b22_C,_09834_,AOI222,0,1,6,1,11,26,390,-7.09114927346377e-05,3.724,1.5960000000013679,0.0108
b22_C,_09835_,XNOR2,0,0,2,3,5,26,392,0.0,2.66,1.0640000000003056,0.0108
b22_C,_09836_,OAI21,0,1,3,6,12,25,389,-5.03302509935466e-06,1.862,0.7980000000006839,0.0108
b22_C,_09837_,BUF,0,1,1,10,13,24,120,1.5785997357742332e-05,1.064,0.26599999999962165,0.0108
b22_C,_09838_,XOR2,0,0,2,1,1,29,384,0.0,2.394,0.7980000000006839,0.0108
b22_C,_09839_,XNOR2,0,0,2,1,12,28,383,-0.00011966974900934346,2.66,1.0640000000003056,0.0108
b22_C,_09840_,MUX2,0,1,3,2,13,27,382,-7.191545574647407e-05,2.394,0.5320000000010623,0.0108
b22_C,_09841_,NOR2,0,0,2,1,14,26,379,-1.741083223261164e-05,1.33,0.5320000000010623,0.0108
b22_C,_09842_,OAI21,0,0,3,1,5,27,493,0.0,1.862,0.7980000000006839,0.0108
b22_C,_09843_,XOR2,0,0,2,4,6,26,492,0.0,2.394,0.7980000000006839,0.0108
b22_C,_09844_,AOI21,0,0,3,8,15,25,378,-6.803170409463988e-06,1.862,0.7980000000006839,0.0108
b22_C,_09845_,XNOR2,0,0,2,2,16,22,75,0.0,2.66,1.0640000000003056,0.0108
b22_C,_09846_,NOR2,0,0,2,2,17,21,72,-2.813738441354019e-06,1.33,0.5320000000010623,0.0108
b22_C,_09847_,AOI22,0,0,4,2,11,27,408,-7.080581241747375e-05,2.394,1.0640000000003056,0.0108
b22_C,_09848_,NAND2,0,0,2,2,11,27,408,-3.624834874504934e-05,1.33,0.5320000000010623,0.0108
b22_C,_09849_,NOR2,0,0,2,1,4,29,411,0.0,1.33,0.5320000000010623,0.0108
b22_C,_09850_,XNOR2,0,0,2,3,5,28,410,0.0,2.66,1.0640000000003056,0.0108
b22_C,_09851_,OR2,0,0,2,2,11,27,408,-1.228533685670996e-06,1.33,0.26599999999962165,0.0108
b22_C,_09852_,NAND3,0,0,3,9,12,25,340,0.0,1.862,0.7980000000006839,0.0108
b22_C,_09853_,OAI21,0,0,3,1,5,30,523,0.0,1.862,0.7980000000006839,0.0108
b22_C,_09854_,XOR2,0,0,2,2,6,29,522,0.0,2.394,0.7980000000006839,0.0108
b22_C,_09855_,INV,0,0,1,3,7,25,386,0.0,0.798,0.26599999999962165,0.0108
b22_C,_09856_,XNOR2,0,0,2,1,1,29,400,0.0,2.66,1.0640000000003056,0.0108
b22_C,_09857_,XNOR2,0,0,2,1,11,28,399,-0.00024010568031718194,2.66,1.0640000000003056,0.0108
b22_C,_09858_,MUX2,0,1,3,3,12,27,398,-7.180977542931011e-05,2.394,0.5320000000010623,0.0108
b22_C,_09859_,MUX2,0,0,3,4,13,24,332,-4.3738441215301904e-05,2.394,0.5320000000010623,0.0108
b22_C,_09860_,XNOR2,0,0,2,3,14,22,78,0.0,2.66,1.0640000000003056,0.0108
b22_C,_09861_,NOR2,0,0,2,2,15,21,72,0.0,1.33,0.5320000000010623,0.0108
b22_C,_09862_,XOR2,0,0,2,1,1,29,418,0.0,2.394,0.7980000000006839,0.0108
b22_C,_09863_,XNOR2,0,0,2,1,10,28,417,-0.00010996036988109026,2.66,1.0640000000003056,0.0108
b22_C,_09864_,MUX2,0,1,3,3,11,27,416,-6.99075297225793e-05,2.394,0.5320000000010623,0.0108
b22_C,_09865_,NAND2,0,0,2,1,12,26,325,-8.735799207415518e-05,1.33,0.5320000000010623,0.0108
b22_C,_09866_,NAND2,0,0,2,1,5,29,551,-3.963011896424007e-08,1.33,0.5320000000010623,0.0108
b22_C,_09867_,XOR2,0,0,2,4,6,28,550,0.0,2.394,0.7980000000006839,0.0108
b22_C,_09868_,OAI21,0,0,3,8,13,25,324,-9.969616908844792e-05,1.862,0.7980000000006839,0.0108
b22_C,_09869_,AND2,0,0,2,2,14,24,81,-1.188903568927202e-07,1.33,0.26599999999962165,0.0108
b22_C,_09870_,NOR2,0,0,2,2,14,24,81,-3.302509907765483e-07,1.33,0.5320000000010623,0.0108
b22_C,_09871_,AND4,0,0,4,4,12,26,295,-2.774108322389779e-06,1.862,0.26599999999962165,0.0108
b22_C,_09872_,NOR2,0,0,2,2,15,23,80,-3.963011896424007e-08,1.33,0.5320000000010623,0.0108
b22_C,_09873_,NOR2,0,0,2,1,16,22,76,0.0,1.33,0.5320000000010623,0.0108
b22_C,_09874_,AOI211,0,21,4,2,19,22,79,-0.00011940554821676663,2.394,1.0640000000003056,0.0108
b22_C,_09876_,NAND2,0,0,2,2,15,21,72,0.0,1.33,0.5320000000010623,0.0108
b22_C,_09877_,AOI211,0,18,4,2,21,20,67,-0.00015511228533693355,2.394,1.0640000000003056,0.0108
b22_C,_09878_,NAND2,0,0,2,1,17,21,72,-3.05151915469537e-06,1.33,0.5320000000010623,0.0108
b22_C,_09879_,INV,0,0,1,3,18,20,71,0.0,0.798,0.26599999999962165,0.0108
b22_C,_09880_,NAND2,0,0,2,2,11,25,367,-6.587846763550509e-05,1.33,0.5320000000010623,0.0108
b22_C,_09881_,NAND2,0,0,2,2,11,25,367,-3.624834874504934e-05,1.33,0.5320000000010623,0.0108
b22_C,_09882_,XNOR2,0,0,2,3,6,26,369,0.0,2.66,1.0640000000003056,0.0108
b22_C,_09883_,NAND2,0,0,2,2,10,25,367,0.0,1.33,0.5320000000010623,0.0108
b22_C,_09884_,NAND2,0,0,2,2,11,25,367,-1.261558784704242e-05,1.33,0.5320000000010623,0.0108
b22_C,_09885_,NAND4,0,0,4,9,12,24,283,2.364597093462706e-06,2.394,1.0640000000003056,0.0108
b22_C,_09886_,XNOR2,0,0,2,1,1,28,361,0.0,2.66,1.0640000000003056,0.0108
b22_C,_09887_,XNOR2,0,0,2,1,13,27,360,-0.00023937912813720708,2.66,1.0640000000003056,0.0108
b22_C,_09888_,MUX2,0,1,3,2,14,26,359,-6.521796565395199e-05,2.394,0.5320000000010623,0.0108
b22_C,_09889_,NOR2,0,0,2,2,15,25,356,-1.1915455746525083e-05,1.33,0.5320000000010623,0.0108
b22_C,_09890_,NAND2,0,0,2,1,6,27,457,0.0,1.33,0.5320000000010623,0.0108
b22_C,_09891_,XOR2,0,0,2,3,7,26,456,0.0,2.394,0.7980000000006839,0.0108
b22_C,_09892_,AND2,0,0,2,2,11,25,356,-2.7873183621185404e-06,1.33,0.26599999999962165,0.0108
b22_C,_09893_,NOR2,0,0,2,10,16,24,355,0.00021755614266827372,1.33,0.5320000000010623,0.0108
b22_C,_09894_,XNOR2,0,0,2,4,17,22,70,-4.8929986790069435e-05,2.66,1.0640000000003056,0.0108
b22_C,_09895_,OAI221,0,15,5,1,22,19,54,-0.00011708058124204612,2.926,1.3300000000017462,0.0108
b22_C,_09896_,NOR2,0,0,2,2,18,21,60,-2.1136063408366823e-06,1.33,0.5320000000010623,0.0108
b22_C,_09897_,NAND2,0,0,2,2,18,21,64,-9.114927346232093e-07,1.33,0.5320000000010623,0.0108
b22_C,_09898_,NOR3,0,0,3,1,20,20,55,-1.043593130800602e-06,1.862,0.7980000000006839,0.0108
b22_C,_09899_,NOR2,0,0,2,2,19,20,59,0.0,1.33,0.5320000000010623,0.0108
b22_C,_09900_,AOI211,0,0,4,1,21,19,54,-2.8005284016252574e-06,2.394,1.0640000000003056,0.0108
b22_C,_09901_,AOI21,0,15,3,4,23,18,53,1.272126816376229e-05,1.862,0.7980000000006839,0.0108
b22_C,_09902_,NOR2,0,0,2,2,20,18,50,0.0,1.33,0.5320000000010623,0.0108
b22_C,_09903_,OAI211,0,13,4,2,24,17,46,4.7331571994435606e-05,2.394,1.0640000000003056,0.0108
b22_C,_09904_,AND2,0,12,2,1,25,16,41,-9.088507265664347e-06,1.33,0.26599999999962165,0.0108
b22_C,_09905_,OR2,0,0,2,1,22,16,41,-1.3210039728761558e-08,1.33,0.26599999999962165,0.0108
b22_C,_09906_,AOI21,0,12,3,3,26,15,40,1.1704095112197166e-05,1.862,0.7980000000006839,0.0108
b22_C,_09907_,NAND2,0,0,2,1,23,15,37,0.0,1.33,0.5320000000010623,0.0108
b22_C,_09908_,AOI21,0,11,3,3,27,14,36,0.00015392338177000475,1.862,0.7980000000006839,0.0108
b22_C,_09909_,AOI21,0,10,3,1,28,13,31,-9.49933949803139e-05,1.862,0.7980000000006839,0.0108
b22_C,_09910_,NOR2,0,10,2,2,29,12,30,0.00010274768824292124,1.33,0.5320000000010623,0.0108
b22_C,_09911_,AND2,0,0,2,2,25,13,32,-5.191545574767531e-06,1.33,0.26599999999962165,0.0108
b22_C,_09912_,INV,0,0,1,1,26,12,28,0.0,0.798,0.26599999999962165,0.0108
b22_C,_09913_,AOI21,0,9,3,2,30,11,27,-5.1664464993494974e-05,1.862,0.7980000000006839,0.0108
b22_C,_09914_,NOR2,0,0,2,1,25,11,25,0.0,1.33,0.5320000000010623,0.0108
b22_C,_09915_,OAI21,0,8,3,2,31,10,24,8.552179656518e-05,1.862,0.7980000000006839,0.0108
b22_C,_09916_,NOR2,0,0,2,2,27,10,25,-2.906208718789216e-06,1.33,0.5320000000010623,0.0108
b22_C,_09917_,OAI21,0,7,3,2,32,9,21,-3.9260237781002516e-05,1.862,0.7980000000006839,0.0108
b22_C,_09918_,NOR2,0,0,2,1,27,9,19,-5.98414795249802e-06,1.33,0.5320000000010623,0.0108
b22_C,_09919_,OAI21,0,6,3,2,33,8,18,6.445178335523494e-05,1.862,0.7980000000006839,0.0108
b22_C,_09920_,AND2,0,0,2,2,29,9,20,-1.571994716176306e-06,1.33,0.26599999999962165,0.0108
b22_C,_09921_,INV,0,0,1,1,30,8,16,0.0,0.798,0.26599999999962165,0.0108
b22_C,_09922_,AOI21,0,5,3,2,34,7,15,-3.257595772798716e-05,1.862,0.7980000000006839,0.0108
b22_C,_09923_,NOR2,0,0,2,1,29,7,13,-1.4531043612819872e-07,1.33,0.5320000000010623,0.0108
b22_C,_09924_,OAI21,0,4,3,3,35,6,12,5.634081902239352e-05,1.862,0.7980000000006839,0.0108
b22_C,_09925_,NOR2,0,0,2,1,31,6,9,-2.9722589169889346e-06,1.33,0.5320000000010623,0.0108
b22_C,_09926_,OAI21,0,3,3,2,36,5,8,-2.1532364597121045e-05,1.862,0.7980000000006839,0.0108
b22_C,_09927_,NOR2,0,0,2,1,31,5,6,-5.627476882708038e-06,1.33,0.5320000000010623,0.0108
b22_C,_09928_,OAI21,0,2,3,2,37,4,5,1.803170409497845e-05,1.862,0.7980000000006839,0.0108
b22_C,_09929_,XNOR2,0,1,2,1,38,2,1,-3.0858652576126744e-05,2.66,1.0640000000003056,0.0108
b22_C,_09930_,CLKBUF,0,0,1,10,18,2,10,-1.3210039950806163e-08,1.064,0.26599999999962165,0.0108
b22_C,_09931_,OAI21,0,1,3,0,39,1,0,-3.5402906208847895e-06,1.862,0.7980000000006839,0.0108
b22_C,_09932_,NAND2,0,1,2,6,13,22,187,4.161162483473646e-06,1.33,0.5320000000010623,0.0108
b22_C,_09933_,XNOR2,0,0,2,2,20,4,3,-6.129458388404174e-06,2.66,1.0640000000003056,0.0108
b22_C,_09934_,AOI21,0,1,3,1,24,3,2,-7.556142668452281e-05,1.862,0.7980000000006839,0.0108
b22_C,_09935_,OAI21,0,1,3,1,25,2,1,-0.00011712021136078832,1.862,0.7980000000006839,0.0108
b22_C,_09936_,NAND2,0,0,2,1,4,4,3,0.0,1.33,0.5320000000010623,0.0108
b22_C,_09937_,OAI221,0,0,5,1,18,3,2,-5.429326288108882e-06,2.926,1.3300000000017462,0.0108
b22_C,_09938_,AOI21,0,0,3,1,19,2,1,0.0,1.862,0.7980000000006839,0.0108
b22_C,_09939_,NOR2,0,0,2,9,12,6,63,-5.2840158693001626e-08,1.33,0.5320000000010623,0.0108
b22_C,_09940_,NOR2,0,0,2,1,14,5,15,0.0,1.33,0.5320000000010623,0.0108
b22_C,_09941_,NOR2,0,0,2,2,15,4,14,0.0,1.33,0.5320000000010623,0.0108
b22_C,_09942_,CLKBUF,0,0,1,10,16,2,10,0.0,1.064,0.26599999999962165,0.0108
b22_C,_09943_,OAI211,0,1,4,0,26,1,0,-5.178335535038769e-06,2.394,1.0640000000003056,0.0108
b22_C,_09944_,AND2,0,0,2,2,15,5,32,0.0,1.33,0.26599999999962165,0.0108
b22_C,_09945_,BUF,0,0,1,10,16,4,28,0.0,1.064,0.26599999999962165,0.0108
b22_C,_09946_,OAI22,0,0,4,1,18,3,2,-5.719947160143235e-06,2.394,1.0640000000003056,0.0108
b22_C,_09947_,INV,0,0,1,7,17,15,101,-5.865257596049389e-06,0.798,0.26599999999962165,0.0108
b22_C,_09948_,AOI221,0,0,5,1,19,2,1,-1.9418758256506408e-05,2.926,1.3300000000017462,0.0108
b22_C,_09949_,OR2,0,0,2,1,30,3,2,0.0,1.33,0.26599999999962165,0.0108
b22_C,_09950_,XNOR2,0,1,2,1,34,2,1,-8.607661823001322e-05,2.66,1.0640000000003056,0.0108
b22_C,_09951_,OAI221,0,1,5,0,35,1,0,-8.943196829758193e-06,2.926,1.3300000000017462,0.0108
b22_C,_09952_,AOI21,0,1,3,2,21,4,3,-0.0003152047556143067,1.862,0.7980000000006839,0.0108
b22_C,_09953_,NOR2,0,0,2,2,19,4,3,0.0,1.33,0.5320000000010623,0.0108
b22_C,_09954_,AOI21,0,1,3,1,22,3,2,-3.949801849589818e-06,1.862,0.7980000000006839,0.0108
b22_C,_09955_,OAI21,0,1,3,1,23,2,1,-2.151915455761433e-05,1.862,0.7980000000006839,0.0108
b22_C,_09956_,AND3,0,0,3,7,12,26,317,0.0,1.596,0.26599999999962165,0.0108
b22_C,_09957_,OAI22,0,0,4,1,17,3,2,0.0,2.394,1.0640000000003056,0.0108
b22_C,_09958_,AOI221,0,0,5,1,18,2,1,-6.063408190204456e-06,2.926,1.3300000000017462,0.0108
b22_C,_09959_,OAI211,0,1,4,0,24,1,0,-5.1651254955320525e-06,2.394,1.0640000000003056,0.0108
b22_C,_09960_,NAND2,0,0,2,1,2,4,3,-5.693527080685712e-06,1.33,0.5320000000010623,0.0108
b22_C,_09961_,NOR4,1,86,4,8,10,30,414,0.007186420079260181,2.394,1.0640000000003056,0.0108
b22_C,_09962_,OAI21,0,0,3,1,17,3,2,-0.002012787318362186,1.862,0.7980000000006839,0.0108
b22_C,_09963_,AOI221,0,0,5,1,18,2,1,-1.7357992074140682e-05,2.926,1.3300000000017462,0.0108
b22_C,_09964_,XNOR2,0,0,2,1,14,3,2,-3.5931307793557465e-06,2.66,1.0640000000003056,0.0108
b22_C,_09965_,XNOR2,0,1,2,1,16,2,1,-0.0004550990752973938,2.66,1.0640000000003056,0.0108
b22_C,_09966_,OAI221,0,1,5,0,19,1,0,-4.332892998837323e-06,2.926,1.3300000000017462,0.0108
b22_C,_09967_,NAND2,0,0,2,1,16,4,3,0.0,1.33,0.5320000000010623,0.0108
b22_C,_09968_,OAI221,0,0,5,1,18,3,2,-1.4029062087361766e-05,2.926,1.3300000000017462,0.0108
b22_C,_09969_,AOI221,0,0,5,1,24,2,1,0.0,2.926,1.3300000000017462,0.0108
b22_C,_09970_,OR2,0,0,2,1,26,3,2,0.0,1.33,0.26599999999962165,0.0108
b22_C,_09971_,XNOR2,0,1,2,1,30,2,1,-0.00014820343461052765,2.66,1.0640000000003056,0.0108
b22_C,_09972_,OAI21,0,1,3,0,31,1,0,-3.4742404229071155e-06,1.862,0.7980000000006839,0.0108
b22_C,_09973_,AND4,0,0,4,6,20,11,36,-2.7608982826610173e-06,1.862,0.26599999999962165,0.0108
b22_C,_09974_,NAND3,0,0,3,3,17,10,72,0.0,1.862,0.7980000000006839,0.0108
b22_C,_09975_,AOI222,0,1,6,1,13,10,44,-2.5891677675193847e-05,3.724,1.5960000000013679,0.0108
b22_C,_09976_,AND2,0,1,2,9,18,9,43,2.022457067352157e-05,1.33,0.26599999999962165,0.0108
b22_C,_09977_,OAI222,0,0,6,1,21,3,2,-1.2324966975008067e-05,3.724,1.5960000000013679,0.0108
b22_C,_09978_,OR2,0,0,2,2,15,10,55,-2.2919418758426957e-05,1.33,0.26599999999962165,0.0108
b22_C,_09979_,INV,0,0,1,2,1,14,110,0.0,0.798,0.26599999999962165,0.0108
b22_C,_09980_,NAND2,0,0,2,2,2,13,108,0.0,1.33,0.5320000000010623,0.0108
b22_C,_09981_,OR2,0,0,2,3,2,13,107,0.0,1.33,0.26599999999962165,0.0108
b22_C,_09982_,AND2,0,0,2,2,3,12,58,0.0,1.33,0.26599999999962165,0.0108
b22_C,_09983_,INV,0,0,1,2,1,13,109,0.0,0.798,0.26599999999962165,0.0108
b22_C,_09984_,AOI22,0,10,4,3,28,12,107,6.184940554820884e-05,2.394,1.0640000000003056,0.0108
b22_C,_09985_,NOR2,0,0,2,3,2,12,107,0.0,1.33,0.5320000000010623,0.0108
b22_C,_09986_,OAI21,0,0,3,1,29,11,56,-0.0001201849405549904,1.862,0.7980000000006839,0.0108
b22_C,_09987_,OR3,0,1,3,1,29,11,56,-5.998678996066431e-05,1.596,0.26599999999962165,0.0108
b22_C,_09988_,NAND3,0,1,3,2,30,10,55,-4.089828269493445e-05,1.862,0.7980000000006839,0.0108
b22_C,_09989_,AND2,0,1,2,3,31,9,27,3.0911492734375656e-06,1.33,0.26599999999962165,0.0108
b22_C,_09990_,AND2,0,0,2,3,32,8,17,-4.775429326309144e-05,1.33,0.26599999999962165,0.0108
b22_C,_09991_,AOI221,0,0,5,1,33,2,1,0.0,2.926,1.3300000000017462,0.0108
b22_C,_09992_,INV,0,0,1,1,33,4,3,0.0,0.798,0.26599999999962165,0.0108
b22_C,_09993_,OAI21,0,1,3,1,38,3,2,-1.780713342136586e-05,1.862,0.7980000000006839,0.0108
b22_C,_09994_,NAND3,0,0,3,6,31,9,41,-9.733157199498521e-05,1.862,0.7980000000006839,0.0108
b22_C,_09995_,XOR2,0,0,2,4,32,8,20,-7.252311756911212e-06,2.394,0.7980000000006839,0.0108
b22_C,_09996_,XNOR2,0,0,2,1,33,3,2,-9.114927346232093e-07,2.66,1.0640000000003056,0.0108
b22_C,_09997_,XNOR2,0,1,2,1,39,2,1,-4.332892998837323e-06,2.66,1.0640000000003056,0.0108
b22_C,_09998_,OAI21,0,1,3,0,40,1,0,-8.190224571880123e-07,1.862,0.7980000000006839,0.0108
b22_C,_09999_,AND2,0,0,2,2,2,3,4,-2.8005284016252574e-06,1.33,0.26599999999962165,0.0108
b22_C,_10000_,AOI221,0,0,5,1,18,2,1,-1.0779392338511329e-05,2.926,1.3300000000017462,0.0108
b22_C,_10001_,AOI22,0,0,4,1,17,2,1,-4.742404227320307e-06,2.394,1.0640000000003056,0.0108
b22_C,_10002_,NOR2,0,1,2,1,20,3,2,-0.000143989431968361,1.33,0.5320000000010623,0.0108
b22_C,_10003_,XNOR2,0,0,2,1,16,3,2,0.0,2.66,1.0640000000003056,0.0108
b22_C,_10004_,XNOR2,0,1,2,1,21,2,1,-8.692206076910125e-06,2.66,1.0640000000003056,0.0108
b22_C,_10005_,OAI211,0,1,4,0,22,1,0,-6.486129458416201e-06,2.394,1.0640000000003056,0.0108
b22_C,_10006_,XNOR2,0,0,2,2,13,4,3,-5.2840158693001626e-08,2.66,1.0640000000003056,0.0108
b22_C,_10007_,AOI21,0,0,3,1,18,3,2,-1.0198150594664668e-05,1.862,0.7980000000006839,0.0108
b22_C,_10008_,OAI21,0,0,3,1,19,2,1,-1.1545574636784295e-05,1.862,0.7980000000006839,0.0108
b22_C,_10009_,OAI22,0,1,4,1,18,3,2,-0.001702443857331648,2.394,1.0640000000003056,0.0108
b22_C,_10010_,OR2,0,0,2,5,4,35,480,0.0,1.33,0.26599999999962165,0.0108
b22_C,_10011_,MUX2,0,0,3,5,9,30,321,-4.700132100410315e-05,2.394,0.5320000000010623,0.0108
b22_C,_10012_,NAND2,0,0,2,3,17,3,6,0.0,1.33,0.5320000000010623,0.0108
b22_C,_10013_,AOI221,0,1,5,1,19,2,1,1.453104359061541e-07,2.926,1.3300000000017462,0.0108
b22_C,_10014_,NAND2,0,1,2,0,20,1,0,-1.634081902257556e-05,1.33,0.5320000000010623,0.0108
b22_C,_10015_,NAND4,0,1,4,9,14,18,139,3.697490092458011e-05,2.394,1.0640000000003056,0.0108
b22_C,_10016_,AOI22,0,0,4,1,18,4,3,-1.7992073976236256e-05,2.394,1.0640000000003056,0.0108
b22_C,_10017_,OAI21,0,0,3,1,19,3,2,-1.204755614292452e-05,1.862,0.7980000000006839,0.0108
b22_C,_10018_,AOI21,0,0,3,1,20,2,1,0.0,1.862,0.7980000000006839,0.0108
b22_C,_10019_,OR2,0,0,2,1,28,3,2,-1.3210039950806163e-08,1.33,0.26599999999962165,0.0108
b22_C,_10020_,XNOR2,0,1,2,1,32,2,1,-0.00011730515191565871,2.66,1.0640000000003056,0.0108
b22_C,_10021_,OAI221,0,1,5,0,33,1,0,-8.41479524438249e-06,2.926,1.3300000000017462,0.0108
b22_C,_10022_,OR2,0,3,2,2,22,7,11,-5.8943196829641664e-05,1.33,0.26599999999962165,0.0108
b22_C,_10023_,OAI21,0,2,3,1,23,6,8,-9.696169088524442e-06,1.862,0.7980000000006839,0.0108
b22_C,_10024_,AND2,0,2,2,3,24,5,7,1.783355350060134e-05,1.33,0.26599999999962165,0.0108
b22_C,_10025_,NAND2,0,0,2,2,18,5,8,-3.157199471637284e-06,1.33,0.5320000000010623,0.0108
b22_C,_10026_,NAND2,0,0,2,2,19,4,3,0.0,1.33,0.5320000000010623,0.0108
b22_C,_10027_,AOI21,0,1,3,1,25,3,2,-1.0303830911606582e-05,1.862,0.7980000000006839,0.0108
b22_C,_10028_,OAI21,0,1,3,1,26,2,1,-1.5680317041022462e-05,1.862,0.7980000000006839,0.0108
b22_C,_10029_,AND2,0,0,2,2,3,5,6,-2.7873183621185404e-06,1.33,0.26599999999962165,0.0108
b22_C,_10030_,AND4,0,0,4,1,12,24,268,0.0,1.862,0.26599999999962165,0.0108
b22_C,_10031_,BUF,0,0,1,9,13,23,267,3.104359313166327e-06,1.064,0.26599999999962165,0.0108
b22_C,_10032_,OAI22,0,0,4,1,17,3,2,-1.4134742403193457e-06,2.394,1.0640000000003056,0.0108
b22_C,_10033_,NAND4,0,1,4,8,13,21,194,2.889035667097417e-05,2.394,1.0640000000003056,0.0108
b22_C,_10034_,AOI211,0,0,4,1,18,2,1,-1.5033025098976083e-05,2.394,1.0640000000003056,0.0108
b22_C,_10035_,OAI211,0,1,4,0,27,1,0,-6.274768824310328e-06,2.394,1.0640000000003056,0.0108
b22_C,_10036_,XNOR2,0,0,2,2,31,4,3,-3.7648612947194238e-06,2.66,1.0640000000003056,0.0108
b22_C,_10037_,AOI21,0,1,3,1,36,3,2,-4.7331571994879695e-05,1.862,0.7980000000006839,0.0108
b22_C,_10038_,OAI21,0,1,3,1,37,2,1,-6.459709379136314e-05,1.862,0.7980000000006839,0.0108
b22_C,_10039_,OAI222,0,0,6,1,20,3,2,-1.1254953764971987e-05,3.724,1.5960000000013679,0.0108
b22_C,_10040_,NAND4,0,1,4,10,17,14,70,4.1770145310371376e-05,2.394,1.0640000000003056,0.0108
b22_C,_10041_,AOI21,0,0,3,1,21,2,1,-1.6618229854659106e-05,1.862,0.7980000000006839,0.0108
b22_C,_10042_,OAI211,0,1,4,0,38,1,0,-6.261558784803611e-06,2.394,1.0640000000003056,0.0108
b22_C,_10043_,NAND2,0,1,2,2,25,4,3,-0.000184451783355577,1.33,0.5320000000010623,0.0108
b22_C,_10044_,NAND4,0,1,4,2,13,20,192,-2.113606341058727e-07,2.394,1.0640000000003056,0.0108
b22_C,_10045_,BUF,0,1,1,10,14,19,189,1.4306472919445312e-05,1.064,0.26599999999962165,0.0108
b22_C,_10046_,XNOR2,0,0,2,2,22,4,3,-2.853368560318259e-06,2.66,1.0640000000003056,0.0108
b22_C,_10047_,AOI21,0,1,3,1,26,3,2,-1.162483487693322e-06,1.862,0.7980000000006839,0.0108
b22_C,_10048_,OAI21,0,1,3,1,27,2,1,-1.627476882437584e-05,1.862,0.7980000000006839,0.0108
b22_C,_10049_,NAND2,0,0,2,2,2,4,4,-5.693527080685712e-06,1.33,0.5320000000010623,0.0108
b22_C,_10050_,OAI22,0,0,4,1,18,3,2,-5.561426684286275e-06,2.394,1.0640000000003056,0.0108
b22_C,_10051_,BUF,0,0,1,10,10,21,74,1.8494055464834958e-07,1.064,0.26599999999962165,0.0108
b22_C,_10052_,INV,0,0,1,3,11,20,45,-7.926023792848014e-08,0.798,0.26599999999962165,0.0108
b22_C,_10053_,MUX2,0,0,3,4,20,19,28,-4.500660501993714e-05,2.394,0.5320000000010623,0.0108
b22_C,_10054_,AOI221,0,0,5,1,21,2,1,0.0,2.926,1.3300000000017462,0.0108
b22_C,_10055_,NAND3,0,1,3,0,28,1,0,-4.042272127025015e-06,1.862,0.7980000000006839,0.0108
b22_C,_10056_,AND2,0,0,2,2,3,3,4,-2.7873183621185404e-06,1.33,0.26599999999962165,0.0108
b22_C,_10057_,AOI22,0,0,4,1,16,4,3,-1.733157199468316e-05,2.394,1.0640000000003056,0.0108
b22_C,_10058_,OAI21,0,0,3,1,17,3,2,0.0,1.862,0.7980000000006839,0.0108
b22_C,_10059_,AOI211,0,0,4,1,18,2,1,-8.77146631461656e-06,2.394,1.0640000000003056,0.0108
b22_C,_10060_,OR2,0,1,2,1,13,29,262,2.6155878467548632e-06,1.33,0.26599999999962165,0.0108
b22_C,_10061_,BUF,0,1,1,10,14,28,261,1.4993394980011843e-05,1.064,0.26599999999962165,0.0108
b22_C,_10062_,XNOR2,0,0,2,1,15,3,2,-2.998678996224413e-06,2.66,1.0640000000003056,0.0108
b22_C,_10063_,XNOR2,0,1,2,1,18,2,1,-0.00012161162483503851,2.66,1.0640000000003056,0.0108
b22_C,_10064_,OAI21,0,1,3,0,19,1,0,-8.058124174592507e-07,1.862,0.7980000000006839,0.0108
b22_C,_10065_,NAND4,0,1,4,9,13,20,174,4.145310435932359e-05,2.394,1.0640000000003056,0.0108
b22_C,_10066_,XNOR2,0,0,2,2,23,4,3,-1.2589167767584897e-05,2.66,1.0640000000003056,0.0108
b22_C,_10067_,AOI21,0,1,3,1,27,3,2,-5.1624834874530734e-05,1.862,0.7980000000006839,0.0108
b22_C,_10068_,OAI21,0,1,3,1,28,2,1,-8.5680317041259e-05,1.862,0.7980000000006839,0.0108
b22_C,_10069_,NAND2,0,0,2,2,2,4,6,-5.693527080685712e-06,1.33,0.5320000000010623,0.0108
b22_C,_10070_,OAI221,0,0,5,1,17,3,2,0.0,2.926,1.3300000000017462,0.0108
b22_C,_10071_,OR2,0,1,2,5,14,18,139,1.0739762219325044e-05,1.33,0.26599999999962165,0.0108
b22_C,_10072_,AOI21,0,0,3,1,18,2,1,-1.0039630119029752e-05,1.862,0.7980000000006839,0.0108
b22_C,_10073_,OAI211,0,1,4,0,29,1,0,-5.231175693731771e-06,2.394,1.0640000000003056,0.0108
b22_C,_10074_,AOI222,0,0,6,1,18,4,3,-3.1598414795386276e-05,3.724,1.5960000000013679,0.0108
b22_C,_10075_,INV,0,0,1,6,17,12,69,-6.050198150697739e-06,0.798,0.26599999999962165,0.0108
b22_C,_10076_,OAI21,0,0,3,1,19,3,2,-6.605019815086877e-06,1.862,0.7980000000006839,0.0108
b22_C,_10077_,MUX2,0,1,3,3,27,13,87,-1.6235138705633645e-05,2.394,0.5320000000010623,0.0108
b22_C,_10078_,AND2,0,0,2,7,28,12,73,-4.5759577278925434e-05,1.33,0.26599999999962165,0.0108
b22_C,_10079_,AOI21,0,0,3,1,29,2,1,0.0,1.862,0.7980000000006839,0.0108
b22_C,_10080_,XNOR2,0,0,2,1,29,3,2,-1.0700132100582849e-05,2.66,1.0640000000003056,0.0108
b22_C,_10081_,XNOR2,0,1,2,1,35,2,1,-3.05812417440432e-05,2.66,1.0640000000003056,0.0108
b22_C,_10082_,OAI21,0,1,3,0,36,1,0,-8.718626156589693e-07,1.862,0.7980000000006839,0.0108
b22_C,_10083_,AOI22,0,1,4,1,18,2,1,-7.252311757133256e-06,2.394,1.0640000000003056,0.0108
b22_C,_10084_,AND2,0,0,2,2,2,5,6,-2.8005284016252574e-06,1.33,0.26599999999962165,0.0108
b22_C,_10085_,AOI221,0,0,5,1,16,2,1,-1.7305151915669725e-05,2.926,1.3300000000017462,0.0108
b22_C,_10086_,AOI21,0,0,3,1,16,3,2,-0.0003867767503302755,1.862,0.7980000000006839,0.0108
b22_C,_10087_,NOR2,0,0,2,1,15,3,2,0.0,1.33,0.5320000000010623,0.0108
b22_C,_10088_,XNOR2,0,0,2,1,17,2,1,0.0,2.66,1.0640000000003056,0.0108
b22_C,_10089_,OAI211,0,1,4,0,19,1,0,-6.182298547097176e-06,2.394,1.0640000000003056,0.0108
b22_C,_10090_,AND2,0,0,2,3,16,3,6,-9.509907529747785e-05,1.33,0.26599999999962165,0.0108
b22_C,_10091_,XNOR2,0,0,2,1,15,4,3,0.0,2.66,1.0640000000003056,0.0108
b22_C,_10092_,XNOR2,0,1,2,1,21,3,2,-0.0003853500660504494,2.66,1.0640000000003056,0.0108
b22_C,_10093_,NAND2,0,1,2,1,22,2,1,-4.240422721402126e-06,1.33,0.5320000000010623,0.0108
b22_C,_10094_,NAND2,0,0,2,2,2,4,6,-5.693527080685712e-06,1.33,0.5320000000010623,0.0108
b22_C,_10095_,BUF,0,0,1,10,7,28,437,0.0,1.064,0.26599999999962165,0.0108
b22_C,_10096_,NAND2,0,0,2,1,10,27,315,-1.055482166445465e-05,1.33,0.5320000000010623,0.0108
b22_C,_10097_,OAI21,0,0,3,6,13,26,314,-1.7133421400306048e-05,1.862,0.7980000000006839,0.0108
b22_C,_10098_,OAI21,0,0,3,1,16,3,2,0.0,1.862,0.7980000000006839,0.0108
b22_C,_10099_,AOI221,0,0,5,1,18,2,1,-2.6552179656746944e-05,2.926,1.3300000000017462,0.0108
b22_C,_10100_,OAI211,0,1,4,0,23,1,0,-5.2179656540030095e-06,2.394,1.0640000000003056,0.0108
b22_C,_10101_,AOI22,0,0,4,1,18,2,1,-1.5852047563491567e-07,2.394,1.0640000000003056,0.0108
b22_C,_10102_,NAND4,0,2,4,7,10,28,69,1.9154557462375266e-06,2.394,1.0640000000003056,0.0108
b22_C,_10103_,XNOR2,0,2,2,5,12,15,23,7.50330250975928e-06,2.66,1.0640000000003056,0.0108
b22_C,_10104_,AOI22,0,1,4,1,17,2,1,-2.4940554821828442e-05,2.394,1.0640000000003056,0.0108
b22_C,_10105_,NAND2,0,1,2,0,19,1,0,-5.468956407073122e-06,1.33,0.5320000000010623,0.0108
b22_C,_10106_,AOI22,0,0,4,1,18,4,3,-1.8137384412364455e-05,2.394,1.0640000000003056,0.0108
b22_C,_10107_,AND4,0,0,4,5,15,12,41,-2.721268163918822e-06,1.862,0.26599999999962165,0.0108
b22_C,_10108_,OAI21,0,0,3,1,19,3,2,-6.605019815086877e-06,1.862,0.7980000000006839,0.0108
b22_C,_10109_,AOI21,0,0,3,1,20,2,1,0.0,1.862,0.7980000000006839,0.0108
b22_C,_10110_,XNOR2,0,0,2,1,25,3,2,-1.200792602396028e-05,2.66,1.0640000000003056,0.0108
b22_C,_10111_,XNOR2,0,1,2,1,31,2,1,-5.566710700155575e-05,2.66,1.0640000000003056,0.0108
b22_C,_10112_,OAI221,0,1,5,0,32,1,0,-4.95376486142618e-06,2.926,1.3300000000017462,0.0108
b22_C,_10113_,NOR2,0,0,2,2,20,4,3,2.642007925768297e-07,1.33,0.5320000000010623,0.0108
b22_C,_10114_,OAI21,0,1,3,2,25,4,3,-7.305151915604213e-06,1.862,0.7980000000006839,0.0108
b22_C,_10115_,AOI21,0,1,3,1,26,3,2,-1.5059445179765873e-06,1.862,0.7980000000006839,0.0108
b22_C,_10116_,OAI21,0,1,3,1,27,2,1,-1.417437252326792e-05,1.862,0.7980000000006839,0.0108
b22_C,_10117_,NOR2,0,0,2,5,13,23,251,-8.203434610498661e-06,1.33,0.5320000000010623,0.0108
b22_C,_10118_,OAI222,0,0,6,1,18,3,2,-6.3540290622388085e-06,3.724,1.5960000000013679,0.0108
b22_C,_10119_,AOI21,0,0,3,1,19,2,1,0.0,1.862,0.7980000000006839,0.0108
b22_C,_10120_,OAI211,0,1,4,0,28,1,0,-5.1122853370610954e-06,2.394,1.0640000000003056,0.0108
b22_C,_10121_,AND4,0,0,4,5,16,13,77,-2.8005284016252574e-06,1.862,0.26599999999962165,0.0108
b22_C,_10122_,OAI222,0,0,6,1,17,3,2,-6.235138705568133e-06,3.724,1.5960000000013679,0.0108
b22_C,_10123_,AOI221,0,0,5,1,26,2,1,-2.7886393659359854e-05,2.926,1.3300000000017462,0.0108
b22_C,_10124_,XNOR2,0,0,2,1,27,3,2,2.642007923547851e-08,2.66,1.0640000000003056,0.0108
b22_C,_10125_,XNOR2,0,1,2,1,33,2,1,-4.430647291964185e-05,2.66,1.0640000000003056,0.0108
b22_C,_10126_,OAI21,0,1,3,0,34,1,0,-8.718626156589693e-07,1.862,0.7980000000006839,0.0108
b22_C,_10127_,AOI22,0,0,4,1,17,2,1,-9.194187582828306e-06,2.394,1.0640000000003056,0.0108
b22_C,_10128_,BUF,0,1,1,10,3,4,45,2.7529722589125782e-05,1.064,0.26599999999962165,0.0108
b22_C,_10129_,AOI222,0,0,6,1,18,2,1,-5.474240422720378e-05,3.724,1.5960000000013679,0.0108
b22_C,_10130_,XNOR2,0,0,2,1,18,3,2,-7.926023779525337e-07,2.66,1.0640000000003056,0.0108
b22_C,_10131_,XNOR2,0,1,2,1,23,2,1,-1.2562747688349418e-05,2.66,1.0640000000003056,0.0108
b22_C,_10132_,OAI211,0,1,4,0,24,1,0,-3.064729194202087e-06,2.394,1.0640000000003056,0.0108
b22_C,_10133_,AOI222,0,0,6,1,18,2,1,-7.899603698957591e-06,3.724,1.5960000000013679,0.0108
b22_C,_10134_,NOR2,0,1,2,1,14,3,2,-2.3883751651521123e-05,1.33,0.5320000000010623,0.0108
b22_C,_10135_,XNOR2,0,0,2,1,14,3,2,-0.00011036988110957324,2.66,1.0640000000003056,0.0108
b22_C,_10136_,XNOR2,0,1,2,1,15,2,1,-2.1400264202942054e-06,2.66,1.0640000000003056,0.0108
b22_C,_10137_,OAI221,0,1,5,0,19,1,0,-3.3553500660143953e-06,2.926,1.3300000000017462,0.0108
b22_C,_10138_,AND4,0,0,4,6,13,17,168,-2.7608982826610173e-06,1.862,0.26599999999962165,0.0108
b22_C,_10139_,OAI22,0,0,4,1,17,3,2,-5.653896961721472e-06,2.394,1.0640000000003056,0.0108
b22_C,_10140_,AOI221,0,0,5,1,18,2,1,-3.174372523129243e-05,2.926,1.3300000000017462,0.0108
b22_C,_10141_,XNOR2,0,0,2,2,25,4,4,-8.361955086133577e-06,2.66,1.0640000000003056,0.0108
b22_C,_10142_,NAND2,0,1,2,1,28,3,2,-0.00011593130779408156,1.33,0.5320000000010623,0.0108
b22_C,_10143_,NAND2,0,1,2,1,29,2,1,-6.55217965661592e-06,1.33,0.5320000000010623,0.0108
b22_C,_10144_,NOR2,0,0,2,1,28,2,1,-0.00013070013210048081,1.33,0.5320000000010623,0.0108
b22_C,_10145_,OAI221,0,1,5,0,30,1,0,-5.7463672393787135e-06,2.926,1.3300000000017462,0.0108
b22_C,_10146_,AOI222,0,0,6,1,18,2,1,-1.6486129458703758e-05,3.724,1.5960000000013679,0.0108
b22_C,_10147_,AOI22,0,0,4,1,17,2,1,-8.507265521817686e-06,2.394,1.0640000000003056,0.0108
b22_C,_10148_,XNOR2,0,0,2,1,14,3,2,-3.659180977555465e-06,2.66,1.0640000000003056,0.0108
b22_C,_10149_,XNOR2,0,1,2,1,19,2,1,-0.0003301981505945406,2.66,1.0640000000003056,0.0108
b22_C,_10150_,OAI211,0,1,4,0,20,1,0,-6.538969617109203e-06,2.394,1.0640000000003056,0.0108
b22_C,_10151_,BUF,0,0,1,10,4,3,20,-1.2021136066575622e-06,1.064,0.26599999999962165,0.0108
b22_C,_10152_,NAND2,0,0,2,1,5,2,1,-1.5587846764475444e-06,1.33,0.5320000000010623,0.0108
b22_C,_10153_,OAI22,0,0,4,1,18,3,2,-1.8494055487039418e-07,2.394,1.0640000000003056,0.0108
b22_C,_10154_,AND2,0,1,2,3,29,11,53,3.1043593129442826e-06,1.33,0.26599999999962165,0.0108
b22_C,_10155_,AND2,0,0,2,5,30,10,41,-4.776750330259816e-05,1.33,0.26599999999962165,0.0108
b22_C,_10156_,AOI221,0,0,5,1,31,2,1,-1.5799207397693138e-05,2.926,1.3300000000017462,0.0108
b22_C,_10157_,XOR2,0,0,2,1,31,3,2,-7.146631439969298e-06,2.394,0.7980000000006839,0.0108
b22_C,_10158_,XNOR2,0,1,2,1,37,2,1,-1.8044914134707213e-05,2.66,1.0640000000003056,0.0108
b22_C,_10159_,OAI211,0,1,4,0,38,1,0,-3.104359313388372e-06,2.394,1.0640000000003056,0.0108
b22_C,_10160_,OAI22,0,0,4,1,16,3,2,0.0,2.394,1.0640000000003056,0.0108
b22_C,_10161_,AOI221,0,0,5,1,17,2,1,-1.5812417437199855e-05,2.926,1.3300000000017462,0.0108
b22_C,_10162_,OAI21,0,1,3,1,24,3,2,-6.982826948487286e-05,1.862,0.7980000000006839,0.0108
b22_C,_10163_,NOR2,0,0,2,1,23,3,2,0.0,1.33,0.5320000000010623,0.0108
b22_C,_10164_,XOR2,0,1,2,1,25,2,1,-1.09379128139242e-05,2.394,0.7980000000006839,0.0108
b22_C,_10165_,OAI221,0,1,5,0,26,1,0,-1.2747688243219812e-05,2.926,1.3300000000017462,0.0108
b22_C,_10166_,INV,0,0,1,3,2,37,219,0.0,0.798,0.26599999999962165,0.0108
b22_C,_10167_,AND2,0,0,2,4,3,36,106,0.0,1.33,0.26599999999962165,0.0108
b22_C,_10168_,BUF,0,0,1,10,10,8,68,3.566710700120268e-07,1.064,0.26599999999962165,0.0108
b22_C,_10169_,NOR2,0,12,2,6,16,8,70,0.0002677014531042854,1.33,0.5320000000010623,0.0108
b22_C,_10170_,INV,0,4,1,3,17,7,29,-0.00011886393659210626,0.798,0.26599999999962165,0.0108
b22_C,_10171_,NOR2,0,4,2,2,18,6,25,1.5878467635399574e-05,1.33,0.5320000000010623,0.0108
b22_C,_10172_,BUF,0,4,1,10,19,5,22,6.420079260216482e-05,1.064,0.26599999999962165,0.0108
b22_C,_10173_,AOI22,0,1,4,1,20,2,1,-2.6486129458547225e-05,2.394,1.0640000000003056,0.0108
b22_C,_10174_,XOR2,0,4,2,2,7,29,240,4.068692206038449e-06,2.394,0.7980000000006839,0.0108
b22_C,_10175_,BUF,0,4,1,10,8,28,217,8.018494055472836e-05,1.064,0.26599999999962165,0.0108
b22_C,_10176_,BUF,0,4,1,10,9,25,193,8.697490092446358e-05,1.064,0.26599999999962165,0.0108
b22_C,_10177_,BUF,0,4,1,10,10,20,165,8.673712021112223e-05,1.064,0.26599999999962165,0.0108
b22_C,_10178_,BUF,0,4,1,10,11,16,137,9.528401585190416e-05,1.064,0.26599999999962165,0.0108
b22_C,_10179_,NAND4,0,4,4,6,12,7,104,-0.00020549537648606453,2.394,1.0640000000003056,0.0108
b22_C,_10180_,INV,0,4,1,2,13,5,57,-1.3606340820704332e-06,0.798,0.26599999999962165,0.0108
b22_C,_10181_,NAND2,0,0,2,8,14,4,26,-4.2140026420112164e-05,1.33,0.5320000000010623,0.0108
b22_C,_10182_,MUX2,0,8,3,2,9,31,78,-0.00016003963011912425,2.394,0.5320000000010623,0.0108
b22_C,_10183_,XNOR2,0,0,2,1,10,4,3,-5.340819022459087e-05,2.66,1.0640000000003056,0.0108
b22_C,_10184_,OAI21,0,0,3,1,11,5,4,-5.416116248380121e-06,1.862,0.7980000000006839,0.0108
b22_C,_10185_,XOR2,0,0,2,1,2,5,4,0.0,2.394,0.7980000000006839,0.0108
b22_C,_10186_,AOI22,0,0,4,1,12,4,3,-4.214002641944603e-06,2.394,1.0640000000003056,0.0108
b22_C,_10187_,OAI22,0,0,4,1,18,3,2,-2.007926023783746e-05,2.394,1.0640000000003056,0.0108
b22_C,_10188_,OAI21,0,0,3,1,10,7,61,-1.030383091293885e-06,1.862,0.7980000000006839,0.0108
b22_C,_10189_,AOI211,0,0,4,2,15,6,60,-0.00010369881109673074,2.394,1.0640000000003056,0.0108
b22_C,_10190_,BUF,0,0,1,10,16,5,34,0.0,1.064,0.26599999999962165,0.0108
b22_C,_10191_,NOR2,0,0,2,3,13,6,48,-4.815059445184566e-05,1.33,0.5320000000010623,0.0108
b22_C,_10192_,AOI221,0,0,5,1,19,2,1,-1.2153236459422345e-06,2.926,1.3300000000017462,0.0108
b22_C,_10193_,NAND2,0,1,2,0,21,1,0,-3.7120211362484667e-06,1.33,0.5320000000010623,0.0108
b22_C,_10194_,CLKBUF,0,0,1,10,16,5,24,5.151915454248979e-07,1.064,0.26599999999962165,0.0108
b22_C,_10195_,XOR2,0,0,2,1,4,4,3,0.0,2.394,0.7980000000006839,0.0108
b22_C,_10196_,XNOR2,0,0,2,1,5,3,2,0.0,2.66,1.0640000000003056,0.0108
b22_C,_10197_,AOI222,0,1,6,1,20,2,1,-5.437252311790708e-05,3.724,1.5960000000013679,0.0108
b22_C,_10198_,NOR2,0,8,2,2,10,30,73,8.475561426668499e-05,1.33,0.5320000000010623,0.0108
b22_C,_10199_,MUX2,0,0,3,3,9,31,76,-1.8599735799318395e-05,2.394,0.5320000000010623,0.0108
b22_C,_10200_,XNOR2,0,0,2,1,10,5,4,0.0,2.66,1.0640000000003056,0.0108
b22_C,_10201_,XNOR2,0,0,2,1,11,4,3,-0.0001268956406870192,2.66,1.0640000000003056,0.0108
b22_C,_10202_,INV,0,0,1,2,1,6,6,0.0,0.798,0.26599999999962165,0.0108
b22_C,_10203_,AND2,0,0,2,3,3,36,100,0.0,1.33,0.26599999999962165,0.0108
b22_C,_10204_,XNOR2,0,0,2,1,4,5,4,0.0,2.66,1.0640000000003056,0.0108
b22_C,_10205_,XNOR2,0,0,2,1,5,4,3,0.0,2.66,1.0640000000003056,0.0108
b22_C,_10206_,NAND2,0,3,2,7,17,5,39,-0.00010311756935266203,1.33,0.5320000000010623,0.0108
b22_C,_10207_,BUF,0,3,1,10,18,4,20,4.9986789960376754e-05,1.064,0.26599999999962165,0.0108
b22_C,_10208_,OAI22,0,0,4,1,19,3,2,-1.120211360650103e-05,2.394,1.0640000000003056,0.0108
b22_C,_10209_,INV,0,0,1,1,20,2,1,-5.468956407073122e-06,0.798,0.26599999999962165,0.0108
b22_C,_10210_,AOI21,0,5,3,9,17,5,43,-2.8018494055537246e-05,1.862,0.7980000000006839,0.0108
b22_C,_10211_,BUF,0,4,1,10,18,4,18,5.165125495354417e-05,1.064,0.26599999999962165,0.0108
b22_C,_10212_,OAI211,0,1,4,0,21,1,0,-1.9564068692412562e-05,2.394,1.0640000000003056,0.0108
b22_C,_10213_,AOI22,0,0,4,1,17,4,3,0.0,2.394,1.0640000000003056,0.0108
b22_C,_10214_,NAND2,0,0,2,1,4,35,93,0.0,1.33,0.5320000000010623,0.0108
b22_C,_10215_,NOR2,0,0,2,1,4,35,93,0.0,1.33,0.5320000000010623,0.0108
b22_C,_10216_,OAI21,0,0,3,2,5,34,92,0.0,1.862,0.7980000000006839,0.0108
b22_C,_10217_,BUF,0,0,1,10,4,34,201,9.379128134145986e-07,1.064,0.26599999999962165,0.0108
b22_C,_10218_,XNOR2,0,0,2,1,5,5,4,-5.94451783353378e-07,2.66,1.0640000000003056,0.0108
b22_C,_10219_,XNOR2,0,0,2,1,6,4,3,0.0,2.66,1.0640000000003056,0.0108
b22_C,_10220_,NAND2,0,0,2,6,17,4,18,-0.00016852047556148442,1.33,0.5320000000010623,0.0108
b22_C,_10221_,XNOR2,0,0,2,1,5,5,4,-5.94451783353378e-07,2.66,1.0640000000003056,0.0108
b22_C,_10222_,NOR2,0,0,2,1,4,35,98,0.0,1.33,0.5320000000010623,0.0108
b22_C,_10223_,NAND2,0,0,2,1,4,35,98,0.0,1.33,0.5320000000010623,0.0108
b22_C,_10224_,AOI21,0,0,3,2,5,34,97,0.0,1.862,0.7980000000006839,0.0108
b22_C,_10225_,XNOR2,0,0,2,1,6,4,3,0.0,2.66,1.0640000000003056,0.0108
b22_C,_10226_,OAI221,0,1,5,1,19,3,2,-4.834874504755504e-06,2.926,1.3300000000017462,0.0108
b22_C,_10227_,NOR2,0,0,2,1,10,30,69,0.0,1.33,0.5320000000010623,0.0108
b22_C,_10228_,NAND2,0,0,2,1,10,30,69,0.0,1.33,0.5320000000010623,0.0108
b22_C,_10229_,AOI21,0,8,3,2,11,29,68,-5.284015852047297e-05,1.862,0.7980000000006839,0.0108
b22_C,_10230_,MUX2,0,0,3,3,9,29,69,-1.8599735799318395e-05,2.394,0.5320000000010623,0.0108
b22_C,_10231_,XNOR2,0,0,2,1,10,4,3,-4.887714666335086e-07,2.66,1.0640000000003056,0.0108
b22_C,_10232_,XNOR2,0,0,2,1,12,3,2,-5.58124174374619e-05,2.66,1.0640000000003056,0.0108
b22_C,_10233_,NOR2,0,0,2,3,13,3,6,-5.30647291943076e-05,1.33,0.5320000000010623,0.0108
b22_C,_10234_,AOI21,0,1,3,1,20,2,1,-9.48480845441857e-06,1.862,0.7980000000006839,0.0108
b22_C,_10235_,OAI21,0,1,3,0,21,1,0,-1.3844121532491371e-05,1.862,0.7980000000006839,0.0108
b22_C,_10236_,AOI22,0,0,4,1,17,4,3,-5.521796565544079e-06,2.394,1.0640000000003056,0.0108
b22_C,_10237_,BUF,0,0,1,10,4,32,191,0.0,1.064,0.26599999999962165,0.0108
b22_C,_10238_,XOR2,0,0,2,1,5,5,4,0.0,2.394,0.7980000000006839,0.0108
b22_C,_10239_,AOI21,0,0,3,1,6,33,92,-3.566710702340714e-07,1.862,0.7980000000006839,0.0108
b22_C,_10240_,INV,0,0,1,1,7,32,91,0.0,0.798,0.26599999999962165,0.0108
b22_C,_10241_,OAI21,0,0,3,2,8,31,90,-3.566710702340714e-07,1.862,0.7980000000006839,0.0108
b22_C,_10242_,XNOR2,0,0,2,1,9,4,3,0.0,2.66,1.0640000000003056,0.0108
b22_C,_10243_,OAI221,0,1,5,1,19,3,2,-8.8110964335808e-06,2.926,1.3300000000017462,0.0108
b22_C,_10244_,MUX2,0,0,3,3,9,27,65,-1.8599735799318395e-05,2.394,0.5320000000010623,0.0108
b22_C,_10245_,XOR2,0,0,2,1,10,4,3,0.0,2.394,0.7980000000006839,0.0108
b22_C,_10246_,OAI21,0,8,3,1,12,28,64,-1.4689564068914862e-05,1.862,0.7980000000006839,0.0108
b22_C,_10247_,INV,0,8,1,1,13,27,63,-2.145310435941461e-05,0.798,0.26599999999962165,0.0108
b22_C,_10248_,AOI21,0,8,3,2,14,26,62,0.00010972258916774891,1.862,0.7980000000006839,0.0108
b22_C,_10249_,XNOR2,0,0,2,1,15,3,2,-0.00016857331571995537,2.66,1.0640000000003056,0.0108
b22_C,_10250_,AOI21,0,1,3,1,20,2,1,-9.458388375183091e-06,1.862,0.7980000000006839,0.0108
b22_C,_10251_,XNOR2,0,0,2,1,5,3,2,0.0,2.66,1.0640000000003056,0.0108
b22_C,_10252_,AOI21,0,0,3,1,6,33,87,-3.566710702340714e-07,1.862,0.7980000000006839,0.0108
b22_C,_10253_,INV,0,0,1,1,7,32,86,0.0,0.798,0.26599999999962165,0.0108
b22_C,_10254_,OAI21,0,0,3,2,8,31,85,-3.566710702340714e-07,1.862,0.7980000000006839,0.0108
b22_C,_10255_,XOR2,0,0,2,1,9,2,1,0.0,2.394,0.7980000000006839,0.0108
b22_C,_10256_,OAI21,0,1,3,0,21,1,0,-1.5310435931281674e-05,1.862,0.7980000000006839,0.0108
b22_C,_10257_,AOI21,0,0,3,1,17,4,3,-7.661822987170552e-07,1.862,0.7980000000006839,0.0108
b22_C,_10258_,INV,0,0,1,2,1,6,8,0.0,0.798,0.26599999999962165,0.0108
b22_C,_10259_,BUF,0,0,1,10,4,30,180,9.643328928721218e-07,1.064,0.26599999999962165,0.0108
b22_C,_10260_,XNOR2,0,0,2,1,5,5,4,-7.529722589882937e-07,2.66,1.0640000000003056,0.0108
b22_C,_10261_,NAND2,0,0,2,1,5,31,83,0.0,1.33,0.5320000000010623,0.0108
b22_C,_10262_,NAND2,0,0,2,1,9,30,82,0.0,1.33,0.5320000000010623,0.0108
b22_C,_10263_,OAI21,0,0,3,2,10,29,81,0.0,1.862,0.7980000000006839,0.0108
b22_C,_10264_,XNOR2,0,0,2,1,11,4,3,0.0,2.66,1.0640000000003056,0.0108
b22_C,_10265_,XNOR2,0,0,2,1,5,5,4,-7.529722589882937e-07,2.66,1.0640000000003056,0.0108
b22_C,_10266_,NAND2,0,0,2,1,5,31,86,0.0,1.33,0.5320000000010623,0.0108
b22_C,_10267_,NOR2,0,0,2,1,4,31,86,0.0,1.33,0.5320000000010623,0.0108
b22_C,_10268_,OAI21,0,0,3,2,9,30,85,0.0,1.862,0.7980000000006839,0.0108
b22_C,_10269_,XNOR2,0,0,2,1,10,4,3,0.0,2.66,1.0640000000003056,0.0108
b22_C,_10270_,OAI221,0,1,5,1,19,3,2,-5.231175693731771e-06,2.926,1.3300000000017462,0.0108
b22_C,_10271_,INV,0,1,1,1,20,2,1,-7.39762219303941e-06,0.798,0.26599999999962165,0.0108
b22_C,_10272_,MUX2,0,0,3,3,9,25,60,-1.8599735799318395e-05,2.394,0.5320000000010623,0.0108
b22_C,_10273_,XOR2,0,0,2,1,10,3,2,-7.529722589882937e-07,2.394,0.7980000000006839,0.0108
b22_C,_10274_,NAND2,0,0,2,1,10,26,59,0.0,1.33,0.5320000000010623,0.0108
b22_C,_10275_,NOR2,0,0,2,1,10,26,59,0.0,1.33,0.5320000000010623,0.0108
b22_C,_10276_,OAI21,0,8,3,2,15,25,58,-2.1862615587897594e-05,1.862,0.7980000000006839,0.0108
b22_C,_10277_,XNOR2,0,0,2,1,16,2,1,-7.317040951138054e-05,2.66,1.0640000000003056,0.0108
b22_C,_10278_,CLKBUF,0,0,1,10,15,2,10,-2.5099075307011276e-07,1.064,0.26599999999962165,0.0108
b22_C,_10279_,OAI221,0,1,5,0,21,1,0,-2.2087186261732228e-05,2.926,1.3300000000017462,0.0108
b22_C,_10280_,BUF,0,0,1,10,5,28,166,1.0171730513430788e-06,1.064,0.26599999999962165,0.0108
b22_C,_10281_,XNOR2,0,0,2,1,6,5,4,-6.605019815530966e-07,2.66,1.0640000000003056,0.0108
b22_C,_10282_,NOR2,0,0,2,2,4,29,80,0.0,1.33,0.5320000000010623,0.0108
b22_C,_10283_,AOI21,0,0,3,2,10,29,80,-4.887714666335086e-07,1.862,0.7980000000006839,0.0108
b22_C,_10284_,NOR2,0,0,2,1,11,5,4,0.0,1.33,0.5320000000010623,0.0108
b22_C,_10285_,XNOR2,0,0,2,1,12,4,3,0.0,2.66,1.0640000000003056,0.0108
b22_C,_10286_,XNOR2,0,0,2,1,6,5,4,-6.605019815530966e-07,2.66,1.0640000000003056,0.0108
b22_C,_10287_,NAND2,0,0,2,1,5,29,77,-6.208718628109011e-07,1.33,0.5320000000010623,0.0108
b22_C,_10288_,NOR2,0,0,2,1,5,29,77,-5.94451783353378e-07,1.33,0.5320000000010623,0.0108
b22_C,_10289_,OAI21,0,0,3,2,11,28,76,0.0,1.862,0.7980000000006839,0.0108
b22_C,_10290_,XNOR2,0,0,2,1,12,4,3,0.0,2.66,1.0640000000003056,0.0108
b22_C,_10291_,OAI22,0,0,4,1,18,3,2,-2.4980184940570638e-05,2.394,1.0640000000003056,0.0108
b22_C,_10292_,AOI211,0,0,4,1,19,2,1,-6.076618233041842e-07,2.394,1.0640000000003056,0.0108
b22_C,_10293_,MUX2,0,0,3,3,9,23,55,-1.8599735799318395e-05,2.394,0.5320000000010623,0.0108
b22_C,_10294_,XOR2,0,0,2,1,10,3,2,-6.605019815530966e-07,2.394,0.7980000000006839,0.0108
b22_C,_10295_,NOR2,0,0,2,1,10,24,55,-4.887714666335086e-07,1.33,0.5320000000010623,0.0108
b22_C,_10296_,AOI21,0,8,3,1,16,24,55,1.340819022432882e-05,1.862,0.7980000000006839,0.0108
b22_C,_10297_,NOR2,0,8,2,2,17,23,54,-6.302509907540887e-05,1.33,0.5320000000010623,0.0108
b22_C,_10298_,XNOR2,0,0,2,1,18,2,1,-4.2179656539076404e-05,2.66,1.0640000000003056,0.0108
b22_C,_10299_,OAI221,0,1,5,0,20,1,0,-1.2007926023738236e-05,2.926,1.3300000000017462,0.0108
b22_C,_10300_,NOR2,0,0,2,2,6,27,71,-5.151915456469425e-07,1.33,0.5320000000010623,0.0108
b22_C,_10301_,AOI21,0,0,3,2,12,27,71,-4.0951122870502843e-07,1.862,0.7980000000006839,0.0108
b22_C,_10302_,NOR2,0,0,2,1,13,5,4,0.0,1.33,0.5320000000010623,0.0108
b22_C,_10303_,BUF,0,0,1,10,6,28,155,0.0,1.064,0.26599999999962165,0.0108
b22_C,_10304_,XNOR2,0,0,2,1,7,5,4,0.0,2.66,1.0640000000003056,0.0108
b22_C,_10305_,XNOR2,0,0,2,1,14,4,3,0.0,2.66,1.0640000000003056,0.0108
b22_C,_10306_,OAI22,0,0,4,1,18,3,2,-1.8058124174435974e-05,2.394,1.0640000000003056,0.0108
b22_C,_10307_,XNOR2,0,0,2,1,7,4,3,0.0,2.66,1.0640000000003056,0.0108
b22_C,_10308_,NAND2,0,0,2,1,5,29,75,0.0,1.33,0.5320000000010623,0.0108
b22_C,_10309_,OAI21,0,0,3,1,11,28,74,0.0,1.862,0.7980000000006839,0.0108
b22_C,_10310_,OAI21,0,0,3,2,12,27,73,-4.0951122870502843e-07,1.862,0.7980000000006839,0.0108
b22_C,_10311_,XNOR2,0,0,2,1,13,3,2,0.0,2.66,1.0640000000003056,0.0108
b22_C,_10312_,AOI221,0,1,5,1,20,2,1,-2.1849405548168832e-05,2.926,1.3300000000017462,0.0108
b22_C,_10313_,MUX2,0,0,3,3,9,21,52,-1.8599735799318395e-05,2.394,0.5320000000010623,0.0108
b22_C,_10314_,XNOR2,0,0,2,1,10,3,2,0.0,2.66,1.0640000000003056,0.0108
b22_C,_10315_,AOI21,0,8,3,1,18,22,51,2.8652575957410775e-05,1.862,0.7980000000006839,0.0108
b22_C,_10316_,INV,0,8,1,1,19,21,50,-6.627476882448136e-05,0.798,0.26599999999962165,0.0108
b22_C,_10317_,OAI21,0,8,3,2,20,20,49,4.8507265521635645e-05,1.862,0.7980000000006839,0.0108
b22_C,_10318_,XNOR2,0,0,2,1,21,2,1,-0.00010380449141367265,2.66,1.0640000000003056,0.0108
b22_C,_10319_,OAI221,0,1,5,0,22,1,0,-2.2047556142767988e-05,2.926,1.3300000000017462,0.0108
b22_C,_10320_,NAND2,0,0,2,1,6,27,70,0.0,1.33,0.5320000000010623,0.0108
b22_C,_10321_,NAND2,0,0,2,1,13,26,69,0.0,1.33,0.5320000000010623,0.0108
b22_C,_10322_,OAI21,0,0,3,2,14,25,68,0.0,1.862,0.7980000000006839,0.0108
b22_C,_10323_,BUF,0,0,1,10,6,26,146,1.149273447742516e-06,1.064,0.26599999999962165,0.0108
b22_C,_10324_,XNOR2,0,0,2,1,7,6,5,-6.208718628109011e-07,2.66,1.0640000000003056,0.0108
b22_C,_10325_,XNOR2,0,0,2,1,15,5,4,0.0,2.66,1.0640000000003056,0.0108
b22_C,_10326_,AOI21,0,1,3,1,20,4,3,-1.79392338177653e-05,1.862,0.7980000000006839,0.0108
b22_C,_10327_,XOR2,0,0,2,1,7,5,4,-6.340819023176181e-07,2.394,0.7980000000006839,0.0108
b22_C,_10328_,NAND2,0,0,2,1,7,27,66,0.0,1.33,0.5320000000010623,0.0108
b22_C,_10329_,OAI21,0,0,3,1,13,26,65,0.0,1.862,0.7980000000006839,0.0108
b22_C,_10330_,OAI21,0,0,3,2,14,25,64,0.0,1.862,0.7980000000006839,0.0108
b22_C,_10331_,XNOR2,0,0,2,1,15,4,3,0.0,2.66,1.0640000000003056,0.0108
b22_C,_10332_,OAI221,0,1,5,1,21,3,2,-3.2668428005422356e-05,2.926,1.3300000000017462,0.0108
b22_C,_10333_,AOI21,0,1,3,1,22,2,1,-3.751651254990662e-06,1.862,0.7980000000006839,0.0108
b22_C,_10334_,MUX2,0,0,3,3,9,19,48,-1.8599735799318395e-05,2.394,0.5320000000010623,0.0108
b22_C,_10335_,XOR2,0,0,2,1,10,3,2,-6.208718628109011e-07,2.394,0.7980000000006839,0.0108
b22_C,_10336_,NAND2,0,0,2,1,10,20,47,0.0,1.33,0.5320000000010623,0.0108
b22_C,_10337_,NOR2,0,0,2,1,10,20,47,0.0,1.33,0.5320000000010623,0.0108
b22_C,_10338_,OAI21,0,8,3,2,21,19,46,1.6763540290343215e-05,1.862,0.7980000000006839,0.0108
b22_C,_10339_,XNOR2,0,0,2,1,22,2,1,-7.30911492736741e-05,2.66,1.0640000000003056,0.0108
b22_C,_10340_,OAI21,0,1,3,0,23,1,0,-3.408190224707397e-06,1.862,0.7980000000006839,0.0108
b22_C,_10341_,BUF,0,0,1,10,7,24,134,0.0,1.064,0.26599999999962165,0.0108
b22_C,_10342_,NAND2,0,0,2,1,7,25,60,-5.151915456469425e-07,1.33,0.5320000000010623,0.0108
b22_C,_10343_,NOR2,0,0,2,1,7,25,60,-5.151915456469425e-07,1.33,0.5320000000010623,0.0108
b22_C,_10344_,OAI21,0,0,3,2,15,24,59,0.0,1.862,0.7980000000006839,0.0108
b22_C,_10345_,XNOR2,0,0,2,1,8,5,4,0.0,2.66,1.0640000000003056,0.0108
b22_C,_10346_,XNOR2,0,0,2,1,16,4,3,0.0,2.66,1.0640000000003056,0.0108
b22_C,_10347_,NAND2,0,0,2,1,7,25,63,-5.151915456469425e-07,1.33,0.5320000000010623,0.0108
b22_C,_10348_,NOR2,0,0,2,1,6,25,63,0.0,1.33,0.5320000000010623,0.0108
b22_C,_10349_,OAI21,0,0,3,2,15,24,62,0.0,1.862,0.7980000000006839,0.0108
b22_C,_10350_,XNOR2,0,0,2,1,8,5,4,0.0,2.66,1.0640000000003056,0.0108
b22_C,_10351_,XNOR2,0,0,2,1,16,4,3,0.0,2.66,1.0640000000003056,0.0108
b22_C,_10352_,OAI222,0,1,6,1,18,3,2,-4.9722589167799924e-05,3.724,1.5960000000013679,0.0108
b22_C,_10353_,AOI211,0,1,4,1,19,2,1,-1.0832232499868866e-06,2.394,1.0640000000003056,0.0108
b22_C,_10354_,MUX2,0,0,3,3,10,18,45,0.0,2.394,0.5320000000010623,0.0108
b22_C,_10355_,XOR2,0,0,2,1,11,3,2,0.0,2.394,0.7980000000006839,0.0108
b22_C,_10356_,NAND2,0,0,2,1,10,18,43,-4.227212682117454e-07,1.33,0.5320000000010623,0.0108
b22_C,_10357_,OAI21,0,8,3,1,22,18,43,-1.5416116248445633e-05,1.862,0.7980000000006839,0.0108
b22_C,_10358_,NAND2,0,8,2,2,23,17,42,-4.768824306555786e-06,1.33,0.5320000000010623,0.0108
b22_C,_10359_,XNOR2,0,0,2,1,24,2,1,-6.076618229866604e-05,2.66,1.0640000000003056,0.0108
b22_C,_10360_,OAI21,0,1,3,0,25,1,0,-1.5046235138926889e-05,1.862,0.7980000000006839,0.0108
b22_C,_10361_,NAND2,0,0,2,1,17,4,3,0.0,1.33,0.5320000000010623,0.0108
b22_C,_10362_,XNOR2,0,0,2,1,8,5,4,0.0,2.66,1.0640000000003056,0.0108
b22_C,_10363_,NOR2,0,0,2,1,8,23,54,0.0,1.33,0.5320000000010623,0.0108
b22_C,_10364_,AOI21,0,0,3,1,16,23,54,0.0,1.862,0.7980000000006839,0.0108
b22_C,_10365_,NOR2,0,0,2,2,17,22,53,0.0,1.33,0.5320000000010623,0.0108
b22_C,_10366_,XNOR2,0,0,2,1,18,4,3,0.0,2.66,1.0640000000003056,0.0108
b22_C,_10367_,OAI211,0,1,4,1,19,3,2,-6.459709379402767e-06,2.394,1.0640000000003056,0.0108
b22_C,_10368_,INV,0,0,1,2,1,21,56,0.0,0.798,0.26599999999962165,0.0108
b22_C,_10369_,XNOR2,0,0,2,1,8,4,3,0.0,2.66,1.0640000000003056,0.0108
b22_C,_10370_,NOR2,0,0,2,1,8,23,57,0.0,1.33,0.5320000000010623,0.0108
b22_C,_10371_,AOI21,0,0,3,1,16,23,57,0.0,1.862,0.7980000000006839,0.0108
b22_C,_10372_,NOR2,0,0,2,2,17,22,56,0.0,1.33,0.5320000000010623,0.0108
b22_C,_10373_,XNOR2,0,0,2,1,18,3,2,0.0,2.66,1.0640000000003056,0.0108
b22_C,_10374_,AOI21,0,1,3,1,20,2,1,-3.715984147967255e-05,1.862,0.7980000000006839,0.0108
b22_C,_10375_,MUX2,0,0,3,3,10,17,42,0.0,2.394,0.5320000000010623,0.0108
b22_C,_10376_,XNOR2,0,0,2,1,11,3,2,0.0,2.66,1.0640000000003056,0.0108
b22_C,_10377_,AND2,0,0,2,1,11,17,40,0.0,1.33,0.26599999999962165,0.0108
b22_C,_10378_,OR2,0,0,2,1,11,17,40,0.0,1.33,0.26599999999962165,0.0108
b22_C,_10379_,AOI21,0,8,3,2,24,16,39,9.649933949806844e-05,1.862,0.7980000000006839,0.0108
b22_C,_10380_,XNOR2,0,0,2,1,25,2,1,-0.00016014531043606617,2.66,1.0640000000003056,0.0108
b22_C,_10381_,OAI221,0,1,5,0,26,1,0,-1.981505944526063e-05,2.926,1.3300000000017462,0.0108
b22_C,_10382_,NOR2,0,0,2,1,2,3,2,0.0,1.33,0.5320000000010623,0.0108
b22_C,_10383_,BUF,0,0,1,10,7,20,109,0.0,1.064,0.26599999999962165,0.0108
b22_C,_10384_,XNOR2,0,0,2,2,8,6,5,0.0,2.66,1.0640000000003056,0.0108
b22_C,_10385_,OAI21,0,0,3,1,18,21,52,0.0,1.862,0.7980000000006839,0.0108
b22_C,_10386_,OAI21,0,0,3,3,19,20,51,0.0,1.862,0.7980000000006839,0.0108
b22_C,_10387_,AOI21,0,0,3,1,20,5,4,-2.377807135633958e-07,1.862,0.7980000000006839,0.0108
b22_C,_10388_,OAI21,0,0,3,1,21,4,3,0.0,1.862,0.7980000000006839,0.0108
b22_C,_10389_,XOR2,0,0,2,1,8,5,4,0.0,2.394,0.7980000000006839,0.0108
b22_C,_10390_,AOI21,0,0,3,1,18,21,48,0.0,1.862,0.7980000000006839,0.0108
b22_C,_10391_,INV,0,0,1,1,19,20,47,0.0,0.798,0.26599999999962165,0.0108
b22_C,_10392_,OAI21,0,0,3,2,20,19,46,0.0,1.862,0.7980000000006839,0.0108
b22_C,_10393_,XNOR2,0,0,2,1,21,4,3,0.0,2.66,1.0640000000003056,0.0108
b22_C,_10394_,OAI221,0,0,5,1,22,3,2,-4.887714663226461e-06,2.926,1.3300000000017462,0.0108
b22_C,_10395_,AOI221,0,0,5,1,23,2,1,-0.00015595772787335704,2.926,1.3300000000017462,0.0108
b22_C,_10396_,MUX2,0,0,3,3,10,16,39,0.0,2.394,0.5320000000010623,0.0108
b22_C,_10397_,XOR2,0,0,2,1,11,3,2,0.0,2.394,0.7980000000006839,0.0108
b22_C,_10398_,NOR2,0,0,2,1,11,16,37,0.0,1.33,0.5320000000010623,0.0108
b22_C,_10399_,NAND2,0,0,2,1,11,16,37,0.0,1.33,0.5320000000010623,0.0108
b22_C,_10400_,AOI21,0,8,3,2,25,15,36,-4.731836195537298e-05,1.862,0.7980000000006839,0.0108
b22_C,_10401_,XNOR2,0,1,2,1,26,2,1,-6.487450462366873e-05,2.66,1.0640000000003056,0.0108
b22_C,_10402_,INV,0,0,1,1,14,2,1,0.0,0.798,0.26599999999962165,0.0108
b22_C,_10403_,OAI221,0,1,5,0,27,1,0,-1.6367239101811037e-05,2.926,1.3300000000017462,0.0108
b22_C,_10404_,AOI22,0,0,4,1,17,4,3,-5.521796565544079e-06,2.394,1.0640000000003056,0.0108
b22_C,_10405_,BUF,0,0,1,10,8,18,96,3.6988110951874376e-07,1.064,0.26599999999962165,0.0108
b22_C,_10406_,XNOR2,0,0,2,1,9,5,4,-2.9062087203435283e-07,2.66,1.0640000000003056,0.0108
b22_C,_10407_,NAND2,0,0,2,1,8,19,42,0.0,1.33,0.5320000000010623,0.0108
b22_C,_10408_,NOR2,0,0,2,1,7,19,42,0.0,1.33,0.5320000000010623,0.0108
b22_C,_10409_,OAI21,0,0,3,2,21,18,41,0.0,1.862,0.7980000000006839,0.0108
b22_C,_10410_,XNOR2,0,0,2,1,22,4,3,0.0,2.66,1.0640000000003056,0.0108
b22_C,_10411_,OAI221,0,1,5,1,23,3,2,-3.038309114944404e-05,2.926,1.3300000000017462,0.0108
b22_C,_10412_,XNOR2,0,0,2,1,9,4,3,-2.9062087203435283e-07,2.66,1.0640000000003056,0.0108
b22_C,_10413_,AOI21,0,0,3,1,20,19,45,0.0,1.862,0.7980000000006839,0.0108
b22_C,_10414_,INV,0,0,1,1,21,18,44,0.0,0.798,0.26599999999962165,0.0108
b22_C,_10415_,OAI21,0,0,3,2,22,17,43,0.0,1.862,0.7980000000006839,0.0108
b22_C,_10416_,XNOR2,0,0,2,1,23,3,2,0.0,2.66,1.0640000000003056,0.0108
b22_C,_10417_,AOI21,0,1,3,1,24,2,1,-3.7569352708155535e-05,1.862,0.7980000000006839,0.0108
b22_C,_10418_,MUX2,0,0,3,3,10,15,35,0.0,2.394,0.5320000000010623,0.0108
b22_C,_10419_,XNOR2,0,0,2,1,11,3,2,-2.5099075307011276e-07,2.66,1.0640000000003056,0.0108
b22_C,_10420_,AND2,0,0,2,1,11,15,34,0.0,1.33,0.26599999999962165,0.0108
b22_C,_10421_,OR2,0,0,2,1,11,15,34,0.0,1.33,0.26599999999962165,0.0108
b22_C,_10422_,AOI21,0,7,3,2,26,14,33,6.33685601054701e-05,1.862,0.7980000000006839,0.0108
b22_C,_10423_,XNOR2,0,0,2,1,27,2,1,-0.0001308190224571515,2.66,1.0640000000003056,0.0108
b22_C,_10424_,OAI21,0,1,3,0,28,1,0,-2.721268163918822e-06,1.862,0.7980000000006839,0.0108
b22_C,_10425_,AOI21,0,0,3,1,17,4,3,-7.661822987170552e-07,1.862,0.7980000000006839,0.0108
b22_C,_10426_,BUF,0,0,1,10,8,16,88,1.3210039506716953e-08,1.064,0.26599999999962165,0.0108
b22_C,_10427_,OAI21,0,1,3,1,19,3,2,-3.817701453412425e-06,1.862,0.7980000000006839,0.0108
b22_C,_10428_,XOR2,0,0,2,1,9,5,4,-5.2840158693001626e-08,2.394,0.7980000000006839,0.0108
b22_C,_10429_,NAND2,0,0,2,1,8,17,40,0.0,1.33,0.5320000000010623,0.0108
b22_C,_10430_,NAND2,0,0,2,1,23,16,39,0.0,1.33,0.5320000000010623,0.0108
b22_C,_10431_,OAI21,0,0,3,2,24,15,38,-1.8494055487039418e-07,1.862,0.7980000000006839,0.0108
b22_C,_10432_,XNOR2,0,0,2,1,25,4,3,0.0,2.66,1.0640000000003056,0.0108
b22_C,_10433_,XOR2,0,0,2,1,9,5,4,-5.2840158693001626e-08,2.394,0.7980000000006839,0.0108
b22_C,_10434_,AOI21,0,0,3,1,22,17,36,-1.8494055487039418e-07,1.862,0.7980000000006839,0.0108
b22_C,_10435_,INV,0,0,1,1,23,16,35,0.0,0.798,0.26599999999962165,0.0108
b22_C,_10436_,OAI21,0,0,3,2,24,15,34,-1.8494055487039418e-07,1.862,0.7980000000006839,0.0108
b22_C,_10437_,XNOR2,0,0,2,1,25,4,3,0.0,2.66,1.0640000000003056,0.0108
b22_C,_10438_,OAI22,0,0,4,1,26,3,2,-2.113606341058727e-07,2.394,1.0640000000003056,0.0108
b22_C,_10439_,AOI21,0,1,3,1,27,2,1,-0.0001785997357994784,1.862,0.7980000000006839,0.0108
b22_C,_10440_,MUX2,0,0,3,3,10,13,32,0.0,2.394,0.5320000000010623,0.0108
b22_C,_10441_,XNOR2,0,0,2,1,11,3,2,-3.963011896424007e-08,2.66,1.0640000000003056,0.0108
b22_C,_10442_,NOR2,0,0,2,1,11,14,31,-1.8494055487039418e-07,1.33,0.5320000000010623,0.0108
b22_C,_10443_,NOR2,0,7,2,1,27,13,30,-6.82034346102256e-05,1.33,0.5320000000010623,0.0108
b22_C,_10444_,AOI21,0,7,3,2,28,12,29,0.00010133421400237985,1.862,0.7980000000006839,0.0108
b22_C,_10445_,XNOR2,0,0,2,1,29,2,1,-0.00014235138705420702,2.66,1.0640000000003056,0.0108
b22_C,_10446_,OAI21,0,1,3,0,30,1,0,-2.3778071336355566e-06,1.862,0.7980000000006839,0.0108
b22_C,_10447_,AOI22,0,0,4,1,17,4,3,-5.521796565544079e-06,2.394,1.0640000000003056,0.0108
b22_C,_10448_,CLKBUF,0,0,1,10,8,14,76,4.557463672227868e-06,1.064,0.26599999999962165,0.0108
b22_C,_10449_,XOR2,0,0,2,1,9,5,4,-1.3606340820704332e-06,2.394,0.7980000000006839,0.0108
b22_C,_10450_,NAND2,0,0,2,1,9,15,30,-3.963011896424007e-08,1.33,0.5320000000010623,0.0108
b22_C,_10451_,NAND2,0,0,2,1,25,14,29,0.0,1.33,0.5320000000010623,0.0108
b22_C,_10452_,OAI21,0,0,3,2,26,13,28,-3.963011896424007e-08,1.862,0.7980000000006839,0.0108
b22_C,_10453_,XNOR2,0,0,2,1,27,4,3,0.0,2.66,1.0640000000003056,0.0108
b22_C,_10454_,OAI221,0,0,5,1,28,3,2,-6.07265521797018e-05,2.926,1.3300000000017462,0.0108
b22_C,_10455_,XOR2,0,0,2,1,9,4,3,-1.3606340820704332e-06,2.394,0.7980000000006839,0.0108
b22_C,_10456_,NAND2,0,0,2,1,9,15,34,-3.963011896424007e-08,1.33,0.5320000000010623,0.0108
b22_C,_10457_,NOR2,0,0,2,1,8,15,34,0.0,1.33,0.5320000000010623,0.0108
b22_C,_10458_,OAI21,0,0,3,2,25,14,33,0.0,1.862,0.7980000000006839,0.0108
b22_C,_10459_,XNOR2,0,0,2,1,26,3,2,0.0,2.66,1.0640000000003056,0.0108
b22_C,_10460_,AOI21,0,0,3,1,29,2,1,-2.8124174372701205e-05,1.862,0.7980000000006839,0.0108
b22_C,_10461_,MUX2,0,0,3,3,10,11,28,0.0,2.394,0.5320000000010623,0.0108
b22_C,_10462_,XOR2,0,0,2,1,11,3,2,-1.3210039631061932e-06,2.394,0.7980000000006839,0.0108
b22_C,_10463_,NOR2,0,0,2,1,11,12,27,-3.963011896424007e-08,1.33,0.5320000000010623,0.0108
b22_C,_10464_,NAND2,0,0,2,1,11,12,27,-3.963011896424007e-08,1.33,0.5320000000010623,0.0108
b22_C,_10465_,AOI21,0,7,3,2,29,11,26,-2.2879788639462717e-05,1.862,0.7980000000006839,0.0108
b22_C,_10466_,XNOR2,0,1,2,1,30,2,1,-6.0779392338172755e-05,2.66,1.0640000000003056,0.0108
b22_C,_10467_,OAI21,0,1,3,0,31,1,0,-1.122853368729082e-06,1.862,0.7980000000006839,0.0108
b22_C,_10468_,AOI22,0,0,4,1,17,4,3,-5.521796565544079e-06,2.394,1.0640000000003056,0.0108
b22_C,_10469_,XNOR2,0,0,2,1,10,5,4,0.0,2.66,1.0640000000003056,0.0108
b22_C,_10470_,NAND2,0,0,2,1,9,13,24,-1.0568031705293635e-06,1.33,0.5320000000010623,0.0108
b22_C,_10471_,NOR2,0,0,2,1,9,13,24,-1.043593130800602e-06,1.33,0.5320000000010623,0.0108
b22_C,_10472_,OAI21,0,0,3,2,27,12,23,0.0,1.862,0.7980000000006839,0.0108
b22_C,_10473_,XNOR2,0,0,2,1,28,4,3,0.0,2.66,1.0640000000003056,0.0108
b22_C,_10474_,OAI221,0,0,5,1,29,3,2,-5.990752972273583e-05,2.926,1.3300000000017462,0.0108
b22_C,_10475_,XOR2,0,0,2,1,10,4,3,0.0,2.394,0.7980000000006839,0.0108
b22_C,_10476_,NOR2,0,0,2,2,8,13,29,0.0,1.33,0.5320000000010623,0.0108
b22_C,_10477_,AOI21,0,0,3,2,26,13,29,-8.190224569659676e-07,1.862,0.7980000000006839,0.0108
b22_C,_10478_,NOR2,0,0,2,1,27,4,3,0.0,1.33,0.5320000000010623,0.0108
b22_C,_10479_,XNOR2,0,0,2,1,28,3,2,0.0,2.66,1.0640000000003056,0.0108
b22_C,_10480_,AOI21,0,0,3,1,30,2,1,-2.8124174372701205e-05,1.862,0.7980000000006839,0.0108
b22_C,_10481_,INV,0,0,1,3,9,23,242,0.0,0.798,0.26599999999962165,0.0108
b22_C,_10482_,MUX2,0,0,3,3,10,10,25,0.0,2.394,0.5320000000010623,0.0108
b22_C,_10483_,XNOR2,0,0,2,1,11,3,2,0.0,2.66,1.0640000000003056,0.0108
b22_C,_10484_,NAND2,0,0,2,1,11,10,23,-8.982826948944478e-07,1.33,0.5320000000010623,0.0108
b22_C,_10485_,OAI21,0,6,3,1,30,10,23,-2.2919418758426957e-05,1.862,0.7980000000006839,0.0108
b22_C,_10486_,NAND2,0,6,2,2,31,9,22,8.850726551656862e-07,1.33,0.5320000000010623,0.0108
b22_C,_10487_,XNOR2,0,1,2,1,32,2,1,-4.29326287980647e-05,2.66,1.0640000000003056,0.0108
b22_C,_10488_,OAI21,0,1,3,0,33,1,0,-1.0964332894936035e-06,1.862,0.7980000000006839,0.0108
b22_C,_10489_,BUF,0,0,1,10,9,12,55,0.0,1.064,0.26599999999962165,0.0108
b22_C,_10490_,MUX2,0,0,3,3,10,9,22,0.0,2.394,0.5320000000010623,0.0108
b22_C,_10491_,XNOR2,0,0,2,2,11,4,3,0.0,2.66,1.0640000000003056,0.0108
b22_C,_10492_,OR2,0,0,2,1,11,9,20,0.0,1.33,0.26599999999962165,0.0108
b22_C,_10493_,AND2,0,0,2,1,11,9,20,-1.3210039950806163e-08,1.33,0.26599999999962165,0.0108
b22_C,_10494_,OAI21,0,5,3,3,32,8,19,6.96301188902737e-05,1.862,0.7980000000006839,0.0108
b22_C,_10495_,AOI21,0,1,3,1,33,3,2,-7.64464993396885e-05,1.862,0.7980000000006839,0.0108
b22_C,_10496_,OAI21,0,1,3,1,34,2,1,-6.689564068707021e-05,1.862,0.7980000000006839,0.0108
b22_C,_10497_,OAI22,0,0,4,1,18,3,2,-3.9101717305145556e-05,2.394,1.0640000000003056,0.0108
b22_C,_10498_,XNOR2,0,0,2,1,10,4,3,-3.963011896424007e-08,2.66,1.0640000000003056,0.0108
b22_C,_10499_,NAND2,0,0,2,1,10,13,25,0.0,1.33,0.5320000000010623,0.0108
b22_C,_10500_,OAI21,0,0,3,1,27,12,24,0.0,1.862,0.7980000000006839,0.0108
b22_C,_10501_,OAI21,0,0,3,2,28,11,23,0.0,1.862,0.7980000000006839,0.0108
b22_C,_10502_,XNOR2,0,0,2,1,29,3,2,0.0,2.66,1.0640000000003056,0.0108
b22_C,_10503_,AOI221,0,0,5,1,30,2,1,-2.5389696169275666e-05,2.926,1.3300000000017462,0.0108
b22_C,_10504_,INV,0,0,1,2,1,4,6,0.0,0.798,0.26599999999962165,0.0108
b22_C,_10505_,XNOR2,0,0,2,1,10,3,2,-3.963011896424007e-08,2.66,1.0640000000003056,0.0108
b22_C,_10506_,AOI21,0,0,3,1,28,11,18,0.0,1.862,0.7980000000006839,0.0108
b22_C,_10507_,INV,0,0,1,1,29,10,17,0.0,0.798,0.26599999999962165,0.0108
b22_C,_10508_,OAI21,0,0,3,2,30,9,16,0.0,1.862,0.7980000000006839,0.0108
b22_C,_10509_,XNOR2,0,0,2,1,31,2,1,0.0,2.66,1.0640000000003056,0.0108
b22_C,_10510_,OAI211,0,1,4,0,35,1,0,-1.8124174372635693e-05,2.394,1.0640000000003056,0.0108
b22_C,_10511_,OAI21,0,0,3,1,18,3,2,-3.058124174382115e-05,1.862,0.7980000000006839,0.0108
b22_C,_10512_,INV,0,0,1,2,1,9,19,0.0,0.798,0.26599999999962165,0.0108
b22_C,_10513_,XNOR2,0,0,2,1,11,4,3,-1.188903568927202e-07,2.66,1.0640000000003056,0.0108
b22_C,_10514_,NAND2,0,0,2,1,10,11,20,-3.963011896424007e-08,1.33,0.5320000000010623,0.0108
b22_C,_10515_,NOR2,0,0,2,1,9,11,20,0.0,1.33,0.5320000000010623,0.0108
b22_C,_10516_,OAI21,0,0,3,2,29,10,19,0.0,1.862,0.7980000000006839,0.0108
b22_C,_10517_,XNOR2,0,0,2,1,30,3,2,0.0,2.66,1.0640000000003056,0.0108
b22_C,_10518_,AOI221,0,0,5,1,31,2,1,-4.7873183619762116e-05,2.926,1.3300000000017462,0.0108
b22_C,_10519_,XOR2,0,0,2,1,11,3,2,-1.3210039639943716e-07,2.394,0.7980000000006839,0.0108
b22_C,_10520_,NAND2,0,0,2,1,10,9,14,-3.963011896424007e-08,1.33,0.5320000000010623,0.0108
b22_C,_10521_,NAND2,0,0,2,1,31,8,13,0.0,1.33,0.5320000000010623,0.0108
b22_C,_10522_,OAI21,0,0,3,2,32,7,12,-2.6420079457523116e-08,1.862,0.7980000000006839,0.0108
b22_C,_10523_,XNOR2,0,0,2,1,33,2,1,0.0,2.66,1.0640000000003056,0.0108
b22_C,_10524_,MUX2,0,0,3,3,11,7,17,-1.188903568927202e-07,2.394,0.5320000000010623,0.0108
b22_C,_10525_,XOR2,0,0,2,1,12,3,2,-1.188903568927202e-07,2.394,0.7980000000006839,0.0108
b22_C,_10526_,NAND2,0,0,2,1,11,8,16,-2.6420079457523116e-08,1.33,0.5320000000010623,0.0108
b22_C,_10527_,NOR2,0,0,2,1,11,8,16,-2.6420079457523116e-08,1.33,0.5320000000010623,0.0108
b22_C,_10528_,OAI21,0,4,3,2,33,7,15,-3.799207397636728e-05,1.862,0.7980000000006839,0.0108
b22_C,_10529_,XNOR2,0,1,2,1,34,2,1,-3.0501981506114717e-05,2.66,1.0640000000003056,0.0108
b22_C,_10530_,OAI221,0,1,5,0,35,1,0,-1.3659180977620977e-05,2.926,1.3300000000017462,0.0108
b22_C,_10531_,INV,0,0,1,3,6,20,169,-7.926023792848014e-08,0.798,0.26599999999962165,0.0108
b22_C,_10532_,MUX2,0,0,3,3,11,7,13,-1.188903568927202e-07,2.394,0.5320000000010623,0.0108
b22_C,_10533_,XNOR2,0,0,2,2,12,4,3,9.907529721076003e-07,2.66,1.0640000000003056,0.0108
b22_C,_10534_,NOR2,0,0,2,2,12,6,12,-7.926023792848014e-08,1.33,0.5320000000010623,0.0108
b22_C,_10535_,AOI21,0,3,3,2,34,6,12,1.704095112287085e-05,1.862,0.7980000000006839,0.0108
b22_C,_10536_,NOR2,0,1,2,2,35,4,3,-3.6208718626307146e-05,1.33,0.5320000000010623,0.0108
b22_C,_10537_,AOI21,0,1,3,1,36,3,2,2.377807133413512e-07,1.862,0.7980000000006839,0.0108
b22_C,_10538_,OAI21,0,1,3,1,37,2,1,-1.3421400264279626e-05,1.862,0.7980000000006839,0.0108
b22_C,_10539_,OAI21,0,0,3,1,18,3,2,-3.062087186278539e-05,1.862,0.7980000000006839,0.0108
b22_C,_10540_,XOR2,0,0,2,1,6,4,3,-1.7173051536367723e-07,2.394,0.7980000000006839,0.0108
b22_C,_10541_,AOI21,0,0,3,1,30,9,15,-7.926023792848014e-08,1.862,0.7980000000006839,0.0108
b22_C,_10542_,AOI21,0,0,3,2,31,8,14,0.0,1.862,0.7980000000006839,0.0108
b22_C,_10543_,XNOR2,0,0,2,1,32,3,2,0.0,2.66,1.0640000000003056,0.0108
b22_C,_10544_,AOI221,0,0,5,1,33,2,1,-2.5389696169275666e-05,2.926,1.3300000000017462,0.0108
b22_C,_10545_,NOR2,0,0,2,2,6,7,11,-1.3210039639943716e-07,1.33,0.5320000000010623,0.0108
b22_C,_10546_,AND2,0,0,2,2,6,6,10,-7.926023792848014e-08,1.33,0.26599999999962165,0.0108
b22_C,_10547_,OR2,0,0,2,1,7,3,2,0.0,1.33,0.26599999999962165,0.0108
b22_C,_10548_,NAND2,0,0,2,1,11,7,10,-1.0568031694191404e-07,1.33,0.5320000000010623,0.0108
b22_C,_10549_,NOR2,0,0,2,1,11,7,10,-1.0568031694191404e-07,1.33,0.5320000000010623,0.0108
b22_C,_10550_,OAI21,0,0,3,2,33,6,9,0.0,1.862,0.7980000000006839,0.0108
b22_C,_10551_,XNOR2,0,0,2,1,34,2,1,0.0,2.66,1.0640000000003056,0.0108
b22_C,_10552_,OAI211,0,1,4,0,38,1,0,-1.7014531043635372e-05,2.394,1.0640000000003056,0.0108
b22_C,_10553_,AOI22,0,0,4,1,17,4,3,-5.521796565544079e-06,2.394,1.0640000000003056,0.0108
b22_C,_10554_,XOR2,0,0,2,1,6,5,4,0.0,2.394,0.7980000000006839,0.0108
b22_C,_10555_,AOI21,0,0,3,1,32,7,10,-1.0568031694191404e-07,1.862,0.7980000000006839,0.0108
b22_C,_10556_,INV,0,0,1,1,33,6,9,0.0,0.798,0.26599999999962165,0.0108
b22_C,_10557_,OAI21,0,0,3,2,34,5,8,-1.0568031694191404e-07,1.862,0.7980000000006839,0.0108
b22_C,_10558_,XNOR2,0,0,2,1,35,4,3,0.0,2.66,1.0640000000003056,0.0108
b22_C,_10559_,CLKBUF,0,0,1,10,6,6,22,0.0,1.064,0.26599999999962165,0.0108
b22_C,_10560_,OAI221,0,0,5,1,36,3,2,-3.8031704095109475e-05,2.926,1.3300000000017462,0.0108
b22_C,_10561_,MUX2,0,0,3,3,11,5,9,-1.188903568927202e-07,2.394,0.5320000000010623,0.0108
b22_C,_10562_,XOR2,0,0,2,1,12,4,3,0.0,2.394,0.7980000000006839,0.0108
b22_C,_10563_,NAND2,0,0,2,1,12,6,8,-1.188903568927202e-07,1.33,0.5320000000010623,0.0108
b22_C,_10564_,OAI21,0,2,3,1,35,5,7,-2.698811096424336e-05,1.862,0.7980000000006839,0.0108
b22_C,_10565_,OAI21,0,2,3,2,36,4,6,5.9709379127692586e-06,1.862,0.7980000000006839,0.0108
b22_C,_10566_,XNOR2,0,1,2,1,37,3,2,-1.5072655217940323e-05,2.66,1.0640000000003056,0.0108
b22_C,_10567_,AOI21,0,1,3,1,38,2,1,-3.500660502142594e-06,1.862,0.7980000000006839,0.0108
b22_C,_10568_,XNOR2,0,0,2,1,7,3,2,0.0,2.66,1.0640000000003056,0.0108
b22_C,_10569_,INV,0,0,1,1,7,6,7,0.0,0.798,0.26599999999962165,0.0108
b22_C,_10570_,AOI21,0,0,3,2,34,5,6,0.0,1.862,0.7980000000006839,0.0108
b22_C,_10571_,XOR2,0,0,2,1,35,2,1,0.0,2.394,0.7980000000006839,0.0108
b22_C,_10572_,OAI21,0,1,3,0,39,1,0,-1.6063408190269968e-05,1.862,0.7980000000006839,0.0108
b22_C,_10573_,NOR2,0,0,2,1,18,3,2,-3.906208718640336e-05,1.33,0.5320000000010623,0.0108
b22_C,_10574_,AOI221,0,0,5,1,19,2,1,-0.0002370541611627086,2.926,1.3300000000017462,0.0108
b22_C,_10575_,NAND2,0,0,2,1,7,5,4,0.0,1.33,0.5320000000010623,0.0108
b22_C,_10576_,NOR2,0,0,2,1,7,5,4,0.0,1.33,0.5320000000010623,0.0108
b22_C,_10577_,OAI21,0,0,3,1,35,4,3,0.0,1.862,0.7980000000006839,0.0108
b22_C,_10578_,XNOR2,0,0,2,1,7,4,3,-3.963011896424007e-08,2.66,1.0640000000003056,0.0108
b22_C,_10579_,XNOR2,0,0,2,1,36,3,2,0.0,2.66,1.0640000000003056,0.0108
b22_C,_10580_,NAND2,0,0,2,1,7,5,4,0.0,1.33,0.5320000000010623,0.0108
b22_C,_10581_,NOR2,0,0,2,1,7,5,4,0.0,1.33,0.5320000000010623,0.0108
b22_C,_10582_,OAI21,0,0,3,1,35,4,3,0.0,1.862,0.7980000000006839,0.0108
b22_C,_10583_,XNOR2,0,0,2,1,7,4,3,-3.963011896424007e-08,2.66,1.0640000000003056,0.0108
b22_C,_10584_,XNOR2,0,0,2,1,36,3,2,0.0,2.66,1.0640000000003056,0.0108
b22_C,_10585_,AOI22,0,0,4,1,37,2,1,-3.3025099075434383e-06,2.394,1.0640000000003056,0.0108
b22_C,_10586_,NOR2,0,0,2,1,12,4,3,0.0,1.33,0.5320000000010623,0.0108
b22_C,_10587_,NAND2,0,0,2,1,12,4,3,0.0,1.33,0.5320000000010623,0.0108
b22_C,_10588_,AOI21,0,1,3,1,37,3,2,-7.58256274768776e-06,1.862,0.7980000000006839,0.0108
b22_C,_10589_,MUX2,0,0,3,1,11,4,3,-1.188903568927202e-07,2.394,0.5320000000010623,0.0108
b22_C,_10590_,XNOR2,0,0,2,1,12,3,2,4.887714661894194e-07,2.66,1.0640000000003056,0.0108
b22_C,_10591_,XNOR2,0,1,2,1,38,2,1,-4.187582562931169e-06,2.66,1.0640000000003056,0.0108
b22_C,_10592_,OAI221,0,1,5,0,39,1,0,-2.6089828269570958e-05,2.926,1.3300000000017462,0.0108
b22_C,_10593_,BUF,0,4,1,10,14,3,29,8.754293262880353e-05,1.064,0.26599999999962165,0.0108
b22_C,_10594_,BUF,0,2,1,9,15,1,9,5.059445178323685e-05,1.064,0.26599999999962165,0.0108
b22_C,_10595_,BUF,0,1,1,9,4,1,9,2.26684280051348e-05,1.064,0.26599999999962165,0.0108
b22_C,_10596_,AOI221,0,1,5,2,13,10,187,-0.00035869220607676056,2.926,1.3300000000017462,0.0108
b22_C,_10597_,NOR2,0,0,2,2,7,12,191,0.0,1.33,0.5320000000010623,0.0108
b22_C,_10598_,NOR2,0,0,2,4,7,12,313,-2.6420079457523116e-08,1.33,0.5320000000010623,0.0108
b22_C,_10599_,NAND2,0,0,2,1,8,11,188,0.0,1.33,0.5320000000010623,0.0108
b22_C,_10600_,NAND2,0,0,2,2,12,10,187,0.0,1.33,0.5320000000010623,0.0108
b22_C,_10601_,NOR3,0,0,3,2,12,10,187,0.0,1.862,0.7980000000006839,0.0108
b22_C,_10602_,AOI21,0,0,3,2,11,10,187,0.0,1.862,0.7980000000006839,0.0108
b22_C,_10603_,AOI22,0,1,4,1,14,9,136,-1.3764861294562891e-05,2.394,1.0640000000003056,0.0108
b22_C,_10604_,AND2,0,1,2,3,15,8,135,2.945838837309367e-06,1.33,0.26599999999962165,0.0108
b22_C,_10605_,OR2,0,1,2,6,16,7,111,1.322324966968047e-05,1.33,0.26599999999962165,0.0108
b22_C,_10606_,BUF,0,0,1,10,17,5,50,-2.2457067372361195e-06,1.064,0.26599999999962165,0.0108
b22_C,_10607_,CLKBUF,0,0,1,10,18,4,29,0.0,1.064,0.26599999999962165,0.0108
b22_C,_10608_,NAND2,0,0,2,1,19,2,1,-3.9630118897626687e-07,1.33,0.5320000000010623,0.0108
b22_C,_10609_,CLKBUF,0,0,1,10,13,6,33,-1.3210039950806163e-08,1.064,0.26599999999962165,0.0108
b22_C,_10610_,NOR3,0,0,3,2,18,3,5,0.0,1.862,0.7980000000006839,0.0108
b22_C,_10611_,AOI222,0,1,6,1,13,8,30,-2.1096433289402583e-05,3.724,1.5960000000013679,0.0108
b22_C,_10612_,NAND2,0,1,2,9,18,7,29,9.907529721076003e-07,1.33,0.5320000000010623,0.0108
b22_C,_10613_,NAND2,0,1,2,8,16,6,117,-2.6287978867056694e-06,1.33,0.5320000000010623,0.0108
b22_C,_10614_,AOI21,0,0,3,2,17,5,16,-0.00010035667107022306,1.862,0.7980000000006839,0.0108
b22_C,_10615_,NAND2,0,0,2,3,19,4,10,-5.376486129637925e-06,1.33,0.5320000000010623,0.0108
b22_C,_10616_,NOR2,0,0,2,1,20,3,3,-3.566710702340714e-07,1.33,0.5320000000010623,0.0108
b22_C,_10617_,NOR2,0,0,2,2,21,2,2,0.0,1.33,0.5320000000010623,0.0108
b22_C,_10618_,NOR2,0,0,2,10,16,6,73,-4.187582562931169e-06,1.33,0.5320000000010623,0.0108
b22_C,_10619_,NAND2,0,0,2,3,17,5,27,0.0,1.33,0.5320000000010623,0.0108
b22_C,_10620_,BUF,0,0,1,10,18,4,20,0.0,1.064,0.26599999999962165,0.0108
b22_C,_10621_,AND2,0,0,2,3,14,7,22,-1.6789960370022783e-05,1.33,0.26599999999962165,0.0108
b22_C,_10622_,XNOR2,0,0,2,2,1,9,27,0.0,2.66,1.0640000000003056,0.0108
b22_C,_10623_,AND2,0,0,2,4,2,11,70,0.0,1.33,0.26599999999962165,0.0108
b22_C,_10624_,NOR2,0,0,2,2,2,11,71,0.0,1.33,0.5320000000010623,0.0108
b22_C,_10625_,OAI21,0,9,3,2,29,11,71,-4.577278731843215e-05,1.862,0.7980000000006839,0.0108
b22_C,_10626_,AOI21,0,8,3,3,30,10,46,6.655217965634286e-05,1.862,0.7980000000006839,0.0108
b22_C,_10627_,INV,0,0,1,2,1,10,29,0.0,0.798,0.26599999999962165,0.0108
b22_C,_10628_,AOI211,0,4,4,2,31,9,27,-0.00010029062087202334,2.394,1.0640000000003056,0.0108
b22_C,_10629_,NOR2,0,0,2,2,2,9,27,0.0,1.33,0.5320000000010623,0.0108
b22_C,_10630_,OAI21,0,0,3,2,32,8,25,-1.4570673712244187e-05,1.862,0.7980000000006839,0.0108
b22_C,_10631_,OR3,0,4,3,2,32,8,25,4.10303830908898e-05,1.596,0.26599999999962165,0.0108
b22_C,_10632_,AND3,0,4,3,3,33,7,22,2.5495376483331e-06,1.596,0.26599999999962165,0.0108
b22_C,_10633_,OAI21,0,3,3,6,34,6,13,-4.161162483695691e-06,1.862,0.7980000000006839,0.0108
b22_C,_10634_,OAI211,0,1,4,0,35,1,0,-3.3764861294693915e-05,2.394,1.0640000000003056,0.0108
b22_C,_10635_,NAND2,0,0,2,1,19,2,1,-3.9630118897626687e-07,1.33,0.5320000000010623,0.0108
b22_C,_10636_,NOR2,0,0,2,4,16,8,27,-4.66710700133266e-05,1.33,0.5320000000010623,0.0108
b22_C,_10637_,XNOR2,0,0,2,1,1,11,31,0.0,2.66,1.0640000000003056,0.0108
b22_C,_10638_,INV,0,0,1,2,2,10,30,0.0,0.798,0.26599999999962165,0.0108
b22_C,_10639_,OR3,0,1,3,1,31,9,28,-4.4993394980430423e-05,1.596,0.26599999999962165,0.0108
b22_C,_10640_,OAI21,0,3,3,1,31,9,28,-8.365918097763547e-05,1.862,0.7980000000006839,0.0108
b22_C,_10641_,AOI21,0,4,3,4,32,8,27,6.776750330228509e-06,1.862,0.7980000000006839,0.0108
b22_C,_10642_,NOR2,0,4,2,2,33,4,6,-1.394980184965533e-05,1.33,0.5320000000010623,0.0108
b22_C,_10643_,NAND2,0,3,2,2,34,3,4,-0.00010640686922069875,1.33,0.5320000000010623,0.0108
b22_C,_10644_,OAI211,0,1,4,0,35,1,0,-1.3857331572220133e-05,2.394,1.0640000000003056,0.0108
b22_C,_10645_,AND2,0,0,2,2,17,5,25,0.0,1.33,0.26599999999962165,0.0108
b22_C,_10646_,CLKBUF,0,0,1,10,18,3,20,0.0,1.064,0.26599999999962165,0.0108
b22_C,_10647_,NOR2,0,0,2,3,16,9,35,-4.655217965665592e-05,1.33,0.5320000000010623,0.0108
b22_C,_10648_,NAND2,0,1,2,1,30,10,36,-6.34346103041139e-05,1.33,0.5320000000010623,0.0108
b22_C,_10649_,OR2,0,0,2,1,3,10,36,0.0,1.33,0.26599999999962165,0.0108
b22_C,_10650_,XNOR2,0,1,2,3,31,9,35,4.081902245545166e-06,2.66,1.0640000000003056,0.0108
b22_C,_10651_,AOI211,0,0,4,6,32,8,30,-5.706737120214633e-05,2.394,1.0640000000003056,0.0108
b22_C,_10652_,BUF,0,1,1,10,17,6,60,1.664464993367254e-05,1.064,0.26599999999962165,0.0108
b22_C,_10653_,BUF,0,1,1,10,18,4,28,1.619550858644736e-05,1.064,0.26599999999962165,0.0108
b22_C,_10654_,AOI221,0,0,5,1,33,2,1,-3.936591809861056e-06,2.926,1.3300000000017462,0.0108
b22_C,_10655_,NAND2,0,0,2,3,8,6,57,-3.963011896424007e-08,1.33,0.5320000000010623,0.0108
b22_C,_10656_,OR2,0,0,2,1,17,5,29,-1.9947159841660067e-06,1.33,0.26599999999962165,0.0108
b22_C,_10657_,BUF,0,0,1,9,18,4,28,0.0,1.064,0.26599999999962165,0.0108
b22_C,_10658_,CLKBUF,0,0,1,10,19,2,10,0.0,1.064,0.26599999999962165,0.0108
b22_C,_10659_,XOR2,0,0,2,3,33,7,15,-9.418758256440896e-06,2.394,0.7980000000006839,0.0108
b22_C,_10660_,NAND2,0,0,2,1,33,7,13,-4.887714663226461e-06,1.33,0.5320000000010623,0.0108
b22_C,_10661_,NOR2,0,0,2,1,33,7,13,-5.297225891709445e-06,1.33,0.5320000000010623,0.0108
b22_C,_10662_,AND2,0,1,2,3,30,10,39,4.676354028898544e-06,1.33,0.26599999999962165,0.0108
b22_C,_10663_,OR2,0,0,2,3,31,9,28,-6.261558784803611e-06,1.33,0.26599999999962165,0.0108
b22_C,_10664_,NAND2,0,0,2,1,32,8,23,-1.0079260237993992e-05,1.33,0.5320000000010623,0.0108
b22_C,_10665_,NAND2,0,0,2,1,31,9,31,-1.063408190238313e-05,1.33,0.5320000000010623,0.0108
b22_C,_10666_,NAND2,0,0,2,1,30,10,39,-3.1439894321305673e-06,1.33,0.5320000000010623,0.0108
b22_C,_10667_,NAND2,0,0,2,1,29,11,49,-1.188903568927202e-07,1.33,0.5320000000010623,0.0108
b22_C,_10668_,NAND2,0,0,2,1,28,12,57,-4.821664465026743e-06,1.33,0.5320000000010623,0.0108
b22_C,_10669_,NAND2,0,0,2,1,26,13,67,-3.579920739782416e-05,1.33,0.5320000000010623,0.0108
b22_C,_10670_,NAND2,0,0,2,2,26,14,77,-4.280052840366366e-06,1.33,0.5320000000010623,0.0108
b22_C,_10671_,AND2,0,0,2,2,24,15,109,-5.719947160143235e-06,1.33,0.26599999999962165,0.0108
b22_C,_10672_,NOR2,0,0,2,2,24,16,110,-1.0792602377796001e-05,1.33,0.5320000000010623,0.0108
b22_C,_10673_,AND2,0,0,2,1,24,16,92,0.0,1.33,0.26599999999962165,0.0108
b22_C,_10674_,AND2,0,0,2,1,24,17,113,-2.179656539036401e-06,1.33,0.26599999999962165,0.0108
b22_C,_10675_,MUX2,0,0,3,4,21,19,163,-4.0620871862850905e-05,2.394,0.5320000000010623,0.0108
b22_C,_10676_,NOR2,0,0,2,3,22,17,141,0.0,1.33,0.5320000000010623,0.0108
b22_C,_10677_,NOR2,0,0,2,2,22,18,142,-9.669749009288964e-06,1.33,0.5320000000010623,0.0108
b22_C,_10678_,NOR2,0,0,2,2,21,18,133,-2.8929986790604545e-06,1.33,0.5320000000010623,0.0108
b22_C,_10679_,OR2,0,1,2,4,14,20,166,8.784676353901233e-06,1.33,0.26599999999962165,0.0108
b22_C,_10680_,AND2,0,0,2,1,20,19,143,-2.179656539036401e-06,1.33,0.26599999999962165,0.0108
b22_C,_10681_,MUX2,0,0,3,6,18,22,237,-4.257595772805267e-05,2.394,0.5320000000010623,0.0108
b22_C,_10682_,NOR2,0,0,2,2,19,19,155,0.0,1.33,0.5320000000010623,0.0108
b22_C,_10683_,NOR2,0,0,2,2,18,20,165,-8.850726552322996e-06,1.33,0.5320000000010623,0.0108
b22_C,_10684_,INV,0,0,1,4,17,22,220,-1.3210039728761558e-08,0.798,0.26599999999962165,0.0108
b22_C,_10685_,NOR2,0,0,2,1,18,21,174,0.0,1.33,0.5320000000010623,0.0108
b22_C,_10686_,NOR2,0,0,2,2,17,21,184,-3.7952443857625084e-05,1.33,0.5320000000010623,0.0108
b22_C,_10687_,INV,0,0,1,3,16,23,220,0.0,0.798,0.26599999999962165,0.0108
b22_C,_10688_,NOR2,0,0,2,2,17,22,196,-5.059445178368094e-06,1.33,0.5320000000010623,0.0108
b22_C,_10689_,NOR2,0,0,2,2,14,24,230,0.0,1.33,0.5320000000010623,0.0108
b22_C,_10690_,INV,0,0,1,1,15,23,205,0.0,0.798,0.26599999999962165,0.0108
b22_C,_10691_,NOR2,0,0,2,1,11,27,323,-9.096433289323969e-05,1.33,0.5320000000010623,0.0108
b22_C,_10692_,AOI21,0,0,3,4,12,26,322,-0.00010912813738439553,1.862,0.7980000000006839,0.0108
b22_C,_10693_,NAND2,0,0,2,1,13,24,215,-1.010568031722947e-05,1.33,0.5320000000010623,0.0108
b22_C,_10694_,INV,0,0,1,3,13,27,250,0.0,0.798,0.26599999999962165,0.0108
b22_C,_10695_,NAND2,0,0,2,1,14,26,226,-4.531043593214434e-06,1.33,0.5320000000010623,0.0108
b22_C,_10696_,INV,0,0,1,1,15,25,225,0.0,0.798,0.26599999999962165,0.0108
b22_C,_10697_,INV,0,0,1,2,12,27,239,0.0,0.798,0.26599999999962165,0.0108
b22_C,_10698_,NAND2,0,0,2,1,13,26,236,-5.416116248380121e-06,1.33,0.5320000000010623,0.0108
b22_C,_10699_,INV,0,0,1,2,14,25,235,0.0,0.798,0.26599999999962165,0.0108
b22_C,_10700_,NOR2,0,0,2,1,13,26,236,-4.980184940661658e-06,1.33,0.5320000000010623,0.0108
b22_C,_10701_,NOR2,0,0,2,1,14,27,247,-3.978863936593413e-05,1.33,0.5320000000010623,0.0108
b22_C,_10702_,AND2,0,0,2,3,12,28,263,-6.538969617109203e-06,1.33,0.26599999999962165,0.0108
b22_C,_10703_,NOR2,0,0,2,2,13,27,258,-5.81241743846661e-07,1.33,0.5320000000010623,0.0108
b22_C,_10704_,NOR2,0,0,2,1,10,30,294,-9.429326287979656e-05,1.33,0.5320000000010623,0.0108
b22_C,_10705_,AOI21,0,0,3,4,11,29,293,-0.00011314398943196302,1.862,0.7980000000006839,0.0108
b22_C,_10706_,NOR2,0,0,2,2,12,28,267,-6.697490092744118e-06,1.33,0.5320000000010623,0.0108
b22_C,_10707_,NOR2,0,0,2,1,9,31,380,-9.998678996048227e-05,1.33,0.5320000000010623,0.0108
b22_C,_10708_,AOI21,0,0,3,3,10,30,379,-0.0001208058124178013,1.862,0.7980000000006839,0.0108
b22_C,_10709_,NOR2,1,70,2,1,11,29,278,-0.0013075825627477666,1.33,0.5320000000010623,0.0108
b22_C,_10710_,NOR2,0,0,2,2,12,29,288,-3.963011896424007e-08,1.33,0.5320000000010623,0.0108
b22_C,_10711_,AOI22,0,0,4,2,12,29,288,-2.6961690885229928e-05,2.394,1.0640000000003056,0.0108
b22_C,_10713_,NAND2,0,0,2,2,12,28,267,-7.239101717626539e-06,1.33,0.5320000000010623,0.0108
b22_C,_10714_,AOI221,1,67,5,2,14,27,258,-0.0007653632760900031,2.926,1.3300000000017462,0.0108
b22_C,_10715_,NOR3,1,64,3,2,15,26,246,0.0005711624834872087,1.862,0.7980000000006839,0.0108
b22_C,_10716_,AOI211,1,64,4,2,16,25,235,-0.0009728269484809982,2.394,1.0640000000003056,0.0108
b22_C,_10718_,NOR2,0,0,2,1,13,24,215,-9.29986789977022e-06,1.33,0.5320000000010623,0.0108
b22_C,_10719_,OAI21,1,61,3,2,18,23,214,-0.0002862483487453549,1.862,0.7980000000006839,0.0108
b22_C,_10720_,NOR2,0,0,2,2,14,23,229,0.0,1.33,0.5320000000010623,0.0108
b22_C,_10721_,OAI21,1,58,3,3,19,22,204,0.0009288507265519108,1.862,0.7980000000006839,0.0108
b22_C,_10722_,NAND2,0,0,2,2,17,22,196,-5.495376486086556e-06,1.33,0.5320000000010623,0.0108
b22_C,_10723_,AOI221,1,55,5,2,20,21,184,-0.0004798811096433653,2.926,1.3300000000017462,0.0108
b22_C,_10725_,NAND2,0,0,2,2,18,20,165,-9.616908850818007e-06,1.33,0.5320000000010623,0.0108
b22_C,_10726_,AOI221,1,46,5,2,22,19,155,-0.0005863276089830283,2.926,1.3300000000017462,0.0108
b22_C,_10728_,NAND2,0,0,2,2,21,18,133,-3.1307793924018057e-06,1.33,0.5320000000010623,0.0108
b22_C,_10729_,AOI211,1,37,4,2,24,17,123,-0.0002793130779392694,2.394,1.0640000000003056,0.0108
b22_C,_10731_,OR2,0,0,2,3,24,16,122,0.0,1.33,0.26599999999962165,0.0108
b22_C,_10732_,AOI211,1,28,4,1,26,15,91,-0.0003625363276091864,2.394,1.0640000000003056,0.0108
b22_C,_10733_,NOR2,1,28,2,3,27,14,90,0.0002721796565388068,1.33,0.5320000000010623,0.0108
b22_C,_10734_,NOR2,0,0,2,1,26,14,68,-3.9762219288252965e-06,1.33,0.5320000000010623,0.0108
b22_C,_10735_,OAI221,1,22,5,1,28,13,67,-0.00034368560105701995,2.926,1.3300000000017462,0.0108
b22_C,_10736_,NAND2,1,22,2,2,29,12,66,-1.635402906230432e-05,1.33,0.5320000000010623,0.0108
b22_C,_10737_,NOR2,0,0,2,1,28,12,57,-2.5099075300349938e-06,1.33,0.5320000000010623,0.0108
b22_C,_10738_,OAI21,1,19,3,2,30,11,56,-1.0660501981618609e-05,1.862,0.7980000000006839,0.0108
b22_C,_10739_,NOR2,0,0,2,1,29,11,49,-1.4531043612819872e-07,1.33,0.5320000000010623,0.0108
b22_C,_10740_,OAI21,1,16,3,2,31,10,48,0.00017766182298539768,1.862,0.7980000000006839,0.0108
b22_C,_10741_,NOR2,0,0,2,1,30,10,39,-2.8797886395537375e-06,1.33,0.5320000000010623,0.0108
b22_C,_10742_,OAI21,1,13,3,2,32,9,38,-8.719947159852026e-05,1.862,0.7980000000006839,0.0108
b22_C,_10743_,NOR2,0,0,2,1,31,9,31,-1.1519154557548816e-05,1.33,0.5320000000010623,0.0108
b22_C,_10744_,OAI21,1,10,3,2,33,8,30,9.582562747678658e-05,1.862,0.7980000000006839,0.0108
b22_C,_10745_,NOR2,0,0,2,1,32,8,23,-9.167767503370783e-06,1.33,0.5320000000010623,0.0108
b22_C,_10746_,OAI21,1,7,3,2,34,7,22,-5.9524438573488325e-05,1.862,0.7980000000006839,0.0108
b22_C,_10747_,OAI21,1,4,3,2,35,6,12,1.5138705416140041e-05,1.862,0.7980000000006839,0.0108
b22_C,_10748_,XOR2,1,3,2,3,36,5,6,-1.7873183619787625e-05,2.394,0.7980000000006839,0.0108
b22_C,_10749_,CLKBUF,0,0,1,10,19,2,10,-1.3210039662148176e-07,1.064,0.26599999999962165,0.0108
b22_C,_10750_,AOI22,0,0,4,2,12,8,127,0.0,2.394,1.0640000000003056,0.0108
b22_C,_10751_,BUF,0,0,1,10,13,7,118,2.1136063388382809e-07,1.064,0.26599999999962165,0.0108
b22_C,_10752_,NOR2,1,3,2,1,37,4,5,-2.9194187582737285e-05,1.33,0.5320000000010623,0.0108
b22_C,_10753_,NOR2,0,0,2,3,7,8,199,0.0,1.33,0.5320000000010623,0.0108
b22_C,_10754_,NOR2,0,0,2,8,8,7,111,3.389696169064926e-05,1.33,0.5320000000010623,0.0108
b22_C,_10755_,NAND2,0,0,2,1,32,7,8,-5.733157199649952e-06,1.33,0.5320000000010623,0.0108
b22_C,_10756_,NOR2,0,0,2,1,32,7,8,-6.089828269439934e-06,1.33,0.5320000000010623,0.0108
b22_C,_10757_,NAND2,0,0,2,1,31,8,16,-1.0145310435971666e-05,1.33,0.5320000000010623,0.0108
b22_C,_10758_,NOR2,0,0,2,1,30,9,23,-1.1519154557548816e-05,1.33,0.5320000000010623,0.0108
b22_C,_10759_,NAND2,0,0,2,1,30,10,31,0.0,1.33,0.5320000000010623,0.0108
b22_C,_10760_,NAND2,0,0,2,2,29,11,41,-9.365918097747894e-06,1.33,0.5320000000010623,0.0108
b22_C,_10761_,NAND2,0,0,2,2,28,12,50,-1.63804491415398e-06,1.33,0.5320000000010623,0.0108
b22_C,_10762_,OR2,0,0,2,2,26,13,77,-1.2774108322455291e-05,1.33,0.26599999999962165,0.0108
b22_C,_10763_,NAND2,0,0,2,2,26,14,78,-3.0290620872008844e-05,1.33,0.5320000000010623,0.0108
b22_C,_10764_,NAND3,0,0,3,3,25,14,92,-9.165125495380622e-05,1.862,0.7980000000006839,0.0108
b22_C,_10765_,NAND2,0,0,2,1,24,15,78,-1.4266842802701518e-06,1.33,0.5320000000010623,0.0108
b22_C,_10766_,NOR2,0,0,2,1,14,16,86,-9.434610303848956e-05,1.33,0.5320000000010623,0.0108
b22_C,_10767_,NOR2,0,0,2,1,23,16,86,-1.1241743725243225e-05,1.33,0.5320000000010623,0.0108
b22_C,_10768_,NOR2,0,0,2,1,24,16,86,-9.564068692125005e-06,1.33,0.5320000000010623,0.0108
b22_C,_10769_,AND2,0,0,2,3,24,16,115,-3.513870541649311e-06,1.33,0.26599999999962165,0.0108
b22_C,_10770_,NOR2,0,0,2,2,24,17,116,-7.516512549710086e-06,1.33,0.5320000000010623,0.0108
b22_C,_10771_,NOR2,0,0,2,2,22,17,104,0.0,1.33,0.5320000000010623,0.0108
b22_C,_10772_,NOR2,0,0,2,1,21,18,112,-6.605019819971858e-08,1.33,0.5320000000010623,0.0108
b22_C,_10773_,AND2,0,0,2,4,21,19,147,0.0,1.33,0.26599999999962165,0.0108
b22_C,_10774_,NOR2,0,0,2,2,20,20,148,0.0,1.33,0.5320000000010623,0.0108
b22_C,_10775_,NOR2,0,0,2,3,19,20,155,0.0,1.33,0.5320000000010623,0.0108
b22_C,_10776_,NOR2,0,0,2,2,19,21,156,-4.702774108356067e-06,1.33,0.5320000000010623,0.0108
b22_C,_10777_,AND2,0,0,2,3,18,21,165,0.0,1.33,0.26599999999962165,0.0108
b22_C,_10778_,NOR2,0,0,2,2,18,22,166,0.0,1.33,0.5320000000010623,0.0108
b22_C,_10779_,NOR2,0,0,2,1,17,22,144,-1.3210039728761558e-08,1.33,0.5320000000010623,0.0108
b22_C,_10780_,NOR2,0,0,2,1,17,23,162,-3.7529722589191294e-05,1.33,0.5320000000010623,0.0108
b22_C,_10781_,OR2,0,0,2,2,16,24,197,-2.4438573316132306e-06,1.33,0.26599999999962165,0.0108
b22_C,_10782_,INV,0,0,1,2,17,23,171,0.0,0.798,0.26599999999962165,0.0108
b22_C,_10783_,NAND2,0,0,2,2,16,24,197,-5.495376486086556e-06,1.33,0.5320000000010623,0.0108
b22_C,_10784_,NAND2,0,0,2,2,14,25,182,0.0,1.33,0.5320000000010623,0.0108
b22_C,_10785_,AND2,0,0,2,3,14,25,222,-2.258916776964881e-06,1.33,0.26599999999962165,0.0108
b22_C,_10786_,NOR2,0,0,2,2,14,26,223,-4.147952443966929e-06,1.33,0.5320000000010623,0.0108
b22_C,_10787_,NOR2,0,0,2,3,13,26,232,-4.980184940661658e-06,1.33,0.5320000000010623,0.0108
b22_C,_10788_,AND2,0,0,2,1,15,27,214,-1.571994716176306e-06,1.33,0.26599999999962165,0.0108
b22_C,_10789_,AND2,0,0,2,3,13,27,246,-3.368560105743157e-06,1.33,0.26599999999962165,0.0108
b22_C,_10790_,NOR2,0,0,2,2,13,28,247,-6.089828269661979e-06,1.33,0.5320000000010623,0.0108
b22_C,_10791_,NOR2,0,0,2,2,13,28,231,-5.2179656540030095e-06,1.33,0.5320000000010623,0.0108
b22_C,_10792_,NOR2,0,0,2,2,12,29,248,-1.7833553502821786e-06,1.33,0.5320000000010623,0.0108
b22_C,_10793_,AND2,0,0,2,1,10,31,292,-4.612945838844418e-05,1.33,0.26599999999962165,0.0108
b22_C,_10794_,AOI21,0,0,3,5,11,30,291,-1.0766182298560523e-05,1.862,0.7980000000006839,0.0108
b22_C,_10795_,AOI211,0,0,4,2,12,29,248,-2.957727873198479e-05,2.394,1.0640000000003056,0.0108
b22_C,_10796_,NOR2,0,12,2,1,11,29,240,-0.0017223117569353796,1.33,0.5320000000010623,0.0108
b22_C,_10798_,NAND2,0,0,2,2,13,28,231,-5.68031704095695e-06,1.33,0.5320000000010623,0.0108
b22_C,_10799_,AOI211,0,9,4,2,14,27,223,-0.00010669749009251106,2.394,1.0640000000003056,0.0108
b22_C,_10801_,NAND2,0,0,2,2,13,26,206,-5.416116248380121e-06,1.33,0.5320000000010623,0.0108
b22_C,_10802_,AOI211,0,3,4,2,17,25,196,-0.00011471598414813933,2.394,1.0640000000003056,0.0108
b22_C,_10803_,OAI221,0,3,5,2,18,24,180,-5.402906208873404e-06,2.926,1.3300000000017462,0.0108
b22_C,_10804_,NOR2,0,0,2,1,14,25,181,0.0,1.33,0.5320000000010623,0.0108
b22_C,_10805_,NOR2,0,0,2,3,13,25,213,0.0,1.33,0.5320000000010623,0.0108
b22_C,_10806_,AOI21,0,0,3,2,15,24,180,0.0,1.862,0.7980000000006839,0.0108
b22_C,_10807_,AND3,0,3,3,2,19,23,171,9.907529722630315e-06,1.596,0.26599999999962165,0.0108
b22_C,_10809_,NAND2,0,0,2,3,17,22,176,-1.3210039728761558e-08,1.33,0.5320000000010623,0.0108
b22_C,_10810_,AOI211,0,0,4,2,21,21,143,-5.2840158693001626e-08,2.394,1.0640000000003056,0.0108
b22_C,_10811_,NOR3,0,0,3,2,22,20,134,0.0,1.862,0.7980000000006839,0.0108
b22_C,_10812_,NOR3,0,0,3,3,23,19,123,0.0,1.862,0.7980000000006839,0.0108
b22_C,_10813_,AOI211,0,0,4,1,24,18,112,-6.605019819971858e-08,2.394,1.0640000000003056,0.0108
b22_C,_10814_,OR2,0,0,2,3,25,17,111,0.0,1.33,0.26599999999962165,0.0108
b22_C,_10815_,NAND2,0,0,2,2,22,17,104,0.0,1.33,0.5320000000010623,0.0108
b22_C,_10816_,AOI211,0,0,4,2,26,16,94,0.0,2.394,1.0640000000003056,0.0108
b22_C,_10818_,NOR2,0,0,2,1,24,15,78,-1.3474240423416717e-06,1.33,0.5320000000010623,0.0108
b22_C,_10819_,OAI21,0,0,3,3,28,14,77,0.0,1.862,0.7980000000006839,0.0108
b22_C,_10820_,AOI21,0,0,3,2,25,14,68,-0.00011656538969617714,1.862,0.7980000000006839,0.0108
b22_C,_10821_,OAI211,0,0,4,1,29,13,59,0.0,2.394,1.0640000000003056,0.0108
b22_C,_10822_,AND2,0,0,2,3,30,12,58,0.0,1.33,0.26599999999962165,0.0108
b22_C,_10823_,NOR2,0,0,2,2,28,12,50,-1.5984147954117844e-06,1.33,0.5320000000010623,0.0108
b22_C,_10824_,OAI221,0,0,5,2,31,11,41,-1.1136063408301311e-05,2.926,1.3300000000017462,0.0108
b22_C,_10825_,OAI211,0,0,4,1,32,10,31,0.0,2.394,1.0640000000003056,0.0108
b22_C,_10826_,AND2,0,0,2,2,33,9,30,0.0,1.33,0.26599999999962165,0.0108
b22_C,_10827_,NAND2,0,0,2,1,30,9,23,-5.1651254955320525e-06,1.33,0.5320000000010623,0.0108
b22_C,_10828_,AOI21,0,0,3,2,34,8,22,0.0,1.862,0.7980000000006839,0.0108
b22_C,_10829_,NOR2,0,0,2,1,31,8,16,-9.29986789977022e-06,1.33,0.5320000000010623,0.0108
b22_C,_10830_,OAI21,0,0,3,2,35,7,15,0.0,1.862,0.7980000000006839,0.0108
b22_C,_10831_,OAI21,0,0,3,1,36,6,7,0.0,1.862,0.7980000000006839,0.0108
b22_C,_10832_,XNOR2,0,0,2,1,37,5,6,0.0,2.66,1.0640000000003056,0.0108
b22_C,_10833_,NAND2,0,0,2,8,13,6,52,-2.2721268166936426e-06,1.33,0.5320000000010623,0.0108
b22_C,_10834_,OAI22,0,0,4,1,38,4,5,-1.535006605046796e-05,2.394,1.0640000000003056,0.0108
b22_C,_10835_,AOI222,0,1,6,1,13,10,29,-2.5891677675193847e-05,3.724,1.5960000000013679,0.0108
b22_C,_10836_,AND2,0,1,2,6,18,9,28,1.1109643328843788e-05,1.33,0.26599999999962165,0.0108
b22_C,_10837_,INV,0,0,1,4,19,8,19,-5.508586526037362e-06,0.798,0.26599999999962165,0.0108
b22_C,_10838_,AOI211,1,3,4,2,39,3,4,4.372523117557314e-05,2.394,1.0640000000003056,0.0108
b22_C,_10839_,OAI221,0,1,5,0,40,1,0,-9.338177014539539e-05,2.926,1.3300000000017462,0.0108
b22_C,_10840_,BUF,0,0,1,10,17,4,36,-3.342140026729723e-06,1.064,0.26599999999962165,0.0108
b22_C,_10841_,NOR3,0,0,3,1,19,3,2,-7.0013210040631435e-06,1.862,0.7980000000006839,0.0108
b22_C,_10842_,CLKBUF,0,0,1,10,13,5,24,0.0,1.064,0.26599999999962165,0.0108
b22_C,_10843_,AOI22,0,0,4,1,18,4,3,0.0,2.394,1.0640000000003056,0.0108
b22_C,_10844_,OAI21,0,0,3,1,32,3,2,-8.190224571880123e-07,1.862,0.7980000000006839,0.0108
b22_C,_10845_,NOR2,0,0,2,1,33,2,1,0.0,1.33,0.5320000000010623,0.0108
b22_C,_10846_,XOR2,0,3,2,3,35,5,8,-1.6988110964399894e-05,2.394,0.7980000000006839,0.0108
b22_C,_10847_,CLKBUF,0,0,1,10,9,6,61,1.62351387054116e-05,1.064,0.26599999999962165,0.0108
b22_C,_10848_,XNOR2,0,0,2,1,36,5,6,-1.1889035669288006e-06,2.66,1.0640000000003056,0.0108
b22_C,_10849_,BUF,0,0,1,10,14,6,61,8.097754293112658e-06,1.064,0.26599999999962165,0.0108
b22_C,_10850_,OAI22,0,3,4,1,37,4,5,-2.9418758256349875e-05,2.394,1.0640000000003056,0.0108
b22_C,_10851_,NOR2,0,0,2,3,16,6,129,-2.5059445178499118e-05,1.33,0.5320000000010623,0.0108
b22_C,_10852_,CLKBUF,0,0,1,10,17,5,57,4.174372522980363e-06,1.064,0.26599999999962165,0.0108
b22_C,_10853_,AOI21,0,3,3,2,38,3,4,-3.2232496698370028e-06,1.862,0.7980000000006839,0.0108
b22_C,_10854_,OAI221,0,1,5,0,39,1,0,-7.74372523117961e-05,2.926,1.3300000000017462,0.0108
b22_C,_10855_,AOI21,0,0,3,1,18,3,2,0.0,1.862,0.7980000000006839,0.0108
b22_C,_10856_,AOI221,0,0,5,1,31,2,1,-6.605019819971858e-08,2.926,1.3300000000017462,0.0108
b22_C,_10857_,XNOR2,0,0,2,3,31,8,15,1.18890356448631e-07,2.66,1.0640000000003056,0.0108
b22_C,_10858_,XNOR2,0,3,2,3,34,5,6,-0.00010989431968289054,2.66,1.0640000000003056,0.0108
b22_C,_10859_,OAI222,0,3,6,1,35,4,5,-3.253632760902292e-05,3.724,1.5960000000013679,0.0108
b22_C,_10860_,XNOR2,0,0,2,1,35,4,5,-1.188903568927202e-07,2.66,1.0640000000003056,0.0108
b22_C,_10861_,OR2,0,0,2,4,8,6,84,0.0,1.33,0.26599999999962165,0.0108
b22_C,_10862_,BUF,0,0,1,10,9,5,61,6.869220605665305e-07,1.064,0.26599999999962165,0.0108
b22_C,_10863_,AOI21,0,3,3,2,36,3,4,2.0581241743533596e-05,1.862,0.7980000000006839,0.0108
b22_C,_10864_,OAI221,0,1,5,0,37,1,0,-6.889035667123622e-05,2.926,1.3300000000017462,0.0108
b22_C,_10866_,AOI221,0,0,5,1,31,2,1,0.0,2.926,1.3300000000017462,0.0108
b22_C,_10867_,XNOR2,0,0,2,3,30,9,16,-1.2681638045020094e-05,2.66,1.0640000000003056,0.0108
b22_C,_10868_,XNOR2,0,3,2,3,33,5,6,-3.084544253639798e-05,2.66,1.0640000000003056,0.0108
b22_C,_10869_,XOR2,0,0,2,1,34,5,6,-9.247027743519709e-08,2.394,0.7980000000006839,0.0108
b22_C,_10870_,OAI22,0,3,4,1,35,4,5,-3.4636723910352885e-05,2.394,1.0640000000003056,0.0108
b22_C,_10871_,AOI21,0,3,3,2,36,3,4,1.4227212681516832e-05,1.862,0.7980000000006839,0.0108
b22_C,_10872_,OAI221,0,1,5,0,37,1,0,-8.550858652589532e-05,2.926,1.3300000000017462,0.0108
b22_C,_10873_,NOR2,0,0,2,1,16,5,4,0.0,1.33,0.5320000000010623,0.0108
b22_C,_10874_,AOI21,0,0,3,1,18,4,3,-3.01188903573113e-06,1.862,0.7980000000006839,0.0108
b22_C,_10875_,OAI21,0,0,3,1,30,3,2,0.0,1.862,0.7980000000006839,0.0108
b22_C,_10876_,XNOR2,0,0,2,3,30,9,18,4.636723909934304e-06,2.66,1.0640000000003056,0.0108
b22_C,_10877_,XNOR2,0,3,2,3,32,5,8,-0.00021817701453108462,2.66,1.0640000000003056,0.0108
b22_C,_10878_,NOR2,0,0,2,2,17,4,23,-3.817701453412425e-06,1.33,0.5320000000010623,0.0108
b22_C,_10879_,CLKBUF,0,0,1,10,18,3,20,0.0,1.064,0.26599999999962165,0.0108
b22_C,_10880_,CLKBUF,0,0,1,10,17,5,64,1.8097754292956125e-06,1.064,0.26599999999962165,0.0108
b22_C,_10881_,NAND2,0,0,2,1,32,6,8,0.0,1.33,0.5320000000010623,0.0108
b22_C,_10882_,XNOR2,0,0,2,1,33,5,7,-3.1704095113660458e-06,2.66,1.0640000000003056,0.0108
b22_C,_10883_,NAND2,0,0,2,1,8,6,68,0.0,1.33,0.5320000000010623,0.0108
b22_C,_10884_,NAND2,0,0,2,1,12,6,68,0.0,1.33,0.5320000000010623,0.0108
b22_C,_10885_,NAND2,0,0,2,10,13,5,67,6.340819020955735e-07,1.33,0.5320000000010623,0.0108
b22_C,_10886_,AOI222,0,3,6,2,34,4,6,2.3645970937735683e-05,3.724,1.5960000000013679,0.0108
b22_C,_10887_,BUF,0,1,1,10,17,5,40,2.804491413455068e-05,1.064,0.26599999999962165,0.0108
b22_C,_10888_,OAI21,0,1,3,1,35,3,2,-6.000000000017103e-05,1.862,0.7980000000006839,0.0108
b22_C,_10889_,AOI221,0,1,5,1,36,2,1,-1.8058124174435974e-05,2.926,1.3300000000017462,0.0108
b22_C,_10890_,INV,0,1,1,0,37,1,0,-1.2787318361962008e-05,0.798,0.26599999999962165,0.0108
b22_C,_10891_,NOR2,0,0,2,9,13,6,113,-4.808454425520026e-06,1.33,0.5320000000010623,0.0108
b22_C,_10892_,BUF,0,0,1,10,14,5,37,-3.963011896424007e-08,1.064,0.26599999999962165,0.0108
b22_C,_10893_,NAND3,0,0,3,1,18,4,3,-3.0779392339308487e-06,1.862,0.7980000000006839,0.0108
b22_C,_10894_,AOI22,0,0,4,1,18,4,3,0.0,2.394,1.0640000000003056,0.0108
b22_C,_10895_,NAND2,0,0,2,1,19,3,2,0.0,1.33,0.5320000000010623,0.0108
b22_C,_10896_,NOR2,0,0,2,7,16,3,14,-4.174372523424452e-06,1.33,0.5320000000010623,0.0108
b22_C,_10897_,AOI21,0,0,3,1,29,2,1,0.0,1.862,0.7980000000006839,0.0108
b22_C,_10898_,XNOR2,0,0,2,3,28,9,16,-1.3210039662148176e-07,2.66,1.0640000000003056,0.0108
b22_C,_10899_,XNOR2,0,3,2,3,31,5,6,-5.882430647297099e-05,2.66,1.0640000000003056,0.0108
b22_C,_10900_,BUF,0,0,1,10,19,2,10,-1.571994716176306e-06,1.064,0.26599999999962165,0.0108
b22_C,_10901_,OAI21,0,0,3,1,31,6,7,0.0,1.862,0.7980000000006839,0.0108
b22_C,_10902_,XNOR2,0,0,2,1,32,5,6,-7.926023792848014e-08,2.66,1.0640000000003056,0.0108
b22_C,_10903_,OAI22,0,3,4,1,33,4,5,-3.4821664465001234e-05,2.394,1.0640000000003056,0.0108
b22_C,_10904_,AOI21,0,3,3,2,34,3,4,1.4134742404081635e-05,1.862,0.7980000000006839,0.0108
b22_C,_10905_,OAI221,0,1,5,0,35,1,0,-8.573315719950791e-05,2.926,1.3300000000017462,0.0108
b22_C,_10906_,NOR2,0,0,2,1,15,5,4,0.0,1.33,0.5320000000010623,0.0108
b22_C,_10907_,AOI21,0,0,3,1,18,4,3,-3.01188903573113e-06,1.862,0.7980000000006839,0.0108
b22_C,_10908_,OAI21,0,0,3,1,28,3,2,-1.6908850728469815e-06,1.862,0.7980000000006839,0.0108
b22_C,_10909_,XNOR2,0,0,2,3,28,9,18,2.5627476880618616e-06,2.66,1.0640000000003056,0.0108
b22_C,_10910_,XNOR2,0,3,2,3,30,5,8,-0.00013805812417455599,2.66,1.0640000000003056,0.0108
b22_C,_10911_,XNOR2,0,0,2,1,31,5,7,-3.1968295906015243e-06,2.66,1.0640000000003056,0.0108
b22_C,_10912_,AOI222,0,3,6,2,32,4,6,3.62087186260851e-05,3.724,1.5960000000013679,0.0108
b22_C,_10913_,OAI21,0,1,3,1,33,3,2,-5.660501981519239e-05,1.862,0.7980000000006839,0.0108
b22_C,_10914_,AOI221,0,1,5,1,34,2,1,-1.5680317041022462e-05,2.926,1.3300000000017462,0.0108
b22_C,_10915_,INV,0,1,1,0,35,1,0,-1.280052840169077e-05,0.798,0.26599999999962165,0.0108
b22_C,_10917_,AOI221,0,0,5,1,26,2,1,-2.557463672414606e-05,2.926,1.3300000000017462,0.0108
b22_C,_10918_,NAND2,0,3,2,1,28,7,8,-0.00037398943196831347,1.33,0.5320000000010623,0.0108
b22_C,_10919_,OAI21,0,3,3,1,29,6,7,-1.1030383091359397e-05,1.862,0.7980000000006839,0.0108
b22_C,_10920_,NAND2,0,0,2,3,27,10,17,0.0,1.33,0.5320000000010623,0.0108
b22_C,_10921_,XOR2,0,3,2,3,30,5,6,2.8216644649914358e-05,2.394,0.7980000000006839,0.0108
b22_C,_10922_,OAI21,0,0,3,1,29,6,7,0.0,1.862,0.7980000000006839,0.0108
b22_C,_10923_,XOR2,0,0,2,1,30,5,6,0.0,2.394,0.7980000000006839,0.0108
b22_C,_10924_,OAI22,0,3,4,1,31,4,5,-3.5389696169119134e-05,2.394,1.0640000000003056,0.0108
b22_C,_10925_,AOI21,0,3,3,2,32,3,4,1.8996036987850573e-05,1.862,0.7980000000006839,0.0108
b22_C,_10926_,OAI221,0,1,5,0,33,1,0,-8.389696169097682e-05,2.926,1.3300000000017462,0.0108
b22_C,_10927_,BUF,0,0,1,10,17,4,15,2.642007923547851e-07,1.064,0.26599999999962165,0.0108
b22_C,_10928_,NAND2,0,0,2,1,26,11,24,-1.136063408235799e-06,1.33,0.5320000000010623,0.0108
b22_C,_10929_,NAND2,0,0,2,3,27,10,23,0.0,1.33,0.5320000000010623,0.0108
b22_C,_10930_,XNOR2,0,0,2,1,29,6,8,0.0,2.66,1.0640000000003056,0.0108
b22_C,_10931_,XOR2,0,3,2,3,28,6,12,-0.00039682959048881195,2.394,0.7980000000006839,0.0108
b22_C,_10932_,OAI22,0,3,4,1,30,5,7,-3.3830911492893634e-05,2.394,1.0640000000003056,0.0108
b22_C,_10933_,AOI21,0,3,3,2,31,4,6,1.0369881109584256e-05,1.862,0.7980000000006839,0.0108
b22_C,_10934_,OAI211,0,1,4,1,32,3,2,-4.1188903566968804e-05,2.394,1.0640000000003056,0.0108
b22_C,_10935_,OAI21,0,1,3,1,33,2,1,-3.7780713342261407e-06,1.862,0.7980000000006839,0.0108
b22_C,_10936_,NOR2,0,0,2,1,29,3,2,-3.874504623513353e-05,1.33,0.5320000000010623,0.0108
b22_C,_10937_,AOI21,0,0,3,1,30,2,1,0.0,1.862,0.7980000000006839,0.0108
b22_C,_10938_,OAI211,0,1,4,0,34,1,0,-7.1070013210050575e-06,2.394,1.0640000000003056,0.0108
b22_C,_10939_,NOR3,0,0,3,1,18,5,4,-1.1268163804700748e-05,1.862,0.7980000000006839,0.0108
b22_C,_10940_,AOI21,0,0,3,1,19,4,3,0.0,1.862,0.7980000000006839,0.0108
b22_C,_10941_,OAI21,0,0,3,1,24,3,2,-1.4002642008126287e-06,1.862,0.7980000000006839,0.0108
b22_C,_10942_,AOI21,0,0,3,1,25,2,1,-3.302509907765483e-07,1.862,0.7980000000006839,0.0108
b22_C,_10943_,NAND2,0,0,2,2,24,12,31,0.0,1.33,0.5320000000010623,0.0108
b22_C,_10944_,NAND2,0,3,2,1,26,7,10,-0.000636314398943183,1.33,0.5320000000010623,0.0108
b22_C,_10945_,NAND2,0,3,2,1,27,6,9,-2.0330250990907572e-05,1.33,0.5320000000010623,0.0108
b22_C,_10946_,NOR2,0,0,2,3,25,10,19,0.0,1.33,0.5320000000010623,0.0108
b22_C,_10947_,XOR2,0,3,2,3,28,5,8,2.86789960368683e-05,2.394,0.7980000000006839,0.0108
b22_C,_10948_,XOR2,0,0,2,1,28,5,6,0.0,2.394,0.7980000000006839,0.0108
b22_C,_10949_,OAI22,0,3,4,1,29,4,5,-3.322324967003354e-05,2.394,1.0640000000003056,0.0108
b22_C,_10950_,AOI21,0,3,3,2,30,3,4,1.05944517829748e-05,1.862,0.7980000000006839,0.0108
b22_C,_10951_,OAI221,0,1,5,0,31,1,0,-8.011889035675068e-05,2.926,1.3300000000017462,0.0108
b22_C,_10952_,OR2,0,0,2,1,27,5,7,0.0,1.33,0.26599999999962165,0.0108
b22_C,_10953_,NAND2,0,0,2,3,25,11,20,0.0,1.33,0.5320000000010623,0.0108
b22_C,_10954_,XOR2,0,0,2,1,28,4,6,0.0,2.394,0.7980000000006839,0.0108
b22_C,_10955_,XNOR2,0,3,2,3,26,4,8,-0.0006066314398944783,2.66,1.0640000000003056,0.0108
b22_C,_10956_,OAI222,0,3,6,2,29,3,5,-1.9709379128318716e-05,3.724,1.5960000000013679,0.0108
b22_C,_10957_,OAI21,0,0,3,1,27,3,2,-2.4042272126933995e-05,1.862,0.7980000000006839,0.0108
b22_C,_10958_,OAI22,0,1,4,1,30,2,1,-1.5297225891774957e-05,2.394,1.0640000000003056,0.0108
b22_C,_10959_,NOR3,0,0,3,1,18,3,2,-6.67107001350864e-06,1.862,0.7980000000006839,0.0108
b22_C,_10960_,AOI221,0,0,5,1,24,2,1,0.0,2.926,1.3300000000017462,0.0108
b22_C,_10961_,NAND2,0,1,2,0,31,1,0,-7.780713342286916e-06,1.33,0.5320000000010623,0.0108
b22_C,_10962_,NAND2,0,0,2,1,13,4,3,0.0,1.33,0.5320000000010623,0.0108
b22_C,_10963_,BUF,0,0,1,10,14,5,42,-3.963011896424007e-08,1.064,0.26599999999962165,0.0108
b22_C,_10964_,NAND2,0,0,2,2,15,4,7,-1.0396301189041779e-05,1.33,0.5320000000010623,0.0108
b22_C,_10965_,OAI221,0,0,5,1,24,3,2,-3.1704095113660458e-06,2.926,1.3300000000017462,0.0108
b22_C,_10966_,AOI21,0,0,3,1,25,2,1,-3.302509907765483e-07,1.862,0.7980000000006839,0.0108
b22_C,_10967_,NOR2,0,3,2,1,25,7,9,-0.00035556142668435875,1.33,0.5320000000010623,0.0108
b22_C,_10968_,NOR2,0,0,2,3,25,11,20,0.0,1.33,0.5320000000010623,0.0108
b22_C,_10969_,XNOR2,0,3,2,3,26,6,8,-5.231175693731771e-06,2.66,1.0640000000003056,0.0108
b22_C,_10970_,AOI21,0,0,3,1,26,7,8,0.0,1.862,0.7980000000006839,0.0108
b22_C,_10971_,XOR2,0,0,2,1,27,6,7,0.0,2.394,0.7980000000006839,0.0108
b22_C,_10972_,OAI22,0,3,4,1,28,5,6,-1.8282694848048564e-05,2.394,1.0640000000003056,0.0108
b22_C,_10973_,AOI21,0,3,3,2,29,4,5,1.0409511228548496e-05,1.862,0.7980000000006839,0.0108
b22_C,_10974_,OAI221,0,1,5,0,30,1,0,-6.171730515203144e-05,2.926,1.3300000000017462,0.0108
b22_C,_10975_,NOR3,0,0,3,1,18,5,4,-1.8877146631623987e-05,1.862,0.7980000000006839,0.0108
b22_C,_10976_,AOI21,0,0,3,1,19,4,3,0.0,1.862,0.7980000000006839,0.0108
b22_C,_10977_,OAI21,0,0,3,1,20,3,2,0.0,1.862,0.7980000000006839,0.0108
b22_C,_10978_,AOI21,0,0,3,1,22,2,1,0.0,1.862,0.7980000000006839,0.0108
b22_C,_10979_,AOI21,0,3,3,1,24,6,8,-0.0006735270805813265,1.862,0.7980000000006839,0.0108
b22_C,_10980_,OR2,0,0,2,3,23,11,19,0.0,1.33,0.26599999999962165,0.0108
b22_C,_10981_,XOR2,0,3,2,3,25,5,7,-3.1175693527396575e-05,2.394,0.7980000000006839,0.0108
b22_C,_10982_,XNOR2,0,0,2,1,26,5,6,0.0,2.66,1.0640000000003056,0.0108
b22_C,_10983_,OAI22,0,3,4,1,27,4,5,-2.344782034380266e-05,2.394,1.0640000000003056,0.0108
b22_C,_10984_,AOI21,0,3,3,2,28,3,4,-2.280052840175628e-05,1.862,0.7980000000006839,0.0108
b22_C,_10985_,OAI221,0,1,5,0,29,1,0,-7.43593130780873e-05,2.926,1.3300000000017462,0.0108
b22_C,_10986_,XNOR2,0,0,2,4,21,12,24,-3.6591809777775097e-06,2.66,1.0640000000003056,0.0108
b22_C,_10987_,XNOR2,0,3,2,3,24,4,8,-0.000799022457067533,2.66,1.0640000000003056,0.0108
b22_C,_10988_,OR2,0,0,2,1,25,2,1,-1.0237780713406863e-05,1.33,0.26599999999962165,0.0108
b22_C,_10989_,AOI222,0,0,6,1,21,2,1,-3.077939233708804e-06,3.724,1.5960000000013679,0.0108
b22_C,_10990_,OAI21,0,0,3,1,24,6,8,-7.926023792848014e-08,1.862,0.7980000000006839,0.0108
b22_C,_10991_,OR3,0,0,3,1,24,6,8,-3.963011896424007e-08,1.596,0.26599999999962165,0.0108
b22_C,_10992_,NAND2,0,0,2,1,25,5,7,0.0,1.33,0.5320000000010623,0.0108
b22_C,_10993_,AOI22,0,0,4,1,26,4,6,-5.191545574767531e-06,2.394,1.0640000000003056,0.0108
b22_C,_10994_,OAI21,0,3,3,2,27,3,5,-2.1928665787651624e-06,1.862,0.7980000000006839,0.0108
b22_C,_10995_,AOI21,0,1,3,1,28,2,1,-2.1836195508662115e-05,1.862,0.7980000000006839,0.0108
b22_C,_10996_,OAI211,0,1,4,0,29,1,0,-1.1492734478313338e-05,2.394,1.0640000000003056,0.0108
b22_C,_10997_,NOR2,0,0,2,1,23,7,9,0.0,1.33,0.5320000000010623,0.0108
b22_C,_10998_,NOR2,0,0,2,3,22,12,23,0.0,1.33,0.5320000000010623,0.0108
b22_C,_10999_,XOR2,0,0,2,1,24,6,8,0.0,2.394,0.7980000000006839,0.0108
b22_C,_11000_,NOR2,0,3,2,1,23,7,11,-0.00036915455746400205,1.33,0.5320000000010623,0.0108
b22_C,_11001_,XNOR2,0,3,2,3,24,6,10,-6.697490092744118e-06,2.66,1.0640000000003056,0.0108
b22_C,_11002_,OAI222,0,3,6,2,25,5,7,-1.8929986790094944e-05,3.724,1.5960000000013679,0.0108
b22_C,_11003_,AOI211,0,1,4,1,26,4,3,-2.3328929987131986e-05,2.394,1.0640000000003056,0.0108
b22_C,_11004_,AOI21,0,1,3,1,27,3,2,-1.478203434635006e-05,1.862,0.7980000000006839,0.0108
b22_C,_11005_,OAI22,0,0,4,1,25,3,2,-2.306472919433311e-05,2.394,1.0640000000003056,0.0108
b22_C,_11006_,AOI211,0,1,4,1,28,2,1,3.6988110962976606e-06,2.394,1.0640000000003056,0.0108
b22_C,_11007_,INV,0,1,1,0,29,1,0,-1.326287978864471e-05,0.798,0.26599999999962165,0.0108
b22_C,_11008_,NOR2,0,0,2,1,18,3,2,-5.41611624882421e-07,1.33,0.5320000000010623,0.0108
b22_C,_11009_,NAND2,0,0,2,1,18,4,6,-1.0105680317007426e-05,1.33,0.5320000000010623,0.0108
b22_C,_11010_,AOI21,0,3,3,1,22,5,8,-0.0008922853368562578,1.862,0.7980000000006839,0.0108
b22_C,_11011_,NOR2,0,0,2,3,20,12,20,0.0,1.33,0.5320000000010623,0.0108
b22_C,_11012_,XOR2,0,3,2,3,23,4,7,-2.5363276090484277e-06,2.394,0.7980000000006839,0.0108
b22_C,_11013_,NOR2,0,0,2,1,22,5,7,0.0,1.33,0.5320000000010623,0.0108
b22_C,_11014_,XNOR2,0,0,2,1,23,4,6,-6.472919420463796e-07,2.66,1.0640000000003056,0.0108
b22_C,_11015_,OAI221,0,3,5,2,24,3,5,-1.4398943197102554e-05,2.926,1.3300000000017462,0.0108
b22_C,_11016_,OAI21,0,1,3,1,25,2,1,-2.767503302525398e-05,1.862,0.7980000000006839,0.0108
b22_C,_11017_,AND2,0,0,2,1,13,3,2,0.0,1.33,0.26599999999962165,0.0108
b22_C,_11018_,AOI221,0,0,5,1,19,2,1,-3.2232496700590474e-06,2.926,1.3300000000017462,0.0108
b22_C,_11019_,OAI211,0,1,4,0,26,1,0,-3.7542932628920056e-05,2.394,1.0640000000003056,0.0108
b22_C,_11020_,NAND3,0,0,3,1,17,4,3,-5.389696169366687e-06,1.862,0.7980000000006839,0.0108
b22_C,_11021_,AOI22,0,0,4,1,18,4,3,-3.2364597095657643e-06,2.394,1.0640000000003056,0.0108
b22_C,_11022_,OAI211,0,0,4,1,19,3,2,0.0,2.394,1.0640000000003056,0.0108
b22_C,_11023_,OR2,0,0,2,3,19,13,21,0.0,1.33,0.26599999999962165,0.0108
b22_C,_11024_,XNOR2,0,3,2,3,22,5,7,-0.001051294583883866,2.66,1.0640000000003056,0.0108
b22_C,_11025_,AOI22,0,3,4,1,23,4,6,-1.2060766182431237e-05,2.394,1.0640000000003056,0.0108
b22_C,_11026_,NAND2,0,0,2,2,18,14,31,-3.1307793924018057e-06,1.33,0.5320000000010623,0.0108
b22_C,_11027_,NAND2,0,0,2,1,21,6,8,-7.926023792848014e-08,1.33,0.5320000000010623,0.0108
b22_C,_11028_,NAND2,0,0,2,1,22,5,7,0.0,1.33,0.5320000000010623,0.0108
b22_C,_11029_,XOR2,0,0,2,1,23,4,6,0.0,2.394,0.7980000000006839,0.0108
b22_C,_11030_,OAI21,0,3,3,2,24,3,5,-2.5138705416205553e-05,1.862,0.7980000000006839,0.0108
b22_C,_11031_,AOI221,0,1,5,1,25,2,1,-3.875825627486229e-05,2.926,1.3300000000017462,0.0108
b22_C,_11032_,INV,0,1,1,0,26,1,0,-1.2760898282948574e-05,0.798,0.26599999999962165,0.0108
b22_C,_11033_,NOR2,0,3,2,1,21,6,9,-0.0003294319682960456,1.33,0.5320000000010623,0.0108
b22_C,_11034_,NAND2,0,0,2,3,19,13,22,8.586525759302077e-07,1.33,0.5320000000010623,0.0108
b22_C,_11035_,XNOR2,0,3,2,3,22,5,8,-1.8969616909059184e-05,2.66,1.0640000000003056,0.0108
b22_C,_11036_,NAND2,0,0,2,1,23,2,1,-1.8705416116482354e-05,1.33,0.5320000000010623,0.0108
b22_C,_11037_,NOR2,0,0,2,1,14,3,2,0.0,1.33,0.5320000000010623,0.0108
b22_C,_11038_,AOI221,0,0,5,1,19,2,1,0.0,2.926,1.3300000000017462,0.0108
b22_C,_11039_,XNOR2,0,0,2,1,21,5,7,-1.968295904930528e-06,2.66,1.0640000000003056,0.0108
b22_C,_11040_,AOI22,0,3,4,1,23,4,6,1.1096433287782759e-06,2.394,1.0640000000003056,0.0108
b22_C,_11041_,OAI21,0,3,3,2,24,3,5,-2.0171730515272657e-05,1.862,0.7980000000006839,0.0108
b22_C,_11042_,AOI21,0,1,3,1,25,2,1,-1.8956406869330422e-05,1.862,0.7980000000006839,0.0108
b22_C,_11043_,OAI211,0,1,4,0,26,1,0,-1.1492734478313338e-05,2.394,1.0640000000003056,0.0108
b22_C,_11044_,AOI21,0,0,3,1,20,5,10,-0.0007384280052842307,1.862,0.7980000000006839,0.0108
b22_C,_11045_,XNOR2,0,0,2,3,17,14,25,-4.9960369881141276e-05,2.66,1.0640000000003056,0.0108
b22_C,_11046_,XNOR2,0,0,2,3,21,4,9,-1.4266842802701518e-06,2.66,1.0640000000003056,0.0108
b22_C,_11047_,NOR2,0,0,2,1,22,3,2,-2.27212681638278e-05,1.33,0.5320000000010623,0.0108
b22_C,_11048_,AOI221,0,0,5,1,23,2,1,-3.2232496700590474e-06,2.926,1.3300000000017462,0.0108
b22_C,_11049_,OR2,0,3,2,1,20,6,8,5.178335534816725e-06,1.33,0.26599999999962165,0.0108
b22_C,_11050_,XOR2,0,3,2,1,21,5,7,-1.931307793934245e-05,2.394,0.7980000000006839,0.0108
b22_C,_11051_,AOI22,0,3,4,1,22,4,6,-1.5059445179765873e-06,2.394,1.0640000000003056,0.0108
b22_C,_11052_,OAI21,0,3,3,2,23,3,5,-2.0013210039859786e-05,1.862,0.7980000000006839,0.0108
b22_C,_11053_,AOI221,0,1,5,1,24,2,1,-5.142668428015362e-05,2.926,1.3300000000017462,0.0108
b22_C,_11054_,OAI21,0,1,3,0,25,1,0,-1.2073976221937954e-05,1.862,0.7980000000006839,0.0108
b22_C,_11055_,NOR2,0,0,2,1,14,3,2,0.0,1.33,0.5320000000010623,0.0108
b22_C,_11056_,AOI221,0,0,5,1,18,2,1,0.0,2.926,1.3300000000017462,0.0108
b22_C,_11057_,NAND2,0,0,2,3,17,16,24,0.0,1.33,0.5320000000010623,0.0108
b22_C,_11058_,XOR2,0,3,2,3,20,4,7,-0.0009968560105682034,2.394,0.7980000000006839,0.0108
b22_C,_11059_,NAND2,0,0,2,1,19,5,7,-3.6737120211460805e-05,1.33,0.5320000000010623,0.0108
b22_C,_11060_,XOR2,0,0,2,1,20,4,6,-2.6420079457523116e-08,2.394,0.7980000000006839,0.0108
b22_C,_11061_,OAI222,0,3,6,2,21,3,5,-2.9445178335585354e-05,3.724,1.5960000000013679,0.0108
b22_C,_11062_,AOI21,0,1,3,1,22,2,1,-1.5376486129703437e-05,1.862,0.7980000000006839,0.0108
b22_C,_11063_,OAI221,0,1,5,0,23,1,0,-5.470277410823954e-05,2.926,1.3300000000017462,0.0108
b22_C,_11064_,NOR2,0,0,2,3,15,16,25,0.0,1.33,0.5320000000010623,0.0108
b22_C,_11065_,XNOR2,0,3,2,3,19,5,8,-0.0005820211360636485,2.66,1.0640000000003056,0.0108
b22_C,_11066_,NOR2,0,1,2,1,20,3,2,-3.745046235148486e-05,1.33,0.5320000000010623,0.0108
b22_C,_11067_,NAND3,0,0,3,1,17,4,3,-2.9722589169889346e-06,1.862,0.7980000000006839,0.0108
b22_C,_11068_,OAI21,0,0,3,1,18,3,2,0.0,1.862,0.7980000000006839,0.0108
b22_C,_11069_,AOI211,0,1,4,1,21,2,1,5.112285336839051e-06,2.394,1.0640000000003056,0.0108
b22_C,_11070_,OAI22,0,2,4,1,20,4,5,-3.3527080581352564e-05,2.394,1.0640000000003056,0.0108
b22_C,_11071_,NOR2,0,0,2,2,14,16,33,-2.853368560318259e-06,1.33,0.5320000000010623,0.0108
b22_C,_11072_,NOR2,0,0,2,2,18,7,14,-3.215323645999746e-05,1.33,0.5320000000010623,0.0108
b22_C,_11073_,NOR2,0,0,2,1,19,6,7,0.0,1.33,0.5320000000010623,0.0108
b22_C,_11074_,NOR2,0,0,2,1,20,5,6,0.0,1.33,0.5320000000010623,0.0108
b22_C,_11075_,XOR2,0,0,2,1,21,4,5,0.0,2.394,0.7980000000006839,0.0108
b22_C,_11076_,AOI21,0,2,3,2,22,3,4,1.6446499339517473e-05,1.862,0.7980000000006839,0.0108
b22_C,_11077_,OAI221,0,1,5,0,23,1,0,-5.401585204767301e-05,2.926,1.3300000000017462,0.0108
b22_C,_11078_,AOI21,0,0,3,1,17,4,3,-4.319682959108562e-06,1.862,0.7980000000006839,0.0108
b22_C,_11079_,INV,0,0,1,1,1,4,3,0.0,0.798,0.26599999999962165,0.0108
b22_C,_11080_,AOI21,0,0,3,1,18,3,2,-3.01188903573113e-06,1.862,0.7980000000006839,0.0108
b22_C,_11081_,AOI221,0,0,5,1,19,2,1,0.0,2.926,1.3300000000017462,0.0108
b22_C,_11082_,NOR2,0,0,2,3,15,15,24,0.0,1.33,0.5320000000010623,0.0108
b22_C,_11083_,XNOR2,0,3,2,3,18,5,8,-0.0013436459709381676,2.66,1.0640000000003056,0.0108
b22_C,_11084_,NOR2,0,3,2,1,19,4,5,-1.0673712021125326e-05,1.33,0.5320000000010623,0.0108
b22_C,_11085_,XNOR2,0,0,2,1,19,4,5,0.0,2.66,1.0640000000003056,0.0108
b22_C,_11086_,AOI221,0,3,5,2,20,3,4,2.1756935270733635e-05,2.926,1.3300000000017462,0.0108
b22_C,_11087_,OAI221,0,1,5,0,21,1,0,-8.010568031724397e-05,2.926,1.3300000000017462,0.0108
b22_C,_11088_,AOI222,0,0,6,1,19,2,1,-3.077939233708804e-06,3.724,1.5960000000013679,0.0108
b22_C,_11089_,NOR2,0,0,2,1,17,5,9,-0.0003401981505946061,1.33,0.5320000000010623,0.0108
b22_C,_11090_,NOR2,0,0,2,4,15,15,25,5.2708058124739665e-06,1.33,0.5320000000010623,0.0108
b22_C,_11091_,XOR2,0,0,2,3,18,4,8,-2.5363276090484277e-06,2.394,0.7980000000006839,0.0108
b22_C,_11092_,NAND2,0,0,2,1,19,2,1,0.0,1.33,0.5320000000010623,0.0108
b22_C,_11093_,AOI21,0,3,3,2,17,6,8,-0.00011237780713346801,1.862,0.7980000000006839,0.0108
b22_C,_11094_,OAI21,0,3,3,1,18,5,7,-1.4491413474315706e-05,1.862,0.7980000000006839,0.0108
b22_C,_11095_,AOI21,0,3,3,1,19,4,6,-5.9035667107298906e-05,1.862,0.7980000000006839,0.0108
b22_C,_11096_,AOI221,0,3,5,2,20,3,5,1.56671070012937e-05,2.926,1.3300000000017462,0.0108
b22_C,_11097_,NAND2,0,0,2,2,15,3,5,-3.1175693528950887e-06,1.33,0.5320000000010623,0.0108
b22_C,_11098_,AND2,0,1,2,1,21,2,1,-2.2179656539167425e-05,1.33,0.26599999999962165,0.0108
b22_C,_11099_,OAI211,0,1,4,0,22,1,0,-6.221928666061416e-06,2.394,1.0640000000003056,0.0108
b22_C,_11100_,AOI22,0,0,4,1,18,4,3,0.0,2.394,1.0640000000003056,0.0108
b22_C,_11101_,INV,0,0,1,1,19,3,2,0.0,0.798,0.26599999999962165,0.0108
b22_C,_11102_,AOI21,0,0,3,1,16,6,9,-0.0011956538969617458,1.862,0.7980000000006839,0.0108
b22_C,_11103_,AND2,0,0,2,1,14,16,26,-1.5587846764475444e-06,1.33,0.26599999999962165,0.0108
b22_C,_11104_,NOR2,0,0,2,3,15,15,25,0.0,1.33,0.5320000000010623,0.0108
b22_C,_11105_,XNOR2,0,0,2,3,17,5,8,0.0,2.66,1.0640000000003056,0.0108
b22_C,_11106_,AOI221,0,0,5,1,20,2,1,-3.2232496700590474e-06,2.926,1.3300000000017462,0.0108
b22_C,_11107_,AOI22,0,0,4,1,18,4,5,-3.408190224707397e-06,2.394,1.0640000000003056,0.0108
b22_C,_11108_,XNOR2,0,3,2,1,17,5,6,-0.00015618229854696963,2.66,1.0640000000003056,0.0108
b22_C,_11109_,AOI22,0,3,4,1,18,4,5,-3.040951122867952e-05,2.394,1.0640000000003056,0.0108
b22_C,_11110_,AND2,0,3,2,2,19,3,4,9.128137384184498e-06,1.33,0.26599999999962165,0.0108
b22_C,_11111_,OAI21,0,1,3,0,21,1,0,-1.2443857331678743e-05,1.862,0.7980000000006839,0.0108
b22_C,_11112_,NOR2,0,0,2,1,15,6,8,-9.376486129486494e-05,1.33,0.5320000000010623,0.0108
b22_C,_11113_,XNOR2,0,0,2,3,14,15,25,-4.334214002654768e-05,2.66,1.0640000000003056,0.0108
b22_C,_11114_,XNOR2,0,0,2,1,16,5,7,-2.3778071336355566e-06,2.66,1.0640000000003056,0.0108
b22_C,_11115_,NOR2,0,3,2,1,15,6,10,-0.0005618097754294116,1.33,0.5320000000010623,0.0108
b22_C,_11116_,XOR2,0,3,2,3,16,5,9,-2.6948480845501166e-05,2.394,0.7980000000006839,0.0108
b22_C,_11117_,AOI222,0,3,6,2,18,4,6,2.8441215323748992e-05,3.724,1.5960000000013679,0.0108
b22_C,_11118_,NAND2,0,0,2,1,15,4,3,-3.0911492736596102e-06,1.33,0.5320000000010623,0.0108
b22_C,_11119_,NAND3,0,1,3,1,19,3,2,-5.478203434616802e-05,1.862,0.7980000000006839,0.0108
b22_C,_11120_,OAI21,0,1,3,1,20,2,1,-6.0634081904265e-06,1.862,0.7980000000006839,0.0108
b22_C,_11121_,AOI22,0,0,4,1,19,2,1,-1.9022457067308096e-05,2.394,1.0640000000003056,0.0108
b22_C,_11122_,OAI211,0,1,4,0,21,1,0,-6.182298547097176e-06,2.394,1.0640000000003056,0.0108
b22_C,_11123_,AOI221,0,0,5,1,17,4,3,-8.758256274887799e-06,2.926,1.3300000000017462,0.0108
b22_C,_11124_,AOI21,0,0,3,1,19,3,2,-2.8005284016252574e-06,1.862,0.7980000000006839,0.0108
b22_C,_11125_,AOI21,0,0,3,1,20,2,1,0.0,1.862,0.7980000000006839,0.0108
b22_C,_11126_,AOI21,0,0,3,1,14,6,7,-0.0012855350066052207,1.862,0.7980000000006839,0.0108
b22_C,_11127_,NOR2,0,0,2,3,14,15,22,0.0,1.33,0.5320000000010623,0.0108
b22_C,_11128_,XOR2,0,0,2,3,15,5,6,-4.6235138695394085e-07,2.394,0.7980000000006839,0.0108
b22_C,_11129_,NOR2,0,0,2,1,16,4,5,-2.97225891676689e-06,1.33,0.5320000000010623,0.0108
b22_C,_11130_,AOI21,0,3,3,1,14,5,6,-0.0001790488771467036,1.862,0.7980000000006839,0.0108
b22_C,_11131_,XOR2,0,3,2,1,15,4,5,-4.243064729192447e-05,2.394,0.7980000000006839,0.0108
b22_C,_11132_,AOI221,0,3,5,2,18,3,4,3.891677675027516e-05,2.926,1.3300000000017462,0.0108
b22_C,_11133_,OAI221,0,1,5,0,21,1,0,-5.9418758256324367e-05,2.926,1.3300000000017462,0.0108
b22_C,_11134_,XNOR2,0,0,2,3,13,15,25,-5.614266842757232e-06,2.66,1.0640000000003056,0.0108
b22_C,_11135_,XNOR2,0,0,2,1,14,5,7,-0.00023598414795245048,2.66,1.0640000000003056,0.0108
b22_C,_11136_,XOR2,0,3,2,3,14,5,9,-0.0018148612945840803,2.394,0.7980000000006839,0.0108
b22_C,_11137_,AOI222,0,3,6,2,18,4,6,-6.113606340840683e-05,3.724,1.5960000000013679,0.0108
b22_C,_11138_,OAI211,0,1,4,1,19,3,2,-5.4649933949990626e-05,2.394,1.0640000000003056,0.0108
b22_C,_11139_,OAI21,0,1,3,1,20,2,1,-4.702774108356067e-06,1.862,0.7980000000006839,0.0108
b22_C,_11140_,AOI22,0,0,4,1,19,2,1,-3.221928665797513e-05,2.394,1.0640000000003056,0.0108
b22_C,_11141_,OAI211,0,1,4,0,21,1,0,-6.169088507368414e-06,2.394,1.0640000000003056,0.0108
b22_C,_11142_,AOI22,0,0,4,1,17,2,1,0.0,2.394,1.0640000000003056,0.0108
b22_C,_11143_,NOR2,0,0,2,1,13,6,9,0.0,1.33,0.5320000000010623,0.0108
b22_C,_11144_,XNOR2,0,3,2,4,11,15,25,-0.0019453236459709977,2.66,1.0640000000003056,0.0108
b22_C,_11145_,XOR2,0,3,2,3,14,5,8,-2.487450462385077e-05,2.394,0.7980000000006839,0.0108
b22_C,_11146_,AOI22,0,0,4,1,19,2,1,-1.6367239101811037e-05,2.394,1.0640000000003056,0.0108
b22_C,_11147_,OR2,0,0,2,2,13,6,7,0.0,1.33,0.26599999999962165,0.0108
b22_C,_11148_,AOI21,0,0,3,1,14,5,6,-3.451783355368221e-05,1.862,0.7980000000006839,0.0108
b22_C,_11149_,OAI21,0,0,3,1,15,4,5,-2.5072655218005835e-05,1.862,0.7980000000006839,0.0108
b22_C,_11150_,AOI222,0,3,6,1,17,4,5,-2.1347424042472696e-05,3.724,1.5960000000013679,0.0108
b22_C,_11151_,AND2,0,3,2,2,18,3,4,4.491413472251793e-07,1.33,0.26599999999962165,0.0108
b22_C,_11152_,OAI211,0,1,4,0,20,1,0,-2.0277410832436615e-05,2.394,1.0640000000003056,0.0108
b22_C,_11153_,NAND2,0,0,2,1,12,6,9,-2.0845442536554515e-05,1.33,0.5320000000010623,0.0108
b22_C,_11154_,XNOR2,0,2,2,3,12,15,25,-4.0951122870502843e-07,2.66,1.0640000000003056,0.0108
b22_C,_11155_,XNOR2,0,0,2,3,13,5,8,-1.849405548237648e-05,2.66,1.0640000000003056,0.0108
b22_C,_11156_,NOR2,0,0,2,1,12,7,9,-1.5138705416140041e-05,1.33,0.5320000000010623,0.0108
b22_C,_11157_,XNOR2,0,2,2,1,13,6,8,-1.558784676380931e-05,2.66,1.0640000000003056,0.0108
b22_C,_11158_,OAI22,0,2,4,1,14,5,7,-3.7318361955307466e-05,2.394,1.0640000000003056,0.0108
b22_C,_11159_,AOI21,0,2,3,2,15,4,6,1.7331571994461115e-05,1.862,0.7980000000006839,0.0108
b22_C,_11160_,INV,0,0,1,1,1,4,3,0.0,0.798,0.26599999999962165,0.0108
b22_C,_11161_,OAI221,0,1,5,1,18,3,2,-0.0017760898282697113,2.926,1.3300000000017462,0.0108
b22_C,_11162_,AOI222,0,1,6,1,19,2,1,-8.322324969167738e-07,3.724,1.5960000000013679,0.0108
b22_C,_11163_,OAI21,0,1,3,0,20,1,0,-1.5006605019962649e-05,1.862,0.7980000000006839,0.0108
b22_C,_11164_,AOI222,0,1,6,1,19,2,1,-5.508586525815318e-06,3.724,1.5960000000013679,0.0108
b22_C,_11165_,NAND2,0,0,2,1,15,4,5,-8.507265521817686e-06,1.33,0.5320000000010623,0.0108
b22_C,_11166_,AOI22,0,2,4,2,16,3,4,-3.27608982830796e-06,2.394,1.0640000000003056,0.0108
b22_C,_11167_,OAI221,0,1,5,0,20,1,0,-5.24966974901897e-05,2.926,1.3300000000017462,0.0108
b22_C,_11168_,NAND2,0,32,2,5,12,3,35,7.89035667105864e-05,1.33,0.5320000000010623,0.0108
b22_C,_11169_,BUF,0,10,1,10,13,2,10,4.895640686908287e-05,1.064,0.26599999999962165,0.0108
b22_C,_11170_,AND2,0,1,2,0,14,1,0,-1.2826948480926248e-05,1.33,0.26599999999962165,0.0108
b22_C,_11171_,AND2,0,1,2,0,14,1,0,-1.2826948480926248e-05,1.33,0.26599999999962165,0.0108
b22_C,_11172_,AND2,0,1,2,0,14,1,0,-1.2826948480926248e-05,1.33,0.26599999999962165,0.0108
b22_C,_11173_,AND2,0,1,2,0,14,1,0,-1.2826948480926248e-05,1.33,0.26599999999962165,0.0108
b22_C,_11174_,AND2,0,1,2,0,14,1,0,-1.2826948480926248e-05,1.33,0.26599999999962165,0.0108
b22_C,_11175_,AND2,0,1,2,0,14,1,0,-1.2826948480926248e-05,1.33,0.26599999999962165,0.0108
b22_C,_11176_,AND2,0,1,2,0,14,1,0,-1.2826948480926248e-05,1.33,0.26599999999962165,0.0108
b22_C,_11177_,AND2,0,1,2,0,14,1,0,-1.2826948480926248e-05,1.33,0.26599999999962165,0.0108
b22_C,_11178_,BUF,0,10,1,10,13,2,10,3.78599735797458e-05,1.064,0.26599999999962165,0.0108
b22_C,_11179_,AND2,0,1,2,0,14,1,0,-1.2892998679125967e-05,1.33,0.26599999999962165,0.0108
b22_C,_11180_,AND2,0,1,2,0,14,1,0,-1.2892998679125967e-05,1.33,0.26599999999962165,0.0108
b22_C,_11181_,AND2,0,1,2,0,14,1,0,-1.2892998679125967e-05,1.33,0.26599999999962165,0.0108
b22_C,_11182_,AND2,0,1,2,0,14,1,0,-1.2892998679125967e-05,1.33,0.26599999999962165,0.0108
b22_C,_11183_,AND2,0,1,2,0,14,1,0,-1.2892998679125967e-05,1.33,0.26599999999962165,0.0108
b22_C,_11184_,AND2,0,1,2,0,14,1,0,-1.2892998679125967e-05,1.33,0.26599999999962165,0.0108
b22_C,_11185_,AND2,0,1,2,0,14,1,0,-1.2892998679125967e-05,1.33,0.26599999999962165,0.0108
b22_C,_11186_,AND2,0,1,2,0,14,1,0,-1.2892998679125967e-05,1.33,0.26599999999962165,0.0108
b22_C,_11187_,AND2,0,1,2,0,14,1,0,-1.2892998679125967e-05,1.33,0.26599999999962165,0.0108
b22_C,_11188_,AND2,0,1,2,0,14,1,0,-1.2892998679125967e-05,1.33,0.26599999999962165,0.0108
b22_C,_11189_,BUF,0,10,1,10,13,2,10,3.78599735797458e-05,1.064,0.26599999999962165,0.0108
b22_C,_11190_,AND2,0,1,2,0,14,1,0,-1.2892998679125967e-05,1.33,0.26599999999962165,0.0108
b22_C,_11191_,AND2,0,1,2,0,14,1,0,-1.2892998679125967e-05,1.33,0.26599999999962165,0.0108
b22_C,_11192_,AND2,0,1,2,0,14,1,0,-1.2892998679125967e-05,1.33,0.26599999999962165,0.0108
b22_C,_11193_,AND2,0,1,2,0,14,1,0,-1.2892998679125967e-05,1.33,0.26599999999962165,0.0108
b22_C,_11194_,AND2,0,1,2,0,14,1,0,-1.2892998679125967e-05,1.33,0.26599999999962165,0.0108
b22_C,_11195_,AND2,0,1,2,0,14,1,0,-1.2892998679125967e-05,1.33,0.26599999999962165,0.0108
b22_C,_11196_,AND2,0,1,2,0,14,1,0,-1.2892998679125967e-05,1.33,0.26599999999962165,0.0108
b22_C,_11197_,AND2,0,1,2,0,14,1,0,-1.2892998679125967e-05,1.33,0.26599999999962165,0.0108
b22_C,_11198_,AND2,0,1,2,0,14,1,0,-1.2892998679125967e-05,1.33,0.26599999999962165,0.0108
b22_C,_11199_,AND2,0,1,2,0,14,1,0,-1.2892998679125967e-05,1.33,0.26599999999962165,0.0108
b22_C,_11200_,AND2,0,1,2,0,13,1,0,-8.634081902259005e-05,1.33,0.26599999999962165,0.0108
b22_C,_11201_,AND2,0,1,2,0,13,1,0,-8.634081902259005e-05,1.33,0.26599999999962165,0.0108
b22_C,_11202_,NOR2,0,1,2,1,34,2,1,-1.0184940554935906e-05,1.33,0.5320000000010623,0.0108
b22_C,_11203_,NAND3,0,0,3,1,3,2,1,0.0,1.862,0.7980000000006839,0.0108
b22_C,_11204_,OAI22,0,1,4,0,35,1,0,-0.00018391017173047253,2.394,1.0640000000003056,0.0108
b22_C,_11205_,CLKBUF,0,0,1,10,4,2,10,0.0,1.064,0.26599999999962165,0.0108
b22_C,_11206_,MUX2,0,1,3,0,34,1,0,-8.071334214099224e-06,2.394,0.5320000000010623,0.0108
b22_C,_11207_,AOI21,0,1,3,1,32,2,1,-4.915455746390407e-05,1.862,0.7980000000006839,0.0108
b22_C,_11208_,MUX2,0,1,3,0,33,1,0,2.034346102908202e-06,2.394,0.5320000000010623,0.0108
b22_C,_11209_,MUX2,0,1,3,0,32,1,0,1.307793923155387e-06,2.394,0.5320000000010623,0.0108
b22_C,_11210_,NAND2,0,0,2,1,11,2,1,-2.7741083230559127e-07,1.33,0.5320000000010623,0.0108
b22_C,_11211_,OAI21,0,1,3,0,31,1,0,-4.161162483695691e-06,1.862,0.7980000000006839,0.0108
b22_C,_11212_,MUX2,0,1,3,0,30,1,0,1.149273447742516e-06,2.394,0.5320000000010623,0.0108
b22_C,_11213_,MUX2,0,1,3,0,29,1,0,3.2100396301082412e-06,2.394,0.5320000000010623,0.0108
b22_C,_11214_,BUF,0,0,1,10,4,3,16,1.7173051514163262e-07,1.064,0.26599999999962165,0.0108
b22_C,_11215_,NAND2,0,1,2,1,28,2,1,-3.2892998680367214e-06,1.33,0.5320000000010623,0.0108
b22_C,_11216_,OAI21,0,1,3,0,29,1,0,-3.5482166446776375e-05,1.862,0.7980000000006839,0.0108
b22_C,_11217_,NAND2,0,0,2,2,10,2,2,-5.2840158693001626e-08,1.33,0.5320000000010623,0.0108
b22_C,_11218_,NAND2,0,1,2,1,27,2,1,-4.464993395014716e-06,1.33,0.5320000000010623,0.0108
b22_C,_11219_,NAND2,0,1,2,0,28,1,0,-5.019815059403854e-06,1.33,0.5320000000010623,0.0108
b22_C,_11220_,AOI21,0,1,3,2,25,15,17,-4.988110964343484e-05,1.862,0.7980000000006839,0.0108
b22_C,_11221_,MUX2,0,1,3,0,26,1,0,2.93262879780265e-06,2.394,0.5320000000010623,0.0108
b22_C,_11222_,MUX2,0,1,3,0,25,1,0,3.817701452968336e-06,2.394,0.5320000000010623,0.0108
b22_C,_11223_,MUX2,0,1,3,2,23,17,18,-4.3223249669877006e-05,2.394,0.5320000000010623,0.0108
b22_C,_11224_,MUX2,0,1,3,0,24,1,0,3.3421400262856338e-06,2.394,0.5320000000010623,0.0108
b22_C,_11225_,MUX2,0,1,3,0,23,1,0,3.764861294497379e-06,2.394,0.5320000000010623,0.0108
b22_C,_11226_,NAND2,0,1,2,1,22,2,1,-3.857331572154621e-06,1.33,0.5320000000010623,0.0108
b22_C,_11227_,OAI21,0,1,3,0,23,1,0,-9.656538969782247e-06,1.862,0.7980000000006839,0.0108
b22_C,_11228_,MUX2,0,1,3,0,21,1,0,3.3685601055211123e-06,2.394,0.5320000000010623,0.0108
b22_C,_11229_,MUX2,0,1,3,0,20,1,0,-3.2232496698370028e-06,2.394,0.5320000000010623,0.0108
b22_C,_11230_,NAND2,0,1,2,1,19,2,1,-3.857331572154621e-06,1.33,0.5320000000010623,0.0108
b22_C,_11231_,OAI21,0,1,3,0,20,1,0,-9.682959049017725e-06,1.862,0.7980000000006839,0.0108
b22_C,_11232_,MUX2,0,1,3,0,18,1,0,7.265521795307706e-07,2.394,0.5320000000010623,0.0108
b22_C,_11233_,NAND2,0,1,2,1,17,2,1,-3.844121532425859e-06,1.33,0.5320000000010623,0.0108
b22_C,_11234_,OAI21,0,1,3,0,18,1,0,-1.0462351387019453e-05,1.862,0.7980000000006839,0.0108
b22_C,_11235_,NAND2,0,1,2,1,16,2,1,-3.844121532425859e-06,1.33,0.5320000000010623,0.0108
b22_C,_11236_,OAI21,0,1,3,0,17,1,0,-9.696169088524442e-06,1.862,0.7980000000006839,0.0108
b22_C,_11237_,NAND2,0,1,2,1,15,2,1,-4.200792602437886e-06,1.33,0.5320000000010623,0.0108
b22_C,_11238_,OAI21,0,1,3,0,16,1,0,-9.854689564159358e-06,1.862,0.7980000000006839,0.0108
b22_C,_11239_,NAND2,0,1,2,1,14,2,1,-4.214002642166648e-06,1.33,0.5320000000010623,0.0108
b22_C,_11240_,OAI21,0,1,3,0,15,1,0,-9.669749009511008e-06,1.862,0.7980000000006839,0.0108
b22_C,_11241_,MUX2,0,1,3,0,13,1,0,7.397622190374875e-07,2.394,0.5320000000010623,0.0108
b22_C,_11242_,NAND2,0,1,2,1,12,2,1,-3.6856010570129882e-06,1.33,0.5320000000010623,0.0108
b22_C,_11243_,OAI21,0,1,3,0,13,1,0,-9.682959049017725e-06,1.862,0.7980000000006839,0.0108
b22_C,_11244_,NAND2,0,1,2,1,11,2,1,-4.253632760908843e-06,1.33,0.5320000000010623,0.0108
b22_C,_11245_,OAI21,0,1,3,0,12,1,0,-1.0039630119029752e-05,1.862,0.7980000000006839,0.0108
b22_C,_11246_,NAND2,0,1,2,1,10,2,1,-4.253632760908843e-06,1.33,0.5320000000010623,0.0108
b22_C,_11247_,OAI21,0,1,3,0,11,1,0,-5.429326288108882e-06,1.862,0.7980000000006839,0.0108
b22_C,_11248_,NAND2,0,1,2,1,9,2,1,-4.253632760908843e-06,1.33,0.5320000000010623,0.0108
b22_C,_11249_,OAI21,0,1,3,0,10,1,0,-5.838837516813911e-06,1.862,0.7980000000006839,0.0108
b22_C,_11250_,NAND2,0,1,2,1,8,2,1,-4.253632760908843e-06,1.33,0.5320000000010623,0.0108
b22_C,_11251_,OAI21,0,1,3,0,9,1,0,-5.904887714791585e-06,1.862,0.7980000000006839,0.0108
b22_C,_11252_,NAND2,0,1,2,1,8,2,1,-3.698811096519705e-06,1.33,0.5320000000010623,0.0108
b22_C,_11253_,OAI21,0,1,3,0,9,1,0,-5.455746367344361e-06,1.862,0.7980000000006839,0.0108
b22_C,_11254_,MUX2,0,1,3,0,7,1,0,2.985468956273607e-06,2.394,0.5320000000010623,0.0108
b22_C,_11255_,MUX2,0,1,3,0,7,1,0,2.985468956273607e-06,2.394,0.5320000000010623,0.0108
b22_C,_11256_,MUX2,0,1,3,0,7,1,0,6.869220605665305e-07,2.394,0.5320000000010623,0.0108
b22_C,_11257_,INV,0,0,1,1,1,2,1,0.0,0.798,0.26599999999962165,0.0108
b22_C,_11258_,OR3,0,0,3,1,12,3,2,-1.0568031716395865e-07,1.596,0.26599999999962165,0.0108
b22_C,_11259_,NAND3,0,0,3,1,10,3,2,-5.2840158693001626e-08,1.862,0.7980000000006839,0.0108
b22_C,_11260_,AOI22,0,0,4,1,13,2,1,-2.5138705416205553e-05,2.394,1.0640000000003056,0.0108
b22_C,_11261_,OAI21,0,0,3,1,33,6,5,-3.553500660502529e-05,1.862,0.7980000000006839,0.0108
b22_C,_11262_,AOI21,0,0,3,1,35,5,4,-3.8639365918191615e-05,1.862,0.7980000000006839,0.0108
b22_C,_11263_,AND2,0,0,2,1,33,6,5,-3.368560105743157e-06,1.33,0.26599999999962165,0.0108
b22_C,_11264_,NAND2,0,0,2,1,20,6,5,-5.376486129637925e-06,1.33,0.5320000000010623,0.0108
b22_C,_11265_,NOR3,0,0,3,6,33,7,16,-5.1704095112459214e-05,1.862,0.7980000000006839,0.0108
b22_C,_11266_,AOI221,0,0,5,1,35,5,4,-4.492734478200866e-05,2.926,1.3300000000017462,0.0108
b22_C,_11267_,OAI21,0,1,3,1,36,5,4,-5.280052840173077e-05,1.862,0.7980000000006839,0.0108
b22_C,_11268_,AOI21,0,1,3,1,37,4,3,2.7608982826610173e-06,1.862,0.7980000000006839,0.0108
b22_C,_11269_,XNOR2,0,1,2,1,38,3,2,-1.5112285337126607e-05,2.66,1.0640000000003056,0.0108
b22_C,_11270_,XNOR2,0,0,2,2,11,4,4,-3.963011896424007e-08,2.66,1.0640000000003056,0.0108
b22_C,_11271_,NAND2,0,0,2,2,19,6,7,-6.314398943274568e-06,1.33,0.5320000000010623,0.0108
b22_C,_11272_,AOI21,0,0,3,10,8,27,92,-7.243064729212101e-05,1.862,0.7980000000006839,0.0108
b22_C,_11273_,CLKBUF,0,0,1,10,9,23,64,0.0,1.064,0.26599999999962165,0.0108
b22_C,_11274_,CLKBUF,0,0,1,10,10,15,31,0.0,1.064,0.26599999999962165,0.0108
b22_C,_11275_,OAI211,0,0,4,2,34,6,7,-0.00012397622192872326,2.394,1.0640000000003056,0.0108
b22_C,_11276_,AND2,0,0,2,2,19,6,7,-2.681638044954582e-06,1.33,0.26599999999962165,0.0108
b22_C,_11277_,NAND2,0,0,2,1,14,7,8,-3.8361955085886024e-05,1.33,0.5320000000010623,0.0108
b22_C,_11278_,NAND3,0,0,3,1,33,7,8,-6.631439894322355e-05,1.862,0.7980000000006839,0.0108
b22_C,_11279_,AOI211,0,0,4,2,34,6,7,-5.640686922214755e-06,2.394,1.0640000000003056,0.0108
b22_C,_11280_,OAI211,0,0,4,1,35,5,5,0.0,2.394,1.0640000000003056,0.0108
b22_C,_11281_,NOR2,0,0,2,1,19,6,6,-6.036988110968977e-06,1.33,0.5320000000010623,0.0108
b22_C,_11282_,AND2,0,0,2,1,34,6,6,0.0,1.33,0.26599999999962165,0.0108
b22_C,_11283_,OAI21,0,0,3,7,8,29,82,0.0,1.862,0.7980000000006839,0.0108
b22_C,_11284_,CLKBUF,0,0,1,10,9,19,58,0.0,1.064,0.26599999999962165,0.0108
b22_C,_11285_,CLKBUF,0,0,1,10,10,15,36,0.0,1.064,0.26599999999962165,0.0108
b22_C,_11286_,NOR2,0,0,2,2,19,7,8,-5.614266842757232e-06,1.33,0.5320000000010623,0.0108
b22_C,_11287_,AOI21,0,0,3,1,34,6,6,-2.6420079457523116e-08,1.862,0.7980000000006839,0.0108
b22_C,_11288_,OR4,0,0,4,1,33,7,7,-2.0977542932731907e-05,1.862,0.26599999999962165,0.0108
b22_C,_11289_,NAND2,0,0,2,1,20,7,7,-1.3210039728761558e-08,1.33,0.5320000000010623,0.0108
b22_C,_11290_,AOI221,0,0,5,1,34,6,6,-2.6420079457523116e-08,2.926,1.3300000000017462,0.0108
b22_C,_11291_,NAND2,0,0,2,2,14,10,14,-8.702774108337863e-05,1.33,0.5320000000010623,0.0108
b22_C,_11292_,AOI211,0,0,4,1,32,8,9,-5.553500660493427e-05,2.394,1.0640000000003056,0.0108
b22_C,_11293_,OAI22,0,0,4,1,21,8,9,-1.1796565389854408e-05,2.394,1.0640000000003056,0.0108
b22_C,_11294_,OR2,0,0,2,2,33,7,8,0.0,1.33,0.26599999999962165,0.0108
b22_C,_11295_,OAI21,0,0,3,1,19,8,9,-6.657859973779878e-06,1.862,0.7980000000006839,0.0108
b22_C,_11296_,AOI21,0,0,3,2,33,7,8,-1.4134742405413903e-06,1.862,0.7980000000006839,0.0108
b22_C,_11297_,NOR2,0,0,2,1,34,6,6,0.0,1.33,0.5320000000010623,0.0108
b22_C,_11298_,OAI22,0,0,4,1,21,9,10,-5.072655218096855e-06,2.394,1.0640000000003056,0.0108
b22_C,_11299_,AOI21,0,0,3,2,32,8,9,-1.30647291942676e-05,1.862,0.7980000000006839,0.0108
b22_C,_11300_,OR2,0,0,2,1,20,9,10,-3.3289299870009614e-06,1.33,0.26599999999962165,0.0108
b22_C,_11301_,OAI211,0,0,4,2,32,8,9,-7.397622194815767e-07,2.394,1.0640000000003056,0.0108
b22_C,_11302_,NOR2,0,0,2,1,33,7,7,0.0,1.33,0.5320000000010623,0.0108
b22_C,_11303_,OAI222,0,0,6,2,31,9,10,-1.8771466314682073e-05,3.724,1.5960000000013679,0.0108
b22_C,_11304_,OAI21,0,0,3,1,21,10,11,0.0,1.862,0.7980000000006839,0.0108
b22_C,_11305_,AOI21,0,0,3,2,31,9,10,-6.605019819971858e-08,1.862,0.7980000000006839,0.0108
b22_C,_11306_,NOR2,0,0,2,1,32,8,8,0.0,1.33,0.5320000000010623,0.0108
b22_C,_11307_,OAI22,0,0,4,1,19,11,12,-1.2483487450642983e-05,2.394,1.0640000000003056,0.0108
b22_C,_11308_,AOI21,0,0,3,2,30,10,11,-1.30647291942676e-05,1.862,0.7980000000006839,0.0108
b22_C,_11309_,OR2,0,0,2,1,19,11,12,-5.521796565544079e-06,1.33,0.26599999999962165,0.0108
b22_C,_11310_,OAI211,0,0,4,2,30,10,11,0.0,2.394,1.0640000000003056,0.0108
b22_C,_11311_,NOR2,0,0,2,1,31,9,9,0.0,1.33,0.5320000000010623,0.0108
b22_C,_11312_,AOI222,0,0,6,2,29,10,11,-5.908850726576986e-05,3.724,1.5960000000013679,0.0108
b22_C,_11313_,AOI21,0,0,3,1,18,11,12,-2.9630118890677792e-05,1.862,0.7980000000006839,0.0108
b22_C,_11314_,OAI21,0,0,3,2,30,10,11,0.0,1.862,0.7980000000006839,0.0108
b22_C,_11315_,AOI22,0,0,4,1,31,9,9,0.0,2.394,1.0640000000003056,0.0108
b22_C,_11316_,AOI21,0,0,3,1,18,13,14,-2.9669749009419988e-05,1.862,0.7980000000006839,0.0108
b22_C,_11317_,OAI21,0,0,3,2,28,12,13,-1.6908850728469815e-06,1.862,0.7980000000006839,0.0108
b22_C,_11318_,AOI222,0,0,6,2,27,12,13,-4.822985468977414e-05,3.724,1.5960000000013679,0.0108
b22_C,_11319_,AOI21,0,0,3,1,18,13,13,-3.6472919418883976e-05,1.862,0.7980000000006839,0.0108
b22_C,_11320_,OAI21,0,0,3,2,28,12,12,-5.2840158693001626e-08,1.862,0.7980000000006839,0.0108
b22_C,_11321_,AOI222,0,0,6,2,28,12,12,-6.379128137412593e-05,3.724,1.5960000000013679,0.0108
b22_C,_11322_,AOI22,0,0,4,1,29,11,11,0.0,2.394,1.0640000000003056,0.0108
b22_C,_11323_,AOI21,0,0,3,1,15,17,17,-3.405548216672827e-05,1.862,0.7980000000006839,0.0108
b22_C,_11324_,OAI21,0,0,3,2,24,16,16,-1.4002642008126287e-06,1.862,0.7980000000006839,0.0108
b22_C,_11325_,AOI222,0,0,6,2,24,16,16,-6.166446499356049e-05,3.724,1.5960000000013679,0.0108
b22_C,_11326_,NAND2,0,0,2,1,25,15,15,0.0,1.33,0.5320000000010623,0.0108
b22_C,_11327_,AOI22,0,0,4,2,24,16,17,-1.2747688243219812e-05,2.394,1.0640000000003056,0.0108
b22_C,_11328_,NAND2,0,0,2,1,11,18,19,-6.393659180981004e-06,1.33,0.5320000000010623,0.0108
b22_C,_11329_,OAI211,0,0,4,1,23,17,18,-1.0739762219547089e-05,2.394,1.0640000000003056,0.0108
b22_C,_11330_,OAI211,0,0,4,2,24,16,17,0.0,2.394,1.0640000000003056,0.0108
b22_C,_11331_,OAI211,0,0,4,1,25,15,15,-7.727873183815959e-06,2.394,1.0640000000003056,0.0108
b22_C,_11332_,AOI21,0,0,3,1,14,19,21,-3.429326288006962e-05,1.862,0.7980000000006839,0.0108
b22_C,_11333_,OAI21,0,0,3,2,22,18,20,0.0,1.862,0.7980000000006839,0.0108
b22_C,_11334_,AOI22,0,0,4,2,22,18,20,-1.2866578599890488e-05,2.394,1.0640000000003056,0.0108
b22_C,_11335_,NAND2,0,0,2,1,23,17,17,0.0,1.33,0.5320000000010623,0.0108
b22_C,_11336_,AOI21,0,0,3,1,24,16,16,-3.064729194202087e-05,1.862,0.7980000000006839,0.0108
b22_C,_11337_,AOI21,0,0,3,2,15,17,19,-2.7450462351419347e-05,1.862,0.7980000000006839,0.0108
b22_C,_11338_,OAI21,0,0,3,1,24,16,16,-3.963011896424007e-08,1.862,0.7980000000006839,0.0108
b22_C,_11339_,OAI22,0,0,4,2,23,17,19,-8.084544253827985e-06,2.394,1.0640000000003056,0.0108
b22_C,_11340_,AOI21,0,0,3,1,24,16,16,-3.742404227224938e-05,1.862,0.7980000000006839,0.0108
b22_C,_11341_,AOI21,0,0,3,1,14,19,21,-3.393659181005759e-05,1.862,0.7980000000006839,0.0108
b22_C,_11342_,OAI21,0,0,3,2,21,18,20,-6.605019819971858e-08,1.862,0.7980000000006839,0.0108
b22_C,_11343_,AOI22,0,0,4,2,21,18,20,-3.751651254990662e-06,2.394,1.0640000000003056,0.0108
b22_C,_11344_,OAI22,0,0,4,1,23,17,17,0.0,2.394,1.0640000000003056,0.0108
b22_C,_11345_,INV,0,0,1,1,24,16,16,0.0,0.798,0.26599999999962165,0.0108
b22_C,_11346_,OAI211,0,0,4,1,22,17,17,0.0,2.394,1.0640000000003056,0.0108
b22_C,_11347_,AOI21,0,0,3,2,15,19,21,-2.7516512549619065e-05,1.862,0.7980000000006839,0.0108
b22_C,_11348_,OAI21,0,0,3,1,21,18,18,-1.3210039950806163e-08,1.862,0.7980000000006839,0.0108
b22_C,_11349_,OAI221,0,0,5,1,22,17,17,-1.3210039950806163e-08,2.926,1.3300000000017462,0.0108
b22_C,_11350_,NOR2,0,0,2,1,15,17,17,0.0,1.33,0.5320000000010623,0.0108
b22_C,_11351_,OAI21,0,0,3,1,18,20,21,0.0,1.862,0.7980000000006839,0.0108
b22_C,_11352_,AOI21,0,0,3,2,19,19,20,-8.797886393852039e-06,1.862,0.7980000000006839,0.0108
b22_C,_11353_,OAI22,0,0,4,2,18,19,20,0.0,2.394,1.0640000000003056,0.0108
b22_C,_11354_,AOI211,0,0,4,1,20,18,18,-2.5838837516500845e-05,2.394,1.0640000000003056,0.0108
b22_C,_11355_,AOI21,0,0,3,1,14,19,20,-2.824306472937188e-05,1.862,0.7980000000006839,0.0108
b22_C,_11356_,OAI21,0,0,3,2,19,18,19,0.0,1.862,0.7980000000006839,0.0108
b22_C,_11357_,NAND2,0,0,2,1,14,19,19,-3.2932628797999186e-05,1.33,0.5320000000010623,0.0108
b22_C,_11358_,AOI22,0,0,4,2,19,19,20,-6.274768824310328e-06,2.394,1.0640000000003056,0.0108
b22_C,_11359_,AND2,0,0,2,1,20,18,18,0.0,1.33,0.26599999999962165,0.0108
b22_C,_11360_,AOI21,0,0,3,1,14,21,22,-2.7595772787547546e-05,1.862,0.7980000000006839,0.0108
b22_C,_11361_,OAI21,0,0,3,2,17,20,21,-1.3210039728761558e-08,1.862,0.7980000000006839,0.0108
b22_C,_11362_,AOI22,0,0,4,2,18,20,21,-5.548216644779558e-06,2.394,1.0640000000003056,0.0108
b22_C,_11363_,OAI211,0,0,4,1,19,19,19,-1.29458388364867e-06,2.394,1.0640000000003056,0.0108
b22_C,_11364_,AOI22,0,0,4,2,17,22,23,-3.9749009247191935e-05,2.394,1.0640000000003056,0.0108
b22_C,_11365_,AOI21,0,0,3,1,17,23,24,-6.170409511230268e-05,1.862,0.7980000000006839,0.0108
b22_C,_11366_,OAI21,0,0,3,2,18,22,23,-1.1756935269779945e-06,1.862,0.7980000000006839,0.0108
b22_C,_11367_,OAI22,0,0,4,1,19,19,19,0.0,2.394,1.0640000000003056,0.0108
b22_C,_11368_,NAND2,0,0,2,1,19,21,21,0.0,1.33,0.5320000000010623,0.0108
b22_C,_11369_,AOI21,0,0,3,1,20,20,20,-3.0515191545621434e-05,1.862,0.7980000000006839,0.0108
b22_C,_11370_,NAND2,0,0,2,1,14,23,24,-3.5667107003423126e-06,1.33,0.5320000000010623,0.0108
b22_C,_11371_,OAI211,0,0,4,2,17,22,23,0.0,2.394,1.0640000000003056,0.0108
b22_C,_11372_,AOI222,0,0,6,2,16,22,23,-3.272126816389331e-05,3.724,1.5960000000013679,0.0108
b22_C,_11373_,AOI222,0,0,6,2,14,22,23,-2.5165125495663077e-05,3.724,1.5960000000013679,0.0108
b22_C,_11374_,NOR2,0,0,2,2,9,27,31,-2.3725231175886208e-05,1.33,0.5320000000010623,0.0108
b22_C,_11375_,NOR2,0,0,2,3,9,27,33,-2.3725231175886208e-05,1.33,0.5320000000010623,0.0108
b22_C,_11376_,AOI22,0,0,4,2,14,22,23,0.0,2.394,1.0640000000003056,0.0108
b22_C,_11377_,AOI22,0,0,4,1,18,21,21,0.0,2.394,1.0640000000003056,0.0108
b22_C,_11378_,AOI22,0,0,4,1,15,24,26,-2.7820343461160135e-05,2.394,1.0640000000003056,0.0108
b22_C,_11379_,OAI21,0,0,3,2,16,23,25,0.0,1.862,0.7980000000006839,0.0108
b22_C,_11380_,NAND2,0,0,2,7,9,28,45,0.0,1.33,0.5320000000010623,0.0108
b22_C,_11381_,NAND2,0,0,2,6,8,28,42,0.0,1.33,0.5320000000010623,0.0108
b22_C,_11382_,OAI22,0,0,4,2,14,23,25,-3.6327608985420312e-06,2.394,1.0640000000003056,0.0108
b22_C,_11383_,NAND2,0,0,2,1,17,22,22,0.0,1.33,0.5320000000010623,0.0108
b22_C,_11384_,OAI21,0,0,3,1,18,21,21,0.0,1.862,0.7980000000006839,0.0108
b22_C,_11385_,AOI22,0,0,4,1,15,24,25,-3.146631439898684e-05,2.394,1.0640000000003056,0.0108
b22_C,_11386_,OAI21,0,0,3,2,16,23,24,0.0,1.862,0.7980000000006839,0.0108
b22_C,_11387_,OAI22,0,0,4,2,15,23,24,-3.6327608983199866e-06,2.394,1.0640000000003056,0.0108
b22_C,_11388_,OAI22,0,0,4,1,17,22,22,0.0,2.394,1.0640000000003056,0.0108
b22_C,_11389_,AOI222,0,0,6,1,15,24,25,-3.5627476882460485e-05,3.724,1.5960000000013679,0.0108
b22_C,_11390_,INV,0,0,1,2,16,23,24,0.0,0.798,0.26599999999962165,0.0108
b22_C,_11391_,OAI22,0,0,4,2,13,23,24,-6.4068692207097655e-06,2.394,1.0640000000003056,0.0108
b22_C,_11392_,AOI22,0,0,4,1,17,22,22,0.0,2.394,1.0640000000003056,0.0108
b22_C,_11393_,AOI222,0,0,6,2,13,26,27,-0.0001247291941879336,3.724,1.5960000000013679,0.0108
b22_C,_11394_,OAI22,0,0,4,1,13,27,28,-3.5402906208847895e-06,2.394,1.0640000000003056,0.0108
b22_C,_11395_,INV,0,0,1,2,14,26,27,0.0,0.798,0.26599999999962165,0.0108
b22_C,_11396_,AOI222,0,0,6,2,14,26,26,-3.614266842810743e-05,3.724,1.5960000000013679,0.0108
b22_C,_11397_,OAI22,0,0,4,1,14,27,27,-4.200792602437886e-06,2.394,1.0640000000003056,0.0108
b22_C,_11398_,INV,0,0,1,2,15,26,26,0.0,0.798,0.26599999999962165,0.0108
b22_C,_11399_,AOI22,0,0,4,1,16,25,25,0.0,2.394,1.0640000000003056,0.0108
b22_C,_11400_,AOI222,0,0,6,2,12,26,27,-0.00014324966974910147,3.724,1.5960000000013679,0.0108
b22_C,_11401_,AOI22,0,0,4,2,11,26,27,-0.0020782826948482214,2.394,1.0640000000003056,0.0108
b22_C,_11402_,OAI22,0,0,4,1,15,25,25,0.0,2.394,1.0640000000003056,0.0108
b22_C,_11403_,OAI222,0,0,6,2,12,27,28,-2.4557463672580937e-05,3.724,1.5960000000013679,0.0108
b22_C,_11404_,OAI22,0,0,4,2,11,27,28,-1.437252311764503e-05,2.394,1.0640000000003056,0.0108
b22_C,_11405_,NOR2,0,0,2,1,13,26,26,0.0,1.33,0.5320000000010623,0.0108
b22_C,_11406_,NOR3,0,0,3,1,9,27,27,-2.409511228540495e-05,1.862,0.7980000000006839,0.0108
b22_C,_11407_,MUX2,0,0,3,2,12,28,29,-8.890356671287236e-06,2.394,0.5320000000010623,0.0108
b22_C,_11408_,OAI22,0,0,4,2,12,28,29,-2.5125495376476792e-05,2.394,1.0640000000003056,0.0108
b22_C,_11409_,OAI21,0,0,3,1,13,26,26,0.0,1.862,0.7980000000006839,0.0108
b22_C,_11410_,AND3,0,0,3,1,13,27,27,0.0,1.596,0.26599999999962165,0.0108
b22_C,_11411_,AOI21,0,0,3,1,14,26,26,0.0,1.862,0.7980000000006839,0.0108
b22_C,_11412_,AOI221,0,0,5,1,15,25,25,0.0,2.926,1.3300000000017462,0.0108
b22_C,_11413_,OAI21,0,0,3,1,17,24,24,0.0,1.862,0.7980000000006839,0.0108
b22_C,_11414_,AOI222,0,0,6,2,15,24,25,-3.301188903570562e-05,3.724,1.5960000000013679,0.0108
b22_C,_11415_,NOR2,0,0,2,1,13,25,26,-3.963011896424007e-08,1.33,0.5320000000010623,0.0108
b22_C,_11416_,AOI21,0,0,3,2,14,24,25,-4.5495376486348604e-05,1.862,0.7980000000006839,0.0108
b22_C,_11417_,OAI221,0,0,5,1,18,23,23,0.0,2.926,1.3300000000017462,0.0108
b22_C,_11418_,NAND2,0,0,2,1,16,23,23,0.0,1.33,0.5320000000010623,0.0108
b22_C,_11419_,OAI211,0,0,4,1,19,22,22,0.0,2.394,1.0640000000003056,0.0108
b22_C,_11420_,AOI21,0,0,3,1,20,21,21,0.0,1.862,0.7980000000006839,0.0108
b22_C,_11421_,OAI21,0,0,3,1,21,20,20,0.0,1.862,0.7980000000006839,0.0108
b22_C,_11422_,OR2,0,0,2,1,18,20,20,0.0,1.33,0.26599999999962165,0.0108
b22_C,_11423_,AOI21,0,0,3,1,22,19,19,0.0,1.862,0.7980000000006839,0.0108
b22_C,_11424_,OAI21,0,0,3,1,23,18,18,0.0,1.862,0.7980000000006839,0.0108
b22_C,_11425_,NAND2,0,0,2,1,20,18,18,0.0,1.33,0.5320000000010623,0.0108
b22_C,_11426_,AOI221,0,0,5,1,24,17,17,0.0,2.926,1.3300000000017462,0.0108
b22_C,_11427_,OAI22,0,0,4,1,21,19,19,-1.3210039950806163e-08,2.394,1.0640000000003056,0.0108
b22_C,_11428_,OAI211,0,0,4,1,22,18,18,0.0,2.394,1.0640000000003056,0.0108
b22_C,_11429_,OAI21,0,0,3,1,23,17,17,0.0,1.862,0.7980000000006839,0.0108
b22_C,_11430_,OAI221,0,0,5,1,25,16,16,0.0,2.926,1.3300000000017462,0.0108
b22_C,_11431_,AOI221,0,0,5,1,26,15,15,0.0,2.926,1.3300000000017462,0.0108
b22_C,_11432_,OAI211,0,0,4,1,24,16,16,-2.6420079457523116e-08,2.394,1.0640000000003056,0.0108
b22_C,_11433_,OAI21,0,0,3,1,25,15,15,0.0,1.862,0.7980000000006839,0.0108
b22_C,_11434_,OAI211,0,0,4,1,27,14,14,0.0,2.394,1.0640000000003056,0.0108
b22_C,_11435_,AOI21,0,0,3,1,16,15,16,-3.731836195508542e-05,1.862,0.7980000000006839,0.0108
b22_C,_11436_,OAI21,0,0,3,2,26,14,15,-1.136063408235799e-06,1.862,0.7980000000006839,0.0108
b22_C,_11437_,AOI222,0,0,6,2,25,14,15,-6.0356671070183054e-05,3.724,1.5960000000013679,0.0108
b22_C,_11438_,OAI221,0,0,5,1,28,13,13,0.0,2.926,1.3300000000017462,0.0108
b22_C,_11439_,NAND2,0,0,2,1,27,13,13,0.0,1.33,0.5320000000010623,0.0108
b22_C,_11440_,AOI222,0,0,6,1,26,14,15,-4.7397622193079414e-05,3.724,1.5960000000013679,0.0108
b22_C,_11441_,INV,0,0,1,2,27,13,14,0.0,0.798,0.26599999999962165,0.0108
b22_C,_11442_,OAI21,0,0,3,1,17,14,15,-6.605019815086877e-06,1.862,0.7980000000006839,0.0108
b22_C,_11443_,AOI21,0,0,3,2,26,13,14,-3.063408190229211e-05,1.862,0.7980000000006839,0.0108
b22_C,_11444_,OAI211,0,0,4,1,29,12,12,0.0,2.394,1.0640000000003056,0.0108
b22_C,_11445_,OAI21,0,0,3,1,30,11,11,0.0,1.862,0.7980000000006839,0.0108
b22_C,_11446_,AND2,0,0,2,1,28,11,11,0.0,1.33,0.26599999999962165,0.0108
b22_C,_11447_,OAI21,0,0,3,1,31,10,10,0.0,1.862,0.7980000000006839,0.0108
b22_C,_11448_,OAI221,0,0,5,1,32,9,9,0.0,2.926,1.3300000000017462,0.0108
b22_C,_11449_,AOI221,0,0,5,1,33,8,8,0.0,2.926,1.3300000000017462,0.0108
b22_C,_11450_,AOI211,0,0,4,1,34,7,7,0.0,2.394,1.0640000000003056,0.0108
b22_C,_11451_,AOI211,0,0,4,1,35,6,6,0.0,2.394,1.0640000000003056,0.0108
b22_C,_11453_,AOI211,0,0,4,1,35,5,5,0.0,2.394,1.0640000000003056,0.0108
b22_C,_11454_,OAI21,0,0,3,2,37,4,4,0.0,1.862,0.7980000000006839,0.0108
b22_C,_11455_,OR2,0,0,2,1,38,3,2,0.0,1.33,0.26599999999962165,0.0108
b22_C,_11456_,AOI21,0,0,3,1,38,3,2,0.0,1.862,0.7980000000006839,0.0108
b22_C,_11457_,NAND2,0,0,2,1,31,8,7,-4.544253632943196e-06,1.33,0.5320000000010623,0.0108
b22_C,_11458_,NOR4,0,0,4,1,16,14,13,-1.3712021136313979e-05,2.394,1.0640000000003056,0.0108
b22_C,_11459_,NAND2,0,0,2,1,18,15,14,0.0,1.33,0.5320000000010623,0.0108
b22_C,_11460_,NOR3,0,0,3,1,19,14,13,-1.8626155879886142e-06,1.862,0.7980000000006839,0.0108
b22_C,_11461_,NOR3,0,0,3,1,14,14,13,-4.6499339498184966e-05,1.862,0.7980000000006839,0.0108
b22_C,_11462_,AND4,0,0,4,1,20,13,12,-1.3210039950806163e-08,1.862,0.26599999999962165,0.0108
b22_C,_11463_,NAND3,0,0,3,1,21,12,11,-1.4398943199989134e-06,1.862,0.7980000000006839,0.0108
b22_C,_11464_,OR4,0,0,4,1,23,11,10,-1.9815059459915574e-07,1.862,0.26599999999962165,0.0108
b22_C,_11465_,NOR4,0,0,4,1,26,10,9,0.0,2.394,1.0640000000003056,0.0108
b22_C,_11466_,AND4,0,0,4,1,28,9,8,0.0,1.862,0.26599999999962165,0.0108
b22_C,_11467_,NAND3,0,0,3,1,31,8,7,-1.4531043612819872e-07,1.862,0.7980000000006839,0.0108
b22_C,_11468_,NOR4,0,0,4,1,33,7,6,-1.2021136066575622e-06,2.394,1.0640000000003056,0.0108
b22_C,_11469_,OAI211,0,0,4,1,34,6,5,-4.980184940661658e-06,2.394,1.0640000000003056,0.0108
b22_C,_11470_,AOI221,0,0,5,1,35,5,4,-4.532364597098493e-05,2.926,1.3300000000017462,0.0108
b22_C,_11471_,OAI21,0,0,3,1,36,4,3,-4.4002642007878734e-05,1.862,0.7980000000006839,0.0108
b22_C,_11472_,XNOR2,0,0,2,1,37,3,2,-2.6420079457523116e-08,2.66,1.0640000000003056,0.0108
b22_C,_11473_,AOI222,0,1,6,1,39,2,1,1.0832232495427974e-06,3.724,1.5960000000013679,0.0108
b22_C,_11474_,OAI22,0,1,4,0,40,1,0,-1.46763540291861e-05,2.394,1.0640000000003056,0.0108
b22_C,_11475_,AND3,0,0,3,1,12,2,1,-0.00027072655217996733,1.596,0.26599999999962165,0.0108
b22_C,_11476_,AOI21,0,1,3,0,14,1,0,-2.663143989445338e-05,1.862,0.7980000000006839,0.0108
b22_C,_11477_,AND2,0,0,2,1,12,2,1,-0.00010137384412178818,1.33,0.26599999999962165,0.0108
b22_C,_11478_,AOI21,0,1,3,0,14,1,0,-2.663143989445338e-05,1.862,0.7980000000006839,0.0108
b22_C,_11479_,CLKBUF,0,0,1,10,9,4,35,1.3210039639943716e-07,1.064,0.26599999999962165,0.0108
b22_C,_11480_,NOR2,0,0,2,2,8,5,43,0.0,1.33,0.5320000000010623,0.0108
b22_C,_11481_,CLKBUF,0,0,1,10,9,4,38,0.0,1.064,0.26599999999962165,0.0108
b22_C,_11482_,AOI22,0,0,4,1,13,3,3,-1.5838837516657378e-05,2.394,1.0640000000003056,0.0108
b22_C,_11483_,NAND2,0,2,2,2,17,2,2,-1.2668428005291332e-05,1.33,0.5320000000010623,0.0108
b22_C,_11484_,INV,0,0,1,1,10,6,50,0.0,0.798,0.26599999999962165,0.0108
b22_C,_11485_,AOI21,0,0,3,1,14,5,49,0.0,1.862,0.7980000000006839,0.0108
b22_C,_11486_,AND4,0,0,4,1,14,5,49,-2.6420079457523116e-08,1.862,0.26599999999962165,0.0108
b22_C,_11487_,OAI21,0,0,3,8,15,4,48,-0.00019529722589184395,1.862,0.7980000000006839,0.0108
b22_C,_11488_,CLKBUF,0,0,1,10,16,3,14,0.0,1.064,0.26599999999962165,0.0108
b22_C,_11489_,MUX2,0,1,3,0,18,1,0,-1.096433289271559e-06,2.394,0.5320000000010623,0.0108
b22_C,_11490_,AOI22,0,0,4,1,15,3,3,-8.305151915455333e-05,2.394,1.0640000000003056,0.0108
b22_C,_11491_,BUF,0,0,1,10,8,4,31,6.499339497922918e-06,1.064,0.26599999999962165,0.0108
b22_C,_11492_,OAI211,0,2,4,2,16,2,2,-2.413474240436919e-05,2.394,1.0640000000003056,0.0108
b22_C,_11493_,MUX2,0,1,3,0,17,1,0,-1.968295904930528e-06,2.394,0.5320000000010623,0.0108
b22_C,_11494_,AOI22,0,0,4,1,15,3,3,-1.552179656560959e-05,2.394,1.0640000000003056,0.0108
b22_C,_11495_,NAND2,0,2,2,2,19,2,2,-1.2734478203713095e-05,1.33,0.5320000000010623,0.0108
b22_C,_11496_,MUX2,0,1,3,0,20,1,0,3.566710697899822e-07,2.394,0.5320000000010623,0.0108
b22_C,_11497_,AOI22,0,0,4,1,15,3,3,-2.8863936591960737e-05,2.394,1.0640000000003056,0.0108
b22_C,_11498_,OAI211,0,2,4,2,19,2,2,-5.643328930005076e-05,2.394,1.0640000000003056,0.0108
b22_C,_11499_,MUX2,0,1,3,0,20,1,0,-2.8929986790604545e-06,2.394,0.5320000000010623,0.0108
b22_C,_11500_,AOI22,0,0,4,1,15,3,3,-4.293262879873083e-06,2.394,1.0640000000003056,0.0108
b22_C,_11501_,NAND2,0,0,2,10,8,5,74,-3.963011896424007e-08,1.33,0.5320000000010623,0.0108
b22_C,_11502_,BUF,0,0,1,10,9,4,33,0.0,1.064,0.26599999999962165,0.0108
b22_C,_11503_,OAI211,0,2,4,2,19,2,2,-5.409511228537944e-05,2.394,1.0640000000003056,0.0108
b22_C,_11504_,MUX2,0,1,3,0,20,1,0,-2.6287978864836248e-06,2.394,0.5320000000010623,0.0108
b22_C,_11505_,AOI222,0,0,6,1,17,3,3,-2.1571994716085285e-05,3.724,1.5960000000013679,0.0108
b22_C,_11506_,NAND2,0,2,2,2,19,2,2,-3.820343461047315e-05,1.33,0.5320000000010623,0.0108
b22_C,_11507_,MUX2,0,1,3,0,20,1,0,-2.866578599824976e-06,2.394,0.5320000000010623,0.0108
b22_C,_11508_,AOI22,0,0,4,1,18,3,3,4.491413472251793e-07,2.394,1.0640000000003056,0.0108
b22_C,_11509_,NAND2,0,2,2,2,20,2,2,-9.973579920830034e-06,1.33,0.5320000000010623,0.0108
b22_C,_11510_,CLKBUF,0,0,1,10,16,2,10,0.0,1.064,0.26599999999962165,0.0108
b22_C,_11511_,MUX2,0,1,3,0,21,1,0,3.4346103028326525e-07,2.394,0.5320000000010623,0.0108
b22_C,_11512_,CLKBUF,0,0,1,10,16,3,18,0.0,1.064,0.26599999999962165,0.0108
b22_C,_11513_,NAND2,0,0,2,1,17,2,1,0.0,1.33,0.5320000000010623,0.0108
b22_C,_11514_,AOI22,0,0,4,1,19,3,3,-2.6420079457523116e-08,2.394,1.0640000000003056,0.0108
b22_C,_11515_,AND3,0,2,3,2,21,2,2,-5.8520475563206276e-06,1.596,0.26599999999962165,0.0108
b22_C,_11516_,CLKBUF,0,0,1,10,16,2,10,0.0,1.064,0.26599999999962165,0.0108
b22_C,_11517_,OAI21,0,1,3,0,22,1,0,-1.1268163804478704e-05,1.862,0.7980000000006839,0.0108
b22_C,_11518_,NAND2,0,0,2,1,17,2,1,0.0,1.33,0.5320000000010623,0.0108
b22_C,_11519_,NOR2,0,0,2,1,19,4,4,-2.096433289322519e-05,1.33,0.5320000000010623,0.0108
b22_C,_11520_,AOI221,0,0,5,1,20,3,3,-2.9062087203435283e-07,2.926,1.3300000000017462,0.0108
b22_C,_11521_,AND2,0,2,2,2,21,2,2,-7.859973579993351e-06,1.33,0.26599999999962165,0.0108
b22_C,_11522_,OAI21,0,1,3,0,22,1,0,-1.03698811098063e-05,1.862,0.7980000000006839,0.0108
b22_C,_11523_,AOI22,0,0,4,1,15,3,3,-3.751651255212707e-06,2.394,1.0640000000003056,0.0108
b22_C,_11524_,OAI211,0,2,4,2,23,2,2,-5.984147952453611e-05,2.394,1.0640000000003056,0.0108
b22_C,_11525_,MUX2,0,1,3,0,24,1,0,-1.770145310553417e-06,2.394,0.5320000000010623,0.0108
b22_C,_11526_,NAND2,0,0,2,1,17,2,1,0.0,1.33,0.5320000000010623,0.0108
b22_C,_11527_,OAI22,0,0,4,1,21,3,3,-3.6829590488896e-05,2.394,1.0640000000003056,0.0108
b22_C,_11528_,AOI211,0,2,4,2,22,2,2,1.4068692205881916e-05,2.394,1.0640000000003056,0.0108
b22_C,_11529_,OAI21,0,1,3,0,23,1,0,-2.7265521796770997e-05,1.862,0.7980000000006839,0.0108
b22_C,_11530_,NAND2,0,0,2,1,17,2,1,0.0,1.33,0.5320000000010623,0.0108
b22_C,_11531_,OAI22,0,0,4,1,22,3,3,-1.8929986790094944e-05,2.394,1.0640000000003056,0.0108
b22_C,_11532_,AOI211,0,2,4,2,24,2,2,-1.741083223261164e-05,2.394,1.0640000000003056,0.0108
b22_C,_11533_,OAI21,0,1,3,0,25,1,0,-2.7305151915513193e-05,1.862,0.7980000000006839,0.0108
b22_C,_11534_,NAND2,0,0,2,1,17,2,1,0.0,1.33,0.5320000000010623,0.0108
b22_C,_11535_,OAI22,0,0,4,1,18,3,3,-5.482166446801884e-06,2.394,1.0640000000003056,0.0108
b22_C,_11536_,AOI211,0,2,4,2,25,2,2,4.412153236321714e-06,2.394,1.0640000000003056,0.0108
b22_C,_11537_,OAI21,0,1,3,0,26,1,0,-2.7305151915513193e-05,1.862,0.7980000000006839,0.0108
b22_C,_11538_,NAND2,0,0,2,1,17,2,1,0.0,1.33,0.5320000000010623,0.0108
b22_C,_11539_,OAI22,0,0,4,1,18,3,3,-5.468956407073122e-06,2.394,1.0640000000003056,0.0108
b22_C,_11540_,AOI211,0,2,4,2,25,2,2,-6.525759577380441e-06,2.394,1.0640000000003056,0.0108
b22_C,_11541_,OAI21,0,1,3,0,26,1,0,-2.7305151915513193e-05,1.862,0.7980000000006839,0.0108
b22_C,_11542_,NAND2,0,0,2,1,17,2,1,0.0,1.33,0.5320000000010623,0.0108
b22_C,_11543_,OAI22,0,0,4,1,24,3,3,-2.739762219294839e-05,2.394,1.0640000000003056,0.0108
b22_C,_11544_,AOI211,0,2,4,2,25,2,2,1.0118890356514143e-05,2.394,1.0640000000003056,0.0108
b22_C,_11545_,OAI21,0,1,3,0,26,1,0,-2.7278731836277714e-05,1.862,0.7980000000006839,0.0108
b22_C,_11546_,NAND2,0,0,2,1,17,2,1,0.0,1.33,0.5320000000010623,0.0108
b22_C,_11547_,OAI222,0,0,6,1,25,3,3,-2.420079260256891e-05,3.724,1.5960000000013679,0.0108
b22_C,_11548_,NOR2,0,2,2,2,26,2,2,4.214002641944603e-06,1.33,0.5320000000010623,0.0108
b22_C,_11549_,OAI21,0,1,3,0,27,1,0,-1.8533685601118677e-05,1.862,0.7980000000006839,0.0108
b22_C,_11550_,NAND2,0,0,2,1,17,2,1,0.0,1.33,0.5320000000010623,0.0108
b22_C,_11551_,OAI22,0,0,4,1,25,3,3,-2.0937912813989712e-05,2.394,1.0640000000003056,0.0108
b22_C,_11552_,AOI211,0,2,4,2,28,2,2,1.8903566710415376e-05,2.394,1.0640000000003056,0.0108
b22_C,_11553_,OAI21,0,1,3,0,29,1,0,-2.7318361955241954e-05,1.862,0.7980000000006839,0.0108
b22_C,_11554_,NAND2,0,0,2,1,17,2,1,0.0,1.33,0.5320000000010623,0.0108
b22_C,_11555_,OR2,0,0,2,1,26,3,3,-1.2681638045020094e-05,1.33,0.26599999999962165,0.0108
b22_C,_11556_,AOI22,0,0,4,1,22,3,3,-5.2047556144962925e-06,2.394,1.0640000000003056,0.0108
b22_C,_11557_,AND3,0,2,3,2,29,2,2,5.548216644557513e-06,1.596,0.26599999999962165,0.0108
b22_C,_11558_,OAI21,0,1,3,0,30,1,0,-1.0026420079523035e-05,1.862,0.7980000000006839,0.0108
b22_C,_11559_,NAND2,0,0,2,1,17,2,1,0.0,1.33,0.5320000000010623,0.0108
b22_C,_11560_,OAI21,0,0,3,1,27,3,3,-1.951122853371956e-05,1.862,0.7980000000006839,0.0108
b22_C,_11561_,OAI21,0,2,3,1,30,3,3,-3.233817701464581e-05,1.862,0.7980000000006839,0.0108
b22_C,_11562_,NOR2,0,2,2,2,31,2,2,1.2021136063244953e-05,1.33,0.5320000000010623,0.0108
b22_C,_11563_,OAI21,0,1,3,0,32,1,0,-1.904887714676562e-05,1.862,0.7980000000006839,0.0108
b22_C,_11564_,NAND2,0,0,2,1,17,2,1,0.0,1.33,0.5320000000010623,0.0108
b22_C,_11565_,OAI22,0,0,4,1,27,3,3,-2.0673712021412882e-05,2.394,1.0640000000003056,0.0108
b22_C,_11566_,AOI211,0,2,4,2,30,2,2,1.3725231175598651e-05,2.394,1.0640000000003056,0.0108
b22_C,_11567_,OAI21,0,1,3,0,31,1,0,-2.7225891677806757e-05,1.862,0.7980000000006839,0.0108
b22_C,_11568_,OAI22,0,0,4,1,29,4,4,-4.039630118901627e-05,2.394,1.0640000000003056,0.0108
b22_C,_11569_,INV,0,0,1,1,30,3,3,0.0,0.798,0.26599999999962165,0.0108
b22_C,_11570_,OAI211,0,2,4,2,31,2,2,-3.759577278761306e-05,2.394,1.0640000000003056,0.0108
b22_C,_11571_,MUX2,0,1,3,0,32,1,0,-2.166446499529684e-06,2.394,0.5320000000010623,0.0108
b22_C,_11572_,OAI22,0,0,4,1,29,4,4,-4.655217965665592e-05,2.394,1.0640000000003056,0.0108
b22_C,_11573_,INV,0,0,1,1,30,3,3,0.0,0.798,0.26599999999962165,0.0108
b22_C,_11574_,OAI211,0,2,4,2,32,2,2,-3.603698811116551e-05,2.394,1.0640000000003056,0.0108
b22_C,_11575_,MUX2,0,1,3,0,33,1,0,-1.7965653900109402e-06,2.394,0.5320000000010623,0.0108
b22_C,_11576_,AOI22,0,0,4,1,26,3,3,-3.424042272137662e-05,2.394,1.0640000000003056,0.0108
b22_C,_11577_,OAI211,0,2,4,2,33,2,2,-7.449141347448673e-05,2.394,1.0640000000003056,0.0108
b22_C,_11578_,MUX2,0,1,3,0,34,1,0,-1.730515191589177e-06,2.394,0.5320000000010623,0.0108
b22_C,_11579_,AOI22,0,0,4,1,31,3,3,-2.2932628797933674e-05,2.394,1.0640000000003056,0.0108
b22_C,_11580_,OAI211,0,2,4,2,33,2,2,-5.591809775462586e-05,2.394,1.0640000000003056,0.0108
b22_C,_11581_,MUX2,0,1,3,0,34,1,0,-2.826948480860736e-06,2.394,0.5320000000010623,0.0108
b22_C,_11582_,AOI22,0,0,4,1,29,3,3,-3.870541611661338e-06,2.394,1.0640000000003056,0.0108
b22_C,_11583_,OAI211,0,2,4,2,35,2,2,-7.62615587848181e-05,2.394,1.0640000000003056,0.0108
b22_C,_11584_,MUX2,0,1,3,0,36,1,0,-1.7437252313179386e-06,2.394,0.5320000000010623,0.0108
b22_C,_11585_,OAI22,0,0,4,1,30,4,4,-1.1558784676513056e-05,2.394,1.0640000000003056,0.0108
b22_C,_11586_,AOI21,0,0,3,1,33,3,3,-1.5217965654068522e-05,1.862,0.7980000000006839,0.0108
b22_C,_11587_,NAND2,0,2,2,2,35,2,2,-3.7040951123001875e-05,1.33,0.5320000000010623,0.0108
b22_C,_11588_,MUX2,0,1,3,0,36,1,0,-2.8797886395537375e-06,2.394,0.5320000000010623,0.0108
b22_C,_11589_,AOI22,0,0,4,1,31,3,3,-1.2483487450642983e-05,2.394,1.0640000000003056,0.0108
b22_C,_11590_,OAI211,0,2,4,2,37,2,2,-7.605019815071223e-05,2.394,1.0640000000003056,0.0108
b22_C,_11591_,MUX2,0,1,3,0,38,1,0,-1.7437252313179386e-06,2.394,0.5320000000010623,0.0108
b22_C,_11592_,OAI221,0,2,5,2,37,2,2,-7.361955085882776e-05,2.926,1.3300000000017462,0.0108
b22_C,_11593_,MUX2,0,1,3,0,38,1,0,-1.71730515208246e-06,2.394,0.5320000000010623,0.0108
b22_C,_11594_,OAI22,0,0,4,1,36,4,4,-4.3210039630148245e-05,2.394,1.0640000000003056,0.0108
b22_C,_11595_,INV,0,0,1,1,37,3,3,0.0,0.798,0.26599999999962165,0.0108
b22_C,_11596_,OAI211,0,2,4,2,39,2,2,-3.322324967003354e-05,2.394,1.0640000000003056,0.0108
b22_C,_11597_,MUX2,0,1,3,0,40,1,0,-1.9022457069528542e-06,2.394,0.5320000000010623,0.0108
b22_C,_11598_,NAND2,0,0,2,1,33,3,3,-1.4266842802701518e-06,1.33,0.5320000000010623,0.0108
b22_C,_11599_,OAI211,1,2,4,2,40,2,2,-9.075297225913381e-05,2.394,1.0640000000003056,0.0108
b22_C,_11600_,MUX2,0,1,3,0,41,1,0,-2.364597093906795e-06,2.394,0.5320000000010623,0.0108
b22_C,_11601_,OAI21,0,2,3,2,35,2,2,-1.2760898282948574e-05,1.862,0.7980000000006839,0.0108
b22_C,_11602_,MUX2,0,1,3,0,36,1,0,-7.793923382237722e-07,2.394,0.5320000000010623,0.0108
b22_C,_11603_,OAI21,0,2,3,2,35,2,2,-2.2985468956626676e-05,1.862,0.7980000000006839,0.0108
b22_C,_11604_,MUX2,0,1,3,0,36,1,0,-2.7212681636967773e-06,2.394,0.5320000000010623,0.0108
b22_C,_11605_,NAND2,0,0,2,1,13,5,49,-8.190224571880123e-07,1.33,0.5320000000010623,0.0108
b22_C,_11606_,NAND3,0,0,3,1,14,5,49,-1.9365918097813406e-05,1.862,0.7980000000006839,0.0108
b22_C,_11607_,AOI21,0,0,3,8,15,4,48,-1.3210039950806163e-08,1.862,0.7980000000006839,0.0108
b22_C,_11608_,BUF,0,0,1,10,16,3,22,0.0,1.064,0.26599999999962165,0.0108
b22_C,_11609_,MUX2,0,1,3,0,18,1,0,-2.377807135633958e-07,2.394,0.5320000000010623,0.0108
b22_C,_11610_,MUX2,0,1,3,0,17,1,0,-1.63804491415398e-06,2.394,0.5320000000010623,0.0108
b22_C,_11611_,MUX2,0,1,3,0,20,1,0,9.643328928721218e-07,2.394,0.5320000000010623,0.0108
b22_C,_11612_,MUX2,0,1,3,0,20,1,0,-2.02113606362353e-06,2.394,0.5320000000010623,0.0108
b22_C,_11613_,MUX2,0,1,3,0,20,1,0,-1.67767503311822e-06,2.394,0.5320000000010623,0.0108
b22_C,_11614_,CLKBUF,0,0,1,10,16,2,10,0.0,1.064,0.26599999999962165,0.0108
b22_C,_11615_,MUX2,0,1,3,0,20,1,0,-1.6908850728469815e-06,2.394,0.5320000000010623,0.0108
b22_C,_11616_,MUX2,0,1,3,0,21,1,0,9.511228533654048e-07,2.394,0.5320000000010623,0.0108
b22_C,_11617_,CLKBUF,0,0,1,10,16,3,18,0.0,1.064,0.26599999999962165,0.0108
b22_C,_11618_,NOR2,0,0,2,1,17,2,1,0.0,1.33,0.5320000000010623,0.0108
b22_C,_11619_,CLKBUF,0,0,1,10,17,2,10,0.0,1.064,0.26599999999962165,0.0108
b22_C,_11620_,AOI21,0,1,3,0,22,1,0,-1.4280052840209834e-05,1.862,0.7980000000006839,0.0108
b22_C,_11621_,NOR2,0,0,2,1,17,2,1,0.0,1.33,0.5320000000010623,0.0108
b22_C,_11622_,AOI21,0,1,3,0,22,1,0,-1.3447820343515104e-05,1.862,0.7980000000006839,0.0108
b22_C,_11623_,MUX2,0,1,3,0,24,1,0,-8.190224571880123e-07,2.394,0.5320000000010623,0.0108
b22_C,_11624_,NOR2,0,0,2,1,17,2,1,0.0,1.33,0.5320000000010623,0.0108
b22_C,_11625_,AOI21,0,1,3,0,23,1,0,-3.517833553501326e-05,1.862,0.7980000000006839,0.0108
b22_C,_11626_,NOR2,0,0,2,1,17,2,1,0.0,1.33,0.5320000000010623,0.0108
b22_C,_11627_,AOI21,0,1,3,0,25,1,0,-3.5217965654199546e-05,1.862,0.7980000000006839,0.0108
b22_C,_11628_,NOR2,0,0,2,1,17,2,1,0.0,1.33,0.5320000000010623,0.0108
b22_C,_11629_,AOI21,0,1,3,0,26,1,0,-3.5217965654199546e-05,1.862,0.7980000000006839,0.0108
b22_C,_11630_,NOR2,0,0,2,1,17,2,1,0.0,1.33,0.5320000000010623,0.0108
b22_C,_11631_,AOI21,0,1,3,0,26,1,0,-3.5217965654199546e-05,1.862,0.7980000000006839,0.0108
b22_C,_11632_,NOR2,0,0,2,1,17,2,1,0.0,1.33,0.5320000000010623,0.0108
b22_C,_11633_,AOI21,0,1,3,0,26,1,0,-3.5204755614470784e-05,1.862,0.7980000000006839,0.0108
b22_C,_11634_,NOR2,0,0,2,1,17,2,1,0.0,1.33,0.5320000000010623,0.0108
b22_C,_11635_,AOI21,0,1,3,0,27,1,0,-2.401585204747647e-05,1.862,0.7980000000006839,0.0108
b22_C,_11636_,NOR2,0,0,2,1,17,2,1,0.0,1.33,0.5320000000010623,0.0108
b22_C,_11637_,AOI21,0,1,3,0,29,1,0,-3.523117569370626e-05,1.862,0.7980000000006839,0.0108
b22_C,_11638_,NOR2,0,0,2,1,17,2,1,0.0,1.33,0.5320000000010623,0.0108
b22_C,_11639_,AOI21,0,1,3,0,30,1,0,-1.3143989431974035e-05,1.862,0.7980000000006839,0.0108
b22_C,_11640_,NOR2,0,0,2,1,17,2,1,0.0,1.33,0.5320000000010623,0.0108
b22_C,_11641_,AOI21,0,1,3,0,32,1,0,-2.4636723910509417e-05,1.862,0.7980000000006839,0.0108
b22_C,_11642_,NOR2,0,0,2,1,17,2,1,0.0,1.33,0.5320000000010623,0.0108
b22_C,_11643_,AOI21,0,1,3,0,31,1,0,-3.5138705416271065e-05,1.862,0.7980000000006839,0.0108
b22_C,_11644_,MUX2,0,1,3,0,32,1,0,-2.2985468957070765e-06,2.394,0.5320000000010623,0.0108
b22_C,_11645_,MUX2,0,1,3,0,33,1,0,-1.0039630120584064e-06,2.394,0.5320000000010623,0.0108
b22_C,_11646_,MUX2,0,1,3,0,34,1,0,-8.454425366455354e-07,2.394,0.5320000000010623,0.0108
b22_C,_11647_,MUX2,0,1,3,0,34,1,0,-2.0607661823657253e-06,2.394,0.5320000000010623,0.0108
b22_C,_11648_,MUX2,0,1,3,0,36,1,0,-7.926023779525337e-07,2.394,0.5320000000010623,0.0108
b22_C,_11649_,MUX2,0,1,3,0,36,1,0,-1.71730515208246e-06,2.394,0.5320000000010623,0.0108
b22_C,_11650_,MUX2,0,1,3,0,38,1,0,-8.190224571880123e-07,2.394,0.5320000000010623,0.0108
b22_C,_11651_,MUX2,0,1,3,0,38,1,0,-8.586525761522523e-07,2.394,0.5320000000010623,0.0108
b22_C,_11652_,MUX2,0,1,3,0,40,1,0,-8.982826948944478e-07,2.394,0.5320000000010623,0.0108
b22_C,_11653_,MUX2,1,1,3,0,41,1,0,-1.4134742405413903e-06,2.394,0.5320000000010623,0.0108
b22_C,_11654_,MUX2,0,1,3,0,36,1,0,1.1624834872492329e-06,2.394,0.5320000000010623,0.0108
b22_C,_11655_,MUX2,0,1,3,0,36,1,0,-1.5852047556830229e-06,2.394,0.5320000000010623,0.0108
b22_C,_11656_,CLKBUF,0,0,1,10,13,3,10,-1.4900924703020735e-05,1.064,0.26599999999962165,0.0108
b22_C,_11657_,NAND2,0,0,2,1,14,2,1,0.0,1.33,0.5320000000010623,0.0108
b22_C,_11658_,OAI21,0,1,3,0,15,1,0,-2.2509907529943973e-05,1.862,0.7980000000006839,0.0108
b22_C,_11659_,MUX2,0,1,3,0,16,1,0,-3.210039630130446e-05,2.394,0.5320000000010623,0.0108
b22_C,_11660_,NAND2,0,0,2,1,14,2,1,0.0,1.33,0.5320000000010623,0.0108
b22_C,_11661_,OAI21,0,1,3,0,15,1,0,-0.002007767503302782,1.862,0.7980000000006839,0.0108
b22_C,_11662_,MUX2,0,1,3,0,16,1,0,-3.566710702340714e-07,2.394,0.5320000000010623,0.0108
b22_C,_11663_,MUX2,0,1,3,0,16,1,0,-1.7516512549775598e-05,2.394,0.5320000000010623,0.0108
b22_C,_11664_,MUX2,0,1,3,0,16,1,0,-2.642007925768297e-07,2.394,0.5320000000010623,0.0108
b22_C,_11665_,MUX2,0,1,3,0,16,1,0,-2.7741083230559127e-07,2.394,0.5320000000010623,0.0108
b22_C,_11666_,MUX2,0,1,3,0,16,1,0,-2.377807135633958e-07,2.394,0.5320000000010623,0.0108
b22_C,_11667_,MUX2,0,1,3,0,16,1,0,-2.2813738441263e-05,2.394,0.5320000000010623,0.0108
b22_C,_11668_,CLKBUF,0,2,1,10,15,2,10,2.6763540290630772e-05,1.064,0.26599999999962165,0.0108
b22_C,_11669_,MUX2,0,1,3,0,16,1,0,-2.5891677675193847e-05,2.394,0.5320000000010623,0.0108
b22_C,_11670_,MUX2,0,1,3,0,16,1,0,-3.830911492475053e-07,2.394,0.5320000000010623,0.0108
b22_C,_11671_,MUX2,0,1,3,0,16,1,0,-2.6274768824441352e-05,2.394,0.5320000000010623,0.0108
b22_C,_11672_,MUX2,0,1,3,0,16,1,0,-2.7741083230559127e-07,2.394,0.5320000000010623,0.0108
b22_C,_11673_,MUX2,0,1,3,0,16,1,0,-7.199471598662299e-06,2.394,0.5320000000010623,0.0108
b22_C,_11674_,MUX2,0,1,3,0,16,1,0,-1.4729194187657058e-05,2.394,0.5320000000010623,0.0108
b22_C,_11675_,MUX2,0,1,3,0,16,1,0,-8.190224569659676e-07,2.394,0.5320000000010623,0.0108
b22_C,_11676_,MUX2,0,1,3,0,16,1,0,-4.887714666335086e-07,2.394,0.5320000000010623,0.0108
b22_C,_11677_,MUX2,0,1,3,0,16,1,0,-8.678996037181363e-06,2.394,0.5320000000010623,0.0108
b22_C,_11678_,MUX2,0,1,3,0,16,1,0,-7.661822987170552e-07,2.394,0.5320000000010623,0.0108
b22_C,_11679_,MUX2,0,1,3,0,15,1,0,-1.3698811096585217e-05,2.394,0.5320000000010623,0.0108
b22_C,_11680_,MUX2,0,1,3,0,15,1,0,-1.3976221928890808e-05,2.394,0.5320000000010623,0.0108
b22_C,_11681_,MUX2,0,1,3,0,17,1,0,-5.957727873262542e-06,2.394,0.5320000000010623,0.0108
b22_C,_11682_,NAND2,0,0,2,1,14,2,1,0.0,1.33,0.5320000000010623,0.0108
b22_C,_11683_,OAI21,0,1,3,0,17,1,0,-3.698811096519705e-06,1.862,0.7980000000006839,0.0108
b22_C,_11684_,MUX2,0,1,3,0,18,1,0,-5.9180977542983015e-06,2.394,0.5320000000010623,0.0108
b22_C,_11685_,MUX2,0,1,3,0,18,1,0,-1.4768824306621298e-05,2.394,0.5320000000010623,0.0108
b22_C,_11686_,MUX2,0,1,3,0,18,1,0,-6.129458388404174e-06,2.394,0.5320000000010623,0.0108
b22_C,_11687_,NAND2,0,0,2,1,14,2,1,0.0,1.33,0.5320000000010623,0.0108
b22_C,_11688_,OAI21,0,1,3,0,20,1,0,-3.2892998680367214e-06,1.862,0.7980000000006839,0.0108
b22_C,_11689_,MUX2,0,1,3,0,21,1,0,-1.4266842800481072e-05,2.394,0.5320000000010623,0.0108
b22_C,_11690_,NOR2,0,0,2,1,16,2,1,-1.1492734478313338e-05,1.33,0.5320000000010623,0.0108
b22_C,_11691_,AOI21,0,1,3,0,21,1,0,-1.2760898282948574e-05,1.862,0.7980000000006839,0.0108
b22_C,_11692_,NAND2,0,0,2,1,13,2,1,-4.914134742417531e-05,1.33,0.5320000000010623,0.0108
b22_C,_11693_,OAI21,0,1,3,0,19,1,0,-3.7780713342261407e-06,1.862,0.7980000000006839,0.0108
b22_C,_11694_,NAND2,0,0,2,1,13,2,1,-4.914134742417531e-05,1.33,0.5320000000010623,0.0108
b22_C,_11695_,OAI21,0,1,3,0,19,1,0,-2.562747688283906e-06,1.862,0.7980000000006839,0.0108
b22_C,_11696_,MUX2,0,1,3,0,19,1,0,-8.177014531041138e-06,2.394,0.5320000000010623,0.0108
b22_C,_11697_,XOR2,0,0,2,1,1,8,13,0.0,2.394,0.7980000000006839,0.0108
b22_C,_11698_,INV,0,0,1,2,1,10,21,0.0,0.798,0.26599999999962165,0.0108
b22_C,_11699_,NAND2,0,0,2,1,2,9,19,0.0,1.33,0.5320000000010623,0.0108
b22_C,_11700_,INV,0,0,1,2,1,13,34,0.0,0.798,0.26599999999962165,0.0108
b22_C,_11701_,NAND2,0,0,2,1,2,12,32,0.0,1.33,0.5320000000010623,0.0108
b22_C,_11702_,INV,0,0,1,2,1,15,42,0.0,0.798,0.26599999999962165,0.0108
b22_C,_11703_,NOR2,0,0,2,1,2,14,40,0.0,1.33,0.5320000000010623,0.0108
b22_C,_11704_,INV,0,0,1,2,1,17,50,0.0,0.798,0.26599999999962165,0.0108
b22_C,_11705_,NOR2,0,0,2,1,2,16,48,0.0,1.33,0.5320000000010623,0.0108
b22_C,_11706_,INV,0,0,1,2,1,20,60,0.0,0.798,0.26599999999962165,0.0108
b22_C,_11707_,NAND2,0,0,2,1,2,19,58,0.0,1.33,0.5320000000010623,0.0108
b22_C,_11708_,INV,0,0,1,2,1,22,67,0.0,0.798,0.26599999999962165,0.0108
b22_C,_11709_,NOR2,0,0,2,1,2,21,65,0.0,1.33,0.5320000000010623,0.0108
b22_C,_11710_,INV,0,0,1,2,1,24,72,0.0,0.798,0.26599999999962165,0.0108
b22_C,_11711_,NAND2,0,0,2,1,2,23,70,0.0,1.33,0.5320000000010623,0.0108
b22_C,_11712_,INV,0,0,1,2,1,26,82,0.0,0.798,0.26599999999962165,0.0108
b22_C,_11713_,NAND2,0,0,2,1,2,25,80,0.0,1.33,0.5320000000010623,0.0108
b22_C,_11714_,INV,0,0,1,2,1,29,98,0.0,0.798,0.26599999999962165,0.0108
b22_C,_11715_,NOR2,0,0,2,1,2,28,96,0.0,1.33,0.5320000000010623,0.0108
b22_C,_11716_,INV,0,0,1,2,1,30,105,0.0,0.798,0.26599999999962165,0.0108
b22_C,_11717_,NAND2,0,0,2,1,2,29,103,0.0,1.33,0.5320000000010623,0.0108
b22_C,_11718_,INV,0,0,1,2,1,34,121,0.0,0.798,0.26599999999962165,0.0108
b22_C,_11719_,NOR2,0,0,2,1,2,33,119,0.0,1.33,0.5320000000010623,0.0108
b22_C,_11720_,INV,0,0,1,2,1,38,136,0.0,0.798,0.26599999999962165,0.0108
b22_C,_11721_,NAND2,0,0,2,1,2,37,134,-4.129458388391072e-05,1.33,0.5320000000010623,0.0108
b22_C,_11722_,INV,0,1,1,1,1,38,142,2.377807133413512e-07,0.798,0.26599999999962165,0.0108
b22_C,_11723_,NAND2,0,1,2,2,2,37,141,-1.4531043592835857e-06,1.33,0.5320000000010623,0.0108
b22_C,_11724_,NOR2,0,0,2,1,2,37,134,-3.591809775449484e-05,1.33,0.5320000000010623,0.0108
b22_C,_11725_,OAI21,0,1,3,2,3,36,133,1.1756935270668123e-05,1.862,0.7980000000006839,0.0108
b22_C,_11726_,INV,0,0,1,1,1,36,126,0.0,0.798,0.26599999999962165,0.0108
b22_C,_11727_,AOI21,0,0,3,1,4,35,125,-2.121532364607326e-05,1.862,0.7980000000006839,0.0108
b22_C,_11728_,INV,0,0,1,1,1,35,125,0.0,0.798,0.26599999999962165,0.0108
b22_C,_11729_,AOI21,0,0,3,2,5,34,124,0.0,1.862,0.7980000000006839,0.0108
b22_C,_11730_,NAND2,0,0,2,1,2,33,119,0.0,1.33,0.5320000000010623,0.0108
b22_C,_11731_,AOI21,0,0,3,2,6,32,118,-1.8494055482598526e-06,1.862,0.7980000000006839,0.0108
b22_C,_11732_,INV,0,0,1,1,1,31,109,0.0,0.798,0.26599999999962165,0.0108
b22_C,_11733_,OAI21,0,0,3,1,7,30,108,-1.188903568927202e-07,1.862,0.7980000000006839,0.0108
b22_C,_11734_,INV,0,0,1,1,1,30,108,0.0,0.798,0.26599999999962165,0.0108
b22_C,_11735_,OAI21,0,0,3,2,8,29,107,0.0,1.862,0.7980000000006839,0.0108
b22_C,_11736_,NOR2,0,0,2,1,2,29,103,0.0,1.33,0.5320000000010623,0.0108
b22_C,_11737_,OAI21,0,0,3,2,9,28,102,0.0,1.862,0.7980000000006839,0.0108
b22_C,_11738_,NAND2,0,0,2,1,2,28,96,0.0,1.33,0.5320000000010623,0.0108
b22_C,_11739_,AOI21,0,0,3,2,10,27,95,-5.468956407073122e-06,1.862,0.7980000000006839,0.0108
b22_C,_11740_,INV,0,0,1,1,1,27,86,0.0,0.798,0.26599999999962165,0.0108
b22_C,_11741_,OAI21,0,0,3,1,11,26,85,-5.1651254955320525e-06,1.862,0.7980000000006839,0.0108
b22_C,_11742_,INV,0,0,1,1,1,26,85,0.0,0.798,0.26599999999962165,0.0108
b22_C,_11743_,OAI21,0,0,3,2,12,25,84,0.0,1.862,0.7980000000006839,0.0108
b22_C,_11744_,NOR2,0,0,2,1,2,25,80,0.0,1.33,0.5320000000010623,0.0108
b22_C,_11745_,OAI21,0,0,3,2,13,24,79,0.0,1.862,0.7980000000006839,0.0108
b22_C,_11746_,NOR2,0,0,2,1,2,23,70,0.0,1.33,0.5320000000010623,0.0108
b22_C,_11747_,OAI21,0,0,3,2,14,22,69,0.0,1.862,0.7980000000006839,0.0108
b22_C,_11748_,NAND2,0,0,2,1,2,21,65,0.0,1.33,0.5320000000010623,0.0108
b22_C,_11749_,AOI21,0,0,3,2,15,20,64,0.0,1.862,0.7980000000006839,0.0108
b22_C,_11750_,NOR2,0,0,2,1,2,19,58,0.0,1.33,0.5320000000010623,0.0108
b22_C,_11751_,OAI21,0,0,3,2,16,18,57,-3.566710702340714e-07,1.862,0.7980000000006839,0.0108
b22_C,_11752_,NAND2,0,0,2,1,2,16,48,0.0,1.33,0.5320000000010623,0.0108
b22_C,_11753_,AOI21,0,0,3,2,17,15,47,0.0,1.862,0.7980000000006839,0.0108
b22_C,_11754_,NAND2,0,0,2,1,2,14,40,0.0,1.33,0.5320000000010623,0.0108
b22_C,_11755_,AOI21,0,0,3,2,18,13,39,-2.6420079457523116e-08,1.862,0.7980000000006839,0.0108
b22_C,_11756_,NOR2,0,0,2,1,2,12,32,0.0,1.33,0.5320000000010623,0.0108
b22_C,_11757_,OAI21,0,0,3,2,19,11,31,0.0,1.862,0.7980000000006839,0.0108
b22_C,_11758_,INV,0,0,1,1,1,11,27,0.0,0.798,0.26599999999962165,0.0108
b22_C,_11759_,AOI21,0,0,3,1,20,10,26,0.0,1.862,0.7980000000006839,0.0108
b22_C,_11760_,INV,0,0,1,1,1,10,26,0.0,0.798,0.26599999999962165,0.0108
b22_C,_11761_,AOI21,0,0,3,2,21,9,25,0.0,1.862,0.7980000000006839,0.0108
b22_C,_11762_,NOR2,0,0,2,1,2,9,19,0.0,1.33,0.5320000000010623,0.0108
b22_C,_11763_,OAI21,0,0,3,2,22,8,18,0.0,1.862,0.7980000000006839,0.0108
b22_C,_11764_,XNOR2,0,0,2,3,23,7,12,0.0,2.66,1.0640000000003056,0.0108
b22_C,_11765_,NOR2,0,0,2,1,24,6,8,0.0,1.33,0.5320000000010623,0.0108
b22_C,_11766_,INV,0,0,1,1,1,10,16,0.0,0.798,0.26599999999962165,0.0108
b22_C,_11767_,XOR2,0,0,2,1,1,18,36,0.0,2.394,0.7980000000006839,0.0108
b22_C,_11768_,XNOR2,0,0,2,3,17,17,35,0.0,2.66,1.0640000000003056,0.0108
b22_C,_11769_,NOR2,0,0,2,1,18,16,31,0.0,1.33,0.5320000000010623,0.0108
b22_C,_11770_,XNOR2,0,0,2,1,1,24,48,0.0,2.66,1.0640000000003056,0.0108
b22_C,_11771_,XNOR2,0,0,2,2,14,23,47,0.0,2.66,1.0640000000003056,0.0108
b22_C,_11772_,OR2,0,0,2,2,15,22,44,0.0,1.33,0.26599999999962165,0.0108
b22_C,_11773_,INV,0,0,1,2,1,24,46,0.0,0.798,0.26599999999962165,0.0108
b22_C,_11774_,XOR2,0,0,2,1,1,27,55,0.0,2.394,0.7980000000006839,0.0108
b22_C,_11775_,XNOR2,0,0,2,2,11,26,54,-1.3077939235994762e-06,2.66,1.0640000000003056,0.0108
b22_C,_11776_,OR2,0,0,2,2,12,25,51,0.0,1.33,0.26599999999962165,0.0108
b22_C,_11777_,XNOR2,0,0,2,1,1,28,56,0.0,2.66,1.0640000000003056,0.0108
b22_C,_11778_,XNOR2,0,0,2,3,10,27,55,-1.4293262879938595e-05,2.66,1.0640000000003056,0.0108
b22_C,_11779_,NOR2,0,0,2,1,11,26,51,0.0,1.33,0.5320000000010623,0.0108
b22_C,_11780_,XOR2,0,0,2,1,1,32,64,0.0,2.394,0.7980000000006839,0.0108
b22_C,_11781_,XNOR2,0,0,2,3,7,31,63,-5.931307794027063e-06,2.66,1.0640000000003056,0.0108
b22_C,_11782_,NOR2,0,0,2,1,8,30,59,-1.5719947159542613e-06,1.33,0.5320000000010623,0.0108
b22_C,_11783_,XNOR2,0,0,2,1,1,34,65,0.0,2.66,1.0640000000003056,0.0108
b22_C,_11784_,XNOR2,0,0,2,2,6,33,64,-2.529722589184047e-05,2.66,1.0640000000003056,0.0108
b22_C,_11785_,XNOR2,0,0,2,1,1,36,71,0.0,2.66,1.0640000000003056,0.0108
b22_C,_11786_,XNOR2,0,1,2,3,4,35,70,-2.2007926023803748e-05,2.66,1.0640000000003056,0.0108
b22_C,_11787_,NAND2,0,0,2,1,5,34,66,-7.569352708181043e-06,1.33,0.5320000000010623,0.0108
b22_C,_11788_,XOR2,0,1,2,2,1,37,75,3.566710700120268e-07,2.394,0.7980000000006839,0.0108
b22_C,_11789_,NAND2,0,0,2,2,2,36,73,-4.68956406884935e-06,1.33,0.5320000000010623,0.0108
b22_C,_11790_,XNOR2,0,18,2,1,1,37,74,9.494055482162089e-05,2.66,1.0640000000003056,0.0108
b22_C,_11791_,XNOR2,0,18,2,2,3,36,73,-1.657859973591691e-05,2.66,1.0640000000003056,0.0108
b22_C,_11792_,NAND2,0,0,2,2,4,35,70,-0.00014668428005304435,1.33,0.5320000000010623,0.0108
b22_C,_11793_,NOR2,0,18,2,2,4,35,71,-2.9471598415042877e-05,1.33,0.5320000000010623,0.0108
b22_C,_11794_,OAI21,0,18,3,3,5,34,69,0.00031492734478200113,1.862,0.7980000000006839,0.0108
b22_C,_11795_,NOR2,0,0,2,1,5,34,66,-7.225891677675733e-06,1.33,0.5320000000010623,0.0108
b22_C,_11796_,OAI21,0,17,3,3,6,33,65,1.0184940554713862e-05,1.862,0.7980000000006839,0.0108
b22_C,_11797_,OAI21,0,16,3,1,7,32,62,4.676354028898544e-06,1.862,0.7980000000006839,0.0108
b22_C,_11798_,INV,0,16,1,1,8,31,61,-0.00013043593130790399,0.798,0.26599999999962165,0.0108
b22_C,_11799_,AOI21,0,16,3,2,9,30,60,8.998678996019471e-05,1.862,0.7980000000006839,0.0108
b22_C,_11800_,NAND2,0,0,2,1,8,30,59,-2.2457067372361195e-06,1.33,0.5320000000010623,0.0108
b22_C,_11801_,AOI21,0,15,3,2,10,29,58,-9.879788639377551e-05,1.862,0.7980000000006839,0.0108
b22_C,_11802_,OR2,0,15,2,2,11,27,55,7.060766182287459e-05,1.33,0.26599999999962165,0.0108
b22_C,_11803_,NAND2,0,0,2,2,11,28,56,-0.0001136988110965742,1.33,0.5320000000010623,0.0108
b22_C,_11804_,XNOR2,0,0,2,1,1,29,56,0.0,2.66,1.0640000000003056,0.0108
b22_C,_11805_,XNOR2,0,0,2,2,9,28,55,-4.57067371195663e-06,2.66,1.0640000000003056,0.0108
b22_C,_11806_,NAND2,0,0,2,1,12,27,53,0.0,1.33,0.5320000000010623,0.0108
b22_C,_11807_,NAND2,0,14,2,2,13,26,52,3.60634081899569e-05,1.33,0.5320000000010623,0.0108
b22_C,_11808_,NAND2,0,0,2,1,11,26,51,0.0,1.33,0.5320000000010623,0.0108
b22_C,_11809_,AOI21,0,13,3,2,14,25,50,-9.7490092469954e-06,1.862,0.7980000000006839,0.0108
b22_C,_11810_,AND2,0,0,2,2,12,25,52,-9.379128138586879e-07,1.33,0.26599999999962165,0.0108
b22_C,_11811_,OAI21,0,12,3,3,15,24,48,0.0002105812417436681,1.862,0.7980000000006839,0.0108
b22_C,_11812_,NOR2,0,0,2,1,16,23,44,-0.0001534081902248019,1.33,0.5320000000010623,0.0108
b22_C,_11813_,XNOR2,0,0,2,1,1,25,47,0.0,2.66,1.0640000000003056,0.0108
b22_C,_11814_,XNOR2,0,0,2,2,13,24,46,0.0,2.66,1.0640000000003056,0.0108
b22_C,_11815_,AOI21,0,11,3,1,16,23,44,-9.957727873199929e-05,1.862,0.7980000000006839,0.0108
b22_C,_11816_,OR2,0,11,2,2,17,22,43,6.147952443846805e-05,1.33,0.26599999999962165,0.0108
b22_C,_11817_,AND2,0,0,2,2,15,22,45,0.0,1.33,0.26599999999962165,0.0108
b22_C,_11818_,OAI21,0,10,3,3,18,21,41,0.00018088507265501264,1.862,0.7980000000006839,0.0108
b22_C,_11819_,NOR2,0,0,2,1,19,20,37,-0.00012792602377831308,1.33,0.5320000000010623,0.0108
b22_C,_11820_,XNOR2,0,0,2,1,1,22,40,0.0,2.66,1.0640000000003056,0.0108
b22_C,_11821_,XNOR2,0,0,2,2,15,21,39,0.0,2.66,1.0640000000003056,0.0108
b22_C,_11822_,AOI21,0,9,3,1,19,20,37,-8.357992073992904e-05,1.862,0.7980000000006839,0.0108
b22_C,_11823_,OR2,0,9,2,2,20,19,36,5.466314398949734e-05,1.33,0.26599999999962165,0.0108
b22_C,_11824_,XNOR2,0,0,2,1,1,20,38,0.0,2.66,1.0640000000003056,0.0108
b22_C,_11825_,XNOR2,0,0,2,3,16,19,37,0.0,2.66,1.0640000000003056,0.0108
b22_C,_11826_,OAI21,0,8,3,1,21,18,34,-9.616908850818007e-06,1.862,0.7980000000006839,0.0108
b22_C,_11827_,INV,0,8,1,1,22,17,33,-2.183619550844007e-05,0.798,0.26599999999962165,0.0108
b22_C,_11828_,AOI21,0,8,3,2,23,16,32,9.686922060758718e-05,1.862,0.7980000000006839,0.0108
b22_C,_11829_,NAND2,0,0,2,1,18,16,31,0.0,1.33,0.5320000000010623,0.0108
b22_C,_11830_,AOI21,0,7,3,2,24,15,30,-6.073976221943056e-05,1.862,0.7980000000006839,0.0108
b22_C,_11831_,AND2,0,0,2,3,25,13,27,-2.3672391017193206e-05,1.33,0.26599999999962165,0.0108
b22_C,_11832_,OR2,0,7,2,2,25,14,27,3.02906208717868e-05,1.33,0.26599999999962165,0.0108
b22_C,_11833_,XNOR2,0,0,2,1,1,15,28,0.0,2.66,1.0640000000003056,0.0108
b22_C,_11834_,XNOR2,0,0,2,2,18,14,27,0.0,2.66,1.0640000000003056,0.0108
b22_C,_11835_,AND2,0,7,2,3,26,13,25,3.282694848083523e-05,1.33,0.26599999999962165,0.0108
b22_C,_11836_,OR3,0,6,3,3,27,11,21,8.494055482177743e-05,1.596,0.26599999999962165,0.0108
b22_C,_11837_,OAI21,0,0,3,2,27,12,22,-3.0990752972304136e-05,1.862,0.7980000000006839,0.0108
b22_C,_11838_,XNOR2,0,0,2,1,1,13,22,0.0,2.66,1.0640000000003056,0.0108
b22_C,_11839_,XNOR2,0,0,2,2,19,12,21,0.0,2.66,1.0640000000003056,0.0108
b22_C,_11840_,NAND2,0,0,2,2,28,11,19,-9.247027743519709e-08,1.33,0.5320000000010623,0.0108
b22_C,_11841_,NAND2,0,0,2,1,29,10,16,-3.171730515205695e-05,1.33,0.5320000000010623,0.0108
b22_C,_11842_,NAND2,0,0,2,2,30,9,15,2.642007925768297e-07,1.33,0.5320000000010623,0.0108
b22_C,_11843_,NAND3,0,5,3,2,29,10,16,-6.10303830939074e-06,1.862,0.7980000000006839,0.0108
b22_C,_11844_,XOR2,0,0,2,1,1,11,16,0.0,2.394,0.7980000000006839,0.0108
b22_C,_11845_,XNOR2,0,0,2,2,20,10,15,1.849405548037808e-06,2.66,1.0640000000003056,0.0108
b22_C,_11846_,NAND2,0,4,2,1,30,9,13,-1.68031704095295e-05,1.33,0.5320000000010623,0.0108
b22_C,_11847_,NAND2,0,4,2,2,31,8,12,2.8665785993808868e-06,1.33,0.5320000000010623,0.0108
b22_C,_11848_,XOR2,0,0,2,1,1,9,15,0.0,2.394,0.7980000000006839,0.0108
b22_C,_11849_,XNOR2,0,0,2,3,22,8,14,5.2840158519806835e-06,2.66,1.0640000000003056,0.0108
b22_C,_11850_,INV,0,0,1,1,1,8,11,0.0,0.798,0.26599999999962165,0.0108
b22_C,_11851_,AOI21,0,3,3,1,32,7,10,-1.988110964346035e-05,1.862,0.7980000000006839,0.0108
b22_C,_11852_,INV,0,0,1,1,23,7,10,-2.5231175695417107e-06,0.798,0.26599999999962165,0.0108
b22_C,_11853_,AOI21,0,3,3,2,33,6,9,3.974900924696989e-05,1.862,0.7980000000006839,0.0108
b22_C,_11854_,NAND2,0,0,2,1,24,6,8,0.0,1.33,0.5320000000010623,0.0108
b22_C,_11855_,AOI21,0,2,3,2,34,5,7,-2.4042272126933995e-05,1.862,0.7980000000006839,0.0108
b22_C,_11856_,NAND2,0,0,2,2,35,3,4,-1.4848084544327733e-05,1.33,0.5320000000010623,0.0108
b22_C,_11857_,OR2,0,2,2,2,35,4,5,1.1862615587610037e-05,1.33,0.26599999999962165,0.0108
b22_C,_11858_,XNOR2,0,0,2,1,1,5,5,0.0,2.66,1.0640000000003056,0.0108
b22_C,_11859_,INV,0,0,1,2,1,7,11,0.0,0.798,0.26599999999962165,0.0108
b22_C,_11860_,NOR2,0,0,2,1,2,6,9,0.0,1.33,0.5320000000010623,0.0108
b22_C,_11861_,NAND2,0,0,2,1,2,6,9,0.0,1.33,0.5320000000010623,0.0108
b22_C,_11862_,AOI21,0,0,3,2,23,5,8,7.926023770643553e-08,1.862,0.7980000000006839,0.0108
b22_C,_11863_,XNOR2,0,0,2,2,24,4,4,1.3210039506716953e-08,2.66,1.0640000000003056,0.0108
b22_C,_11864_,NAND2,0,1,2,1,36,3,2,-6.618229854815638e-06,1.33,0.5320000000010623,0.0108
b22_C,_11865_,NAND2,0,1,2,1,37,2,1,-3.2892998680367214e-06,1.33,0.5320000000010623,0.0108
b22_C,_11866_,XNOR2,0,0,2,1,1,4,3,-0.00035121532364623675,2.66,1.0640000000003056,0.0108
b22_C,_11867_,XNOR2,0,0,2,1,2,3,2,0.0,2.66,1.0640000000003056,0.0108
b22_C,_11868_,INV,0,0,1,1,1,5,4,0.0,0.798,0.26599999999962165,0.0108
b22_C,_11869_,OAI21,0,0,3,1,24,4,3,-1.0568031716395865e-07,1.862,0.7980000000006839,0.0108
b22_C,_11870_,INV,0,0,1,1,1,4,3,0.0,0.798,0.26599999999962165,0.0108
b22_C,_11871_,OAI21,0,0,3,1,25,3,2,0.0,1.862,0.7980000000006839,0.0108
b22_C,_11872_,XNOR2,0,0,2,1,26,2,1,0.0,2.66,1.0640000000003056,0.0108
b22_C,_11873_,XNOR2,0,1,2,0,38,1,0,-2.6552179657191033e-06,2.66,1.0640000000003056,0.0108
b22_C,_11874_,NAND2,0,0,2,1,5,2,1,-9.523117569387729e-05,1.33,0.5320000000010623,0.0108
b22_C,_11875_,OAI21,0,1,3,1,6,2,1,-0.0002290488771468091,1.862,0.7980000000006839,0.0108
b22_C,_11876_,NAND2,0,1,2,0,7,1,0,-5.693527080685712e-06,1.33,0.5320000000010623,0.0108
b22_C,_11877_,XOR2,0,1,2,0,2,1,0,-1.2179656539101913e-05,2.394,0.7980000000006839,0.0108
b22_C,_11878_,INV,0,0,1,1,16,3,2,0.0,0.798,0.26599999999962165,0.0108
b22_C,_11879_,NAND2,0,0,2,1,17,2,1,0.0,1.33,0.5320000000010623,0.0108
b22_C,_11880_,XNOR2,0,1,2,0,18,1,0,-5.375165125509618e-05,2.66,1.0640000000003056,0.0108
b22_C,_11881_,XNOR2,0,1,2,1,16,2,1,-0.00019408190224590172,2.66,1.0640000000003056,0.0108
b22_C,_11882_,XNOR2,0,1,2,0,17,1,0,-1.1783355350125646e-05,2.66,1.0640000000003056,0.0108
b22_C,_11883_,INV,0,0,1,1,13,3,2,0.0,0.798,0.26599999999962165,0.0108
b22_C,_11884_,NAND2,0,0,2,1,14,2,1,0.0,1.33,0.5320000000010623,0.0108
b22_C,_11885_,XNOR2,0,1,2,0,15,1,0,-7.507265521811135e-05,2.66,1.0640000000003056,0.0108
b22_C,_11886_,XOR2,0,0,2,1,11,2,1,0.0,2.394,0.7980000000006839,0.0108
b22_C,_11887_,XNOR2,0,1,2,0,14,1,0,-0.00010636723910173451,2.66,1.0640000000003056,0.0108
b22_C,_11888_,AND2,0,1,2,1,12,2,1,-3.424042272137662e-05,1.33,0.26599999999962165,0.0108
b22_C,_11889_,XNOR2,0,1,2,0,13,1,0,-2.3249669751645996e-06,2.66,1.0640000000003056,0.0108
b22_C,_11890_,XOR2,0,0,2,1,8,2,1,0.0,2.394,0.7980000000006839,0.0108
b22_C,_11891_,XNOR2,0,1,2,0,10,1,0,-0.0002366710700134611,2.66,1.0640000000003056,0.0108
b22_C,_11892_,XNOR2,0,1,2,1,7,2,1,-0.00015058124174371912,2.66,1.0640000000003056,0.0108
b22_C,_11893_,XNOR2,0,1,2,0,8,1,0,-6.20871862611061e-06,2.66,1.0640000000003056,0.0108
b22_C,_11894_,XOR2,0,1,2,1,5,2,1,5.284015847095702e-08,2.394,0.7980000000006839,0.0108
b22_C,_11895_,XNOR2,0,1,2,0,6,1,0,-0.00028450462351403694,2.66,1.0640000000003056,0.0108
b22_C,_11896_,NAND2,0,1,2,1,36,2,1,-6.737120211486314e-06,1.33,0.5320000000010623,0.0108
b22_C,_11897_,XNOR2,0,1,2,0,37,1,0,-5.284015852202728e-06,2.66,1.0640000000003056,0.0108
b22_C,_11898_,XOR2,0,0,2,1,24,2,1,0.0,2.394,0.7980000000006839,0.0108
b22_C,_11899_,XNOR2,0,1,2,0,34,1,0,-4.072655217979282e-05,2.66,1.0640000000003056,0.0108
b22_C,_11900_,XNOR2,0,0,2,1,23,2,1,-3.606340819084508e-06,2.66,1.0640000000003056,0.0108
b22_C,_11901_,XNOR2,0,1,2,0,32,1,0,-2.610303830929972e-05,2.66,1.0640000000003056,0.0108
b22_C,_11902_,NAND2,0,1,2,1,31,2,1,-3.017173051533817e-05,1.33,0.5320000000010623,0.0108
b22_C,_11903_,XOR2,0,1,2,0,32,1,0,-1.1479524438806621e-05,2.394,0.7980000000006839,0.0108
b22_C,_11904_,NAND2,0,1,2,1,28,2,1,-2.6314398943405592e-05,1.33,0.5320000000010623,0.0108
b22_C,_11905_,XOR2,0,1,2,0,29,1,0,-6.433289299945244e-06,2.394,0.7980000000006839,0.0108
b22_C,_11906_,INV,0,0,1,2,26,3,2,0.0,0.798,0.26599999999962165,0.0108
b22_C,_11907_,AOI21,0,0,3,1,27,2,1,-3.4174372523398944e-05,1.862,0.7980000000006839,0.0108
b22_C,_11908_,AOI21,0,1,3,0,28,1,0,-2.1770145310462397e-05,1.862,0.7980000000006839,0.0108
b22_C,_11909_,XOR2,0,0,2,1,18,2,1,0.0,2.394,0.7980000000006839,0.0108
b22_C,_11910_,XNOR2,0,1,2,0,24,1,0,-0.00011356671070039681,2.66,1.0640000000003056,0.0108
b22_C,_11911_,XNOR2,0,0,2,1,17,2,1,-6.737120212818581e-07,2.66,1.0640000000003056,0.0108
b22_C,_11912_,XNOR2,0,1,2,0,21,1,0,-4.55878467637838e-05,2.66,1.0640000000003056,0.0108
b22_C,_11913_,XNOR2,0,1,2,1,19,2,1,-0.00016039630118891424,2.66,1.0640000000003056,0.0108
b22_C,_11914_,XNOR2,0,1,2,0,20,1,0,-1.0779392338289284e-05,2.66,1.0640000000003056,0.0108
b22_C,_11915_,XNOR2,0,1,2,1,1,2,1,2.298546895485032e-06,2.66,1.0640000000003056,0.0108
b22_C,_11916_,OR2,0,1,2,0,2,1,0,2.232496697507358e-06,1.33,0.26599999999962165,0.0108
b22_C,_11917_,XNOR2,0,1,2,1,1,2,1,2.2721268162495534e-06,2.66,1.0640000000003056,0.0108
b22_C,_11918_,OR2,0,1,2,0,2,1,0,2.245706737014075e-06,1.33,0.26599999999962165,0.0108
b22_C,_11919_,BUF,0,1,1,10,1,8,261,4.0739762219299536e-05,1.064,0.26599999999962165,0.0108
b22_C,_11920_,INV,0,1,1,7,2,7,165,9.1809775428775e-06,0.798,0.26599999999962165,0.0108
b22_C,_11921_,BUF,0,1,1,10,3,6,95,2.531043593112514e-05,1.064,0.26599999999962165,0.0108
b22_C,_11922_,AND2,0,0,2,2,4,3,4,-2.7873183621185404e-06,1.33,0.26599999999962165,0.0108
b22_C,_11923_,INV,0,0,1,2,1,37,1289,0.0,0.798,0.26599999999962165,0.0108
b22_C,_11924_,BUF,0,5,1,10,1,39,2066,0.00016211360634077465,1.064,0.26599999999962165,0.0108
b22_C,_11925_,NOR4,0,0,4,3,1,40,1923,0.0,2.394,1.0640000000003056,0.0108
b22_C,_11926_,NOR4,0,0,4,3,1,40,1923,0.0,2.394,1.0640000000003056,0.0108
b22_C,_11927_,NOR3,0,0,3,1,1,39,1643,0.0,1.862,0.7980000000006839,0.0108
b22_C,_11928_,NOR4,0,0,4,1,1,39,1643,0.0,2.394,1.0640000000003056,0.0108
b22_C,_11929_,NAND4,0,0,4,3,2,38,1642,0.0,2.394,1.0640000000003056,0.0108
b22_C,_11930_,NOR4,0,0,4,4,1,40,1943,0.0,2.394,1.0640000000003056,0.0108
b22_C,_11931_,NOR2,0,0,2,2,1,39,1913,0.0,1.33,0.5320000000010623,0.0108
b22_C,_11932_,NOR4,0,0,4,2,1,39,1697,-0.0001227741083225098,2.394,1.0640000000003056,0.0108
b22_C,_11933_,NOR4,0,0,4,1,1,39,1643,-0.000138110964333249,2.394,1.0640000000003056,0.0108
b22_C,_11934_,NAND4,0,0,4,3,2,38,1642,0.0,2.394,1.0640000000003056,0.0108
b22_C,_11935_,OR3,0,0,3,2,3,37,1288,0.0,1.596,0.26599999999962165,0.0108
b22_C,_11936_,NAND3,0,0,3,5,4,36,1286,-3.388375165136459e-05,1.862,0.7980000000006839,0.0108
b22_C,_11937_,INV,0,0,1,6,1,39,2060,1.077939233806724e-05,0.798,0.26599999999962165,0.0108
b22_C,_11938_,NOR3,0,0,3,1,3,37,1287,0.0,1.862,0.7980000000006839,0.0108
b22_C,_11939_,OAI21,0,0,3,5,4,36,1286,-1.7648612946175035e-05,1.862,0.7980000000006839,0.0108
b22_C,_11940_,NAND2,0,0,2,3,5,35,1158,0.0,1.33,0.5320000000010623,0.0108
b22_C,_11941_,OAI21,0,0,3,3,3,37,1633,-8.916776750522715e-06,1.862,0.7980000000006839,0.0108
b22_C,_11942_,XNOR2,0,0,2,5,4,36,1218,-4.306472919424209e-05,2.66,1.0640000000003056,0.0108
b22_C,_11943_,NAND2,0,0,2,8,6,31,595,0.0,1.33,0.5320000000010623,0.0108
b22_C,_11944_,INV,0,0,1,2,1,34,998,0.0,0.798,0.26599999999962165,0.0108
b22_C,_11945_,NAND3,0,0,3,2,1,34,1040,0.0,1.862,0.7980000000006839,0.0108
b22_C,_11946_,NOR2,0,0,2,2,2,33,997,0.0,1.33,0.5320000000010623,0.0108
b22_C,_11947_,AND2,0,0,2,3,3,32,953,0.0,1.33,0.26599999999962165,0.0108
b22_C,_11948_,XNOR2,0,0,2,3,4,31,428,0.0,2.66,1.0640000000003056,0.0108
b22_C,_11949_,OR2,0,0,2,2,7,30,423,0.0,1.33,0.26599999999962165,0.0108
b22_C,_11950_,XOR2,0,0,2,3,4,36,1250,-1.0739762219547089e-05,2.394,0.7980000000006839,0.0108
b22_C,_11951_,AND3,0,0,3,6,5,35,1206,0.0,1.596,0.26599999999962165,0.0108
b22_C,_11952_,BUF,0,0,1,10,6,32,1032,0.0,1.064,0.26599999999962165,0.0108
b22_C,_11953_,NAND2,0,0,2,2,7,30,423,0.0,1.33,0.5320000000010623,0.0108
b22_C,_11954_,NOR2,0,0,2,3,6,34,1150,0.0,1.33,0.5320000000010623,0.0108
b22_C,_11955_,BUF,0,0,1,10,7,33,1072,0.0,1.064,0.26599999999962165,0.0108
b22_C,_11956_,NAND2,0,0,2,2,8,30,423,0.0,1.33,0.5320000000010623,0.0108
b22_C,_11957_,AOI21,0,0,3,5,5,35,1207,0.0,1.862,0.7980000000006839,0.0108
b22_C,_11958_,BUF,0,0,1,10,6,33,1072,0.0,1.064,0.26599999999962165,0.0108
b22_C,_11959_,NAND2,0,0,2,2,7,30,423,0.0,1.33,0.5320000000010623,0.0108
b22_C,_11960_,NAND4,0,0,4,2,9,29,416,0.0,2.394,1.0640000000003056,0.0108
b22_C,_11961_,CLKBUF,0,0,1,10,10,28,414,1.188903566706756e-07,1.064,0.26599999999962165,0.0108
b22_C,_11962_,AND2,0,0,2,3,2,36,1402,-9.128137384628587e-06,1.33,0.26599999999962165,0.0108
b22_C,_11963_,INV,0,0,1,3,1,38,1410,0.0,0.798,0.26599999999962165,0.0108
b22_C,_11964_,OR4,0,76,4,2,1,40,1786,0.0011111228533684514,1.862,0.26599999999962165,0.0108
b22_C,_11965_,NOR4,0,76,4,5,2,39,1779,0.0027562615587846118,2.394,1.0640000000003056,0.0108
b22_C,_11966_,NOR2,0,0,2,2,1,40,1728,-0.00014137384412160614,1.33,0.5320000000010623,0.0108
b22_C,_11967_,AND4,0,0,4,2,2,39,1634,0.0,1.862,0.26599999999962165,0.0108
b22_C,_11968_,OR3,0,0,3,2,1,40,1636,0.0,1.596,0.26599999999962165,0.0108
b22_C,_11969_,NOR4,0,0,4,2,2,39,1634,0.0,2.394,1.0640000000003056,0.0108
b22_C,_11970_,NAND4,0,0,4,1,3,37,1403,-0.0021017437252313087,2.394,1.0640000000003056,0.0108
b22_C,_11971_,AOI21,0,0,3,3,4,36,1402,0.0,1.862,0.7980000000006839,0.0108
b22_C,_11972_,OR2,0,0,2,7,5,8,314,-1.0396301189041779e-05,1.33,0.26599999999962165,0.0108
b22_C,_11973_,CLKBUF,0,0,1,10,2,38,1584,-1.287978863961925e-05,1.064,0.26599999999962165,0.0108
b22_C,_11974_,BUF,0,124,1,10,1,41,1846,0.002025614266842668,1.064,0.26599999999962165,0.0108
b22_C,_11975_,OR4,0,124,4,3,2,40,1792,0.0020627344782031543,1.862,0.26599999999962165,0.0108
b22_C,_11976_,OR4,0,0,4,2,1,40,1646,0.0,1.862,0.26599999999962165,0.0108
b22_C,_11977_,NOR4,0,124,4,8,3,39,1615,0.011927926023777902,2.394,1.0640000000003056,0.0108
b22_C,_11978_,NAND4,0,124,4,5,4,38,1256,-0.002697014531043651,2.394,1.0640000000003056,0.0108
b22_C,_11979_,OR2,0,0,2,1,1,38,847,0.0,1.33,0.26599999999962165,0.0108
b22_C,_11980_,OAI21,0,0,3,1,5,37,846,-0.0011374504623513637,1.862,0.7980000000006839,0.0108
b22_C,_11981_,XOR2,0,0,2,6,6,36,845,7.133421400240536e-07,2.394,0.7980000000006839,0.0108
b22_C,_11982_,BUF,0,0,1,10,2,38,1576,-9.90752972285236e-06,1.064,0.26599999999962165,0.0108
b22_C,_11983_,AND3,0,76,3,3,3,38,1611,0.0001873844121531576,1.596,0.26599999999962165,0.0108
b22_C,_11984_,NOR2,0,0,2,1,4,37,846,-0.000571558784676407,1.33,0.5320000000010623,0.0108
b22_C,_11985_,OAI21,0,25,3,1,5,37,846,-0.0010764597093793071,1.862,0.7980000000006839,0.0108
b22_C,_11986_,AOI22,0,25,4,7,6,36,845,-1.2972258917054447e-05,2.394,1.0640000000003056,0.0108
b22_C,_11987_,NAND2,0,0,2,2,7,12,392,-0.00014878467635415227,1.33,0.5320000000010623,0.0108
b22_C,_11988_,INV,0,0,1,2,7,14,434,-0.00012560105680337053,0.798,0.26599999999962165,0.0108
b22_C,_11989_,OAI21,0,39,3,1,5,37,845,-0.0012205416116251033,1.862,0.7980000000006839,0.0108
b22_C,_11990_,XOR2,0,39,2,8,6,36,844,0.0005367767503301479,2.394,0.7980000000006839,0.0108
b22_C,_11991_,NAND3,0,1,3,1,7,14,433,-0.0006598811096436563,1.862,0.7980000000006839,0.0108
b22_C,_11992_,OAI211,0,1,4,4,8,13,432,-0.0004991149273450013,2.394,1.0640000000003056,0.0108
b22_C,_11993_,OAI21,0,0,3,3,9,11,390,-3.832232496714383e-05,1.862,0.7980000000006839,0.0108
b22_C,_11994_,NOR4,0,0,4,1,1,14,393,0.0,2.394,1.0640000000003056,0.0108
b22_C,_11995_,NOR4,0,0,4,1,1,14,393,0.0,2.394,1.0640000000003056,0.0108
b22_C,_11996_,NOR4,0,0,4,1,1,14,393,0.0,2.394,1.0640000000003056,0.0108
b22_C,_11997_,NOR4,0,0,4,1,1,14,393,0.0,2.394,1.0640000000003056,0.0108
b22_C,_11998_,NAND4,0,0,4,1,2,13,392,0.0,2.394,1.0640000000003056,0.0108
b22_C,_11999_,NOR2,0,0,2,1,1,14,393,0.0,1.33,0.5320000000010623,0.0108
b22_C,_12000_,NOR4,0,0,4,1,1,14,393,0.0,2.394,1.0640000000003056,0.0108
b22_C,_12001_,NOR4,0,0,4,1,1,14,393,0.0,2.394,1.0640000000003056,0.0108
b22_C,_12002_,NOR4,0,0,4,1,1,14,393,0.0,2.394,1.0640000000003056,0.0108
b22_C,_12003_,NAND4,0,0,4,1,2,13,392,0.0,2.394,1.0640000000003056,0.0108
b22_C,_12004_,NOR2,0,0,2,1,3,12,391,0.0,1.33,0.5320000000010623,0.0108
b22_C,_12005_,NOR2,0,0,2,2,9,11,390,-3.698811096453092e-05,1.33,0.5320000000010623,0.0108
b22_C,_12006_,NOR2,0,1,2,1,9,12,391,-4.6116248348715416e-05,1.33,0.5320000000010623,0.0108
b22_C,_12007_,AOI21,0,1,3,3,10,11,390,-0.0006354293262882393,1.862,0.7980000000006839,0.0108
b22_C,_12008_,INV,0,0,1,2,11,9,189,-1.6763540290787304e-05,0.798,0.26599999999962165,0.0108
b22_C,_12009_,OR3,0,0,3,4,12,8,144,-2.1532364598009224e-06,1.596,0.26599999999962165,0.0108
b22_C,_12010_,OR3,0,38,3,5,7,34,668,0.00029791281373836576,1.596,0.26599999999962165,0.0108
b22_C,_12011_,NAND2,0,38,2,2,8,11,407,-6.93923381771544e-05,1.33,0.5320000000010623,0.0108
b22_C,_12012_,NAND2,0,60,2,2,5,35,730,-0.00077467635402928,1.33,0.5320000000010623,0.0108
b22_C,_12013_,XOR2,0,60,2,2,6,34,501,1.615587846748312e-05,2.394,0.7980000000006839,0.0108
b22_C,_12014_,BUF,0,60,1,10,7,31,434,0.0014591413474240866,1.064,0.26599999999962165,0.0108
b22_C,_12015_,BUF,0,60,1,10,8,27,415,0.0016359180977540966,1.064,0.26599999999962165,0.0108
b22_C,_12016_,BUF,0,60,1,10,9,18,385,0.001624293262879828,1.064,0.26599999999962165,0.0108
b22_C,_12017_,BUF,0,60,1,10,10,13,361,0.0016982959048876811,1.064,0.26599999999962165,0.0108
b22_C,_12018_,NAND2,0,0,2,2,3,36,1124,-6.036988111191022e-06,1.33,0.5320000000010623,0.0108
b22_C,_12019_,OR4,0,0,4,2,2,39,1158,-0.0002545574636725334,1.862,0.26599999999962165,0.0108
b22_C,_12020_,NAND4,0,0,4,2,2,39,1158,-0.0001773976221930429,2.394,1.0640000000003056,0.0108
b22_C,_12021_,NOR3,0,0,3,1,3,37,1125,0.0,1.862,0.7980000000006839,0.0108
b22_C,_12022_,INV,0,0,1,1,1,37,1125,0.0,0.798,0.26599999999962165,0.0108
b22_C,_12023_,OAI211,0,0,4,2,5,36,1124,-0.0012792998678996526,2.394,1.0640000000003056,0.0108
b22_C,_12024_,AND2,0,0,2,8,6,35,1015,0.0,1.33,0.26599999999962165,0.0108
b22_C,_12025_,OAI21,0,0,3,3,3,38,1148,-3.10039630120329e-05,1.862,0.7980000000006839,0.0108
b22_C,_12026_,XOR2,0,0,2,7,4,35,1026,1.3210039617739255e-07,2.394,0.7980000000006839,0.0108
b22_C,_12027_,NOR2,0,0,2,7,7,11,516,4.319682959041948e-05,1.33,0.5320000000010623,0.0108
b22_C,_12028_,OR2,0,0,2,2,1,40,1151,0.0,1.33,0.26599999999962165,0.0108
b22_C,_12029_,NAND2,0,0,2,3,4,38,1177,-0.005131334214002914,1.33,0.5320000000010623,0.0108
b22_C,_12030_,OAI21,0,0,3,2,5,37,1115,-3.101717305176166e-05,1.862,0.7980000000006839,0.0108
b22_C,_12031_,XNOR2,0,0,2,7,6,35,981,0.0,2.66,1.0640000000003056,0.0108
b22_C,_12032_,AND2,0,0,2,2,3,37,1040,-2.4306472921065136e-06,1.33,0.26599999999962165,0.0108
b22_C,_12033_,NOR2,0,0,2,1,2,39,1042,0.0,1.33,0.5320000000010623,0.0108
b22_C,_12034_,NAND3,0,0,3,1,4,38,1041,-0.005706261558784842,1.862,0.7980000000006839,0.0108
b22_C,_12035_,AOI21,0,0,3,2,5,37,1040,-1.3210039728761558e-08,1.862,0.7980000000006839,0.0108
b22_C,_12036_,OR2,0,0,2,9,6,35,950,0.0,1.33,0.26599999999962165,0.0108
b22_C,_12037_,NOR2,0,0,2,5,7,11,405,0.0,1.33,0.5320000000010623,0.0108
b22_C,_12038_,NAND3,0,4,3,2,11,10,123,-0.00028343461030400086,1.862,0.7980000000006839,0.0108
b22_C,_12039_,OR2,0,4,2,3,12,9,118,-7.305151915470987e-05,1.33,0.26599999999962165,0.0108
b22_C,_12040_,OR2,0,4,2,2,13,7,66,2.6565389696031616e-05,1.33,0.26599999999962165,0.0108
b22_C,_12041_,NOR2,0,4,2,7,14,6,42,4.241743725219571e-05,1.33,0.5320000000010623,0.0108
b22_C,_12042_,NAND2,0,0,2,8,6,35,842,-4.9233817701610505e-05,1.33,0.5320000000010623,0.0108
b22_C,_12043_,XNOR2,0,0,2,10,4,35,898,-1.3210039728761558e-08,2.66,1.0640000000003056,0.0108
b22_C,_12044_,NAND2,0,0,2,6,7,34,456,7.926023770643553e-08,1.33,0.5320000000010623,0.0108
b22_C,_12045_,NOR2,0,0,2,6,7,34,496,7.926023770643553e-08,1.33,0.5320000000010623,0.0108
b22_C,_12046_,XOR2,0,0,2,2,6,36,945,0.0,2.394,0.7980000000006839,0.0108
b22_C,_12047_,BUF,0,0,1,10,7,35,907,0.0,1.064,0.26599999999962165,0.0108
b22_C,_12048_,NOR2,0,0,2,2,6,36,923,0.0,1.33,0.5320000000010623,0.0108
b22_C,_12049_,BUF,0,0,1,10,7,35,667,0.0,1.064,0.26599999999962165,0.0108
b22_C,_12050_,NAND2,0,0,2,3,8,34,539,0.0,1.33,0.5320000000010623,0.0108
b22_C,_12051_,NAND2,0,0,2,5,9,10,162,7.926023770643553e-08,1.33,0.5320000000010623,0.0108
b22_C,_12052_,NAND3,0,0,3,1,10,9,96,-1.1756935269779945e-06,1.862,0.7980000000006839,0.0108
b22_C,_12053_,NAND3,0,7,3,3,11,9,194,-0.0005626552179658351,1.862,0.7980000000006839,0.0108
b22_C,_12054_,NAND2,0,0,2,6,8,9,146,-2.6420079457523116e-08,1.33,0.5320000000010623,0.0108
b22_C,_12055_,OAI211,0,0,4,1,13,8,95,-6.733157199478867e-05,2.394,1.0640000000003056,0.0108
b22_C,_12056_,NAND2,0,0,2,2,14,7,94,-2.642007923547851e-08,1.33,0.5320000000010623,0.0108
b22_C,_12057_,NOR3,0,25,3,5,7,35,399,-0.00033387054161182483,1.862,0.7980000000006839,0.0108
b22_C,_12058_,BUF,0,0,1,10,8,34,308,-0.00019143989431991137,1.064,0.26599999999962165,0.0108
b22_C,_12059_,OAI21,0,0,3,1,11,8,95,-0.0003193394980185449,1.862,0.7980000000006839,0.0108
b22_C,_12060_,OAI21,0,0,3,2,12,7,94,-1.3976221928890808e-05,1.862,0.7980000000006839,0.0108
b22_C,_12061_,NAND2,0,0,2,7,15,6,54,0.0,1.33,0.5320000000010623,0.0108
b22_C,_12062_,BUF,0,0,1,10,16,5,29,0.0,1.064,0.26599999999962165,0.0108
b22_C,_12063_,XOR2,0,0,2,3,3,31,448,0.0,2.394,0.7980000000006839,0.0108
b22_C,_12064_,AOI22,0,0,4,1,17,4,3,-5.2166446499413155e-05,2.394,1.0640000000003056,0.0108
b22_C,_12065_,INV,0,0,1,1,18,3,2,0.0,0.798,0.26599999999962165,0.0108
b22_C,_12066_,NOR2,0,0,2,10,5,35,1138,-2.4478203434652457e-05,1.33,0.5320000000010623,0.0108
b22_C,_12067_,NOR2,0,0,2,6,14,6,42,-2.1532364597121045e-05,1.33,0.5320000000010623,0.0108
b22_C,_12068_,BUF,0,0,1,10,15,5,27,1.928665785966288e-06,1.064,0.26599999999962165,0.0108
b22_C,_12069_,AOI22,0,0,4,2,8,30,461,0.0,2.394,1.0640000000003056,0.0108
b22_C,_12070_,NAND2,0,0,2,2,7,30,461,0.0,1.33,0.5320000000010623,0.0108
b22_C,_12071_,AOI21,0,0,3,4,5,35,1019,0.0,1.862,0.7980000000006839,0.0108
b22_C,_12072_,BUF,0,0,1,10,6,34,921,0.0,1.064,0.26599999999962165,0.0108
b22_C,_12073_,XNOR2,0,0,2,3,2,31,466,0.0,2.66,1.0640000000003056,0.0108
b22_C,_12074_,NAND2,0,0,2,2,7,30,461,0.0,1.33,0.5320000000010623,0.0108
b22_C,_12075_,NAND3,0,0,3,9,9,29,392,7.926023770643553e-08,1.862,0.7980000000006839,0.0108
b22_C,_12076_,AOI211,0,0,4,1,19,2,1,-7.5429326289455645e-06,2.394,1.0640000000003056,0.0108
b22_C,_12077_,NOR2,0,0,2,4,7,34,557,0.0,1.33,0.5320000000010623,0.0108
b22_C,_12078_,NOR2,0,0,2,3,7,34,241,0.0,1.33,0.5320000000010623,0.0108
b22_C,_12080_,AND3,0,0,3,6,9,29,321,0.0,1.596,0.26599999999962165,0.0108
b22_C,_12081_,NOR2,0,0,2,2,10,27,90,-0.0002608586525760792,1.33,0.5320000000010623,0.0108
b22_C,_12082_,NOR2,0,0,2,8,7,34,370,-6.605019819971858e-08,1.33,0.5320000000010623,0.0108
b22_C,_12083_,NAND2,0,0,2,2,8,33,187,-0.00020885072655230097,1.33,0.5320000000010623,0.0108
b22_C,_12084_,BUF,0,0,1,10,9,32,176,0.0,1.064,0.26599999999962165,0.0108
b22_C,_12085_,OAI21,0,58,3,3,4,36,1316,-9.582562747700862e-05,1.862,0.7980000000006839,0.0108
b22_C,_12086_,OR3,0,18,3,3,4,36,1316,-0.000152840158520684,1.596,0.26599999999962165,0.0108
b22_C,_12087_,NAND2,0,0,2,2,5,35,1064,-0.00043529722589186193,1.33,0.5320000000010623,0.0108
b22_C,_12088_,NAND2,0,0,2,10,6,34,1061,0.0,1.33,0.5320000000010623,0.0108
b22_C,_12089_,INV,0,0,1,4,1,37,3024,0.0,0.798,0.26599999999962165,0.0108
b22_C,_12090_,INV,0,0,1,2,1,41,3940,-1.2153236459422345e-06,0.798,0.26599999999962165,0.0108
b22_C,_12091_,INV,0,129,1,4,1,41,3942,0.00042141347424018427,0.798,0.26599999999962165,0.0108
b22_C,_12092_,AND4,0,6,4,4,2,39,2987,-0.00012077939233834378,1.862,0.26599999999962165,0.0108
b22_C,_12093_,NOR4,0,92,4,4,2,39,2987,0.003497463672390788,2.394,1.0640000000003056,0.0108
b22_C,_12094_,NOR2,0,95,2,8,3,38,2894,-6.809775429350573e-05,1.33,0.5320000000010623,0.0108
b22_C,_12095_,BUF,0,6,1,10,4,37,2769,-0.00011182298546930092,1.064,0.26599999999962165,0.0108
b22_C,_12096_,BUF,0,6,1,10,5,36,2544,0.00016332892998671689,1.064,0.26599999999962165,0.0108
b22_C,_12097_,NAND2,0,0,2,2,6,32,563,-3.984147952462713e-05,1.33,0.5320000000010623,0.0108
b22_C,_12098_,INV,0,0,1,4,1,38,3164,0.0,0.798,0.26599999999962165,0.0108
b22_C,_12099_,NAND4,0,0,4,3,2,40,3783,-0.0005622060766181658,2.394,1.0640000000003056,0.0108
b22_C,_12100_,OR4,0,31,4,3,2,40,3783,0.0004423910171729162,1.862,0.26599999999962165,0.0108
b22_C,_12101_,NAND2,0,31,2,5,3,39,3776,0.0002332100396300607,1.33,0.5320000000010623,0.0108
b22_C,_12102_,BUF,0,29,1,10,4,38,3636,0.0006893527080580331,1.064,0.26599999999962165,0.0108
b22_C,_12103_,NOR2,0,0,2,2,5,37,2177,-0.00018606340819027345,1.33,0.5320000000010623,0.0108
b22_C,_12104_,AND2,0,0,2,2,5,37,2177,-8.248348745065748e-05,1.33,0.26599999999962165,0.0108
b22_C,_12105_,OR2,0,0,2,2,6,36,2176,0.0,1.33,0.26599999999962165,0.0108
b22_C,_12106_,AND2,0,0,2,4,7,35,2173,0.0,1.33,0.26599999999962165,0.0108
b22_C,_12107_,MUX2,0,0,3,4,4,36,2264,-0.0002777278731838084,2.394,0.5320000000010623,0.0108
b22_C,_12108_,AND2,0,0,2,3,5,34,2174,0.0,1.33,0.26599999999962165,0.0108
b22_C,_12109_,NOR2,0,0,2,2,5,35,2175,0.0,1.33,0.5320000000010623,0.0108
b22_C,_12110_,MUX2,0,0,3,4,4,36,2356,-0.0002777278731838084,2.394,0.5320000000010623,0.0108
b22_C,_12111_,NOR2,0,0,2,2,5,35,2228,0.0,1.33,0.5320000000010623,0.0108
b22_C,_12112_,AND2,0,0,2,1,4,36,2228,-0.00026622192866598837,1.33,0.26599999999962165,0.0108
b22_C,_12113_,INV,0,0,1,4,1,39,3379,0.0,0.798,0.26599999999962165,0.0108
b22_C,_12114_,NOR2,0,0,2,1,4,36,2228,-0.0006319286657860967,1.33,0.5320000000010623,0.0108
b22_C,_12115_,MUX2,0,89,3,3,4,37,2448,0.001208586525759392,2.394,0.5320000000010623,0.0108
b22_C,_12116_,AND2,0,87,2,1,5,36,2228,0.00013804491413460518,1.33,0.26599999999962165,0.0108
b22_C,_12117_,INV,0,0,1,2,1,38,2548,0.0,0.798,0.26599999999962165,0.0108
b22_C,_12118_,NAND3,0,0,3,2,3,38,2548,-0.00024145310435930156,1.862,0.7980000000006839,0.0108
b22_C,_12119_,OAI21,0,3,3,2,3,38,2548,-0.0028499867899605125,1.862,0.7980000000006839,0.0108
b22_C,_12120_,NAND3,0,0,3,2,3,38,2533,-0.0002580713342141827,1.862,0.7980000000006839,0.0108
b22_C,_12121_,OAI21,0,0,3,2,3,38,2533,-0.0028836063408193002,1.862,0.7980000000006839,0.0108
b22_C,_12122_,AOI221,0,3,5,2,4,37,2446,3.0435931307692954e-05,2.926,1.3300000000017462,0.0108
b22_C,_12123_,INV,0,0,1,2,1,37,2323,0.0,0.798,0.26599999999962165,0.0108
b22_C,_12124_,INV,0,0,1,2,1,39,3126,0.0,0.798,0.26599999999962165,0.0108
b22_C,_12125_,OAI21,0,0,3,1,3,38,2590,-0.0028835931307795715,1.862,0.7980000000006839,0.0108
b22_C,_12126_,OAI211,0,2,4,4,4,37,2589,-0.000135601056803214,2.394,1.0640000000003056,0.0108
b22_C,_12127_,AND2,0,0,2,3,4,37,2530,0.0,1.33,0.26599999999962165,0.0108
b22_C,_12128_,AOI21,0,0,3,1,5,36,2228,-1.4531043593279946e-05,1.862,0.7980000000006839,0.0108
b22_C,_12130_,NAND2,0,0,2,1,5,35,2089,0.0,1.33,0.5320000000010623,0.0108
b22_C,_12131_,AOI211,0,87,4,2,7,34,2088,-0.0005503698811097912,2.394,1.0640000000003056,0.0108
b22_C,_12133_,AND2,0,0,2,2,5,36,2081,-1.6895640686964697e-05,1.33,0.26599999999962165,0.0108
b22_C,_12134_,NOR2,0,0,2,2,5,36,2081,-3.8375165125614785e-05,1.33,0.5320000000010623,0.0108
b22_C,_12135_,OR2,0,0,2,3,6,35,2080,0.0,1.33,0.26599999999962165,0.0108
b22_C,_12136_,AND2,0,0,2,2,7,34,1295,0.0,1.33,0.26599999999962165,0.0108
b22_C,_12137_,NOR2,0,0,2,2,7,34,1994,0.0,1.33,0.5320000000010623,0.0108
b22_C,_12138_,NOR2,0,0,2,2,8,33,1119,0.0,1.33,0.5320000000010623,0.0108
b22_C,_12139_,XNOR2,0,0,2,3,9,32,1010,-0.0017863936591813179,2.66,1.0640000000003056,0.0108
b22_C,_12140_,OAI211,0,0,4,2,10,31,560,-3.6512549537848216e-05,2.394,1.0640000000003056,0.0108
b22_C,_12141_,AOI211,0,76,4,3,5,35,1115,0.0007689035667106658,2.394,1.0640000000003056,0.0108
b22_C,_12142_,BUF,0,76,1,10,6,34,1091,0.001449960369880765,1.064,0.26599999999962165,0.0108
b22_C,_12143_,OR2,0,0,2,3,3,34,823,-0.00034945838837519005,1.33,0.26599999999962165,0.0108
b22_C,_12144_,OAI21,0,0,3,3,4,33,736,-3.101717305176166e-05,1.862,0.7980000000006839,0.0108
b22_C,_12145_,XNOR2,0,0,2,9,5,32,683,2.7001321003972123e-05,2.66,1.0640000000003056,0.0108
b22_C,_12146_,NAND2,0,0,2,2,7,31,560,-0.0004153104359316817,1.33,0.5320000000010623,0.0108
b22_C,_12147_,AND2,0,0,2,3,11,29,129,0.0,1.33,0.26599999999962165,0.0108
b22_C,_12148_,NOR2,0,0,2,2,12,27,90,0.0,1.33,0.5320000000010623,0.0108
b22_C,_12149_,NOR3,0,0,3,4,7,34,229,0.0,1.862,0.7980000000006839,0.0108
b22_C,_12150_,NOR3,0,0,3,5,8,33,225,-0.00048121532364620023,1.862,0.7980000000006839,0.0108
b22_C,_12151_,BUF,0,0,1,10,9,28,128,6.07661822860095e-07,1.064,0.26599999999962165,0.0108
b22_C,_12152_,NAND2,0,0,2,6,7,34,481,0.0,1.33,0.5320000000010623,0.0108
b22_C,_12153_,NOR2,0,0,2,2,8,33,247,-0.00047474240422729075,1.33,0.5320000000010623,0.0108
b22_C,_12154_,BUF,0,0,1,10,9,31,232,0.0,1.064,0.26599999999962165,0.0108
b22_C,_12155_,NAND2,0,0,2,3,11,30,555,0.0,1.33,0.5320000000010623,0.0108
b22_C,_12156_,BUF,0,0,1,10,12,29,474,0.0,1.064,0.26599999999962165,0.0108
b22_C,_12157_,NAND2,0,0,2,2,8,34,248,-1.3210039728761558e-08,1.33,0.5320000000010623,0.0108
b22_C,_12158_,AOI21,0,25,3,4,9,33,223,-0.0002750066050198896,1.862,0.7980000000006839,0.0108
b22_C,_12159_,BUF,0,0,1,10,10,29,181,-6.852047556149543e-05,1.064,0.26599999999962165,0.0108
b22_C,_12160_,AOI22,0,0,4,1,13,28,91,-1.0568031716395865e-07,2.394,1.0640000000003056,0.0108
b22_C,_12161_,XNOR2,0,0,2,2,14,27,90,-1.0568031716395865e-07,2.66,1.0640000000003056,0.0108
b22_C,_12162_,NOR3,0,0,3,3,15,26,87,4.095112284829838e-07,1.862,0.7980000000006839,0.0108
b22_C,_12163_,INV,0,0,1,1,16,4,5,-1.1492734479645605e-06,0.798,0.26599999999962165,0.0108
b22_C,_12164_,NAND2,0,0,2,1,1,34,489,0.0,1.33,0.5320000000010623,0.0108
b22_C,_12165_,XOR2,0,0,2,1,2,33,488,0.0,2.394,0.7980000000006839,0.0108
b22_C,_12166_,INV,0,0,1,3,3,32,487,0.0,0.798,0.26599999999962165,0.0108
b22_C,_12167_,NAND2,0,0,2,2,7,31,482,0.0,1.33,0.5320000000010623,0.0108
b22_C,_12168_,NAND2,0,0,2,2,8,31,482,0.0,1.33,0.5320000000010623,0.0108
b22_C,_12169_,NAND2,0,0,2,2,7,31,482,0.0,1.33,0.5320000000010623,0.0108
b22_C,_12170_,NAND2,0,0,2,2,7,31,482,0.0,1.33,0.5320000000010623,0.0108
b22_C,_12171_,AND4,0,0,4,8,9,30,386,0.0,1.862,0.26599999999962165,0.0108
b22_C,_12172_,NAND2,0,0,2,1,4,33,717,-2.996036988101025e-05,1.33,0.5320000000010623,0.0108
b22_C,_12173_,XNOR2,0,0,2,9,5,32,716,0.0,2.66,1.0640000000003056,0.0108
b22_C,_12174_,NAND2,0,0,2,6,7,31,585,-0.00040968295904897367,1.33,0.5320000000010623,0.0108
b22_C,_12175_,BUF,0,29,1,10,5,37,3452,0.0008149933949801458,1.064,0.26599999999962165,0.0108
b22_C,_12176_,OR2,0,0,2,2,6,32,588,-8.175693527090466e-05,1.33,0.26599999999962165,0.0108
b22_C,_12177_,BUF,0,26,1,10,6,36,3212,0.0007135270805811444,1.064,0.26599999999962165,0.0108
b22_C,_12178_,NOR2,0,0,2,3,7,35,1347,0.0,1.33,0.5320000000010623,0.0108
b22_C,_12179_,NOR2,0,0,2,1,8,34,1169,0.0,1.33,0.5320000000010623,0.0108
b22_C,_12180_,NOR3,0,0,3,2,9,33,1168,-0.0008540290620873137,1.862,0.7980000000006839,0.0108
b22_C,_12181_,NAND2,0,0,2,2,5,34,1345,0.0,1.33,0.5320000000010623,0.0108
b22_C,_12182_,OR2,0,0,2,2,5,35,1432,0.0,1.33,0.26599999999962165,0.0108
b22_C,_12183_,INV,0,0,1,2,1,36,1577,0.0,0.798,0.26599999999962165,0.0108
b22_C,_12184_,NOR2,0,0,2,1,4,36,1433,-0.0006319286657860967,1.33,0.5320000000010623,0.0108
b22_C,_12185_,NOR2,0,0,2,1,5,36,1433,-0.00018606340819027345,1.33,0.5320000000010623,0.0108
b22_C,_12186_,NOR2,0,0,2,1,5,36,1433,-0.0004926420079263139,1.33,0.5320000000010623,0.0108
b22_C,_12187_,AND2,0,0,2,3,5,36,1576,-7.992073976170744e-06,1.33,0.26599999999962165,0.0108
b22_C,_12188_,NOR2,0,3,2,3,5,36,1576,-4.882430647312752e-05,1.33,0.5320000000010623,0.0108
b22_C,_12190_,AND2,0,0,2,3,5,35,1523,0.0,1.33,0.26599999999962165,0.0108
b22_C,_12191_,OAI221,0,2,5,2,7,34,1345,-5.0330250990882064e-05,2.926,1.3300000000017462,0.0108
b22_C,_12192_,AOI211,0,2,4,2,8,33,1168,2.3355350065923375e-05,2.394,1.0640000000003056,0.0108
b22_C,_12193_,OAI21,0,1,3,2,10,32,588,-0.00017969616908852792,1.862,0.7980000000006839,0.0108
b22_C,_12194_,NAND3,0,0,3,6,11,31,585,-9.180977543099544e-06,1.862,0.7980000000006839,0.0108
b22_C,_12195_,AND2,0,0,2,2,12,30,393,0.0,1.33,0.26599999999962165,0.0108
b22_C,_12196_,BUF,0,0,1,10,13,29,391,3.9630118742195464e-08,1.064,0.26599999999962165,0.0108
b22_C,_12197_,OAI22,0,0,4,2,14,28,95,-0.00022788639365933783,2.394,1.0640000000003056,0.0108
b22_C,_12198_,INV,0,0,1,7,9,32,173,0.0,0.798,0.26599999999962165,0.0108
b22_C,_12199_,OAI21,0,0,3,7,8,33,145,-0.00021688243064743595,1.862,0.7980000000006839,0.0108
b22_C,_12200_,OAI221,0,0,5,2,14,28,96,-5.2840158693001626e-08,2.926,1.3300000000017462,0.0108
b22_C,_12201_,OR4,0,0,4,2,13,28,96,-7.608982827145283e-06,1.862,0.26599999999962165,0.0108
b22_C,_12202_,AND2,0,0,2,2,15,27,93,0.0,1.33,0.26599999999962165,0.0108
b22_C,_12203_,NOR2,0,0,2,2,16,5,10,0.0,1.33,0.5320000000010623,0.0108
b22_C,_12204_,AND3,0,0,3,3,15,27,93,0.0,1.596,0.26599999999962165,0.0108
b22_C,_12205_,NOR2,0,0,2,1,8,32,164,0.0,1.33,0.5320000000010623,0.0108
b22_C,_12206_,AOI21,0,0,3,6,9,31,163,-1.3315719947337712e-05,1.862,0.7980000000006839,0.0108
b22_C,_12207_,XNOR2,0,0,2,2,1,34,504,0.0,2.66,1.0640000000003056,0.0108
b22_C,_12208_,INV,0,0,1,2,2,33,501,0.0,0.798,0.26599999999962165,0.0108
b22_C,_12209_,AOI22,0,0,4,2,7,32,499,0.0,2.394,1.0640000000003056,0.0108
b22_C,_12210_,NAND2,0,0,2,2,7,32,499,0.0,1.33,0.5320000000010623,0.0108
b22_C,_12211_,NAND2,0,0,2,2,8,32,499,0.0,1.33,0.5320000000010623,0.0108
b22_C,_12212_,NAND3,0,0,3,9,9,31,484,1.3210039506716953e-08,1.862,0.7980000000006839,0.0108
b22_C,_12213_,NOR2,0,0,2,2,5,32,606,-0.00018606340819027345,1.33,0.5320000000010623,0.0108
b22_C,_12214_,OAI21,0,1,3,2,7,33,1205,-3.771466314406169e-05,1.862,0.7980000000006839,0.0108
b22_C,_12215_,NOR2,0,0,2,2,6,33,1205,0.0,1.33,0.5320000000010623,0.0108
b22_C,_12216_,XOR2,0,1,2,4,8,32,1089,5.94451783353378e-07,2.394,0.7980000000006839,0.0108
b22_C,_12217_,AOI211,0,0,4,4,9,31,602,-0.0006173447820345679,2.394,1.0640000000003056,0.0108
b22_C,_12218_,NAND2,0,0,2,1,3,33,742,-0.000850686922060806,1.33,0.5320000000010623,0.0108
b22_C,_12219_,XNOR2,0,0,2,10,4,32,741,4.517833553485673e-05,2.66,1.0640000000003056,0.0108
b22_C,_12220_,AND2,0,0,2,4,7,31,602,-0.00020733157199481766,1.33,0.26599999999962165,0.0108
b22_C,_12221_,OR2,0,0,2,5,10,30,161,0.0,1.33,0.26599999999962165,0.0108
b22_C,_12222_,AOI22,0,0,4,3,11,28,99,-1.188903566706756e-07,2.394,1.0640000000003056,0.0108
b22_C,_12223_,AOI22,0,0,4,2,7,33,522,0.0,2.394,1.0640000000003056,0.0108
b22_C,_12224_,NAND2,0,0,2,2,6,33,522,0.0,1.33,0.5320000000010623,0.0108
b22_C,_12225_,INV,0,0,1,2,1,34,524,0.0,0.798,0.26599999999962165,0.0108
b22_C,_12226_,NAND2,0,0,2,2,7,33,522,0.0,1.33,0.5320000000010623,0.0108
b22_C,_12227_,AND3,0,0,3,5,8,32,368,0.0,1.596,0.26599999999962165,0.0108
b22_C,_12228_,NOR2,0,0,2,2,9,31,106,-0.0002608586525760792,1.33,0.5320000000010623,0.0108
b22_C,_12229_,OR2,0,0,2,2,5,33,633,-8.258916776759939e-05,1.33,0.26599999999962165,0.0108
b22_C,_12230_,NOR2,0,0,2,1,6,34,1258,0.0,1.33,0.5320000000010623,0.0108
b22_C,_12231_,XNOR2,0,0,2,5,7,33,1257,-0.0018315323645972104,2.66,1.0640000000003056,0.0108
b22_C,_12232_,OAI211,0,0,4,2,8,32,630,-3.813738441249548e-05,2.394,1.0640000000003056,0.0108
b22_C,_12233_,OR2,0,0,2,2,1,39,893,-6.857331572018843e-05,1.33,0.26599999999962165,0.0108
b22_C,_12234_,OAI21,0,0,3,1,2,34,781,-3.101717305176166e-05,1.862,0.7980000000006839,0.0108
b22_C,_12235_,XNOR2,0,0,2,9,3,33,780,2.642007923547851e-08,2.66,1.0640000000003056,0.0108
b22_C,_12236_,NAND2,0,0,2,2,7,32,630,-0.0004097225891679379,1.33,0.5320000000010623,0.0108
b22_C,_12237_,AND2,0,0,2,9,9,31,400,7.133421400240536e-07,1.33,0.26599999999962165,0.0108
b22_C,_12238_,NOR2,0,0,2,1,10,29,100,-8.718626156589693e-07,1.33,0.5320000000010623,0.0108
b22_C,_12239_,NAND2,0,0,2,8,9,31,507,0.0,1.33,0.5320000000010623,0.0108
b22_C,_12240_,NAND3,0,0,3,10,8,31,444,9.247027741299263e-07,1.862,0.7980000000006839,0.0108
b22_C,_12241_,AOI221,0,0,5,2,10,30,106,-0.00014524438573326748,2.926,1.3300000000017462,0.0108
b22_C,_12242_,NOR4,0,0,4,2,10,30,106,-1.574636723922218e-05,2.394,1.0640000000003056,0.0108
b22_C,_12243_,NOR2,0,0,2,2,11,29,104,0.0,1.33,0.5320000000010623,0.0108
b22_C,_12244_,AOI21,0,0,3,2,10,30,105,0.0,1.862,0.7980000000006839,0.0108
b22_C,_12245_,NOR3,0,0,3,1,11,29,100,0.0,1.862,0.7980000000006839,0.0108
b22_C,_12246_,AOI22,0,0,4,2,7,33,546,1.3210039506716953e-08,2.394,1.0640000000003056,0.0108
b22_C,_12247_,NAND2,0,0,2,2,6,33,546,0.0,1.33,0.5320000000010623,0.0108
b22_C,_12248_,NAND2,0,0,2,2,6,33,546,0.0,1.33,0.5320000000010623,0.0108
b22_C,_12249_,NAND3,0,0,3,10,8,32,424,9.907529721076003e-07,1.862,0.7980000000006839,0.0108
b22_C,_12250_,BUF,0,0,1,10,7,33,882,0.0,1.064,0.26599999999962165,0.0108
b22_C,_12251_,NAND2,0,5,2,2,2,38,863,2.237780713332249e-05,1.33,0.5320000000010623,0.0108
b22_C,_12252_,XNOR2,0,0,2,10,3,35,810,5.284015851536594e-07,2.66,1.0640000000003056,0.0108
b22_C,_12253_,NOR2,0,0,2,3,8,32,443,-7.675033025122957e-06,1.33,0.5320000000010623,0.0108
b22_C,_12254_,BUF,0,0,1,10,7,33,944,-0.00022124174372550875,1.064,0.26599999999962165,0.0108
b22_C,_12255_,NAND2,0,0,2,3,4,33,657,-0.0006430647291943981,1.33,0.5320000000010623,0.0108
b22_C,_12256_,XNOR2,0,2,2,2,5,35,1310,-0.0006150330250993541,2.66,1.0640000000003056,0.0108
b22_C,_12257_,OAI21,0,0,3,2,6,34,1308,-2.4332892998746303e-05,1.862,0.7980000000006839,0.0108
b22_C,_12258_,OR3,0,2,3,2,6,34,1308,1.3896961690740284e-05,1.596,0.26599999999962165,0.0108
b22_C,_12259_,NAND3,0,1,3,3,7,33,657,-0.0001578467635403591,1.862,0.7980000000006839,0.0108
b22_C,_12260_,AOI21,0,0,3,3,8,32,443,-6.59180977558016e-06,1.862,0.7980000000006839,0.0108
b22_C,_12261_,NOR2,0,0,2,5,9,31,432,0.0,1.33,0.5320000000010623,0.0108
b22_C,_12262_,AOI22,0,0,4,3,10,30,109,3.268163804470703e-05,2.394,1.0640000000003056,0.0108
b22_C,_12263_,AND3,0,0,3,6,8,32,423,0.0,1.596,0.26599999999962165,0.0108
b22_C,_12265_,XNOR2,0,0,2,3,10,30,109,0.0,2.66,1.0640000000003056,0.0108
b22_C,_12266_,NOR2,0,0,2,2,11,29,104,-1.7291941875940964e-05,1.33,0.5320000000010623,0.0108
b22_C,_12267_,NAND2,0,0,2,2,6,34,561,0.0,1.33,0.5320000000010623,0.0108
b22_C,_12268_,NAND2,0,0,2,2,6,34,561,0.0,1.33,0.5320000000010623,0.0108
b22_C,_12269_,NAND2,0,0,2,2,6,34,561,0.0,1.33,0.5320000000010623,0.0108
b22_C,_12270_,AND2,0,0,2,2,5,35,584,0.0,1.33,0.26599999999962165,0.0108
b22_C,_12271_,NAND3,0,0,3,2,6,34,561,0.0,1.862,0.7980000000006839,0.0108
b22_C,_12272_,AND4,0,0,4,6,7,33,517,0.0,1.862,0.26599999999962165,0.0108
b22_C,_12273_,NAND2,0,0,2,1,2,38,840,-1.7846763540330102e-05,1.33,0.5320000000010623,0.0108
b22_C,_12274_,AND2,0,0,2,1,1,38,840,-7.678996036997177e-05,1.33,0.26599999999962165,0.0108
b22_C,_12275_,OAI21,0,5,3,10,3,37,839,0.00026920739762203993,1.862,0.7980000000006839,0.0108
b22_C,_12276_,AND2,0,58,2,3,7,33,523,0.00047013210039614783,1.33,0.26599999999962165,0.0108
b22_C,_12277_,NOR2,0,0,2,2,4,34,526,-0.00019902245706759913,1.33,0.5320000000010623,0.0108
b22_C,_12278_,XOR2,0,0,2,2,5,35,1347,-2.309114927356859e-05,2.394,0.7980000000006839,0.0108
b22_C,_12279_,XNOR2,0,0,2,3,6,34,1086,9.511228533654048e-07,2.66,1.0640000000003056,0.0108
b22_C,_12280_,AOI211,0,0,4,3,7,33,523,-0.0012818758256276652,2.394,1.0640000000003056,0.0108
b22_C,_12281_,NOR2,0,0,2,5,8,32,160,-0.00044878467635411923,1.33,0.5320000000010623,0.0108
b22_C,_12282_,OAI22,0,0,4,3,10,31,113,-0.00022583883751670086,2.394,1.0640000000003056,0.0108
b22_C,_12283_,INV,0,0,1,2,1,39,1803,0.0,0.798,0.26599999999962165,0.0108
b22_C,_12284_,NOR2,0,0,2,1,5,34,666,-0.00018606340819027345,1.33,0.5320000000010623,0.0108
b22_C,_12285_,XNOR2,0,0,2,3,6,34,1111,0.0,2.66,1.0640000000003056,0.0108
b22_C,_12286_,AOI211,0,18,4,4,7,33,665,-0.00042832232496703426,2.394,1.0640000000003056,0.0108
b22_C,_12287_,NOR2,0,0,2,4,7,33,665,-6.153236459716105e-05,1.33,0.5320000000010623,0.0108
b22_C,_12289_,XNOR2,0,0,2,3,10,31,113,-1.3210039728761558e-08,2.66,1.0640000000003056,0.0108
b22_C,_12290_,NOR2,0,0,2,2,11,30,108,-9.379128138586879e-07,1.33,0.5320000000010623,0.0108
b22_C,_12291_,NAND2,0,0,2,1,9,33,121,-0.0004138969616911403,1.33,0.5320000000010623,0.0108
b22_C,_12292_,AOI22,0,0,4,2,6,34,566,0.0,2.394,1.0640000000003056,0.0108
b22_C,_12293_,NAND3,0,0,3,2,6,34,566,0.0,1.862,0.7980000000006839,0.0108
b22_C,_12294_,NAND2,0,0,2,2,6,34,566,0.0,1.33,0.5320000000010623,0.0108
b22_C,_12295_,AND3,0,0,3,5,7,33,485,0.0,1.596,0.26599999999962165,0.0108
b22_C,_12296_,AND2,0,0,2,1,6,34,555,-0.0007843857331573112,1.33,0.26599999999962165,0.0108
b22_C,_12297_,NAND3,0,0,3,1,4,37,1365,-4.92734478203527e-05,1.862,0.7980000000006839,0.0108
b22_C,_12298_,AND2,0,2,2,2,5,36,1364,2.140026420072161e-06,1.33,0.26599999999962165,0.0108
b22_C,_12299_,MUX2,0,1,3,3,6,34,688,-7.675033025100753e-05,2.394,0.5320000000010623,0.0108
b22_C,_12300_,AOI21,0,0,3,8,7,33,554,-4.464993395014716e-06,1.862,0.7980000000006839,0.0108
b22_C,_12301_,OAI221,0,0,5,2,10,32,120,-3.660501981506137e-05,2.926,1.3300000000017462,0.0108
b22_C,_12302_,MUX2,0,0,3,5,7,33,464,-0.00018881109643342775,2.394,0.5320000000010623,0.0108
b22_C,_12303_,NAND3,0,0,3,6,7,33,425,-1.3210039950806163e-08,1.862,0.7980000000006839,0.0108
b22_C,_12304_,AOI222,0,25,6,2,10,32,120,-5.595772787336806e-05,3.724,1.5960000000013679,0.0108
b22_C,_12305_,MUX2,0,25,3,2,11,31,111,-0.0006464200792604125,2.394,0.5320000000010623,0.0108
b22_C,_12306_,AOI21,0,25,3,2,12,30,108,0.00022963011889043372,1.862,0.7980000000006839,0.0108
b22_C,_12307_,AOI211,0,25,4,2,13,29,104,-0.0002499339498021058,2.394,1.0640000000003056,0.0108
b22_C,_12309_,NOR2,0,0,2,3,15,27,93,-0.00048199471598420196,1.33,0.5320000000010623,0.0108
b22_C,_12310_,AOI22,0,0,4,1,11,29,98,-0.00015060766182317664,2.394,1.0640000000003056,0.0108
b22_C,_12311_,XNOR2,0,0,2,2,12,28,97,-1.3210039728761558e-08,2.66,1.0640000000003056,0.0108
b22_C,_12312_,AOI21,0,24,3,3,15,27,93,-2.9365918097878918e-05,1.862,0.7980000000006839,0.0108
b22_C,_12313_,NOR3,0,1,3,1,16,5,6,-0.00025253632760890987,1.862,0.7980000000006839,0.0108
b22_C,_12314_,NOR2,0,1,2,2,17,4,5,-1.535006605046796e-05,1.33,0.5320000000010623,0.0108
b22_C,_12315_,OAI21,0,0,3,2,15,26,86,0.0,1.862,0.7980000000006839,0.0108
b22_C,_12316_,INV,0,0,1,2,16,4,5,0.0,0.798,0.26599999999962165,0.0108
b22_C,_12317_,OAI21,0,1,3,2,18,3,4,1.2404227212714503e-05,1.862,0.7980000000006839,0.0108
b22_C,_12318_,NAND2,0,0,2,2,8,30,443,0.0,1.33,0.5320000000010623,0.0108
b22_C,_12319_,NAND2,0,0,2,2,7,30,443,0.0,1.33,0.5320000000010623,0.0108
b22_C,_12320_,NAND2,0,0,2,2,7,30,443,0.0,1.33,0.5320000000010623,0.0108
b22_C,_12321_,NAND2,0,0,2,2,7,30,443,0.0,1.33,0.5320000000010623,0.0108
b22_C,_12322_,NAND4,0,0,4,2,9,29,432,0.0,2.394,1.0640000000003056,0.0108
b22_C,_12323_,CLKBUF,0,0,1,10,10,28,337,0.0,1.064,0.26599999999962165,0.0108
b22_C,_12324_,INV,0,0,1,3,1,34,1436,0.0,0.798,0.26599999999962165,0.0108
b22_C,_12325_,NOR2,0,0,2,2,7,30,536,-0.0001602245706737726,1.33,0.5320000000010623,0.0108
b22_C,_12326_,MUX2,0,0,3,3,5,34,1991,-1.58124174374219e-05,2.394,0.5320000000010623,0.0108
b22_C,_12327_,AND2,0,0,2,3,6,33,1941,0.0,1.33,0.26599999999962165,0.0108
b22_C,_12328_,NOR2,0,0,2,4,6,33,1988,0.0,1.33,0.5320000000010623,0.0108
b22_C,_12329_,NOR2,0,0,2,1,7,32,1067,0.0,1.33,0.5320000000010623,0.0108
b22_C,_12330_,AOI21,0,0,3,1,8,33,1206,-1.8573315720082917e-05,1.862,0.7980000000006839,0.0108
b22_C,_12332_,XNOR2,0,0,2,4,10,31,1066,3.527080581156028e-06,2.66,1.0640000000003056,0.0108
b22_C,_12333_,AOI211,0,0,4,3,11,29,533,-0.00016826948480863635,2.394,1.0640000000003056,0.0108
b22_C,_12334_,INV,0,0,1,1,1,32,647,0.0,0.798,0.26599999999962165,0.0108
b22_C,_12335_,OAI21,0,0,3,1,5,31,646,-7.833553500757873e-06,1.862,0.7980000000006839,0.0108
b22_C,_12336_,XOR2,0,0,2,9,6,30,645,3.718626155890803e-05,2.394,0.7980000000006839,0.0108
b22_C,_12337_,NOR2,0,0,2,3,7,29,533,-6.816380449414794e-06,1.33,0.5320000000010623,0.0108
b22_C,_12338_,NOR2,0,0,2,7,12,28,468,0.00013146631439875378,1.33,0.5320000000010623,0.0108
b22_C,_12339_,AOI22,0,0,4,2,13,27,85,-3.7952443857625084e-05,2.394,1.0640000000003056,0.0108
b22_C,_12340_,AND4,0,0,4,5,9,29,344,0.0,1.862,0.26599999999962165,0.0108
b22_C,_12342_,XNOR2,0,0,2,2,13,27,85,-1.0568031716395865e-07,2.66,1.0640000000003056,0.0108
b22_C,_12343_,NOR2,0,0,2,3,14,25,82,0.0,1.33,0.5320000000010623,0.0108
b22_C,_12344_,AND2,0,0,2,2,14,26,83,0.0,1.33,0.26599999999962165,0.0108
b22_C,_12345_,OR2,0,0,2,1,15,3,2,0.0,1.33,0.26599999999962165,0.0108
b22_C,_12346_,XNOR2,0,1,2,1,19,2,1,-8.692206076910125e-06,2.66,1.0640000000003056,0.0108
b22_C,_12347_,NOR2,0,0,2,3,13,6,65,-6.381770145313936e-05,1.33,0.5320000000010623,0.0108
b22_C,_12348_,NAND3,0,0,3,7,14,5,41,3.712021136026422e-06,1.862,0.7980000000006839,0.0108
b22_C,_12349_,CLKBUF,0,0,1,10,15,4,22,-2.642007927988743e-07,1.064,0.26599999999962165,0.0108
b22_C,_12350_,OR2,0,0,2,6,12,28,314,-1.9815059459915574e-07,1.33,0.26599999999962165,0.0108
b22_C,_12351_,NAND2,0,0,2,9,8,7,169,0.0,1.33,0.5320000000010623,0.0108
b22_C,_12352_,NOR3,0,7,3,5,12,6,92,0.00016805812417430843,1.862,0.7980000000006839,0.0108
b22_C,_12353_,BUF,0,7,1,10,13,5,75,0.00012648612945831417,1.064,0.26599999999962165,0.0108
b22_C,_12354_,NAND2,0,0,2,4,7,11,348,-6.605019819971858e-08,1.33,0.5320000000010623,0.0108
b22_C,_12355_,NOR2,0,0,2,2,8,6,72,0.0,1.33,0.5320000000010623,0.0108
b22_C,_12356_,AOI21,0,0,3,2,14,3,22,-3.764861294586197e-05,1.862,0.7980000000006839,0.0108
b22_C,_12357_,CLKBUF,0,0,1,10,15,2,10,0.0,1.064,0.26599999999962165,0.0108
b22_C,_12358_,OAI221,0,1,5,0,20,1,0,-8.745046235159037e-06,2.926,1.3300000000017462,0.0108
b22_C,_12359_,CLKBUF,0,0,1,10,10,24,99,-3.963011896424007e-08,1.064,0.26599999999962165,0.0108
b22_C,_12360_,BUF,0,0,1,10,7,25,500,0.0,1.064,0.26599999999962165,0.0108
b22_C,_12361_,INV,0,0,1,2,1,18,177,0.0,0.798,0.26599999999962165,0.0108
b22_C,_12362_,INV,0,0,1,2,1,21,342,0.0,0.798,0.26599999999962165,0.0108
b22_C,_12363_,INV,0,0,1,1,1,23,429,0.0,0.798,0.26599999999962165,0.0108
b22_C,_12364_,INV,0,0,1,2,1,25,560,0.0,0.798,0.26599999999962165,0.0108
b22_C,_12365_,INV,0,0,1,3,1,28,693,0.0,0.798,0.26599999999962165,0.0108
b22_C,_12366_,INV,0,0,1,2,1,30,822,0.0,0.798,0.26599999999962165,0.0108
b22_C,_12367_,NAND3,0,0,3,2,4,30,865,0.0,1.862,0.7980000000006839,0.0108
b22_C,_12368_,NOR2,0,0,2,3,5,29,821,0.0,1.33,0.5320000000010623,0.0108
b22_C,_12369_,NAND3,0,0,3,2,6,28,738,0.0,1.862,0.7980000000006839,0.0108
b22_C,_12370_,NOR2,0,0,2,3,7,27,690,0.0,1.33,0.5320000000010623,0.0108
b22_C,_12371_,NAND3,0,0,3,2,8,26,604,0.0,1.862,0.7980000000006839,0.0108
b22_C,_12372_,NOR2,0,0,2,3,9,24,556,0.0,1.33,0.5320000000010623,0.0108
b22_C,_12373_,NAND3,0,0,3,2,10,23,471,0.0,1.862,0.7980000000006839,0.0108
b22_C,_12374_,NOR2,0,0,2,3,11,22,428,0.0,1.33,0.5320000000010623,0.0108
b22_C,_12375_,NAND3,0,0,3,2,12,21,342,0.0,1.862,0.7980000000006839,0.0108
b22_C,_12376_,NOR2,0,0,2,3,13,20,301,0.0,1.33,0.5320000000010623,0.0108
b22_C,_12377_,NAND3,0,0,3,2,14,18,218,0.0,1.862,0.7980000000006839,0.0108
b22_C,_12378_,NOR2,0,0,2,3,15,17,176,0.0,1.33,0.5320000000010623,0.0108
b22_C,_12379_,NAND2,0,0,2,1,16,16,93,0.0,1.33,0.5320000000010623,0.0108
b22_C,_12380_,XNOR2,0,0,2,3,17,15,92,0.0,2.66,1.0640000000003056,0.0108
b22_C,_12381_,NAND2,0,0,2,1,18,14,86,0.0,1.33,0.5320000000010623,0.0108
b22_C,_12382_,BUF,0,0,1,10,8,27,715,0.0,1.064,0.26599999999962165,0.0108
b22_C,_12383_,BUF,0,0,1,10,9,20,356,0.0,1.064,0.26599999999962165,0.0108
b22_C,_12384_,BUF,0,0,1,10,7,25,669,0.0,1.064,0.26599999999962165,0.0108
b22_C,_12385_,BUF,0,0,1,10,8,18,316,1.8494055464834958e-07,1.064,0.26599999999962165,0.0108
b22_C,_12386_,BUF,0,0,1,10,7,27,715,8.454425362014462e-07,1.064,0.26599999999962165,0.0108
b22_C,_12387_,BUF,0,0,1,10,8,19,392,-7.926023792848014e-08,1.064,0.26599999999962165,0.0108
b22_C,_12388_,AOI222,0,0,6,1,10,14,86,-1.3210039662148176e-07,3.724,1.5960000000013679,0.0108
b22_C,_12389_,NAND2,0,0,2,5,19,13,85,0.0,1.33,0.5320000000010623,0.0108
b22_C,_12390_,CLKBUF,0,0,1,10,20,8,42,0.0,1.064,0.26599999999962165,0.0108
b22_C,_12391_,BUF,0,0,1,10,8,25,562,3.9630118742195464e-08,1.064,0.26599999999962165,0.0108
b22_C,_12392_,BUF,0,0,1,10,9,18,341,0.0,1.064,0.26599999999962165,0.0108
b22_C,_12393_,BUF,0,6,1,10,6,35,2298,0.00017573315719920934,1.064,0.26599999999962165,0.0108
b22_C,_12394_,BUF,0,6,1,10,7,32,2030,0.00016351387054158728,1.064,0.26599999999962165,0.0108
b22_C,_12395_,BUF,0,6,1,10,8,30,1701,0.00017214002642007564,1.064,0.26599999999962165,0.0108
b22_C,_12396_,BUF,0,6,1,10,9,24,1310,0.00017969616908830588,1.064,0.26599999999962165,0.0108
b22_C,_12397_,BUF,0,6,1,10,10,22,989,0.00018892998678987638,1.064,0.26599999999962165,0.0108
b22_C,_12398_,MUX2,0,0,3,2,11,19,294,-1.4808454425585538e-05,2.394,0.5320000000010623,0.0108
b22_C,_12399_,AND2,0,0,2,2,12,17,291,0.0,1.33,0.26599999999962165,0.0108
b22_C,_12400_,NOR2,0,0,2,2,12,18,292,0.0,1.33,0.5320000000010623,0.0108
b22_C,_12401_,OR2,0,0,2,1,13,16,194,0.0,1.33,0.26599999999962165,0.0108
b22_C,_12402_,MUX2,0,0,3,3,11,19,380,-1.4808454425585538e-05,2.394,0.5320000000010623,0.0108
b22_C,_12403_,NOR2,0,0,2,2,12,18,292,0.0,1.33,0.5320000000010623,0.0108
b22_C,_12404_,MUX2,0,0,3,2,10,21,469,-1.4583883751750903e-05,2.394,0.5320000000010623,0.0108
b22_C,_12405_,NOR2,0,0,2,2,11,20,467,0.0,1.33,0.5320000000010623,0.0108
b22_C,_12406_,INV,0,0,1,1,12,19,378,0.0,0.798,0.26599999999962165,0.0108
b22_C,_12407_,MUX2,0,0,3,3,10,21,554,-1.4583883751750903e-05,2.394,0.5320000000010623,0.0108
b22_C,_12408_,NOR2,0,0,2,1,11,20,466,0.0,1.33,0.5320000000010623,0.0108
b22_C,_12409_,AND2,0,0,2,2,10,23,636,-1.557463672408055e-05,1.33,0.26599999999962165,0.0108
b22_C,_12410_,INV,0,0,1,3,1,24,895,0.0,0.798,0.26599999999962165,0.0108
b22_C,_12411_,NOR2,0,0,2,2,10,23,636,-3.5138705416271065e-05,1.33,0.5320000000010623,0.0108
b22_C,_12412_,OR2,0,0,2,2,11,22,635,0.0,1.33,0.26599999999962165,0.0108
b22_C,_12413_,AND2,0,0,2,1,12,21,552,0.0,1.33,0.26599999999962165,0.0108
b22_C,_12414_,MUX2,0,0,3,2,10,23,718,-1.4583883751750903e-05,2.394,0.5320000000010623,0.0108
b22_C,_12415_,AND2,0,0,2,3,11,22,715,0.0,1.33,0.26599999999962165,0.0108
b22_C,_12416_,NOR2,0,0,2,2,11,22,716,0.0,1.33,0.5320000000010623,0.0108
b22_C,_12417_,MUX2,0,0,3,3,10,23,802,-1.4583883751750903e-05,2.394,0.5320000000010623,0.0108
b22_C,_12418_,NOR2,0,0,2,2,11,22,716,0.0,1.33,0.5320000000010623,0.0108
b22_C,_12419_,INV,0,0,1,3,1,26,1255,0.0,0.798,0.26599999999962165,0.0108
b22_C,_12420_,BUF,0,24,1,10,7,35,2964,0.0006425231175692936,1.064,0.26599999999962165,0.0108
b22_C,_12421_,BUF,0,21,1,10,8,34,2580,0.0005901849405547388,1.064,0.26599999999962165,0.0108
b22_C,_12422_,BUF,0,21,1,10,9,31,2388,0.0005758916776748002,1.064,0.26599999999962165,0.0108
b22_C,_12423_,BUF,0,18,1,10,10,27,1982,0.0005257331571992818,1.064,0.26599999999962165,0.0108
b22_C,_12424_,NOR2,0,0,2,2,11,25,884,-0.00011211360634089118,1.33,0.5320000000010623,0.0108
b22_C,_12425_,AND2,0,0,2,2,11,25,884,-5.1400264200918144e-05,1.33,0.26599999999962165,0.0108
b22_C,_12426_,OR2,0,0,2,2,12,24,883,0.0,1.33,0.26599999999962165,0.0108
b22_C,_12427_,AND2,0,0,2,1,13,23,800,0.0,1.33,0.26599999999962165,0.0108
b22_C,_12428_,MUX2,0,0,3,2,9,25,969,-1.611624834896297e-05,2.394,0.5320000000010623,0.0108
b22_C,_12429_,AND2,0,0,2,3,10,24,966,0.0,1.33,0.26599999999962165,0.0108
b22_C,_12430_,NOR2,0,0,2,2,10,24,967,0.0,1.33,0.5320000000010623,0.0108
b22_C,_12431_,MUX2,0,0,3,3,9,26,1054,-1.611624834896297e-05,2.394,0.5320000000010623,0.0108
b22_C,_12432_,NOR2,0,0,2,2,10,24,967,0.0,1.33,0.5320000000010623,0.0108
b22_C,_12433_,AND2,0,0,2,2,8,28,1135,-1.7001321004128656e-05,1.33,0.26599999999962165,0.0108
b22_C,_12434_,INV,0,0,1,3,1,29,1624,0.0,0.798,0.26599999999962165,0.0108
b22_C,_12435_,NOR2,0,0,2,2,8,28,1135,-3.7912813738660844e-05,1.33,0.5320000000010623,0.0108
b22_C,_12436_,OR2,0,0,2,2,9,27,1134,0.0,1.33,0.26599999999962165,0.0108
b22_C,_12437_,AND2,0,0,2,1,10,26,1052,0.0,1.33,0.26599999999962165,0.0108
b22_C,_12438_,MUX2,0,0,3,2,8,28,1221,-1.5931307794092575e-05,2.394,0.5320000000010623,0.0108
b22_C,_12439_,AND2,0,0,2,3,9,27,1218,0.0,1.33,0.26599999999962165,0.0108
b22_C,_12440_,NOR2,0,0,2,2,9,27,1219,0.0,1.33,0.5320000000010623,0.0108
b22_C,_12441_,MUX2,0,0,3,3,8,28,1302,-1.5931307794092575e-05,2.394,0.5320000000010623,0.0108
b22_C,_12442_,NOR2,0,0,2,2,9,27,1219,0.0,1.33,0.5320000000010623,0.0108
b22_C,_12443_,INV,0,0,1,3,1,31,2034,0.0,0.798,0.26599999999962165,0.0108
b22_C,_12444_,NOR2,0,0,2,2,8,30,1384,-0.00014993394980211683,1.33,0.5320000000010623,0.0108
b22_C,_12445_,AND2,0,0,2,2,8,30,1384,-6.749009247042359e-05,1.33,0.26599999999962165,0.0108
b22_C,_12446_,OR2,0,0,2,2,9,29,1383,0.0,1.33,0.26599999999962165,0.0108
b22_C,_12447_,AND2,0,0,2,1,10,28,1300,0.0,1.33,0.26599999999962165,0.0108
b22_C,_12448_,MUX2,0,0,3,2,7,30,1467,-1.5561426684351787e-05,2.394,0.5320000000010623,0.0108
b22_C,_12449_,AND2,0,0,2,3,8,28,1464,0.0,1.33,0.26599999999962165,0.0108
b22_C,_12450_,NOR2,0,0,2,2,8,29,1465,0.0,1.33,0.5320000000010623,0.0108
b22_C,_12451_,MUX2,0,0,3,3,7,30,1550,-1.5561426684351787e-05,2.394,0.5320000000010623,0.0108
b22_C,_12452_,NOR2,0,0,2,2,8,29,1465,0.0,1.33,0.5320000000010623,0.0108
b22_C,_12453_,AND2,0,0,2,2,6,32,1634,-1.7014531043635372e-05,1.33,0.26599999999962165,0.0108
b22_C,_12454_,INV,0,0,1,4,1,33,2368,0.0,0.798,0.26599999999962165,0.0108
b22_C,_12455_,NOR2,0,0,2,2,6,32,1634,-3.7807133421496886e-05,1.33,0.5320000000010623,0.0108
b22_C,_12456_,OR2,0,0,2,2,7,31,1633,0.0,1.33,0.26599999999962165,0.0108
b22_C,_12457_,AND2,0,0,2,1,8,30,1548,0.0,1.33,0.26599999999962165,0.0108
b22_C,_12458_,MUX2,0,0,3,3,6,32,1724,-1.5931307794092575e-05,2.394,0.5320000000010623,0.0108
b22_C,_12459_,AND2,0,0,2,3,7,30,1719,0.0,1.33,0.26599999999962165,0.0108
b22_C,_12460_,NOR2,0,0,2,3,7,31,1721,0.0,1.33,0.5320000000010623,0.0108
b22_C,_12461_,AND2,0,0,2,2,5,33,1814,-1.6895640686964697e-05,1.33,0.26599999999962165,0.0108
b22_C,_12462_,INV,0,0,1,3,1,34,2632,0.0,0.798,0.26599999999962165,0.0108
b22_C,_12463_,NOR2,0,0,2,2,6,33,1814,-3.7807133421496886e-05,1.33,0.5320000000010623,0.0108
b22_C,_12464_,OR2,0,0,2,3,7,32,1813,0.0,1.33,0.26599999999962165,0.0108
b22_C,_12465_,NOR2,0,0,2,2,8,31,1766,0.0,1.33,0.5320000000010623,0.0108
b22_C,_12466_,INV,0,0,1,4,1,36,2765,0.0,0.798,0.26599999999962165,0.0108
b22_C,_12467_,NOR2,0,0,2,2,6,35,1906,-0.00017619550858660737,1.33,0.5320000000010623,0.0108
b22_C,_12468_,AND2,0,0,2,2,5,35,1906,-8.248348745065748e-05,1.33,0.26599999999962165,0.0108
b22_C,_12469_,OR2,0,0,2,2,7,34,1905,0.0,1.33,0.26599999999962165,0.0108
b22_C,_12470_,AND2,0,0,2,3,8,33,1902,0.0,1.33,0.26599999999962165,0.0108
b22_C,_12471_,NAND2,0,0,2,1,7,33,1856,0.0,1.33,0.5320000000010623,0.0108
b22_C,_12472_,AOI211,0,87,4,2,9,32,1855,-0.0004299339498021748,2.394,1.0640000000003056,0.0108
b22_C,_12474_,NAND2,0,0,2,1,8,31,1630,0.0,1.33,0.5320000000010623,0.0108
b22_C,_12475_,AOI211,0,85,4,2,11,30,1629,-0.0005529854689565461,2.394,1.0640000000003056,0.0108
b22_C,_12477_,NAND2,0,0,2,2,8,29,1465,0.0,1.33,0.5320000000010623,0.0108
b22_C,_12478_,AOI211,0,79,4,2,13,28,1382,-0.0004489696169089896,2.394,1.0640000000003056,0.0108
b22_C,_12480_,NAND2,0,0,2,2,9,27,1219,0.0,1.33,0.5320000000010623,0.0108
b22_C,_12481_,AOI211,0,64,4,2,15,26,1133,-0.0005425231175695266,2.394,1.0640000000003056,0.0108
b22_C,_12483_,NAND2,0,0,2,2,10,24,967,0.0,1.33,0.5320000000010623,0.0108
b22_C,_12484_,AOI211,0,48,4,2,17,23,882,-0.0005591545574639145,2.394,1.0640000000003056,0.0108
b22_C,_12486_,NAND2,0,0,2,2,11,22,716,0.0,1.33,0.5320000000010623,0.0108
b22_C,_12487_,AOI211,0,42,4,2,19,21,634,-0.00026762219286657896,2.394,1.0640000000003056,0.0108
b22_C,_12489_,NAND2,0,0,2,1,11,20,466,0.0,1.33,0.5320000000010623,0.0108
b22_C,_12490_,AOI21,0,28,3,2,21,19,465,-0.00036175693527096264,1.862,0.7980000000006839,0.0108
b22_C,_12491_,AND2,0,0,2,2,11,19,466,0.0,1.33,0.26599999999962165,0.0108
b22_C,_12492_,OAI21,0,26,3,3,22,18,377,0.0003565389696167376,1.862,0.7980000000006839,0.0108
b22_C,_12493_,NAND2,0,0,2,2,12,18,292,0.0,1.33,0.5320000000010623,0.0108
b22_C,_12494_,AOI21,0,2,3,1,23,16,194,-0.000287212681638227,1.862,0.7980000000006839,0.0108
b22_C,_12495_,XNOR2,0,2,2,2,24,15,193,-1.775429326311695e-05,2.66,1.0640000000003056,0.0108
b22_C,_12496_,BUF,0,15,1,10,11,24,1384,0.0004557463672389961,1.064,0.26599999999962165,0.0108
b22_C,_12497_,BUF,0,11,1,10,12,21,1075,0.0003146631439894243,1.064,0.26599999999962165,0.0108
b22_C,_12498_,BUF,0,10,1,10,13,19,777,0.0002883091149272765,1.064,0.26599999999962165,0.0108
b22_C,_12499_,BUF,0,8,1,10,14,18,509,0.00020376486129447535,1.064,0.26599999999962165,0.0108
b22_C,_12500_,MUX2,0,1,3,3,25,13,97,-1.6235138705633645e-05,2.394,0.5320000000010623,0.0108
b22_C,_12501_,AND2,0,0,2,6,26,12,61,-2.5363276090484277e-06,1.33,0.26599999999962165,0.0108
b22_C,_12502_,BUF,0,0,1,10,10,27,172,0.0,1.064,0.26599999999962165,0.0108
b22_C,_12503_,CLKBUF,0,0,1,10,11,22,111,0.0,1.064,0.26599999999962165,0.0108
b22_C,_12504_,CLKBUF,0,0,1,10,12,12,54,0.0,1.064,0.26599999999962165,0.0108
b22_C,_12505_,AOI22,0,0,4,3,27,5,9,0.0,2.394,1.0640000000003056,0.0108
b22_C,_12506_,BUF,0,0,1,10,10,17,74,1.9815059437711113e-07,1.064,0.26599999999962165,0.0108
b22_C,_12507_,CLKBUF,0,0,1,10,11,20,87,0.0,1.064,0.26599999999962165,0.0108
b22_C,_12508_,AOI22,0,0,4,1,27,6,10,0.0,2.394,1.0640000000003056,0.0108
b22_C,_12509_,XNOR2,0,0,2,3,28,5,9,-1.3210039950806163e-08,2.66,1.0640000000003056,0.0108
b22_C,_12510_,XOR2,0,0,2,2,29,4,3,9.775429326008833e-07,2.394,0.7980000000006839,0.0108
b22_C,_12511_,BUF,0,0,1,10,9,28,124,-4.2153236459840926e-05,1.064,0.26599999999962165,0.0108
b22_C,_12512_,XOR2,0,0,2,3,16,16,114,0.0,2.394,0.7980000000006839,0.0108
b22_C,_12513_,NAND2,0,0,2,1,17,15,109,0.0,1.33,0.5320000000010623,0.0108
b22_C,_12514_,AOI222,0,0,6,1,10,15,109,-1.3210039662148176e-07,3.724,1.5960000000013679,0.0108
b22_C,_12515_,AND2,0,0,2,7,18,14,108,0.0,1.33,0.26599999999962165,0.0108
b22_C,_12516_,CLKBUF,0,0,1,10,19,9,59,0.0,1.064,0.26599999999962165,0.0108
b22_C,_12517_,XOR2,0,0,2,1,12,17,245,0.0,2.394,0.7980000000006839,0.0108
b22_C,_12518_,XNOR2,0,3,2,2,23,16,244,-0.00032866578599732854,2.66,1.0640000000003056,0.0108
b22_C,_12519_,MUX2,0,1,3,2,24,15,123,-2.832232496685627e-05,2.394,0.5320000000010623,0.0108
b22_C,_12520_,NAND2,0,0,2,4,25,14,121,-6.261558784803611e-06,1.33,0.5320000000010623,0.0108
b22_C,_12521_,BUF,0,0,1,10,26,10,106,0.0,1.064,0.26599999999962165,0.0108
b22_C,_12522_,CLKBUF,0,0,1,10,10,22,87,0.0,1.064,0.26599999999962165,0.0108
b22_C,_12523_,OAI22,0,0,4,2,27,7,13,0.0,2.394,1.0640000000003056,0.0108
b22_C,_12524_,OAI22,0,0,4,1,27,8,14,0.0,2.394,1.0640000000003056,0.0108
b22_C,_12525_,XNOR2,0,0,2,2,28,7,13,0.0,2.66,1.0640000000003056,0.0108
b22_C,_12526_,NAND2,0,0,2,2,29,5,10,1.8494055464834958e-07,1.33,0.5320000000010623,0.0108
b22_C,_12527_,OR2,0,0,2,2,29,6,11,-1.3210039950806163e-08,1.33,0.26599999999962165,0.0108
b22_C,_12528_,NAND2,0,0,2,1,9,16,124,-5.2840158693001626e-08,1.33,0.5320000000010623,0.0108
b22_C,_12529_,XNOR2,0,0,2,3,15,17,131,0.0,2.66,1.0640000000003056,0.0108
b22_C,_12530_,AOI222,0,0,6,1,16,16,124,1.3210039639943716e-07,3.724,1.5960000000013679,0.0108
b22_C,_12531_,NAND2,0,0,2,7,17,15,123,1.0647291941667802e-05,1.33,0.5320000000010623,0.0108
b22_C,_12532_,CLKBUF,0,0,1,10,18,11,86,-1.4795244387411088e-06,1.064,0.26599999999962165,0.0108
b22_C,_12533_,OR2,0,0,2,1,12,18,293,0.0,1.33,0.26599999999962165,0.0108
b22_C,_12534_,XNOR2,0,2,2,2,22,17,292,-0.0002791017173053856,2.66,1.0640000000003056,0.0108
b22_C,_12535_,MUX2,0,1,3,2,23,16,148,-2.3117569352804068e-05,2.394,0.5320000000010623,0.0108
b22_C,_12536_,AND2,0,0,2,4,24,15,145,-2.7476882431543004e-06,1.33,0.26599999999962165,0.0108
b22_C,_12537_,BUF,0,0,1,10,25,11,129,0.0,1.064,0.26599999999962165,0.0108
b22_C,_12538_,AOI22,0,0,4,2,26,9,17,0.0,2.394,1.0640000000003056,0.0108
b22_C,_12539_,AOI22,0,0,4,1,26,10,18,0.0,2.394,1.0640000000003056,0.0108
b22_C,_12540_,XNOR2,0,0,2,2,27,9,17,-3.963011896424007e-08,2.66,1.0640000000003056,0.0108
b22_C,_12541_,NOR2,0,0,2,2,28,8,15,0.0,1.33,0.5320000000010623,0.0108
b22_C,_12542_,INV,0,0,1,1,29,7,11,0.0,0.798,0.26599999999962165,0.0108
b22_C,_12543_,AND2,0,0,2,1,9,17,122,0.0,1.33,0.26599999999962165,0.0108
b22_C,_12544_,AOI22,0,0,4,1,10,18,140,-6.605019819971858e-08,2.394,1.0640000000003056,0.0108
b22_C,_12545_,NAND2,0,0,2,1,14,19,145,0.0,1.33,0.5320000000010623,0.0108
b22_C,_12546_,XOR2,0,0,2,3,15,18,144,0.0,2.394,0.7980000000006839,0.0108
b22_C,_12547_,OAI21,0,0,3,2,16,17,139,0.0,1.862,0.7980000000006839,0.0108
b22_C,_12548_,OR2,0,0,2,1,17,16,121,0.0,1.33,0.26599999999962165,0.0108
b22_C,_12549_,BUF,0,0,1,10,18,15,120,4.464993394792671e-06,1.064,0.26599999999962165,0.0108
b22_C,_12550_,NAND2,0,0,2,1,11,19,167,-3.7582562747884296e-05,1.33,0.5320000000010623,0.0108
b22_C,_12551_,XNOR2,0,0,2,1,11,20,335,0.0,2.66,1.0640000000003056,0.0108
b22_C,_12552_,XNOR2,0,12,2,2,21,19,334,-0.0007699339498019597,2.66,1.0640000000003056,0.0108
b22_C,_12553_,OAI21,0,1,3,2,22,18,166,-0.00012837516512553826,1.862,0.7980000000006839,0.0108
b22_C,_12554_,AND2,0,0,2,1,23,17,163,-3.1439894321305673e-06,1.33,0.26599999999962165,0.0108
b22_C,_12555_,BUF,0,0,1,10,24,16,162,7.926023770643553e-08,1.064,0.26599999999962165,0.0108
b22_C,_12556_,AOI22,0,0,4,3,25,9,19,-3.157199471637284e-06,2.394,1.0640000000003056,0.0108
b22_C,_12557_,AOI22,0,0,4,1,25,10,20,-3.157199471637284e-06,2.394,1.0640000000003056,0.0108
b22_C,_12558_,XNOR2,0,0,2,3,26,9,19,-3.963011896424007e-08,2.66,1.0640000000003056,0.0108
b22_C,_12559_,NAND2,0,0,2,1,27,8,14,0.0,1.33,0.5320000000010623,0.0108
b22_C,_12560_,XOR2,0,0,2,3,14,18,160,0.0,2.394,0.7980000000006839,0.0108
b22_C,_12561_,NAND2,0,0,2,2,15,17,154,0.0,1.33,0.5320000000010623,0.0108
b22_C,_12562_,NAND2,0,0,2,2,9,17,154,-7.926023792848014e-08,1.33,0.5320000000010623,0.0108
b22_C,_12563_,NAND2,0,0,2,2,9,17,154,-5.2840158693001626e-08,1.33,0.5320000000010623,0.0108
b22_C,_12564_,NAND2,0,0,2,2,10,17,154,0.0,1.33,0.5320000000010623,0.0108
b22_C,_12565_,AND4,0,0,4,7,16,16,137,0.0,1.862,0.26599999999962165,0.0108
b22_C,_12566_,NOR2,0,2,2,1,20,20,377,-0.00043021136063425836,1.33,0.5320000000010623,0.0108
b22_C,_12567_,XNOR2,0,0,2,1,12,20,377,0.0,2.66,1.0640000000003056,0.0108
b22_C,_12568_,XOR2,0,2,2,2,21,19,376,-2.0369881109871812e-05,2.394,0.7980000000006839,0.0108
b22_C,_12569_,MUX2,0,1,3,3,22,17,189,-2.8203434610629685e-05,2.394,0.5320000000010623,0.0108
b22_C,_12570_,NAND2,0,0,2,9,23,16,180,-7.146631439969298e-06,1.33,0.5320000000010623,0.0108
b22_C,_12571_,OAI22,0,0,4,3,24,10,22,0.0,2.394,1.0640000000003056,0.0108
b22_C,_12572_,NAND4,0,0,4,7,16,16,144,0.0,2.394,1.0640000000003056,0.0108
b22_C,_12573_,AND2,0,0,2,5,23,16,135,-3.104359313388372e-06,1.33,0.26599999999962165,0.0108
b22_C,_12574_,AOI22,0,0,4,1,24,11,23,0.0,2.394,1.0640000000003056,0.0108
b22_C,_12575_,XNOR2,0,0,2,3,25,10,22,-1.0568031716395865e-07,2.66,1.0640000000003056,0.0108
b22_C,_12576_,NOR2,0,0,2,1,26,9,17,-5.2840158693001626e-08,1.33,0.5320000000010623,0.0108
b22_C,_12577_,AOI222,0,0,6,1,10,19,168,-4.227212682117454e-07,3.724,1.5960000000013679,0.0108
b22_C,_12578_,XNOR2,0,0,2,3,13,19,171,0.0,2.66,1.0640000000003056,0.0108
b22_C,_12579_,OAI21,0,0,3,6,14,18,167,0.0,1.862,0.7980000000006839,0.0108
b22_C,_12580_,BUF,0,0,1,10,15,14,115,0.0,1.064,0.26599999999962165,0.0108
b22_C,_12581_,BUF,0,0,1,10,8,26,626,0.0,1.064,0.26599999999962165,0.0108
b22_C,_12582_,CLKBUF,0,0,1,10,9,25,504,6.605019797767397e-08,1.064,0.26599999999962165,0.0108
b22_C,_12583_,NOR2,0,0,2,2,13,20,209,-6.488771466317544e-05,1.33,0.5320000000010623,0.0108
b22_C,_12584_,AOI21,0,2,3,1,19,21,420,-0.0008009775429327348,1.862,0.7980000000006839,0.0108
b22_C,_12585_,NOR2,0,0,2,1,12,21,420,9.247027721315249e-08,1.33,0.5320000000010623,0.0108
b22_C,_12586_,XNOR2,0,2,2,3,20,20,419,-4.504623513978956e-06,2.66,1.0640000000003056,0.0108
b22_C,_12587_,AOI211,0,0,4,1,21,19,206,-8.360634081916452e-05,2.394,1.0640000000003056,0.0108
b22_C,_12588_,BUF,0,0,1,10,22,18,205,0.0,1.064,0.26599999999962165,0.0108
b22_C,_12589_,AOI22,0,0,4,3,23,11,25,-2.6420079457523116e-08,2.394,1.0640000000003056,0.0108
b22_C,_12590_,AOI22,0,0,4,1,23,12,26,-2.6420079457523116e-08,2.394,1.0640000000003056,0.0108
b22_C,_12591_,XNOR2,0,0,2,3,24,11,25,3.394980184756591e-06,2.66,1.0640000000003056,0.0108
b22_C,_12592_,NOR2,0,0,2,1,25,10,20,-5.006605020119181e-06,1.33,0.5320000000010623,0.0108
b22_C,_12593_,NAND2,0,0,2,1,12,20,195,0.0,1.33,0.5320000000010623,0.0108
b22_C,_12594_,XNOR2,0,0,2,3,13,19,194,0.0,2.66,1.0640000000003056,0.0108
b22_C,_12595_,NAND2,0,0,2,2,14,18,188,0.0,1.33,0.5320000000010623,0.0108
b22_C,_12596_,NAND2,0,0,2,2,9,18,188,0.0,1.33,0.5320000000010623,0.0108
b22_C,_12597_,NAND2,0,0,2,2,8,18,188,0.0,1.33,0.5320000000010623,0.0108
b22_C,_12598_,NAND2,0,0,2,2,8,18,188,-4.227212682117454e-07,1.33,0.5320000000010623,0.0108
b22_C,_12599_,NAND4,0,0,4,10,15,17,139,0.0,2.394,1.0640000000003056,0.0108
b22_C,_12600_,XOR2,0,0,2,1,11,21,465,0.0,2.394,0.7980000000006839,0.0108
b22_C,_12601_,XNOR2,0,2,2,2,19,20,464,-0.0009961690885074148,2.66,1.0640000000003056,0.0108
b22_C,_12602_,MUX2,0,1,3,2,20,19,232,-2.9405548216843158e-05,2.394,0.5320000000010623,0.0108
b22_C,_12603_,AND2,0,0,2,5,21,18,230,-2.7344782036475834e-06,1.33,0.26599999999962165,0.0108
b22_C,_12604_,BUF,0,0,1,10,22,15,180,0.0,1.064,0.26599999999962165,0.0108
b22_C,_12605_,AOI22,0,0,4,3,23,13,29,0.0,2.394,1.0640000000003056,0.0108
b22_C,_12606_,AOI22,0,0,4,1,23,14,30,0.0,2.394,1.0640000000003056,0.0108
b22_C,_12607_,XNOR2,0,0,2,3,24,13,29,-3.963011896424007e-08,2.66,1.0640000000003056,0.0108
b22_C,_12608_,NOR2,0,0,2,1,25,12,24,0.0,1.33,0.5320000000010623,0.0108
b22_C,_12609_,XNOR2,0,0,2,3,12,19,209,0.0,2.66,1.0640000000003056,0.0108
b22_C,_12610_,OR2,0,0,2,2,13,18,202,0.0,1.33,0.26599999999962165,0.0108
b22_C,_12611_,NAND2,0,0,2,2,8,18,202,0.0,1.33,0.5320000000010623,0.0108
b22_C,_12612_,NAND2,0,0,2,2,9,18,202,0.0,1.33,0.5320000000010623,0.0108
b22_C,_12613_,NAND2,0,0,2,2,9,18,202,-7.926023792848014e-08,1.33,0.5320000000010623,0.0108
b22_C,_12614_,AND4,0,0,4,7,14,17,161,1.6644649933894584e-06,1.862,0.26599999999962165,0.0108
b22_C,_12615_,NOR2,0,2,2,1,18,22,500,-0.0004920079260237742,1.33,0.5320000000010623,0.0108
b22_C,_12616_,XOR2,0,0,2,1,13,22,500,1.4531043592835857e-06,2.394,0.7980000000006839,0.0108
b22_C,_12617_,XNOR2,0,2,2,2,19,21,499,-2.1677675033249244e-05,2.66,1.0640000000003056,0.0108
b22_C,_12618_,MUX2,0,1,3,3,20,18,246,-2.2443857331744255e-05,2.394,0.5320000000010623,0.0108
b22_C,_12619_,NAND2,0,0,2,2,21,17,229,-5.68031704095695e-06,1.33,0.5320000000010623,0.0108
b22_C,_12620_,BUF,0,0,1,10,22,16,209,3.96301188887449e-06,1.064,0.26599999999962165,0.0108
b22_C,_12621_,OAI22,0,0,4,3,23,14,32,-5.7727873183921474e-06,2.394,1.0640000000003056,0.0108
b22_C,_12622_,OAI22,0,0,4,1,23,15,33,-5.7727873183921474e-06,2.394,1.0640000000003056,0.0108
b22_C,_12623_,XNOR2,0,0,2,3,24,14,32,-3.963011896424007e-08,2.66,1.0640000000003056,0.0108
b22_C,_12624_,NOR2,0,0,2,1,25,13,27,-5.2840158693001626e-08,1.33,0.5320000000010623,0.0108
b22_C,_12625_,XNOR2,0,0,2,3,11,20,222,0.0,2.66,1.0640000000003056,0.0108
b22_C,_12626_,NAND2,0,0,2,2,12,19,217,0.0,1.33,0.5320000000010623,0.0108
b22_C,_12627_,NAND2,0,0,2,2,9,19,217,0.0,1.33,0.5320000000010623,0.0108
b22_C,_12628_,NAND2,0,0,2,2,8,19,217,0.0,1.33,0.5320000000010623,0.0108
b22_C,_12629_,NAND2,0,0,2,2,8,19,217,-4.227212682117454e-07,1.33,0.5320000000010623,0.0108
b22_C,_12630_,NAND4,0,0,4,8,13,18,147,9.907529721076003e-07,2.394,1.0640000000003056,0.0108
b22_C,_12631_,AOI21,0,3,3,1,17,23,546,-0.0010780184940555326,1.862,0.7980000000006839,0.0108
b22_C,_12632_,NOR2,0,0,2,1,11,23,546,0.0,1.33,0.5320000000010623,0.0108
b22_C,_12633_,XOR2,0,3,2,2,18,22,545,-7.305151915470987e-05,2.394,0.7980000000006839,0.0108
b22_C,_12634_,MUX2,0,1,3,3,19,19,269,-3.206076618234022e-05,2.394,0.5320000000010623,0.0108
b22_C,_12635_,MUX2,0,0,3,8,20,18,224,-2.166446499529684e-06,2.394,0.5320000000010623,0.0108
b22_C,_12636_,AOI22,0,0,4,2,21,16,36,-1.2681638046352361e-06,2.394,1.0640000000003056,0.0108
b22_C,_12637_,AOI22,0,0,4,1,21,17,37,-1.2681638046352361e-06,2.394,1.0640000000003056,0.0108
b22_C,_12638_,XNOR2,0,0,2,2,22,16,36,-3.963011896424007e-08,2.66,1.0640000000003056,0.0108
b22_C,_12639_,AND2,0,0,2,2,23,15,34,0.0,1.33,0.26599999999962165,0.0108
b22_C,_12640_,INV,0,0,1,1,24,14,30,0.0,0.798,0.26599999999962165,0.0108
b22_C,_12641_,NAND2,0,0,2,1,10,23,244,0.0,1.33,0.5320000000010623,0.0108
b22_C,_12642_,XOR2,0,0,2,3,11,22,243,0.0,2.394,0.7980000000006839,0.0108
b22_C,_12643_,OR2,0,0,2,2,12,21,238,0.0,1.33,0.26599999999962165,0.0108
b22_C,_12644_,NAND2,0,0,2,2,9,21,238,0.0,1.33,0.5320000000010623,0.0108
b22_C,_12645_,NAND2,0,0,2,2,8,21,238,0.0,1.33,0.5320000000010623,0.0108
b22_C,_12646_,NAND2,0,0,2,2,8,21,238,-4.227212682117454e-07,1.33,0.5320000000010623,0.0108
b22_C,_12647_,NAND4,0,0,4,7,13,19,76,1.241743725177713e-06,2.394,1.0640000000003056,0.0108
b22_C,_12648_,XOR2,0,0,2,1,10,25,590,0.0,2.394,0.7980000000006839,0.0108
b22_C,_12649_,XNOR2,0,11,2,2,17,24,589,-0.0012641611624837346,2.66,1.0640000000003056,0.0108
b22_C,_12650_,MUX2,0,1,3,3,18,20,293,-7.693527080609996e-05,2.394,0.5320000000010623,0.0108
b22_C,_12651_,OAI21,0,0,3,1,5,22,313,-8.718626156589693e-07,1.862,0.7980000000006839,0.0108
b22_C,_12652_,XNOR2,0,0,2,10,6,21,312,4.478203434521433e-06,2.66,1.0640000000003056,0.0108
b22_C,_12653_,MUX2,0,0,3,10,19,19,234,-2.8665786000470206e-06,2.394,0.5320000000010623,0.0108
b22_C,_12654_,AOI22,0,0,4,3,20,16,38,-1.2417437253997576e-06,2.394,1.0640000000003056,0.0108
b22_C,_12655_,AOI22,0,0,4,1,20,17,39,-1.2417437253997576e-06,2.394,1.0640000000003056,0.0108
b22_C,_12656_,XNOR2,0,0,2,3,21,16,38,-3.963011896424007e-08,2.66,1.0640000000003056,0.0108
b22_C,_12657_,AND2,0,0,2,1,22,15,33,0.0,1.33,0.26599999999962165,0.0108
b22_C,_12658_,XOR2,0,0,2,3,10,22,257,0.0,2.394,0.7980000000006839,0.0108
b22_C,_12659_,NAND2,0,0,2,2,11,21,252,0.0,1.33,0.5320000000010623,0.0108
b22_C,_12660_,NAND2,0,0,2,2,8,21,252,0.0,1.33,0.5320000000010623,0.0108
b22_C,_12661_,NAND2,0,0,2,2,9,21,252,0.0,1.33,0.5320000000010623,0.0108
b22_C,_12662_,NAND2,0,0,2,2,8,21,252,-4.227212682117454e-07,1.33,0.5320000000010623,0.0108
b22_C,_12663_,AND4,0,0,4,6,12,19,180,0.0,1.862,0.26599999999962165,0.0108
b22_C,_12664_,NAND2,0,0,2,1,5,23,339,-8.454425366455354e-07,1.33,0.5320000000010623,0.0108
b22_C,_12665_,XNOR2,0,0,2,10,6,22,338,8.718626155923559e-06,2.66,1.0640000000003056,0.0108
b22_C,_12666_,AND2,0,0,2,1,10,21,260,-7.265521799748598e-07,1.33,0.26599999999962165,0.0108
b22_C,_12667_,NOR2,0,2,2,1,16,25,630,-0.0006823778071334274,1.33,0.5320000000010623,0.0108
b22_C,_12668_,XOR2,0,0,2,1,10,25,630,1.4531043592835857e-06,2.394,0.7980000000006839,0.0108
b22_C,_12669_,XNOR2,0,2,2,2,17,24,629,-2.1664464993520482e-05,2.66,1.0640000000003056,0.0108
b22_C,_12670_,MUX2,0,1,3,3,18,21,312,-3.124174372537425e-05,2.394,0.5320000000010623,0.0108
b22_C,_12671_,AOI21,0,0,3,8,19,20,259,-1.043593130800602e-06,1.862,0.7980000000006839,0.0108
b22_C,_12672_,OAI22,0,0,4,2,20,18,42,-2.3778071336355566e-06,2.394,1.0640000000003056,0.0108
b22_C,_12673_,NAND4,0,0,4,9,12,20,227,0.0,2.394,1.0640000000003056,0.0108
b22_C,_12674_,MUX2,0,0,3,6,19,20,221,-3.1307793924018057e-06,2.394,0.5320000000010623,0.0108
b22_C,_12675_,AOI22,0,0,4,1,20,19,43,-1.188903568927202e-07,2.394,1.0640000000003056,0.0108
b22_C,_12676_,XNOR2,0,0,2,2,21,18,42,-1.0568031716395865e-07,2.66,1.0640000000003056,0.0108
b22_C,_12677_,NOR2,0,0,2,2,22,17,40,0.0,1.33,0.5320000000010623,0.0108
b22_C,_12678_,INV,0,0,1,1,23,16,36,0.0,0.798,0.26599999999962165,0.0108
b22_C,_12679_,XNOR2,0,0,2,3,9,25,279,0.0,2.66,1.0640000000003056,0.0108
b22_C,_12680_,NAND2,0,0,2,1,10,24,275,0.0,1.33,0.5320000000010623,0.0108
b22_C,_12681_,AOI222,0,0,6,1,9,24,275,-3.6988110996283297e-07,3.724,1.5960000000013679,0.0108
b22_C,_12682_,AND2,0,0,2,4,11,23,274,0.0,1.33,0.26599999999962165,0.0108
b22_C,_12683_,CLKBUF,0,0,1,10,12,21,115,2.1136063388382809e-07,1.064,0.26599999999962165,0.0108
b22_C,_12684_,AND2,0,0,2,1,9,25,339,-1.7199471598505767e-05,1.33,0.26599999999962165,0.0108
b22_C,_12685_,AOI21,0,2,3,1,15,26,677,-0.0013089696169090725,1.862,0.7980000000006839,0.0108
b22_C,_12686_,NOR2,0,0,2,1,10,26,677,0.0,1.33,0.5320000000010623,0.0108
b22_C,_12687_,XOR2,0,2,2,2,16,25,676,-2.4808454425429005e-05,2.394,0.7980000000006839,0.0108
b22_C,_12688_,AOI21,0,1,3,3,17,24,338,-0.00011087186261571347,1.862,0.7980000000006839,0.0108
b22_C,_12689_,NAND2,0,0,2,2,4,28,486,-0.002923249669749328,1.33,0.5320000000010623,0.0108
b22_C,_12690_,OAI21,0,0,3,2,5,27,429,-8.586525761522523e-07,1.862,0.7980000000006839,0.0108
b22_C,_12691_,INV,0,0,1,1,1,27,375,0.0,0.798,0.26599999999962165,0.0108
b22_C,_12692_,OAI21,0,0,3,1,6,26,374,-7.833553500757873e-06,1.862,0.7980000000006839,0.0108
b22_C,_12693_,XOR2,0,0,2,8,7,25,373,1.2985468956339119e-05,2.394,0.7980000000006839,0.0108
b22_C,_12694_,INV,0,0,1,3,8,24,350,-2.2985468957070765e-06,0.798,0.26599999999962165,0.0108
b22_C,_12695_,MUX2,0,0,3,4,18,23,335,-4.874504623719744e-06,2.394,0.5320000000010623,0.0108
b22_C,_12696_,BUF,0,0,1,10,19,22,285,2.642007923547851e-08,1.064,0.26599999999962165,0.0108
b22_C,_12697_,OAI22,0,0,4,2,20,19,46,-7.926023792848014e-08,2.394,1.0640000000003056,0.0108
b22_C,_12698_,OAI22,0,0,4,1,20,20,47,-7.926023792848014e-08,2.394,1.0640000000003056,0.0108
b22_C,_12699_,XNOR2,0,0,2,2,21,19,46,-1.3210039728761558e-08,2.66,1.0640000000003056,0.0108
b22_C,_12700_,NAND2,0,0,2,2,22,17,43,0.0,1.33,0.5320000000010623,0.0108
b22_C,_12701_,NAND2,0,0,2,1,8,26,298,0.0,1.33,0.5320000000010623,0.0108
b22_C,_12702_,XNOR2,0,0,2,3,9,25,297,0.0,2.66,1.0640000000003056,0.0108
b22_C,_12703_,NAND2,0,0,2,2,10,24,290,0.0,1.33,0.5320000000010623,0.0108
b22_C,_12704_,NAND2,0,0,2,2,8,24,290,0.0,1.33,0.5320000000010623,0.0108
b22_C,_12705_,NAND2,0,0,2,2,9,24,290,0.0,1.33,0.5320000000010623,0.0108
b22_C,_12706_,NAND2,0,0,2,2,8,24,290,-4.227212682117454e-07,1.33,0.5320000000010623,0.0108
b22_C,_12707_,AND4,0,0,4,7,11,23,255,0.0,1.862,0.26599999999962165,0.0108
b22_C,_12708_,NAND2,0,0,2,1,9,25,359,-3.904887714689664e-05,1.33,0.5320000000010623,0.0108
b22_C,_12709_,XNOR2,0,0,2,1,9,26,716,0.0,2.66,1.0640000000003056,0.0108
b22_C,_12710_,XNOR2,0,11,2,2,15,25,715,-0.0014744121532366261,2.66,1.0640000000003056,0.0108
b22_C,_12711_,OAI21,0,1,3,3,16,24,358,-0.00010286657860003601,1.862,0.7980000000006839,0.0108
b22_C,_12712_,NOR2,0,0,2,2,17,22,259,-6.3540290622388085e-06,1.33,0.5320000000010623,0.0108
b22_C,_12713_,XNOR2,0,0,2,10,6,24,400,1.5852047541287106e-07,2.66,1.0640000000003056,0.0108
b22_C,_12714_,NOR2,0,0,2,2,8,22,259,-5.2840158693001626e-08,1.33,0.5320000000010623,0.0108
b22_C,_12715_,OR2,0,0,2,8,18,21,224,1.5455746364967382e-06,1.33,0.26599999999962165,0.0108
b22_C,_12716_,OAI22,0,0,4,2,19,20,50,-4.253632761130888e-06,2.394,1.0640000000003056,0.0108
b22_C,_12717_,NAND4,0,0,4,8,11,22,219,7.529722587662491e-07,2.394,1.0640000000003056,0.0108
b22_C,_12718_,MUX2,0,0,3,5,17,23,298,-2.6023778072481463e-06,2.394,0.5320000000010623,0.0108
b22_C,_12719_,AOI22,0,0,4,1,18,21,51,-9.511228535874494e-07,2.394,1.0640000000003056,0.0108
b22_C,_12720_,XNOR2,0,0,2,2,19,20,50,-1.0568031716395865e-07,2.66,1.0640000000003056,0.0108
b22_C,_12721_,NAND2,0,0,2,2,20,19,48,0.0,1.33,0.5320000000010623,0.0108
b22_C,_12722_,INV,0,0,1,1,21,18,43,0.0,0.798,0.26599999999962165,0.0108
b22_C,_12723_,XOR2,0,0,2,3,8,25,312,0.0,2.394,0.7980000000006839,0.0108
b22_C,_12724_,NAND2,0,0,2,2,9,24,307,0.0,1.33,0.5320000000010623,0.0108
b22_C,_12725_,NAND2,0,0,2,2,8,24,307,-4.227212682117454e-07,1.33,0.5320000000010623,0.0108
b22_C,_12726_,NAND2,0,0,2,2,9,24,307,0.0,1.33,0.5320000000010623,0.0108
b22_C,_12727_,NAND2,0,0,2,2,8,24,307,0.0,1.33,0.5320000000010623,0.0108
b22_C,_12728_,AND4,0,0,4,8,10,23,234,0.0,1.862,0.26599999999962165,0.0108
b22_C,_12729_,NAND2,0,0,2,1,5,26,431,-8.454425366455354e-07,1.33,0.5320000000010623,0.0108
b22_C,_12730_,XNOR2,0,0,2,10,6,25,430,2.262879788617056e-05,2.66,1.0640000000003056,0.0108
b22_C,_12731_,AND2,0,0,2,1,10,24,256,-1.9418758256950497e-06,1.33,0.26599999999962165,0.0108
b22_C,_12732_,NOR2,0,2,2,1,14,27,761,-0.0008351651254954184,1.33,0.5320000000010623,0.0108
b22_C,_12733_,XOR2,0,0,2,1,10,27,761,1.4531043592835857e-06,2.394,0.7980000000006839,0.0108
b22_C,_12734_,XNOR2,0,2,2,2,15,26,760,-2.1664464993520482e-05,2.66,1.0640000000003056,0.0108
b22_C,_12735_,MUX2,0,1,3,3,16,24,380,-4.350066050196055e-05,2.394,0.5320000000010623,0.0108
b22_C,_12736_,AOI21,0,0,3,4,17,23,255,-4.5178335537077174e-06,1.862,0.7980000000006839,0.0108
b22_C,_12737_,OAI22,0,0,4,3,18,21,53,0.0,2.394,1.0640000000003056,0.0108
b22_C,_12738_,NAND4,0,0,4,7,10,23,233,0.0,2.394,1.0640000000003056,0.0108
b22_C,_12739_,MUX2,0,0,3,10,17,23,278,-4.478203434743477e-06,2.394,0.5320000000010623,0.0108
b22_C,_12740_,AOI22,0,0,4,1,18,22,54,0.0,2.394,1.0640000000003056,0.0108
b22_C,_12741_,XNOR2,0,0,2,3,19,21,53,5.548216643891379e-07,2.66,1.0640000000003056,0.0108
b22_C,_12742_,NAND2,0,0,2,1,20,19,47,5.151915454248979e-07,1.33,0.5320000000010623,0.0108
b22_C,_12743_,NOR2,0,0,2,1,20,20,48,-3.302509909985929e-07,1.33,0.5320000000010623,0.0108
b22_C,_12744_,XNOR2,0,0,2,3,7,27,338,0.0,2.66,1.0640000000003056,0.0108
b22_C,_12745_,NAND2,0,0,2,1,8,26,334,0.0,1.33,0.5320000000010623,0.0108
b22_C,_12746_,AOI222,0,0,6,1,9,26,334,-2.377807135633958e-07,3.724,1.5960000000013679,0.0108
b22_C,_12747_,NAND2,0,0,2,6,10,25,333,4.504623513756911e-06,1.33,0.5320000000010623,0.0108
b22_C,_12748_,BUF,0,0,1,10,11,24,132,-6.908850726627946e-06,1.064,0.26599999999962165,0.0108
b22_C,_12749_,AOI21,0,2,3,1,13,27,806,-0.0013959973579922291,1.862,0.7980000000006839,0.0108
b22_C,_12750_,NOR2,0,0,2,1,9,27,806,0.0,1.33,0.5320000000010623,0.0108
b22_C,_12751_,XOR2,0,2,2,3,14,26,805,-2.276089828279204e-05,2.394,0.7980000000006839,0.0108
b22_C,_12752_,MUX2,0,1,3,3,15,25,402,-4.8850726552363e-05,2.394,0.5320000000010623,0.0108
b22_C,_12753_,NOR3,0,0,3,1,1,28,462,-7.110964332901482e-05,1.862,0.7980000000006839,0.0108
b22_C,_12754_,AOI21,0,0,3,1,4,27,461,-0.002987252311757116,1.862,0.7980000000006839,0.0108
b22_C,_12755_,XOR2,0,0,2,10,5,26,460,-9.808454425375146e-05,2.394,0.7980000000006839,0.0108
b22_C,_12756_,MUX2,0,0,3,8,16,24,340,-5.376486129637925e-06,2.394,0.5320000000010623,0.0108
b22_C,_12757_,AOI22,0,0,4,2,17,22,58,-9.180977543099544e-06,2.394,1.0640000000003056,0.0108
b22_C,_12758_,AOI22,0,0,4,1,17,23,59,-9.180977543099544e-06,2.394,1.0640000000003056,0.0108
b22_C,_12759_,XNOR2,0,0,2,2,18,22,58,-1.3210039728761558e-08,2.66,1.0640000000003056,0.0108
b22_C,_12760_,AND2,0,0,2,3,19,20,55,0.0,1.33,0.26599999999962165,0.0108
b22_C,_12761_,NOR2,0,0,2,2,19,21,56,0.0,1.33,0.5320000000010623,0.0108
b22_C,_12762_,NAND2,0,0,2,2,7,26,348,0.0,1.33,0.5320000000010623,0.0108
b22_C,_12763_,NAND2,0,0,2,2,8,26,348,0.0,1.33,0.5320000000010623,0.0108
b22_C,_12764_,NAND2,0,0,2,1,6,28,355,0.0,1.33,0.5320000000010623,0.0108
b22_C,_12765_,XNOR2,0,0,2,3,7,27,354,0.0,2.66,1.0640000000003056,0.0108
b22_C,_12766_,NAND2,0,0,2,2,8,26,348,0.0,1.33,0.5320000000010623,0.0108
b22_C,_12767_,NAND2,0,0,2,2,7,26,348,0.0,1.33,0.5320000000010623,0.0108
b22_C,_12768_,NAND4,0,0,4,7,9,25,123,1.6248348744252183e-06,2.394,1.0640000000003056,0.0108
b22_C,_12769_,XNOR2,0,0,2,1,8,28,849,0.0,2.66,1.0640000000003056,0.0108
b22_C,_12770_,XOR2,0,2,2,2,13,27,848,-0.0020270805812419024,2.394,0.7980000000006839,0.0108
b22_C,_12771_,MUX2,0,1,3,3,14,26,424,-5.5640686922098226e-05,2.394,0.5320000000010623,0.0108
b22_C,_12772_,NOR2,0,0,2,1,1,29,493,-6.335535006640747e-05,1.33,0.5320000000010623,0.0108
b22_C,_12773_,AOI21,0,0,3,1,4,28,492,-0.002987252311757116,1.862,0.7980000000006839,0.0108
b22_C,_12774_,XOR2,0,0,2,10,5,27,491,2.642007923547851e-08,2.394,0.7980000000006839,0.0108
b22_C,_12775_,MUX2,0,0,3,10,15,25,344,-2.4702774110707537e-06,2.394,0.5320000000010623,0.0108
b22_C,_12776_,AOI22,0,0,4,3,16,23,62,1.3011889035574598e-05,2.394,1.0640000000003056,0.0108
b22_C,_12777_,AOI22,0,0,4,1,16,24,63,-2.1664464993076393e-06,2.394,1.0640000000003056,0.0108
b22_C,_12778_,XNOR2,0,0,2,3,17,23,62,0.0,2.66,1.0640000000003056,0.0108
b22_C,_12779_,AND2,0,0,2,1,18,22,57,-6.195508586825937e-06,1.33,0.26599999999962165,0.0108
b22_C,_12780_,INV,0,0,1,2,19,21,56,0.0,0.798,0.26599999999962165,0.0108
b22_C,_12781_,XNOR2,0,0,2,3,6,28,371,0.0,2.66,1.0640000000003056,0.0108
b22_C,_12782_,OR2,0,0,2,2,7,27,366,0.0,1.33,0.26599999999962165,0.0108
b22_C,_12783_,NAND2,0,0,2,2,8,27,366,0.0,1.33,0.5320000000010623,0.0108
b22_C,_12784_,AOI22,0,0,4,2,7,27,366,0.0,2.394,1.0640000000003056,0.0108
b22_C,_12785_,AND3,0,0,3,7,9,26,250,0.0,1.596,0.26599999999962165,0.0108
b22_C,_12786_,NAND2,0,0,2,2,8,27,448,-3.978863936593413e-05,1.33,0.5320000000010623,0.0108
b22_C,_12787_,XOR2,0,0,2,2,8,30,891,0.0,2.394,0.7980000000006839,0.0108
b22_C,_12788_,NOR3,0,2,3,2,12,28,888,-0.0007993394980188029,1.862,0.7980000000006839,0.0108
b22_C,_12789_,INV,0,0,1,1,9,29,889,0.0,0.798,0.26599999999962165,0.0108
b22_C,_12790_,AND2,0,0,2,2,8,31,1069,0.0,1.33,0.26599999999962165,0.0108
b22_C,_12791_,NOR2,0,0,2,2,8,33,1122,0.0,1.33,0.5320000000010623,0.0108
b22_C,_12792_,NAND2,0,0,2,2,6,31,1119,0.0,1.33,0.5320000000010623,0.0108
b22_C,_12793_,AOI211,0,0,4,1,10,30,980,0.0,2.394,1.0640000000003056,0.0108
b22_C,_12795_,NAND2,0,0,2,1,7,29,889,0.0,1.33,0.5320000000010623,0.0108
b22_C,_12796_,AOI211,0,0,4,2,12,28,888,2.7741083221677343e-06,2.394,1.0640000000003056,0.0108
b22_C,_12797_,OAI21,0,1,3,2,13,27,448,-0.00014109643328930055,1.862,0.7980000000006839,0.0108
b22_C,_12798_,NAND3,0,0,3,3,14,26,444,-9.101717305171064e-06,1.862,0.7980000000006839,0.0108
b22_C,_12799_,INV,0,0,1,1,1,29,522,-5.228533685608383e-05,0.798,0.26599999999962165,0.0108
b22_C,_12800_,AOI21,0,0,3,1,4,28,521,-0.0036420607661824533,1.862,0.7980000000006839,0.0108
b22_C,_12801_,XOR2,0,0,2,10,5,27,520,4.247027741088871e-05,2.394,0.7980000000006839,0.0108
b22_C,_12802_,NAND2,0,0,2,3,8,26,444,-8.1902245707699e-06,1.33,0.5320000000010623,0.0108
b22_C,_12803_,AND2,0,0,2,7,15,25,299,0.0,1.33,0.26599999999962165,0.0108
b22_C,_12804_,OAI22,0,0,4,3,16,23,66,0.0,2.394,1.0640000000003056,0.0108
b22_C,_12805_,NAND3,0,0,3,8,9,26,353,1.3210039617739255e-07,1.862,0.7980000000006839,0.0108
b22_C,_12806_,NAND2,0,0,2,6,15,25,283,0.0,1.33,0.5320000000010623,0.0108
b22_C,_12807_,AOI22,0,0,4,1,16,24,67,-3.963011896424007e-08,2.394,1.0640000000003056,0.0108
b22_C,_12808_,XNOR2,0,0,2,3,17,23,66,-1.0568031716395865e-07,2.66,1.0640000000003056,0.0108
b22_C,_12809_,NAND2,0,0,2,2,18,22,60,0.0,1.33,0.5320000000010623,0.0108
b22_C,_12810_,XNOR2,0,0,2,3,5,29,389,0.0,2.66,1.0640000000003056,0.0108
b22_C,_12811_,NAND2,0,0,2,1,7,28,386,0.0,1.33,0.5320000000010623,0.0108
b22_C,_12812_,AOI222,0,0,6,1,8,28,386,0.0,3.724,1.5960000000013679,0.0108
b22_C,_12813_,NAND2,0,0,2,7,9,27,385,0.0,1.33,0.5320000000010623,0.0108
b22_C,_12814_,CLKBUF,0,0,1,10,10,26,142,7.926023770643553e-08,1.064,0.26599999999962165,0.0108
b22_C,_12815_,AND2,0,0,2,2,11,25,72,-6.605019819971858e-08,1.33,0.26599999999962165,0.0108
b22_C,_12816_,NOR2,0,0,2,2,8,28,470,-0.00014993394980211683,1.33,0.5320000000010623,0.0108
b22_C,_12817_,NOR2,0,0,2,2,8,29,939,0.0,1.33,0.5320000000010623,0.0108
b22_C,_12818_,XOR2,0,0,2,2,12,28,470,3.830911492475053e-07,2.394,0.7980000000006839,0.0108
b22_C,_12819_,AOI211,0,0,4,3,13,27,467,-9.578599735826643e-05,2.394,1.0640000000003056,0.0108
b22_C,_12820_,NOR2,0,0,2,2,4,29,555,-0.003417318361955246,1.33,0.5320000000010623,0.0108
b22_C,_12821_,XNOR2,0,0,2,3,5,28,513,-6.652575957732942e-05,2.66,1.0640000000003056,0.0108
b22_C,_12822_,NOR2,0,0,2,3,8,27,467,-1.3210039950806163e-08,1.33,0.5320000000010623,0.0108
b22_C,_12823_,NOR2,0,0,2,6,14,26,268,-5.3011889035836646e-05,1.33,0.5320000000010623,0.0108
b22_C,_12824_,NOR2,0,0,2,2,15,25,72,-8.586525761522523e-07,1.33,0.5320000000010623,0.0108
b22_C,_12825_,OR2,0,0,2,7,14,26,411,-2.7556142668583306e-05,1.33,0.26599999999962165,0.0108
b22_C,_12826_,AOI22,0,0,4,1,15,25,72,-5.2840158693001626e-08,2.394,1.0640000000003056,0.0108
b22_C,_12827_,XNOR2,0,0,2,4,16,24,71,-1.0568031716395865e-07,2.66,1.0640000000003056,0.0108
b22_C,_12828_,OR2,0,0,2,3,16,24,71,0.0,1.33,0.26599999999962165,0.0108
b22_C,_12829_,AND2,0,0,2,2,17,23,64,0.0,1.33,0.26599999999962165,0.0108
b22_C,_12830_,NAND2,0,0,2,2,8,28,406,0.0,1.33,0.5320000000010623,0.0108
b22_C,_12831_,NAND2,0,0,2,2,7,28,406,0.0,1.33,0.5320000000010623,0.0108
b22_C,_12832_,NAND2,0,0,2,2,7,28,406,0.0,1.33,0.5320000000010623,0.0108
b22_C,_12833_,NAND2,0,0,2,1,4,30,412,0.0,1.33,0.5320000000010623,0.0108
b22_C,_12834_,XOR2,0,0,2,3,5,29,411,0.0,2.394,0.7980000000006839,0.0108
b22_C,_12835_,OR2,0,0,2,2,7,28,406,0.0,1.33,0.26599999999962165,0.0108
b22_C,_12836_,NAND4,0,0,4,8,9,27,144,0.0,2.394,1.0640000000003056,0.0108
b22_C,_12837_,NAND2,0,0,2,1,7,29,492,-3.8269484808450827e-05,1.33,0.5320000000010623,0.0108
b22_C,_12838_,NOR2,0,0,2,1,9,30,984,0.0,1.33,0.5320000000010623,0.0108
b22_C,_12839_,XOR2,0,1,2,3,11,29,983,-0.0021423645970939376,2.394,0.7980000000006839,0.0108
b22_C,_12840_,OAI21,0,1,3,3,12,28,491,-3.981505944516961e-05,1.862,0.7980000000006839,0.0108
b22_C,_12841_,OAI21,0,0,3,1,4,30,589,-8.718626156589693e-07,1.862,0.7980000000006839,0.0108
b22_C,_12842_,XNOR2,0,0,2,10,5,29,588,0.0,2.66,1.0640000000003056,0.0108
b22_C,_12843_,MUX2,0,0,3,10,13,27,401,-2.866578599824976e-06,2.394,0.5320000000010623,0.0108
b22_C,_12844_,AOI22,0,0,4,3,14,24,74,7.926023770643553e-08,2.394,1.0640000000003056,0.0108
b22_C,_12845_,AND4,0,0,4,5,9,28,289,0.0,1.862,0.26599999999962165,0.0108
b22_C,_12846_,NOR2,0,0,2,2,10,27,81,0.0,1.33,0.5320000000010623,0.0108
b22_C,_12847_,OR2,0,0,2,3,7,29,515,-7.342140026422861e-05,1.33,0.26599999999962165,0.0108
b22_C,_12848_,NOR2,0,0,2,2,9,32,1035,0.0,1.33,0.5320000000010623,0.0108
b22_C,_12849_,NOR3,0,1,3,3,10,30,1032,-0.000939894319682999,1.862,0.7980000000006839,0.0108
b22_C,_12850_,INV,0,0,1,1,10,31,1033,0.0,0.798,0.26599999999962165,0.0108
b22_C,_12851_,AOI211,0,0,4,3,11,30,1032,1.994715983943962e-06,2.394,1.0640000000003056,0.0108
b22_C,_12852_,OAI21,0,1,3,3,12,29,515,-0.0001418626155880176,1.862,0.7980000000006839,0.0108
b22_C,_12853_,AND3,0,0,3,2,13,28,412,-3.3553500660143953e-06,1.596,0.26599999999962165,0.0108
b22_C,_12854_,OAI21,0,0,3,1,3,32,621,-8.718626156589693e-07,1.862,0.7980000000006839,0.0108
b22_C,_12855_,NAND2,0,0,2,1,5,31,620,0.0,1.33,0.5320000000010623,0.0108
b22_C,_12856_,XOR2,0,0,2,7,6,30,619,0.0,2.394,0.7980000000006839,0.0108
b22_C,_12857_,NAND2,0,0,2,3,8,29,512,0.0,1.33,0.5320000000010623,0.0108
b22_C,_12858_,INV,0,0,1,2,9,28,412,0.0,0.798,0.26599999999962165,0.0108
b22_C,_12859_,NOR2,0,0,2,6,14,27,323,0.0,1.33,0.5320000000010623,0.0108
b22_C,_12860_,NOR2,0,0,2,1,15,25,75,0.0,1.33,0.5320000000010623,0.0108
b22_C,_12861_,NAND3,0,0,3,2,13,28,408,-8.863936591829713e-06,1.862,0.7980000000006839,0.0108
b22_C,_12862_,NAND2,0,0,2,8,14,27,352,0.0,1.33,0.5320000000010623,0.0108
b22_C,_12863_,AOI221,0,0,5,2,15,26,81,-1.4531043612819872e-07,2.926,1.3300000000017462,0.0108
b22_C,_12864_,NOR4,0,0,4,2,15,26,81,-1.4689564068914862e-05,2.394,1.0640000000003056,0.0108
b22_C,_12865_,NOR2,0,0,2,2,16,25,79,0.0,1.33,0.5320000000010623,0.0108
b22_C,_12866_,AOI21,0,0,3,2,15,26,80,0.0,1.862,0.7980000000006839,0.0108
b22_C,_12867_,NOR3,0,0,3,1,16,25,75,0.0,1.862,0.7980000000006839,0.0108
b22_C,_12868_,NOR2,0,0,2,1,10,27,84,0.0,1.33,0.5320000000010623,0.0108
b22_C,_12869_,NOR2,0,0,2,1,14,27,84,-3.963011896424007e-08,1.33,0.5320000000010623,0.0108
b22_C,_12871_,AOI211,0,21,4,2,17,25,79,-0.00016058124174378463,2.394,1.0640000000003056,0.0108
b22_C,_12873_,NOR2,0,0,2,2,19,23,68,-0.0003756671070014317,1.33,0.5320000000010623,0.0108
b22_C,_12874_,AOI22,0,0,4,1,14,26,74,0.0,2.394,1.0640000000003056,0.0108
b22_C,_12875_,XNOR2,0,0,2,1,15,25,73,-1.0568031716395865e-07,2.66,1.0640000000003056,0.0108
b22_C,_12876_,INV,0,0,1,3,16,24,72,0.0,0.798,0.26599999999962165,0.0108
b22_C,_12877_,AOI21,0,19,3,2,19,23,68,-9.437252311772504e-05,1.862,0.7980000000006839,0.0108
b22_C,_12879_,NOR2,0,0,2,2,18,22,60,0.0,1.33,0.5320000000010623,0.0108
b22_C,_12880_,OAI221,0,16,5,2,21,21,56,-0.00026852047556169545,2.926,1.3300000000017462,0.0108
b22_C,_12881_,AOI21,0,15,3,2,22,20,51,1.2483487450420938e-05,1.862,0.7980000000006839,0.0108
b22_C,_12882_,OR3,0,14,3,1,23,19,47,-2.4319682959239586e-05,1.596,0.26599999999962165,0.0108
b22_C,_12883_,NAND2,0,14,2,3,24,18,46,-1.5125495376633324e-05,1.33,0.5320000000010623,0.0108
b22_C,_12884_,OR2,0,0,2,2,20,18,47,0.0,1.33,0.26599999999962165,0.0108
b22_C,_12885_,AOI21,0,13,3,2,25,17,42,0.0001555878467633942,1.862,0.7980000000006839,0.0108
b22_C,_12886_,OR2,0,0,2,2,22,18,44,0.0,1.33,0.26599999999962165,0.0108
b22_C,_12887_,INV,0,0,1,1,23,17,39,0.0,0.798,0.26599999999962165,0.0108
b22_C,_12888_,OAI21,0,12,3,2,26,16,38,-5.4372523117685034e-05,1.862,0.7980000000006839,0.0108
b22_C,_12889_,AND2,0,0,2,2,22,16,39,0.0,1.33,0.26599999999962165,0.0108
b22_C,_12890_,OAI21,0,11,3,2,27,15,35,0.00012120211360611144,1.862,0.7980000000006839,0.0108
b22_C,_12891_,OR2,0,0,2,1,22,15,33,0.0,1.33,0.26599999999962165,0.0108
b22_C,_12892_,AOI21,0,10,3,2,28,14,32,-5.182298546912989e-05,1.862,0.7980000000006839,0.0108
b22_C,_12893_,NOR2,0,0,2,2,23,14,33,0.0,1.33,0.5320000000010623,0.0108
b22_C,_12894_,OAI21,0,9,3,2,29,13,29,9.976221928642559e-05,1.862,0.7980000000006839,0.0108
b22_C,_12895_,NAND2,0,0,2,1,25,13,27,-5.2840158693001626e-08,1.33,0.5320000000010623,0.0108
b22_C,_12896_,AOI21,0,8,3,2,30,12,26,-4.475561426708907e-05,1.862,0.7980000000006839,0.0108
b22_C,_12897_,NAND2,0,0,2,1,25,12,24,0.0,1.33,0.5320000000010623,0.0108
b22_C,_12898_,AOI21,0,7,3,2,31,11,23,6.214002642002114e-05,1.862,0.7980000000006839,0.0108
b22_C,_12899_,AOI21,0,6,3,1,32,10,20,-6.54689564070221e-05,1.862,0.7980000000006839,0.0108
b22_C,_12900_,NOR2,0,6,2,2,33,9,19,6.743725231150854e-05,1.33,0.5320000000010623,0.0108
b22_C,_12901_,NAND2,0,0,2,1,26,9,17,-3.963011896424007e-08,1.33,0.5320000000010623,0.0108
b22_C,_12902_,AOI21,0,5,3,2,34,8,16,-3.416116248367018e-05,1.862,0.7980000000006839,0.0108
b22_C,_12903_,NOR2,0,0,2,1,27,8,14,0.0,1.33,0.5320000000010623,0.0108
b22_C,_12904_,OAI21,0,4,3,2,35,7,13,4.167767503293618e-05,1.862,0.7980000000006839,0.0108
b22_C,_12905_,AND2,0,0,2,2,28,7,14,0.0,1.33,0.26599999999962165,0.0108
b22_C,_12906_,OAI21,0,3,3,2,36,6,10,-2.278731836202752e-05,1.862,0.7980000000006839,0.0108
b22_C,_12907_,NAND2,0,2,2,1,37,5,7,-1.5191545574610998e-05,1.33,0.5320000000010623,0.0108
b22_C,_12908_,NAND2,0,2,2,3,38,4,6,1.3342140026129101e-06,1.33,0.5320000000010623,0.0108
b22_C,_12909_,AOI21,0,1,3,1,39,3,2,-5.8124174373563875e-06,1.862,0.7980000000006839,0.0108
b22_C,_12910_,OAI21,0,1,3,1,40,2,1,-1.8467635403141003e-05,1.862,0.7980000000006839,0.0108
b22_C,_12911_,NAND2,0,0,2,1,18,4,3,0.0,1.33,0.5320000000010623,0.0108
b22_C,_12912_,NOR2,0,0,2,2,13,6,60,-2.0039630119095264e-05,1.33,0.5320000000010623,0.0108
b22_C,_12913_,NAND2,0,0,2,4,14,5,40,-1.3210039728761558e-08,1.33,0.5320000000010623,0.0108
b22_C,_12914_,BUF,0,0,1,10,15,4,30,0.0,1.064,0.26599999999962165,0.0108
b22_C,_12915_,OAI21,0,0,3,1,20,3,2,0.0,1.862,0.7980000000006839,0.0108
b22_C,_12916_,AOI222,0,0,6,1,10,13,69,-1.3210039662148176e-07,3.724,1.5960000000013679,0.0108
b22_C,_12917_,INV,0,0,1,3,1,14,85,0.0,0.798,0.26599999999962165,0.0108
b22_C,_12918_,NAND3,0,0,3,2,16,14,85,0.0,1.862,0.7980000000006839,0.0108
b22_C,_12919_,XNOR2,0,0,2,3,17,13,74,0.0,2.66,1.0640000000003056,0.0108
b22_C,_12920_,OAI21,0,0,3,2,18,12,68,0.0,1.862,0.7980000000006839,0.0108
b22_C,_12921_,BUF,0,0,1,10,19,11,55,0.0,1.064,0.26599999999962165,0.0108
b22_C,_12922_,BUF,0,1,1,10,4,5,64,2.48480845441712e-05,1.064,0.26599999999962165,0.0108
b22_C,_12923_,AOI221,0,0,5,1,21,2,1,-4.964332893009349e-05,2.926,1.3300000000017462,0.0108
b22_C,_12924_,CLKBUF,0,0,1,10,15,2,10,0.0,1.064,0.26599999999962165,0.0108
b22_C,_12925_,NAND2,0,0,2,8,26,12,71,-5.68031704095695e-06,1.33,0.5320000000010623,0.0108
b22_C,_12926_,OAI211,0,1,4,0,41,1,0,-5.191545574767531e-06,2.394,1.0640000000003056,0.0108
b22_C,_12927_,AND2,0,0,2,2,3,5,6,-2.774108322389779e-06,1.33,0.26599999999962165,0.0108
b22_C,_12928_,AOI221,0,0,5,1,16,4,3,-1.688243064745798e-05,2.926,1.3300000000017462,0.0108
b22_C,_12929_,NAND2,0,0,2,4,14,5,40,0.0,1.33,0.5320000000010623,0.0108
b22_C,_12930_,BUF,0,0,1,10,15,4,30,0.0,1.064,0.26599999999962165,0.0108
b22_C,_12931_,OAI21,0,0,3,1,17,3,2,0.0,1.862,0.7980000000006839,0.0108
b22_C,_12932_,XNOR2,0,0,2,6,6,32,459,-0.0006044782034346774,2.66,1.0640000000003056,0.0108
b22_C,_12933_,BUF,0,0,1,10,7,23,438,0.0,1.064,0.26599999999962165,0.0108
b22_C,_12934_,BUF,0,0,1,10,8,17,417,9.247027721315249e-08,1.064,0.26599999999962165,0.0108
b22_C,_12935_,NOR2,0,38,2,5,9,10,305,0.0006015191545571952,1.33,0.5320000000010623,0.0108
b22_C,_12936_,NOR2,0,0,2,8,8,10,293,0.0,1.33,0.5320000000010623,0.0108
b22_C,_12937_,NAND3,0,0,3,2,10,9,169,-0.0004821003963013659,1.862,0.7980000000006839,0.0108
b22_C,_12938_,BUF,0,0,1,10,11,7,104,0.0,1.064,0.26599999999962165,0.0108
b22_C,_12939_,INV,0,0,1,2,14,4,28,-2.6420079457523116e-08,0.798,0.26599999999962165,0.0108
b22_C,_12940_,OAI21,0,0,3,9,15,3,18,1.9815059437711113e-07,1.862,0.7980000000006839,0.0108
b22_C,_12941_,AOI21,0,0,3,1,18,2,1,-6.737120212818581e-07,1.862,0.7980000000006839,0.0108
b22_C,_12942_,NOR2,0,1,2,1,23,3,2,-0.00021258916776778491,1.33,0.5320000000010623,0.0108
b22_C,_12943_,XOR2,0,0,2,1,20,3,2,2.1136063388382809e-07,2.394,0.7980000000006839,0.0108
b22_C,_12944_,XNOR2,0,1,2,1,24,2,1,-1.8097754295176571e-06,2.66,1.0640000000003056,0.0108
b22_C,_12945_,BUF,0,0,1,10,16,2,10,-1.3210039950806163e-08,1.064,0.26599999999962165,0.0108
b22_C,_12946_,OAI21,0,1,3,0,25,1,0,-8.190224571880123e-07,1.862,0.7980000000006839,0.0108
b22_C,_12947_,AOI22,0,0,4,1,16,3,2,-1.2140026420137673e-05,2.394,1.0640000000003056,0.0108
b22_C,_12948_,BUF,0,4,1,10,15,5,23,5.8573315719900876e-05,1.064,0.26599999999962165,0.0108
b22_C,_12949_,AOI22,0,0,4,1,19,3,2,-2.4081902245898235e-05,2.394,1.0640000000003056,0.0108
b22_C,_12950_,AND2,0,0,2,1,20,2,1,0.0,1.33,0.26599999999962165,0.0108
b22_C,_12951_,XNOR2,0,0,2,1,26,3,2,0.0,2.66,1.0640000000003056,0.0108
b22_C,_12952_,XNOR2,0,1,2,1,34,2,1,-8.620871862619062e-05,2.66,1.0640000000003056,0.0108
b22_C,_12953_,OAI221,0,1,5,0,35,1,0,-8.586525759746166e-06,2.926,1.3300000000017462,0.0108
b22_C,_12954_,AND4,0,0,4,7,9,27,290,0.0,1.862,0.26599999999962165,0.0108
b22_C,_12955_,OAI222,0,0,6,1,15,3,2,-7.992073976170744e-06,3.724,1.5960000000013679,0.0108
b22_C,_12956_,AOI221,0,0,5,1,17,2,1,-5.812417440687057e-07,2.926,1.3300000000017462,0.0108
b22_C,_12957_,NOR2,0,2,2,2,20,5,6,-0.0001603698811099008,1.33,0.5320000000010623,0.0108
b22_C,_12958_,NOR2,0,0,2,2,17,5,7,0.0,1.33,0.5320000000010623,0.0108
b22_C,_12959_,OR2,0,0,2,1,18,3,2,0.0,1.33,0.26599999999962165,0.0108
b22_C,_12960_,XNOR2,0,1,2,1,21,2,1,-2.3606340819215532e-05,2.66,1.0640000000003056,0.0108
b22_C,_12961_,OAI21,0,1,3,0,22,1,0,-3.4874504624138325e-06,1.862,0.7980000000006839,0.0108
b22_C,_12962_,XNOR2,0,0,2,2,12,4,3,-2.642007923547851e-08,2.66,1.0640000000003056,0.0108
b22_C,_12963_,OR2,0,0,2,2,14,4,3,-5.531043593154372e-05,1.33,0.26599999999962165,0.0108
b22_C,_12964_,AOI21,0,0,3,1,15,3,2,-1.2153236459422345e-06,1.862,0.7980000000006839,0.0108
b22_C,_12965_,OAI21,0,0,3,1,16,2,1,0.0,1.862,0.7980000000006839,0.0108
b22_C,_12966_,NAND2,0,0,2,2,3,4,4,-5.468956407073122e-06,1.33,0.5320000000010623,0.0108
b22_C,_12967_,AND2,0,0,2,2,15,5,38,0.0,1.33,0.26599999999962165,0.0108
b22_C,_12968_,BUF,0,0,1,10,16,4,34,0.0,1.064,0.26599999999962165,0.0108
b22_C,_12969_,OAI21,0,0,3,1,17,3,2,0.0,1.862,0.7980000000006839,0.0108
b22_C,_12970_,AOI221,0,1,5,1,18,2,1,-2.4266842800546584e-05,2.926,1.3300000000017462,0.0108
b22_C,_12971_,OAI211,0,1,4,0,19,1,0,-5.653896961721472e-06,2.394,1.0640000000003056,0.0108
b22_C,_12972_,AOI22,0,0,4,1,17,4,3,-5.521796565544079e-06,2.394,1.0640000000003056,0.0108
b22_C,_12973_,AND4,0,0,4,1,13,20,187,0.0,1.862,0.26599999999962165,0.0108
b22_C,_12974_,BUF,0,0,1,9,14,19,186,0.0,1.064,0.26599999999962165,0.0108
b22_C,_12975_,OAI221,0,0,5,1,18,3,2,-1.281373844141953e-06,2.926,1.3300000000017462,0.0108
b22_C,_12976_,AOI21,0,0,3,1,21,2,1,-7.133421402460982e-07,1.862,0.7980000000006839,0.0108
b22_C,_12977_,NOR2,0,0,2,1,24,3,2,0.0,1.33,0.5320000000010623,0.0108
b22_C,_12978_,XNOR2,0,1,2,1,29,2,1,-6.462351387082066e-05,2.66,1.0640000000003056,0.0108
b22_C,_12979_,OAI21,0,1,3,0,30,1,0,-8.586525761522523e-07,1.862,0.7980000000006839,0.0108
b22_C,_12980_,OAI22,0,0,4,1,18,3,2,-6.988110964334382e-06,2.394,1.0640000000003056,0.0108
b22_C,_12981_,NAND2,0,0,2,1,9,12,41,-7.926023792848014e-08,1.33,0.5320000000010623,0.0108
b22_C,_12982_,NOR2,0,0,2,2,17,13,43,0.0,1.33,0.5320000000010623,0.0108
b22_C,_12983_,AOI222,0,0,6,1,18,12,41,-5.2840158693001626e-08,3.724,1.5960000000013679,0.0108
b22_C,_12984_,NAND2,0,0,2,7,19,11,40,3.9630118742195464e-08,1.33,0.5320000000010623,0.0108
b22_C,_12985_,AOI221,0,0,5,1,21,2,1,-2.8454425363477753e-05,2.926,1.3300000000017462,0.0108
b22_C,_12986_,MUX2,0,0,3,3,11,17,214,-1.4808454425585538e-05,2.394,0.5320000000010623,0.0108
b22_C,_12987_,XNOR2,0,0,2,1,12,16,151,4.3593130771846234e-07,2.66,1.0640000000003056,0.0108
b22_C,_12988_,AOI211,0,21,4,1,23,17,212,-0.0002485336856012932,2.394,1.0640000000003056,0.0108
b22_C,_12989_,OR2,0,21,2,2,24,16,211,0.00012714663143964522,1.33,0.26599999999962165,0.0108
b22_C,_12990_,XNOR2,0,12,2,2,25,15,150,-7.891677675053721e-05,2.66,1.0640000000003056,0.0108
b22_C,_12991_,MUX2,0,8,3,2,26,14,76,7.9920739759487e-06,2.394,0.5320000000010623,0.0108
b22_C,_12992_,AND2,0,7,2,1,27,13,74,1.3210039506716953e-08,1.33,0.26599999999962165,0.0108
b22_C,_12993_,BUF,0,7,1,10,28,12,73,0.00011503302509896507,1.064,0.26599999999962165,0.0108
b22_C,_12994_,INV,0,0,1,5,29,11,28,-2.2100396301238945e-05,0.798,0.26599999999962165,0.0108
b22_C,_12995_,AOI22,0,0,4,1,29,4,3,-2.1902245706861834e-05,2.394,1.0640000000003056,0.0108
b22_C,_12996_,AOI22,0,0,4,1,29,5,4,-2.1902245706861834e-05,2.394,1.0640000000003056,0.0108
b22_C,_12997_,XNOR2,0,0,2,1,30,4,3,-3.963011896424007e-08,2.66,1.0640000000003056,0.0108
b22_C,_12998_,XNOR2,0,0,2,1,31,3,2,0.0,2.66,1.0640000000003056,0.0108
b22_C,_12999_,NAND2,0,0,2,1,29,4,3,-1.3210039950806163e-08,1.33,0.5320000000010623,0.0108
b22_C,_13000_,NOR2,0,0,2,1,29,4,3,-1.3210039950806163e-08,1.33,0.5320000000010623,0.0108
b22_C,_13001_,OAI21,0,1,3,1,39,3,2,-2.2721268166936426e-06,1.862,0.7980000000006839,0.0108
b22_C,_13002_,XNOR2,0,1,2,1,40,2,1,-1.1756935270890168e-05,2.66,1.0640000000003056,0.0108
b22_C,_13003_,OAI221,0,1,5,0,41,1,0,-8.665785997452602e-06,2.926,1.3300000000017462,0.0108
b22_C,_13004_,NOR2,0,1,2,2,18,4,3,-0.0001849669749010019,1.33,0.5320000000010623,0.0108
b22_C,_13005_,XOR2,0,0,2,2,17,4,3,0.0,2.394,0.7980000000006839,0.0108
b22_C,_13006_,AOI21,0,1,3,1,19,3,2,-8.42800528411125e-06,1.862,0.7980000000006839,0.0108
b22_C,_13007_,OAI21,0,1,3,1,20,2,1,-1.5640686922280267e-05,1.862,0.7980000000006839,0.0108
b22_C,_13008_,OAI22,0,0,4,1,17,3,2,0.0,2.394,1.0640000000003056,0.0108
b22_C,_13009_,AOI221,0,0,5,1,18,2,1,-4.964332893009349e-05,2.926,1.3300000000017462,0.0108
b22_C,_13010_,OAI211,0,1,4,0,21,1,0,-6.24834874507485e-06,2.394,1.0640000000003056,0.0108
b22_C,_13011_,NAND2,0,0,2,3,17,3,6,-7.305151915604213e-06,1.33,0.5320000000010623,0.0108
b22_C,_13012_,AOI222,0,1,6,1,18,2,1,-2.121532364607326e-05,3.724,1.5960000000013679,0.0108
b22_C,_13013_,XNOR2,0,0,2,1,11,3,2,-1.1889035669288006e-06,2.66,1.0640000000003056,0.0108
b22_C,_13014_,XOR2,0,0,2,1,12,2,1,-0.00016985468956409733,2.394,0.7980000000006839,0.0108
b22_C,_13015_,OAI221,0,1,5,0,19,1,0,-7.225891677897778e-06,2.926,1.3300000000017462,0.0108
b22_C,_13016_,NAND4,0,0,4,9,14,17,146,7.13342139802009e-07,2.394,1.0640000000003056,0.0108
b22_C,_13017_,AOI22,0,0,4,1,16,4,3,-1.2813738441197486e-05,2.394,1.0640000000003056,0.0108
b22_C,_13018_,AOI22,0,0,4,1,17,4,3,-2.099075297246067e-05,2.394,1.0640000000003056,0.0108
b22_C,_13019_,NAND2,0,0,2,1,18,3,2,0.0,1.33,0.5320000000010623,0.0108
b22_C,_13020_,AOI21,0,0,3,1,23,2,1,-6.737120212818581e-07,1.862,0.7980000000006839,0.0108
b22_C,_13021_,XOR2,0,0,2,1,25,3,2,0.0,2.394,0.7980000000006839,0.0108
b22_C,_13022_,XNOR2,0,1,2,1,31,2,1,-5.1334214002718426e-05,2.66,1.0640000000003056,0.0108
b22_C,_13023_,OAI21,0,1,3,0,32,1,0,-8.586525761522523e-07,1.862,0.7980000000006839,0.0108
b22_C,_13024_,AND2,0,0,2,2,3,5,6,-2.774108322389779e-06,1.33,0.26599999999962165,0.0108
b22_C,_13025_,AOI221,0,0,5,1,16,4,3,-4.410832232504269e-05,2.926,1.3300000000017462,0.0108
b22_C,_13026_,OAI21,0,0,3,1,17,3,2,0.0,1.862,0.7980000000006839,0.0108
b22_C,_13027_,AOI21,0,0,3,1,18,2,1,-6.737120212818581e-07,1.862,0.7980000000006839,0.0108
b22_C,_13028_,OAI21,0,1,3,1,21,3,2,-0.000273606340819077,1.862,0.7980000000006839,0.0108
b22_C,_13029_,XOR2,0,0,2,1,18,3,2,-1.9445178335741886e-05,2.394,0.7980000000006839,0.0108
b22_C,_13030_,XNOR2,0,1,2,1,22,2,1,-7.371202113803932e-06,2.66,1.0640000000003056,0.0108
b22_C,_13031_,OAI21,0,1,3,0,23,1,0,-8.850726553877308e-07,1.862,0.7980000000006839,0.0108
b22_C,_13032_,AOI22,0,0,4,1,19,4,3,-1.223249669757287e-05,2.394,1.0640000000003056,0.0108
b22_C,_13033_,BUF,0,0,1,10,2,4,38,-2.3778071336355566e-06,1.064,0.26599999999962165,0.0108
b22_C,_13034_,OAI221,0,0,5,1,20,3,2,-4.0951122870502843e-07,2.926,1.3300000000017462,0.0108
b22_C,_13035_,AOI21,0,0,3,1,26,2,1,-6.737120212818581e-07,1.862,0.7980000000006839,0.0108
b22_C,_13036_,OR2,0,0,2,1,29,3,2,0.0,1.33,0.26599999999962165,0.0108
b22_C,_13037_,XNOR2,0,1,2,1,36,2,1,-5.6129458388287645e-05,2.66,1.0640000000003056,0.0108
b22_C,_13038_,OAI21,0,1,3,0,37,1,0,-3.500660502142594e-06,1.862,0.7980000000006839,0.0108
b22_C,_13039_,NOR2,0,0,2,2,8,6,85,0.0,1.33,0.5320000000010623,0.0108
b22_C,_13040_,BUF,0,0,1,10,9,5,80,0.0,1.064,0.26599999999962165,0.0108
b22_C,_13041_,NOR3,0,0,3,4,15,3,8,-1.334214002657319e-05,1.862,0.7980000000006839,0.0108
b22_C,_13042_,AND2,0,0,2,1,23,4,3,0.0,1.33,0.26599999999962165,0.0108
b22_C,_13043_,XNOR2,0,1,2,1,26,3,2,-0.0001961955085867384,2.66,1.0640000000003056,0.0108
b22_C,_13044_,NAND2,0,1,2,1,27,2,1,-5.521796565544079e-06,1.33,0.5320000000010623,0.0108
b22_C,_13045_,NOR2,0,0,2,2,2,3,4,-7.344782034346409e-06,1.33,0.5320000000010623,0.0108
b22_C,_13046_,OAI22,0,0,4,1,16,3,2,0.0,2.394,1.0640000000003056,0.0108
b22_C,_13047_,AOI211,0,0,4,1,17,2,1,0.0,2.394,1.0640000000003056,0.0108
b22_C,_13048_,OAI211,0,1,4,0,28,1,0,-5.561426684508319e-06,2.394,1.0640000000003056,0.0108
b22_C,_13049_,OR2,0,0,2,2,17,4,3,0.0,1.33,0.26599999999962165,0.0108
b22_C,_13050_,NOR2,0,1,2,2,16,4,3,-0.00022830911492754957,1.33,0.5320000000010623,0.0108
b22_C,_13051_,AOI21,0,1,3,1,18,3,2,-1.1268163804478704e-05,1.862,0.7980000000006839,0.0108
b22_C,_13052_,OAI21,0,1,3,1,19,2,1,-1.4993394980233887e-05,1.862,0.7980000000006839,0.0108
b22_C,_13053_,AND3,0,0,3,5,9,31,365,0.0,1.596,0.26599999999962165,0.0108
b22_C,_13054_,OAI22,0,0,4,1,15,3,2,0.0,2.394,1.0640000000003056,0.0108
b22_C,_13055_,AOI221,0,0,5,1,17,2,1,-5.7067371204144735e-06,2.926,1.3300000000017462,0.0108
b22_C,_13056_,OAI211,0,1,4,0,20,1,0,-6.3011889037678515e-06,2.394,1.0640000000003056,0.0108
b22_C,_13057_,AND2,0,0,2,2,4,3,4,-2.7873183621185404e-06,1.33,0.26599999999962165,0.0108
b22_C,_13058_,OAI22,0,0,4,1,16,3,2,-2.6420079457523116e-08,2.394,1.0640000000003056,0.0108
b22_C,_13059_,AOI211,0,0,4,1,17,2,1,0.0,2.394,1.0640000000003056,0.0108
b22_C,_13060_,NOR2,0,0,2,1,23,3,2,0.0,1.33,0.5320000000010623,0.0108
b22_C,_13061_,XNOR2,0,1,2,1,27,2,1,-8.070013210059734e-05,2.66,1.0640000000003056,0.0108
b22_C,_13062_,OAI221,0,1,5,0,28,1,0,-7.661822985838285e-06,2.926,1.3300000000017462,0.0108
b22_C,_13063_,OAI22,0,0,4,1,17,3,2,0.0,2.394,1.0640000000003056,0.0108
b22_C,_13064_,AOI221,0,0,5,1,19,2,1,-4.965653896982225e-05,2.926,1.3300000000017462,0.0108
b22_C,_13065_,INV,0,0,1,5,25,15,113,-6.605019819971858e-08,0.798,0.26599999999962165,0.0108
b22_C,_13066_,XOR2,0,0,2,1,27,3,2,0.0,2.394,0.7980000000006839,0.0108
b22_C,_13067_,XNOR2,0,1,2,1,35,2,1,-2.939233817733644e-05,2.66,1.0640000000003056,0.0108
b22_C,_13068_,OAI221,0,1,5,0,36,1,0,-4.834874504755504e-06,2.926,1.3300000000017462,0.0108
b22_C,_13069_,XOR2,0,1,2,1,15,4,3,-0.0005692073976222289,2.394,0.7980000000006839,0.0108
b22_C,_13070_,XNOR2,0,1,2,1,16,3,2,-1.1822985469089886e-05,2.66,1.0640000000003056,0.0108
b22_C,_13071_,NAND2,0,1,2,1,17,2,1,-5.548216644779558e-06,1.33,0.5320000000010623,0.0108
b22_C,_13072_,NOR2,0,0,2,1,17,3,2,0.0,1.33,0.5320000000010623,0.0108
b22_C,_13073_,OAI22,0,0,4,1,16,3,2,0.0,2.394,1.0640000000003056,0.0108
b22_C,_13074_,CLKBUF,0,0,1,10,5,3,19,2.6420079013433906e-08,1.064,0.26599999999962165,0.0108
b22_C,_13075_,AOI211,0,0,4,1,18,2,1,-9.775429326008833e-07,2.394,1.0640000000003056,0.0108
b22_C,_13076_,NOR2,0,0,2,5,10,30,283,0.0,1.33,0.5320000000010623,0.0108
b22_C,_13077_,OAI211,0,1,4,0,19,1,0,-7.793923381793633e-06,2.394,1.0640000000003056,0.0108
b22_C,_13078_,AND2,0,0,2,2,3,3,4,-2.774108322389779e-06,1.33,0.26599999999962165,0.0108
b22_C,_13079_,OAI22,0,0,4,1,17,3,2,0.0,2.394,1.0640000000003056,0.0108
b22_C,_13080_,AOI211,0,0,4,1,18,2,1,-2.1783355350191158e-05,2.394,1.0640000000003056,0.0108
b22_C,_13081_,XNOR2,0,1,2,2,19,3,3,-0.0004916512549537622,2.66,1.0640000000003056,0.0108
b22_C,_13082_,OAI21,0,0,3,1,20,2,1,-1.0607661823147652e-05,1.862,0.7980000000006839,0.0108
b22_C,_13083_,AND2,0,1,2,1,20,2,1,-2.721268163918822e-06,1.33,0.26599999999962165,0.0108
b22_C,_13084_,AND2,0,0,2,1,8,28,258,0.0,1.33,0.26599999999962165,0.0108
b22_C,_13085_,AOI21,0,0,3,5,13,27,257,7.92602377774898e-06,1.862,0.7980000000006839,0.0108
b22_C,_13086_,OAI221,0,1,5,0,21,1,0,-1.2153236459866434e-05,2.926,1.3300000000017462,0.0108
b22_C,_13087_,XOR2,0,0,2,2,11,4,7,-0.0005535799207398995,2.394,0.7980000000006839,0.0108
b22_C,_13088_,NOR2,0,0,2,1,15,3,2,-1.2549537649064746e-06,1.33,0.5320000000010623,0.0108
b22_C,_13089_,NAND4,0,0,4,2,7,33,438,0.0,2.394,1.0640000000003056,0.0108
b22_C,_13090_,CLKBUF,0,0,1,10,8,32,317,0.0,1.064,0.26599999999962165,0.0108
b22_C,_13091_,AOI221,0,1,5,1,18,2,1,-1.9973579920895546e-05,2.926,1.3300000000017462,0.0108
b22_C,_13092_,OAI21,0,1,3,0,19,1,0,-4.055482166753777e-06,1.862,0.7980000000006839,0.0108
b22_C,_13093_,AND4,0,0,4,8,13,18,165,0.0,1.862,0.26599999999962165,0.0108
b22_C,_13094_,NOR2,0,0,2,1,16,3,2,-2.7741083230559127e-07,1.33,0.5320000000010623,0.0108
b22_C,_13095_,AND4,0,0,4,6,15,17,110,0.0,1.862,0.26599999999962165,0.0108
b22_C,_13096_,OAI22,0,0,4,1,17,3,2,0.0,2.394,1.0640000000003056,0.0108
b22_C,_13097_,CLKBUF,0,0,1,10,5,3,11,-2.351387054400078e-06,1.064,0.26599999999962165,0.0108
b22_C,_13098_,AOI211,0,0,4,1,18,2,1,0.0,2.394,1.0640000000003056,0.0108
b22_C,_13099_,XNOR2,0,0,2,1,25,3,2,0.0,2.66,1.0640000000003056,0.0108
b22_C,_13100_,XNOR2,0,1,2,1,30,2,1,-0.00013270805812437558,2.66,1.0640000000003056,0.0108
b22_C,_13101_,OAI221,0,1,5,0,31,1,0,-1.3870541611948894e-05,2.926,1.3300000000017462,0.0108
b22_C,_13102_,AND2,0,1,2,2,22,4,3,-6.20079260240658e-05,1.33,0.26599999999962165,0.0108
b22_C,_13103_,NOR2,0,0,2,2,20,4,3,3.1704095104778673e-07,1.33,0.5320000000010623,0.0108
b22_C,_13104_,AOI21,0,1,3,1,23,3,2,4.3593130771846234e-07,1.862,0.7980000000006839,0.0108
b22_C,_13105_,OAI21,0,1,3,1,24,2,1,-1.4253632760974355e-05,1.862,0.7980000000006839,0.0108
b22_C,_13106_,AND4,0,0,4,8,9,25,249,0.0,1.862,0.26599999999962165,0.0108
b22_C,_13107_,OAI22,0,0,4,1,16,3,2,-6.988110964334382e-06,2.394,1.0640000000003056,0.0108
b22_C,_13108_,NOR2,0,0,2,1,16,3,2,0.0,1.33,0.5320000000010623,0.0108
b22_C,_13109_,AOI211,0,0,4,1,17,2,1,0.0,2.394,1.0640000000003056,0.0108
b22_C,_13110_,AND2,0,0,2,1,9,25,182,-2.774108322389779e-06,1.33,0.26599999999962165,0.0108
b22_C,_13111_,AOI21,0,0,3,6,16,24,181,-4.38573315730828e-06,1.862,0.7980000000006839,0.0108
b22_C,_13112_,OAI211,0,1,4,0,25,1,0,-5.178335535038769e-06,2.394,1.0640000000003056,0.0108
b22_C,_13113_,AOI22,0,0,4,1,16,4,3,-1.2153236459866434e-05,2.394,1.0640000000003056,0.0108
b22_C,_13114_,OAI221,0,0,5,1,17,3,2,0.0,2.926,1.3300000000017462,0.0108
b22_C,_13115_,AOI21,0,0,3,1,23,2,1,-7.001321005173367e-07,1.862,0.7980000000006839,0.0108
b22_C,_13116_,XNOR2,0,0,2,1,25,3,2,-6.578599736073443e-06,2.66,1.0640000000003056,0.0108
b22_C,_13117_,XNOR2,0,1,2,1,32,2,1,-9.453104359313791e-05,2.66,1.0640000000003056,0.0108
b22_C,_13118_,OAI21,0,1,3,0,33,1,0,-3.500660502142594e-06,1.862,0.7980000000006839,0.0108
b22_C,_13119_,NAND2,0,0,2,1,17,5,4,0.0,1.33,0.5320000000010623,0.0108
b22_C,_13120_,AOI21,0,1,3,2,21,4,3,-1.686922060772922e-05,1.862,0.7980000000006839,0.0108
b22_C,_13121_,XOR2,0,0,2,2,18,4,3,0.0,2.394,0.7980000000006839,0.0108
b22_C,_13122_,AOI21,0,1,3,1,22,3,2,-1.096433289271559e-06,1.862,0.7980000000006839,0.0108
b22_C,_13123_,OAI21,0,1,3,1,23,2,1,-1.655217965668143e-05,1.862,0.7980000000006839,0.0108
b22_C,_13124_,NAND2,0,0,2,2,3,4,4,-5.468956407073122e-06,1.33,0.5320000000010623,0.0108
b22_C,_13125_,OAI21,0,0,3,1,17,3,2,0.0,1.862,0.7980000000006839,0.0108
b22_C,_13126_,AOI221,0,0,5,1,18,2,1,-2.492734478209968e-05,2.926,1.3300000000017462,0.0108
b22_C,_13127_,OAI211,0,1,4,0,24,1,0,-5.191545574767531e-06,2.394,1.0640000000003056,0.0108
b22_C,_13128_,AOI22,0,1,4,1,16,2,1,-1.8044914134707213e-05,2.394,1.0640000000003056,0.0108
b22_C,_13129_,AOI22,0,0,4,1,18,2,1,-9.643328930053485e-06,2.394,1.0640000000003056,0.0108
b22_C,_13130_,NOR2,0,0,2,1,13,3,2,-0.0003376750330250644,1.33,0.5320000000010623,0.0108
b22_C,_13131_,XNOR2,0,0,2,1,11,3,2,-1.9114927344743293e-05,2.66,1.0640000000003056,0.0108
b22_C,_13132_,XOR2,0,0,2,1,14,2,1,0.0,2.394,0.7980000000006839,0.0108
b22_C,_13133_,OAI211,0,1,4,0,19,1,0,-6.142668428132936e-06,2.394,1.0640000000003056,0.0108
b22_C,_13134_,OAI22,0,0,4,1,16,3,2,-3.038309115410698e-07,2.394,1.0640000000003056,0.0108
b22_C,_13135_,AOI221,0,0,5,1,17,2,1,-2.2602377807157126e-05,2.926,1.3300000000017462,0.0108
b22_C,_13136_,AND2,0,0,2,1,9,20,152,-3.6988110996283297e-07,1.33,0.26599999999962165,0.0108
b22_C,_13137_,AOI21,0,0,3,5,19,19,151,-4.491413474250194e-06,1.862,0.7980000000006839,0.0108
b22_C,_13138_,XNOR2,0,0,2,1,22,3,2,0.0,2.66,1.0640000000003056,0.0108
b22_C,_13139_,XNOR2,0,1,2,1,28,2,1,-0.00016356671070050233,2.66,1.0640000000003056,0.0108
b22_C,_13140_,OAI221,0,1,5,0,29,1,0,-8.639365918217123e-06,2.926,1.3300000000017462,0.0108
b22_C,_13141_,AOI22,0,0,4,1,16,4,3,-5.2126816380448915e-05,2.394,1.0640000000003056,0.0108
b22_C,_13142_,OAI21,0,0,3,1,17,3,2,-8.850726552322996e-06,1.862,0.7980000000006839,0.0108
b22_C,_13143_,NAND4,0,0,4,7,9,30,265,0.0,2.394,1.0640000000003056,0.0108
b22_C,_13144_,AOI221,0,0,5,1,18,2,1,-9.194187582828306e-06,2.926,1.3300000000017462,0.0108
b22_C,_13145_,NAND2,0,1,2,1,17,3,2,-0.00044912813738462454,1.33,0.5320000000010623,0.0108
b22_C,_13146_,AOI22,0,1,4,1,19,2,1,-2.1783355350191158e-05,2.394,1.0640000000003056,0.0108
b22_C,_13147_,OAI21,0,1,3,0,20,1,0,-8.282694848205097e-06,1.862,0.7980000000006839,0.0108
b22_C,_13148_,AOI222,0,0,6,1,19,4,3,-2.590488771492261e-05,3.724,1.5960000000013679,0.0108
b22_C,_13149_,INV,0,0,1,1,20,3,2,0.0,0.798,0.26599999999962165,0.0108
b22_C,_13150_,AOI21,0,0,3,1,21,2,1,-2.5984147952629044e-05,1.862,0.7980000000006839,0.0108
b22_C,_13151_,NAND2,0,0,2,1,30,3,2,-2.377807135633958e-07,1.33,0.5320000000010623,0.0108
b22_C,_13152_,XOR2,0,1,2,1,37,2,1,-2.6248348745205874e-05,2.394,0.7980000000006839,0.0108
b22_C,_13153_,OAI221,0,1,5,0,38,1,0,-4.214002642388692e-06,2.926,1.3300000000017462,0.0108
b22_C,_13154_,NAND2,0,0,2,1,16,4,3,0.0,1.33,0.5320000000010623,0.0108
b22_C,_13155_,OAI21,0,0,3,1,17,3,2,-2.6420079457523116e-08,1.862,0.7980000000006839,0.0108
b22_C,_13156_,AOI221,0,0,5,1,18,2,1,-2.262879788661465e-05,2.926,1.3300000000017462,0.0108
b22_C,_13157_,AND2,0,0,2,2,21,3,3,0.0,1.33,0.26599999999962165,0.0108
b22_C,_13158_,OAI21,0,0,3,1,25,2,1,-6.528401585215171e-05,1.862,0.7980000000006839,0.0108
b22_C,_13159_,AND2,0,1,2,1,25,2,1,-3.1175693527396575e-05,1.33,0.26599999999962165,0.0108
b22_C,_13160_,OAI221,0,1,5,0,26,1,0,-6.922060766356708e-06,2.926,1.3300000000017462,0.0108
b22_C,_13161_,AND2,0,0,2,1,5,8,92,-0.00020665785997375785,1.33,0.26599999999962165,0.0108
b22_C,_13162_,BUF,0,0,1,10,6,7,91,1.3210039506716953e-08,1.064,0.26599999999962165,0.0108
b22_C,_13163_,NAND2,0,0,2,8,7,5,51,3.9630118742195464e-08,1.33,0.5320000000010623,0.0108
b22_C,_13164_,OAI22,0,0,4,1,12,4,3,-0.0004164729194187089,2.394,1.0640000000003056,0.0108
b22_C,_13165_,NAND2,0,34,2,2,11,4,45,-0.00012165125495378071,1.33,0.5320000000010623,0.0108
b22_C,_13166_,NAND3,0,0,3,1,13,3,2,-0.00026364597093819775,1.862,0.7980000000006839,0.0108
b22_C,_13167_,NAND2,0,0,2,1,14,2,1,0.0,1.33,0.5320000000010623,0.0108
b22_C,_13168_,BUF,0,6,1,10,11,19,531,0.00018562747688233294,1.064,0.26599999999962165,0.0108
b22_C,_13169_,BUF,0,6,1,10,12,15,302,0.00018854689564040683,1.064,0.26599999999962165,0.0108
b22_C,_13170_,MUX2,0,0,3,3,12,15,90,-1.4834874504821016e-05,2.394,0.5320000000010623,0.0108
b22_C,_13171_,OR2,0,0,2,1,13,14,53,0.0,1.33,0.26599999999962165,0.0108
b22_C,_13172_,MUX2,0,0,3,3,12,16,139,-1.4834874504821016e-05,2.394,0.5320000000010623,0.0108
b22_C,_13173_,NOR2,0,0,2,1,13,15,88,0.0,1.33,0.5320000000010623,0.0108
b22_C,_13174_,OR2,0,0,2,1,12,16,137,0.0,1.33,0.26599999999962165,0.0108
b22_C,_13175_,AND2,0,0,2,1,12,16,137,0.0,1.33,0.26599999999962165,0.0108
b22_C,_13176_,OAI21,0,9,3,2,25,15,136,3.589167767481527e-05,1.862,0.7980000000006839,0.0108
b22_C,_13177_,NAND2,0,0,2,1,13,15,88,0.0,1.33,0.5320000000010623,0.0108
b22_C,_13178_,AOI21,0,7,3,2,26,14,87,-5.2166446499413155e-05,1.862,0.7980000000006839,0.0108
b22_C,_13179_,AND2,0,0,2,1,13,14,53,0.0,1.33,0.26599999999962165,0.0108
b22_C,_13180_,OAI21,0,5,3,1,27,13,52,2.6552179654970587e-06,1.862,0.7980000000006839,0.0108
b22_C,_13181_,MUX2,0,0,3,1,12,14,53,-1.4834874504821016e-05,2.394,0.5320000000010623,0.0108
b22_C,_13182_,XNOR2,0,0,2,1,13,13,52,1.2945838834266254e-06,2.66,1.0640000000003056,0.0108
b22_C,_13183_,XNOR2,0,5,2,2,28,12,51,-3.602377807143675e-05,2.66,1.0640000000003056,0.0108
b22_C,_13184_,NOR2,0,1,2,1,29,11,26,-6.214002642002114e-05,1.33,0.5320000000010623,0.0108
b22_C,_13185_,BUF,0,6,1,10,13,11,65,0.00016725231175662714,1.064,0.26599999999962165,0.0108
b22_C,_13186_,AOI21,0,1,3,2,30,10,25,-2.2615587846885887e-05,1.862,0.7980000000006839,0.0108
b22_C,_13187_,NOR2,0,0,2,7,31,9,23,-4.372523117579519e-06,1.33,0.5320000000010623,0.0108
b22_C,_13188_,NOR3,0,0,3,3,9,33,154,-0.0007656406869220866,1.862,0.7980000000006839,0.0108
b22_C,_13189_,NOR2,0,0,2,2,8,34,239,-6.605019819971858e-08,1.33,0.5320000000010623,0.0108
b22_C,_13190_,AOI211,0,0,4,3,9,33,154,-2.6420079457523116e-08,2.394,1.0640000000003056,0.0108
b22_C,_13191_,XNOR2,0,0,2,4,8,34,166,-1.3210039728761558e-08,2.66,1.0640000000003056,0.0108
b22_C,_13192_,AND2,0,0,2,2,9,33,152,0.0,1.33,0.26599999999962165,0.0108
b22_C,_13193_,OR3,0,0,3,6,10,32,109,0.0,1.596,0.26599999999962165,0.0108
b22_C,_13194_,BUF,0,0,1,10,11,29,93,0.0,1.064,0.26599999999962165,0.0108
b22_C,_13195_,BUF,0,0,1,10,12,21,65,0.0,1.064,0.26599999999962165,0.0108
b22_C,_13196_,CLKBUF,0,0,1,10,13,15,35,0.0,1.064,0.26599999999962165,0.0108
b22_C,_13197_,NAND2,0,0,2,1,32,8,10,-2.179656539036401e-06,1.33,0.5320000000010623,0.0108
b22_C,_13198_,MUX2,0,0,3,6,9,32,107,0.0,2.394,0.5320000000010623,0.0108
b22_C,_13199_,BUF,0,0,1,10,10,31,95,0.0,1.064,0.26599999999962165,0.0108
b22_C,_13200_,BUF,0,0,1,10,11,23,66,0.0,1.064,0.26599999999962165,0.0108
b22_C,_13201_,CLKBUF,0,0,1,10,12,16,37,0.0,1.064,0.26599999999962165,0.0108
b22_C,_13202_,NAND2,0,0,2,2,9,11,35,-7.926023792848014e-08,1.33,0.5320000000010623,0.0108
b22_C,_13203_,AOI22,0,0,4,2,10,11,35,-5.2840158693001626e-08,2.394,1.0640000000003056,0.0108
b22_C,_13204_,AND2,0,0,2,5,11,10,19,0.0,1.33,0.26599999999962165,0.0108
b22_C,_13205_,OAI21,0,0,3,2,33,7,9,0.0,1.862,0.7980000000006839,0.0108
b22_C,_13206_,NAND2,0,0,2,2,9,33,107,-6.605019819971858e-08,1.33,0.5320000000010623,0.0108
b22_C,_13207_,OAI21,0,0,3,4,10,32,104,0.0,1.862,0.7980000000006839,0.0108
b22_C,_13208_,BUF,0,0,1,10,11,30,93,0.0,1.064,0.26599999999962165,0.0108
b22_C,_13209_,BUF,0,0,1,10,12,24,67,0.0,1.064,0.26599999999962165,0.0108
b22_C,_13210_,CLKBUF,0,0,1,10,13,18,39,0.0,1.064,0.26599999999962165,0.0108
b22_C,_13211_,NAND2,0,0,2,3,11,8,23,0.0,1.33,0.5320000000010623,0.0108
b22_C,_13212_,AOI22,0,0,4,2,32,7,9,-2.681638044954582e-06,2.394,1.0640000000003056,0.0108
b22_C,_13213_,NAND2,0,0,2,1,34,6,7,0.0,1.33,0.5320000000010623,0.0108
b22_C,_13214_,AOI222,0,0,6,2,25,14,15,-0.0003376089828268647,3.724,1.5960000000013679,0.0108
b22_C,_13215_,AOI21,0,0,3,6,17,15,82,2.511228533674803e-05,1.862,0.7980000000006839,0.0108
b22_C,_13216_,NOR3,0,0,3,4,10,32,104,0.0,1.862,0.7980000000006839,0.0108
b22_C,_13217_,BUF,0,0,1,10,11,31,98,0.0,1.064,0.26599999999962165,0.0108
b22_C,_13218_,CLKBUF,0,0,1,10,12,25,69,0.0,1.064,0.26599999999962165,0.0108
b22_C,_13219_,CLKBUF,0,0,1,10,13,18,42,0.0,1.064,0.26599999999962165,0.0108
b22_C,_13220_,OAI221,0,0,5,2,26,14,15,-9.418758256440896e-06,2.926,1.3300000000017462,0.0108
b22_C,_13221_,NOR2,0,0,2,1,27,13,14,0.0,1.33,0.5320000000010623,0.0108
b22_C,_13222_,OAI22,0,0,4,2,24,15,18,0.0,2.394,1.0640000000003056,0.0108
b22_C,_13223_,AOI221,0,0,5,2,24,15,18,-0.00039681638044930523,2.926,1.3300000000017462,0.0108
b22_C,_13224_,AOI211,0,0,4,1,25,14,15,-0.00033103038309123534,2.394,1.0640000000003056,0.0108
b22_C,_13225_,INV,0,0,1,1,26,13,14,0.0,0.798,0.26599999999962165,0.0108
b22_C,_13226_,NAND2,0,0,2,1,25,14,15,0.0,1.33,0.5320000000010623,0.0108
b22_C,_13227_,AOI21,0,0,3,1,15,17,18,-0.00033103038309123534,1.862,0.7980000000006839,0.0108
b22_C,_13228_,INV,0,0,1,5,23,17,83,-2.6420079457523116e-08,0.798,0.26599999999962165,0.0108
b22_C,_13229_,OAI21,0,0,3,2,24,16,17,0.0,1.862,0.7980000000006839,0.0108
b22_C,_13230_,AOI222,0,0,6,2,23,16,17,-0.0003345838837518489,3.724,1.5960000000013679,0.0108
b22_C,_13231_,AND2,0,0,2,3,21,17,123,-2.5363276090484277e-06,1.33,0.26599999999962165,0.0108
b22_C,_13232_,AOI222,0,0,6,2,22,16,18,-0.00033622192866600287,3.724,1.5960000000013679,0.0108
b22_C,_13233_,OAI221,0,0,5,2,22,16,18,-1.4398943195548242e-06,2.926,1.3300000000017462,0.0108
b22_C,_13234_,AOI21,0,0,3,1,22,17,20,-0.00033103038309123534,1.862,0.7980000000006839,0.0108
b22_C,_13235_,OAI21,0,0,3,2,23,16,19,0.0,1.862,0.7980000000006839,0.0108
b22_C,_13236_,AOI222,0,0,6,2,22,16,19,-0.00033508586525776707,3.724,1.5960000000013679,0.0108
b22_C,_13237_,OAI22,0,0,4,1,24,15,16,0.0,2.394,1.0640000000003056,0.0108
b22_C,_13238_,OAI221,0,0,5,2,20,18,21,0.0,2.926,1.3300000000017462,0.0108
b22_C,_13239_,AOI222,0,0,6,2,20,18,21,-0.0003345838837518489,3.724,1.5960000000013679,0.0108
b22_C,_13240_,NAND2,0,0,2,1,21,17,18,0.0,1.33,0.5320000000010623,0.0108
b22_C,_13241_,AOI22,0,0,4,1,12,26,28,-0.0003191413474241678,2.394,1.0640000000003056,0.0108
b22_C,_13242_,OAI21,0,0,3,2,15,25,27,-9.114927346232093e-07,1.862,0.7980000000006839,0.0108
b22_C,_13243_,AOI221,0,0,5,2,15,25,27,-0.0003912813738444765,2.926,1.3300000000017462,0.0108
b22_C,_13244_,NAND2,0,0,2,1,16,24,25,0.0,1.33,0.5320000000010623,0.0108
b22_C,_13245_,OAI221,0,0,5,2,16,24,26,0.0,2.926,1.3300000000017462,0.0108
b22_C,_13246_,NOR2,0,0,2,2,12,25,28,0.0,1.33,0.5320000000010623,0.0108
b22_C,_13247_,AOI21,0,0,3,1,16,24,25,0.0,1.862,0.7980000000006839,0.0108
b22_C,_13248_,AOI22,0,0,4,2,14,26,29,0.0,2.394,1.0640000000003056,0.0108
b22_C,_13249_,OAI221,0,0,5,2,14,26,29,-6.644649934273161e-06,2.926,1.3300000000017462,0.0108
b22_C,_13250_,NAND2,0,0,2,1,15,25,26,0.0,1.33,0.5320000000010623,0.0108
b22_C,_13251_,AOI21,0,0,3,1,16,24,25,-0.00039084544253653597,1.862,0.7980000000006839,0.0108
b22_C,_13252_,AOI22,0,0,4,2,13,28,30,-1.0568031716395865e-07,2.394,1.0640000000003056,0.0108
b22_C,_13253_,OAI22,0,0,4,2,12,28,30,0.0,2.394,1.0640000000003056,0.0108
b22_C,_13254_,NOR3,0,0,3,1,14,27,28,-0.0003445046235139859,1.862,0.7980000000006839,0.0108
b22_C,_13255_,AOI21,0,0,3,1,12,29,31,0.0,1.862,0.7980000000006839,0.0108
b22_C,_13256_,AOI21,0,0,3,2,13,28,30,0.0,1.862,0.7980000000006839,0.0108
b22_C,_13257_,OAI22,0,0,4,2,14,28,30,-3.963011896424007e-08,2.394,1.0640000000003056,0.0108
b22_C,_13258_,AOI221,0,0,5,1,15,27,28,-0.00039126816380452567,2.926,1.3300000000017462,0.0108
b22_C,_13259_,OAI22,0,0,4,2,12,29,31,0.0,2.394,1.0640000000003056,0.0108
b22_C,_13260_,AOI22,0,0,4,2,12,29,31,-2.642007923547851e-08,2.394,1.0640000000003056,0.0108
b22_C,_13261_,NAND2,0,0,2,1,13,28,29,0.0,1.33,0.5320000000010623,0.0108
b22_C,_13262_,AOI222,0,0,6,2,11,30,33,-0.0003296301188904227,3.724,1.5960000000013679,0.0108
b22_C,_13263_,OAI22,0,0,4,2,12,30,33,-8.982826948944478e-07,2.394,1.0640000000003056,0.0108
b22_C,_13264_,NOR2,0,0,2,1,13,29,30,0.0,1.33,0.5320000000010623,0.0108
b22_C,_13265_,AOI222,0,0,6,2,11,30,32,-0.0003299075297227283,3.724,1.5960000000013679,0.0108
b22_C,_13266_,OR2,0,0,2,5,9,31,55,0.0,1.33,0.26599999999962165,0.0108
b22_C,_13267_,OAI22,0,0,4,2,12,30,32,0.0,2.394,1.0640000000003056,0.0108
b22_C,_13268_,NOR2,0,0,2,1,13,29,30,0.0,1.33,0.5320000000010623,0.0108
b22_C,_13269_,NAND2,0,0,2,2,8,32,58,0.0,1.33,0.5320000000010623,0.0108
b22_C,_13270_,OAI21,0,0,3,1,11,31,32,0.0,1.862,0.7980000000006839,0.0108
b22_C,_13271_,NAND2,0,0,2,4,8,32,76,0.0,1.33,0.5320000000010623,0.0108
b22_C,_13272_,MUX2,0,0,3,1,11,31,32,0.0,2.394,0.5320000000010623,0.0108
b22_C,_13273_,OAI222,0,0,6,2,11,31,33,0.0,3.724,1.5960000000013679,0.0108
b22_C,_13274_,NOR2,0,0,2,6,8,32,335,-0.0004905680317042194,1.33,0.5320000000010623,0.0108
b22_C,_13275_,AOI22,0,0,4,2,11,31,33,-5.41611624882421e-07,2.394,1.0640000000003056,0.0108
b22_C,_13276_,AOI22,0,0,4,1,12,30,31,0.0,2.394,1.0640000000003056,0.0108
b22_C,_13277_,NOR2,0,0,2,1,12,30,31,0.0,1.33,0.5320000000010623,0.0108
b22_C,_13278_,AOI211,0,0,4,1,13,29,30,0.0,2.394,1.0640000000003056,0.0108
b22_C,_13279_,NOR3,0,0,3,1,14,28,29,0.0,1.862,0.7980000000006839,0.0108
b22_C,_13280_,OAI21,0,0,3,1,13,29,30,-0.00037686922060764516,1.862,0.7980000000006839,0.0108
b22_C,_13281_,OAI21,0,0,3,1,14,28,29,0.0,1.862,0.7980000000006839,0.0108
b22_C,_13282_,OAI221,0,0,5,1,15,27,28,0.0,2.926,1.3300000000017462,0.0108
b22_C,_13283_,OAI22,0,0,4,2,13,27,29,0.0,2.394,1.0640000000003056,0.0108
b22_C,_13284_,AOI221,0,0,5,2,13,27,29,-0.0004286789960370463,2.926,1.3300000000017462,0.0108
b22_C,_13285_,AOI221,0,0,5,1,16,26,27,0.0,2.926,1.3300000000017462,0.0108
b22_C,_13286_,AOI211,0,0,4,1,14,26,27,-0.0003804491413474942,2.394,1.0640000000003056,0.0108
b22_C,_13287_,AOI222,0,0,6,2,15,26,28,-0.00032785997358009134,3.724,1.5960000000013679,0.0108
b22_C,_13288_,OAI221,0,0,5,2,15,26,28,0.0,2.926,1.3300000000017462,0.0108
b22_C,_13289_,AOI211,0,0,4,1,17,25,26,0.0,2.394,1.0640000000003056,0.0108
b22_C,_13290_,OAI22,0,0,4,1,16,25,26,0.0,2.394,1.0640000000003056,0.0108
b22_C,_13291_,OAI22,0,0,4,1,18,24,25,0.0,2.394,1.0640000000003056,0.0108
b22_C,_13292_,OAI221,0,0,5,1,19,23,24,0.0,2.926,1.3300000000017462,0.0108
b22_C,_13293_,AND2,0,0,2,1,8,26,223,-1.3210039950806163e-08,1.33,0.26599999999962165,0.0108
b22_C,_13294_,AOI21,0,0,3,5,15,25,222,-4.5178335537077174e-06,1.862,0.7980000000006839,0.0108
b22_C,_13295_,OAI221,0,0,5,2,16,24,25,0.0,2.926,1.3300000000017462,0.0108
b22_C,_13296_,AOI222,0,0,6,2,16,24,25,-0.0003356671070013917,3.724,1.5960000000013679,0.0108
b22_C,_13297_,AOI221,0,0,5,1,16,24,25,-0.0003302642007927403,2.926,1.3300000000017462,0.0108
b22_C,_13298_,AOI22,0,0,4,1,17,23,24,0.0,2.394,1.0640000000003056,0.0108
b22_C,_13299_,NAND2,0,0,2,1,20,22,23,0.0,1.33,0.5320000000010623,0.0108
b22_C,_13300_,AOI22,0,0,4,2,17,22,24,-9.788639366181684e-06,2.394,1.0640000000003056,0.0108
b22_C,_13301_,AOI21,0,0,3,1,13,23,25,-0.0003422457067372431,1.862,0.7980000000006839,0.0108
b22_C,_13302_,OAI21,0,0,3,2,17,22,24,-1.3210039662148176e-07,1.862,0.7980000000006839,0.0108
b22_C,_13303_,OAI221,0,0,5,1,21,21,22,0.0,2.926,1.3300000000017462,0.0108
b22_C,_13304_,OAI221,0,0,5,2,18,22,23,0.0,2.926,1.3300000000017462,0.0108
b22_C,_13305_,AOI222,0,0,6,2,18,22,23,-0.0003333157199474357,3.724,1.5960000000013679,0.0108
b22_C,_13306_,NAND2,0,0,2,1,19,21,22,0.0,1.33,0.5320000000010623,0.0108
b22_C,_13307_,OAI211,0,0,4,1,18,21,22,0.0,2.394,1.0640000000003056,0.0108
b22_C,_13308_,NAND3,0,0,3,1,22,20,21,0.0,1.862,0.7980000000006839,0.0108
b22_C,_13309_,AOI22,0,0,4,2,18,20,22,-1.030383091293885e-06,2.394,1.0640000000003056,0.0108
b22_C,_13310_,OAI221,0,0,5,2,19,20,22,-4.6763540291205885e-06,2.926,1.3300000000017462,0.0108
b22_C,_13311_,OAI221,0,0,5,1,23,19,20,0.0,2.926,1.3300000000017462,0.0108
b22_C,_13312_,OAI221,0,0,5,2,20,20,21,-1.3210039662148176e-07,2.926,1.3300000000017462,0.0108
b22_C,_13313_,OAI22,0,0,4,1,19,21,22,0.0,2.394,1.0640000000003056,0.0108
b22_C,_13314_,AOI21,0,0,3,2,20,20,21,-0.00039161162483480894,1.862,0.7980000000006839,0.0108
b22_C,_13315_,NAND2,0,0,2,1,21,19,20,0.0,1.33,0.5320000000010623,0.0108
b22_C,_13316_,OAI211,0,0,4,1,20,19,20,0.0,2.394,1.0640000000003056,0.0108
b22_C,_13317_,NAND3,0,0,3,1,24,18,19,0.0,1.862,0.7980000000006839,0.0108
b22_C,_13318_,AOI22,0,0,4,2,20,18,20,-1.188903568927202e-07,2.394,1.0640000000003056,0.0108
b22_C,_13319_,OAI221,0,0,5,2,20,18,20,-2.5759577280126678e-06,2.926,1.3300000000017462,0.0108
b22_C,_13320_,OAI221,0,0,5,1,25,17,18,0.0,2.926,1.3300000000017462,0.0108
b22_C,_13321_,OAI211,0,0,4,1,21,17,18,-5.2840158693001626e-08,2.394,1.0640000000003056,0.0108
b22_C,_13322_,NAND3,0,0,3,1,26,16,17,0.0,1.862,0.7980000000006839,0.0108
b22_C,_13323_,NOR2,0,0,2,1,21,17,18,0.0,1.33,0.5320000000010623,0.0108
b22_C,_13324_,NAND2,0,0,2,1,10,19,152,-3.963011896424007e-08,1.33,0.5320000000010623,0.0108
b22_C,_13325_,OAI21,0,0,3,7,20,18,151,-9.247027741299263e-07,1.862,0.7980000000006839,0.0108
b22_C,_13326_,OAI222,0,0,6,2,21,17,19,-2.906208718789216e-06,3.724,1.5960000000013679,0.0108
b22_C,_13327_,AOI221,0,0,5,2,21,17,19,-0.00039671070013214127,2.926,1.3300000000017462,0.0108
b22_C,_13328_,AOI21,0,0,3,1,22,16,17,0.0,1.862,0.7980000000006839,0.0108
b22_C,_13329_,AOI22,0,0,4,1,27,15,16,0.0,2.394,1.0640000000003056,0.0108
b22_C,_13330_,OR2,0,0,2,1,22,15,16,0.0,1.33,0.26599999999962165,0.0108
b22_C,_13331_,AOI21,0,0,3,1,28,14,15,0.0,1.862,0.7980000000006839,0.0108
b22_C,_13332_,AOI22,0,0,4,1,25,15,16,0.0,2.394,1.0640000000003056,0.0108
b22_C,_13333_,INV,0,0,1,1,26,14,15,0.0,0.798,0.26599999999962165,0.0108
b22_C,_13334_,OAI221,0,0,5,1,29,13,14,0.0,2.926,1.3300000000017462,0.0108
b22_C,_13335_,AOI21,0,0,3,1,30,12,13,0.0,1.862,0.7980000000006839,0.0108
b22_C,_13336_,AOI221,0,0,5,2,25,13,14,-0.0004007529722591663,2.926,1.3300000000017462,0.0108
b22_C,_13337_,AOI22,0,0,4,1,25,14,15,-4.280052840366366e-06,2.394,1.0640000000003056,0.0108
b22_C,_13338_,OAI21,0,0,3,2,26,13,14,-7.463672391017084e-06,1.862,0.7980000000006839,0.0108
b22_C,_13339_,NOR2,0,0,2,1,27,12,13,0.0,1.33,0.5320000000010623,0.0108
b22_C,_13340_,AOI211,0,0,4,1,31,11,12,-3.830911492919142e-06,2.394,1.0640000000003056,0.0108
b22_C,_13341_,OAI22,0,0,4,1,26,13,14,0.0,2.394,1.0640000000003056,0.0108
b22_C,_13342_,AOI21,0,0,3,2,27,12,13,-0.00038458388375173236,1.862,0.7980000000006839,0.0108
b22_C,_13343_,OAI221,0,0,5,2,26,12,13,-3.963011896424007e-08,2.926,1.3300000000017462,0.0108
b22_C,_13344_,NOR2,0,0,2,1,28,11,12,0.0,1.33,0.5320000000010623,0.0108
b22_C,_13345_,AOI211,0,0,4,1,32,10,11,0.0,2.394,1.0640000000003056,0.0108
b22_C,_13346_,AOI221,0,0,5,2,27,11,12,-0.00038549537648635557,2.926,1.3300000000017462,0.0108
b22_C,_13347_,INV,0,0,1,3,20,12,48,0.0,0.798,0.26599999999962165,0.0108
b22_C,_13348_,OAI222,0,0,6,2,27,11,12,-2.6420079457523116e-08,3.724,1.5960000000013679,0.0108
b22_C,_13349_,NOR2,0,0,2,1,28,10,11,0.0,1.33,0.5320000000010623,0.0108
b22_C,_13350_,AOI211,0,0,4,1,33,9,10,0.0,2.394,1.0640000000003056,0.0108
b22_C,_13351_,AOI222,0,1,6,2,29,10,11,-0.000327212681638267,3.724,1.5960000000013679,0.0108
b22_C,_13352_,INV,0,0,1,5,19,11,28,0.0,0.798,0.26599999999962165,0.0108
b22_C,_13353_,OAI221,0,0,5,2,30,10,11,-3.963011896424007e-08,2.926,1.3300000000017462,0.0108
b22_C,_13354_,NOR2,0,1,2,1,31,9,10,-1.2892998679125967e-05,1.33,0.5320000000010623,0.0108
b22_C,_13355_,AOI211,0,1,4,1,34,8,9,1.690885072624937e-06,2.394,1.0640000000003056,0.0108
b22_C,_13356_,XNOR2,0,0,2,1,13,15,97,0.0,2.66,1.0640000000003056,0.0108
b22_C,_13357_,XNOR2,0,2,2,2,26,14,96,-0.00013379128137391838,2.66,1.0640000000003056,0.0108
b22_C,_13358_,NOR2,0,1,2,1,27,13,49,-4.412153236454941e-05,1.33,0.5320000000010623,0.0108
b22_C,_13359_,AOI21,0,1,3,2,28,12,48,-2.587846763568713e-05,1.862,0.7980000000006839,0.0108
b22_C,_13360_,OR2,0,0,2,8,29,11,46,1.241743725177713e-06,1.33,0.26599999999962165,0.0108
b22_C,_13361_,OAI21,0,0,3,1,30,10,11,-2.417437252377752e-06,1.862,0.7980000000006839,0.0108
b22_C,_13362_,AOI21,0,0,3,2,31,9,10,-2.6420079457523116e-08,1.862,0.7980000000006839,0.0108
b22_C,_13363_,AOI22,0,0,4,1,20,10,11,-0.00030878467635409024,2.394,1.0640000000003056,0.0108
b22_C,_13364_,OAI21,0,0,3,2,30,9,10,-1.9418758256950497e-06,1.862,0.7980000000006839,0.0108
b22_C,_13365_,NOR2,0,0,2,1,32,8,9,0.0,1.33,0.5320000000010623,0.0108
b22_C,_13366_,AOI211,0,1,4,1,35,7,8,-3.1400264201009165e-05,2.394,1.0640000000003056,0.0108
b22_C,_13367_,AOI222,0,0,6,5,10,10,29,-1.3210039662148176e-07,3.724,1.5960000000013679,0.0108
b22_C,_13368_,NOR2,0,0,2,1,10,10,12,0.0,1.33,0.5320000000010623,0.0108
b22_C,_13369_,AOI21,0,0,3,1,12,9,11,0.0,1.862,0.7980000000006839,0.0108
b22_C,_13370_,NAND2,0,0,2,1,14,8,10,0.0,1.33,0.5320000000010623,0.0108
b22_C,_13371_,XNOR2,0,0,2,1,13,13,64,0.0,2.66,1.0640000000003056,0.0108
b22_C,_13372_,XNOR2,0,2,2,2,27,12,63,-3.957727873182826e-05,2.66,1.0640000000003056,0.0108
b22_C,_13373_,BUF,0,7,1,10,15,11,172,0.0001943328929983057,1.064,0.26599999999962165,0.0108
b22_C,_13374_,MUX2,0,1,3,3,28,10,33,-1.4306472919667357e-05,2.394,0.5320000000010623,0.0108
b22_C,_13375_,NAND2,0,0,2,4,29,9,26,-5.68031704095695e-06,1.33,0.5320000000010623,0.0108
b22_C,_13376_,OAI21,0,0,3,2,30,7,9,0.0,1.862,0.7980000000006839,0.0108
b22_C,_13377_,AOI211,0,0,4,1,13,8,10,0.0,2.394,1.0640000000003056,0.0108
b22_C,_13378_,AND2,0,0,2,3,29,8,16,-2.5231175695417107e-06,1.33,0.26599999999962165,0.0108
b22_C,_13379_,AOI21,0,0,3,2,30,7,9,0.0,1.862,0.7980000000006839,0.0108
b22_C,_13380_,AOI221,0,1,5,1,36,6,7,4.874504623275655e-06,2.926,1.3300000000017462,0.0108
b22_C,_13381_,OAI22,0,0,4,1,34,6,7,0.0,2.394,1.0640000000003056,0.0108
b22_C,_13382_,OAI21,0,1,3,3,37,5,6,-5.495376486308601e-06,1.862,0.7980000000006839,0.0108
b22_C,_13383_,NOR3,0,0,3,1,38,4,3,-8.61294583920369e-06,1.862,0.7980000000006839,0.0108
b22_C,_13384_,AND2,0,1,2,1,38,4,3,-6.723910171757552e-06,1.33,0.26599999999962165,0.0108
b22_C,_13385_,BUF,0,0,1,10,7,8,227,1.3210039506716953e-08,1.064,0.26599999999962165,0.0108
b22_C,_13386_,NOR2,0,0,2,1,8,5,4,-1.3210039950806163e-08,1.33,0.5320000000010623,0.0108
b22_C,_13387_,NAND2,0,0,2,1,32,6,5,-2.681638044954582e-06,1.33,0.5320000000010623,0.0108
b22_C,_13388_,XNOR2,0,0,2,3,29,8,17,-3.220607661824637e-05,2.66,1.0640000000003056,0.0108
b22_C,_13389_,INV,0,0,1,1,30,7,6,-2.1003963013299654e-06,0.798,0.26599999999962165,0.0108
b22_C,_13390_,XNOR2,0,0,2,3,27,7,18,7.0805812415475344e-06,2.66,1.0640000000003056,0.0108
b22_C,_13391_,XNOR2,0,0,2,1,30,8,7,0.0,2.66,1.0640000000003056,0.0108
b22_C,_13392_,XNOR2,0,0,2,3,30,9,18,-1.8494055487039418e-07,2.66,1.0640000000003056,0.0108
b22_C,_13393_,XNOR2,0,0,2,3,25,10,17,-2.8797886395537375e-06,2.66,1.0640000000003056,0.0108
b22_C,_13394_,XNOR2,0,0,2,3,22,11,18,-1.3474240423416717e-06,2.66,1.0640000000003056,0.0108
b22_C,_13395_,XNOR2,0,0,2,3,20,12,23,3.1571994714152396e-06,2.66,1.0640000000003056,0.0108
b22_C,_13396_,XNOR2,0,0,2,3,20,12,20,-3.3817701454719185e-06,2.66,1.0640000000003056,0.0108
b22_C,_13397_,XNOR2,0,0,2,3,20,13,25,2.5495376485551446e-06,2.66,1.0640000000003056,0.0108
b22_C,_13398_,XNOR2,0,0,2,3,18,13,22,2.8533685600962144e-06,2.66,1.0640000000003056,0.0108
b22_C,_13399_,XNOR2,0,0,2,3,18,13,24,4.319682958886517e-06,2.66,1.0640000000003056,0.0108
b22_C,_13400_,XNOR2,0,0,2,4,17,14,23,1.453104359061541e-07,2.66,1.0640000000003056,0.0108
b22_C,_13401_,XNOR2,0,0,2,3,16,14,24,2.3778071331914674e-06,2.66,1.0640000000003056,0.0108
b22_C,_13402_,XNOR2,0,0,2,3,16,14,23,4.861294583768938e-06,2.66,1.0640000000003056,0.0108
b22_C,_13403_,XNOR2,0,0,2,3,15,15,24,3.725231175533139e-06,2.66,1.0640000000003056,0.0108
b22_C,_13404_,XNOR2,0,0,2,3,15,15,25,8.454425362014462e-07,2.66,1.0640000000003056,0.0108
b22_C,_13405_,XNOR2,0,0,2,3,14,16,25,-8.943196829758193e-06,2.66,1.0640000000003056,0.0108
b22_C,_13406_,XNOR2,0,0,2,3,13,17,26,-4.717305151924478e-05,2.66,1.0640000000003056,0.0108
b22_C,_13407_,XNOR2,0,0,2,3,13,17,27,2.536327608826383e-06,2.66,1.0640000000003056,0.0108
b22_C,_13408_,XNOR2,0,0,2,3,11,19,28,-3.963011896424007e-08,2.66,1.0640000000003056,0.0108
b22_C,_13409_,XNOR2,0,0,2,4,10,19,31,-6.340819023176181e-07,2.66,1.0640000000003056,0.0108
b22_C,_13410_,XNOR2,0,0,2,4,10,20,31,-2.760898282883062e-06,2.66,1.0640000000003056,0.0108
b22_C,_13411_,XNOR2,0,0,2,3,9,20,29,-6.869220607885751e-07,2.66,1.0640000000003056,0.0108
b22_C,_13412_,AND2,0,0,2,3,9,20,27,0.0,1.33,0.26599999999962165,0.0108
b22_C,_13413_,AND3,0,0,3,1,11,19,18,0.0,1.596,0.26599999999962165,0.0108
b22_C,_13414_,NAND3,0,0,3,1,12,18,17,0.0,1.862,0.7980000000006839,0.0108
b22_C,_13415_,XNOR2,0,0,2,3,14,18,28,3.9630118742195464e-08,2.66,1.0640000000003056,0.0108
b22_C,_13416_,NOR2,0,0,2,1,15,17,16,-9.247027743519709e-08,1.33,0.5320000000010623,0.0108
b22_C,_13417_,NAND3,0,0,3,1,16,16,15,-1.5852047556830229e-06,1.862,0.7980000000006839,0.0108
b22_C,_13418_,NOR2,0,0,2,1,17,15,14,-1.0568031716395865e-07,1.33,0.5320000000010623,0.0108
b22_C,_13419_,NAND3,0,0,3,1,18,14,13,-2.9722589169889346e-06,1.862,0.7980000000006839,0.0108
b22_C,_13420_,NOR4,0,0,4,1,19,13,12,-5.799207397627626e-06,2.394,1.0640000000003056,0.0108
b22_C,_13421_,AND4,0,0,4,1,21,12,11,-2.998678996224413e-06,1.862,0.26599999999962165,0.0108
b22_C,_13422_,NAND3,0,0,3,1,22,11,10,-2.3513870541780335e-06,1.862,0.7980000000006839,0.0108
b22_C,_13423_,XNOR2,0,0,2,3,21,11,18,-1.0568031716395865e-07,2.66,1.0640000000003056,0.0108
b22_C,_13424_,NOR3,0,0,3,1,23,10,9,-2.113606341058727e-07,1.862,0.7980000000006839,0.0108
b22_C,_13425_,NOR2,0,0,2,2,24,14,80,0.0,1.33,0.5320000000010623,0.0108
b22_C,_13426_,NOR2,0,0,2,3,24,13,79,0.0,1.33,0.5320000000010623,0.0108
b22_C,_13427_,NOR2,0,0,2,3,25,11,18,0.0,1.33,0.5320000000010623,0.0108
b22_C,_13428_,XNOR2,0,0,2,3,23,11,20,0.0,2.66,1.0640000000003056,0.0108
b22_C,_13429_,NOR2,0,0,2,1,26,10,9,0.0,1.33,0.5320000000010623,0.0108
b22_C,_13430_,NAND3,0,0,3,1,27,9,8,-1.0568031694191404e-07,1.862,0.7980000000006839,0.0108
b22_C,_13431_,NOR2,0,0,2,1,31,8,7,-2.126816380565444e-06,1.33,0.5320000000010623,0.0108
b22_C,_13432_,XOR2,0,0,2,3,27,9,16,0.0,2.394,0.7980000000006839,0.0108
b22_C,_13433_,XOR2,0,0,2,3,26,9,18,0.0,2.394,0.7980000000006839,0.0108
b22_C,_13434_,XOR2,0,0,2,3,23,9,18,2.192866578543118e-06,2.394,0.7980000000006839,0.0108
b22_C,_13435_,NOR3,0,0,3,1,28,8,7,-2.2153236459931946e-05,1.862,0.7980000000006839,0.0108
b22_C,_13436_,NAND3,0,0,3,1,32,7,6,0.0,1.862,0.7980000000006839,0.0108
b22_C,_13437_,NOR3,0,0,3,1,33,6,5,-3.1836195508727627e-06,1.862,0.7980000000006839,0.0108
b22_C,_13438_,OAI211,0,0,4,1,34,5,4,-2.4306472921065136e-06,2.394,1.0640000000003056,0.0108
b22_C,_13439_,MUX2,0,0,3,1,35,4,3,0.0,2.394,0.5320000000010623,0.0108
b22_C,_13440_,NOR4,0,1,4,1,39,3,2,8.903566710571909e-06,2.394,1.0640000000003056,0.0108
b22_C,_13441_,AOI21,0,0,3,1,8,4,3,-2.6420079457523116e-08,1.862,0.7980000000006839,0.0108
b22_C,_13442_,XNOR2,0,0,2,1,38,3,2,-8.097754293556747e-06,2.66,1.0640000000003056,0.0108
b22_C,_13443_,AOI21,0,1,3,1,40,2,1,-2.030383091145005e-05,1.862,0.7980000000006839,0.0108
b22_C,_13444_,CLKBUF,0,0,1,10,3,3,15,2.7080581241900603e-06,1.064,0.26599999999962165,0.0108
b22_C,_13445_,NAND2,0,0,2,2,9,2,2,-4.0951122870502843e-07,1.33,0.5320000000010623,0.0108
b22_C,_13446_,OAI21,0,1,3,0,41,1,0,-8.454425366455354e-07,1.862,0.7980000000006839,0.0108
b22_C,_13447_,NOR2,0,0,2,2,9,7,76,-0.00022688243064750147,1.33,0.5320000000010623,0.0108
b22_C,_13448_,AOI211,0,15,4,2,11,6,75,-0.0002710832232497573,2.394,1.0640000000003056,0.0108
b22_C,_13449_,INV,0,11,1,2,12,4,47,-1.4385733157373792e-05,0.798,0.26599999999962165,0.0108
b22_C,_13450_,NAND2,0,11,2,1,13,1,43,-2.907529722606661e-05,1.33,0.5320000000010623,0.0108
b22_C,_13451_,NOR2,0,10,2,2,14,5,42,4.4280052840184325e-05,1.33,0.5320000000010623,0.0108
b22_C,_13452_,BUF,0,10,1,10,15,4,39,0.00024454425363273913,1.064,0.26599999999962165,0.0108
b22_C,_13453_,BUF,0,8,1,10,16,3,20,0.00021964332892987493,1.064,0.26599999999962165,0.0108
b22_C,_13454_,AOI22,0,1,4,1,17,2,1,-4.914134742417531e-05,2.394,1.0640000000003056,0.0108
b22_C,_13455_,NAND2,0,0,2,1,6,4,6,-0.0004028665785997809,1.33,0.5320000000010623,0.0108
b22_C,_13456_,XNOR2,0,0,2,1,2,4,6,-0.0004755350066052433,2.66,1.0640000000003056,0.0108
b22_C,_13457_,OAI21,0,0,3,2,8,3,5,-1.1096433290003205e-06,1.862,0.7980000000006839,0.0108
b22_C,_13458_,XOR2,0,0,2,1,2,3,2,-0.0005898414795244555,2.394,0.7980000000006839,0.0108
b22_C,_13459_,AOI21,0,0,3,1,9,2,1,-9.643328930941664e-07,1.862,0.7980000000006839,0.0108
b22_C,_13460_,NAND2,0,4,2,7,12,5,60,-3.6697490092496565e-05,1.33,0.5320000000010623,0.0108
b22_C,_13461_,OAI21,0,1,3,0,18,1,0,-3.321003963008273e-05,1.862,0.7980000000006839,0.0108
b22_C,_13462_,BUF,0,1,1,9,5,1,14,2.5931307793713998e-05,1.064,0.26599999999962165,0.0108
b22_C,_13463_,NOR2,0,0,2,6,13,4,31,-2.8190224570900924e-05,1.33,0.5320000000010623,0.0108
b22_C,_13464_,BUF,0,0,1,10,14,3,20,2.430647291884469e-06,1.064,0.26599999999962165,0.0108
b22_C,_13465_,NAND2,0,0,2,2,2,36,95,-0.0004656935270808127,1.33,0.5320000000010623,0.0108
b22_C,_13466_,XOR2,0,0,2,1,4,4,3,-7.36988110965342e-05,2.394,0.7980000000006839,0.0108
b22_C,_13467_,XNOR2,0,0,2,1,5,3,2,0.0,2.66,1.0640000000003056,0.0108
b22_C,_13468_,AOI22,0,0,4,1,15,2,1,-5.614266842757232e-06,2.394,1.0640000000003056,0.0108
b22_C,_13469_,NOR2,0,2,2,2,13,4,23,-1.8124174372635693e-05,1.33,0.5320000000010623,0.0108
b22_C,_13470_,BUF,0,2,1,10,14,3,20,3.1968295904682975e-05,1.064,0.26599999999962165,0.0108
b22_C,_13471_,NAND2,0,0,2,2,2,36,92,-0.0003985204755616589,1.33,0.5320000000010623,0.0108
b22_C,_13472_,XOR2,0,0,2,1,4,4,3,-7.36988110965342e-05,2.394,0.7980000000006839,0.0108
b22_C,_13473_,XNOR2,0,0,2,1,5,3,2,0.0,2.66,1.0640000000003056,0.0108
b22_C,_13474_,NOR2,0,2,2,7,13,4,33,-5.680317041178995e-07,1.33,0.5320000000010623,0.0108
b22_C,_13475_,BUF,0,2,1,10,14,3,20,3.270805812416455e-05,1.064,0.26599999999962165,0.0108
b22_C,_13476_,AOI222,0,1,6,1,17,2,1,-0.00011483487450458796,3.724,1.5960000000013679,0.0108
b22_C,_13477_,NAND2,0,1,2,0,18,1,0,-4.887714663226461e-06,1.33,0.5320000000010623,0.0108
b22_C,_13478_,NOR2,0,34,2,10,12,3,41,0.001733896961690684,1.33,0.5320000000010623,0.0108
b22_C,_13479_,BUF,0,7,1,9,13,1,11,3.141347424029384e-05,1.064,0.26599999999962165,0.0108
b22_C,_13480_,NOR3,0,0,3,1,12,3,3,-1.3210039728761558e-08,1.862,0.7980000000006839,0.0108
b22_C,_13481_,OAI21,0,1,3,2,14,2,2,-2.910171730530209e-05,1.862,0.7980000000006839,0.0108
b22_C,_13482_,XNOR2,0,0,2,1,4,4,3,-1.0224570673900146e-05,2.66,1.0640000000003056,0.0108
b22_C,_13483_,NOR2,0,3,2,1,4,36,89,-4.552179656536204e-05,1.33,0.5320000000010623,0.0108
b22_C,_13484_,NAND2,0,0,2,1,4,36,89,-6.487450462366873e-05,1.33,0.5320000000010623,0.0108
b22_C,_13485_,AOI21,0,3,3,2,5,35,88,2.7252311756598147e-05,1.862,0.7980000000006839,0.0108
b22_C,_13486_,XNOR2,0,0,2,1,6,3,2,-6.319682959055051e-05,2.66,1.0640000000003056,0.0108
b22_C,_13487_,AOI22,0,0,4,1,15,2,1,-6.776750330450554e-06,2.394,1.0640000000003056,0.0108
b22_C,_13488_,XNOR2,0,0,2,1,4,4,3,-1.0224570673900146e-05,2.66,1.0640000000003056,0.0108
b22_C,_13489_,NOR2,0,2,2,1,4,36,92,-5.0832232496800245e-05,1.33,0.5320000000010623,0.0108
b22_C,_13490_,NAND2,0,0,2,1,4,36,92,-6.487450462366873e-05,1.33,0.5320000000010623,0.0108
b22_C,_13491_,AOI21,0,2,3,2,5,35,91,1.5336856010517153e-05,1.862,0.7980000000006839,0.0108
b22_C,_13492_,XNOR2,0,0,2,1,6,3,2,-3.556142668448281e-05,2.66,1.0640000000003056,0.0108
b22_C,_13493_,AOI222,0,1,6,1,16,2,1,-6.488771466317544e-05,3.724,1.5960000000013679,0.0108
b22_C,_13494_,NAND3,0,1,3,0,17,1,0,-2.5046235138770356e-05,1.862,0.7980000000006839,0.0108
b22_C,_13495_,NAND2,0,0,2,1,15,2,1,-7.080581241991624e-06,1.33,0.5320000000010623,0.0108
b22_C,_13496_,XOR2,0,0,2,1,4,4,3,-3.963011896424007e-08,2.394,0.7980000000006839,0.0108
b22_C,_13497_,OAI21,0,2,3,1,6,34,87,-2.232496697507358e-05,1.862,0.7980000000006839,0.0108
b22_C,_13498_,INV,0,2,1,1,7,33,86,-2.562747688283906e-06,0.798,0.26599999999962165,0.0108
b22_C,_13499_,AOI21,0,2,3,2,8,32,85,-1.0000000000065512e-05,1.862,0.7980000000006839,0.0108
b22_C,_13500_,XNOR2,0,0,2,1,9,3,2,-1.1915455746525083e-05,2.66,1.0640000000003056,0.0108
b22_C,_13501_,XOR2,0,0,2,1,4,4,3,-3.963011896424007e-08,2.394,0.7980000000006839,0.0108
b22_C,_13502_,AOI21,0,3,3,1,6,34,84,-3.268163804515112e-05,1.862,0.7980000000006839,0.0108
b22_C,_13503_,INV,0,3,1,1,7,33,83,-1.0039630120584064e-06,0.798,0.26599999999962165,0.0108
b22_C,_13504_,OAI21,0,3,3,2,8,32,82,-4.359313078072802e-06,1.862,0.7980000000006839,0.0108
b22_C,_13505_,XNOR2,0,0,2,1,9,3,2,-2.7291941876006476e-05,2.66,1.0640000000003056,0.0108
b22_C,_13506_,AOI222,0,1,6,1,16,2,1,-5.785997358009887e-05,3.724,1.5960000000013679,0.0108
b22_C,_13507_,NAND3,0,1,3,0,17,1,0,-1.8850726552388508e-05,1.862,0.7980000000006839,0.0108
b22_C,_13508_,NOR2,0,0,2,1,4,32,82,-1.3210039950806163e-08,1.33,0.5320000000010623,0.0108
b22_C,_13509_,NAND2,0,0,2,1,4,32,82,-3.963011896424007e-08,1.33,0.5320000000010623,0.0108
b22_C,_13510_,AOI21,0,2,3,2,9,31,81,1.760898282698875e-05,1.862,0.7980000000006839,0.0108
b22_C,_13511_,XNOR2,0,0,2,1,5,4,3,-1.0515191545712455e-05,2.66,1.0640000000003056,0.0108
b22_C,_13512_,XNOR2,0,0,2,1,10,3,2,-2.7978863936573006e-05,2.66,1.0640000000003056,0.0108
b22_C,_13513_,NAND2,0,0,2,1,15,2,1,-4.0951122870502843e-07,1.33,0.5320000000010623,0.0108
b22_C,_13514_,XNOR2,0,0,2,1,5,4,3,-1.0515191545712455e-05,2.66,1.0640000000003056,0.0108
b22_C,_13515_,NOR2,0,0,2,1,4,32,79,-2.6420079457523116e-08,1.33,0.5320000000010623,0.0108
b22_C,_13516_,NAND2,0,0,2,1,4,32,79,-3.963011896424007e-08,1.33,0.5320000000010623,0.0108
b22_C,_13517_,AOI21,0,3,3,2,9,31,78,3.56803170407094e-05,1.862,0.7980000000006839,0.0108
b22_C,_13518_,XNOR2,0,0,2,1,10,3,2,-6.429326287982207e-05,2.66,1.0640000000003056,0.0108
b22_C,_13519_,AOI22,0,0,4,1,15,2,1,-2.058124174375564e-05,2.394,1.0640000000003056,0.0108
b22_C,_13520_,AOI22,0,0,4,1,16,2,1,-6.892998679020046e-05,2.394,1.0640000000003056,0.0108
b22_C,_13521_,NAND4,0,1,4,0,17,1,0,-4.966974900932897e-06,2.394,1.0640000000003056,0.0108
b22_C,_13522_,AOI22,0,1,4,1,17,2,1,-4.789960369877555e-05,2.394,1.0640000000003056,0.0108
b22_C,_13523_,XNOR2,0,0,2,1,6,5,4,0.0,2.66,1.0640000000003056,0.0108
b22_C,_13524_,OAI21,0,2,3,1,10,30,77,-2.221928665790962e-05,1.862,0.7980000000006839,0.0108
b22_C,_13525_,INV,0,2,1,1,11,29,76,-2.5363276090484277e-06,0.798,0.26599999999962165,0.0108
b22_C,_13526_,AOI21,0,2,3,2,12,28,75,-9.920739762359077e-06,1.862,0.7980000000006839,0.0108
b22_C,_13527_,XNOR2,0,0,2,1,13,4,3,-1.1915455746525083e-05,2.66,1.0640000000003056,0.0108
b22_C,_13528_,XNOR2,0,0,2,1,6,5,4,0.0,2.66,1.0640000000003056,0.0108
b22_C,_13529_,OAI21,0,3,3,1,10,30,74,-3.198150594463378e-05,1.862,0.7980000000006839,0.0108
b22_C,_13530_,INV,0,3,1,1,11,29,73,-3.9762219288252965e-06,0.798,0.26599999999962165,0.0108
b22_C,_13531_,AOI21,0,3,3,2,12,28,72,-1.142668428011362e-05,1.862,0.7980000000006839,0.0108
b22_C,_13532_,XNOR2,0,0,2,1,13,4,3,-1.824306472930637e-05,2.66,1.0640000000003056,0.0108
b22_C,_13533_,OAI22,0,0,4,1,14,3,2,-1.083223249764842e-06,2.394,1.0640000000003056,0.0108
b22_C,_13534_,AOI21,0,0,3,1,15,2,1,-5.785997358120909e-06,1.862,0.7980000000006839,0.0108
b22_C,_13535_,OAI21,0,1,3,0,18,1,0,-3.321003963008273e-05,1.862,0.7980000000006839,0.0108
b22_C,_13536_,XNOR2,0,0,2,1,6,4,3,-7.133421400462581e-06,2.66,1.0640000000003056,0.0108
b22_C,_13537_,NAND2,0,0,2,1,6,28,71,0.0,1.33,0.5320000000010623,0.0108
b22_C,_13538_,NOR2,0,0,2,1,6,28,71,0.0,1.33,0.5320000000010623,0.0108
b22_C,_13539_,OAI21,0,2,3,2,13,27,70,1.8771466314237983e-05,1.862,0.7980000000006839,0.0108
b22_C,_13540_,XNOR2,0,0,2,1,14,3,2,-3.5402906208847895e-05,2.66,1.0640000000003056,0.0108
b22_C,_13541_,AOI22,0,0,4,1,15,2,1,-5.614266842757232e-06,2.394,1.0640000000003056,0.0108
b22_C,_13542_,XNOR2,0,0,2,1,6,4,3,-7.133421400462581e-06,2.66,1.0640000000003056,0.0108
b22_C,_13543_,NAND2,0,0,2,1,6,28,68,0.0,1.33,0.5320000000010623,0.0108
b22_C,_13544_,NOR2,0,0,2,1,6,28,68,0.0,1.33,0.5320000000010623,0.0108
b22_C,_13545_,OAI21,0,3,3,2,13,27,67,3.9590488771334975e-05,1.862,0.7980000000006839,0.0108
b22_C,_13546_,XNOR2,0,0,2,1,14,3,2,-6.520475561422323e-05,2.66,1.0640000000003056,0.0108
b22_C,_13547_,AOI222,0,1,6,1,17,2,1,-5.667107001339211e-05,3.724,1.5960000000013679,0.0108
b22_C,_13548_,NAND2,0,1,2,0,18,1,0,-4.874504623719744e-06,1.33,0.5320000000010623,0.0108
b22_C,_13549_,NAND2,0,1,2,1,17,2,1,-4.4993394980430423e-05,1.33,0.5320000000010623,0.0108
b22_C,_13550_,NOR2,0,0,2,2,13,3,4,-8.228533685605832e-05,1.33,0.5320000000010623,0.0108
b22_C,_13551_,XOR2,0,0,2,1,7,5,4,-8.163804491534421e-06,2.394,0.7980000000006839,0.0108
b22_C,_13552_,NAND2,0,0,2,1,6,26,63,-5.627476882708038e-06,1.33,0.5320000000010623,0.0108
b22_C,_13553_,OAI21,0,3,3,1,14,26,63,-2.842800528402023e-05,1.862,0.7980000000006839,0.0108
b22_C,_13554_,NAND2,0,3,2,2,15,25,62,3.844121532203815e-06,1.33,0.5320000000010623,0.0108
b22_C,_13555_,XNOR2,0,0,2,1,16,4,3,-2.949801849405631e-05,2.66,1.0640000000003056,0.0108
b22_C,_13556_,XOR2,0,0,2,1,7,5,4,-8.163804491534421e-06,2.394,0.7980000000006839,0.0108
b22_C,_13557_,NAND2,0,0,2,1,6,26,66,-5.627476882708038e-06,1.33,0.5320000000010623,0.0108
b22_C,_13558_,OAI21,0,2,3,1,14,26,66,-1.927344782037821e-05,1.862,0.7980000000006839,0.0108
b22_C,_13559_,NAND2,0,2,2,2,15,25,65,2.5627476880618616e-06,1.33,0.5320000000010623,0.0108
b22_C,_13560_,XNOR2,0,0,2,1,16,4,3,-1.7542932629011077e-05,2.66,1.0640000000003056,0.0108
b22_C,_13561_,OAI22,0,0,4,1,17,3,2,-9.379128138586879e-07,2.394,1.0640000000003056,0.0108
b22_C,_13562_,AOI221,0,0,5,1,18,2,1,-1.5416116248445633e-05,2.926,1.3300000000017462,0.0108
b22_C,_13563_,NAND2,0,1,2,0,19,1,0,-5.191545574767531e-06,1.33,0.5320000000010623,0.0108
b22_C,_13564_,NAND2,0,0,2,1,6,2,1,-5.2179656540030095e-06,1.33,0.5320000000010623,0.0108
b22_C,_13565_,NAND2,0,1,2,1,17,2,1,-4.491413474250194e-05,1.33,0.5320000000010623,0.0108
b22_C,_13566_,NAND2,0,0,2,1,7,4,3,0.0,1.33,0.5320000000010623,0.0108
b22_C,_13567_,AND2,0,0,2,3,7,21,55,0.0,1.33,0.26599999999962165,0.0108
b22_C,_13568_,NOR2,0,0,2,2,7,22,56,0.0,1.33,0.5320000000010623,0.0108
b22_C,_13569_,OR2,0,0,2,1,8,5,4,0.0,1.33,0.26599999999962165,0.0108
b22_C,_13570_,AOI21,0,3,3,1,16,24,57,-1.4861294584056495e-05,1.862,0.7980000000006839,0.0108
b22_C,_13571_,INV,0,3,1,1,17,23,56,1.849405548037808e-06,0.798,0.26599999999962165,0.0108
b22_C,_13572_,OAI21,0,3,3,2,18,22,55,-4.161162483695691e-06,1.862,0.7980000000006839,0.0108
b22_C,_13573_,XNOR2,0,0,2,1,19,4,3,-2.545574636725334e-05,2.66,1.0640000000003056,0.0108
b22_C,_13574_,AND2,0,0,2,3,7,21,58,0.0,1.33,0.26599999999962165,0.0108
b22_C,_13575_,NOR2,0,0,2,2,7,22,59,0.0,1.33,0.5320000000010623,0.0108
b22_C,_13576_,OR2,0,0,2,1,8,5,4,0.0,1.33,0.26599999999962165,0.0108
b22_C,_13577_,AOI21,0,2,3,1,16,24,60,-1.1902245707018366e-05,1.862,0.7980000000006839,0.0108
b22_C,_13578_,INV,0,2,1,1,17,23,59,1.21532364572019e-06,0.798,0.26599999999962165,0.0108
b22_C,_13579_,OAI21,0,2,3,2,18,22,58,-4.702774108356067e-06,1.862,0.7980000000006839,0.0108
b22_C,_13580_,XNOR2,0,0,2,1,19,4,3,-1.550858652588083e-05,2.66,1.0640000000003056,0.0108
b22_C,_13581_,OAI221,0,0,5,1,20,3,2,-9.643328930941664e-07,2.926,1.3300000000017462,0.0108
b22_C,_13582_,NAND2,0,0,2,1,21,2,1,0.0,1.33,0.5320000000010623,0.0108
b22_C,_13583_,NAND3,0,1,3,0,22,1,0,-6.829590488921511e-06,1.862,0.7980000000006839,0.0108
b22_C,_13584_,NOR2,0,2,2,2,19,21,53,1.1017173051630635e-05,1.33,0.5320000000010623,0.0108
b22_C,_13585_,OR2,0,0,2,2,20,5,7,-1.3157199471924841e-05,1.33,0.26599999999962165,0.0108
b22_C,_13586_,XNOR2,0,0,2,1,6,4,3,0.0,2.66,1.0640000000003056,0.0108
b22_C,_13587_,XNOR2,0,0,2,1,21,3,2,0.0,2.66,1.0640000000003056,0.0108
b22_C,_13588_,NAND2,0,0,2,1,22,2,1,-4.0951122870502843e-07,1.33,0.5320000000010623,0.0108
b22_C,_13589_,NOR2,0,3,2,2,19,21,50,1.6869220607507174e-05,1.33,0.5320000000010623,0.0108
b22_C,_13590_,OR2,0,0,2,2,20,5,7,-2.1096433289402583e-05,1.33,0.26599999999962165,0.0108
b22_C,_13591_,XNOR2,0,0,2,1,6,4,3,0.0,2.66,1.0640000000003056,0.0108
b22_C,_13592_,XNOR2,0,0,2,1,21,3,2,0.0,2.66,1.0640000000003056,0.0108
b22_C,_13593_,NAND2,0,0,2,1,22,2,1,-5.891677675062823e-06,1.33,0.5320000000010623,0.0108
b22_C,_13594_,AOI221,0,1,5,1,16,2,1,-6.657859973580038e-05,2.926,1.3300000000017462,0.0108
b22_C,_13595_,NAND3,0,1,3,0,23,1,0,-6.486129458416201e-06,1.862,0.7980000000006839,0.0108
b22_C,_13596_,XNOR2,0,0,2,1,6,4,3,-3.963011896424007e-08,2.66,1.0640000000003056,0.0108
b22_C,_13597_,OR2,0,0,2,3,6,21,50,0.0,1.33,0.26599999999962165,0.0108
b22_C,_13598_,AND2,0,0,2,2,6,21,49,0.0,1.33,0.26599999999962165,0.0108
b22_C,_13599_,OAI21,0,0,3,1,21,4,3,0.0,1.862,0.7980000000006839,0.0108
b22_C,_13600_,XNOR2,0,0,2,1,22,3,2,0.0,2.66,1.0640000000003056,0.0108
b22_C,_13601_,NAND2,0,0,2,1,23,2,1,-4.0951122870502843e-07,1.33,0.5320000000010623,0.0108
b22_C,_13602_,OR2,0,0,2,4,13,4,6,-1.2575957727856135e-05,1.33,0.26599999999962165,0.0108
b22_C,_13603_,XOR2,0,0,2,6,5,21,82,-8.544253632791765e-05,2.394,0.7980000000006839,0.0108
b22_C,_13604_,XNOR2,0,0,2,2,6,4,3,0.0,2.66,1.0640000000003056,0.0108
b22_C,_13605_,OR2,0,0,2,3,6,21,47,0.0,1.33,0.26599999999962165,0.0108
b22_C,_13606_,AND2,0,0,2,2,6,21,46,0.0,1.33,0.26599999999962165,0.0108
b22_C,_13607_,OAI21,0,0,3,2,21,4,3,0.0,1.862,0.7980000000006839,0.0108
b22_C,_13608_,AOI21,0,0,3,1,22,3,2,0.0,1.862,0.7980000000006839,0.0108
b22_C,_13609_,OAI21,0,0,3,1,23,2,1,0.0,1.862,0.7980000000006839,0.0108
b22_C,_13610_,AOI222,0,1,6,1,16,2,1,-5.973579920737215e-05,3.724,1.5960000000013679,0.0108
b22_C,_13611_,NAND3,0,1,3,0,24,1,0,-1.8877146631401942e-05,1.862,0.7980000000006839,0.0108
b22_C,_13612_,NAND2,0,1,2,1,17,2,1,-4.50198150596659e-05,1.33,0.5320000000010623,0.0108
b22_C,_13613_,XOR2,0,0,2,1,6,5,4,-9.313077939498982e-06,2.394,0.7980000000006839,0.0108
b22_C,_13614_,INV,0,0,1,2,1,20,42,0.0,0.798,0.26599999999962165,0.0108
b22_C,_13615_,AOI22,0,0,4,1,8,20,41,0.0,2.394,1.0640000000003056,0.0108
b22_C,_13616_,OAI21,0,3,3,1,20,20,41,-4.0766182298535014e-05,1.862,0.7980000000006839,0.0108
b22_C,_13617_,AOI22,0,3,4,2,21,19,40,2.7648612945574413e-05,2.394,1.0640000000003056,0.0108
b22_C,_13618_,XNOR2,0,0,2,1,22,4,3,-6.384412153237484e-05,2.66,1.0640000000003056,0.0108
b22_C,_13619_,XOR2,0,0,2,1,6,5,4,-9.313077939498982e-06,2.394,0.7980000000006839,0.0108
b22_C,_13620_,NOR2,0,0,2,1,6,20,44,0.0,1.33,0.5320000000010623,0.0108
b22_C,_13621_,AOI22,0,0,4,1,8,20,44,0.0,2.394,1.0640000000003056,0.0108
b22_C,_13622_,OAI21,0,2,3,1,20,20,44,-2.3434610303851855e-05,1.862,0.7980000000006839,0.0108
b22_C,_13623_,AOI21,0,2,3,2,21,19,43,1.6420079260281994e-05,1.862,0.7980000000006839,0.0108
b22_C,_13624_,XNOR2,0,0,2,1,22,4,3,-3.545574636731885e-05,2.66,1.0640000000003056,0.0108
b22_C,_13625_,OAI22,0,0,4,1,23,3,2,-9.379128138586879e-07,2.394,1.0640000000003056,0.0108
b22_C,_13626_,AOI21,0,0,3,1,24,2,1,-1.2575957727856135e-05,1.862,0.7980000000006839,0.0108
b22_C,_13627_,OAI211,0,1,4,0,25,1,0,-3.298546895669219e-05,2.394,1.0640000000003056,0.0108
b22_C,_13628_,XOR2,0,0,2,1,6,4,3,-3.963011896424007e-08,2.394,0.7980000000006839,0.0108
b22_C,_13629_,OAI21,0,3,3,1,22,18,35,-3.101717305176166e-05,1.862,0.7980000000006839,0.0108
b22_C,_13630_,INV,0,3,1,1,23,17,34,-4.332892998837323e-06,0.798,0.26599999999962165,0.0108
b22_C,_13631_,AOI21,0,3,3,2,24,16,33,-1.1638044914219492e-05,1.862,0.7980000000006839,0.0108
b22_C,_13632_,XNOR2,0,0,2,1,25,3,2,-1.8005284015965017e-05,2.66,1.0640000000003056,0.0108
b22_C,_13633_,AOI221,0,1,5,1,26,2,1,-5.5151915455908807e-05,2.926,1.3300000000017462,0.0108
b22_C,_13634_,XOR2,0,0,2,1,6,4,3,-3.963011896424007e-08,2.394,0.7980000000006839,0.0108
b22_C,_13635_,OAI21,0,2,3,1,22,18,38,-2.2391017173051253e-05,1.862,0.7980000000006839,0.0108
b22_C,_13636_,INV,0,2,1,1,23,17,37,-2.6420079262123863e-06,0.798,0.26599999999962165,0.0108
b22_C,_13637_,AOI21,0,2,3,2,24,16,36,-1.0013210039794274e-05,1.862,0.7980000000006839,0.0108
b22_C,_13638_,XNOR2,0,0,2,1,25,3,2,-1.1809775429361125e-05,2.66,1.0640000000003056,0.0108
b22_C,_13639_,AOI22,0,0,4,1,26,2,1,-7.014531043791905e-06,2.394,1.0640000000003056,0.0108
b22_C,_13640_,NAND2,0,1,2,0,27,1,0,-1.2655217965784615e-05,1.33,0.5320000000010623,0.0108
b22_C,_13641_,AOI22,0,1,4,1,17,2,1,-5.799207397627626e-05,2.394,1.0640000000003056,0.0108
b22_C,_13642_,XNOR2,0,0,2,1,6,4,3,-8.309114927440575e-06,2.66,1.0640000000003056,0.0108
b22_C,_13643_,NOR2,0,0,2,1,6,16,33,-1.3210039950806163e-08,1.33,0.5320000000010623,0.0108
b22_C,_13644_,NAND2,0,0,2,1,6,16,33,-3.963011896424007e-08,1.33,0.5320000000010623,0.0108
b22_C,_13645_,AOI21,0,2,3,2,25,15,32,1.889035667090866e-05,1.862,0.7980000000006839,0.0108
b22_C,_13646_,XNOR2,0,0,2,1,26,3,2,-3.498018494063615e-05,2.66,1.0640000000003056,0.0108
b22_C,_13647_,XNOR2,0,0,2,1,6,4,3,-8.309114927440575e-06,2.66,1.0640000000003056,0.0108
b22_C,_13648_,NOR2,0,0,2,1,6,16,30,-2.6420079457523116e-08,1.33,0.5320000000010623,0.0108
b22_C,_13649_,NAND2,0,0,2,1,6,16,30,-3.963011896424007e-08,1.33,0.5320000000010623,0.0108
b22_C,_13650_,AOI21,0,3,3,2,25,15,29,3.990752972238276e-05,1.862,0.7980000000006839,0.0108
b22_C,_13651_,XNOR2,0,0,2,1,26,3,2,-6.429326287982207e-05,2.66,1.0640000000003056,0.0108
b22_C,_13652_,AOI22,0,0,4,1,27,2,1,-7.648612946109523e-06,2.394,1.0640000000003056,0.0108
b22_C,_13653_,CLKBUF,0,0,1,10,3,3,11,-1.9815059459915574e-07,1.064,0.26599999999962165,0.0108
b22_C,_13654_,OAI211,0,1,4,0,28,1,0,-6.221928666061416e-06,2.394,1.0640000000003056,0.0108
b22_C,_13655_,XNOR2,0,0,2,2,7,4,3,-6.380449141474287e-06,2.66,1.0640000000003056,0.0108
b22_C,_13656_,OAI21,0,2,3,1,26,14,28,-2.0752972258897273e-05,1.862,0.7980000000006839,0.0108
b22_C,_13657_,INV,0,2,1,1,27,13,27,-2.668428005447865e-06,0.798,0.26599999999962165,0.0108
b22_C,_13658_,AOI21,0,2,3,3,28,12,26,-7.88639365922883e-06,1.862,0.7980000000006839,0.0108
b22_C,_13659_,NAND2,0,0,2,1,29,3,2,-8.771466314394516e-06,1.33,0.5320000000010623,0.0108
b22_C,_13660_,OAI211,0,0,4,1,30,2,1,-6.737120211486314e-06,2.394,1.0640000000003056,0.0108
b22_C,_13661_,AOI221,0,1,5,1,16,2,1,-7.10435931308151e-05,2.926,1.3300000000017462,0.0108
b22_C,_13662_,XOR2,0,0,2,1,7,3,2,-5.667107001450233e-06,2.394,0.7980000000006839,0.0108
b22_C,_13663_,NAND2,0,0,2,1,6,14,25,-6.565389696344681e-06,1.33,0.5320000000010623,0.0108
b22_C,_13664_,OAI21,0,3,3,1,26,14,25,-2.9062087186337848e-05,1.862,0.7980000000006839,0.0108
b22_C,_13665_,NAND2,0,3,2,2,27,13,24,2.6948480844612988e-06,1.33,0.5320000000010623,0.0108
b22_C,_13666_,XNOR2,0,0,2,1,28,2,1,-2.9431968296078637e-05,2.66,1.0640000000003056,0.0108
b22_C,_13667_,OAI211,0,1,4,0,31,1,0,-4.914134742683984e-06,2.394,1.0640000000003056,0.0108
b22_C,_13668_,XOR2,0,0,2,1,7,4,3,4.3593130771846234e-07,2.394,0.7980000000006839,0.0108
b22_C,_13669_,NAND2,0,0,2,1,7,12,21,-4.940554821697418e-06,1.33,0.5320000000010623,0.0108
b22_C,_13670_,OAI21,0,3,3,1,28,12,21,-1.4280052840209834e-05,1.862,0.7980000000006839,0.0108
b22_C,_13671_,AND2,0,3,2,2,29,11,20,1.3011889035574598e-05,1.33,0.26599999999962165,0.0108
b22_C,_13672_,XNOR2,0,1,2,1,30,3,2,-1.1730515191876734e-05,2.66,1.0640000000003056,0.0108
b22_C,_13673_,AOI222,0,1,6,1,31,2,1,-7.367239101729872e-05,3.724,1.5960000000013679,0.0108
b22_C,_13674_,XOR2,0,0,2,1,7,4,3,-7.926023792848014e-08,2.394,0.7980000000006839,0.0108
b22_C,_13675_,NOR2,0,0,2,1,7,12,23,-4.6895640686273055e-06,1.33,0.5320000000010623,0.0108
b22_C,_13676_,NOR2,0,2,2,1,29,11,22,7.820343460807067e-06,1.33,0.5320000000010623,0.0108
b22_C,_13677_,AOI21,0,2,3,2,30,10,21,-1.6103038309234208e-05,1.862,0.7980000000006839,0.0108
b22_C,_13678_,XNOR2,0,0,2,1,31,3,2,-1.1889035667289605e-05,2.66,1.0640000000003056,0.0108
b22_C,_13679_,AOI22,0,0,4,1,32,2,1,-7.0409511230273836e-06,2.394,1.0640000000003056,0.0108
b22_C,_13680_,NAND2,0,1,2,0,33,1,0,-1.2391017173207786e-05,1.33,0.5320000000010623,0.0108
b22_C,_13681_,XNOR2,0,0,2,1,8,4,3,-3.5270805813780726e-06,2.66,1.0640000000003056,0.0108
b22_C,_13682_,NOR2,0,0,2,1,7,10,18,-5.2840158693001626e-08,1.33,0.5320000000010623,0.0108
b22_C,_13683_,NAND2,0,0,2,1,7,10,18,-7.926023792848014e-08,1.33,0.5320000000010623,0.0108
b22_C,_13684_,AOI21,0,2,3,2,31,9,17,1.859973579909635e-05,1.862,0.7980000000006839,0.0108
b22_C,_13685_,XNOR2,0,1,2,1,32,3,2,-2.9194187582737285e-05,2.66,1.0640000000003056,0.0108
b22_C,_13686_,NAND2,0,1,2,1,33,2,1,-3.830911492919142e-06,1.33,0.5320000000010623,0.0108
b22_C,_13687_,AOI221,0,0,5,1,15,2,1,-0.00014211360634086567,2.926,1.3300000000017462,0.0108
b22_C,_13688_,INV,0,0,1,2,1,9,16,0.0,0.798,0.26599999999962165,0.0108
b22_C,_13689_,XNOR2,0,0,2,1,8,3,2,-3.606340819084508e-06,2.66,1.0640000000003056,0.0108
b22_C,_13690_,NOR2,0,0,2,1,7,11,17,-6.605019842176318e-08,1.33,0.5320000000010623,0.0108
b22_C,_13691_,NAND2,0,0,2,1,7,11,17,-7.926023792848014e-08,1.33,0.5320000000010623,0.0108
b22_C,_13692_,AOI21,0,2,3,2,30,10,16,2.3857331571841556e-05,1.862,0.7980000000006839,0.0108
b22_C,_13693_,XNOR2,0,0,2,1,31,2,1,-4.2140026420112164e-05,2.66,1.0640000000003056,0.0108
b22_C,_13694_,OAI211,0,1,4,0,34,1,0,-5.601056803250515e-06,2.394,1.0640000000003056,0.0108
b22_C,_13695_,XNOR2,0,0,2,1,7,4,3,-2.1268163803433993e-06,2.66,1.0640000000003056,0.0108
b22_C,_13696_,OAI21,0,2,3,1,31,9,13,-2.4517833553616697e-05,1.862,0.7980000000006839,0.0108
b22_C,_13697_,OAI21,0,2,3,2,32,8,12,7.212681637946972e-06,1.862,0.7980000000006839,0.0108
b22_C,_13698_,XNOR2,0,1,2,1,33,3,2,-1.723910171769205e-05,2.66,1.0640000000003056,0.0108
b22_C,_13699_,AOI221,0,1,5,1,34,2,1,-1.8639365918282635e-05,2.926,1.3300000000017462,0.0108
b22_C,_13700_,XOR2,0,0,2,1,7,4,3,-1.9022457069528542e-06,2.394,0.7980000000006839,0.0108
b22_C,_13701_,NAND2,0,0,2,1,8,8,13,-2.8401585205894975e-06,1.33,0.5320000000010623,0.0108
b22_C,_13702_,OAI21,0,1,3,1,32,8,13,-2.3328929986687896e-05,1.862,0.7980000000006839,0.0108
b22_C,_13703_,AND2,0,1,2,2,33,7,12,3.830911492697098e-06,1.33,0.26599999999962165,0.0108
b22_C,_13704_,XNOR2,0,0,2,1,34,3,2,-5.231175693731771e-06,2.66,1.0640000000003056,0.0108
b22_C,_13705_,AOI22,0,0,4,1,35,2,1,-4.988110964343484e-05,2.394,1.0640000000003056,0.0108
b22_C,_13706_,NAND2,0,1,2,0,36,1,0,-1.2509907529878461e-05,1.33,0.5320000000010623,0.0108
b22_C,_13707_,AOI222,0,0,6,1,16,2,1,-7.084544253643799e-05,3.724,1.5960000000013679,0.0108
b22_C,_13708_,XOR2,0,0,2,2,7,3,3,-9.907529723296449e-07,2.394,0.7980000000006839,0.0108
b22_C,_13709_,NAND2,0,0,2,1,7,7,9,-1.664464993611503e-06,1.33,0.5320000000010623,0.0108
b22_C,_13710_,NOR2,0,0,2,1,7,7,9,-1.571994716176306e-06,1.33,0.5320000000010623,0.0108
b22_C,_13711_,OAI21,0,1,3,3,34,6,8,1.3645970937670171e-05,1.862,0.7980000000006839,0.0108
b22_C,_13712_,OAI21,0,0,3,1,35,2,1,-1.413474240430368e-05,1.862,0.7980000000006839,0.0108
b22_C,_13713_,AND2,0,0,2,1,35,2,1,-6.036988110968977e-06,1.33,0.26599999999962165,0.0108
b22_C,_13714_,XNOR2,0,0,2,1,7,3,2,-1.1096433290003205e-06,2.66,1.0640000000003056,0.0108
b22_C,_13715_,AOI21,0,1,3,1,33,7,8,-1.1902245706796322e-05,1.862,0.7980000000006839,0.0108
b22_C,_13716_,INV,0,1,1,1,34,6,7,-2.377807135633958e-07,0.798,0.26599999999962165,0.0108
b22_C,_13717_,OAI21,0,1,3,2,35,5,6,4.887714661894194e-07,1.862,0.7980000000006839,0.0108
b22_C,_13718_,XNOR2,0,1,2,1,36,2,1,-3.69881109674175e-06,2.66,1.0640000000003056,0.0108
b22_C,_13719_,OAI221,0,1,5,0,37,1,0,-3.7780713342261407e-06,2.926,1.3300000000017462,0.0108
b22_C,_13720_,NOR2,0,0,2,1,7,5,4,-8.322324969167738e-07,1.33,0.5320000000010623,0.0108
b22_C,_13721_,NAND2,0,0,2,1,7,5,4,-8.718626156589693e-07,1.33,0.5320000000010623,0.0108
b22_C,_13722_,AOI21,0,0,3,1,36,4,3,-5.8520475563206276e-06,1.862,0.7980000000006839,0.0108
b22_C,_13723_,XNOR2,0,0,2,1,8,4,3,-2.6420079457523116e-08,2.66,1.0640000000003056,0.0108
b22_C,_13724_,XNOR2,0,0,2,1,37,3,2,0.0,2.66,1.0640000000003056,0.0108
b22_C,_13725_,AOI22,0,0,4,1,38,2,1,-5.531043593154372e-05,2.394,1.0640000000003056,0.0108
b22_C,_13726_,NAND2,0,0,2,1,7,5,4,-8.718626156589693e-07,1.33,0.5320000000010623,0.0108
b22_C,_13727_,OAI21,0,1,3,1,35,5,4,-8.599735799474928e-06,1.862,0.7980000000006839,0.0108
b22_C,_13728_,NAND2,0,1,2,1,36,4,3,-2.4306472921065136e-06,1.33,0.5320000000010623,0.0108
b22_C,_13729_,XNOR2,0,0,2,1,8,4,3,7.529722587662491e-07,2.66,1.0640000000003056,0.0108
b22_C,_13730_,XNOR2,0,1,2,1,37,3,2,-5.825627477085149e-06,2.66,1.0640000000003056,0.0108
b22_C,_13731_,AOI222,0,1,6,1,38,2,1,-7.66182298561624e-06,3.724,1.5960000000013679,0.0108
b22_C,_13732_,NAND2,0,1,2,0,39,1,0,-1.6248348745140362e-05,1.33,0.5320000000010623,0.0108
b22_C,_13733_,AOI21,0,0,3,2,10,10,244,-1.5455746367409873e-05,1.862,0.7980000000006839,0.0108
b22_C,_13734_,NOR2,0,1,2,1,11,10,155,-1.936591809803545e-05,1.33,0.5320000000010623,0.0108
b22_C,_13735_,NAND3,0,1,3,4,12,9,154,-0.00039919418758271874,1.862,0.7980000000006839,0.0108
b22_C,_13736_,AND2,0,1,2,1,13,8,128,9.379128136366432e-07,1.33,0.26599999999962165,0.0108
b22_C,_13737_,BUF,0,1,1,9,14,7,127,2.2919418758204912e-05,1.064,0.26599999999962165,0.0108
b22_C,_13738_,BUF,0,1,1,10,15,6,92,2.561426684266621e-05,1.064,0.26599999999962165,0.0108
b22_C,_13739_,NAND2,0,0,2,2,8,7,98,-1.8612945839047157e-05,1.33,0.5320000000010623,0.0108
b22_C,_13740_,BUF,0,0,1,10,9,6,88,2.483487450355426e-06,1.064,0.26599999999962165,0.0108
b22_C,_13741_,AOI21,0,0,3,1,10,5,12,-1.281373844141953e-06,1.862,0.7980000000006839,0.0108
b22_C,_13742_,NAND2,0,0,2,3,12,4,11,3.9630118875422227e-07,1.33,0.5320000000010623,0.0108
b22_C,_13743_,NOR2,0,0,2,2,16,3,4,-6.816380449414794e-06,1.33,0.5320000000010623,0.0108
b22_C,_13744_,NOR3,0,0,3,4,10,25,264,-1.228533685670996e-06,1.862,0.7980000000006839,0.0108
b22_C,_13745_,AND3,0,0,3,3,11,24,247,-3.6988110974078836e-07,1.596,0.26599999999962165,0.0108
b22_C,_13746_,NAND2,0,0,2,3,14,23,231,-3.963011896424007e-08,1.33,0.5320000000010623,0.0108
b22_C,_13747_,NOR3,0,0,3,3,15,22,221,-3.335535006621093e-05,1.862,0.7980000000006839,0.0108
b22_C,_13748_,NAND2,0,0,2,3,16,21,206,0.0,1.33,0.5320000000010623,0.0108
b22_C,_13749_,NOR3,0,0,3,2,17,20,188,-2.6420079457523116e-08,1.862,0.7980000000006839,0.0108
b22_C,_13750_,NAND2,0,0,2,3,18,19,179,0.0,1.33,0.5320000000010623,0.0108
b22_C,_13751_,NOR3,0,0,3,2,19,18,163,-1.1188903566772268e-05,1.862,0.7980000000006839,0.0108
b22_C,_13752_,NAND2,0,0,2,2,20,17,154,0.0,1.33,0.5320000000010623,0.0108
b22_C,_13753_,NOR2,0,0,2,2,21,16,145,0.0,1.33,0.5320000000010623,0.0108
b22_C,_13754_,AND2,0,0,2,2,22,15,136,-1.3210039728761558e-08,1.33,0.26599999999962165,0.0108
b22_C,_13755_,NAND2,0,0,2,3,23,14,127,-2.311756935435838e-06,1.33,0.5320000000010623,0.0108
b22_C,_13756_,NOR3,0,0,3,2,24,13,109,-3.963011896424007e-08,1.862,0.7980000000006839,0.0108
b22_C,_13757_,NAND2,0,0,2,2,25,12,99,-4.214002642166648e-06,1.33,0.5320000000010623,0.0108
b22_C,_13758_,OR2,0,0,2,2,26,11,91,0.0,1.33,0.26599999999962165,0.0108
b22_C,_13759_,NOR2,0,0,2,3,27,10,81,-2.6420079457523116e-08,1.33,0.5320000000010623,0.0108
b22_C,_13760_,NAND3,0,0,3,2,28,9,61,0.0,1.862,0.7980000000006839,0.0108
b22_C,_13761_,NOR2,0,0,2,3,29,8,51,0.0,1.33,0.5320000000010623,0.0108
b22_C,_13762_,NAND3,0,0,3,2,30,7,33,0.0,1.862,0.7980000000006839,0.0108
b22_C,_13763_,NOR2,0,6,2,3,31,6,23,0.00010138705416107285,1.33,0.5320000000010623,0.0108
b22_C,_13764_,NAND3,0,3,3,1,32,5,7,-6.89167767504717e-05,1.862,0.7980000000006839,0.0108
b22_C,_13765_,XOR2,0,3,2,2,33,4,6,-2.545574636725334e-05,2.394,0.7980000000006839,0.0108
b22_C,_13766_,NAND2,0,0,2,4,8,7,82,-2.6420079457523116e-08,1.33,0.5320000000010623,0.0108
b22_C,_13767_,NOR2,0,0,2,3,13,6,29,-6.261558784803611e-06,1.33,0.5320000000010623,0.0108
b22_C,_13768_,BUF,0,0,1,10,14,5,22,0.0,1.064,0.26599999999962165,0.0108
b22_C,_13769_,NOR2,0,0,2,4,15,6,38,-6.433289299945244e-06,1.33,0.5320000000010623,0.0108
b22_C,_13770_,BUF,0,0,1,10,16,5,26,1.0832232495427974e-06,1.064,0.26599999999962165,0.0108
b22_C,_13771_,AOI221,0,1,5,1,34,2,1,-9.088507265886392e-06,2.926,1.3300000000017462,0.0108
b22_C,_13772_,NAND2,0,0,2,7,13,6,69,-7.384412153310649e-06,1.33,0.5320000000010623,0.0108
b22_C,_13773_,BUF,0,0,1,10,14,3,17,1.3210039506716953e-08,1.064,0.26599999999962165,0.0108
b22_C,_13774_,INV,0,0,1,1,1,2,1,0.0,0.798,0.26599999999962165,0.0108
b22_C,_13775_,OAI21,0,1,3,0,35,1,0,-1.4663143989679384e-05,1.862,0.7980000000006839,0.0108
b22_C,_13776_,BUF,0,0,1,10,16,5,31,1.783355350060134e-06,1.064,0.26599999999962165,0.0108
b22_C,_13777_,AOI221,0,0,5,1,30,2,1,-1.9815059446592898e-06,2.926,1.3300000000017462,0.0108
b22_C,_13778_,NAND2,0,3,2,1,32,4,5,-6.250990752976193e-05,1.33,0.5320000000010623,0.0108
b22_C,_13779_,XNOR2,0,3,2,2,33,3,4,2.351387053955989e-06,2.66,1.0640000000003056,0.0108
b22_C,_13780_,OR2,0,0,2,6,13,5,43,-3.1704095113660458e-06,1.33,0.26599999999962165,0.0108
b22_C,_13781_,BUF,0,0,1,10,14,4,27,3.302509905545037e-07,1.064,0.26599999999962165,0.0108
b22_C,_13782_,OAI21,0,1,3,0,34,1,0,-2.960369881122027e-05,1.862,0.7980000000006839,0.0108
b22_C,_13783_,NOR2,0,0,2,1,18,5,4,0.0,1.33,0.5320000000010623,0.0108
b22_C,_13784_,NOR2,0,0,2,7,15,5,26,-7.384412153310649e-06,1.33,0.5320000000010623,0.0108
b22_C,_13785_,AOI221,0,0,5,1,20,4,3,-5.7463672393787135e-06,2.926,1.3300000000017462,0.0108
b22_C,_13786_,XNOR2,0,0,2,2,31,5,8,-2.6578599735982422e-05,2.66,1.0640000000003056,0.0108
b22_C,_13787_,NAND2,0,0,2,7,14,5,48,0.0,1.33,0.5320000000010623,0.0108
b22_C,_13788_,CLKBUF,0,0,1,10,15,4,29,0.0,1.064,0.26599999999962165,0.0108
b22_C,_13789_,OAI221,0,0,5,1,32,3,2,-3.566710702340714e-07,2.926,1.3300000000017462,0.0108
b22_C,_13790_,NAND2,0,0,2,3,8,5,53,-1.3210039950806163e-08,1.33,0.5320000000010623,0.0108
b22_C,_13791_,NOR2,0,0,2,4,15,4,27,-5.9709379127692586e-06,1.33,0.5320000000010623,0.0108
b22_C,_13792_,BUF,0,0,1,10,16,3,20,7.529722587662491e-07,1.064,0.26599999999962165,0.0108
b22_C,_13793_,AND2,0,0,2,1,27,9,32,0.0,1.33,0.26599999999962165,0.0108
b22_C,_13794_,NAND2,0,0,2,1,26,10,40,-3.4610303834003986e-06,1.33,0.5320000000010623,0.0108
b22_C,_13795_,INV,0,0,1,2,25,13,60,0.0,0.798,0.26599999999962165,0.0108
b22_C,_13796_,NOR2,0,0,2,1,23,14,68,-2.6420079457523116e-08,1.33,0.5320000000010623,0.0108
b22_C,_13797_,OR2,0,0,2,1,22,15,78,0.0,1.33,0.26599999999962165,0.0108
b22_C,_13798_,NOR2,0,0,2,2,21,17,97,-2.2853368562003595e-06,1.33,0.5320000000010623,0.0108
b22_C,_13799_,NAND2,0,0,2,1,21,17,88,-3.553500660613551e-06,1.33,0.5320000000010623,0.0108
b22_C,_13800_,NOR2,0,0,2,1,20,18,105,0.0,1.33,0.5320000000010623,0.0108
b22_C,_13801_,NOR2,0,0,2,2,20,19,118,-1.4531043612819872e-07,1.33,0.5320000000010623,0.0108
b22_C,_13802_,INV,0,0,1,3,12,22,160,0.0,0.798,0.26599999999962165,0.0108
b22_C,_13803_,NOR2,0,0,2,1,18,20,127,-1.2668428005291332e-05,1.33,0.5320000000010623,0.0108
b22_C,_13804_,NOR2,0,0,2,1,9,20,127,-1.0568031716395865e-07,1.33,0.5320000000010623,0.0108
b22_C,_13805_,NOR2,0,0,2,1,19,20,127,0.0,1.33,0.5320000000010623,0.0108
b22_C,_13806_,NOR2,0,0,2,2,19,20,139,-4.834874504755504e-06,1.33,0.5320000000010623,0.0108
b22_C,_13807_,NOR2,0,0,2,2,18,21,149,0.0,1.33,0.5320000000010623,0.0108
b22_C,_13808_,NAND2,0,0,2,1,17,22,161,-1.307793923399636e-05,1.33,0.5320000000010623,0.0108
b22_C,_13809_,NAND2,0,0,2,2,16,23,171,0.0,1.33,0.5320000000010623,0.0108
b22_C,_13810_,NOR2,0,0,2,1,16,24,182,-3.963011896424007e-08,1.33,0.5320000000010623,0.0108
b22_C,_13811_,NAND2,0,0,2,1,16,24,182,-3.963011896424007e-08,1.33,0.5320000000010623,0.0108
b22_C,_13812_,NOR2,0,0,2,2,14,25,201,-6.9352708060854695e-06,1.33,0.5320000000010623,0.0108
b22_C,_13813_,AND2,0,0,2,1,15,25,191,0.0,1.33,0.26599999999962165,0.0108
b22_C,_13814_,NOR2,0,0,2,2,15,26,212,-3.963011896424007e-08,1.33,0.5320000000010623,0.0108
b22_C,_13815_,NAND2,0,0,2,2,15,26,212,0.0,1.33,0.5320000000010623,0.0108
b22_C,_13816_,NOR2,0,0,2,2,12,28,232,-7.926023792848014e-08,1.33,0.5320000000010623,0.0108
b22_C,_13817_,AOI21,0,0,3,2,12,29,244,0.0,1.862,0.7980000000006839,0.0108
b22_C,_13818_,NOR2,0,0,2,2,7,30,320,-7.88639365922883e-06,1.33,0.5320000000010623,0.0108
b22_C,_13819_,AOI21,0,1,3,2,9,31,322,-0.00019110964332913483,1.862,0.7980000000006839,0.0108
b22_C,_13820_,NOR2,0,0,2,2,10,30,320,-0.0004508190224572495,1.33,0.5320000000010623,0.0108
b22_C,_13821_,NOR3,0,0,3,1,10,30,253,-2.642007923547851e-08,1.862,0.7980000000006839,0.0108
b22_C,_13822_,NOR2,0,0,2,2,10,30,263,-4.75561426904747e-07,1.33,0.5320000000010623,0.0108
b22_C,_13823_,NAND2,0,0,2,4,7,32,354,-0.0004177542932630729,1.33,0.5320000000010623,0.0108
b22_C,_13824_,NAND3,0,0,3,4,8,32,354,-6.974900924827665e-06,1.862,0.7980000000006839,0.0108
b22_C,_13825_,AOI21,0,0,3,1,9,31,264,0.0,1.862,0.7980000000006839,0.0108
b22_C,_13826_,NAND3,0,0,3,2,9,31,277,0.0,1.862,0.7980000000006839,0.0108
b22_C,_13827_,NOR3,0,50,3,1,8,32,288,-0.00037751651254969154,1.862,0.7980000000006839,0.0108
b22_C,_13829_,AOI221,0,57,5,2,10,30,263,-0.00045812417437263164,2.926,1.3300000000017462,0.0108
b22_C,_13831_,NAND3,0,0,3,2,12,29,244,0.0,1.862,0.7980000000006839,0.0108
b22_C,_13832_,AOI221,0,53,5,2,13,28,232,-0.000458005284016183,2.926,1.3300000000017462,0.0108
b22_C,_13833_,OAI22,0,51,4,1,14,27,221,-0.0003539894319684045,2.394,1.0640000000003056,0.0108
b22_C,_13834_,OAI21,0,51,3,3,15,26,220,-5.948480845474613e-05,1.862,0.7980000000006839,0.0108
b22_C,_13835_,AOI221,0,48,5,2,16,25,201,0.0004461162483484493,2.926,1.3300000000017462,0.0108
b22_C,_13837_,AOI21,0,45,3,3,18,23,181,0.00036804491413455764,1.862,0.7980000000006839,0.0108
b22_C,_13838_,NOR2,0,0,2,2,16,23,171,0.0,1.33,0.5320000000010623,0.0108
b22_C,_13839_,OAI221,0,42,5,1,19,22,161,-0.0005455085865258003,2.926,1.3300000000017462,0.0108
b22_C,_13840_,AND2,0,42,2,3,20,21,160,0.00023331571994722466,1.33,0.26599999999962165,0.0108
b22_C,_13841_,NAND2,0,0,2,2,18,21,149,0.0,1.33,0.5320000000010623,0.0108
b22_C,_13842_,AOI221,0,39,5,2,21,20,139,0.00024680317040948196,2.926,1.3300000000017462,0.0108
b22_C,_13844_,NAND2,0,0,2,2,20,19,118,-1.4531043612819872e-07,1.33,0.5320000000010623,0.0108
b22_C,_13845_,AOI221,0,30,5,1,23,18,105,-0.000263989431968481,2.926,1.3300000000017462,0.0108
b22_C,_13846_,OR2,0,30,2,3,24,17,104,0.0001413210039626911,1.33,0.26599999999962165,0.0108
b22_C,_13847_,AOI221,0,24,5,1,25,16,87,-5.8348745046288286e-05,2.926,1.3300000000017462,0.0108
b22_C,_13848_,AOI21,0,24,3,2,26,15,86,-2.9867899604019144e-05,1.862,0.7980000000006839,0.0108
b22_C,_13849_,AND2,0,0,2,1,22,15,78,0.0,1.33,0.26599999999962165,0.0108
b22_C,_13850_,OAI21,0,24,3,2,27,14,77,4.022457067365259e-05,1.862,0.7980000000006839,0.0108
b22_C,_13851_,NAND2,0,0,2,1,23,14,68,-2.6420079457523116e-08,1.33,0.5320000000010623,0.0108
b22_C,_13852_,AOI21,0,21,3,3,28,13,67,0.00010354029062087378,1.862,0.7980000000006839,0.0108
b22_C,_13853_,OAI221,0,15,5,1,29,12,51,-0.00014524438573326748,2.926,1.3300000000017462,0.0108
b22_C,_13854_,OAI21,0,15,3,2,30,11,50,-3.286657860002151e-05,1.862,0.7980000000006839,0.0108
b22_C,_13855_,OAI21,0,12,3,1,31,10,40,-6.046235138734701e-05,1.862,0.7980000000006839,0.0108
b22_C,_13856_,AND2,0,12,2,2,32,9,39,6.783355350070686e-05,1.33,0.26599999999962165,0.0108
b22_C,_13857_,OR2,0,0,2,1,26,9,32,0.0,1.33,0.26599999999962165,0.0108
b22_C,_13858_,AOI21,0,9,3,2,33,8,31,4.161162483473646e-05,1.862,0.7980000000006839,0.0108
b22_C,_13859_,AOI21,0,6,3,1,34,7,19,-7.215323645981542e-05,1.862,0.7980000000006839,0.0108
b22_C,_13860_,AOI21,0,6,3,2,35,6,18,4.307793923374881e-05,1.862,0.7980000000006839,0.0108
b22_C,_13861_,XNOR2,0,3,2,3,36,4,7,-8.661822985489565e-05,2.66,1.0640000000003056,0.0108
b22_C,_13862_,AOI21,0,0,3,1,37,2,1,-1.906208718649438e-05,1.862,0.7980000000006839,0.0108
b22_C,_13863_,AOI21,0,0,3,3,9,7,83,1.6512549536606969e-06,1.862,0.7980000000006839,0.0108
b22_C,_13864_,CLKBUF,0,0,1,10,10,6,68,8.573315720017405e-06,1.064,0.26599999999962165,0.0108
b22_C,_13865_,NOR2,0,0,2,1,27,7,16,0.0,1.33,0.5320000000010623,0.0108
b22_C,_13866_,INV,0,0,1,3,27,9,31,0.0,0.798,0.26599999999962165,0.0108
b22_C,_13867_,NAND2,0,0,2,1,28,8,25,0.0,1.33,0.5320000000010623,0.0108
b22_C,_13868_,INV,0,0,1,2,26,10,34,0.0,0.798,0.26599999999962165,0.0108
b22_C,_13869_,NOR2,0,0,2,1,27,9,32,-3.659180977555465e-06,1.33,0.5320000000010623,0.0108
b22_C,_13870_,NAND2,0,0,2,1,25,10,39,-7.5429326289455645e-06,1.33,0.5320000000010623,0.0108
b22_C,_13871_,NOR2,0,0,2,1,24,13,54,0.0,1.33,0.5320000000010623,0.0108
b22_C,_13872_,NAND2,0,0,2,1,23,14,62,0.0,1.33,0.5320000000010623,0.0108
b22_C,_13873_,NOR2,0,0,2,1,23,15,70,-5.402906208873404e-06,1.33,0.5320000000010623,0.0108
b22_C,_13874_,NOR2,0,0,2,1,20,18,86,0.0,1.33,0.5320000000010623,0.0108
b22_C,_13875_,NAND2,0,0,2,1,20,18,86,0.0,1.33,0.5320000000010623,0.0108
b22_C,_13876_,NAND2,0,0,2,1,20,21,104,-1.5852047563491567e-07,1.33,0.5320000000010623,0.0108
b22_C,_13877_,NOR2,0,0,2,1,18,22,113,0.0,1.33,0.5320000000010623,0.0108
b22_C,_13878_,NOR2,0,0,2,2,18,22,122,0.0,1.33,0.5320000000010623,0.0108
b22_C,_13879_,NOR2,0,0,2,2,17,23,131,-1.3645970937892216e-05,1.33,0.5320000000010623,0.0108
b22_C,_13880_,NOR2,0,0,2,1,16,24,139,0.0,1.33,0.5320000000010623,0.0108
b22_C,_13881_,NAND2,0,0,2,1,16,24,139,0.0,1.33,0.5320000000010623,0.0108
b22_C,_13882_,AND2,0,1,2,2,14,26,150,1.0964332890495143e-06,1.33,0.26599999999962165,0.0108
b22_C,_13883_,AND2,0,0,2,1,15,25,148,-2.126816380565444e-06,1.33,0.26599999999962165,0.0108
b22_C,_13884_,AND2,0,0,2,1,9,25,148,-3.4478203434495924e-06,1.33,0.26599999999962165,0.0108
b22_C,_13885_,AOI21,0,0,3,1,15,25,148,-3.963011896424007e-08,1.862,0.7980000000006839,0.0108
b22_C,_13886_,NOR2,0,0,2,2,15,25,157,-8.586525761522523e-07,1.33,0.5320000000010623,0.0108
b22_C,_13887_,NOR2,0,0,2,2,14,26,167,-1.3210039950806163e-08,1.33,0.5320000000010623,0.0108
b22_C,_13888_,NAND2,0,0,2,2,14,26,167,-1.3210039950806163e-08,1.33,0.5320000000010623,0.0108
b22_C,_13889_,NOR2,0,0,2,2,13,27,184,0.0,1.33,0.5320000000010623,0.0108
b22_C,_13890_,AOI21,0,0,3,1,14,27,175,-3.963011896424007e-08,1.862,0.7980000000006839,0.0108
b22_C,_13891_,NOR2,0,0,2,2,13,28,193,0.0,1.33,0.5320000000010623,0.0108
b22_C,_13892_,AOI21,0,0,3,2,12,29,203,0.0,1.862,0.7980000000006839,0.0108
b22_C,_13893_,NAND3,0,0,3,2,12,29,203,0.0,1.862,0.7980000000006839,0.0108
b22_C,_13894_,NOR3,0,0,3,1,10,30,213,0.0,1.862,0.7980000000006839,0.0108
b22_C,_13895_,NOR2,0,0,2,2,10,30,223,0.0,1.33,0.5320000000010623,0.0108
b22_C,_13896_,AOI21,0,0,3,2,9,31,235,-1.3077939233774316e-06,1.862,0.7980000000006839,0.0108
b22_C,_13897_,NAND3,0,0,3,2,9,31,235,-1.228533685670996e-06,1.862,0.7980000000006839,0.0108
b22_C,_13898_,NOR3,0,8,3,2,8,32,247,-0.0004527212681639803,1.862,0.7980000000006839,0.0108
b22_C,_13900_,AOI221,0,17,5,2,10,30,223,-9.42932628800186e-05,2.926,1.3300000000017462,0.0108
b22_C,_13902_,AOI221,0,15,5,2,13,28,193,-8.433289299891733e-05,2.926,1.3300000000017462,0.0108
b22_C,_13903_,AOI211,0,15,4,2,14,27,184,-7.281373844136851e-05,2.394,1.0640000000003056,0.0108
b22_C,_13905_,AOI221,0,12,5,2,16,25,157,-5.328929986792019e-05,2.926,1.3300000000017462,0.0108
b22_C,_13907_,AOI21,0,9,3,4,18,23,138,-3.7767503302532646e-05,1.862,0.7980000000006839,0.0108
b22_C,_13908_,NAND2,0,0,2,2,17,23,131,-1.2575957727856135e-05,1.33,0.5320000000010623,0.0108
b22_C,_13909_,AOI221,0,6,5,2,19,22,122,-9.682959049017725e-06,2.926,1.3300000000017462,0.0108
b22_C,_13911_,NOR2,0,0,2,1,19,21,104,0.0,1.33,0.5320000000010623,0.0108
b22_C,_13912_,OAI21,0,3,3,2,21,20,103,-5.099075297332334e-06,1.862,0.7980000000006839,0.0108
b22_C,_13913_,OAI21,0,3,3,1,22,19,95,-2.527080581260499e-05,1.862,0.7980000000006839,0.0108
b22_C,_13914_,OAI21,0,3,3,2,23,18,94,3.4081902244853524e-06,1.862,0.7980000000006839,0.0108
b22_C,_13915_,AOI21,0,3,3,2,24,17,85,-4.6235138695394085e-07,1.862,0.7980000000006839,0.0108
b22_C,_13916_,AOI21,0,3,3,1,25,16,77,-2.828269484833612e-05,1.862,0.7980000000006839,0.0108
b22_C,_13917_,AOI21,0,3,3,2,26,15,76,-2.0171730515272657e-05,1.862,0.7980000000006839,0.0108
b22_C,_13918_,NAND2,0,0,2,1,23,15,70,-5.68031704095695e-06,1.33,0.5320000000010623,0.0108
b22_C,_13919_,AOI21,0,3,3,2,27,14,69,-4.636723910378393e-06,1.862,0.7980000000006839,0.0108
b22_C,_13920_,NOR2,0,0,2,1,23,14,62,0.0,1.33,0.5320000000010623,0.0108
b22_C,_13921_,OAI21,0,0,3,2,28,13,61,-3.491413474243643e-05,1.862,0.7980000000006839,0.0108
b22_C,_13922_,NAND2,0,0,2,1,24,13,54,0.0,1.33,0.5320000000010623,0.0108
b22_C,_13923_,AOI21,0,0,3,2,29,12,53,0.0,1.862,0.7980000000006839,0.0108
b22_C,_13924_,OAI21,0,0,3,1,30,11,46,0.0,1.862,0.7980000000006839,0.0108
b22_C,_13925_,OAI21,0,0,3,2,31,10,45,0.0,1.862,0.7980000000006839,0.0108
b22_C,_13926_,NOR2,0,0,2,1,25,10,39,-8.1902245707699e-06,1.33,0.5320000000010623,0.0108
b22_C,_13927_,OAI21,0,0,3,2,32,9,38,0.0,1.862,0.7980000000006839,0.0108
b22_C,_13928_,NAND2,0,0,2,1,27,9,32,0.0,1.33,0.5320000000010623,0.0108
b22_C,_13929_,AOI21,0,0,3,2,33,8,31,0.0,1.862,0.7980000000006839,0.0108
b22_C,_13930_,NOR2,0,0,2,1,28,8,25,0.0,1.33,0.5320000000010623,0.0108
b22_C,_13931_,OAI21,0,0,3,2,34,7,24,0.0,1.862,0.7980000000006839,0.0108
b22_C,_13932_,NAND2,0,0,2,1,27,7,16,0.0,1.33,0.5320000000010623,0.0108
b22_C,_13933_,AOI21,0,0,3,2,35,6,15,0.0,1.862,0.7980000000006839,0.0108
b22_C,_13934_,XNOR2,0,0,2,1,36,5,6,-2.417437252377752e-06,2.66,1.0640000000003056,0.0108
b22_C,_13935_,NOR2,0,0,2,1,37,4,5,-2.3381770146713166e-06,1.33,0.5320000000010623,0.0108
b22_C,_13936_,NAND3,0,0,3,2,8,8,202,0.0,1.862,0.7980000000006839,0.0108
b22_C,_13937_,NAND2,0,0,2,2,8,8,202,0.0,1.33,0.5320000000010623,0.0108
b22_C,_13938_,NAND2,0,0,2,5,9,7,96,0.0,1.33,0.5320000000010623,0.0108
b22_C,_13939_,BUF,0,0,1,10,10,6,63,0.0,1.064,0.26599999999962165,0.0108
b22_C,_13940_,NOR2,0,0,2,8,8,6,110,-6.605019819971858e-08,1.33,0.5320000000010623,0.0108
b22_C,_13941_,CLKBUF,0,0,1,10,9,5,63,6.47291941824335e-07,1.064,0.26599999999962165,0.0108
b22_C,_13942_,AOI221,0,3,5,2,38,3,4,3.721268163792146e-05,2.926,1.3300000000017462,0.0108
b22_C,_13943_,BUF,0,1,1,10,16,4,39,3.215323645955337e-05,1.064,0.26599999999962165,0.0108
b22_C,_13944_,BUF,0,0,1,10,17,2,10,-3.870541611661338e-06,1.064,0.26599999999962165,0.0108
b22_C,_13945_,OAI21,0,1,3,0,39,1,0,-4.722589167771574e-05,1.862,0.7980000000006839,0.0108
b22_C,_13946_,XOR2,0,3,2,3,34,6,10,-0.00011192866578602079,2.394,0.7980000000006839,0.0108
b22_C,_13947_,NAND2,0,0,2,1,35,2,1,-1.5812417437199855e-05,1.33,0.5320000000010623,0.0108
b22_C,_13948_,AOI222,0,0,6,1,20,4,3,-0.0001431307793924308,3.724,1.5960000000013679,0.0108
b22_C,_13949_,OAI21,0,0,3,1,27,3,2,0.0,1.862,0.7980000000006839,0.0108
b22_C,_13950_,NAND2,0,0,2,1,30,5,7,0.0,1.33,0.5320000000010623,0.0108
b22_C,_13951_,XNOR2,0,0,2,2,31,4,6,0.0,2.66,1.0640000000003056,0.0108
b22_C,_13952_,NAND2,0,3,2,1,35,5,7,-4.451783355507999e-06,1.33,0.5320000000010623,0.0108
b22_C,_13953_,XNOR2,0,0,2,1,35,5,7,-3.210039630330286e-06,2.66,1.0640000000003056,0.0108
b22_C,_13954_,NAND2,0,0,2,3,8,6,81,-1.8612945839047157e-05,1.33,0.5320000000010623,0.0108
b22_C,_13955_,CLKBUF,0,0,1,10,9,5,65,2.191545574636855e-05,1.064,0.26599999999962165,0.0108
b22_C,_13956_,OAI221,0,3,5,2,36,4,6,-1.3751651255278219e-05,2.926,1.3300000000017462,0.0108
b22_C,_13957_,AOI221,0,1,5,1,37,2,1,-1.3936591809926568e-05,2.926,1.3300000000017462,0.0108
b22_C,_13958_,NAND2,0,1,2,0,38,1,0,-1.6169088507433926e-05,1.33,0.5320000000010623,0.0108
b22_C,_13959_,AOI22,0,0,4,1,21,4,3,-6.750330250993031e-06,2.394,1.0640000000003056,0.0108
b22_C,_13960_,XNOR2,0,0,2,2,30,5,8,0.0,2.66,1.0640000000003056,0.0108
b22_C,_13961_,OAI221,0,0,5,1,31,3,2,-3.566710702340714e-07,2.926,1.3300000000017462,0.0108
b22_C,_13962_,BUF,0,6,1,10,14,4,21,0.0001421268163803724,1.064,0.26599999999962165,0.0108
b22_C,_13963_,AOI21,0,0,3,1,32,2,1,-3.615587846783619e-05,1.862,0.7980000000006839,0.0108
b22_C,_13964_,XOR2,0,3,2,3,33,5,6,-3.523117569370626e-05,2.394,0.7980000000006839,0.0108
b22_C,_13965_,OR2,0,0,2,7,16,4,21,-3.0250990754598917e-06,1.33,0.26599999999962165,0.0108
b22_C,_13966_,BUF,0,0,1,10,17,2,10,0.0,1.064,0.26599999999962165,0.0108
b22_C,_13967_,AND2,0,0,2,7,9,6,104,2.6420079013433906e-08,1.33,0.26599999999962165,0.0108
b22_C,_13968_,NOR2,0,3,2,1,34,4,5,-2.8203434610629685e-05,1.33,0.5320000000010623,0.0108
b22_C,_13969_,XNOR2,0,0,2,1,34,4,5,0.0,2.66,1.0640000000003056,0.0108
b22_C,_13970_,OAI22,0,0,4,9,8,7,117,-2.6420079457523116e-08,2.394,1.0640000000003056,0.0108
b22_C,_13971_,AOI221,0,3,5,2,35,3,4,3.636723910149797e-05,2.926,1.3300000000017462,0.0108
b22_C,_13972_,OAI221,0,1,5,0,36,1,0,-9.97357992076342e-05,2.926,1.3300000000017462,0.0108
b22_C,_13973_,NOR3,0,0,3,1,20,5,4,-8.203434610498661e-06,1.862,0.7980000000006839,0.0108
b22_C,_13974_,AOI221,0,0,5,1,26,4,3,-3.820343461047315e-05,2.926,1.3300000000017462,0.0108
b22_C,_13975_,XNOR2,0,0,2,2,29,5,8,0.0,2.66,1.0640000000003056,0.0108
b22_C,_13976_,OAI21,0,0,3,1,30,3,2,-4.0951122870502843e-07,1.862,0.7980000000006839,0.0108
b22_C,_13977_,BUF,0,1,1,10,17,3,15,1.6446499339517473e-05,1.064,0.26599999999962165,0.0108
b22_C,_13978_,AOI21,0,0,3,1,31,2,1,-5.363276089909164e-06,1.862,0.7980000000006839,0.0108
b22_C,_13979_,XNOR2,0,3,2,3,31,5,8,-9.085865257607573e-05,2.66,1.0640000000003056,0.0108
b22_C,_13980_,BUF,0,0,1,10,10,5,62,9.775429326230878e-06,1.064,0.26599999999962165,0.0108
b22_C,_13981_,OAI22,0,1,4,1,32,4,5,-5.187582562782289e-05,2.394,1.0640000000003056,0.0108
b22_C,_13982_,XOR2,0,0,2,1,33,4,5,-2.7265521796770997e-05,2.394,0.7980000000006839,0.0108
b22_C,_13983_,BUF,0,0,1,10,9,5,62,3.038309113190252e-07,1.064,0.26599999999962165,0.0108
b22_C,_13984_,AOI21,0,1,3,2,34,3,4,9.471598414689808e-06,1.862,0.7980000000006839,0.0108
b22_C,_13985_,OAI221,0,1,5,0,35,1,0,-5.7701453104685996e-05,2.926,1.3300000000017462,0.0108
b22_C,_13986_,NAND2,0,0,2,1,28,6,9,0.0,1.33,0.5320000000010623,0.0108
b22_C,_13987_,XNOR2,0,0,2,2,29,5,8,0.0,2.66,1.0640000000003056,0.0108
b22_C,_13988_,NAND2,0,0,2,1,30,4,3,0.0,1.33,0.5320000000010623,0.0108
b22_C,_13989_,AOI222,0,0,6,1,25,4,3,-1.7833553502821786e-06,3.724,1.5960000000013679,0.0108
b22_C,_13990_,OAI211,0,0,4,1,31,3,2,0.0,2.394,1.0640000000003056,0.0108
b22_C,_13991_,INV,0,0,1,1,32,2,1,0.0,0.798,0.26599999999962165,0.0108
b22_C,_13992_,OAI21,0,3,3,1,29,6,7,-0.00021453104359325792,1.862,0.7980000000006839,0.0108
b22_C,_13993_,XNOR2,0,3,2,3,30,5,6,-4.5178335537077174e-06,2.66,1.0640000000003056,0.0108
b22_C,_13994_,OAI22,0,3,4,1,31,4,5,-3.9022457067661165e-05,2.394,1.0640000000003056,0.0108
b22_C,_13995_,XOR2,0,0,2,1,32,4,5,-1.7173051536367723e-07,2.394,0.7980000000006839,0.0108
b22_C,_13996_,AOI21,0,3,3,2,33,3,4,2.500660501958407e-05,1.862,0.7980000000006839,0.0108
b22_C,_13997_,OAI221,0,1,5,0,34,1,0,-8.575957727896544e-05,2.926,1.3300000000017462,0.0108
b22_C,_13998_,AOI22,0,0,4,1,19,4,3,-3.988110964359137e-05,2.394,1.0640000000003056,0.0108
b22_C,_13999_,XNOR2,0,0,2,2,28,5,8,0.0,2.66,1.0640000000003056,0.0108
b22_C,_14000_,OAI221,0,0,5,1,29,3,2,-3.566710702340714e-07,2.926,1.3300000000017462,0.0108
b22_C,_14001_,AOI21,0,0,3,1,30,2,1,-7.093791281498341e-06,1.862,0.7980000000006839,0.0108
b22_C,_14002_,XNOR2,0,3,2,3,29,5,6,-0.00026064729194197334,2.66,1.0640000000003056,0.0108
b22_C,_14003_,NOR2,0,3,2,1,30,4,5,-1.1743725231161406e-05,1.33,0.5320000000010623,0.0108
b22_C,_14004_,XNOR2,0,0,2,1,30,4,5,-2.840158520367453e-06,2.66,1.0640000000003056,0.0108
b22_C,_14005_,AOI221,0,3,5,2,31,3,4,3.807133421385167e-05,2.926,1.3300000000017462,0.0108
b22_C,_14006_,OAI221,0,1,5,0,32,1,0,-8.746367239109709e-05,2.926,1.3300000000017462,0.0108
b22_C,_14007_,XNOR2,0,0,2,2,27,5,8,0.0,2.66,1.0640000000003056,0.0108
b22_C,_14008_,NAND2,0,0,2,1,28,4,3,0.0,1.33,0.5320000000010623,0.0108
b22_C,_14009_,OAI221,0,0,5,1,29,3,2,0.0,2.926,1.3300000000017462,0.0108
b22_C,_14010_,XNOR2,0,3,2,3,28,4,8,-0.0003324966974902477,2.66,1.0640000000003056,0.0108
b22_C,_14011_,AOI221,0,0,5,1,30,2,1,-1.853368560134072e-05,2.926,1.3300000000017462,0.0108
b22_C,_14012_,XOR2,0,0,2,1,29,4,6,-3.4029062087270745e-05,2.394,0.7980000000006839,0.0108
b22_C,_14013_,AOI222,0,3,6,2,30,3,5,2.3051519154382305e-05,3.724,1.5960000000013679,0.0108
b22_C,_14014_,NOR2,0,0,2,10,8,7,139,1.453104359061541e-07,1.33,0.5320000000010623,0.0108
b22_C,_14015_,BUF,0,0,1,10,9,6,90,-6.605019819971858e-08,1.064,0.26599999999962165,0.0108
b22_C,_14016_,BUF,0,0,1,10,10,5,39,0.0,1.064,0.26599999999962165,0.0108
b22_C,_14017_,NAND2,0,0,2,2,17,3,5,0.0,1.33,0.5320000000010623,0.0108
b22_C,_14018_,AND2,0,1,2,1,31,2,1,-2.1941875825826074e-05,1.33,0.26599999999962165,0.0108
b22_C,_14019_,OAI21,0,1,3,0,32,1,0,-4.980184940661658e-06,1.862,0.7980000000006839,0.0108
b22_C,_14020_,AOI222,0,0,6,1,23,4,3,-0.0001431307793924308,3.724,1.5960000000013679,0.0108
b22_C,_14021_,INV,0,0,1,1,24,3,2,0.0,0.798,0.26599999999962165,0.0108
b22_C,_14022_,XOR2,0,0,2,2,26,4,6,0.0,2.394,0.7980000000006839,0.0108
b22_C,_14023_,XOR2,0,0,2,3,27,4,7,-0.0003597754293265254,2.394,0.7980000000006839,0.0108
b22_C,_14024_,AOI221,0,0,5,1,28,2,1,-5.28401585375704e-07,2.926,1.3300000000017462,0.0108
b22_C,_14025_,XOR2,0,3,2,1,28,5,6,-6.602377807141124e-05,2.394,0.7980000000006839,0.0108
b22_C,_14026_,OAI22,0,3,4,1,29,4,5,-2.9986789960467775e-05,2.394,1.0640000000003056,0.0108
b22_C,_14027_,AOI221,0,3,5,2,30,3,4,2.922060766175072e-05,2.926,1.3300000000017462,0.0108
b22_C,_14028_,OAI21,0,1,3,0,31,1,0,-4.533685601071369e-05,1.862,0.7980000000006839,0.0108
b22_C,_14029_,NOR2,0,0,2,1,13,5,4,0.0,1.33,0.5320000000010623,0.0108
b22_C,_14030_,AOI21,0,0,3,1,17,4,3,-8.454425364234908e-07,1.862,0.7980000000006839,0.0108
b22_C,_14031_,XNOR2,0,0,2,2,25,5,8,-5.072655218096855e-06,2.66,1.0640000000003056,0.0108
b22_C,_14032_,OAI221,0,0,5,1,26,3,2,-4.68956406884935e-06,2.926,1.3300000000017462,0.0108
b22_C,_14033_,AOI21,0,0,3,1,27,2,1,0.0,1.862,0.7980000000006839,0.0108
b22_C,_14034_,NOR2,0,3,2,1,25,7,8,-0.00018122853368574,1.33,0.5320000000010623,0.0108
b22_C,_14035_,AOI21,0,3,3,1,26,6,7,1.8652575957567308e-05,1.862,0.7980000000006839,0.0108
b22_C,_14036_,XNOR2,0,3,2,3,27,5,6,-1.815059445187117e-05,2.66,1.0640000000003056,0.0108
b22_C,_14037_,NOR2,0,3,2,1,28,4,5,-1.1519154557548816e-05,1.33,0.5320000000010623,0.0108
b22_C,_14038_,XOR2,0,0,2,1,27,4,5,-7.657859973586589e-05,2.394,0.7980000000006839,0.0108
b22_C,_14039_,AOI221,0,3,5,2,29,3,4,3.7027741083273114e-05,2.926,1.3300000000017462,0.0108
b22_C,_14040_,OAI221,0,1,5,0,30,1,0,-8.72391017174845e-05,2.926,1.3300000000017462,0.0108
b22_C,_14041_,AOI22,0,0,4,1,16,4,3,-7.424042272274889e-06,2.394,1.0640000000003056,0.0108
b22_C,_14042_,NOR2,0,0,2,1,24,6,9,0.0,1.33,0.5320000000010623,0.0108
b22_C,_14043_,XNOR2,0,0,2,2,25,5,8,-3.408190224707397e-06,2.66,1.0640000000003056,0.0108
b22_C,_14044_,OAI221,0,0,5,1,26,3,2,-2.721268163918822e-06,2.926,1.3300000000017462,0.0108
b22_C,_14045_,AOI21,0,0,3,1,27,2,1,-3.615587846783619e-05,1.862,0.7980000000006839,0.0108
b22_C,_14046_,XNOR2,0,3,2,3,25,5,6,-0.0002095904887715605,2.66,1.0640000000003056,0.0108
b22_C,_14047_,XNOR2,0,0,2,1,25,5,6,-8.435931307793076e-05,2.66,1.0640000000003056,0.0108
b22_C,_14048_,OAI22,0,3,4,1,26,4,5,-1.3461030383243866e-05,2.394,1.0640000000003056,0.0108
b22_C,_14049_,AOI21,0,3,3,2,27,3,4,2.217965653894538e-05,1.862,0.7980000000006839,0.0108
b22_C,_14050_,OAI221,0,1,5,0,28,1,0,-7.068692206080307e-05,2.926,1.3300000000017462,0.0108
b22_C,_14051_,AOI21,0,3,3,1,23,7,11,-0.0003087054161163838,1.862,0.7980000000006839,0.0108
b22_C,_14052_,XNOR2,0,3,2,3,24,6,10,-3.210039630130446e-05,2.66,1.0640000000003056,0.0108
b22_C,_14053_,AOI22,0,3,4,1,25,5,7,-3.1704095113660458e-06,2.394,1.0640000000003056,0.0108
b22_C,_14054_,XNOR2,0,0,2,1,24,5,7,-4.365918097759547e-05,2.66,1.0640000000003056,0.0108
b22_C,_14055_,OAI221,0,3,5,2,26,4,6,-3.8414795244579025e-05,2.926,1.3300000000017462,0.0108
b22_C,_14056_,NAND2,0,1,2,1,27,2,1,-2.233817701480234e-05,1.33,0.5320000000010623,0.0108
b22_C,_14057_,NAND2,0,0,2,1,25,2,1,-1.94980184939908e-05,1.33,0.5320000000010623,0.0108
b22_C,_14058_,XNOR2,0,0,2,2,24,4,6,0.0,2.66,1.0640000000003056,0.0108
b22_C,_14059_,OAI22,0,0,4,1,25,3,2,-2.642007927988743e-07,2.394,1.0640000000003056,0.0108
b22_C,_14060_,AOI221,0,0,5,1,26,2,1,-1.9815059446592898e-06,2.926,1.3300000000017462,0.0108
b22_C,_14061_,NAND3,0,1,3,0,28,1,0,-4.438573315779237e-06,1.862,0.7980000000006839,0.0108
b22_C,_14062_,AOI22,0,0,4,1,16,4,3,-4.203434610317025e-05,2.394,1.0640000000003056,0.0108
b22_C,_14063_,OAI21,0,0,3,1,20,3,2,-2.774108322389779e-06,1.862,0.7980000000006839,0.0108
b22_C,_14064_,XNOR2,0,0,2,2,23,5,7,-1.4531043612819872e-07,2.66,1.0640000000003056,0.0108
b22_C,_14065_,AOI21,0,0,3,1,24,2,1,0.0,1.862,0.7980000000006839,0.0108
b22_C,_14066_,XNOR2,0,3,2,3,23,4,7,-0.000518665785997463,2.66,1.0640000000003056,0.0108
b22_C,_14067_,XNOR2,0,0,2,1,22,4,6,-0.00010339498018518967,2.66,1.0640000000003056,0.0108
b22_C,_14068_,OAI222,0,3,6,2,24,3,5,-4.109643328953361e-05,3.724,1.5960000000013679,0.0108
b22_C,_14069_,AOI21,0,1,3,1,25,2,1,-2.4742404227229287e-05,1.862,0.7980000000006839,0.0108
b22_C,_14070_,OAI221,0,1,5,0,26,1,0,-5.90752972260411e-05,2.926,1.3300000000017462,0.0108
b22_C,_14071_,AOI22,0,0,4,1,15,4,3,-0.0001365125495378372,2.394,1.0640000000003056,0.0108
b22_C,_14072_,OAI21,0,0,3,1,20,3,2,-1.3210039662148176e-07,1.862,0.7980000000006839,0.0108
b22_C,_14073_,OR2,0,3,2,1,22,6,11,-0.0003113870541613384,1.33,0.26599999999962165,0.0108
b22_C,_14074_,XNOR2,0,3,2,3,23,5,10,-4.227212682117454e-07,2.66,1.0640000000003056,0.0108
b22_C,_14075_,XOR2,0,0,2,2,22,5,7,-3.038309115410698e-07,2.394,0.7980000000006839,0.0108
b22_C,_14076_,AOI221,0,0,5,1,24,2,1,-2.099075297246067e-05,2.926,1.3300000000017462,0.0108
b22_C,_14077_,AOI22,0,1,4,1,24,4,6,-1.5072655217940323e-05,2.394,1.0640000000003056,0.0108
b22_C,_14078_,XNOR2,0,0,2,1,21,5,7,-0.00020468956406882732,2.66,1.0640000000003056,0.0108
b22_C,_14079_,AOI22,0,0,4,1,22,4,6,-2.9062087203435283e-07,2.394,1.0640000000003056,0.0108
b22_C,_14080_,NAND2,0,1,2,2,25,3,5,3.038309113190252e-07,1.33,0.5320000000010623,0.0108
b22_C,_14081_,INV,0,1,1,1,26,2,1,-3.513870541649311e-06,0.798,0.26599999999962165,0.0108
b22_C,_14082_,OAI21,0,1,3,0,27,1,0,-6.697490092744118e-06,1.862,0.7980000000006839,0.0108
b22_C,_14083_,NOR2,0,3,2,1,20,6,8,-0.00016058124174378463,1.33,0.5320000000010623,0.0108
b22_C,_14084_,XNOR2,0,3,2,1,21,5,7,-1.2826948480926248e-05,2.66,1.0640000000003056,0.0108
b22_C,_14085_,AOI22,0,3,4,1,22,4,6,5.680317038958549e-07,2.394,1.0640000000003056,0.0108
b22_C,_14086_,AOI21,0,0,3,1,21,5,8,-0.0001676882430647897,1.862,0.7980000000006839,0.0108
b22_C,_14087_,XOR2,0,0,2,3,22,4,7,-2.9590488770381285e-06,2.394,0.7980000000006839,0.0108
b22_C,_14088_,OAI21,0,3,3,2,23,3,5,-2.5085865257734596e-05,1.862,0.7980000000006839,0.0108
b22_C,_14089_,NOR2,0,0,2,2,13,5,7,-1.4266842802701518e-06,1.33,0.5320000000010623,0.0108
b22_C,_14090_,OAI21,0,1,3,1,24,2,1,-8.348745046404815e-06,1.862,0.7980000000006839,0.0108
b22_C,_14091_,AOI22,0,0,4,1,17,4,3,-3.7529722589191294e-05,2.394,1.0640000000003056,0.0108
b22_C,_14092_,OAI21,0,0,3,1,19,3,2,-4.95376486142618e-06,1.862,0.7980000000006839,0.0108
b22_C,_14093_,XNOR2,0,0,2,2,21,5,7,-4.99339498039042e-06,2.66,1.0640000000003056,0.0108
b22_C,_14094_,AOI21,0,0,3,1,22,2,1,0.0,1.862,0.7980000000006839,0.0108
b22_C,_14095_,OAI211,0,1,4,0,25,1,0,-1.2285336856265872e-05,2.394,1.0640000000003056,0.0108
b22_C,_14096_,XOR2,0,3,2,3,21,5,10,-0.0002466974900927621,2.394,0.7980000000006839,0.0108
b22_C,_14097_,AOI222,0,3,6,1,22,4,6,7.701453104136391e-06,3.724,1.5960000000013679,0.0108
b22_C,_14098_,AOI21,0,0,3,1,19,5,7,-9.214002642021768e-05,1.862,0.7980000000006839,0.0108
b22_C,_14099_,XNOR2,0,0,2,1,20,4,6,-2.853368560318259e-06,2.66,1.0640000000003056,0.0108
b22_C,_14100_,OAI21,0,3,3,2,23,3,5,-3.253632760902292e-05,1.862,0.7980000000006839,0.0108
b22_C,_14101_,NAND2,0,1,2,1,24,2,1,-1.7199471598505767e-05,1.33,0.5320000000010623,0.0108
b22_C,_14102_,NAND2,0,0,2,1,22,2,1,-1.5244385733081955e-05,1.33,0.5320000000010623,0.0108
b22_C,_14103_,NAND2,0,0,2,1,18,2,1,-6.433289299945244e-06,1.33,0.5320000000010623,0.0108
b22_C,_14104_,XNOR2,0,0,2,2,20,5,7,0.0,2.66,1.0640000000003056,0.0108
b22_C,_14105_,AOI222,0,0,6,1,21,2,1,-3.1624834874621754e-05,3.724,1.5960000000013679,0.0108
b22_C,_14106_,NAND4,0,1,4,0,25,1,0,-4.0290620872962535e-06,2.394,1.0640000000003056,0.0108
b22_C,_14107_,AOI22,0,0,4,1,15,4,3,-0.0001365125495378372,2.394,1.0640000000003056,0.0108
b22_C,_14108_,OAI21,0,0,3,1,17,3,2,-1.3210039662148176e-07,1.862,0.7980000000006839,0.0108
b22_C,_14109_,OAI21,0,0,3,1,19,5,8,-0.00044809775429333065,1.862,0.7980000000006839,0.0108
b22_C,_14110_,XNOR2,0,0,2,3,20,4,7,-2.113606341058727e-07,2.66,1.0640000000003056,0.0108
b22_C,_14111_,NOR2,0,0,2,1,19,5,7,0.0,1.33,0.5320000000010623,0.0108
b22_C,_14112_,XNOR2,0,0,2,2,20,4,6,-1.2919418758361445e-05,2.66,1.0640000000003056,0.0108
b22_C,_14113_,AOI221,0,0,5,1,21,2,1,-8.45442536334673e-06,2.926,1.3300000000017462,0.0108
b22_C,_14114_,OAI21,0,3,3,1,19,5,6,-6.819022457094093e-05,1.862,0.7980000000006839,0.0108
b22_C,_14115_,AOI21,0,3,3,1,20,4,5,-0.00011822985468978864,1.862,0.7980000000006839,0.0108
b22_C,_14116_,OAI22,0,0,4,1,11,4,5,-8.097754293334702e-06,2.394,1.0640000000003056,0.0108
b22_C,_14117_,AOI211,0,3,4,2,21,3,4,-6.565389696344681e-06,2.394,1.0640000000003056,0.0108
b22_C,_14118_,OAI21,0,1,3,0,22,1,0,-4.70937912813163e-05,1.862,0.7980000000006839,0.0108
b22_C,_14119_,AOI22,0,0,4,1,16,4,3,-4.203434610317025e-05,2.394,1.0640000000003056,0.0108
b22_C,_14120_,XNOR2,0,0,2,2,19,4,6,0.0,2.66,1.0640000000003056,0.0108
b22_C,_14121_,OAI221,0,0,5,1,20,3,2,-4.227212682117454e-07,2.926,1.3300000000017462,0.0108
b22_C,_14122_,XOR2,0,3,2,3,19,6,9,-0.0006459048877147655,2.394,0.7980000000006839,0.0108
b22_C,_14123_,AOI22,0,3,4,1,20,5,7,-2.9590488770381285e-06,2.394,1.0640000000003056,0.0108
b22_C,_14124_,XOR2,0,0,2,1,18,5,7,-0.00029273447820354903,2.394,0.7980000000006839,0.0108
b22_C,_14125_,OAI221,0,3,5,2,21,4,6,-4.0092470277697245e-05,2.926,1.3300000000017462,0.0108
b22_C,_14126_,AOI221,0,1,5,1,22,2,1,-3.602377807143675e-05,2.926,1.3300000000017462,0.0108
b22_C,_14127_,INV,0,1,1,0,23,1,0,-1.2668428005291332e-05,0.798,0.26599999999962165,0.0108
b22_C,_14128_,NAND2,0,0,2,1,11,4,6,-2.7741083230559127e-07,1.33,0.5320000000010623,0.0108
b22_C,_14129_,NOR2,0,3,2,1,17,6,8,-0.0002305019815060927,1.33,0.5320000000010623,0.0108
b22_C,_14130_,XNOR2,0,3,2,1,18,5,7,-1.3170409511209513e-05,2.66,1.0640000000003056,0.0108
b22_C,_14131_,AOI22,0,3,4,1,19,4,6,-6.420079260438527e-06,2.394,1.0640000000003056,0.0108
b22_C,_14132_,XOR2,0,0,2,3,18,4,7,-0.0006408982826950904,2.394,0.7980000000006839,0.0108
b22_C,_14133_,OAI211,0,3,4,2,20,3,5,-1.931307793934245e-05,2.394,1.0640000000003056,0.0108
b22_C,_14134_,NAND2,0,1,2,1,21,2,1,-2.1505944517885567e-05,1.33,0.5320000000010623,0.0108
b22_C,_14135_,XNOR2,0,0,2,2,18,4,7,0.0,2.66,1.0640000000003056,0.0108
b22_C,_14136_,NOR2,0,0,2,1,19,3,2,-3.6988110996283297e-07,1.33,0.5320000000010623,0.0108
b22_C,_14137_,OAI22,0,0,4,1,16,3,2,0.0,2.394,1.0640000000003056,0.0108
b22_C,_14138_,AOI211,0,0,4,1,20,2,1,-8.480845442804252e-06,2.394,1.0640000000003056,0.0108
b22_C,_14139_,OAI211,0,1,4,0,22,1,0,-7.4900924704746075e-06,2.394,1.0640000000003056,0.0108
b22_C,_14140_,AOI22,0,0,4,1,17,4,3,-3.779392338199017e-05,2.394,1.0640000000003056,0.0108
b22_C,_14141_,NOR2,0,3,2,1,17,5,9,-0.0009649669749010048,1.33,0.5320000000010623,0.0108
b22_C,_14142_,XNOR2,0,3,2,3,18,4,8,7.54293262872352e-06,2.66,1.0640000000003056,0.0108
b22_C,_14143_,NOR2,0,0,2,1,17,5,8,0.0,1.33,0.5320000000010623,0.0108
b22_C,_14144_,XNOR2,0,0,2,2,18,4,7,-9.247027741299263e-07,2.66,1.0640000000003056,0.0108
b22_C,_14145_,OAI221,0,1,5,1,19,3,2,-4.186261558780657e-05,2.926,1.3300000000017462,0.0108
b22_C,_14146_,AOI21,0,0,3,1,16,6,8,-0.00026132100396303315,1.862,0.7980000000006839,0.0108
b22_C,_14147_,XNOR2,0,0,2,1,17,5,7,-1.136063408235799e-06,2.66,1.0640000000003056,0.0108
b22_C,_14148_,AOI22,0,0,4,1,18,4,6,-4.0951122870502843e-07,2.394,1.0640000000003056,0.0108
b22_C,_14149_,OAI221,0,1,5,2,19,3,5,-5.5099075297215805e-05,2.926,1.3300000000017462,0.0108
b22_C,_14150_,AOI21,0,1,3,1,20,2,1,-1.9696169088589954e-05,1.862,0.7980000000006839,0.0108
b22_C,_14151_,OAI21,0,1,3,0,21,1,0,-9.920739762359077e-06,1.862,0.7980000000006839,0.0108
b22_C,_14152_,AOI21,0,3,3,1,16,6,9,-0.00030150594451794355,1.862,0.7980000000006839,0.0108
b22_C,_14153_,XNOR2,0,3,2,3,17,5,8,-1.4240422721245594e-05,2.66,1.0640000000003056,0.0108
b22_C,_14154_,OAI22,0,3,4,1,18,4,6,-2.3011889035862154e-05,2.394,1.0640000000003056,0.0108
b22_C,_14155_,XNOR2,0,0,2,1,16,4,6,-0.00035923381770142093,2.66,1.0640000000003056,0.0108
b22_C,_14156_,AOI21,0,3,3,2,19,3,5,2.351387054155829e-05,1.862,0.7980000000006839,0.0108
b22_C,_14157_,NAND2,0,0,2,1,11,3,2,-5.2840158693001626e-08,1.33,0.5320000000010623,0.0108
b22_C,_14158_,AOI21,0,1,3,1,20,2,1,-4.099075297236965e-05,1.862,0.7980000000006839,0.0108
b22_C,_14159_,NOR2,0,0,2,1,12,4,3,0.0,1.33,0.5320000000010623,0.0108
b22_C,_14160_,AOI221,0,0,5,1,16,3,2,-6.776750330450554e-06,2.926,1.3300000000017462,0.0108
b22_C,_14161_,XNOR2,0,0,2,2,17,5,7,-1.3210039950806163e-08,2.66,1.0640000000003056,0.0108
b22_C,_14162_,OAI221,0,0,5,1,18,2,1,-2.6036988110877957e-05,2.926,1.3300000000017462,0.0108
b22_C,_14163_,OR2,0,1,2,0,21,1,0,1.9550858652017666e-06,1.33,0.26599999999962165,0.0108
b22_C,_14164_,NOR2,0,3,2,1,15,6,8,-0.0002835006605022006,1.33,0.5320000000010623,0.0108
b22_C,_14165_,XOR2,0,3,2,1,16,5,7,-2.4570673712087654e-05,2.394,0.7980000000006839,0.0108
b22_C,_14166_,AOI222,0,3,6,1,17,4,6,6.367239101523481e-06,3.724,1.5960000000013679,0.0108
b22_C,_14167_,XNOR2,0,0,2,3,16,4,7,-0.0004345310435933669,2.66,1.0640000000003056,0.0108
b22_C,_14168_,OAI21,0,3,3,2,18,3,5,-3.357992073982352e-05,1.862,0.7980000000006839,0.0108
b22_C,_14169_,NAND2,0,1,2,1,19,2,1,-1.708058124183509e-05,1.33,0.5320000000010623,0.0108
b22_C,_14170_,AOI22,0,0,4,1,17,4,3,-1.8361955087531356e-06,2.394,1.0640000000003056,0.0108
b22_C,_14171_,OAI21,0,0,3,1,18,3,2,0.0,1.862,0.7980000000006839,0.0108
b22_C,_14172_,XNOR2,0,0,2,2,16,3,5,0.0,2.66,1.0640000000003056,0.0108
b22_C,_14173_,NOR2,0,0,2,2,17,3,4,-7.5561426684522814e-06,1.33,0.5320000000010623,0.0108
b22_C,_14174_,AOI21,0,0,3,1,19,2,1,0.0,1.862,0.7980000000006839,0.0108
b22_C,_14175_,OAI211,0,1,4,0,20,1,0,-4.966974900932897e-06,2.394,1.0640000000003056,0.0108
b22_C,_14176_,NOR2,0,2,2,1,14,6,9,-0.000634676354029251,1.33,0.5320000000010623,0.0108
b22_C,_14177_,XOR2,0,2,2,3,15,5,8,3.117569352673044e-06,2.394,0.7980000000006839,0.0108
b22_C,_14178_,OAI22,0,2,4,1,16,4,6,-2.960369881122027e-05,2.394,1.0640000000003056,0.0108
b22_C,_14179_,NOR2,0,0,2,1,14,5,7,-0.0002707001321005098,1.33,0.5320000000010623,0.0108
b22_C,_14180_,XNOR2,0,0,2,1,15,4,6,-2.642007923547851e-08,2.66,1.0640000000003056,0.0108
b22_C,_14181_,AOI21,0,2,3,2,17,3,5,1.6552179656459387e-05,1.862,0.7980000000006839,0.0108
b22_C,_14182_,OAI21,0,0,3,1,15,6,9,-3.1558784676422036e-05,1.862,0.7980000000006839,0.0108
b22_C,_14183_,NAND2,0,0,2,1,16,5,8,0.0,1.33,0.5320000000010623,0.0108
b22_C,_14184_,NOR2,0,0,2,2,17,4,7,0.0,1.33,0.5320000000010623,0.0108
b22_C,_14185_,AOI22,0,0,4,1,18,3,2,-3.963011896424007e-08,2.394,1.0640000000003056,0.0108
b22_C,_14186_,AOI21,0,0,3,1,19,2,1,-3.250990752978744e-05,1.862,0.7980000000006839,0.0108
b22_C,_14187_,AOI22,0,1,4,1,17,3,2,-3.258916776771592e-05,2.394,1.0640000000003056,0.0108
b22_C,_14188_,OAI221,0,1,5,1,18,2,1,-3.733157199481418e-05,2.926,1.3300000000017462,0.0108
b22_C,_14189_,OR2,0,1,2,0,20,1,0,-3.4346103050530985e-07,1.33,0.26599999999962165,0.0108
b22_C,_14190_,AOI21,0,2,3,1,13,6,10,-0.0009400660501983626,1.862,0.7980000000006839,0.0108
b22_C,_14191_,XOR2,0,2,2,3,14,5,9,-1.9735799207554194e-05,2.394,0.7980000000006839,0.0108
b22_C,_14192_,AOI21,0,0,3,1,13,6,8,-0.000345627476882715,1.862,0.7980000000006839,0.0108
b22_C,_14193_,XOR2,0,0,2,1,14,5,7,-1.9550858654238112e-06,2.394,0.7980000000006839,0.0108
b22_C,_14194_,AOI222,0,2,6,2,15,4,6,2.6829590488608446e-05,3.724,1.5960000000013679,0.0108
b22_C,_14195_,OAI211,0,0,4,1,16,3,2,-4.0554821664651186e-05,2.394,1.0640000000003056,0.0108
b22_C,_14196_,OAI21,0,0,3,1,17,2,1,-9.247027743519709e-08,1.862,0.7980000000006839,0.0108
b22_C,_14197_,NAND2,0,0,2,1,17,2,1,-1.0224570673900146e-05,1.33,0.5320000000010623,0.0108
b22_C,_14198_,XNOR2,0,0,2,2,15,4,6,0.0,2.66,1.0640000000003056,0.0108
b22_C,_14199_,AOI222,0,1,6,1,17,2,1,-2.874504623529006e-05,3.724,1.5960000000013679,0.0108
b22_C,_14200_,NAND3,0,1,3,0,18,1,0,-6.314398943274568e-06,1.862,0.7980000000006839,0.0108
b22_C,_14201_,XNOR2,0,2,2,1,15,6,8,-0.00047594451783372627,2.66,1.0640000000003056,0.0108
b22_C,_14202_,NOR2,0,2,2,1,16,5,7,-8.903566710793953e-06,1.33,0.5320000000010623,0.0108
b22_C,_14203_,AOI221,0,2,5,1,17,4,6,9.207397622112978e-06,2.926,1.3300000000017462,0.0108
b22_C,_14204_,XNOR2,0,0,2,3,15,4,7,-0.0014999075297228437,2.66,1.0640000000003056,0.0108
b22_C,_14205_,OAI21,0,2,3,2,18,3,5,-2.464993394979409e-05,1.862,0.7980000000006839,0.0108
b22_C,_14206_,NAND2,0,0,2,1,19,2,1,-1.417437252326792e-05,1.33,0.5320000000010623,0.0108
b22_C,_14207_,AOI22,0,1,4,1,17,4,3,-4.257595772805267e-05,2.394,1.0640000000003056,0.0108
b22_C,_14208_,XNOR2,0,0,2,2,14,4,7,-3.963011896424007e-08,2.66,1.0640000000003056,0.0108
b22_C,_14209_,OAI221,0,1,5,1,18,3,2,-6.618229854815638e-06,2.926,1.3300000000017462,0.0108
b22_C,_14210_,INV,0,1,1,1,19,2,1,-1.8494055482598526e-06,0.798,0.26599999999962165,0.0108
b22_C,_14211_,OAI211,0,1,4,0,20,1,0,-4.927344782190701e-06,2.394,1.0640000000003056,0.0108
b22_C,_14212_,AOI22,0,1,4,1,17,2,1,-3.845442536332122e-05,2.394,1.0640000000003056,0.0108
b22_C,_14213_,NOR2,0,2,2,1,11,7,9,-0.0006377410832232311,1.33,0.5320000000010623,0.0108
b22_C,_14214_,XOR2,0,2,2,3,12,6,8,7.107001320783013e-06,2.394,0.7980000000006839,0.0108
b22_C,_14215_,NOR2,0,0,2,2,10,4,6,-1.4002642008126287e-06,1.33,0.5320000000010623,0.0108
b22_C,_14216_,NOR2,0,0,2,1,11,7,9,-0.00031248348745060994,1.33,0.5320000000010623,0.0108
b22_C,_14217_,XOR2,0,0,2,1,12,6,8,0.0,2.394,0.7980000000006839,0.0108
b22_C,_14218_,OAI22,0,2,4,1,13,5,7,-2.7754293262960417e-05,2.394,1.0640000000003056,0.0108
b22_C,_14219_,AOI21,0,2,3,2,14,4,6,1.4715984147706251e-05,1.862,0.7980000000006839,0.0108
b22_C,_14220_,OAI21,0,0,3,1,15,3,2,-2.523117569364075e-05,1.862,0.7980000000006839,0.0108
b22_C,_14221_,AOI21,0,0,3,1,11,5,7,-7.661822987170552e-07,1.862,0.7980000000006839,0.0108
b22_C,_14222_,NOR3,0,0,3,2,12,4,6,0.0,1.862,0.7980000000006839,0.0108
b22_C,_14223_,AOI211,0,0,4,1,16,2,1,0.0,2.394,1.0640000000003056,0.0108
b22_C,_14224_,OAI221,0,1,5,0,18,1,0,-4.599735799204474e-05,2.926,1.3300000000017462,0.0108
b22_C,_14225_,NAND2,0,2,2,1,10,8,12,-0.00122899603698845,1.33,0.5320000000010623,0.0108
b22_C,_14226_,OAI21,0,2,3,1,11,7,11,-7.635402906158717e-06,1.862,0.7980000000006839,0.0108
b22_C,_14227_,XOR2,0,2,2,3,12,6,10,1.973579920733215e-05,2.394,0.7980000000006839,0.0108
b22_C,_14228_,OAI222,0,2,6,1,13,5,8,-1.931307793934245e-05,3.724,1.5960000000013679,0.0108
b22_C,_14229_,AOI21,0,0,3,2,10,6,10,-0.0003805416116249294,1.862,0.7980000000006839,0.0108
b22_C,_14230_,AOI21,0,0,3,1,11,5,8,-2.258916776964881e-06,1.862,0.7980000000006839,0.0108
b22_C,_14231_,OR2,0,0,2,1,11,5,8,0.0,1.33,0.26599999999962165,0.0108
b22_C,_14232_,AOI21,0,2,3,2,14,4,7,1.2549537648398612e-05,1.862,0.7980000000006839,0.0108
b22_C,_14233_,XNOR2,0,0,2,2,11,4,7,-9.247027741299263e-07,2.66,1.0640000000003056,0.0108
b22_C,_14234_,OAI221,0,0,5,1,15,3,2,-3.0990752972304136e-05,2.926,1.3300000000017462,0.0108
b22_C,_14235_,NAND2,0,0,2,1,16,2,1,-1.3210039662148176e-07,1.33,0.5320000000010623,0.0108
b22_C,_14236_,AOI22,0,1,4,1,17,2,1,-3.85336856012497e-05,2.394,1.0640000000003056,0.0108
b22_C,_14237_,OAI211,0,1,4,0,18,1,0,-3.332892998675341e-05,2.394,1.0640000000003056,0.0108
b22_C,_14238_,NAND2,0,0,2,1,18,2,1,-6.433289299945244e-06,1.33,0.5320000000010623,0.0108
b22_C,_14239_,XNOR2,0,0,2,3,11,5,9,-0.001585257595773104,2.66,1.0640000000003056,0.0108
b22_C,_14240_,AOI21,0,0,3,1,10,5,7,-2.6420079457523116e-08,1.862,0.7980000000006839,0.0108
b22_C,_14241_,NOR2,0,0,2,2,11,4,6,0.0,1.33,0.5320000000010623,0.0108
b22_C,_14242_,AOI222,0,1,6,1,17,2,1,-2.8295904887842838e-05,3.724,1.5960000000013679,0.0108
b22_C,_14243_,NOR2,0,0,2,1,9,8,10,-4.133421400287496e-05,1.33,0.5320000000010623,0.0108
b22_C,_14244_,AOI21,0,0,3,2,10,7,9,-4.3593130794050694e-07,1.862,0.7980000000006839,0.0108
b22_C,_14245_,OAI21,0,0,3,1,11,6,8,0.0,1.862,0.7980000000006839,0.0108
b22_C,_14246_,AOI21,0,0,3,1,12,5,7,0.0,1.862,0.7980000000006839,0.0108
b22_C,_14247_,AOI221,0,0,5,2,13,4,6,-1.8494055487039418e-07,2.926,1.3300000000017462,0.0108
b22_C,_14248_,OAI21,0,0,3,1,14,3,2,0.0,1.862,0.7980000000006839,0.0108
b22_C,_14249_,AOI21,0,0,3,1,15,2,1,-5.81241743846661e-07,1.862,0.7980000000006839,0.0108
b22_C,_14250_,OAI211,0,1,4,0,19,1,0,-4.795244385791264e-06,2.394,1.0640000000003056,0.0108
b22_C,_14251_,XNOR2,0,0,2,2,9,4,7,-5.28401585375704e-07,2.66,1.0640000000003056,0.0108
b22_C,_14252_,NOR2,0,0,2,1,14,3,2,0.0,1.33,0.5320000000010623,0.0108
b22_C,_14253_,NOR2,0,0,2,1,8,6,9,-1.3210039950806163e-08,1.33,0.5320000000010623,0.0108
b22_C,_14254_,XNOR2,0,0,2,3,10,5,8,0.0,2.66,1.0640000000003056,0.0108
b22_C,_14255_,AOI221,0,0,5,1,17,2,1,-1.4002642008126287e-06,2.926,1.3300000000017462,0.0108
b22_C,_14256_,AOI222,0,0,6,1,11,4,6,-1.2681638046352361e-06,3.724,1.5960000000013679,0.0108
b22_C,_14257_,XNOR2,0,0,2,1,10,4,6,0.0,2.66,1.0640000000003056,0.0108
b22_C,_14258_,OAI21,0,0,3,2,12,3,5,-2.6023778070261017e-06,1.862,0.7980000000006839,0.0108
b22_C,_14259_,AOI222,0,1,6,1,17,2,1,-2.879788639376102e-05,3.724,1.5960000000013679,0.0108
b22_C,_14260_,NAND2,0,1,2,0,18,1,0,-5.046235138861377e-06,1.33,0.5320000000010623,0.0108
b22_C,_14261_,NAND2,0,1,2,1,18,2,1,-1.915455746459571e-06,1.33,0.5320000000010623,0.0108
b22_C,_14262_,OAI21,0,0,3,1,18,2,1,-8.322324969167738e-07,1.862,0.7980000000006839,0.0108
b22_C,_14263_,NOR2,0,0,2,2,10,5,8,0.0,1.33,0.5320000000010623,0.0108
b22_C,_14264_,AOI21,0,0,3,1,11,3,2,0.0,1.862,0.7980000000006839,0.0108
b22_C,_14265_,AOI221,0,0,5,1,14,2,1,-4.5957727873302545e-05,2.926,1.3300000000017462,0.0108
b22_C,_14266_,OAI211,0,1,4,0,19,1,0,-6.869220607663706e-06,2.394,1.0640000000003056,0.0108
b22_C,_14267_,NAND2,0,32,2,5,10,3,35,-0.00013742404227223837,1.33,0.5320000000010623,0.0108
b22_C,_14268_,BUF,0,10,1,10,11,2,10,3.943196829570006e-05,1.064,0.26599999999962165,0.0108
b22_C,_14269_,AND2,0,1,2,0,12,1,0,-1.2932628797868162e-05,1.33,0.26599999999962165,0.0108
b22_C,_14270_,AND2,0,1,2,0,12,1,0,-1.2932628797868162e-05,1.33,0.26599999999962165,0.0108
b22_C,_14271_,AND2,0,1,2,0,12,1,0,-1.2932628797868162e-05,1.33,0.26599999999962165,0.0108
b22_C,_14272_,AND2,0,1,2,0,12,1,0,-1.2932628797868162e-05,1.33,0.26599999999962165,0.0108
b22_C,_14273_,AND2,0,1,2,0,12,1,0,-1.2932628797868162e-05,1.33,0.26599999999962165,0.0108
b22_C,_14274_,AND2,0,1,2,0,12,1,0,-1.2932628797868162e-05,1.33,0.26599999999962165,0.0108
b22_C,_14275_,AND2,0,1,2,0,12,1,0,-1.2932628797868162e-05,1.33,0.26599999999962165,0.0108
b22_C,_14276_,AND2,0,1,2,0,12,1,0,-1.2932628797868162e-05,1.33,0.26599999999962165,0.0108
b22_C,_14277_,AND2,0,1,2,0,12,1,0,-1.2932628797868162e-05,1.33,0.26599999999962165,0.0108
b22_C,_14278_,BUF,0,10,1,10,11,2,10,3.3910171730378025e-05,1.064,0.26599999999962165,0.0108
b22_C,_14279_,AND2,0,1,2,0,12,1,0,-1.3011889035796642e-05,1.33,0.26599999999962165,0.0108
b22_C,_14280_,AND2,0,1,2,0,12,1,0,-1.3011889035796642e-05,1.33,0.26599999999962165,0.0108
b22_C,_14281_,AND2,0,1,2,0,12,1,0,-1.3011889035796642e-05,1.33,0.26599999999962165,0.0108
b22_C,_14282_,AND2,0,1,2,0,12,1,0,-1.3011889035796642e-05,1.33,0.26599999999962165,0.0108
b22_C,_14283_,AND2,0,1,2,0,12,1,0,-1.3011889035796642e-05,1.33,0.26599999999962165,0.0108
b22_C,_14284_,AND2,0,1,2,0,12,1,0,-1.3011889035796642e-05,1.33,0.26599999999962165,0.0108
b22_C,_14285_,AND2,0,1,2,0,12,1,0,-1.3011889035796642e-05,1.33,0.26599999999962165,0.0108
b22_C,_14286_,AND2,0,1,2,0,12,1,0,-1.3011889035796642e-05,1.33,0.26599999999962165,0.0108
b22_C,_14287_,AND2,0,1,2,0,12,1,0,-1.3011889035796642e-05,1.33,0.26599999999962165,0.0108
b22_C,_14288_,AND2,0,1,2,0,12,1,0,-1.3011889035796642e-05,1.33,0.26599999999962165,0.0108
b22_C,_14289_,BUF,0,10,1,10,11,2,10,3.3910171730378025e-05,1.064,0.26599999999962165,0.0108
b22_C,_14290_,AND2,0,1,2,0,12,1,0,-1.3011889035796642e-05,1.33,0.26599999999962165,0.0108
b22_C,_14291_,AND2,0,1,2,0,12,1,0,-1.3011889035796642e-05,1.33,0.26599999999962165,0.0108
b22_C,_14292_,AND2,0,1,2,0,12,1,0,-1.3011889035796642e-05,1.33,0.26599999999962165,0.0108
b22_C,_14293_,AND2,0,1,2,0,12,1,0,-1.3011889035796642e-05,1.33,0.26599999999962165,0.0108
b22_C,_14294_,AND2,0,1,2,0,12,1,0,-1.3011889035796642e-05,1.33,0.26599999999962165,0.0108
b22_C,_14295_,AND2,0,1,2,0,12,1,0,-1.3011889035796642e-05,1.33,0.26599999999962165,0.0108
b22_C,_14296_,AND2,0,1,2,0,12,1,0,-1.3011889035796642e-05,1.33,0.26599999999962165,0.0108
b22_C,_14297_,AND2,0,1,2,0,12,1,0,-1.3011889035796642e-05,1.33,0.26599999999962165,0.0108
b22_C,_14298_,AND2,0,1,2,0,12,1,0,-1.3011889035796642e-05,1.33,0.26599999999962165,0.0108
b22_C,_14299_,AND2,0,1,2,0,12,1,0,-1.3011889035796642e-05,1.33,0.26599999999962165,0.0108
b22_C,_14300_,AND2,0,1,2,0,11,1,0,-9.087186261580449e-05,1.33,0.26599999999962165,0.0108
b22_C,_14301_,NAND3,0,0,3,1,4,2,1,-1.6512549538827415e-06,1.862,0.7980000000006839,0.0108
b22_C,_14302_,OAI22,0,1,4,0,31,1,0,-1.3091149273725122e-05,2.394,1.0640000000003056,0.0108
b22_C,_14303_,MUX2,0,1,3,0,29,1,0,2.945838837309367e-06,2.394,0.5320000000010623,0.0108
b22_C,_14304_,NAND2,0,0,2,1,5,2,1,0.0,1.33,0.5320000000010623,0.0108
b22_C,_14305_,OAI21,0,1,3,0,29,1,0,-8.1902245707699e-06,1.862,0.7980000000006839,0.0108
b22_C,_14306_,MUX2,0,1,3,0,27,1,0,-1.3751651255056174e-05,2.394,0.5320000000010623,0.0108
b22_C,_14307_,MUX2,0,1,3,0,26,1,0,3.4214002639920693e-06,2.394,0.5320000000010623,0.0108
b22_C,_14308_,MUX2,0,1,3,0,25,1,0,3.3421400262856338e-06,2.394,0.5320000000010623,0.0108
b22_C,_14309_,NAND2,0,1,2,1,24,2,1,-1.0673712021125326e-05,1.33,0.5320000000010623,0.0108
b22_C,_14310_,OAI21,0,1,3,0,25,1,0,-1.0964332893159678e-05,1.862,0.7980000000006839,0.0108
b22_C,_14311_,NAND2,0,1,2,1,23,2,1,-8.560105680510688e-06,1.33,0.5320000000010623,0.0108
b22_C,_14312_,OAI21,0,1,3,0,24,1,0,-0.0004891545574639,1.862,0.7980000000006839,0.0108
b22_C,_14313_,NAND2,0,1,2,1,23,2,1,-8.850726552322996e-06,1.33,0.5320000000010623,0.0108
b22_C,_14314_,NAND2,0,1,2,0,24,1,0,-4.95376486142618e-06,1.33,0.5320000000010623,0.0108
b22_C,_14315_,BUF,0,7,1,10,16,8,27,0.00020442536327602845,1.064,0.26599999999962165,0.0108
b22_C,_14316_,AOI211,0,1,4,1,21,2,1,-5.849405548219444e-05,2.394,1.0640000000003056,0.0108
b22_C,_14317_,NOR2,0,0,2,1,7,2,1,-1.030383091293885e-06,1.33,0.5320000000010623,0.0108
b22_C,_14318_,OR2,0,1,2,0,22,1,0,-4.0686922062604935e-06,1.33,0.26599999999962165,0.0108
b22_C,_14319_,MUX2,0,1,3,0,21,1,0,3.2364597093437197e-06,2.394,0.5320000000010623,0.0108
b22_C,_14320_,MUX2,0,1,3,0,21,1,0,3.4214002639920693e-06,2.394,0.5320000000010623,0.0108
b22_C,_14321_,MUX2,0,1,3,0,20,1,0,3.381770145249874e-06,2.394,0.5320000000010623,0.0108
b22_C,_14322_,MUX2,0,1,3,0,19,1,0,2.4174372521557075e-06,2.394,0.5320000000010623,0.0108
b22_C,_14323_,MUX2,0,1,3,0,19,1,0,2.0739762216503976e-06,2.394,0.5320000000010623,0.0108
b22_C,_14324_,NAND2,0,0,2,1,8,2,1,-2.8401585205894975e-06,1.33,0.5320000000010623,0.0108
b22_C,_14325_,OAI21,0,1,3,0,18,1,0,-7.793923381793633e-06,1.862,0.7980000000006839,0.0108
b22_C,_14326_,MUX2,0,1,3,0,17,1,0,2.6155878465328186e-06,2.394,0.5320000000010623,0.0108
b22_C,_14327_,MUX2,0,1,3,0,17,1,0,8.058124172372061e-07,2.394,0.5320000000010623,0.0108
b22_C,_14328_,MUX2,0,1,3,0,16,1,0,-9.24702776572417e-08,2.394,0.5320000000010623,0.0108
b22_C,_14329_,MUX2,0,1,3,0,15,1,0,2.800528401403213e-06,2.394,0.5320000000010623,0.0108
b22_C,_14330_,MUX2,0,1,3,0,15,1,0,-3.4346103072735445e-07,2.394,0.5320000000010623,0.0108
b22_C,_14331_,AOI21,0,1,3,1,17,2,1,-4.336856010578316e-05,1.862,0.7980000000006839,0.0108
b22_C,_14332_,MUX2,0,1,3,0,18,1,0,1.7040951121316539e-06,2.394,0.5320000000010623,0.0108
b22_C,_14333_,MUX2,0,1,3,0,13,1,0,2.298546895485032e-06,2.394,0.5320000000010623,0.0108
b22_C,_14334_,AND2,0,1,2,1,13,2,1,-1.5852047563491567e-07,1.33,0.26599999999962165,0.0108
b22_C,_14335_,MUX2,0,1,3,0,14,1,0,2.9062087185671714e-06,2.394,0.5320000000010623,0.0108
b22_C,_14336_,NAND2,0,0,2,1,7,2,1,-7.186261558933538e-06,1.33,0.5320000000010623,0.0108
b22_C,_14337_,AOI21,0,1,3,1,17,2,1,-4.2496697490346236e-05,1.862,0.7980000000006839,0.0108
b22_C,_14338_,OAI21,0,1,3,0,18,1,0,-2.457067371341992e-06,1.862,0.7980000000006839,0.0108
b22_C,_14339_,OAI211,0,1,4,1,14,2,1,-3.2457067371316484e-05,2.394,1.0640000000003056,0.0108
b22_C,_14340_,NAND2,0,0,2,1,6,2,1,-5.627476882708038e-06,1.33,0.5320000000010623,0.0108
b22_C,_14341_,NAND2,0,1,2,0,15,1,0,-5.587846763743798e-06,1.33,0.5320000000010623,0.0108
b22_C,_14342_,AND2,0,1,2,1,11,2,1,-6.340819023176181e-07,1.33,0.26599999999962165,0.0108
b22_C,_14343_,MUX2,0,1,3,0,12,1,0,3.328929986778917e-06,2.394,0.5320000000010623,0.0108
b22_C,_14344_,MUX2,0,1,3,0,10,1,0,-6.472919420463796e-07,2.394,0.5320000000010623,0.0108
b22_C,_14345_,NAND2,0,0,2,1,4,2,1,-4.227212682117454e-07,1.33,0.5320000000010623,0.0108
b22_C,_14346_,OAI21,0,1,3,1,14,2,1,-3.4649933950081646e-05,1.862,0.7980000000006839,0.0108
b22_C,_14347_,OAI21,0,1,3,0,15,1,0,-2.8005284016252574e-06,1.862,0.7980000000006839,0.0108
b22_C,_14348_,AOI21,0,1,3,1,8,2,1,-3.844121532425859e-06,1.862,0.7980000000006839,0.0108
b22_C,_14349_,NOR2,0,0,2,1,6,2,1,-1.3289299867880189e-05,1.33,0.5320000000010623,0.0108
b22_C,_14350_,NOR2,0,1,2,0,9,1,0,-1.0039630120584064e-06,1.33,0.5320000000010623,0.0108
b22_C,_14351_,AOI21,0,1,3,1,17,2,1,-4.332892998681892e-05,1.862,0.7980000000006839,0.0108
b22_C,_14352_,MUX2,0,1,3,0,18,1,0,-2.6974900924736644e-05,2.394,0.5320000000010623,0.0108
b22_C,_14353_,MUX2,0,1,3,0,7,1,0,-0.00018319682959067052,2.394,0.5320000000010623,0.0108
b22_C,_14354_,AOI211,0,0,4,1,11,6,8,-1.3210039728761558e-08,2.394,1.0640000000003056,0.0108
b22_C,_14355_,AOI21,0,0,3,1,20,5,7,0.0,1.862,0.7980000000006839,0.0108
b22_C,_14356_,INV,0,0,1,1,21,4,6,0.0,0.798,0.26599999999962165,0.0108
b22_C,_14357_,NOR2,0,0,2,1,30,6,10,0.0,1.33,0.5320000000010623,0.0108
b22_C,_14358_,NAND2,0,0,2,1,30,6,10,0.0,1.33,0.5320000000010623,0.0108
b22_C,_14359_,AOI21,0,3,3,1,36,5,9,-5.7648612945992994e-05,1.862,0.7980000000006839,0.0108
b22_C,_14360_,XNOR2,0,3,2,3,37,4,8,-1.1889035669288006e-06,2.66,1.0640000000003056,0.0108
b22_C,_14361_,NOR2,0,0,2,1,29,6,8,-2.5587846763874822e-05,1.33,0.5320000000010623,0.0108
b22_C,_14362_,NAND2,0,0,2,1,29,6,8,-2.599735799213576e-05,1.33,0.5320000000010623,0.0108
b22_C,_14363_,AOI21,0,0,3,1,36,5,7,0.0,1.862,0.7980000000006839,0.0108
b22_C,_14364_,XOR2,0,0,2,1,37,4,6,-2.8401585205894975e-06,2.394,0.7980000000006839,0.0108
b22_C,_14365_,AOI221,0,3,5,2,38,3,5,2.7978863936350962e-05,2.926,1.3300000000017462,0.0108
b22_C,_14366_,OR2,0,1,2,1,39,2,1,-2.531043593156923e-05,1.33,0.26599999999962165,0.0108
b22_C,_14367_,NAND2,0,0,2,1,18,2,1,-2.9128137384537567e-05,1.33,0.5320000000010623,0.0108
b22_C,_14368_,NAND2,0,0,2,1,18,2,1,-6.433289299945244e-06,1.33,0.5320000000010623,0.0108
b22_C,_14369_,XNOR2,0,0,2,2,32,5,8,-0.00010282694848107177,2.66,1.0640000000003056,0.0108
b22_C,_14370_,OAI22,0,0,4,1,33,3,2,-2.3381770146713166e-06,2.394,1.0640000000003056,0.0108
b22_C,_14371_,AOI21,0,0,3,1,38,2,1,-1.4121532364574918e-05,1.862,0.7980000000006839,0.0108
b22_C,_14372_,NAND4,0,1,4,0,40,1,0,-4.451783355507999e-06,2.394,1.0640000000003056,0.0108
b22_C,_14373_,AND3,0,0,3,1,10,2,1,-0.0004838441215324618,1.596,0.26599999999962165,0.0108
b22_C,_14374_,INV,0,0,1,1,1,2,1,0.0,0.798,0.26599999999962165,0.0108
b22_C,_14375_,AOI21,0,1,3,0,12,1,0,-2.6776750330359533e-05,1.862,0.7980000000006839,0.0108
b22_C,_14376_,MUX2,0,1,3,0,11,1,0,-0.00010912813738461757,2.394,0.5320000000010623,0.0108
b22_C,_14377_,NAND3,0,0,3,8,8,5,63,-2.6420079457523116e-08,1.862,0.7980000000006839,0.0108
b22_C,_14378_,AOI21,0,0,3,1,11,4,4,0.0,1.862,0.7980000000006839,0.0108
b22_C,_14379_,AOI21,0,0,3,1,12,3,3,0.0,1.862,0.7980000000006839,0.0108
b22_C,_14380_,OAI21,0,0,3,2,13,2,2,-2.6420079457523116e-08,1.862,0.7980000000006839,0.0108
b22_C,_14381_,NAND3,0,6,3,2,11,6,88,-0.00043191545574639,1.862,0.7980000000006839,0.0108
b22_C,_14382_,AOI211,0,3,4,3,12,5,43,-2.0898282695025472e-05,2.394,1.0640000000003056,0.0108
b22_C,_14383_,BUF,0,2,1,10,13,3,14,3.84280052838637e-05,1.064,0.26599999999962165,0.0108
b22_C,_14384_,MUX2,0,1,3,0,14,1,0,-2.5719947160052214e-05,2.394,0.5320000000010623,0.0108
b22_C,_14385_,BUF,0,1,1,10,13,4,20,7.84676354026459e-06,1.064,0.26599999999962165,0.0108
b22_C,_14386_,BUF,0,1,1,10,14,3,10,2.9603698810998225e-05,1.064,0.26599999999962165,0.0108
b22_C,_14387_,NOR2,0,1,2,1,15,2,1,-1.8097754292956125e-06,1.33,0.5320000000010623,0.0108
b22_C,_14388_,BUF,0,0,1,10,10,4,38,2.945838837309367e-06,1.064,0.26599999999962165,0.0108
b22_C,_14389_,BUF,0,0,1,10,9,5,39,2.7476882429322558e-06,1.064,0.26599999999962165,0.0108
b22_C,_14390_,OAI22,0,0,4,1,11,3,3,-3.2892998680367214e-06,2.394,1.0640000000003056,0.0108
b22_C,_14391_,NOR3,0,0,3,4,8,6,54,-1.3210039728761558e-08,1.862,0.7980000000006839,0.0108
b22_C,_14392_,CLKBUF,0,0,1,10,9,5,41,0.0,1.064,0.26599999999962165,0.0108
b22_C,_14393_,AOI211,0,0,4,2,13,2,2,0.0,2.394,1.0640000000003056,0.0108
b22_C,_14394_,AOI21,0,1,3,0,16,1,0,-7.5957727874165215e-06,1.862,0.7980000000006839,0.0108
b22_C,_14395_,BUF,0,0,1,10,9,5,41,0.0,1.064,0.26599999999962165,0.0108
b22_C,_14396_,AOI222,0,0,6,1,12,3,3,-4.75561426904747e-07,3.724,1.5960000000013679,0.0108
b22_C,_14397_,OAI211,0,0,4,2,14,2,2,-1.5984147954117844e-06,2.394,1.0640000000003056,0.0108
b22_C,_14398_,MUX2,0,1,3,0,15,1,0,-2.5719947160052214e-05,2.394,0.5320000000010623,0.0108
b22_C,_14399_,OAI21,0,2,3,1,15,3,3,-2.17305151917202e-05,1.862,0.7980000000006839,0.0108
b22_C,_14400_,OAI22,0,0,4,1,13,3,3,-3.0752972258962785e-05,2.394,1.0640000000003056,0.0108
b22_C,_14401_,OR2,0,2,2,2,16,2,2,8.692206076466036e-06,1.33,0.26599999999962165,0.0108
b22_C,_14402_,MUX2,0,1,3,0,17,1,0,-3.5270805813780726e-06,2.394,0.5320000000010623,0.0108
b22_C,_14403_,AOI211,0,0,4,1,13,3,3,0.0,2.394,1.0640000000003056,0.0108
b22_C,_14404_,BUF,0,0,1,10,9,4,32,0.0,1.064,0.26599999999962165,0.0108
b22_C,_14405_,OAI211,0,2,4,2,15,2,2,-5.001321003983428e-05,2.394,1.0640000000003056,0.0108
b22_C,_14406_,MUX2,0,1,3,0,16,1,0,-5.535006605050796e-06,2.394,0.5320000000010623,0.0108
b22_C,_14407_,NOR2,0,0,2,1,15,2,1,-5.71994715992119e-06,1.33,0.5320000000010623,0.0108
b22_C,_14408_,OAI222,0,0,6,1,16,3,3,-4.1215323647314506e-06,3.724,1.5960000000013679,0.0108
b22_C,_14409_,NOR2,0,2,2,2,19,2,2,1.3778071334069608e-05,1.33,0.5320000000010623,0.0108
b22_C,_14410_,AOI21,0,1,3,0,20,1,0,-2.5363276089818143e-05,1.862,0.7980000000006839,0.0108
b22_C,_14411_,BUF,0,0,1,10,10,4,38,0.0,1.064,0.26599999999962165,0.0108
b22_C,_14412_,AOI22,0,0,4,1,13,3,3,0.0,2.394,1.0640000000003056,0.0108
b22_C,_14413_,AOI22,0,0,4,1,16,3,3,-1.014531043619371e-05,2.394,1.0640000000003056,0.0108
b22_C,_14414_,NAND3,0,2,3,2,17,2,2,-2.4821664465157767e-05,1.862,0.7980000000006839,0.0108
b22_C,_14415_,MUX2,0,1,3,0,18,1,0,-7.859973579993351e-06,2.394,0.5320000000010623,0.0108
b22_C,_14416_,AOI221,0,0,5,1,18,3,3,-3.171730515205695e-05,2.926,1.3300000000017462,0.0108
b22_C,_14417_,OAI211,0,2,4,2,19,2,2,-5.7542932628829035e-05,2.394,1.0640000000003056,0.0108
b22_C,_14418_,MUX2,0,1,3,0,20,1,0,-5.495376486308601e-06,2.394,0.5320000000010623,0.0108
b22_C,_14419_,NOR2,0,0,2,1,15,2,1,-5.71994715992119e-06,1.33,0.5320000000010623,0.0108
b22_C,_14420_,OAI22,0,0,4,1,17,3,3,-1.3606340820704332e-06,2.394,1.0640000000003056,0.0108
b22_C,_14421_,AOI211,0,2,4,2,19,2,2,1.8731836195495788e-05,2.394,1.0640000000003056,0.0108
b22_C,_14422_,AOI21,0,1,3,0,20,1,0,-3.4095112285470464e-05,1.862,0.7980000000006839,0.0108
b22_C,_14423_,NOR2,0,0,2,1,18,4,4,0.0,1.33,0.5320000000010623,0.0108
b22_C,_14424_,AOI221,0,0,5,1,19,3,3,-2.113606341058727e-07,2.926,1.3300000000017462,0.0108
b22_C,_14425_,OAI211,0,2,4,2,20,2,2,-5.664464993415663e-05,2.394,1.0640000000003056,0.0108
b22_C,_14426_,CLKBUF,0,0,1,10,13,2,10,-2.141347424045037e-05,1.064,0.26599999999962165,0.0108
b22_C,_14427_,MUX2,0,1,3,0,21,1,0,-8.058124174592507e-07,2.394,0.5320000000010623,0.0108
b22_C,_14428_,NOR2,0,0,2,1,14,2,1,-1.120211360650103e-05,1.33,0.5320000000010623,0.0108
b22_C,_14429_,OAI222,0,1,6,1,19,3,3,-4.060766182312214e-05,3.724,1.5960000000013679,0.0108
b22_C,_14430_,NOR2,0,2,2,2,20,2,2,-1.4081902245832723e-05,1.33,0.5320000000010623,0.0108
b22_C,_14431_,AOI21,0,1,3,0,21,1,0,-2.4834874504664484e-05,1.862,0.7980000000006839,0.0108
b22_C,_14432_,NOR2,0,0,2,1,14,2,1,-1.120211360650103e-05,1.33,0.5320000000010623,0.0108
b22_C,_14433_,OAI22,0,0,4,1,19,3,3,-3.553500660613551e-06,2.394,1.0640000000003056,0.0108
b22_C,_14434_,AOI211,0,2,4,2,21,2,2,1.4663143989457339e-05,2.394,1.0640000000003056,0.0108
b22_C,_14435_,AOI21,0,1,3,0,22,1,0,-3.4068692206234985e-05,1.862,0.7980000000006839,0.0108
b22_C,_14436_,NAND2,0,0,2,1,20,3,3,-1.7622192866717512e-05,1.33,0.5320000000010623,0.0108
b22_C,_14437_,AOI21,0,2,3,1,22,3,3,-7.291941876097496e-06,1.862,0.7980000000006839,0.0108
b22_C,_14438_,OAI211,0,2,4,2,23,2,2,-1.7093791281341808e-05,2.394,1.0640000000003056,0.0108
b22_C,_14439_,MUX2,0,1,3,0,24,1,0,-4.75561426904747e-07,2.394,0.5320000000010623,0.0108
b22_C,_14440_,AOI222,0,0,6,1,21,3,3,-1.4095112285561484e-05,3.724,1.5960000000013679,0.0108
b22_C,_14441_,NAND2,0,2,2,2,22,2,2,-4.200792602393477e-05,1.33,0.5320000000010623,0.0108
b22_C,_14442_,MUX2,0,1,3,0,23,1,0,-1.2417437253997576e-06,2.394,0.5320000000010623,0.0108
b22_C,_14443_,NOR2,0,0,2,1,14,2,1,-1.120211360650103e-05,1.33,0.5320000000010623,0.0108
b22_C,_14444_,AOI22,0,0,4,1,22,4,4,-1.5402906208938916e-05,2.394,1.0640000000003056,0.0108
b22_C,_14445_,INV,0,0,1,1,23,3,3,0.0,0.798,0.26599999999962165,0.0108
b22_C,_14446_,AOI211,0,2,4,2,24,2,2,1.8784676353966745e-05,2.394,1.0640000000003056,0.0108
b22_C,_14447_,AOI21,0,1,3,0,25,1,0,-3.40819022457417e-05,1.862,0.7980000000006839,0.0108
b22_C,_14448_,AOI21,0,0,3,1,22,4,4,0.0,1.862,0.7980000000006839,0.0108
b22_C,_14449_,OAI221,0,0,5,1,23,3,3,-6.010568031733499e-06,2.926,1.3300000000017462,0.0108
b22_C,_14450_,OR2,0,2,2,2,24,2,2,6.671070013286595e-06,1.33,0.26599999999962165,0.0108
b22_C,_14451_,MUX2,0,1,3,0,25,1,0,1.1228533685070374e-06,2.394,0.5320000000010623,0.0108
b22_C,_14452_,NOR2,0,0,2,1,14,2,1,-1.120211360650103e-05,1.33,0.5320000000010623,0.0108
b22_C,_14453_,AOI22,0,2,4,1,24,4,4,-1.0647291941889847e-05,2.394,1.0640000000003056,0.0108
b22_C,_14454_,OAI21,0,2,3,1,25,3,3,-1.871862615598907e-05,1.862,0.7980000000006839,0.0108
b22_C,_14455_,NOR2,0,2,2,2,26,2,2,6.446499339451961e-06,1.33,0.5320000000010623,0.0108
b22_C,_14456_,AOI21,0,1,3,0,27,1,0,-2.5627476882617017e-05,1.862,0.7980000000006839,0.0108
b22_C,_14457_,AOI22,0,0,4,1,24,4,4,-1.1492734479645605e-06,2.394,1.0640000000003056,0.0108
b22_C,_14458_,OAI221,0,0,5,1,25,3,3,-3.8612945838956136e-05,2.926,1.3300000000017462,0.0108
b22_C,_14459_,OR2,0,2,2,2,26,2,2,1.0171730513430788e-06,1.33,0.26599999999962165,0.0108
b22_C,_14460_,MUX2,0,1,3,0,27,1,0,1.149273447742516e-06,2.394,0.5320000000010623,0.0108
b22_C,_14461_,NAND2,0,0,2,1,25,3,3,-1.6182298547162688e-05,1.33,0.5320000000010623,0.0108
b22_C,_14462_,AOI21,0,2,3,1,27,3,3,-7.27873183614669e-06,1.862,0.7980000000006839,0.0108
b22_C,_14463_,OAI211,0,2,4,2,28,2,2,-1.712021136079933e-05,2.394,1.0640000000003056,0.0108
b22_C,_14464_,MUX2,0,1,3,0,29,1,0,-4.491413474472239e-07,2.394,0.5320000000010623,0.0108
b22_C,_14465_,NOR2,0,0,2,1,26,4,4,0.0,1.33,0.5320000000010623,0.0108
b22_C,_14466_,AOI221,0,0,5,1,27,3,3,-7.529722589882937e-07,2.926,1.3300000000017462,0.0108
b22_C,_14467_,OAI211,0,2,4,2,28,2,2,-5.8414795244488005e-05,2.394,1.0640000000003056,0.0108
b22_C,_14468_,MUX2,0,1,3,0,29,1,0,-8.454425366455354e-07,2.394,0.5320000000010623,0.0108
b22_C,_14469_,OAI222,0,0,6,1,26,4,4,-5.429326288108882e-06,3.724,1.5960000000013679,0.0108
b22_C,_14470_,INV,0,0,1,1,27,3,3,0.0,0.798,0.26599999999962165,0.0108
b22_C,_14471_,OAI211,0,2,4,2,30,2,2,-7.537648612965242e-05,2.394,1.0640000000003056,0.0108
b22_C,_14472_,MUX2,0,1,3,0,31,1,0,-1.6908850728469815e-06,2.394,0.5320000000010623,0.0108
b22_C,_14473_,AOI222,0,0,6,1,28,3,3,0.0,3.724,1.5960000000013679,0.0108
b22_C,_14474_,NAND2,0,2,2,2,31,2,2,-3.603698811094347e-05,1.33,0.5320000000010623,0.0108
b22_C,_14475_,MUX2,0,1,3,0,32,1,0,-1.4663143990123473e-06,2.394,0.5320000000010623,0.0108
b22_C,_14476_,AOI22,0,0,4,1,28,3,3,-2.6420079457523116e-08,2.394,1.0640000000003056,0.0108
b22_C,_14477_,NAND2,0,0,2,1,29,3,3,-1.4927344782256213e-05,1.33,0.5320000000010623,0.0108
b22_C,_14478_,NAND4,0,2,4,2,31,2,2,-4.150594451801659e-05,2.394,1.0640000000003056,0.0108
b22_C,_14479_,MUX2,0,1,3,0,32,1,0,-4.200792602437886e-06,2.394,0.5320000000010623,0.0108
b22_C,_14480_,NOR2,0,0,2,1,29,4,4,0.0,1.33,0.5320000000010623,0.0108
b22_C,_14481_,AOI221,0,0,5,1,30,3,3,-2.7344782036475834e-06,2.926,1.3300000000017462,0.0108
b22_C,_14482_,OAI211,0,2,4,2,32,2,2,-7.558784676375829e-05,2.394,1.0640000000003056,0.0108
b22_C,_14483_,MUX2,0,1,3,0,33,1,0,-4.134742404460212e-06,2.394,0.5320000000010623,0.0108
b22_C,_14484_,AOI222,0,0,6,1,30,3,3,-6.605019819971858e-08,3.724,1.5960000000013679,0.0108
b22_C,_14485_,OAI211,0,2,4,2,34,2,2,-7.676354029073629e-05,2.394,1.0640000000003056,0.0108
b22_C,_14486_,MUX2,0,1,3,0,35,1,0,-3.2628797885791982e-06,2.394,0.5320000000010623,0.0108
b22_C,_14487_,NOR2,0,0,2,1,30,4,4,-1.5059445179765873e-06,1.33,0.5320000000010623,0.0108
b22_C,_14488_,OAI22,0,2,4,1,32,4,4,-3.1175693527396575e-05,2.394,1.0640000000003056,0.0108
b22_C,_14489_,AOI211,0,2,4,1,33,3,3,6.340819022510047e-06,2.394,1.0640000000003056,0.0108
b22_C,_14490_,NAND2,0,2,2,2,35,2,2,-4.4121532364771454e-05,1.33,0.5320000000010623,0.0108
b22_C,_14491_,MUX2,0,1,3,0,36,1,0,-2.3249669751645996e-06,2.394,0.5320000000010623,0.0108
b22_C,_14492_,NOR2,0,0,2,1,31,4,4,0.0,1.33,0.5320000000010623,0.0108
b22_C,_14493_,AOI221,0,0,5,1,32,3,3,-1.4531043612819872e-07,2.926,1.3300000000017462,0.0108
b22_C,_14494_,OAI211,0,2,4,2,36,2,2,-9.11624834876168e-05,2.394,1.0640000000003056,0.0108
b22_C,_14495_,MUX2,0,1,3,0,37,1,0,-4.134742404460212e-06,2.394,0.5320000000010623,0.0108
b22_C,_14496_,AOI21,0,2,3,1,37,3,3,-7.754293263051437e-06,1.862,0.7980000000006839,0.0108
b22_C,_14497_,AOI222,0,0,6,1,35,3,3,-1.178335535034769e-05,3.724,1.5960000000013679,0.0108
b22_C,_14498_,NAND2,0,2,2,2,38,2,2,-1.4557463672515425e-05,1.33,0.5320000000010623,0.0108
b22_C,_14499_,MUX2,0,1,3,0,39,1,0,-1.9550858654238112e-06,2.394,0.5320000000010623,0.0108
b22_C,_14500_,NOR2,0,0,2,1,32,4,4,-1.5059445179765873e-06,1.33,0.5320000000010623,0.0108
b22_C,_14501_,AOI21,0,0,3,1,33,3,3,-2.6420079457523116e-08,1.862,0.7980000000006839,0.0108
b22_C,_14502_,AOI22,0,0,4,1,37,3,3,-4.095112285362745e-05,2.394,1.0640000000003056,0.0108
b22_C,_14503_,NAND3,0,2,3,2,39,2,2,-3.657859973582589e-05,1.862,0.7980000000006839,0.0108
b22_C,_14504_,MUX2,0,1,3,0,40,1,0,-5.2047556144962925e-06,2.394,0.5320000000010623,0.0108
b22_C,_14505_,OAI22,0,0,4,1,33,4,4,-2.509907529812949e-06,2.394,1.0640000000003056,0.0108
b22_C,_14506_,AOI21,0,0,3,1,38,3,3,-1.6248348745140362e-05,1.862,0.7980000000006839,0.0108
b22_C,_14507_,NAND2,0,2,2,2,39,2,2,-3.828269484817959e-05,1.33,0.5320000000010623,0.0108
b22_C,_14508_,MUX2,0,1,3,0,40,1,0,-3.6723910172842267e-06,2.394,0.5320000000010623,0.0108
b22_C,_14509_,OAI221,0,2,5,2,34,2,2,-3.1175693527396575e-05,2.926,1.3300000000017462,0.0108
b22_C,_14510_,MUX2,0,1,3,0,35,1,0,-3.3817701454719185e-06,2.394,0.5320000000010623,0.0108
b22_C,_14511_,NAND2,0,2,2,1,34,3,3,-8.044914134863745e-06,1.33,0.5320000000010623,0.0108
b22_C,_14512_,NAND2,0,0,2,1,32,3,3,-2.681638044954582e-06,1.33,0.5320000000010623,0.0108
b22_C,_14513_,NAND3,0,2,3,2,35,2,2,-6.816380449414794e-06,1.862,0.7980000000006839,0.0108
b22_C,_14514_,MUX2,0,1,3,0,36,1,0,-2.866578599824976e-06,2.394,0.5320000000010623,0.0108
b22_C,_14515_,AOI211,0,3,4,3,12,5,43,-4.940554821919463e-06,2.394,1.0640000000003056,0.0108
b22_C,_14516_,BUF,0,2,1,10,13,3,14,3.844121532359246e-05,1.064,0.26599999999962165,0.0108
b22_C,_14517_,MUX2,0,1,3,0,14,1,0,-2.5719947160052214e-05,2.394,0.5320000000010623,0.0108
b22_C,_14518_,BUF,0,1,1,10,13,4,20,7.859973579771307e-06,1.064,0.26599999999962165,0.0108
b22_C,_14519_,BUF,0,1,1,10,14,3,10,2.9233817701257436e-05,1.064,0.26599999999962165,0.0108
b22_C,_14520_,NOR2,0,1,2,1,15,2,1,-1.8890356672240927e-06,1.33,0.5320000000010623,0.0108
b22_C,_14521_,AOI21,0,1,3,0,16,1,0,-6.5125495376516795e-06,1.862,0.7980000000006839,0.0108
b22_C,_14522_,MUX2,0,1,3,0,15,1,0,-2.5719947160052214e-05,2.394,0.5320000000010623,0.0108
b22_C,_14523_,MUX2,0,1,3,0,17,1,0,-3.5270805813780726e-06,2.394,0.5320000000010623,0.0108
b22_C,_14524_,MUX2,0,1,3,0,16,1,0,-5.535006605050796e-06,2.394,0.5320000000010623,0.0108
b22_C,_14525_,NOR2,0,0,2,1,15,2,1,-5.785997358120909e-06,1.33,0.5320000000010623,0.0108
b22_C,_14526_,AOI21,0,1,3,0,20,1,0,-2.9392338177114397e-05,1.862,0.7980000000006839,0.0108
b22_C,_14527_,MUX2,0,1,3,0,18,1,0,-7.859973579993351e-06,2.394,0.5320000000010623,0.0108
b22_C,_14528_,MUX2,0,1,3,0,20,1,0,-5.495376486308601e-06,2.394,0.5320000000010623,0.0108
b22_C,_14529_,NOR2,0,0,2,1,15,2,1,-5.785997358120909e-06,1.33,0.5320000000010623,0.0108
b22_C,_14530_,AOI21,0,1,3,0,20,1,0,-4.030383091158107e-05,1.862,0.7980000000006839,0.0108
b22_C,_14531_,CLKBUF,0,0,1,10,13,2,10,-2.1400264200943653e-05,1.064,0.26599999999962165,0.0108
b22_C,_14532_,MUX2,0,1,3,0,21,1,0,-8.058124174592507e-07,2.394,0.5320000000010623,0.0108
b22_C,_14533_,NOR2,0,0,2,1,14,2,1,-1.120211360650103e-05,1.33,0.5320000000010623,0.0108
b22_C,_14534_,AOI21,0,1,3,0,21,1,0,-2.8903566710924977e-05,1.862,0.7980000000006839,0.0108
b22_C,_14535_,NOR2,0,0,2,1,14,2,1,-1.120211360650103e-05,1.33,0.5320000000010623,0.0108
b22_C,_14536_,AOI21,0,1,3,0,22,1,0,-4.026420079261683e-05,1.862,0.7980000000006839,0.0108
b22_C,_14537_,MUX2,0,1,3,0,24,1,0,-4.75561426904747e-07,2.394,0.5320000000010623,0.0108
b22_C,_14538_,MUX2,0,1,3,0,23,1,0,-1.2417437253997576e-06,2.394,0.5320000000010623,0.0108
b22_C,_14539_,NOR2,0,0,2,1,14,2,1,-1.120211360650103e-05,1.33,0.5320000000010623,0.0108
b22_C,_14540_,AOI21,0,1,3,0,25,1,0,-4.029062087185231e-05,1.862,0.7980000000006839,0.0108
b22_C,_14541_,MUX2,0,1,3,0,25,1,0,1.1228533685070374e-06,2.394,0.5320000000010623,0.0108
b22_C,_14542_,NOR2,0,0,2,1,14,2,1,-1.120211360650103e-05,1.33,0.5320000000010623,0.0108
b22_C,_14543_,AOI21,0,1,3,0,27,1,0,-2.9722589167890945e-05,1.862,0.7980000000006839,0.0108
b22_C,_14544_,MUX2,0,1,3,0,27,1,0,1.149273447742516e-06,2.394,0.5320000000010623,0.0108
b22_C,_14545_,MUX2,0,1,3,0,29,1,0,-4.491413474472239e-07,2.394,0.5320000000010623,0.0108
b22_C,_14546_,MUX2,0,1,3,0,29,1,0,-8.454425366455354e-07,2.394,0.5320000000010623,0.0108
b22_C,_14547_,MUX2,0,1,3,0,31,1,0,-1.6908850728469815e-06,2.394,0.5320000000010623,0.0108
b22_C,_14548_,MUX2,0,1,3,0,32,1,0,-1.4663143990123473e-06,2.394,0.5320000000010623,0.0108
b22_C,_14549_,MUX2,0,1,3,0,32,1,0,-4.200792602437886e-06,2.394,0.5320000000010623,0.0108
b22_C,_14550_,MUX2,0,1,3,0,33,1,0,-4.1215323647314506e-06,2.394,0.5320000000010623,0.0108
b22_C,_14551_,MUX2,0,1,3,0,35,1,0,-3.2496697490724813e-06,2.394,0.5320000000010623,0.0108
b22_C,_14552_,MUX2,0,1,3,0,36,1,0,-2.3117569356578827e-06,2.394,0.5320000000010623,0.0108
b22_C,_14553_,MUX2,0,1,3,0,37,1,0,-4.1215323647314506e-06,2.394,0.5320000000010623,0.0108
b22_C,_14554_,MUX2,0,1,3,0,39,1,0,-1.9418758256950497e-06,2.394,0.5320000000010623,0.0108
b22_C,_14555_,MUX2,0,1,3,0,40,1,0,-5.191545574767531e-06,2.394,0.5320000000010623,0.0108
b22_C,_14556_,MUX2,0,1,3,0,40,1,0,-3.6591809777775097e-06,2.394,0.5320000000010623,0.0108
b22_C,_14557_,MUX2,0,1,3,0,35,1,0,-3.368560105743157e-06,2.394,0.5320000000010623,0.0108
b22_C,_14558_,MUX2,0,1,3,0,36,1,0,-2.853368560318259e-06,2.394,0.5320000000010623,0.0108
b22_C,_14559_,MUX2,0,1,3,0,14,1,0,-3.763540290635525e-05,2.394,0.5320000000010623,0.0108
b22_C,_14560_,MUX2,0,1,3,0,14,1,0,-4.552179656558408e-05,2.394,0.5320000000010623,0.0108
b22_C,_14561_,BUF,0,10,1,10,13,2,10,0.00015974900924686786,1.064,0.26599999999962165,0.0108
b22_C,_14562_,MUX2,0,1,3,0,14,1,0,-4.495376486146618e-05,2.394,0.5320000000010623,0.0108
b22_C,_14563_,MUX2,0,1,3,0,14,1,0,-4.471598414812483e-05,2.394,0.5320000000010623,0.0108
b22_C,_14564_,MUX2,0,1,3,0,14,1,0,-4.450462351401896e-05,2.394,0.5320000000010623,0.0108
b22_C,_14565_,MUX2,0,1,3,0,14,1,0,-4.450462351401896e-05,2.394,0.5320000000010623,0.0108
b22_C,_14566_,MUX2,0,1,3,0,14,1,0,-4.450462351401896e-05,2.394,0.5320000000010623,0.0108
b22_C,_14567_,MUX2,0,1,3,0,14,1,0,-4.450462351401896e-05,2.394,0.5320000000010623,0.0108
b22_C,_14568_,MUX2,0,1,3,0,14,1,0,-4.451783355374772e-05,2.394,0.5320000000010623,0.0108
b22_C,_14569_,MUX2,0,1,3,0,14,1,0,-4.450462351401896e-05,2.394,0.5320000000010623,0.0108
b22_C,_14570_,MUX2,0,1,3,0,14,1,0,-4.451783355374772e-05,2.394,0.5320000000010623,0.0108
b22_C,_14571_,MUX2,0,1,3,0,14,1,0,-4.451783355374772e-05,2.394,0.5320000000010623,0.0108
b22_C,_14572_,BUF,0,10,1,10,13,2,10,0.00015974900924686786,1.064,0.26599999999962165,0.0108
b22_C,_14573_,MUX2,0,1,3,0,14,1,0,-4.536327608994917e-05,2.394,0.5320000000010623,0.0108
b22_C,_14574_,MUX2,0,1,3,0,14,1,0,-4.450462351401896e-05,2.394,0.5320000000010623,0.0108
b22_C,_14575_,MUX2,0,1,3,0,14,1,0,-4.450462351401896e-05,2.394,0.5320000000010623,0.0108
b22_C,_14576_,MUX2,0,1,3,0,14,1,0,-4.492734478200866e-05,2.394,0.5320000000010623,0.0108
b22_C,_14577_,NOR2,0,1,2,1,14,2,1,-3.630118890374234e-05,1.33,0.5320000000010623,0.0108
b22_C,_14578_,AOI21,0,1,3,0,15,1,0,-3.6697490092496565e-05,1.862,0.7980000000006839,0.0108
b22_C,_14579_,MUX2,0,1,3,0,14,1,0,-4.450462351401896e-05,2.394,0.5320000000010623,0.0108
b22_C,_14580_,MUX2,0,1,3,0,14,1,0,-4.498018494070166e-05,2.394,0.5320000000010623,0.0108
b22_C,_14581_,MUX2,0,1,3,0,14,1,0,-4.495376486124414e-05,2.394,0.5320000000010623,0.0108
b22_C,_14582_,MUX2,0,1,3,0,15,1,0,-4.474240422736031e-05,2.394,0.5320000000010623,0.0108
b22_C,_14583_,MUX2,0,1,3,0,16,1,0,-4.450462351401896e-05,2.394,0.5320000000010623,0.0108
b22_C,_14584_,MUX2,0,1,3,0,16,1,0,-4.450462351401896e-05,2.394,0.5320000000010623,0.0108
b22_C,_14585_,MUX2,0,1,3,0,17,1,0,-0.0001892470277411462,2.394,0.5320000000010623,0.0108
b22_C,_14586_,MUX2,0,1,3,0,19,1,0,-0.00019051519154578145,2.394,0.5320000000010623,0.0108
b22_C,_14587_,MUX2,0,1,3,0,19,1,0,-0.0001892470277411462,2.394,0.5320000000010623,0.0108
b22_C,_14588_,NOR2,0,1,2,1,14,2,1,-3.630118890374234e-05,1.33,0.5320000000010623,0.0108
b22_C,_14589_,AOI21,0,1,3,0,20,1,0,-3.664464993402561e-05,1.862,0.7980000000006839,0.0108
b22_C,_14590_,MUX2,0,1,3,0,21,1,0,-0.0001892470277411462,2.394,0.5320000000010623,0.0108
b22_C,_14591_,MUX2,0,1,3,0,20,1,0,-0.0001892470277411462,2.394,0.5320000000010623,0.0108
b22_C,_14592_,MUX2,0,1,3,0,20,1,0,-0.0001892470277411462,2.394,0.5320000000010623,0.0108
b22_C,_14593_,NOR2,0,1,2,1,14,2,1,-3.630118890374234e-05,1.33,0.5320000000010623,0.0108
b22_C,_14594_,AOI21,0,1,3,0,15,1,0,-3.664464993402561e-05,1.862,0.7980000000006839,0.0108
b22_C,_14595_,MUX2,0,1,3,0,13,1,0,-0.0001892470277411462,2.394,0.5320000000010623,0.0108
b22_C,_14596_,CLKBUF,0,0,1,10,1,6,103,2.373844121517088e-05,1.064,0.26599999999962165,0.0108
b22_C,_14597_,CLKBUF,0,0,1,10,2,3,17,-4.597093791414153e-06,1.064,0.26599999999962165,0.0108
b22_C,_14598_,BUF,0,6,1,10,1,40,2055,3.9867899603640566e-05,1.064,0.26599999999962165,0.0108
b22_C,_14599_,INV,0,0,1,2,1,38,1171,0.0,0.798,0.26599999999962165,0.0108
b22_C,_14600_,NOR3,0,0,3,2,1,40,1984,0.0,1.862,0.7980000000006839,0.0108
b22_C,_14601_,NOR3,0,0,3,2,1,40,2026,0.0,1.862,0.7980000000006839,0.0108
b22_C,_14602_,NOR3,0,0,3,1,1,40,1811,0.0,1.862,0.7980000000006839,0.0108
b22_C,_14603_,NOR3,0,0,3,1,1,40,1811,0.0,1.862,0.7980000000006839,0.0108
b22_C,_14604_,NAND4,0,0,4,5,2,39,1810,0.0,2.394,1.0640000000003056,0.0108
b22_C,_14605_,INV,0,0,1,2,1,40,1828,0.0,0.798,0.26599999999962165,0.0108
b22_C,_14606_,INV,0,0,1,3,1,40,1881,0.0,0.798,0.26599999999962165,0.0108
b22_C,_14607_,INV,0,0,1,6,1,40,1926,0.0,0.798,0.26599999999962165,0.0108
b22_C,_14608_,NOR2,0,0,2,3,1,40,1907,0.0,1.33,0.5320000000010623,0.0108
b22_C,_14609_,NAND4,0,0,4,5,2,39,1810,0.0,2.394,1.0640000000003056,0.0108
b22_C,_14610_,BUF,0,0,1,10,1,41,1770,9.207397622112978e-06,1.064,0.26599999999962165,0.0108
b22_C,_14611_,NOR3,0,0,3,2,2,40,1737,-0.0002166446499340946,1.862,0.7980000000006839,0.0108
b22_C,_14612_,NOR3,0,0,3,1,1,40,1637,0.0,1.862,0.7980000000006839,0.0108
b22_C,_14613_,NOR2,0,0,2,1,1,40,1637,0.0,1.33,0.5320000000010623,0.0108
b22_C,_14614_,NOR4,0,0,4,1,1,40,1637,0.0,2.394,1.0640000000003056,0.0108
b22_C,_14615_,NAND4,0,0,4,3,3,39,1636,0.0,2.394,1.0640000000003056,0.0108
b22_C,_14616_,OR3,0,0,3,4,4,38,1528,0.0,1.596,0.26599999999962165,0.0108
b22_C,_14617_,NAND2,0,0,2,1,5,37,1170,-9.7490092469954e-06,1.33,0.5320000000010623,0.0108
b22_C,_14618_,INV,0,0,1,4,1,40,1951,0.0,0.798,0.26599999999962165,0.0108
b22_C,_14619_,NOR2,0,0,2,1,1,40,1883,0.0,1.33,0.5320000000010623,0.0108
b22_C,_14620_,NOR2,0,0,2,2,1,40,1911,0.0,1.33,0.5320000000010623,0.0108
b22_C,_14621_,NOR4,0,168,4,4,1,40,1952,0.007777793923381404,2.394,1.0640000000003056,0.0108
b22_C,_14622_,NAND4,0,168,4,6,2,39,1882,-0.001564491413474256,2.394,1.0640000000003056,0.0108
b22_C,_14623_,NOR4,0,0,4,1,3,38,1171,-0.0021460105680319863,2.394,1.0640000000003056,0.0108
b22_C,_14624_,INV,0,0,1,2,1,38,1349,0.0,0.798,0.26599999999962165,0.0108
b22_C,_14625_,AOI21,0,0,3,1,4,37,1170,-0.0006887318361954442,1.862,0.7980000000006839,0.0108
b22_C,_14626_,OAI22,0,0,4,9,6,36,1169,0.0001931704095112785,2.394,1.0640000000003056,0.0108
b22_C,_14627_,OR4,0,63,4,2,3,38,1574,-0.000509101717305338,1.862,0.26599999999962165,0.0108
b22_C,_14628_,NAND2,0,63,2,3,4,37,1561,0.0002355217965652745,1.33,0.5320000000010623,0.0108
b22_C,_14629_,XNOR2,0,62,2,5,5,36,1116,0.00022862615587837531,2.66,1.0640000000003056,0.0108
b22_C,_14630_,NOR2,0,62,2,8,7,35,1109,0.0004698546895640643,1.33,0.5320000000010623,0.0108
b22_C,_14631_,BUF,0,62,1,10,8,34,1051,0.0007140158520473339,1.064,0.26599999999962165,0.0108
b22_C,_14632_,BUF,0,11,1,10,9,31,852,-6.782034346120014e-05,1.064,0.26599999999962165,0.0108
b22_C,_14633_,BUF,0,11,1,10,10,24,565,1.3421400264057581e-05,1.064,0.26599999999962165,0.0108
b22_C,_14634_,BUF,0,11,1,10,11,19,294,2.369881109620664e-05,1.064,0.26599999999962165,0.0108
b22_C,_14635_,INV,0,0,1,2,1,35,735,0.0,0.798,0.26599999999962165,0.0108
b22_C,_14636_,BUF,0,0,1,10,2,37,1634,-1.9022457067308096e-05,1.064,0.26599999999962165,0.0108
b22_C,_14637_,OR3,0,0,3,4,1,39,1347,0.0,1.596,0.26599999999962165,0.0108
b22_C,_14638_,INV,0,0,1,4,2,38,1241,0.0,0.798,0.26599999999962165,0.0108
b22_C,_14639_,INV,0,0,1,2,2,39,1434,0.0,0.798,0.26599999999962165,0.0108
b22_C,_14640_,INV,0,0,1,3,2,39,1520,0.0,0.798,0.26599999999962165,0.0108
b22_C,_14641_,NOR4,0,101,4,4,3,38,1241,0.0022062087186260904,2.394,1.0640000000003056,0.0108
b22_C,_14642_,NAND4,0,101,4,4,4,37,1219,-0.0016719286657862487,2.394,1.0640000000003056,0.0108
b22_C,_14643_,OAI21,0,70,3,3,5,35,742,0.0006263936591808239,1.862,0.7980000000006839,0.0108
b22_C,_14644_,XNOR2,0,69,2,9,6,34,675,0.0005482959048876968,2.66,1.0640000000003056,0.0108
b22_C,_14645_,BUF,0,69,1,10,7,27,595,0.0018051254953761475,1.064,0.26599999999962165,0.0108
b22_C,_14646_,BUF,0,69,1,10,8,21,566,0.0018710568031703456,1.064,0.26599999999962165,0.0108
b22_C,_14647_,BUF,0,1,1,10,9,15,106,-0.00022491413474257094,1.064,0.26599999999962165,0.0108
b22_C,_14648_,INV,0,0,1,9,1,38,1957,-1.0383091149535062e-05,0.798,0.26599999999962165,0.0108
b22_C,_14649_,NOR3,0,0,3,4,4,38,1545,0.0,1.862,0.7980000000006839,0.0108
b22_C,_14650_,NOR2,0,0,2,1,5,37,1193,0.0,1.33,0.5320000000010623,0.0108
b22_C,_14651_,OAI21,0,0,3,1,4,37,1193,-0.0003948216644649172,1.862,0.7980000000006839,0.0108
b22_C,_14652_,AOI22,0,0,4,2,6,36,1192,0.0,2.394,1.0640000000003056,0.0108
b22_C,_14653_,XNOR2,0,1,2,6,5,36,1140,-0.0005512285336857214,2.66,1.0640000000003056,0.0108
b22_C,_14654_,NAND2,0,1,2,3,7,35,1125,1.6248348744252183e-06,1.33,0.5320000000010623,0.0108
b22_C,_14655_,BUF,0,1,1,10,8,33,1067,1.3513870541492778e-05,1.064,0.26599999999962165,0.0108
b22_C,_14656_,BUF,0,0,1,10,9,31,888,-1.6908850728469815e-06,1.064,0.26599999999962165,0.0108
b22_C,_14657_,BUF,0,0,1,10,10,26,589,0.0,1.064,0.26599999999962165,0.0108
b22_C,_14658_,BUF,0,0,1,10,11,16,326,2.642007923547851e-08,1.064,0.26599999999962165,0.0108
b22_C,_14659_,BUF,0,0,1,10,2,37,1531,1.6776750328961754e-06,1.064,0.26599999999962165,0.0108
b22_C,_14660_,AND4,0,0,4,2,4,37,1098,-0.0012558652575958007,1.862,0.26599999999962165,0.0108
b22_C,_14661_,NOR3,0,0,3,3,5,36,946,-4.227212682117454e-07,1.862,0.7980000000006839,0.0108
b22_C,_14662_,AOI21,0,0,3,3,5,36,946,-0.000998203434610545,1.862,0.7980000000006839,0.0108
b22_C,_14663_,OR4,0,4,4,5,3,38,1297,-0.000708745046235304,1.862,0.26599999999962165,0.0108
b22_C,_14664_,NOR4,0,4,4,2,4,36,1090,5.1281373844025424e-05,2.394,1.0640000000003056,0.0108
b22_C,_14665_,NOR3,0,0,3,2,5,35,869,-0.00027745046235150284,1.862,0.7980000000006839,0.0108
b22_C,_14666_,INV,0,0,1,2,1,36,1090,0.0,0.798,0.26599999999962165,0.0108
b22_C,_14667_,INV,0,0,1,3,1,37,1107,0.0,0.798,0.26599999999962165,0.0108
b22_C,_14668_,NAND4,0,0,4,2,4,36,1090,-0.0036925495376487483,2.394,1.0640000000003056,0.0108
b22_C,_14669_,AOI21,0,0,3,2,5,35,869,0.0,1.862,0.7980000000006839,0.0108
b22_C,_14670_,OAI22,0,0,4,5,6,34,619,0.0,2.394,1.0640000000003056,0.0108
b22_C,_14671_,NAND2,0,0,2,2,12,9,77,-2.6420079457523116e-08,1.33,0.5320000000010623,0.0108
b22_C,_14672_,NAND2,0,0,2,1,3,15,577,-3.830911492475053e-07,1.33,0.5320000000010623,0.0108
b22_C,_14673_,OR4,0,31,4,2,5,17,583,-0.00020907529722591356,1.862,0.26599999999962165,0.0108
b22_C,_14674_,OAI21,0,31,3,1,6,16,578,1.7873183619343536e-05,1.862,0.7980000000006839,0.0108
b22_C,_14675_,INV,0,31,1,1,7,15,577,-0.0002560898282695234,0.798,0.26599999999962165,0.0108
b22_C,_14676_,OAI21,0,31,3,6,8,14,576,8.681638044905071e-05,1.862,0.7980000000006839,0.0108
b22_C,_14677_,OAI21,0,1,3,1,6,16,577,-0.0010232760898283288,1.862,0.7980000000006839,0.0108
b22_C,_14678_,XOR2,0,1,2,5,7,15,576,4.1479524437448845e-06,2.394,0.7980000000006839,0.0108
b22_C,_14679_,BUF,0,0,1,10,3,30,1165,0.0,1.064,0.26599999999962165,0.0108
b22_C,_14680_,NAND2,0,0,2,1,6,15,577,-0.00023957727873202828,1.33,0.5320000000010623,0.0108
b22_C,_14681_,XNOR2,0,0,2,4,7,14,576,0.0,2.66,1.0640000000003056,0.0108
b22_C,_14682_,NAND3,0,31,3,2,9,12,561,-9.494055482184294e-05,1.862,0.7980000000006839,0.0108
b22_C,_14683_,AND2,0,68,2,4,10,11,477,0.000672219286657727,1.33,0.26599999999962165,0.0108
b22_C,_14684_,INV,0,42,1,2,11,9,263,-0.00018730515191545116,0.798,0.26599999999962165,0.0108
b22_C,_14685_,OAI221,0,1,5,0,13,1,0,-0.0002833553500660724,2.926,1.3300000000017462,0.0108
b22_C,_14686_,INV,0,1,1,6,1,9,319,1.6036988110812445e-05,0.798,0.26599999999962165,0.0108
b22_C,_14687_,BUF,0,1,1,10,2,6,116,2.48480845441712e-05,1.064,0.26599999999962165,0.0108
b22_C,_14688_,BUF,0,1,1,10,3,4,32,2.9775429326139857e-05,1.064,0.26599999999962165,0.0108
b22_C,_14689_,NAND2,0,0,2,2,4,3,3,-5.548216644779558e-06,1.33,0.5320000000010623,0.0108
b22_C,_14690_,AND2,0,0,2,2,8,31,530,-6.749009247042359e-05,1.33,0.26599999999962165,0.0108
b22_C,_14691_,AOI211,0,0,4,3,11,30,527,-0.0002555350066051343,2.394,1.0640000000003056,0.0108
b22_C,_14692_,NAND3,0,0,3,2,2,33,674,-0.005191162483487721,1.862,0.7980000000006839,0.0108
b22_C,_14693_,NAND2,0,0,2,1,3,32,639,-3.3566710700316804e-05,1.33,0.5320000000010623,0.0108
b22_C,_14694_,XNOR2,0,0,2,9,4,31,638,2.1122853368416017e-05,2.66,1.0640000000003056,0.0108
b22_C,_14695_,NOR2,0,0,2,3,9,30,527,-6.869220607885751e-06,1.33,0.5320000000010623,0.0108
b22_C,_14696_,NOR2,0,0,2,2,12,29,523,0.0,1.33,0.5320000000010623,0.0108
b22_C,_14697_,BUF,0,0,1,10,13,28,448,0.0,1.064,0.26599999999962165,0.0108
b22_C,_14698_,NOR2,0,42,2,8,12,8,261,0.0016940290620870435,1.33,0.5320000000010623,0.0108
b22_C,_14699_,NAND3,0,0,3,3,5,35,902,0.0,1.862,0.7980000000006839,0.0108
b22_C,_14700_,OAI21,0,4,3,3,5,35,902,-4.5468956407113126e-05,1.862,0.7980000000006839,0.0108
b22_C,_14701_,AND2,0,0,2,5,6,34,416,-1.4266842800703117e-05,1.33,0.26599999999962165,0.0108
b22_C,_14702_,NAND3,0,0,3,2,4,37,1001,-0.003258863936592027,1.862,0.7980000000006839,0.0108
b22_C,_14703_,NAND3,0,0,3,2,5,36,780,0.0,1.862,0.7980000000006839,0.0108
b22_C,_14704_,NOR3,0,0,3,2,4,37,1001,-2.335535006614542e-05,1.862,0.7980000000006839,0.0108
b22_C,_14705_,OAI21,0,0,3,2,5,36,780,-4.3593130794050694e-07,1.862,0.7980000000006839,0.0108
b22_C,_14706_,NAND2,0,0,2,7,6,35,699,6.605019797767397e-08,1.33,0.5320000000010623,0.0108
b22_C,_14707_,OAI21,0,0,3,2,4,37,1084,-5.7912813738569824e-05,1.862,0.7980000000006839,0.0108
b22_C,_14708_,XNOR2,0,0,2,8,5,36,1062,2.1268163801213547e-06,2.66,1.0640000000003056,0.0108
b22_C,_14709_,NOR3,0,0,3,4,6,35,406,-4.253632760908843e-06,1.862,0.7980000000006839,0.0108
b22_C,_14710_,NAND2,0,0,2,5,7,34,334,-5.2840158693001626e-08,1.33,0.5320000000010623,0.0108
b22_C,_14711_,NOR2,0,0,2,3,8,8,190,0.0,1.33,0.5320000000010623,0.0108
b22_C,_14712_,NAND2,0,2,2,8,13,7,93,-0.0005042668428008046,1.33,0.5320000000010623,0.0108
b22_C,_14713_,NAND3,0,0,3,3,5,35,858,-0.0013676089828271731,1.862,0.7980000000006839,0.0108
b22_C,_14714_,OAI21,0,0,3,3,5,35,858,-4.6235138717598545e-07,1.862,0.7980000000006839,0.0108
b22_C,_14715_,NAND2,0,0,2,9,6,34,734,0.0,1.33,0.5320000000010623,0.0108
b22_C,_14716_,NAND2,0,0,2,8,6,34,788,-3.450462351395345e-05,1.33,0.5320000000010623,0.0108
b22_C,_14717_,AND2,0,0,2,5,7,33,530,0.0,1.33,0.26599999999962165,0.0108
b22_C,_14718_,NAND3,0,0,3,3,5,35,840,0.0,1.862,0.7980000000006839,0.0108
b22_C,_14719_,OAI21,0,0,3,3,5,35,840,-4.6235138717598545e-07,1.862,0.7980000000006839,0.0108
b22_C,_14720_,NAND2,0,0,2,7,6,34,604,0.0,1.33,0.5320000000010623,0.0108
b22_C,_14721_,AND2,0,0,2,5,8,8,184,0.0,1.33,0.26599999999962165,0.0108
b22_C,_14722_,NAND2,0,0,2,2,13,7,70,-0.0005173315719948501,1.33,0.5320000000010623,0.0108
b22_C,_14723_,XNOR2,0,1,2,1,8,14,431,-1.9022457069528542e-06,2.66,1.0640000000003056,0.0108
b22_C,_14724_,OAI21,0,1,3,4,9,13,430,-0.00036425363276104683,1.862,0.7980000000006839,0.0108
b22_C,_14725_,OAI22,0,0,4,3,10,11,388,-0.0004011360634084138,2.394,1.0640000000003056,0.0108
b22_C,_14726_,NOR2,0,0,2,1,1,14,391,0.0,1.33,0.5320000000010623,0.0108
b22_C,_14727_,NOR4,0,0,4,1,1,14,391,0.0,2.394,1.0640000000003056,0.0108
b22_C,_14728_,NOR4,0,0,4,1,1,14,391,0.0,2.394,1.0640000000003056,0.0108
b22_C,_14729_,NOR4,0,0,4,1,1,14,391,0.0,2.394,1.0640000000003056,0.0108
b22_C,_14730_,NAND4,0,0,4,1,2,13,390,0.0,2.394,1.0640000000003056,0.0108
b22_C,_14731_,NOR4,0,0,4,1,1,14,391,0.0,2.394,1.0640000000003056,0.0108
b22_C,_14732_,NOR4,0,0,4,1,1,14,391,0.0,2.394,1.0640000000003056,0.0108
b22_C,_14733_,NOR4,0,0,4,1,1,14,391,0.0,2.394,1.0640000000003056,0.0108
b22_C,_14734_,NOR4,0,0,4,1,1,14,391,0.0,2.394,1.0640000000003056,0.0108
b22_C,_14735_,NAND4,0,0,4,1,2,13,390,0.0,2.394,1.0640000000003056,0.0108
b22_C,_14736_,NOR2,0,0,2,1,3,12,389,0.0,1.33,0.5320000000010623,0.0108
b22_C,_14737_,NOR2,0,0,2,2,10,11,388,-2.310435931329735e-05,1.33,0.5320000000010623,0.0108
b22_C,_14738_,OR2,0,0,2,3,9,12,390,-0.00019770145310449294,1.33,0.26599999999962165,0.0108
b22_C,_14739_,OR2,0,1,2,2,10,12,389,7.00132100295292e-07,1.33,0.26599999999962165,0.0108
b22_C,_14740_,NAND2,0,1,2,2,11,11,291,-3.0250990754598917e-06,1.33,0.5320000000010623,0.0108
b22_C,_14741_,OR3,0,1,3,1,12,10,137,5.838837516369821e-06,1.596,0.26599999999962165,0.0108
b22_C,_14742_,BUF,0,1,1,10,13,9,136,9.90752972240827e-06,1.064,0.26599999999962165,0.0108
b22_C,_14743_,OAI21,0,2,3,7,14,5,36,1.4412153236387226e-05,1.862,0.7980000000006839,0.0108
b22_C,_14744_,BUF,0,2,1,10,15,4,21,3.236459709365924e-05,1.064,0.26599999999962165,0.0108
b22_C,_14745_,NOR4,0,0,4,3,4,37,1224,0.0,2.394,1.0640000000003056,0.0108
b22_C,_14746_,OR3,0,0,3,5,5,36,1220,0.0,1.596,0.26599999999962165,0.0108
b22_C,_14747_,OAI21,0,0,3,5,5,36,1220,0.0,1.862,0.7980000000006839,0.0108
b22_C,_14748_,INV,0,0,1,3,1,37,1223,0.0,0.798,0.26599999999962165,0.0108
b22_C,_14749_,NAND3,0,0,3,2,5,36,1163,-3.2126816380539935e-05,1.862,0.7980000000006839,0.0108
b22_C,_14750_,OAI21,0,0,3,2,5,36,1163,0.0,1.862,0.7980000000006839,0.0108
b22_C,_14751_,AND4,0,0,4,5,6,35,1148,0.0,1.862,0.26599999999962165,0.0108
b22_C,_14752_,BUF,0,0,1,10,7,33,1018,0.0,1.064,0.26599999999962165,0.0108
b22_C,_14753_,NAND2,0,0,2,2,8,29,424,0.0,1.33,0.5320000000010623,0.0108
b22_C,_14754_,NOR3,0,0,3,3,5,36,1165,0.0,1.862,0.7980000000006839,0.0108
b22_C,_14755_,AOI21,0,0,3,3,5,36,1165,-1.2087186261666716e-05,1.862,0.7980000000006839,0.0108
b22_C,_14756_,AOI211,0,0,4,6,6,35,1149,0.0,2.394,1.0640000000003056,0.0108
b22_C,_14757_,BUF,0,0,1,10,7,33,981,0.0,1.064,0.26599999999962165,0.0108
b22_C,_14758_,NAND2,0,0,2,2,8,29,424,0.0,1.33,0.5320000000010623,0.0108
b22_C,_14759_,OAI21,0,0,3,1,5,36,1152,0.0,1.862,0.7980000000006839,0.0108
b22_C,_14760_,NAND3,0,0,3,1,5,36,1152,-3.2126816380539935e-05,1.862,0.7980000000006839,0.0108
b22_C,_14761_,AND4,0,0,4,5,6,35,1151,0.0,1.862,0.26599999999962165,0.0108
b22_C,_14762_,BUF,0,0,1,10,7,34,1021,0.0,1.064,0.26599999999962165,0.0108
b22_C,_14763_,NAND2,0,0,2,2,8,29,424,0.0,1.33,0.5320000000010623,0.0108
b22_C,_14764_,NAND2,0,0,2,2,6,35,826,0.0,1.33,0.5320000000010623,0.0108
b22_C,_14765_,OAI21,0,0,3,7,7,34,824,1.3210039506716953e-08,1.862,0.7980000000006839,0.0108
b22_C,_14766_,INV,0,0,1,3,1,35,992,0.0,0.798,0.26599999999962165,0.0108
b22_C,_14767_,NAND3,0,2,3,2,1,35,989,1.5667107001071656e-05,1.862,0.7980000000006839,0.0108
b22_C,_14768_,NOR2,0,2,2,2,2,34,948,1.2628797886327092e-05,1.33,0.5320000000010623,0.0108
b22_C,_14769_,AND2,0,2,2,3,3,33,912,1.4663143989457339e-05,1.33,0.26599999999962165,0.0108
b22_C,_14770_,XNOR2,0,0,2,3,4,30,426,-1.7503302510046836e-05,2.66,1.0640000000003056,0.0108
b22_C,_14771_,OR2,0,0,2,2,8,29,424,0.0,1.33,0.26599999999962165,0.0108
b22_C,_14772_,NAND4,0,0,4,9,9,28,410,0.0,2.394,1.0640000000003056,0.0108
b22_C,_14773_,OAI211,0,0,4,7,6,34,635,0.0,2.394,1.0640000000003056,0.0108
b22_C,_14774_,OAI21,0,0,3,3,6,34,339,-3.513870541649311e-06,1.862,0.7980000000006839,0.0108
b22_C,_14775_,NOR2,0,0,2,3,7,8,119,0.0,1.33,0.5320000000010623,0.0108
b22_C,_14776_,NAND2,0,5,2,4,13,7,105,-0.0004420079260238907,1.33,0.5320000000010623,0.0108
b22_C,_14777_,NOR3,0,3,3,2,14,6,57,-0.0003984940554822014,1.862,0.7980000000006839,0.0108
b22_C,_14778_,BUF,0,3,1,10,15,5,52,6.191545574618651e-05,1.064,0.26599999999962165,0.0108
b22_C,_14779_,BUF,0,0,1,10,7,8,279,0.0,1.064,0.26599999999962165,0.0108
b22_C,_14780_,NOR3,0,0,3,5,14,6,43,-4.409511228531393e-05,1.862,0.7980000000006839,0.0108
b22_C,_14781_,XNOR2,0,0,2,3,2,32,462,-2.1638044914285004e-05,2.66,1.0640000000003056,0.0108
b22_C,_14782_,OR2,0,0,2,2,8,31,459,0.0,1.33,0.26599999999962165,0.0108
b22_C,_14783_,NAND2,0,0,2,2,8,31,459,0.0,1.33,0.5320000000010623,0.0108
b22_C,_14784_,NAND2,0,0,2,2,8,31,459,0.0,1.33,0.5320000000010623,0.0108
b22_C,_14785_,NAND2,0,0,2,2,8,31,459,0.0,1.33,0.5320000000010623,0.0108
b22_C,_14786_,NAND4,0,0,4,7,9,30,381,4.3593130771846234e-07,2.394,1.0640000000003056,0.0108
b22_C,_14787_,AOI222,0,1,6,1,16,3,2,-3.95640686920995e-05,3.724,1.5960000000013679,0.0108
b22_C,_14788_,AND2,0,1,2,1,17,2,1,1.3210039628841486e-06,1.33,0.26599999999962165,0.0108
b22_C,_14789_,BUF,0,0,1,10,6,11,454,-1.875825627495331e-06,1.064,0.26599999999962165,0.0108
b22_C,_14790_,AOI21,0,0,3,2,7,10,323,-6.605019819971858e-08,1.862,0.7980000000006839,0.0108
b22_C,_14791_,NOR2,0,0,2,4,7,10,296,0.0,1.33,0.5320000000010623,0.0108
b22_C,_14792_,NAND3,0,0,3,3,6,34,369,-3.2232496700590474e-06,1.862,0.7980000000006839,0.0108
b22_C,_14793_,AND2,0,0,2,8,8,10,151,0.0,1.33,0.26599999999962165,0.0108
b22_C,_14794_,NOR2,0,0,2,2,9,9,83,-1.0568031716395865e-07,1.33,0.5320000000010623,0.0108
b22_C,_14795_,AOI21,0,0,3,2,14,8,72,-3.3949801849786354e-06,1.862,0.7980000000006839,0.0108
b22_C,_14796_,NAND2,0,0,2,1,15,7,64,-0.0003980449141347542,1.33,0.5320000000010623,0.0108
b22_C,_14797_,NAND2,0,0,2,2,16,6,63,-1.0039630120584064e-06,1.33,0.5320000000010623,0.0108
b22_C,_14798_,OAI211,0,0,4,3,14,6,70,-0.000553963011889147,2.394,1.0640000000003056,0.0108
b22_C,_14799_,AND2,0,0,2,7,17,5,37,0.0,1.33,0.26599999999962165,0.0108
b22_C,_14800_,BUF,0,0,1,10,18,4,18,0.0,1.064,0.26599999999962165,0.0108
b22_C,_14801_,XNOR2,0,0,2,3,3,31,442,-3.733157199481418e-05,2.66,1.0640000000003056,0.0108
b22_C,_14802_,INV,0,0,1,1,14,5,34,-3.064729194202087e-06,0.798,0.26599999999962165,0.0108
b22_C,_14803_,NAND3,0,0,3,6,15,4,33,-0.0005943989431969054,1.862,0.7980000000006839,0.0108
b22_C,_14804_,CLKBUF,0,0,1,10,16,2,10,-3.963011896424007e-08,1.064,0.26599999999962165,0.0108
b22_C,_14805_,AOI222,0,4,6,6,6,34,263,8.138705416094183e-05,3.724,1.5960000000013679,0.0108
b22_C,_14806_,NAND2,0,4,2,3,7,33,205,-2.5323645971075948e-05,1.33,0.5320000000010623,0.0108
b22_C,_14807_,BUF,0,4,1,10,8,32,194,4.1334214002652914e-05,1.064,0.26599999999962165,0.0108
b22_C,_14808_,AND2,0,0,2,3,8,30,439,0.0,1.33,0.26599999999962165,0.0108
b22_C,_14809_,AOI22,0,0,4,1,8,31,440,0.0,2.394,1.0640000000003056,0.0108
b22_C,_14810_,OAI21,0,0,3,3,9,30,439,0.0,1.862,0.7980000000006839,0.0108
b22_C,_14811_,OR2,0,0,2,7,10,29,317,0.0,1.33,0.26599999999962165,0.0108
b22_C,_14812_,NAND2,0,0,2,3,11,27,82,-1.2126816380630956e-05,1.33,0.5320000000010623,0.0108
b22_C,_14813_,MUX2,0,0,3,7,7,33,205,0.0,2.394,0.5320000000010623,0.0108
b22_C,_14814_,BUF,0,0,1,10,8,30,162,5.284015847095702e-08,1.064,0.26599999999962165,0.0108
b22_C,_14815_,XNOR2,0,0,2,3,14,27,82,5.284015847095702e-08,2.66,1.0640000000003056,0.0108
b22_C,_14816_,XNOR2,0,0,2,1,15,3,2,-1.2417437253997576e-06,2.66,1.0640000000003056,0.0108
b22_C,_14817_,OR2,0,0,2,1,8,31,447,-1.7014531043635372e-05,1.33,0.26599999999962165,0.0108
b22_C,_14818_,OAI211,0,0,4,2,10,30,446,-0.00010833553500688708,2.394,1.0640000000003056,0.0108
b22_C,_14819_,NAND2,0,0,2,2,2,33,730,-0.004842787318362074,1.33,0.5320000000010623,0.0108
b22_C,_14820_,OAI21,0,0,3,1,3,32,670,-3.4795244385765756e-05,1.862,0.7980000000006839,0.0108
b22_C,_14821_,XNOR2,0,0,2,10,4,31,669,3.02906208717868e-05,2.66,1.0640000000003056,0.0108
b22_C,_14822_,NAND2,0,0,2,2,10,30,446,-6.470277410830505e-05,1.33,0.5320000000010623,0.0108
b22_C,_14823_,NAND3,0,0,3,2,11,29,88,-6.605019819971858e-08,1.862,0.7980000000006839,0.0108
b22_C,_14824_,OAI21,0,0,3,7,7,33,173,0.0,1.862,0.7980000000006839,0.0108
b22_C,_14825_,NOR2,0,0,2,2,6,31,383,-3.7807133421496886e-05,1.33,0.5320000000010623,0.0108
b22_C,_14826_,XOR2,0,0,2,2,9,31,383,-0.0021377542932630167,2.394,0.7980000000006839,0.0108
b22_C,_14827_,AOI211,0,0,4,3,10,30,380,-0.0003766842800529968,2.394,1.0640000000003056,0.0108
b22_C,_14828_,AND2,0,0,2,3,8,30,380,-0.00017007926023793196,1.33,0.26599999999962165,0.0108
b22_C,_14829_,OAI21,0,0,3,2,11,29,88,0.0,1.862,0.7980000000006839,0.0108
b22_C,_14830_,NAND2,0,0,2,1,12,28,85,0.0,1.33,0.5320000000010623,0.0108
b22_C,_14831_,NAND3,0,0,3,3,13,27,84,-1.1307793923664988e-05,1.862,0.7980000000006839,0.0108
b22_C,_14832_,XNOR2,0,0,2,8,5,32,227,2.7080581239680157e-06,2.66,1.0640000000003056,0.0108
b22_C,_14833_,NAND2,0,0,2,2,8,32,409,-6.605019819971858e-08,1.33,0.5320000000010623,0.0108
b22_C,_14834_,NOR2,0,0,2,8,9,31,200,-4.75561426904747e-07,1.33,0.5320000000010623,0.0108
b22_C,_14835_,AND4,0,0,4,7,9,29,444,0.0,1.862,0.26599999999962165,0.0108
b22_C,_14836_,OAI211,0,0,4,2,12,28,85,-3.038309115410698e-07,2.394,1.0640000000003056,0.0108
b22_C,_14837_,AOI222,0,0,6,1,8,32,479,0.0,3.724,1.5960000000013679,0.0108
b22_C,_14838_,NAND2,0,0,2,1,1,33,480,-3.2232496698370028e-06,1.33,0.5320000000010623,0.0108
b22_C,_14839_,XOR2,0,0,2,3,2,32,479,0.0,2.394,0.7980000000006839,0.0108
b22_C,_14840_,OAI21,0,0,3,3,9,31,478,0.0,1.862,0.7980000000006839,0.0108
b22_C,_14841_,BUF,0,0,1,10,10,30,377,0.0,1.064,0.26599999999962165,0.0108
b22_C,_14842_,NAND2,0,0,2,3,11,29,90,-1.2034346103195759e-05,1.33,0.5320000000010623,0.0108
b22_C,_14843_,NAND2,0,0,2,3,7,31,578,-0.00016837516512557826,1.33,0.5320000000010623,0.0108
b22_C,_14844_,OAI21,0,1,3,3,10,31,578,-6.636723910191655e-05,1.862,0.7980000000006839,0.0108
b22_C,_14845_,NAND3,0,0,3,4,11,30,490,-8.467635402853446e-06,1.862,0.7980000000006839,0.0108
b22_C,_14846_,NAND2,0,0,2,1,3,32,703,-3.3566710700316804e-05,1.33,0.5320000000010623,0.0108
b22_C,_14847_,XNOR2,0,0,2,10,4,31,702,3.844121532203815e-06,2.66,1.0640000000003056,0.0108
b22_C,_14848_,NAND2,0,0,2,4,10,30,490,-5.939233817731093e-05,1.33,0.5320000000010623,0.0108
b22_C,_14849_,NAND3,0,0,3,3,12,29,91,-6.605019819971858e-08,1.862,0.7980000000006839,0.0108
b22_C,_14850_,AND3,0,0,3,3,11,30,337,-4.887714663448506e-06,1.596,0.26599999999962165,0.0108
b22_C,_14851_,AND2,0,0,2,3,8,30,337,-0.00016783355350069584,1.33,0.26599999999962165,0.0108
b22_C,_14852_,OAI21,0,0,3,3,12,29,91,0.0,1.862,0.7980000000006839,0.0108
b22_C,_14853_,NAND3,0,0,3,2,13,28,85,0.0,1.862,0.7980000000006839,0.0108
b22_C,_14854_,AND2,0,0,2,4,8,32,496,0.0,1.33,0.26599999999962165,0.0108
b22_C,_14855_,NAND2,0,0,2,1,8,33,497,0.0,1.33,0.5320000000010623,0.0108
b22_C,_14856_,NAND2,0,0,2,1,7,33,497,0.0,1.33,0.5320000000010623,0.0108
b22_C,_14857_,XNOR2,0,0,2,3,1,33,498,-3.910171730625578e-06,2.66,1.0640000000003056,0.0108
b22_C,_14858_,OAI211,0,0,4,4,9,32,496,5.284015847095702e-08,2.394,1.0640000000003056,0.0108
b22_C,_14859_,NOR2,0,0,2,8,10,31,462,3.5006605019205495e-06,1.33,0.5320000000010623,0.0108
b22_C,_14860_,NOR2,0,0,2,2,7,32,483,-3.63540290622133e-05,1.33,0.5320000000010623,0.0108
b22_C,_14861_,AOI211,0,0,4,3,9,31,480,-0.00026960369881123825,2.394,1.0640000000003056,0.0108
b22_C,_14862_,NOR2,0,0,2,1,3,34,728,-0.0045835799207398775,1.33,0.5320000000010623,0.0108
b22_C,_14863_,XNOR2,0,0,2,10,4,33,727,3.08058124172117e-05,2.66,1.0640000000003056,0.0108
b22_C,_14864_,AND2,0,0,2,3,9,31,480,-0.00011239101717319677,1.33,0.26599999999962165,0.0108
b22_C,_14865_,NOR3,0,0,3,2,10,30,96,0.0,1.862,0.7980000000006839,0.0108
b22_C,_14866_,INV,0,0,1,3,1,38,1482,0.0,0.798,0.26599999999962165,0.0108
b22_C,_14867_,NAND2,0,0,2,1,7,32,414,-0.00016837516512557826,1.33,0.5320000000010623,0.0108
b22_C,_14868_,XNOR2,0,0,2,1,8,32,414,-9.86789960388812e-06,2.66,1.0640000000003056,0.0108
b22_C,_14869_,OAI211,0,0,4,3,9,31,413,-0.00013758256274787328,2.394,1.0640000000003056,0.0108
b22_C,_14870_,NAND2,0,0,2,3,8,31,413,-0.0003412153236459492,1.33,0.5320000000010623,0.0108
b22_C,_14871_,AOI21,0,0,3,2,10,30,96,0.0,1.862,0.7980000000006839,0.0108
b22_C,_14872_,NOR2,0,0,2,2,11,29,94,0.0,1.33,0.5320000000010623,0.0108
b22_C,_14873_,OR2,0,0,2,6,10,30,162,-1.3210039728761558e-08,1.33,0.26599999999962165,0.0108
b22_C,_14874_,AOI211,0,0,4,2,11,29,93,-1.0766182298560523e-05,2.394,1.0640000000003056,0.0108
b22_C,_14875_,NAND2,0,0,2,2,7,33,518,0.0,1.33,0.5320000000010623,0.0108
b22_C,_14876_,OR2,0,0,2,2,8,33,518,-1.770145310553417e-06,1.33,0.26599999999962165,0.0108
b22_C,_14877_,NAND2,0,0,2,2,7,33,518,0.0,1.33,0.5320000000010623,0.0108
b22_C,_14878_,NAND2,0,0,2,2,7,33,518,0.0,1.33,0.5320000000010623,0.0108
b22_C,_14879_,NAND4,0,0,4,7,9,32,402,7.992073976170744e-06,2.394,1.0640000000003056,0.0108
b22_C,_14880_,NAND2,0,4,2,2,10,31,102,-7.397622194815767e-07,1.33,0.5320000000010623,0.0108
b22_C,_14881_,INV,0,0,1,4,1,38,1692,0.0,0.798,0.26599999999962165,0.0108
b22_C,_14882_,NAND2,0,0,2,1,9,33,365,-0.0001345178335536712,1.33,0.5320000000010623,0.0108
b22_C,_14883_,OAI211,0,0,4,2,10,32,364,-0.00011188903566727859,2.394,1.0640000000003056,0.0108
b22_C,_14884_,NOR2,0,0,2,1,3,36,764,0.0,1.33,0.5320000000010623,0.0108
b22_C,_14885_,XOR2,0,0,2,10,4,35,763,2.8929986789716367e-05,2.394,0.7980000000006839,0.0108
b22_C,_14886_,NAND2,0,0,2,2,9,32,364,-0.00022224570673712307,1.33,0.5320000000010623,0.0108
b22_C,_14887_,NAND3,0,0,3,2,11,31,102,5.284015847095702e-08,1.862,0.7980000000006839,0.0108
b22_C,_14888_,NOR2,0,0,2,3,9,32,617,-8.441215323840012e-06,1.33,0.5320000000010623,0.0108
b22_C,_14889_,NOR2,0,0,2,2,5,33,620,-3.8177014531237674e-05,1.33,0.5320000000010623,0.0108
b22_C,_14890_,AOI211,0,0,4,3,8,32,617,-0.000378877146631762,2.394,1.0640000000003056,0.0108
b22_C,_14891_,OR3,0,0,3,2,10,31,102,0.0,1.596,0.26599999999962165,0.0108
b22_C,_14892_,AND3,0,0,3,3,12,29,98,-1.1994715984231519e-05,1.596,0.26599999999962165,0.0108
b22_C,_14893_,AOI21,0,4,3,4,12,30,99,8.428005283889206e-06,1.862,0.7980000000006839,0.0108
b22_C,_14894_,AOI22,0,0,4,5,6,35,843,0.0,2.394,1.0640000000003056,0.0108
b22_C,_14895_,AOI22,0,0,4,1,7,34,539,0.0,2.394,1.0640000000003056,0.0108
b22_C,_14896_,AOI22,0,0,4,1,7,34,539,0.0,2.394,1.0640000000003056,0.0108
b22_C,_14897_,NAND2,0,0,2,3,8,33,538,0.0,1.33,0.5320000000010623,0.0108
b22_C,_14898_,BUF,0,0,1,10,9,32,425,0.0,1.064,0.26599999999962165,0.0108
b22_C,_14899_,NAND2,0,0,2,3,10,31,106,-1.2034346103195759e-05,1.33,0.5320000000010623,0.0108
b22_C,_14900_,OAI21,0,6,3,2,2,39,852,-0.00014124174372542875,1.862,0.7980000000006839,0.0108
b22_C,_14901_,XNOR2,0,0,2,10,3,36,795,-2.2272126816380577e-05,2.66,1.0640000000003056,0.0108
b22_C,_14902_,NAND2,0,0,2,4,9,32,417,-0.0002219815059447683,1.33,0.5320000000010623,0.0108
b22_C,_14903_,NAND3,0,1,3,3,7,33,649,-3.906208718640336e-05,1.862,0.7980000000006839,0.0108
b22_C,_14904_,OR2,0,0,2,3,5,33,649,-1.690885072669346e-05,1.33,0.26599999999962165,0.0108
b22_C,_14905_,NAND3,0,0,3,4,9,32,417,-1.0343461030570822e-05,1.862,0.7980000000006839,0.0108
b22_C,_14906_,NAND3,0,0,3,3,10,31,107,0.0,1.862,0.7980000000006839,0.0108
b22_C,_14907_,AND2,0,0,2,4,8,32,544,-0.00016981505944535513,1.33,0.26599999999962165,0.0108
b22_C,_14908_,AND3,0,1,3,4,9,32,544,5.468956406851078e-06,1.596,0.26599999999962165,0.0108
b22_C,_14909_,OAI21,0,0,3,3,10,31,107,-4.451783355507999e-06,1.862,0.7980000000006839,0.0108
b22_C,_14910_,AOI21,0,0,3,2,11,30,100,0.0,1.862,0.7980000000006839,0.0108
b22_C,_14911_,AOI22,0,0,4,2,7,34,556,0.0,2.394,1.0640000000003056,0.0108
b22_C,_14912_,AOI22,0,0,4,2,7,34,556,0.0,2.394,1.0640000000003056,0.0108
b22_C,_14913_,AND2,0,0,2,7,8,33,507,0.0,1.33,0.26599999999962165,0.0108
b22_C,_14914_,INV,0,0,1,1,1,39,827,-0.000172021136063627,0.798,0.26599999999962165,0.0108
b22_C,_14915_,AND2,0,0,2,1,2,39,827,-9.297225891713445e-05,1.33,0.26599999999962165,0.0108
b22_C,_14916_,OAI22,0,6,4,10,3,38,826,0.0002860634081900404,2.394,1.0640000000003056,0.0108
b22_C,_14917_,NAND2,0,0,2,4,8,33,442,-0.0004069749009247836,1.33,0.5320000000010623,0.0108
b22_C,_14918_,INV,0,16,1,2,1,40,1583,9.042272126791318e-05,0.798,0.26599999999962165,0.0108
b22_C,_14919_,NAND2,0,0,2,2,6,34,445,-0.00028696169088537893,1.33,0.5320000000010623,0.0108
b22_C,_14920_,OAI211,0,0,4,4,8,33,442,-0.00015501981505949836,2.394,1.0640000000003056,0.0108
b22_C,_14921_,NAND3,0,0,3,2,9,32,111,0.0,1.862,0.7980000000006839,0.0108
b22_C,_14922_,AND2,0,0,2,4,9,33,559,-0.000140052840158722,1.33,0.26599999999962165,0.0108
b22_C,_14923_,NOR2,0,0,2,1,7,34,560,-5.229854689581259e-05,1.33,0.5320000000010623,0.0108
b22_C,_14924_,AOI211,0,51,4,4,9,33,559,0.0012861558784675875,2.394,1.0640000000003056,0.0108
b22_C,_14925_,OAI21,0,6,3,2,10,32,111,-0.0009921796565390828,1.862,0.7980000000006839,0.0108
b22_C,_14926_,AND2,0,0,2,2,11,31,109,-2.877146631452554e-05,1.33,0.26599999999962165,0.0108
b22_C,_14927_,NAND2,0,0,2,8,8,33,189,0.0,1.33,0.5320000000010623,0.0108
b22_C,_14928_,NAND2,0,0,2,2,9,32,110,-3.196829590490502e-05,1.33,0.5320000000010623,0.0108
b22_C,_14929_,AND3,0,6,3,2,11,31,108,1.1215323645785702e-05,1.596,0.26599999999962165,0.0108
b22_C,_14930_,MUX2,0,1,3,2,6,35,674,-1.2166446499595196e-05,2.394,0.5320000000010623,0.0108
b22_C,_14931_,MUX2,0,0,3,2,8,34,672,-6.8956406871212295e-06,2.394,0.5320000000010623,0.0108
b22_C,_14932_,CLKBUF,0,0,1,10,9,33,570,8.850726551656862e-07,1.064,0.26599999999962165,0.0108
b22_C,_14933_,NOR2,0,0,2,2,10,31,108,-2.7741083230559127e-07,1.33,0.5320000000010623,0.0108
b22_C,_14934_,AOI22,0,0,4,2,7,34,552,0.0,2.394,1.0640000000003056,0.0108
b22_C,_14935_,AOI22,0,0,4,2,7,34,552,0.0,2.394,1.0640000000003056,0.0108
b22_C,_14936_,AND2,0,0,2,2,8,33,402,0.0,1.33,0.26599999999962165,0.0108
b22_C,_14937_,NAND2,0,0,2,4,10,32,369,8.850726551656862e-07,1.33,0.5320000000010623,0.0108
b22_C,_14938_,INV,0,0,1,5,10,32,404,-2.377807135633958e-07,0.798,0.26599999999962165,0.0108
b22_C,_14939_,OAI21,0,0,3,2,11,31,108,-4.055482166442914e-05,1.862,0.7980000000006839,0.0108
b22_C,_14941_,NAND3,0,0,3,2,11,30,100,-1.1281373844207465e-05,1.862,0.7980000000006839,0.0108
b22_C,_14942_,AOI211,0,10,4,1,13,29,88,-5.5521796565649595e-05,2.394,1.0640000000003056,0.0108
b22_C,_14944_,AOI21,0,0,3,2,13,28,85,0.0,1.862,0.7980000000006839,0.0108
b22_C,_14945_,OAI211,0,10,4,2,15,27,81,-3.7608982827119775e-05,2.394,1.0640000000003056,0.0108
b22_C,_14946_,AND2,0,0,2,1,16,3,2,-6.051519154581797e-05,1.33,0.26599999999962165,0.0108
b22_C,_14947_,XNOR2,0,0,2,1,17,2,1,0.0,2.66,1.0640000000003056,0.0108
b22_C,_14948_,OAI221,0,1,5,0,19,1,0,-5.099075297332334e-06,2.926,1.3300000000017462,0.0108
b22_C,_14949_,NAND2,0,0,2,1,2,4,3,-5.508586526037362e-06,1.33,0.5320000000010623,0.0108
b22_C,_14950_,BUF,0,0,1,10,8,27,639,0.0,1.064,0.26599999999962165,0.0108
b22_C,_14951_,BUF,0,0,1,10,9,18,299,9.247027743519709e-08,1.064,0.26599999999962165,0.0108
b22_C,_14952_,BUF,0,0,1,10,8,27,677,0.0,1.064,0.26599999999962165,0.0108
b22_C,_14953_,BUF,0,0,1,10,9,20,340,0.0,1.064,0.26599999999962165,0.0108
b22_C,_14954_,AOI22,0,0,4,1,10,16,106,-3.963011896424007e-08,2.394,1.0640000000003056,0.0108
b22_C,_14955_,INV,0,0,1,2,1,18,167,0.0,0.798,0.26599999999962165,0.0108
b22_C,_14956_,INV,0,0,1,2,1,21,334,0.0,0.798,0.26599999999962165,0.0108
b22_C,_14957_,INV,0,0,1,2,1,23,425,0.0,0.798,0.26599999999962165,0.0108
b22_C,_14958_,INV,0,0,1,1,1,28,548,0.0,0.798,0.26599999999962165,0.0108
