DESIGN,CELL,LOGIC-TYPE,PATH-OCURENCE,PATHS-OCURENCE,FA-IN,FA-OUT,LOGIC-LEVEL,DEEP,LOADED-CELLS,DIF-ARRIVAL,CELL-AREA,COST-AREA,POWER
c6288,_1370_,BUF,0,0,1,10,1,30,68,5.312500000131948e-06,1.064,0.2660000000000764,0.0992
c6288,_1371_,BUF,0,2,1,10,1,47,980,0.0006209375000001405,1.064,0.2660000000000764,0.0992
c6288,_1372_,BUF,0,1,1,10,2,46,491,0.0004318750000000815,1.064,0.2660000000000764,0.0992
c6288,_1373_,AND2,0,1,2,0,3,1,0,1.9687500000031832e-05,1.33,0.265999999999849,0.0992
c6288,_1374_,BUF,0,0,1,10,1,15,90,0.0,1.064,0.2660000000000764,0.0992
c6288,_1375_,BUF,0,0,1,10,2,10,49,6.250000001983835e-07,1.064,0.2660000000000764,0.0992
c6288,_1376_,CLKBUF,0,0,1,10,1,35,321,0.0,1.064,0.2660000000000764,0.0992
c6288,_1377_,NAND2,0,0,2,2,3,8,16,-6.249999997542943e-07,1.33,0.5319999999999254,0.0992
c6288,_1378_,BUF,0,0,1,10,1,46,674,0.0,1.064,0.2660000000000764,0.0992
c6288,_1379_,NAND2,0,0,2,3,2,45,550,0.0,1.33,0.5319999999999254,0.0992
c6288,_1380_,BUF,1,17,1,10,1,46,698,0.0016103124999999885,1.064,0.2660000000000764,0.0992
c6288,_1381_,NAND4,1,15,4,3,2,45,552,-0.0015609374999998593,2.394,1.0640000000000782,0.0992
c6288,_1382_,AOI22,0,0,4,1,1,45,550,-0.0013937500000000824,2.394,1.0640000000000782,0.0992
c6288,_1383_,AND4,0,0,4,1,1,45,550,-0.0006168749999999612,1.862,0.2660000000000764,0.0992
c6288,_1384_,OAI21,1,15,3,3,3,44,549,0.0005296875000000423,1.862,0.7980000000000018,0.0992
c6288,_1385_,BUF,0,0,1,10,1,45,634,0.0,1.064,0.2660000000000764,0.0992
c6288,_1386_,OR2,0,0,2,2,3,44,485,-0.0018243749999999892,1.33,0.265999999999849,0.0992
c6288,_1387_,AOI21,0,0,3,3,4,43,483,-0.002696875000000043,1.862,0.7980000000000018,0.0992
c6288,_1388_,AND3,0,0,3,3,4,43,483,-0.0013125000000000497,1.596,0.2660000000000764,0.0992
c6288,_1389_,BUF,0,13,1,10,1,47,1048,0.005315937500000034,1.064,0.2660000000000764,0.0992
c6288,_1390_,NAND2,0,0,2,3,2,45,590,-0.0021521874999999024,1.33,0.5319999999999254,0.0992
c6288,_1391_,NAND2,0,0,2,2,2,45,589,-0.0011646874999999834,1.33,0.5319999999999254,0.0992
c6288,_1392_,AND4,0,2,4,1,2,45,538,-0.0014556249999999604,1.862,0.2660000000000764,0.0992
c6288,_1393_,AOI22,0,0,4,1,2,45,538,-0.0035212499999999203,2.394,1.0640000000000782,0.0992
c6288,_1394_,OAI22,0,2,4,5,3,44,537,0.0002196875000000098,2.394,1.0640000000000782,0.0992
c6288,_1395_,NAND2,0,0,2,2,1,44,536,0.0,1.33,0.5319999999999254,0.0992
c6288,_1396_,AND2,0,1,2,2,2,45,631,-0.00012593750000000625,1.33,0.265999999999849,0.0992
c6288,_1397_,NAND2,0,0,2,2,1,45,672,-0.0008987500000001702,1.33,0.5319999999999254,0.0992
c6288,_1398_,NAND4,0,0,4,2,3,44,537,-0.002113124999999938,2.394,1.0640000000000782,0.0992
c6288,_1399_,NAND3,0,0,3,3,4,43,483,-0.004385000000000083,1.862,0.7980000000000018,0.0992
c6288,_1400_,AOI211,0,0,4,1,5,42,426,-0.00388437499999994,2.394,1.0640000000000782,0.0992
c6288,_1401_,OAI211,0,0,4,1,5,42,426,-0.00455218749999986,2.394,1.0640000000000782,0.0992
c6288,_1402_,NAND2,0,0,2,2,1,42,479,0.0,1.33,0.5319999999999254,0.0992
c6288,_1403_,AOI21,0,0,3,2,6,41,425,0.0,1.862,0.7980000000000018,0.0992
c6288,_1404_,AND2,0,0,2,2,2,42,486,0.0,1.33,0.265999999999849,0.0992
c6288,_1405_,NOR2,0,0,2,1,3,44,489,-0.004217499999999985,1.33,0.5319999999999254,0.0992
c6288,_1406_,INV,0,0,1,1,3,44,489,0.0,0.798,0.2660000000000764,0.0992
c6288,_1407_,OAI21,1,15,3,2,4,43,488,0.00029125000000007617,1.862,0.7980000000000018,0.0992
c6288,_1408_,NAND2,0,0,2,1,2,45,490,-0.0022171875000001062,1.33,0.5319999999999254,0.0992
c6288,_1409_,OAI211,0,0,4,2,3,44,489,-0.0031396875000000435,2.394,1.0640000000000782,0.0992
c6288,_1410_,NAND2,0,0,2,1,2,45,559,-0.002220312499999988,1.33,0.5319999999999254,0.0992
c6288,_1411_,NAND4,0,0,4,3,3,44,558,-0.002075312499999926,2.394,1.0640000000000782,0.0992
c6288,_1412_,NAND2,0,0,2,1,4,43,487,0.0,1.33,0.5319999999999254,0.0992
c6288,_1413_,XOR2,1,15,2,2,5,42,486,-0.00199468749999987,2.394,0.7980000000000018,0.0992
c6288,_1414_,XNOR2,0,0,2,2,6,41,425,-0.002244375000000076,2.66,1.0640000000000782,0.0992
c6288,_1415_,NOR2,0,0,2,1,7,39,373,0.0,1.33,0.5319999999999254,0.0992
c6288,_1416_,XNOR2,0,0,2,2,7,40,423,0.0,2.66,1.0640000000000782,0.0992
c6288,_1417_,AOI21,0,0,3,2,8,39,421,0.0,1.862,0.7980000000000018,0.0992
c6288,_1418_,NOR2,0,0,2,2,9,38,372,2.2187499999937188e-05,1.33,0.5319999999999254,0.0992
c6288,_1419_,NAND2,0,0,2,1,2,39,373,0.0,1.33,0.5319999999999254,0.0992
c6288,_1420_,NAND2,0,0,2,2,2,43,497,-0.002220312499999988,1.33,0.5319999999999254,0.0992
c6288,_1421_,NAND3,0,0,3,3,4,43,499,-0.0020559374999997715,1.862,0.7980000000000018,0.0992
c6288,_1422_,NAND2,0,0,2,3,2,43,499,0.0,1.33,0.5319999999999254,0.0992
c6288,_1423_,XOR2,0,0,2,1,5,42,432,0.0,2.394,0.7980000000000018,0.0992
c6288,_1424_,XNOR2,0,0,2,2,6,41,431,0.0,2.66,1.0640000000000782,0.0992
c6288,_1425_,OR2,1,15,2,2,6,41,431,0.0009500000000000064,1.33,0.265999999999849,0.0992
c6288,_1426_,NAND3,0,0,3,2,5,41,431,-0.002251562499999915,1.862,0.7980000000000018,0.0992
c6288,_1427_,AOI21,0,0,3,2,7,40,429,-0.0017296875000001322,1.862,0.7980000000000018,0.0992
c6288,_1428_,AND3,1,15,3,1,7,40,429,0.000241874999999947,1.596,0.2660000000000764,0.0992
c6288,_1429_,OR2,1,15,2,2,8,39,428,0.0009500000000000064,1.33,0.265999999999849,0.0992
c6288,_1430_,XOR2,1,15,2,2,9,38,372,-0.000754687499999962,2.394,0.7980000000000018,0.0992
c6288,_1431_,NOR2,0,0,2,1,10,36,314,-0.001967812499999999,1.33,0.5319999999999254,0.0992
c6288,_1432_,XOR2,1,15,2,2,10,37,370,-0.0009424999999998462,2.394,0.7980000000000018,0.0993
c6288,_1433_,NAND2,0,0,2,2,1,37,370,0.0,1.33,0.5319999999999254,0.0992
c6288,_1434_,AOI21,0,0,3,2,11,35,313,-0.0013890624999999268,1.862,0.7980000000000018,0.0992
c6288,_1435_,NAND2,0,0,2,2,2,36,364,0.0,1.33,0.5319999999999254,0.0992
c6288,_1436_,BUF,0,0,1,10,1,42,851,0.0,1.064,0.2660000000000764,0.0992
c6288,_1437_,AOI21,0,0,3,1,9,38,367,-0.001545624999999884,1.862,0.7980000000000018,0.0992
c6288,_1438_,NOR2,0,0,2,2,10,37,366,-3.1250000009919177e-07,1.33,0.5319999999999254,0.0992
c6288,_1439_,NAND2,0,0,2,2,2,40,427,-0.002220312499999988,1.33,0.5319999999999254,0.0992
c6288,_1440_,NAND2,0,0,2,1,5,42,430,0.0,1.33,0.5319999999999254,0.0992
c6288,_1441_,NOR2,0,0,2,1,5,42,430,0.0,1.33,0.5319999999999254,0.0992
c6288,_1442_,INV,0,0,1,1,3,42,430,0.0,0.798,0.2660000000000764,0.0992
c6288,_1443_,OAI21,0,0,3,2,6,41,429,0.0,1.862,0.7980000000000018,0.0992
c6288,_1444_,CLKBUF,0,0,1,10,1,42,841,0.0,1.064,0.2660000000000764,0.0992
c6288,_1445_,NAND2,0,0,2,2,2,41,429,0.0,1.33,0.5319999999999254,0.0992
c6288,_1446_,XOR2,0,0,2,2,7,40,427,0.0,2.394,0.7980000000000018,0.0992
c6288,_1447_,XNOR2,0,0,2,2,8,37,366,0.0,2.66,1.0640000000000782,0.0992
c6288,_1448_,XOR2,0,0,2,2,11,36,364,0.0,2.394,0.7980000000000018,0.0992
c6288,_1449_,XNOR2,0,0,2,2,12,35,313,0.0,2.66,1.0640000000000782,0.0992
c6288,_1450_,NOR2,0,0,2,1,13,33,261,0.0,1.33,0.5319999999999254,0.0992
c6288,_1451_,XOR2,0,0,2,2,13,34,311,0.0,2.394,0.7980000000000018,0.0993
c6288,_1452_,BUF,0,0,1,10,1,37,641,0.0,1.064,0.2660000000000764,0.0992
c6288,_1453_,NAND2,0,0,2,2,2,34,311,0.0,1.33,0.5319999999999254,0.0992
c6288,_1454_,AOI21,0,0,3,2,14,32,260,0.0,1.862,0.7980000000000018,0.0993
c6288,_1455_,NAND2,0,0,2,2,2,33,306,0.0,1.33,0.5319999999999254,0.0992
c6288,_1456_,NOR2,0,0,2,2,11,35,309,0.0,1.33,0.5319999999999254,0.0992
c6288,_1457_,AND2,0,0,2,2,12,35,309,0.0,1.33,0.265999999999849,0.0992
c6288,_1458_,NOR2,0,0,2,1,13,34,307,0.0,1.33,0.5319999999999254,0.0992
c6288,_1459_,BUF,0,0,1,10,1,39,673,0.0,1.064,0.2660000000000764,0.0992
c6288,_1460_,AND2,0,0,2,1,7,40,368,0.0,1.33,0.265999999999849,0.0992
c6288,_1461_,AOI21,0,0,3,2,8,39,367,0.0,1.862,0.7980000000000018,0.0992
c6288,_1462_,BUF,0,0,1,10,2,41,780,0.0,1.064,0.2660000000000764,0.0992
c6288,_1463_,NAND2,0,0,2,1,3,39,366,0.0,1.33,0.5319999999999254,0.0992
c6288,_1464_,XOR2,0,0,2,2,9,38,365,0.0,2.394,0.7980000000000018,0.0992
c6288,_1465_,AND3,0,0,3,1,10,36,310,-0.0010825000000000973,1.596,0.2660000000000764,0.0992
c6288,_1466_,AOI21,0,0,3,2,10,37,363,-0.002758749999999921,1.862,0.7980000000000018,0.0992
c6288,_1467_,OR2,0,0,2,1,11,35,309,0.0,1.33,0.265999999999849,0.0992
c6288,_1468_,INV,0,0,1,2,12,34,308,0.0,0.798,0.2660000000000764,0.0992
c6288,_1469_,XNOR2,0,0,2,2,14,33,306,0.0,2.66,1.0640000000000782,0.0993
c6288,_1470_,XNOR2,0,0,2,2,15,32,260,0.0,2.66,1.0640000000000782,0.0993
c6288,_1471_,NOR2,0,0,2,1,16,30,213,0.0,1.33,0.5319999999999254,0.0993
c6288,_1472_,XOR2,0,0,2,2,16,31,258,0.0,2.394,0.7980000000000018,0.0993
c6288,_1473_,BUF,0,0,1,10,1,35,573,0.0,1.064,0.2660000000000764,0.0992
c6288,_1474_,NAND2,0,0,2,2,2,31,258,0.0,1.33,0.5319999999999254,0.0992
c6288,_1475_,AOI21,0,0,3,2,17,29,212,0.0,1.862,0.7980000000000018,0.0993
c6288,_1476_,AND2,0,0,2,2,2,30,253,0.0,1.33,0.265999999999849,0.0992
c6288,_1477_,OAI21,0,0,3,1,13,32,256,0.0,1.862,0.7980000000000018,0.0992
c6288,_1478_,NAND2,0,0,2,1,15,32,256,0.0,1.33,0.5319999999999254,0.0992
c6288,_1479_,AND2,0,0,2,2,16,31,255,0.0,1.33,0.265999999999849,0.0992
c6288,_1480_,CLKBUF,0,0,1,10,2,36,315,-0.0009334375000000783,1.064,0.2660000000000764,0.0992
c6288,_1481_,NAND2,0,0,2,2,3,35,305,0.0,1.33,0.5319999999999254,0.0992
c6288,_1482_,CLKBUF,0,0,1,10,3,40,606,0.0,1.064,0.2660000000000764,0.0992
c6288,_1483_,AOI21,0,0,3,1,9,37,308,0.0,1.862,0.7980000000000018,0.0992
c6288,_1484_,OR2,0,0,2,2,11,36,307,0.0,1.33,0.265999999999849,0.0992
c6288,_1485_,NAND2,0,0,2,2,2,36,307,0.0,1.33,0.5319999999999254,0.0992
c6288,_1486_,XOR2,0,0,2,2,12,35,305,0.0,2.394,0.7980000000000018,0.0992
c6288,_1487_,XNOR2,0,0,2,2,13,31,255,0.0,2.66,1.0640000000000782,0.0992
c6288,_1488_,XNOR2,0,0,2,2,17,30,253,0.0,2.66,1.0640000000000782,0.0993
c6288,_1489_,XNOR2,0,0,2,2,18,29,212,0.0,2.66,1.0640000000000782,0.0993
c6288,_1490_,NOR2,0,0,2,1,19,27,170,0.0,1.33,0.5319999999999254,0.0993
c6288,_1491_,XOR2,0,0,2,2,19,28,210,0.0,2.394,0.7980000000000018,0.0993
c6288,_1492_,BUF,0,0,1,10,1,33,477,0.0,1.064,0.2660000000000764,0.0992
c6288,_1493_,NAND2,0,0,2,2,2,28,210,0.0,1.33,0.5319999999999254,0.0992
c6288,_1494_,AOI21,0,0,3,2,20,26,169,0.0,1.862,0.7980000000000018,0.0993
c6288,_1495_,BUF,0,0,1,10,2,28,213,0.0,1.064,0.2660000000000764,0.0992
c6288,_1496_,NAND2,0,0,2,1,3,27,170,0.0,1.33,0.5319999999999254,0.0992
c6288,_1497_,NAND2,0,0,2,2,3,32,253,0.0,1.33,0.5319999999999254,0.0992
c6288,_1498_,NAND2,0,0,2,1,12,34,256,0.0,1.33,0.5319999999999254,0.0992
c6288,_1499_,NAND2,0,0,2,1,13,34,256,0.0,1.33,0.5319999999999254,0.0992
c6288,_1500_,NAND2,0,0,2,2,14,33,255,0.0,1.33,0.5319999999999254,0.0992
c6288,_1501_,NAND2,0,0,2,2,2,33,255,0.0,1.33,0.5319999999999254,0.0992
c6288,_1502_,XOR2,0,0,2,2,15,32,253,0.0,2.394,0.7980000000000018,0.0992
c6288,_1503_,XNOR2,0,0,2,2,16,29,208,0.0,2.66,1.0640000000000782,0.0992
c6288,_1504_,OR2,0,0,2,2,18,29,208,0.0,1.33,0.265999999999849,0.0992
c6288,_1505_,OR2,0,0,2,2,17,29,208,0.0,1.33,0.265999999999849,0.0992
c6288,_1506_,AOI21,0,0,3,2,19,28,206,0.0,1.862,0.7980000000000018,0.0993
c6288,_1507_,AND3,0,0,3,1,19,28,206,0.0,1.596,0.2660000000000764,0.0992
c6288,_1508_,OR2,0,0,2,2,20,27,205,0.0,1.33,0.265999999999849,0.0993
c6288,_1509_,XOR2,0,0,2,2,21,26,169,0.0,2.394,0.7980000000000018,0.0993
c6288,_1510_,NOR2,0,0,2,1,22,24,133,0.0,1.33,0.5319999999999254,0.0993
c6288,_1511_,XOR2,0,0,2,2,22,25,167,0.0,2.394,0.7980000000000018,0.0993
c6288,_1512_,BUF,0,0,1,10,1,31,441,0.0,1.064,0.2660000000000764,0.0992
c6288,_1513_,NAND2,0,0,2,2,2,25,167,0.0,1.33,0.5319999999999254,0.0992
c6288,_1514_,AOI21,0,0,3,2,23,23,132,0.0,1.862,0.7980000000000018,0.0993
c6288,_1515_,NAND2,0,0,2,2,3,24,163,0.0,1.33,0.5319999999999254,0.0992
c6288,_1516_,AOI21,0,0,3,1,21,26,166,0.0,1.862,0.7980000000000018,0.0993
c6288,_1517_,NOR2,0,0,2,2,22,25,165,0.0,1.33,0.5319999999999254,0.0993
c6288,_1518_,NAND2,0,0,2,2,3,29,205,0.0,1.33,0.5319999999999254,0.0992
c6288,_1519_,NAND2,0,0,2,1,15,31,208,0.0,1.33,0.5319999999999254,0.0992
c6288,_1520_,NAND2,0,0,2,1,16,31,208,0.0,1.33,0.5319999999999254,0.0992
c6288,_1521_,NAND2,0,0,2,2,17,30,207,0.0,1.33,0.5319999999999254,0.0992
c6288,_1522_,CLKBUF,0,0,1,10,2,31,215,0.0,1.064,0.2660000000000764,0.0992
c6288,_1523_,NAND2,0,0,2,2,3,30,207,0.0,1.33,0.5319999999999254,0.0992
c6288,_1524_,XOR2,0,0,2,2,18,29,205,0.0,2.394,0.7980000000000018,0.0992
c6288,_1525_,XNOR2,0,0,2,2,19,25,165,0.0,2.66,1.0640000000000782,0.0992
c6288,_1526_,XOR2,0,0,2,2,23,24,163,0.0,2.394,0.7980000000000018,0.0993
c6288,_1527_,XNOR2,0,0,2,2,24,23,132,0.0,2.66,1.0640000000000782,0.0993
c6288,_1528_,NOR2,0,0,2,1,25,21,100,0.0,1.33,0.5319999999999254,0.0993
c6288,_1529_,XOR2,0,0,2,2,25,22,130,0.0,2.394,0.7980000000000018,0.0993
c6288,_1530_,BUF,0,0,1,10,1,29,375,0.0,1.064,0.2660000000000764,0.0992
c6288,_1531_,NAND2,0,0,2,2,2,22,130,0.0,1.33,0.5319999999999254,0.0992
c6288,_1532_,AOI21,0,0,3,2,26,20,99,0.0,1.862,0.7980000000000018,0.0993
c6288,_1533_,NAND2,0,0,2,2,3,21,126,0.0,1.33,0.5319999999999254,0.0992
c6288,_1534_,NOR2,0,0,2,1,23,23,129,0.0,1.33,0.5319999999999254,0.0992
c6288,_1535_,AOI21,0,0,3,2,24,22,128,0.0,1.862,0.7980000000000018,0.0993
c6288,_1536_,NAND2,0,0,2,2,3,26,163,0.0,1.33,0.5319999999999254,0.0992
c6288,_1537_,NAND2,0,0,2,1,18,28,166,0.0,1.33,0.5319999999999254,0.0992
c6288,_1538_,NAND2,0,0,2,1,19,28,166,0.0,1.33,0.5319999999999254,0.0992
c6288,_1539_,NAND2,0,0,2,2,20,27,165,0.0,1.33,0.5319999999999254,0.0992
c6288,_1540_,NAND2,0,0,2,2,3,27,165,0.0,1.33,0.5319999999999254,0.0992
c6288,_1541_,XOR2,0,0,2,2,21,26,163,0.0,2.394,0.7980000000000018,0.0992
c6288,_1542_,XNOR2,0,0,2,2,22,22,128,0.0,2.66,1.0640000000000782,0.0992
c6288,_1543_,XOR2,0,0,2,2,25,21,126,0.0,2.394,0.7980000000000018,0.0993
c6288,_1544_,XNOR2,0,0,2,2,26,20,99,0.0,2.66,1.0640000000000782,0.0993
c6288,_1545_,NOR2,0,0,2,1,27,19,73,0.0,1.33,0.5319999999999254,0.0993
c6288,_1546_,XOR2,0,0,2,2,27,19,97,0.0,2.394,0.7980000000000018,0.0993
c6288,_1547_,BUF,0,0,1,10,1,27,312,0.0,1.064,0.2660000000000764,0.0992
c6288,_1548_,NAND2,0,0,2,2,2,19,97,0.0,1.33,0.5319999999999254,0.0992
c6288,_1549_,AOI21,0,0,3,2,28,18,72,0.0,1.862,0.7980000000000018,0.0993
c6288,_1550_,NAND2,0,0,2,2,3,19,95,0.0,1.33,0.5319999999999254,0.0992
c6288,_1551_,NOR2,0,0,2,1,25,21,98,0.0,1.33,0.5319999999999254,0.0993
c6288,_1552_,AOI21,0,0,3,2,26,20,97,0.0,1.862,0.7980000000000018,0.0993
c6288,_1553_,NAND2,0,0,2,2,3,23,127,0.0,1.33,0.5319999999999254,0.0992
c6288,_1554_,NAND2,0,0,2,1,21,25,130,0.0,1.33,0.5319999999999254,0.0992
c6288,_1555_,NAND2,0,0,2,1,22,25,130,0.0,1.33,0.5319999999999254,0.0992
c6288,_1556_,NAND2,0,0,2,2,23,24,129,0.0,1.33,0.5319999999999254,0.0992
c6288,_1557_,NAND2,0,0,2,2,3,24,129,0.0,1.33,0.5319999999999254,0.0992
c6288,_1558_,XOR2,0,0,2,2,24,23,127,0.0,2.394,0.7980000000000018,0.0992
c6288,_1559_,XNOR2,0,0,2,2,25,20,97,0.0,2.66,1.0640000000000782,0.0992
c6288,_1560_,XOR2,0,0,2,2,27,19,95,0.0,2.394,0.7980000000000018,0.0993
c6288,_1561_,XNOR2,0,0,2,2,28,18,72,0.0,2.66,1.0640000000000782,0.0993
c6288,_1562_,NOR2,0,0,2,1,29,16,50,0.0,1.33,0.5319999999999254,0.0993
c6288,_1563_,XOR2,0,0,2,2,29,17,70,0.0,2.394,0.7980000000000018,0.0993
c6288,_1564_,BUF,0,0,1,10,1,25,249,0.0,1.064,0.2660000000000764,0.0992
c6288,_1565_,NAND2,0,0,2,2,2,17,70,0.0,1.33,0.5319999999999254,0.0992
c6288,_1566_,AOI21,0,0,3,2,30,15,49,0.0,1.862,0.7980000000000018,0.0993
c6288,_1567_,AND2,0,0,2,2,3,17,68,0.0,1.33,0.265999999999849,0.0992
c6288,_1568_,NOR2,0,0,2,1,27,19,71,0.0,1.33,0.5319999999999254,0.0993
c6288,_1569_,AOI21,0,0,3,2,28,18,70,0.0,1.862,0.7980000000000018,0.0993
c6288,_1570_,NAND2,0,0,2,2,3,20,95,0.0,1.33,0.5319999999999254,0.0992
c6288,_1571_,NAND2,0,0,2,1,24,22,98,0.0,1.33,0.5319999999999254,0.0992
c6288,_1572_,NAND2,0,0,2,1,25,22,98,0.0,1.33,0.5319999999999254,0.0992
c6288,_1573_,NAND2,0,0,2,2,26,21,97,0.0,1.33,0.5319999999999254,0.0992
c6288,_1574_,NAND2,0,0,2,2,3,21,97,0.0,1.33,0.5319999999999254,0.0992
c6288,_1575_,XOR2,0,0,2,2,27,20,95,0.0,2.394,0.7980000000000018,0.0992
c6288,_1576_,XNOR2,0,0,2,2,28,18,70,0.0,2.66,1.0640000000000782,0.0992
c6288,_1577_,XNOR2,0,0,2,2,29,17,68,0.0,2.66,1.0640000000000782,0.0993
c6288,_1578_,XNOR2,0,0,2,2,30,15,49,0.0,2.66,1.0640000000000782,0.0993
c6288,_1579_,NOR2,0,0,2,1,31,14,33,0.0,1.33,0.5319999999999254,0.0993
c6288,_1580_,XOR2,0,0,2,2,31,14,47,0.0,2.394,0.7980000000000018,0.0993
c6288,_1581_,CLKBUF,0,0,1,10,1,18,149,0.0,1.064,0.2660000000000764,0.0992
c6288,_1582_,NAND2,0,0,2,2,2,14,47,0.0,1.33,0.5319999999999254,0.0992
c6288,_1583_,AOI21,0,0,3,2,32,13,32,0.0,1.862,0.7980000000000018,0.0993
c6288,_1584_,NAND2,0,0,2,1,3,14,33,0.0,1.33,0.5319999999999254,0.0992
c6288,_1585_,NAND2,0,0,2,2,3,17,69,0.0,1.33,0.5319999999999254,0.0992
c6288,_1586_,NAND2,0,0,2,1,27,19,72,0.0,1.33,0.5319999999999254,0.0992
c6288,_1587_,NAND2,0,0,2,1,28,19,72,0.0,1.33,0.5319999999999254,0.0992
c6288,_1588_,NAND2,0,0,2,2,29,18,71,0.0,1.33,0.5319999999999254,0.0992
c6288,_1589_,NAND2,0,0,2,2,3,18,71,0.0,1.33,0.5319999999999254,0.0992
c6288,_1590_,XOR2,0,0,2,2,30,17,69,0.0,2.394,0.7980000000000018,0.0992
c6288,_1591_,XNOR2,0,0,2,2,31,16,49,0.0,2.66,1.0640000000000782,0.0992
c6288,_1592_,OR2,0,0,2,2,30,16,49,0.0,1.33,0.265999999999849,0.0993
c6288,_1593_,OR2,0,0,2,2,29,16,49,0.0,1.33,0.265999999999849,0.0993
c6288,_1594_,AOI21,0,0,3,2,32,15,47,0.0,1.862,0.7980000000000018,0.0993
c6288,_1595_,AND3,0,0,3,1,32,15,47,0.0,1.596,0.2660000000000764,0.0993
c6288,_1596_,OR2,0,0,2,2,33,14,46,0.0,1.33,0.265999999999849,0.0993
c6288,_1597_,XOR2,0,0,2,2,34,13,32,0.0,2.394,0.7980000000000018,0.0993
c6288,_1598_,NOR2,0,0,2,1,35,10,19,0.0,1.33,0.5319999999999254,0.0993
c6288,_1599_,XOR2,0,0,2,2,35,12,30,0.0,2.394,0.7980000000000018,0.0993
c6288,_1600_,BUF,0,0,1,10,1,21,193,0.0,1.064,0.2660000000000764,0.0992
c6288,_1601_,BUF,0,0,1,10,2,15,106,0.0,1.064,0.2660000000000764,0.0992
c6288,_1602_,NAND2,0,0,2,2,3,12,30,0.0,1.33,0.5319999999999254,0.0992
c6288,_1603_,AOI21,0,0,3,2,36,9,18,0.0,1.862,0.7980000000000018,0.0993
c6288,_1604_,NAND2,0,0,2,2,3,10,27,0.0,1.33,0.5319999999999254,0.0992
c6288,_1605_,AOI21,0,0,3,1,34,12,30,0.0,1.862,0.7980000000000018,0.0993
c6288,_1606_,NOR2,0,0,2,2,35,11,29,0.0,1.33,0.5319999999999254,0.0993
c6288,_1607_,NAND2,0,0,2,2,3,12,44,0.0,1.33,0.5319999999999254,0.0992
c6288,_1608_,NAND2,0,0,2,1,30,14,47,0.0,1.33,0.5319999999999254,0.0992
c6288,_1609_,NAND2,0,0,2,1,31,14,47,0.0,1.33,0.5319999999999254,0.0992
c6288,_1610_,NAND2,0,0,2,2,32,13,46,0.0,1.33,0.5319999999999254,0.0992
c6288,_1611_,NAND2,0,0,2,2,3,13,46,0.0,1.33,0.5319999999999254,0.0992
c6288,_1612_,XOR2,0,0,2,2,33,12,44,0.0,2.394,0.7980000000000018,0.0992
c6288,_1613_,XNOR2,0,0,2,2,34,11,29,0.0,2.66,1.0640000000000782,0.0992
c6288,_1614_,XOR2,0,0,2,2,36,10,27,0.0,2.394,0.7980000000000018,0.0993
c6288,_1615_,XNOR2,0,0,2,2,37,9,18,0.0,2.66,1.0640000000000782,0.0993
c6288,_1616_,XOR2,0,0,2,2,38,8,16,0.0,2.394,0.7980000000000018,0.0993
c6288,_1617_,XOR2,0,0,2,2,39,7,11,0.0,2.394,0.7980000000000018,0.0993
c6288,_1618_,XNOR2,0,0,2,2,36,11,21,0.0,2.66,1.0640000000000782,0.0993
c6288,_1619_,BUF,0,0,1,10,1,33,277,0.0,1.064,0.2660000000000764,0.0992
c6288,_1620_,NAND2,0,0,2,1,3,13,33,0.0,1.33,0.5319999999999254,0.0992
c6288,_1621_,INV,0,0,1,2,4,12,32,0.0,0.798,0.2660000000000764,0.0992
c6288,_1622_,XNOR2,0,0,2,2,30,16,53,0.0,2.66,1.0640000000000782,0.0993
c6288,_1623_,AND2,0,0,2,2,2,17,74,0.0,1.33,0.265999999999849,0.0992
c6288,_1624_,AND2,0,0,2,2,1,35,323,0.0,1.33,0.265999999999849,0.0992
c6288,_1625_,NAND2,0,0,2,3,2,45,615,-0.0011646874999999834,1.33,0.5319999999999254,0.0992
c6288,_1626_,OR2,0,0,2,2,3,44,524,0.0,1.33,0.265999999999849,0.0992
c6288,_1627_,XNOR2,0,0,2,2,3,44,524,-0.00017343749999998437,2.66,1.0640000000000782,0.0992
c6288,_1628_,AND2,0,0,2,1,4,43,475,-3.7499999998580336e-06,1.33,0.265999999999849,0.0992
c6288,_1629_,NAND2,0,0,2,2,1,43,522,0.0,1.33,0.5319999999999254,0.0992
c6288,_1630_,XOR2,0,0,2,2,4,43,522,-9.374999999867129e-06,2.394,0.7980000000000018,0.0992
c6288,_1631_,AOI21,0,0,3,2,5,42,474,-3.375000000005457e-05,1.862,0.7980000000000018,0.0992
c6288,_1632_,NAND2,0,2,2,1,4,43,475,-0.00014031250000012818,1.33,0.5319999999999254,0.0992
c6288,_1633_,XOR2,0,2,2,2,5,42,474,-0.002388124999999963,2.394,0.7980000000000018,0.0992
c6288,_1634_,NOR2,0,0,2,1,6,41,424,-0.0015193749999999895,1.33,0.5319999999999254,0.0992
c6288,_1635_,NAND2,0,0,2,2,1,41,472,0.0,1.33,0.5319999999999254,0.0992
c6288,_1636_,XOR2,0,2,2,2,6,41,472,-0.00014687499999999076,2.394,0.7980000000000018,0.0992
c6288,_1637_,AOI21,0,2,3,3,7,40,423,-0.0004381249999998449,1.862,0.7980000000000018,0.0992
c6288,_1638_,NAND2,0,0,2,1,5,42,425,-0.0037031249999999183,1.33,0.5319999999999254,0.0992
c6288,_1639_,NOR2,0,0,2,1,5,42,425,0.0,1.33,0.5319999999999254,0.0992
c6288,_1640_,XOR2,0,0,2,1,6,41,424,3.1250000009919177e-07,2.394,0.7980000000000018,0.0992
c6288,_1641_,XNOR2,0,0,2,3,7,40,423,3.1250000009919177e-07,2.66,1.0640000000000782,0.0992
c6288,_1642_,NOR2,0,0,2,1,8,39,372,-0.004086562499999946,1.33,0.5319999999999254,0.0992
c6288,_1643_,NAND2,0,0,2,2,2,39,420,0.0,1.33,0.5319999999999254,0.0992
c6288,_1644_,NAND2,0,0,2,1,8,39,372,-0.0036984374999999847,1.33,0.5319999999999254,0.0992
c6288,_1645_,AOI21,0,0,3,2,9,38,371,0.0,1.862,0.7980000000000018,0.0992
c6288,_1646_,AND3,0,0,3,1,8,39,372,0.0,1.596,0.2660000000000764,0.0992
c6288,_1647_,OR2,0,0,2,2,9,38,371,0.0,1.33,0.265999999999849,0.0992
c6288,_1648_,OR2,0,0,2,1,10,37,325,0.0,1.33,0.265999999999849,0.0992
c6288,_1649_,NAND2,0,0,2,2,1,38,370,0.0,1.33,0.5319999999999254,0.0992
c6288,_1650_,INV,0,0,1,1,2,37,325,0.0,0.798,0.2660000000000764,0.0992
c6288,_1651_,XNOR2,0,0,2,2,10,37,369,0.0,2.66,1.0640000000000782,0.0993
c6288,_1652_,OAI21,0,0,3,2,11,36,324,0.0,1.862,0.7980000000000018,0.0993
c6288,_1653_,XNOR2,1,15,2,2,11,36,325,0.0009500000000000064,2.66,1.0640000000000782,0.0993
c6288,_1654_,XOR2,1,15,2,2,12,35,323,-0.00044781250000003325,2.394,0.7980000000000018,0.0993
c6288,_1655_,NOR2,0,0,2,1,13,34,271,-0.00487218750000018,1.33,0.5319999999999254,0.0993
c6288,_1656_,INV,0,0,1,1,12,34,271,-0.004508125000000085,0.798,0.2660000000000764,0.0992
c6288,_1657_,AOI21,0,0,3,2,14,33,270,0.0,1.862,0.7980000000000018,0.0993
c6288,_1658_,XNOR2,0,0,2,2,14,33,270,0.0,2.66,1.0640000000000782,0.0993
c6288,_1659_,NOR2,0,0,2,1,15,31,222,0.0,1.33,0.5319999999999254,0.0993
c6288,_1660_,AND2,0,0,2,2,2,32,268,0.0,1.33,0.265999999999849,0.0992
c6288,_1661_,XNOR2,0,0,2,2,15,32,268,0.0,2.66,1.0640000000000782,0.0993
c6288,_1662_,NOR2,0,0,2,1,16,31,222,0.0,1.33,0.5319999999999254,0.0993
c6288,_1663_,NOR2,0,0,2,2,17,30,221,0.0,1.33,0.5319999999999254,0.0993
c6288,_1664_,XNOR2,0,0,2,2,17,30,221,0.0,2.66,1.0640000000000782,0.0993
c6288,_1665_,NOR2,0,0,2,1,18,28,178,0.0,1.33,0.5319999999999254,0.0993
c6288,_1666_,AND2,0,0,2,2,2,29,219,0.0,1.33,0.265999999999849,0.0992
c6288,_1667_,XNOR2,0,0,2,2,18,29,219,0.0,2.66,1.0640000000000782,0.0993
c6288,_1668_,NOR2,0,0,2,1,19,28,178,0.0,1.33,0.5319999999999254,0.0993
c6288,_1669_,NOR2,0,0,2,2,20,27,177,0.0,1.33,0.5319999999999254,0.0993
c6288,_1670_,XNOR2,0,0,2,2,20,27,177,0.0,2.66,1.0640000000000782,0.0993
c6288,_1671_,NOR2,0,0,2,1,21,25,139,0.0,1.33,0.5319999999999254,0.0993
c6288,_1672_,AND2,0,0,2,2,2,26,175,0.0,1.33,0.265999999999849,0.0992
c6288,_1673_,XNOR2,0,0,2,2,21,26,175,0.0,2.66,1.0640000000000782,0.0993
c6288,_1674_,NOR2,0,0,2,1,22,25,139,0.0,1.33,0.5319999999999254,0.0993
c6288,_1675_,NOR2,0,0,2,2,23,24,138,0.0,1.33,0.5319999999999254,0.0993
c6288,_1676_,XNOR2,0,0,2,2,23,24,138,0.0,2.66,1.0640000000000782,0.0993
c6288,_1677_,NOR2,0,0,2,1,24,22,106,0.0,1.33,0.5319999999999254,0.0993
c6288,_1678_,AND2,0,0,2,2,2,23,136,0.0,1.33,0.265999999999849,0.0992
c6288,_1679_,XNOR2,0,0,2,2,24,23,136,0.0,2.66,1.0640000000000782,0.0993
c6288,_1680_,NOR2,0,0,2,1,25,22,106,0.0,1.33,0.5319999999999254,0.0993
c6288,_1681_,NOR2,0,0,2,2,26,21,105,0.0,1.33,0.5319999999999254,0.0993
c6288,_1682_,XNOR2,0,0,2,2,26,21,105,0.0,2.66,1.0640000000000782,0.0993
c6288,_1683_,NOR2,0,0,2,1,27,19,77,0.0,1.33,0.5319999999999254,0.0993
c6288,_1684_,AND2,0,0,2,2,2,20,103,0.0,1.33,0.265999999999849,0.0992
c6288,_1685_,XNOR2,0,0,2,2,27,20,103,0.0,2.66,1.0640000000000782,0.0993
c6288,_1686_,NOR2,0,0,2,1,28,19,77,0.0,1.33,0.5319999999999254,0.0993
c6288,_1687_,NOR2,0,0,2,2,29,18,76,0.0,1.33,0.5319999999999254,0.0993
c6288,_1688_,XNOR2,0,0,2,2,28,18,76,0.0,2.66,1.0640000000000782,0.0993
c6288,_1689_,XNOR2,0,0,2,2,30,17,74,0.0,2.66,1.0640000000000782,0.0993
c6288,_1690_,OR2,0,0,2,2,31,16,53,0.0,1.33,0.265999999999849,0.0993
c6288,_1691_,OR2,0,0,2,2,30,16,53,0.0,1.33,0.265999999999849,0.0993
c6288,_1692_,AOI21,0,0,3,2,32,15,51,0.0,1.862,0.7980000000000018,0.0993
c6288,_1693_,NAND2,0,0,2,2,2,14,50,0.0,1.33,0.5319999999999254,0.0992
c6288,_1694_,AND3,0,0,3,1,32,15,51,0.0,1.596,0.2660000000000764,0.0993
c6288,_1695_,NOR2,0,0,2,2,33,14,50,0.0,1.33,0.5319999999999254,0.0993
c6288,_1696_,AOI21,0,0,3,2,34,13,34,0.0,1.862,0.7980000000000018,0.0993
c6288,_1697_,XNOR2,0,0,2,2,32,13,34,0.0,2.66,1.0640000000000782,0.0993
c6288,_1698_,XNOR2,0,0,2,2,35,12,32,0.0,2.66,1.0640000000000782,0.0994
c6288,_1699_,OR2,0,0,2,2,36,11,21,0.0,1.33,0.265999999999849,0.0993
c6288,_1700_,OR2,0,0,2,2,35,11,21,0.0,1.33,0.265999999999849,0.0993
c6288,_1701_,AOI21,0,0,3,3,37,10,19,0.0,1.862,0.7980000000000018,0.0993
c6288,_1702_,AND3,0,0,3,1,37,10,19,0.0,1.596,0.2660000000000764,0.0993
c6288,_1703_,OR2,0,0,2,2,38,9,18,0.0,1.33,0.265999999999849,0.0993
c6288,_1704_,AOI21,0,0,3,3,39,8,16,-9.374999998534861e-07,1.862,0.7980000000000018,0.0993
c6288,_1705_,OAI21,0,0,3,2,40,6,9,0.0,1.862,0.7980000000000018,0.0993
c6288,_1706_,XNOR2,0,0,2,2,34,13,35,0.0,2.66,1.0640000000000782,0.0993
c6288,_1707_,CLKBUF,0,0,1,10,1,31,229,0.0,1.064,0.2660000000000764,0.0992
c6288,_1708_,AND2,0,0,2,2,2,15,52,0.0,1.33,0.265999999999849,0.0992
c6288,_1709_,AND2,0,0,2,2,1,33,271,0.0,1.33,0.265999999999849,0.0992
c6288,_1710_,XNOR2,0,2,2,1,8,39,363,-0.0012178124999999707,2.66,1.0640000000000782,0.0993
c6288,_1711_,XNOR2,0,2,2,2,9,38,362,5.8125000000019966e-05,2.66,1.0640000000000782,0.0993
c6288,_1712_,NAND2,0,0,2,2,2,45,545,-0.0022171875000001062,1.33,0.5319999999999254,0.0992
c6288,_1713_,OR2,0,0,2,2,3,44,501,0.0,1.33,0.265999999999849,0.0992
c6288,_1714_,NAND2,0,0,2,1,2,45,502,-0.00214187499999996,1.33,0.5319999999999254,0.0992
c6288,_1715_,XOR2,0,1,2,2,3,44,501,-0.00014031250000012818,2.394,0.7980000000000018,0.0992
c6288,_1716_,AND2,0,0,2,1,4,43,456,-0.0003206250000000743,1.33,0.265999999999849,0.0992
c6288,_1717_,NAND2,0,0,2,2,1,43,499,0.0,1.33,0.5319999999999254,0.0992
c6288,_1718_,XOR2,0,1,2,2,4,43,499,-4.375000000012008e-05,2.394,0.7980000000000018,0.0992
c6288,_1719_,AOI21,0,0,3,2,5,42,455,-0.001152812499999989,1.862,0.7980000000000018,0.0992
c6288,_1720_,XNOR2,0,0,2,2,5,42,455,-8.06249999998343e-05,2.66,1.0640000000000782,0.0992
c6288,_1721_,NOR2,0,0,2,1,6,41,410,-0.00035656249999993506,1.33,0.5319999999999254,0.0992
c6288,_1722_,NAND2,0,0,2,2,1,41,453,0.0,1.33,0.5319999999999254,0.0992
c6288,_1723_,XOR2,0,0,2,2,6,41,453,-2.5312500000040927e-05,2.394,0.7980000000000018,0.0992
c6288,_1724_,AOI21,0,0,3,3,7,40,409,-0.00034156250000005883,1.862,0.7980000000000018,0.0992
c6288,_1725_,XNOR2,0,0,2,3,7,40,409,-0.0015915624999998101,2.66,1.0640000000000782,0.0992
c6288,_1726_,XNOR2,0,0,2,2,8,39,403,-8.437499999991438e-05,2.66,1.0640000000000782,0.0993
c6288,_1727_,AOI21,0,0,3,1,9,38,317,-0.00012531249999980787,1.862,0.7980000000000018,0.0992
c6288,_1728_,NOR2,0,0,2,2,8,39,363,-0.0004043749999997903,1.33,0.5319999999999254,0.0992
c6288,_1729_,OAI21,0,0,3,1,10,37,316,-0.00186406249999993,1.862,0.7980000000000018,0.0993
c6288,_1730_,NAND2,0,0,2,2,1,38,361,0.0,1.33,0.5319999999999254,0.0992
c6288,_1731_,INV,0,0,1,1,2,37,316,0.0,0.798,0.2660000000000764,0.0992
c6288,_1732_,NAND2,0,0,2,2,2,39,404,0.0,1.33,0.5319999999999254,0.0992
c6288,_1733_,NAND2,0,0,2,1,8,39,362,-0.0004540625000000187,1.33,0.5319999999999254,0.0992
c6288,_1734_,AOI21,0,0,3,1,9,38,361,0.0,1.862,0.7980000000000018,0.0992
c6288,_1735_,XOR2,0,2,2,2,10,37,360,0.0002687500000000398,2.394,0.7980000000000018,0.0993
c6288,_1736_,OAI21,0,0,3,2,11,36,315,-0.0021306249999999416,1.862,0.7980000000000018,0.0993
c6288,_1737_,XNOR2,0,0,2,2,11,36,315,0.0,2.66,1.0640000000000782,0.0993
c6288,_1738_,NAND2,0,0,2,1,12,35,273,-0.001536562500000116,1.33,0.5319999999999254,0.0993
c6288,_1739_,NAND2,0,0,2,2,1,36,314,0.0,1.33,0.5319999999999254,0.0992
c6288,_1740_,INV,0,0,1,1,2,35,273,0.0,0.798,0.2660000000000764,0.0992
c6288,_1741_,XNOR2,0,0,2,2,12,35,313,0.0,2.66,1.0640000000000782,0.0993
c6288,_1742_,OAI21,0,0,3,2,13,34,272,0.0,1.862,0.7980000000000018,0.0993
c6288,_1743_,XNOR2,1,15,2,2,13,34,273,-0.0021140625000000135,2.66,1.0640000000000782,0.0993
c6288,_1744_,XOR2,1,15,2,2,14,33,271,0.000541875000000136,2.394,0.7980000000000018,0.0993
c6288,_1745_,NOR2,0,0,2,1,15,32,224,-0.00487218750000018,1.33,0.5319999999999254,0.0993
c6288,_1746_,INV,0,0,1,1,14,32,224,-0.0025718749999998902,0.798,0.2660000000000764,0.0993
c6288,_1747_,AOI21,0,0,3,2,16,31,223,-0.0040471875000001045,1.862,0.7980000000000018,0.0993
c6288,_1748_,XNOR2,0,0,2,2,16,31,223,0.0,2.66,1.0640000000000782,0.0993
c6288,_1749_,NOR2,0,0,2,1,17,29,180,0.0,1.33,0.5319999999999254,0.0993
c6288,_1750_,AND2,0,0,2,2,2,30,221,0.0,1.33,0.265999999999849,0.0992
c6288,_1751_,XNOR2,0,0,2,2,17,30,221,0.0,2.66,1.0640000000000782,0.0993
c6288,_1752_,NOR2,0,0,2,1,18,29,180,0.0,1.33,0.5319999999999254,0.0993
c6288,_1753_,NOR2,0,0,2,2,19,28,179,0.0,1.33,0.5319999999999254,0.0993
c6288,_1754_,XNOR2,0,0,2,2,19,28,179,0.0,2.66,1.0640000000000782,0.0993
c6288,_1755_,NOR2,0,0,2,1,20,26,141,0.0,1.33,0.5319999999999254,0.0993
c6288,_1756_,AND2,0,0,2,2,2,27,177,0.0,1.33,0.265999999999849,0.0992
c6288,_1757_,XNOR2,0,0,2,2,20,27,177,0.0,2.66,1.0640000000000782,0.0993
c6288,_1758_,NOR2,0,0,2,1,21,26,141,0.0,1.33,0.5319999999999254,0.0993
c6288,_1759_,NOR2,0,0,2,2,22,25,140,0.0,1.33,0.5319999999999254,0.0993
c6288,_1760_,XNOR2,0,0,2,2,22,25,140,0.0,2.66,1.0640000000000782,0.0993
c6288,_1761_,NOR2,0,0,2,1,23,23,107,0.0,1.33,0.5319999999999254,0.0993
c6288,_1762_,AND2,0,0,2,2,2,24,138,0.0,1.33,0.265999999999849,0.0992
c6288,_1763_,XNOR2,0,0,2,2,23,24,138,0.0,2.66,1.0640000000000782,0.0993
c6288,_1764_,NOR2,0,0,2,1,24,23,107,0.0,1.33,0.5319999999999254,0.0993
c6288,_1765_,NOR2,0,0,2,2,25,22,106,0.0,1.33,0.5319999999999254,0.0993
c6288,_1766_,XNOR2,0,0,2,2,25,22,106,0.0,2.66,1.0640000000000782,0.0993
c6288,_1767_,NOR2,0,0,2,1,26,20,79,0.0,1.33,0.5319999999999254,0.0993
c6288,_1768_,AND2,0,0,2,2,2,21,104,0.0,1.33,0.265999999999849,0.0992
c6288,_1769_,XNOR2,0,0,2,2,26,21,104,0.0,2.66,1.0640000000000782,0.0994
c6288,_1770_,NOR2,0,0,2,1,27,20,79,0.0,1.33,0.5319999999999254,0.0993
c6288,_1771_,NOR2,0,0,2,2,28,19,78,0.0,1.33,0.5319999999999254,0.0993
c6288,_1772_,XNOR2,0,0,2,2,28,19,78,0.0,2.66,1.0640000000000782,0.0993
c6288,_1773_,NOR2,0,0,2,1,29,17,55,0.0,1.33,0.5319999999999254,0.0993
c6288,_1774_,AND2,0,0,2,2,2,18,76,0.0,1.33,0.265999999999849,0.0992
c6288,_1775_,XNOR2,0,0,2,2,29,18,76,0.0,2.66,1.0640000000000782,0.0994
c6288,_1776_,NOR2,0,0,2,1,30,17,55,0.0,1.33,0.5319999999999254,0.0993
c6288,_1777_,NOR2,0,0,2,2,31,16,54,0.0,1.33,0.5319999999999254,0.0993
c6288,_1778_,XNOR2,0,0,2,2,31,16,54,0.0,2.66,1.0640000000000782,0.0993
c6288,_1779_,XNOR2,0,0,2,2,32,15,52,0.0,2.66,1.0640000000000782,0.0995
c6288,_1780_,OR2,0,0,2,2,33,14,36,0.0,1.33,0.265999999999849,0.0994
c6288,_1781_,OR2,0,0,2,2,32,14,36,0.0,1.33,0.265999999999849,0.0993
c6288,_1782_,AOI21,0,0,3,1,35,11,22,0.0,1.862,0.7980000000000018,0.0994
c6288,_1783_,NAND2,0,0,2,1,34,13,34,0.0,1.33,0.5319999999999254,0.0994
c6288,_1784_,XOR2,0,0,2,2,35,12,33,0.0,2.394,0.7980000000000018,0.0998
c6288,_1785_,AOI21,0,0,3,1,36,11,22,0.0,1.862,0.7980000000000018,0.0992
c6288,_1786_,NOR2,0,0,2,2,37,10,21,0.0,1.33,0.5319999999999254,0.0994
c6288,_1787_,XNOR2,0,0,2,2,36,10,21,0.0,2.66,1.0640000000000782,0.0994
c6288,_1788_,NOR2,0,0,2,1,38,8,13,0.0,1.33,0.5319999999999254,0.0994
c6288,_1789_,XNOR2,0,0,2,2,38,9,19,0.0,2.66,1.0640000000000782,0.0997
c6288,_1790_,AOI21,0,0,3,1,39,8,13,-1.8749999999290168e-06,1.862,0.7980000000000018,0.0992
c6288,_1791_,OR2,0,0,2,2,40,7,12,0.0,1.33,0.265999999999849,0.0994
c6288,_1792_,AND3,0,0,3,1,39,8,13,-3.1250000009919177e-07,1.596,0.2660000000000764,0.0993
c6288,_1793_,NOR2,0,0,2,2,40,7,12,0.0,1.33,0.5319999999999254,0.0993
c6288,_1794_,AND2,0,0,2,1,41,6,9,0.0,1.33,0.265999999999849,0.0994
c6288,_1795_,NAND2,0,0,2,1,3,9,15,-6.249999997542943e-07,1.33,0.5319999999999254,0.0992
c6288,_1796_,XNOR2,0,0,2,2,39,8,14,0.0,2.66,1.0640000000000782,0.0992
c6288,_1797_,BUF,0,0,1,10,1,35,273,0.0,1.064,0.2660000000000764,0.0992
c6288,_1798_,AND2,0,0,2,2,2,31,224,0.0,1.33,0.265999999999849,0.0992
c6288,_1799_,XNOR2,0,0,2,2,9,38,348,0.0,2.66,1.0640000000000782,0.0993
c6288,_1800_,NAND2,0,0,2,2,2,45,514,-0.0011646874999999834,1.33,0.5319999999999254,0.0992
c6288,_1801_,NAND2,0,0,2,2,2,45,514,-0.0022171875000001062,1.33,0.5319999999999254,0.0992
c6288,_1802_,OR2,0,0,2,2,3,44,474,0.0,1.33,0.265999999999849,0.0992
c6288,_1803_,XNOR2,0,0,2,2,3,44,474,-5.34375000000864e-05,2.66,1.0640000000000782,0.0992
c6288,_1804_,AND2,0,0,2,1,4,43,433,0.0,1.33,0.265999999999849,0.0992
c6288,_1805_,CLKBUF,0,0,1,10,1,44,658,0.0,1.064,0.2660000000000764,0.0992
c6288,_1806_,NAND2,0,0,2,2,2,43,472,0.0,1.33,0.5319999999999254,0.0992
c6288,_1807_,XOR2,0,0,2,2,4,43,472,0.0,2.394,0.7980000000000018,0.0992
c6288,_1808_,AOI21,0,0,3,2,5,42,432,1.5625000000518696e-06,1.862,0.7980000000000018,0.0992
c6288,_1809_,XNOR2,0,1,2,2,5,42,432,-0.0008837499999998499,2.66,1.0640000000000782,0.0992
c6288,_1810_,NOR2,0,0,2,1,6,41,391,-0.0004499999999998394,1.33,0.5319999999999254,0.0992
c6288,_1811_,NAND2,0,0,2,2,1,41,430,0.0,1.33,0.5319999999999254,0.0992
c6288,_1812_,XOR2,0,1,2,2,6,41,430,-0.00012499999999970868,2.394,0.7980000000000018,0.0992
c6288,_1813_,AOI21,0,1,3,3,7,40,390,-0.0009787499999998062,1.862,0.7980000000000018,0.0992
c6288,_1814_,XNOR2,0,0,2,3,7,40,390,-9.71874999997624e-05,2.66,1.0640000000000782,0.0992
c6288,_1815_,XNOR2,0,1,2,2,8,39,384,-3.9375000000063665e-05,2.66,1.0640000000000782,0.0993
c6288,_1816_,AOI21,0,0,3,1,9,38,309,-0.0001662499999999234,1.862,0.7980000000000018,0.0992
c6288,_1817_,NOR2,0,0,2,2,8,39,349,-0.0002962499999998869,1.33,0.5319999999999254,0.0992
c6288,_1818_,OAI21,0,0,3,1,10,37,308,-0.00012531249999980787,1.862,0.7980000000000018,0.0993
c6288,_1819_,NAND2,0,0,2,2,1,38,347,0.0,1.33,0.5319999999999254,0.0992
c6288,_1820_,INV,0,0,1,1,2,37,308,0.0,0.798,0.2660000000000764,0.0992
c6288,_1821_,NAND2,0,0,2,2,2,39,385,0.0,1.33,0.5319999999999254,0.0992
c6288,_1822_,NAND2,0,0,2,1,8,39,348,-0.0002734374999997513,1.33,0.5319999999999254,0.0992
c6288,_1823_,AOI21,0,0,3,1,9,38,347,0.0,1.862,0.7980000000000018,0.0992
c6288,_1824_,XOR2,0,0,2,2,10,37,346,0.0,2.394,0.7980000000000018,0.0993
c6288,_1825_,OAI21,0,0,3,2,11,36,307,-0.0004681249999998194,1.862,0.7980000000000018,0.0993
c6288,_1826_,XNOR2,0,2,2,2,11,36,307,-0.006529999999999925,2.66,1.0640000000000782,0.0993
c6288,_1827_,NAND2,0,0,2,1,12,35,265,-0.00039343750000009337,1.33,0.5319999999999254,0.0993
c6288,_1828_,NAND2,0,0,2,2,1,36,306,0.0,1.33,0.5319999999999254,0.0992
c6288,_1829_,INV,0,0,1,1,2,35,265,0.0,0.798,0.2660000000000764,0.0992
c6288,_1830_,XNOR2,0,2,2,2,12,35,305,7.718750000007546e-05,2.66,1.0640000000000782,0.0993
c6288,_1831_,OAI21,0,0,3,2,13,34,264,-0.0003862500000000324,1.862,0.7980000000000018,0.0993
c6288,_1832_,XNOR2,0,0,2,2,13,34,264,-0.0016471874999999248,2.66,1.0640000000000782,0.0993
c6288,_1833_,NAND2,0,0,2,1,14,33,226,0.0,1.33,0.5319999999999254,0.0993
c6288,_1834_,NAND2,0,0,2,2,2,34,263,0.0,1.33,0.5319999999999254,0.0992
c6288,_1835_,INV,0,0,1,1,3,33,226,0.0,0.798,0.2660000000000764,0.0992
c6288,_1836_,XNOR2,0,0,2,2,14,33,262,0.0,2.66,1.0640000000000782,0.0993
c6288,_1837_,OAI21,0,0,3,2,15,32,225,0.0,1.862,0.7980000000000018,0.0993
c6288,_1838_,XNOR2,1,15,2,2,15,32,226,-0.0021140625000000135,2.66,1.0640000000000782,0.0993
c6288,_1839_,XOR2,1,15,2,2,16,31,224,0.002089687499999826,2.394,0.7980000000000018,0.0993
c6288,_1840_,NOR2,0,0,2,1,17,30,182,-0.00487218750000018,1.33,0.5319999999999254,0.0993
c6288,_1841_,INV,0,0,1,1,16,30,182,-0.0025718749999998902,0.798,0.2660000000000764,0.0993
c6288,_1842_,AOI21,0,0,3,2,18,29,181,0.0,1.862,0.7980000000000018,0.0993
c6288,_1843_,XNOR2,0,0,2,2,18,29,181,0.0,2.66,1.0640000000000782,0.0993
c6288,_1844_,NOR2,0,0,2,1,19,27,143,0.0,1.33,0.5319999999999254,0.0993
c6288,_1845_,AND2,0,0,2,2,2,28,179,0.0,1.33,0.265999999999849,0.0992
c6288,_1846_,XNOR2,0,0,2,2,19,28,179,0.0,2.66,1.0640000000000782,0.0993
c6288,_1847_,NOR2,0,0,2,1,20,27,143,0.0,1.33,0.5319999999999254,0.0993
c6288,_1848_,NOR2,0,0,2,2,21,26,142,0.0,1.33,0.5319999999999254,0.0993
c6288,_1849_,XNOR2,0,0,2,2,21,26,142,0.0,2.66,1.0640000000000782,0.0993
c6288,_1850_,NOR2,0,0,2,1,22,24,109,0.0,1.33,0.5319999999999254,0.0993
c6288,_1851_,AND2,0,0,2,2,2,25,140,0.0,1.33,0.265999999999849,0.0992
c6288,_1852_,XNOR2,0,0,2,2,22,25,140,0.0,2.66,1.0640000000000782,0.0994
c6288,_1853_,NOR2,0,0,2,1,23,24,109,0.0,1.33,0.5319999999999254,0.0993
c6288,_1854_,NOR2,0,0,2,2,24,23,108,0.0,1.33,0.5319999999999254,0.0993
c6288,_1855_,XNOR2,0,0,2,2,24,23,108,0.0,2.66,1.0640000000000782,0.0993
c6288,_1856_,NOR2,0,0,2,1,25,21,80,0.0,1.33,0.5319999999999254,0.0993
c6288,_1857_,AND2,0,0,2,2,2,22,106,0.0,1.33,0.265999999999849,0.0992
c6288,_1858_,XNOR2,0,0,2,2,25,22,106,0.0,2.66,1.0640000000000782,0.0994
c6288,_1859_,NOR2,0,0,2,1,26,21,80,0.0,1.33,0.5319999999999254,0.0993
c6288,_1860_,NOR2,0,0,2,2,27,20,79,0.0,1.33,0.5319999999999254,0.0993
c6288,_1861_,XNOR2,0,0,2,2,27,20,79,0.0,2.66,1.0640000000000782,0.0994
c6288,_1862_,NOR2,0,0,2,1,28,18,57,0.0,1.33,0.5319999999999254,0.0994
c6288,_1863_,AND2,0,0,2,2,2,19,77,0.0,1.33,0.265999999999849,0.0992
c6288,_1864_,XNOR2,0,0,2,2,28,19,77,0.0,2.66,1.0640000000000782,0.0995
c6288,_1865_,NOR2,0,0,2,1,29,18,57,0.0,1.33,0.5319999999999254,0.0992
c6288,_1866_,NOR2,0,0,2,2,30,17,56,0.0,1.33,0.5319999999999254,0.0994
c6288,_1867_,XNOR2,0,0,2,2,30,17,56,0.0,2.66,1.0639999999998508,0.0994
c6288,_1868_,NOR2,0,0,2,1,31,15,38,0.0,1.33,0.5319999999999254,0.0993
c6288,_1869_,AND2,0,0,2,2,2,16,54,0.0,1.33,0.2660000000000764,0.0992
c6288,_1870_,XNOR2,0,0,2,2,31,16,54,0.0,2.66,1.0639999999998508,0.0997
c6288,_1871_,NOR2,0,0,2,1,32,15,38,0.0,1.33,0.5319999999999254,0.0992
c6288,_1872_,NOR2,0,0,2,2,33,14,37,0.0,1.33,0.5319999999999254,0.0994
c6288,_1873_,XNOR2,0,0,2,2,33,14,37,0.0,2.66,1.0639999999998508,0.0995
c6288,_1874_,OR2,0,0,2,2,34,12,24,0.0,1.33,0.2660000000000764,0.0994
c6288,_1875_,NAND2,0,0,2,1,3,14,36,0.0,1.33,0.5319999999999254,0.0992
c6288,_1876_,INV,0,0,1,2,4,13,35,0.0,0.798,0.265999999999849,0.0993
c6288,_1877_,XNOR2,0,0,2,2,34,13,35,0.0,2.66,1.0639999999998508,0.0998
c6288,_1878_,OR2,0,0,2,2,35,12,24,0.0,1.33,0.2660000000000764,0.0993
c6288,_1879_,NAND2,0,0,2,1,36,11,22,0.0,1.33,0.5319999999999254,0.0995
c6288,_1880_,NAND2,0,0,2,1,3,12,24,0.0,1.33,0.5319999999999254,0.0992
c6288,_1881_,XOR2,0,0,2,2,36,11,23,0.0,2.394,0.7980000000000018,0.0992
c6288,_1882_,XOR2,0,0,2,2,37,10,21,0.0,2.394,0.7980000000000018,0.0999
c6288,_1883_,AOI21,0,0,3,2,38,9,15,-9.374999998534861e-07,1.862,0.7980000000000018,0.0992
c6288,_1884_,AOI21,0,0,3,2,37,9,15,0.0,1.862,0.7980000000000018,0.0995
c6288,_1885_,OAI21,0,0,3,1,40,7,11,-1.2499999999526779e-06,1.862,0.7980000000000018,0.0993
c6288,_1886_,XNOR2,0,0,2,2,32,15,39,0.0,2.66,1.0639999999998508,0.0992
c6288,_1887_,BUF,0,0,1,10,1,33,225,0.0,1.064,0.265999999999849,0.0992
c6288,_1888_,AND2,0,0,2,2,2,17,55,0.0,1.33,0.2660000000000764,0.0992
c6288,_1889_,AND2,0,0,2,2,2,29,182,0.0,1.33,0.2660000000000764,0.0992
c6288,_1890_,XNOR2,0,1,2,2,9,38,330,3.343749999995538e-05,2.66,1.0639999999998508,0.0993
c6288,_1891_,NAND2,0,0,2,2,2,45,480,-0.0011646874999999834,1.33,0.5319999999999254,0.0992
c6288,_1892_,NAND2,0,0,2,2,2,45,480,-0.0022171875000001062,1.33,0.5319999999999254,0.0992
c6288,_1893_,OR2,0,0,2,2,3,44,444,0.0,1.33,0.2660000000000764,0.0992
c6288,_1894_,XNOR2,0,0,2,2,3,44,444,0.0,2.66,1.0639999999998508,0.0992
c6288,_1895_,AND2,0,0,2,1,4,43,407,0.0,1.33,0.2660000000000764,0.0992
c6288,_1896_,NAND2,0,0,2,2,2,43,442,0.0,1.33,0.5319999999999254,0.0992
c6288,_1897_,XOR2,0,0,2,2,4,43,442,0.0,2.394,0.7980000000000018,0.0992
c6288,_1898_,AOI21,0,0,3,2,5,42,406,-2.1875000000282085e-06,1.862,0.7980000000000018,0.0992
c6288,_1899_,XNOR2,0,0,2,2,5,42,406,0.0,2.66,1.0639999999998508,0.0992
c6288,_1900_,NOR2,0,0,2,1,6,41,369,0.0,1.33,0.5319999999999254,0.0992
c6288,_1901_,NAND2,0,0,2,2,2,41,404,0.0,1.33,0.5319999999999254,0.0992
c6288,_1902_,XOR2,0,0,2,2,6,41,404,0.0,2.394,0.7980000000000018,0.0992
c6288,_1903_,AOI21,0,0,3,3,7,40,368,0.0,1.862,0.7980000000000018,0.0992
c6288,_1904_,XNOR2,0,0,2,3,7,40,368,-0.0002462500000000034,2.66,1.0639999999998508,0.0992
c6288,_1905_,XNOR2,0,0,2,2,8,39,362,0.0,2.66,1.0639999999998508,0.0993
c6288,_1906_,AOI21,0,0,3,1,9,38,296,-0.0002584374999998751,1.862,0.7980000000000018,0.0992
c6288,_1907_,NOR2,0,0,2,2,8,39,331,-0.000280000000000058,1.33,0.5319999999999254,0.0992
c6288,_1908_,OAI21,0,0,3,1,10,37,295,-0.0001665625000000226,1.862,0.7980000000000018,0.0993
c6288,_1909_,NAND2,0,0,2,2,1,38,329,0.0,1.33,0.5319999999999254,0.0992
c6288,_1910_,INV,0,0,1,1,2,37,295,0.0,0.798,0.265999999999849,0.0992
c6288,_1911_,NAND2,0,0,2,2,2,39,363,0.0,1.33,0.5319999999999254,0.0992
c6288,_1912_,NAND2,0,0,2,1,8,39,330,-0.00030687499999992873,1.33,0.5319999999999254,0.0992
c6288,_1913_,AOI21,0,0,3,1,9,38,329,0.0,1.862,0.7980000000000018,0.0992
c6288,_1914_,XOR2,0,1,2,2,10,37,328,7.374999999987253e-05,2.394,0.7980000000000018,0.0993
c6288,_1915_,OAI21,0,0,3,2,11,36,294,-0.0003368749999999032,1.862,0.7980000000000018,0.0993
c6288,_1916_,XNOR2,0,0,2,2,11,36,294,-9.437499999997989e-05,2.66,1.0639999999998508,0.0993
c6288,_1917_,NAND2,0,0,2,1,12,35,258,-0.0001556250000001036,1.33,0.5319999999999254,0.0993
c6288,_1918_,NAND2,0,0,2,2,1,36,293,0.0,1.33,0.5319999999999254,0.0992
c6288,_1919_,INV,0,0,1,1,2,35,258,0.0,0.798,0.265999999999849,0.0992
c6288,_1920_,XNOR2,0,0,2,2,12,35,292,0.0,2.66,1.0639999999998508,0.0993
c6288,_1921_,OAI21,0,0,3,2,13,34,257,-0.00015218749999990067,1.862,0.7980000000000018,0.0993
c6288,_1922_,XNOR2,0,2,2,2,13,34,257,8.750000000001812e-05,2.66,1.0639999999998508,0.0993
c6288,_1923_,NAND2,0,0,2,1,14,33,219,-0.0003924999999997958,1.33,0.5319999999999254,0.0993
c6288,_1924_,NAND2,0,0,2,2,1,34,256,0.0,1.33,0.5319999999999254,0.0992
c6288,_1925_,INV,0,0,1,1,2,33,219,0.0,0.798,0.265999999999849,0.0992
c6288,_1926_,XNOR2,0,2,2,2,14,33,255,7.875000000012733e-05,2.66,1.0639999999998508,0.0993
c6288,_1927_,OAI21,0,0,3,2,15,32,218,-0.0003862500000000324,1.862,0.7980000000000018,0.0993
c6288,_1928_,XNOR2,0,0,2,2,15,32,218,0.0,2.66,1.0639999999998508,0.0993
c6288,_1929_,NAND2,0,0,2,1,16,31,184,0.0,1.33,0.5319999999999254,0.0993
c6288,_1930_,NAND2,0,0,2,2,2,32,217,0.0,1.33,0.5319999999999254,0.0992
c6288,_1931_,INV,0,0,1,1,3,31,184,0.0,0.798,0.265999999999849,0.0992
c6288,_1932_,XNOR2,0,0,2,2,16,31,216,0.0,2.66,1.0639999999998508,0.0993
c6288,_1933_,OAI21,0,0,3,2,17,30,183,0.0,1.862,0.7980000000000018,0.0993
c6288,_1934_,XNOR2,1,15,2,2,17,30,184,-0.0021140625000000135,2.66,1.0639999999998508,0.0993
c6288,_1935_,XOR2,1,15,2,2,18,29,182,0.002089687499999826,2.394,0.7980000000000018,0.0993
c6288,_1936_,NOR2,0,0,2,1,19,28,145,-0.00487218750000018,1.33,0.5319999999999254,0.0993
c6288,_1937_,INV,0,0,1,1,18,28,145,-0.002571562500000013,0.798,0.265999999999849,0.0993
c6288,_1938_,AOI21,0,0,3,2,20,27,144,0.0,1.862,0.7980000000000018,0.0993
c6288,_1939_,XNOR2,0,0,2,2,20,27,144,0.0,2.66,1.0639999999998508,0.0993
c6288,_1940_,NOR2,0,0,2,1,21,25,111,0.0,1.33,0.5319999999999254,0.0993
c6288,_1941_,AND2,0,0,2,2,2,26,142,0.0,1.33,0.2660000000000764,0.0992
c6288,_1942_,XNOR2,0,0,2,2,21,26,142,0.0,2.66,1.0639999999998508,0.0994
c6288,_1943_,NOR2,0,0,2,1,22,25,111,0.0,1.33,0.5319999999999254,0.0993
c6288,_1944_,NOR2,0,0,2,2,23,24,110,0.0,1.33,0.5319999999999254,0.0993
c6288,_1945_,XNOR2,0,0,2,2,23,24,110,0.0,2.66,1.0639999999998508,0.0994
c6288,_1946_,NOR2,0,0,2,1,24,22,82,0.0,1.33,0.5319999999999254,0.0993
c6288,_1947_,AND2,0,0,2,2,2,23,108,0.0,1.33,0.2660000000000764,0.0992
c6288,_1948_,XNOR2,0,0,2,2,24,23,108,0.0,2.66,1.0639999999998508,0.0995
c6288,_1949_,NOR2,0,0,2,1,25,22,82,0.0,1.33,0.5319999999999254,0.0994
c6288,_1950_,NOR2,0,0,2,2,26,21,81,0.0,1.33,0.5319999999999254,0.0994
c6288,_1951_,XNOR2,0,0,2,2,26,21,81,0.0,2.66,1.0639999999998508,0.0994
c6288,_1952_,NOR2,0,0,2,1,27,19,58,0.0,1.33,0.5319999999999254,0.0994
c6288,_1953_,AND2,0,0,2,2,2,20,79,0.0,1.33,0.2660000000000764,0.0992
c6288,_1954_,XNOR2,0,0,2,2,27,20,79,0.0,2.66,1.0639999999998508,0.0998
c6288,_1955_,NOR2,0,0,2,1,28,19,58,0.0,1.33,0.5319999999999254,0.0992
c6288,_1956_,NOR2,0,0,2,2,29,18,57,0.0,1.33,0.5319999999999254,0.0994
c6288,_1957_,XNOR2,0,0,2,2,29,18,57,0.0,2.66,1.0639999999998508,0.0992
c6288,_1958_,XNOR2,0,0,2,2,30,17,55,0.0,2.66,1.0639999999998508,0.0997
c6288,_1959_,OR2,0,0,2,2,31,16,40,0.0,1.33,0.2660000000000764,0.0993
c6288,_1960_,OR2,0,0,2,2,30,16,40,0.0,1.33,0.2660000000000764,0.0994
c6288,_1961_,AOI21,0,0,3,1,33,13,26,0.0,1.862,0.7980000000000018,0.0995
c6288,_1962_,NAND2,0,0,2,1,32,15,38,0.0,1.33,0.5319999999999254,0.0995
c6288,_1963_,XOR2,0,0,2,2,33,14,37,0.0,2.394,0.7980000000000018,0.0997
c6288,_1964_,AOI21,0,0,3,1,34,13,26,0.0,1.862,0.7980000000000018,0.0992
c6288,_1965_,NOR2,0,0,2,2,35,12,25,0.0,1.33,0.5319999999999254,0.0995
c6288,_1966_,XNOR2,0,0,2,2,35,12,25,0.0,2.66,1.0639999999998508,0.0992
c6288,_1967_,NOR2,0,0,2,1,36,10,17,0.0,1.33,0.5319999999999254,0.0992
c6288,_1968_,XNOR2,0,0,2,2,36,11,23,0.0,2.66,1.0639999999998508,0.0997
c6288,_1969_,AOI21,0,0,3,1,37,10,17,-1.2499999999526779e-06,1.862,0.7980000000000018,0.0992
c6288,_1970_,OR2,0,0,2,2,38,9,16,0.0,1.33,0.2660000000000764,0.0995
c6288,_1971_,NAND2,0,0,2,1,2,10,17,0.0,1.33,0.5319999999999254,0.0992
c6288,_1972_,XNOR2,0,0,2,2,38,9,16,0.0,2.66,1.0639999999998508,0.0992
c6288,_1973_,AND2,0,0,2,1,39,8,13,0.0,1.33,0.2660000000000764,0.0994
c6288,_1974_,NAND2,0,0,2,1,2,11,19,0.0,1.33,0.5319999999999254,0.0992
c6288,_1975_,XNOR2,0,0,2,2,37,10,18,0.0,2.66,1.0639999999998508,0.0992
c6288,_1976_,BUF,0,0,1,10,1,35,256,0.0,1.064,0.265999999999849,0.0992
c6288,_1977_,AND2,0,0,2,2,2,27,145,0.0,1.33,0.2660000000000764,0.0992
c6288,_1978_,XNOR2,0,0,2,2,9,38,309,0.0,2.66,1.0639999999998508,0.0993
c6288,_1979_,NAND2,0,0,2,2,2,45,443,-0.0011646874999999834,1.33,0.5319999999999254,0.0992
c6288,_1980_,BUF,0,13,1,10,2,46,559,0.005195000000000061,1.064,0.265999999999849,0.0992
c6288,_1981_,NAND2,0,5,2,2,3,45,443,-0.0010324999999999918,1.33,0.5319999999999254,0.0992
c6288,_1982_,OR2,0,5,2,2,4,44,411,0.00033968749999990777,1.33,0.2660000000000764,0.0992
c6288,_1983_,XNOR2,0,0,2,2,3,44,411,0.0,2.66,1.0639999999998508,0.0992
c6288,_1984_,AND2,0,0,2,1,5,43,378,-0.0003046874999999005,1.33,0.2660000000000764,0.0992
c6288,_1985_,NAND2,0,0,2,2,2,43,409,0.0,1.33,0.5319999999999254,0.0992
c6288,_1986_,XOR2,0,5,2,2,5,43,409,-0.00030343749999994785,2.394,0.7980000000000018,0.0992
c6288,_1987_,AOI21,0,4,3,2,6,42,377,-0.0005384374999999331,1.862,0.7980000000000018,0.0992
c6288,_1988_,XNOR2,0,0,2,2,5,42,377,0.0,2.66,1.0639999999998508,0.0992
c6288,_1989_,NOR2,0,0,2,1,7,41,344,-0.001536874999999771,1.33,0.5319999999999254,0.0992
c6288,_1990_,NAND2,0,0,2,2,2,41,375,0.0,1.33,0.5319999999999254,0.0992
c6288,_1991_,XOR2,0,4,2,2,7,41,375,-7.49999999998252e-05,2.394,0.7980000000000018,0.0992
c6288,_1992_,AOI21,0,0,3,3,8,40,343,-0.0019084375000000264,1.862,0.7980000000000018,0.0992
c6288,_1993_,XNOR2,0,0,2,3,7,40,343,0.0,2.66,1.0639999999998508,0.0992
c6288,_1994_,XNOR2,0,0,2,2,9,39,337,0.0,2.66,1.0639999999998508,0.0993
c6288,_1995_,AOI21,0,0,3,1,10,38,279,0.0,1.862,0.7980000000000018,0.0992
c6288,_1996_,NOR2,0,0,2,2,9,39,310,0.0,1.33,0.5319999999999254,0.0992
c6288,_1997_,OAI21,0,0,3,1,11,37,278,-0.0002587499999999743,1.862,0.7980000000000018,0.0993
c6288,_1998_,NAND2,0,0,2,2,1,38,308,0.0,1.33,0.5319999999999254,0.0992
c6288,_1999_,INV,0,0,1,1,2,37,278,0.0,0.798,0.265999999999849,0.0992
c6288,_2000_,NAND2,0,0,2,2,2,39,338,0.0,1.33,0.5319999999999254,0.0992
c6288,_2001_,NAND2,0,0,2,1,9,39,309,0.0,1.33,0.5319999999999254,0.0992
c6288,_2002_,AOI21,0,0,3,1,10,38,308,0.0,1.862,0.7980000000000018,0.0992
c6288,_2003_,XOR2,0,0,2,2,11,37,307,0.0,2.394,0.7980000000000018,0.0993
c6288,_2004_,OAI21,0,0,3,2,12,36,277,-0.0008834374999997507,1.862,0.7980000000000018,0.0993
c6288,_2005_,XNOR2,0,1,2,2,11,36,277,-0.00016343749999991886,2.66,1.0639999999998508,0.0993
c6288,_2006_,NAND2,0,0,2,1,13,35,246,-0.0003193749999998996,1.33,0.5319999999999254,0.0993
c6288,_2007_,NAND2,0,0,2,2,1,36,276,0.0,1.33,0.5319999999999254,0.0992
c6288,_2008_,INV,0,0,1,1,2,35,246,0.0,0.798,0.265999999999849,0.0992
c6288,_2009_,XNOR2,0,1,2,2,13,35,275,3.843750000021018e-05,2.66,1.0639999999998508,0.0993
c6288,_2010_,OAI21,0,0,3,2,14,34,245,-0.0001931250000000162,1.862,0.7980000000000018,0.0993
c6288,_2011_,XNOR2,0,0,2,2,13,34,245,-9.374999998534861e-07,2.66,1.0639999999998508,0.0993
c6288,_2012_,NAND2,0,0,2,1,15,33,213,-0.00033468750000009706,1.33,0.5319999999999254,0.0993
c6288,_2013_,NAND2,0,0,2,2,2,34,244,0.0,1.33,0.5319999999999254,0.0992
c6288,_2014_,INV,0,0,1,1,3,33,213,0.0,0.798,0.265999999999849,0.0992
c6288,_2015_,XNOR2,0,0,2,2,15,33,243,-2.906249999989896e-05,2.66,1.0639999999998508,0.0993
c6288,_2016_,OAI21,0,0,3,2,16,32,212,-0.00015218749999990067,1.862,0.7980000000000018,0.0993
c6288,_2017_,XNOR2,0,2,2,2,15,32,212,8.750000000001812e-05,2.66,1.0639999999998508,0.0993
c6288,_2018_,NAND2,0,0,2,1,17,31,178,-0.0003924999999997958,1.33,0.5319999999999254,0.0993
c6288,_2019_,NAND2,0,0,2,2,2,32,211,0.0,1.33,0.5319999999999254,0.0992
c6288,_2020_,INV,0,0,1,1,3,31,178,0.0,0.798,0.265999999999849,0.0992
c6288,_2021_,XNOR2,0,2,2,2,17,31,210,7.875000000012733e-05,2.66,1.0639999999998508,0.0993
c6288,_2022_,OAI21,0,0,3,2,18,30,177,-0.0003862500000000324,1.862,0.7980000000000018,0.0993
c6288,_2023_,XNOR2,0,0,2,2,17,30,177,0.0,2.66,1.0639999999998508,0.0993
c6288,_2024_,NAND2,0,0,2,1,19,29,147,0.0,1.33,0.5319999999999254,0.0993
c6288,_2025_,NAND2,0,0,2,2,2,30,176,0.0,1.33,0.5319999999999254,0.0992
c6288,_2026_,INV,0,0,1,1,3,29,147,0.0,0.798,0.265999999999849,0.0992
c6288,_2027_,XNOR2,0,0,2,2,19,29,175,0.0,2.66,1.0639999999998508,0.0993
c6288,_2028_,OAI21,0,0,3,2,20,28,146,0.0,1.862,0.7980000000000018,0.0993
c6288,_2029_,XNOR2,1,15,2,2,19,28,147,-0.0021140625000000135,2.66,1.0639999999998508,0.0993
c6288,_2030_,XOR2,1,15,2,2,21,27,145,0.0020899999999999253,2.394,0.7980000000000018,0.0994
c6288,_2031_,NOR2,0,0,2,1,22,26,113,-0.00487218750000018,1.33,0.5319999999999254,0.0993
c6288,_2032_,INV,0,0,1,1,20,26,113,-0.002571562500000013,0.798,0.265999999999849,0.0993
c6288,_2033_,AOI21,0,0,3,2,23,25,112,0.0,1.862,0.7980000000000018,0.0994
c6288,_2034_,XNOR2,0,0,2,2,22,25,112,0.0,2.66,1.0639999999998508,0.0994
c6288,_2035_,NOR2,0,0,2,1,24,23,84,0.0,1.33,0.5319999999999254,0.0994
c6288,_2036_,AND2,0,0,2,2,2,24,110,0.0,1.33,0.2660000000000764,0.0992
c6288,_2037_,XNOR2,0,0,2,2,24,24,110,0.0,2.66,1.0639999999998508,0.0995
c6288,_2038_,NOR2,0,0,2,1,25,23,84,0.0,1.33,0.5319999999999254,0.0992
c6288,_2039_,NOR2,0,0,2,2,26,22,83,0.0,1.33,0.5319999999999254,0.0994
c6288,_2040_,XNOR2,0,0,2,2,25,22,83,0.0,2.66,1.0639999999998508,0.0994
c6288,_2041_,NOR2,0,0,2,1,27,20,60,0.0,1.33,0.5319999999999254,0.0994
c6288,_2042_,AND2,0,0,2,2,2,21,81,0.0,1.33,0.2660000000000764,0.0992
c6288,_2043_,XNOR2,0,0,2,2,27,21,81,0.0,2.66,1.0639999999998508,0.0998
c6288,_2044_,NOR2,0,0,2,1,28,20,60,0.0,1.33,0.5319999999999254,0.0992
c6288,_2045_,NOR2,0,0,2,2,29,19,59,0.0,1.33,0.5319999999999254,0.0995
c6288,_2046_,XNOR2,0,0,2,2,28,19,59,0.0,2.66,1.0639999999998508,0.0992
c6288,_2047_,NOR2,0,0,2,1,30,17,41,0.0,1.33,0.5319999999999254,0.0993
c6288,_2048_,AND2,0,0,2,2,2,18,57,0.0,1.33,0.2660000000000764,0.0992
c6288,_2049_,XNOR2,0,0,2,2,30,18,57,0.0,2.66,1.0639999999998508,0.0997
c6288,_2050_,NOR2,0,0,2,1,31,17,41,0.0,1.33,0.5319999999999254,0.0992
c6288,_2051_,NOR2,0,0,2,2,32,16,40,0.0,1.33,0.5319999999999254,0.0995
c6288,_2052_,XNOR2,0,0,2,2,31,16,40,0.0,2.66,1.0639999999998508,0.0992
c6288,_2053_,OR2,0,0,2,2,33,14,28,0.0,1.33,0.2660000000000764,0.0994
c6288,_2054_,NAND2,0,0,2,1,2,16,39,0.0,1.33,0.5319999999999254,0.0992
c6288,_2055_,INV,0,0,1,2,3,15,38,0.0,0.798,0.265999999999849,0.0992
c6288,_2056_,XNOR2,0,0,2,2,33,15,38,0.0,2.66,1.0639999999998508,0.0996
c6288,_2057_,OR2,0,0,2,2,34,14,28,0.0,1.33,0.2660000000000764,0.0993
c6288,_2058_,NAND2,0,0,2,1,35,13,26,0.0,1.33,0.5319999999999254,0.0995
c6288,_2059_,NAND2,0,0,2,1,3,14,28,0.0,1.33,0.5319999999999254,0.0992
c6288,_2060_,XOR2,0,0,2,2,34,13,27,0.0,2.394,0.7980000000000018,0.0992
c6288,_2061_,XOR2,0,0,2,2,36,12,25,0.0,2.394,0.7980000000000018,0.0999
c6288,_2062_,AOI21,0,0,3,2,37,11,19,0.0,1.862,0.7980000000000018,0.0992
c6288,_2063_,AOI21,0,0,3,2,35,11,19,0.0,1.862,0.7980000000000018,0.0995
c6288,_2064_,OAI21,0,0,3,1,38,9,15,-1.5625000000518696e-06,1.862,0.7980000000000018,0.0993
c6288,_2065_,BUF,0,0,1,10,1,35,240,0.0,1.064,0.265999999999849,0.0992
c6288,_2066_,AND2,0,0,2,2,2,13,27,0.0,1.33,0.2660000000000764,0.0992
c6288,_2067_,XNOR2,0,0,2,2,31,17,42,0.0,2.66,1.0639999999998508,0.0993
c6288,_2068_,AND2,0,0,2,2,2,19,59,0.0,1.33,0.2660000000000764,0.0992
c6288,_2069_,AND2,0,0,2,2,2,25,113,0.0,1.33,0.2660000000000764,0.0992
c6288,_2070_,XNOR2,0,0,2,2,10,38,285,0.0,2.66,1.0639999999998508,0.0993
c6288,_2071_,NAND2,0,0,2,2,3,45,403,-0.00013812500000009997,1.33,0.5319999999999254,0.0992
c6288,_2072_,NAND2,0,1,2,2,3,45,403,-0.0018428124999998463,1.33,0.5319999999999254,0.0992
c6288,_2073_,OR2,0,1,2,2,4,44,375,-3.1250000000149214e-05,1.33,0.2660000000000764,0.0992
c6288,_2074_,XNOR2,0,0,2,2,4,44,375,-0.0013437499999997549,2.66,1.0639999999998508,0.0992
c6288,_2075_,AND2,0,0,2,1,5,43,346,-0.00015468749999980602,1.33,0.2660000000000764,0.0992
c6288,_2076_,NAND2,0,0,2,2,2,43,373,0.0,1.33,0.5319999999999254,0.0992
c6288,_2077_,XOR2,0,1,2,2,5,43,373,-9.031249999980062e-05,2.394,0.7980000000000018,0.0992
c6288,_2078_,AOI21,0,0,3,2,6,42,345,-0.00038906250000003695,1.862,0.7980000000000018,0.0992
c6288,_2079_,XNOR2,0,1,2,2,6,42,345,-0.0005949999999999012,2.66,1.0639999999998508,0.0992
c6288,_2080_,NOR2,0,0,2,1,7,41,316,-0.0009531249999998881,1.33,0.5319999999999254,0.0992
c6288,_2081_,NAND2,0,0,2,2,2,41,343,0.0,1.33,0.5319999999999254,0.0992
c6288,_2082_,XOR2,0,1,2,2,7,41,343,-0.00035781249999988773,2.394,0.7980000000000018,0.0992
c6288,_2083_,AOI21,0,0,3,3,8,40,315,-0.0006268750000000267,1.862,0.7980000000000018,0.0992
c6288,_2084_,XNOR2,0,4,2,3,8,40,315,-0.0006078124999999712,2.66,1.0639999999998508,0.0992
c6288,_2085_,XNOR2,0,4,2,2,9,39,309,-1.6562499999928093e-05,2.66,1.0639999999998508,0.0993
c6288,_2086_,AOI21,0,0,3,1,10,38,259,-0.0007603124999999711,1.862,0.7980000000000018,0.0992
c6288,_2087_,NOR2,0,0,2,2,9,39,286,-0.001334687499999987,1.33,0.5319999999999254,0.0992
c6288,_2088_,OAI21,0,0,3,1,11,37,258,-2.8125000000045475e-05,1.862,0.7980000000000018,0.0993
c6288,_2089_,NAND2,0,0,2,2,2,38,284,0.0,1.33,0.5319999999999254,0.0992
c6288,_2090_,INV,0,0,1,1,3,37,258,0.0,0.798,0.265999999999849,0.0992
c6288,_2091_,NAND2,0,0,2,2,3,39,310,0.0,1.33,0.5319999999999254,0.0992
c6288,_2092_,NAND2,0,0,2,1,9,39,285,-0.0011918749999999534,1.33,0.5319999999999254,0.0992
c6288,_2093_,AOI21,0,0,3,1,10,38,284,0.0,1.862,0.7980000000000018,0.0992
c6288,_2094_,XOR2,0,0,2,2,11,37,283,0.0,2.394,0.7980000000000018,0.0993
c6288,_2095_,OAI21,0,0,3,2,12,36,257,-7.249999999991985e-05,1.862,0.7980000000000018,0.0993
c6288,_2096_,XNOR2,0,0,2,2,12,36,257,-0.001245937499999794,2.66,1.0639999999998508,0.0993
c6288,_2097_,NAND2,0,0,2,1,13,35,230,-0.0003762499999999669,1.33,0.5319999999999254,0.0993
c6288,_2098_,NAND2,0,0,2,2,1,36,256,0.0,1.33,0.5319999999999254,0.0992
c6288,_2099_,INV,0,0,1,1,2,35,230,0.0,0.798,0.265999999999849,0.0992
c6288,_2100_,XNOR2,0,0,2,2,13,35,255,0.0,2.66,1.0639999999998508,0.0993
c6288,_2101_,OAI21,0,0,3,2,14,34,229,-0.0003209374999997294,1.862,0.7980000000000018,0.0993
c6288,_2102_,XNOR2,0,1,2,2,14,34,229,-8.656249999994259e-05,2.66,1.0639999999998508,0.0993
c6288,_2103_,NAND2,0,0,2,1,15,33,202,-0.0002984374999999151,1.33,0.5319999999999254,0.0993
c6288,_2104_,NAND2,0,0,2,2,2,34,228,0.0,1.33,0.5319999999999254,0.0992
c6288,_2105_,INV,0,0,1,1,3,33,202,0.0,0.798,0.265999999999849,0.0992
c6288,_2106_,XNOR2,0,1,2,2,15,33,227,3.906249999996447e-05,2.66,1.0639999999998508,0.0993
c6288,_2107_,OAI21,0,0,3,2,16,32,201,-0.0001931250000000162,1.862,0.7980000000000018,0.0993
c6288,_2108_,XNOR2,0,0,2,2,16,32,201,-9.374999998534861e-07,2.66,1.0639999999998508,0.0993
c6288,_2109_,NAND2,0,0,2,1,17,31,173,-0.00029781249999993875,1.33,0.5319999999999254,0.0993
c6288,_2110_,NAND2,0,0,2,2,2,32,200,0.0,1.33,0.5319999999999254,0.0992
c6288,_2111_,INV,0,0,1,1,3,31,173,0.0,0.798,0.265999999999849,0.0992
c6288,_2112_,XNOR2,0,0,2,2,17,31,199,-1.0937499999918998e-05,2.66,1.0639999999998508,0.0993
c6288,_2113_,OAI21,0,0,3,2,18,30,172,-0.00015218749999990067,1.862,0.7980000000000018,0.0993
c6288,_2114_,XNOR2,0,2,2,2,18,30,172,8.750000000001812e-05,2.66,1.0639999999998508,0.0993
c6288,_2115_,NAND2,0,0,2,1,19,29,142,-0.0003924999999997958,1.33,0.5319999999999254,0.0993
c6288,_2116_,NAND2,0,0,2,2,2,30,171,0.0,1.33,0.5319999999999254,0.0992
c6288,_2117_,INV,0,0,1,1,3,29,142,0.0,0.798,0.265999999999849,0.0992
c6288,_2118_,XNOR2,0,2,2,2,19,29,170,7.875000000012733e-05,2.66,1.0639999999998508,0.0993
c6288,_2119_,OAI21,0,0,3,2,20,28,141,-0.0003862500000000324,1.862,0.7980000000000018,0.0993
c6288,_2120_,XNOR2,0,0,2,2,20,28,141,0.0,2.66,1.0639999999998508,0.0993
c6288,_2121_,NAND2,0,0,2,1,21,27,115,0.0,1.33,0.5319999999999254,0.0993
c6288,_2122_,NAND2,0,0,2,2,2,28,140,0.0,1.33,0.5319999999999254,0.0992
c6288,_2123_,INV,0,0,1,1,3,27,115,0.0,0.798,0.265999999999849,0.0992
c6288,_2124_,XNOR2,0,0,2,2,21,27,139,0.0,2.66,1.0639999999998508,0.0994
c6288,_2125_,OAI21,0,0,3,2,22,26,114,0.0,1.862,0.7980000000000018,0.0994
c6288,_2126_,XNOR2,1,15,2,2,22,26,115,-0.0021140625000000135,2.66,1.0639999999998508,0.0993
c6288,_2127_,XOR2,1,15,2,2,23,25,113,0.0020899999999999253,2.394,0.7980000000000018,0.0999
c6288,_2128_,NOR2,0,0,2,1,24,24,86,-0.00487218750000018,1.33,0.5319999999999254,0.0991
c6288,_2129_,INV,0,0,1,1,23,24,86,-0.002571562500000013,0.798,0.265999999999849,0.0993
c6288,_2130_,AOI21,0,0,3,2,25,23,85,0.0,1.862,0.7980000000000018,0.0995
c6288,_2131_,XNOR2,0,0,2,2,25,23,85,0.0,2.66,1.0639999999998508,0.0992
c6288,_2132_,NOR2,0,0,2,1,26,21,62,0.0,1.33,0.5319999999999254,0.0994
c6288,_2133_,AND2,0,0,2,2,2,22,83,0.0,1.33,0.2660000000000764,0.0992
c6288,_2134_,XNOR2,0,0,2,2,26,22,83,0.0,2.66,1.0639999999998508,0.0997
c6288,_2135_,NOR2,0,0,2,1,27,21,62,0.0,1.33,0.5319999999999254,0.0992
c6288,_2136_,NOR2,0,0,2,2,28,20,61,0.0,1.33,0.5319999999999254,0.0995
c6288,_2137_,XNOR2,0,0,2,2,28,20,61,0.0,2.66,1.0639999999998508,0.0992
c6288,_2138_,XNOR2,0,0,2,2,29,19,59,0.0,2.66,1.0639999999998508,0.0997
c6288,_2139_,OR2,0,0,2,2,30,18,43,0.0,1.33,0.2660000000000764,0.0993
c6288,_2140_,OR2,0,0,2,2,29,18,43,0.0,1.33,0.2660000000000764,0.0994
c6288,_2141_,AOI21,0,0,3,1,32,15,29,0.0,1.862,0.7980000000000018,0.0995
c6288,_2142_,NAND2,0,0,2,1,31,17,41,0.0,1.33,0.5319999999999254,0.0995
c6288,_2143_,XOR2,0,0,2,2,32,16,40,0.0,2.394,0.7980000000000018,0.0997
c6288,_2144_,AOI21,0,0,3,1,33,15,29,0.0,1.862,0.7980000000000018,0.0992
c6288,_2145_,NOR2,0,0,2,2,34,14,28,0.0,1.33,0.5319999999999254,0.0994
c6288,_2146_,XNOR2,0,0,2,2,34,14,28,0.0,2.66,1.0639999999998508,0.0992
c6288,_2147_,XNOR2,0,0,2,2,35,13,27,0.0,2.66,1.0639999999998508,0.0997
c6288,_2148_,OR2,0,0,2,1,36,12,21,0.0,1.33,0.2660000000000764,0.0993
c6288,_2149_,OAI21,0,0,3,2,37,11,20,0.0,1.862,0.7980000000000018,0.0994
c6288,_2150_,NAND2,0,0,2,1,2,12,21,0.0,1.33,0.5319999999999254,0.0992
c6288,_2151_,XNOR2,0,0,2,2,37,11,20,0.0,2.66,1.0639999999998508,0.0992
c6288,_2152_,AND2,0,0,2,1,38,10,17,0.0,1.33,0.2660000000000764,0.0995
c6288,_2153_,XOR2,0,0,2,2,36,12,22,0.0,2.394,0.7980000000000018,0.0994
c6288,_2154_,BUF,0,0,1,10,1,35,224,0.0,1.064,0.265999999999849,0.0992
c6288,_2155_,AND2,0,0,2,2,2,23,87,0.0,1.33,0.2660000000000764,0.0992
c6288,_2156_,XNOR2,0,4,2,2,10,38,259,5.65624999999681e-05,2.66,1.0639999999998508,0.0993
c6288,_2157_,NAND2,0,0,2,2,3,45,361,-0.00013812500000009997,1.33,0.5319999999999254,0.0992
c6288,_2158_,NAND2,0,1,2,2,3,45,361,-0.0018424999999999692,1.33,0.5319999999999254,0.0992
c6288,_2159_,OR2,0,1,2,2,4,44,337,-3.124999999992717e-05,1.33,0.2660000000000764,0.0992
c6288,_2160_,XNOR2,0,0,2,2,4,44,337,-0.0005081249999998594,2.66,1.0639999999998508,0.0992
c6288,_2161_,AND2,0,0,2,1,5,43,312,-0.00015499999999990521,1.33,0.2660000000000764,0.0992
c6288,_2162_,NAND2,0,0,2,2,2,43,335,0.0,1.33,0.5319999999999254,0.0992
c6288,_2163_,XOR2,0,1,2,2,5,43,335,-9.062499999989981e-05,2.394,0.7980000000000018,0.0992
c6288,_2164_,AOI21,0,0,3,2,6,42,311,-0.00038906250000003695,1.862,0.7980000000000018,0.0992
c6288,_2165_,XNOR2,0,1,2,2,6,42,311,-0.00022999999999995246,2.66,1.0639999999998508,0.0992
c6288,_2166_,NOR2,0,0,2,1,7,41,286,-0.00041499999999983217,1.33,0.5319999999999254,0.0992
c6288,_2167_,NAND2,0,0,2,2,2,41,309,0.0,1.33,0.5319999999999254,0.0992
c6288,_2168_,XOR2,0,1,2,2,7,41,309,-0.00014374999999988702,2.394,0.7980000000000018,0.0992
c6288,_2169_,AOI21,0,0,3,3,8,40,285,-0.0003262499999998614,1.862,0.7980000000000018,0.0992
c6288,_2170_,XNOR2,0,1,2,3,8,40,285,-0.0005240625000000332,2.66,1.0639999999998508,0.0992
c6288,_2171_,XNOR2,0,1,2,2,9,39,279,-0.00012531249999980787,2.66,1.0639999999998508,0.0993
c6288,_2172_,AOI21,0,0,3,1,10,38,237,-0.00020249999999988333,1.862,0.7980000000000018,0.0992
c6288,_2173_,NOR2,0,0,2,2,9,39,260,-0.000594687500000024,1.33,0.5319999999999254,0.0992
c6288,_2174_,OAI21,0,0,3,1,11,37,236,-0.0007609374999999474,1.862,0.7980000000000018,0.0993
c6288,_2175_,NAND2,0,0,2,2,2,38,258,0.0,1.33,0.5319999999999254,0.0992
c6288,_2176_,INV,0,0,1,1,3,37,236,0.0,0.798,0.265999999999849,0.0992
c6288,_2177_,NAND2,0,0,2,2,3,39,280,0.0,1.33,0.5319999999999254,0.0992
c6288,_2178_,NAND2,0,0,2,1,9,39,259,-0.0006443749999998083,1.33,0.5319999999999254,0.0992
c6288,_2179_,AOI21,0,0,3,1,10,38,258,0.0,1.862,0.7980000000000018,0.0992
c6288,_2180_,XOR2,0,4,2,2,11,37,257,0.00016749999999987608,2.394,0.7980000000000018,0.0993
c6288,_2181_,OAI21,0,2,3,2,12,36,235,-0.0017756250000000584,1.862,0.7980000000000018,0.0993
c6288,_2182_,XNOR2,0,0,2,2,12,36,235,-0.00010656249999985157,2.66,1.0639999999998508,0.0993
c6288,_2183_,NAND2,0,0,2,1,13,35,212,-0.0007340624999998546,1.33,0.5319999999999254,0.0993
c6288,_2184_,NAND2,0,0,2,2,2,36,234,0.0,1.33,0.5319999999999254,0.0992
c6288,_2185_,INV,0,0,1,1,3,35,212,0.0,0.798,0.265999999999849,0.0992
c6288,_2186_,XNOR2,0,2,2,2,13,35,233,1.0312500000164704e-05,2.66,1.0639999999998508,0.0993
c6288,_2187_,OAI21,0,2,3,2,14,34,211,-0.0003643749999997503,1.862,0.7980000000000018,0.0993
c6288,_2188_,XNOR2,0,0,2,2,14,34,211,-0.0004231249999997466,2.66,1.0639999999998508,0.0993
c6288,_2189_,NAND2,0,0,2,1,15,33,188,-0.0009709374999999909,1.33,0.5319999999999254,0.0993
c6288,_2190_,NAND2,0,0,2,2,2,34,210,0.0,1.33,0.5319999999999254,0.0992
c6288,_2191_,INV,0,0,1,1,3,33,188,-3.1250000009919177e-07,0.798,0.265999999999849,0.0992
c6288,_2192_,XNOR2,0,2,2,2,15,33,209,-0.0001449999999998397,2.66,1.0639999999998508,0.0993
c6288,_2193_,OAI21,0,1,3,2,16,32,187,-0.0005312499999998721,1.862,0.7980000000000018,0.0993
c6288,_2194_,XNOR2,0,1,2,2,16,32,187,-6.843749999996263e-05,2.66,1.0639999999998508,0.0993
c6288,_2195_,NAND2,0,0,2,1,17,31,164,-0.00035999999999991594,1.33,0.5319999999999254,0.0993
c6288,_2196_,NAND2,0,0,2,2,2,32,186,0.0,1.33,0.5319999999999254,0.0992
c6288,_2197_,INV,0,0,1,1,3,31,164,0.0,0.798,0.265999999999849,0.0992
c6288,_2198_,XNOR2,0,2,2,2,17,31,185,3.906249999996447e-05,2.66,1.0639999999998508,0.0993
c6288,_2199_,OAI21,0,1,3,2,18,30,163,-0.0001931250000000162,1.862,0.7980000000000018,0.0993
c6288,_2200_,XNOR2,0,0,2,2,18,30,163,-9.374999998534861e-07,2.66,1.0639999999998508,0.0993
c6288,_2201_,NAND2,0,0,2,1,19,29,139,-0.00045874999999995225,1.33,0.5319999999999254,0.0993
c6288,_2202_,NAND2,0,0,2,2,2,30,162,0.0,1.33,0.5319999999999254,0.0992
c6288,_2203_,INV,0,0,1,1,3,29,139,0.0,0.798,0.265999999999849,0.0992
c6288,_2204_,XNOR2,0,1,2,2,19,29,161,-7.249999999991985e-05,2.66,1.0639999999998508,0.0993
c6288,_2205_,OAI21,0,0,3,2,20,28,138,-0.0002203124999997641,1.862,0.7980000000000018,0.0993
c6288,_2206_,XNOR2,0,2,2,2,20,28,138,8.750000000001812e-05,2.66,1.0639999999998508,0.0994
c6288,_2207_,NAND2,0,0,2,1,21,27,112,-0.0003924999999997958,1.33,0.5319999999999254,0.0993
c6288,_2208_,NAND2,0,0,2,2,2,28,137,0.0,1.33,0.5319999999999254,0.0992
c6288,_2209_,INV,0,0,1,1,3,27,112,0.0,0.798,0.265999999999849,0.0992
c6288,_2210_,XNOR2,0,2,2,2,21,27,136,7.875000000012733e-05,2.66,1.0639999999998508,0.0994
c6288,_2211_,OAI21,0,0,3,2,22,26,111,-0.0003862500000000324,1.862,0.7980000000000018,0.0994
c6288,_2212_,XNOR2,0,0,2,2,22,26,111,0.0,2.66,1.0639999999998508,0.0994
c6288,_2213_,NAND2,0,0,2,1,23,25,89,0.0,1.33,0.5319999999999254,0.0994
c6288,_2214_,NAND2,0,0,2,2,2,26,110,0.0,1.33,0.5319999999999254,0.0992
c6288,_2215_,INV,0,0,1,1,3,25,89,0.0,0.798,0.265999999999849,0.0992
c6288,_2216_,XNOR2,0,0,2,2,23,25,109,0.0,2.66,1.0639999999998508,0.0997
c6288,_2217_,OAI21,0,0,3,2,24,24,88,0.0,1.862,0.7980000000000018,0.0992
c6288,_2218_,XNOR2,1,15,2,2,24,24,89,-0.0021140625000000135,2.66,1.0639999999998508,0.0992
c6288,_2219_,XOR2,1,15,2,2,25,23,87,0.002089687499999826,2.394,0.7980000000000018,0.0999
c6288,_2220_,NOR2,0,0,2,1,26,22,65,-0.004875000000000185,1.33,0.5319999999999254,0.0991
c6288,_2221_,INV,0,0,1,1,25,22,65,-0.002571562500000013,0.798,0.265999999999849,0.0993
c6288,_2222_,AOI21,0,0,3,2,27,21,64,0.0,1.862,0.7980000000000018,0.0995
c6288,_2223_,XNOR2,0,0,2,2,27,21,64,0.0,2.66,1.0639999999998508,0.0992
c6288,_2224_,NOR2,0,0,2,1,28,19,46,0.0,1.33,0.5319999999999254,0.0993
c6288,_2225_,AND2,0,0,2,2,2,20,62,0.0,1.33,0.2660000000000764,0.0992
c6288,_2226_,XNOR2,0,0,2,2,28,20,62,0.0,2.66,1.0639999999998508,0.0997
c6288,_2227_,NOR2,0,0,2,1,29,19,46,0.0,1.33,0.5319999999999254,0.0992
c6288,_2228_,NOR2,0,0,2,2,30,18,45,0.0,1.33,0.5319999999999254,0.0995
c6288,_2229_,XNOR2,0,0,2,2,30,18,45,0.0,2.66,1.0639999999998508,0.0992
c6288,_2230_,OR2,0,0,2,2,31,16,32,0.0,1.33,0.2660000000000764,0.0994
c6288,_2231_,NAND2,0,0,2,1,2,18,44,0.0,1.33,0.5319999999999254,0.0992
c6288,_2232_,INV,0,0,1,2,3,17,43,0.0,0.798,0.265999999999849,0.0993
c6288,_2233_,XNOR2,0,0,2,2,31,17,43,0.0,2.66,1.0639999999998508,0.0996
c6288,_2234_,OR2,0,0,2,2,32,16,32,0.0,1.33,0.2660000000000764,0.0993
c6288,_2235_,NAND2,0,0,2,1,33,15,30,0.0,1.33,0.5319999999999254,0.0995
c6288,_2236_,NAND2,0,0,2,1,2,16,32,0.0,1.33,0.5319999999999254,0.0992
c6288,_2237_,XOR2,0,0,2,2,33,15,31,0.0,2.394,0.7980000000000018,0.0992
c6288,_2238_,XOR2,0,0,2,2,34,14,29,0.0,2.394,0.7980000000000018,0.0999
c6288,_2239_,AOI21,0,0,3,2,35,13,23,0.0,1.862,0.7980000000000018,0.0992
c6288,_2240_,AOI21,0,0,3,2,34,13,23,0.0,1.862,0.7980000000000018,0.0995
c6288,_2241_,OAI21,0,0,3,1,37,11,19,0.0,1.862,0.7980000000000018,0.0993
c6288,_2242_,XNOR2,0,0,2,2,29,19,47,0.0,2.66,1.0639999999998508,0.0993
c6288,_2243_,BUF,0,0,1,10,1,33,180,0.0,1.064,0.265999999999849,0.0992
c6288,_2244_,AND2,0,0,2,2,2,21,64,0.0,1.33,0.2660000000000764,0.0992
c6288,_2245_,XNOR2,0,1,2,2,10,38,229,3.312500000007823e-05,2.66,1.0639999999998508,0.0993
c6288,_2246_,NAND2,0,0,2,2,3,45,315,-0.00013812500000009997,1.33,0.5319999999999254,0.0992
c6288,_2247_,NAND2,0,1,2,2,3,45,315,-0.0018428124999998463,1.33,0.5319999999999254,0.0992
c6288,_2248_,OR2,0,1,2,2,4,44,295,1.9687500000031832e-05,1.33,0.2660000000000764,0.0992
c6288,_2249_,XNOR2,0,0,2,2,4,44,295,-0.00043218749999995865,2.66,1.0639999999998508,0.0992
c6288,_2250_,AND2,0,0,2,1,5,43,274,-0.00015468749999980602,1.33,0.2660000000000764,0.0992
c6288,_2251_,NAND2,0,0,2,2,2,43,293,0.0,1.33,0.5319999999999254,0.0992
c6288,_2252_,XOR2,0,1,2,2,5,43,293,-9.062499999989981e-05,2.394,0.7980000000000018,0.0992
c6288,_2253_,AOI21,0,0,3,2,6,42,273,-0.00038906250000003695,1.862,0.7980000000000018,0.0992
c6288,_2254_,XNOR2,0,1,2,2,6,42,273,-0.00022999999999995246,2.66,1.0639999999998508,0.0992
c6288,_2255_,NOR2,0,0,2,1,7,41,252,-0.00041562500000003055,1.33,0.5319999999999254,0.0992
c6288,_2256_,NAND2,0,0,2,2,2,41,271,0.0,1.33,0.5319999999999254,0.0992
c6288,_2257_,XOR2,0,1,2,2,7,41,271,-0.00014437499999986336,2.394,0.7980000000000018,0.0992
c6288,_2258_,AOI21,0,0,3,3,8,40,251,-0.00032656249999996056,1.862,0.7980000000000018,0.0992
c6288,_2259_,XNOR2,0,1,2,3,8,40,251,-0.00012031249999999716,2.66,1.0639999999998508,0.0992
c6288,_2260_,XNOR2,0,1,2,2,9,39,245,-0.00012531249999980787,2.66,1.0639999999998508,0.0993
c6288,_2261_,AOI21,0,0,3,1,10,38,211,-0.0001662499999999234,1.862,0.7980000000000018,0.0992
c6288,_2262_,NOR2,0,0,2,2,9,39,230,-0.0003156249999998195,1.33,0.5319999999999254,0.0992
c6288,_2263_,OAI21,0,0,3,1,11,37,210,-0.00020281249999998252,1.862,0.7980000000000018,0.0993
c6288,_2264_,NAND2,0,0,2,2,2,38,228,0.0,1.33,0.5319999999999254,0.0992
c6288,_2265_,INV,0,0,1,1,3,37,210,0.0,0.798,0.265999999999849,0.0992
c6288,_2266_,NAND2,0,0,2,2,3,39,246,0.0,1.33,0.5319999999999254,0.0992
c6288,_2267_,NAND2,0,0,2,1,9,39,229,-0.00033218749999996966,1.33,0.5319999999999254,0.0992
c6288,_2268_,AOI21,0,0,3,1,10,38,228,0.0,1.862,0.7980000000000018,0.0992
c6288,_2269_,XOR2,0,1,2,2,11,37,227,0.00013281250000019007,2.394,0.7980000000000018,0.0993
c6288,_2270_,OAI21,0,0,3,2,12,36,209,-0.0006228124999998474,1.862,0.7980000000000018,0.0993
c6288,_2271_,XNOR2,0,2,2,2,12,36,209,-0.0024615624999999586,2.66,1.0639999999998508,0.0993
c6288,_2272_,NAND2,0,0,2,1,13,35,190,-0.0009593750000000956,1.33,0.5319999999999254,0.0993
c6288,_2273_,NAND2,0,0,2,2,2,36,208,0.0,1.33,0.5319999999999254,0.0992
c6288,_2274_,INV,0,0,1,1,3,35,190,-9.374999998534861e-07,0.798,0.265999999999849,0.0992
c6288,_2275_,XNOR2,0,2,2,2,13,35,207,-5.124999999983615e-05,2.66,1.0639999999998508,0.0993
c6288,_2276_,OAI21,0,1,3,2,14,34,189,-0.0008484374999997435,1.862,0.7980000000000018,0.0993
c6288,_2277_,XNOR2,0,0,2,2,14,34,189,-0.0006921874999998856,2.66,1.0639999999998508,0.0993
c6288,_2278_,NAND2,0,0,2,1,15,33,170,-0.0007853124999999128,1.33,0.5319999999999254,0.0993
c6288,_2279_,NAND2,0,0,2,2,2,34,188,0.0,1.33,0.5319999999999254,0.0992
c6288,_2280_,INV,0,0,1,1,3,33,170,0.0,0.798,0.265999999999849,0.0992
c6288,_2281_,XNOR2,0,1,2,2,15,33,187,-8.499999999989072e-05,2.66,1.0639999999998508,0.0993
c6288,_2282_,OAI21,0,0,3,2,16,32,169,-0.00034093749999986045,1.862,0.7980000000000018,0.0993
c6288,_2283_,XNOR2,0,1,2,2,16,32,169,-0.0006393749999997755,2.66,1.0639999999998508,0.0993
c6288,_2284_,NAND2,0,0,2,1,17,31,150,-0.000880312499999869,1.33,0.5319999999999254,0.0993
c6288,_2285_,NAND2,0,0,2,2,2,32,168,0.0,1.33,0.5319999999999254,0.0992
c6288,_2286_,INV,0,0,1,1,3,31,150,0.0,0.798,0.265999999999849,0.0992
c6288,_2287_,XNOR2,0,1,2,2,17,31,167,-0.00012468750000005357,2.66,1.0639999999998508,0.0993
c6288,_2288_,OAI21,0,0,3,2,18,30,149,-0.000534687499999853,1.862,0.7980000000000018,0.0993
c6288,_2289_,XNOR2,0,1,2,2,18,30,149,-0.0001396874999999298,2.66,1.0639999999998508,0.0993
c6288,_2290_,NAND2,0,0,2,1,19,29,130,-0.00038281249999982947,1.33,0.5319999999999254,0.0993
c6288,_2291_,NAND2,0,0,2,2,2,30,148,0.0,1.33,0.5319999999999254,0.0992
c6288,_2292_,INV,0,0,1,1,3,29,130,0.0,0.798,0.265999999999849,0.0992
c6288,_2293_,XNOR2,0,1,2,2,19,29,147,1.2499999999526779e-06,2.66,1.0639999999998508,0.0993
c6288,_2294_,OAI21,0,0,3,2,20,28,129,-0.0001931250000000162,1.862,0.7980000000000018,0.0993
c6288,_2295_,XNOR2,0,1,2,2,20,28,129,-9.374999998534861e-07,2.66,1.0639999999998508,0.0994
c6288,_2296_,NAND2,0,0,2,1,21,27,109,-0.00045874999999995225,1.33,0.5319999999999254,0.0993
c6288,_2297_,NAND2,0,0,2,2,2,28,128,0.0,1.33,0.5319999999999254,0.0992
c6288,_2298_,INV,0,0,1,1,3,27,109,0.0,0.798,0.265999999999849,0.0992
c6288,_2299_,XNOR2,0,1,2,2,21,27,127,-7.249999999991985e-05,2.66,1.0639999999998508,0.0994
c6288,_2300_,OAI21,0,0,3,2,22,26,108,-0.00022156249999993882,1.862,0.7980000000000018,0.0994
c6288,_2301_,XNOR2,0,2,2,2,22,26,108,8.750000000001812e-05,2.66,1.0639999999998508,0.0994
c6288,_2302_,NAND2,0,0,2,1,23,25,86,-0.0003924999999997958,1.33,0.5319999999999254,0.0994
c6288,_2303_,NAND2,0,0,2,2,2,26,107,0.0,1.33,0.5319999999999254,0.0992
c6288,_2304_,INV,0,0,1,1,3,25,86,0.0,0.798,0.265999999999849,0.0992
c6288,_2305_,XNOR2,0,2,2,2,23,25,106,7.875000000012733e-05,2.66,1.0639999999998508,0.0998
c6288,_2306_,OAI21,0,0,3,2,24,24,85,-0.0003862500000000324,1.862,0.7980000000000018,0.0992
c6288,_2307_,XNOR2,0,0,2,2,24,24,85,0.0,2.66,1.0639999999998508,0.0992
c6288,_2308_,NAND2,0,0,2,1,25,23,67,0.0,1.33,0.5319999999999254,0.0993
c6288,_2309_,NAND2,0,0,2,2,2,24,84,0.0,1.33,0.5319999999999254,0.0992
c6288,_2310_,INV,0,0,1,1,3,23,67,0.0,0.798,0.265999999999849,0.0992
c6288,_2311_,XNOR2,0,0,2,2,25,23,83,0.0,2.66,1.0639999999998508,0.0997
c6288,_2312_,OAI21,0,0,3,2,26,22,66,0.0,1.862,0.7980000000000018,0.0993
c6288,_2313_,XNOR2,1,15,2,2,26,22,67,-0.0021156250000000654,2.66,1.0639999999998508,0.0992
c6288,_2314_,XOR2,1,15,2,2,27,21,64,0.0010734375000001073,2.394,0.7980000000000018,0.0999
c6288,_2315_,OR2,0,0,2,2,28,20,48,-0.0021646875000000954,1.33,0.2660000000000764,0.0992
c6288,_2316_,INV,0,0,1,1,27,21,49,-0.002573437499999942,0.798,0.265999999999849,0.0993
c6288,_2317_,NAND2,0,0,2,2,28,20,48,0.0,1.33,0.5319999999999254,0.0994
c6288,_2318_,AOI21,0,0,3,1,30,17,34,0.0,1.862,0.7980000000000018,0.0995
c6288,_2319_,NAND2,0,0,2,1,29,19,46,0.0,1.33,0.5319999999999254,0.0994
c6288,_2320_,XOR2,0,0,2,2,30,18,45,0.0,2.394,0.7980000000000018,0.0997
c6288,_2321_,AOI21,0,0,3,1,31,17,34,0.0,1.862,0.7980000000000018,0.0992
c6288,_2322_,NOR2,0,0,2,2,32,16,33,0.0,1.33,0.5319999999999254,0.0995
c6288,_2323_,XNOR2,0,0,2,2,32,16,33,0.0,2.66,1.0639999999998508,0.0992
c6288,_2324_,NOR2,0,0,2,1,33,14,25,0.0,1.33,0.5319999999999254,0.0992
c6288,_2325_,XNOR2,0,0,2,2,33,15,31,0.0,2.66,1.0639999999998508,0.0997
c6288,_2326_,AOI21,0,0,3,1,34,14,25,-1.5625000000518696e-06,1.862,0.7980000000000018,0.0992
c6288,_2327_,OR2,0,0,2,2,35,13,24,0.0,1.33,0.2660000000000764,0.0995
c6288,_2328_,NAND2,0,0,2,1,2,14,25,0.0,1.33,0.5319999999999254,0.0992
c6288,_2329_,XNOR2,0,0,2,2,35,13,24,0.0,2.66,1.0639999999998508,0.0992
c6288,_2330_,AND2,0,0,2,1,36,12,21,0.0,1.33,0.265999999999849,0.0994
c6288,_2331_,NAND2,0,0,2,1,2,15,27,0.0,1.33,0.5319999999999254,0.0992
c6288,_2332_,XNOR2,0,0,2,2,34,14,26,0.0,2.66,1.0639999999998508,0.0992
c6288,_2333_,XNOR2,0,1,2,2,10,38,195,3.312500000007823e-05,2.66,1.0639999999998508,0.0993
c6288,_2334_,NAND2,0,0,2,2,3,45,265,-0.00013812500000009997,1.33,0.5319999999999254,0.0992
c6288,_2335_,NAND2,0,0,2,2,3,45,265,-0.0018624999999998781,1.33,0.5319999999999254,0.0992
c6288,_2336_,OR2,0,0,2,2,4,44,249,0.0,1.33,0.265999999999849,0.0992
c6288,_2337_,XNOR2,0,0,2,2,4,44,249,-0.00043218749999995865,2.66,1.0639999999998508,0.0992
c6288,_2338_,AND2,0,0,2,1,5,43,232,-4.124999999977064e-05,1.33,0.265999999999849,0.0992
c6288,_2339_,NAND2,0,0,2,2,2,43,247,0.0,1.33,0.5319999999999254,0.0992
c6288,_2340_,XOR2,0,0,2,2,5,43,247,-4.4374999999874376e-05,2.394,0.7980000000000018,0.0992
c6288,_2341_,AOI21,0,0,3,2,6,42,231,-0.00012656249999976055,1.862,0.7980000000000018,0.0992
c6288,_2342_,XNOR2,0,1,2,2,6,42,231,-0.00022999999999995246,2.66,1.0639999999998508,0.0992
c6288,_2343_,NOR2,0,0,2,1,7,41,214,-0.00041531249999993136,1.33,0.5319999999999254,0.0992
c6288,_2344_,NAND2,0,0,2,2,2,41,229,0.0,1.33,0.5319999999999254,0.0992
c6288,_2345_,XOR2,0,1,2,2,7,41,229,-0.00014406249999998622,2.394,0.7980000000000018,0.0992
c6288,_2346_,AOI21,0,0,3,3,8,40,213,-0.0003262500000000834,1.862,0.7980000000000018,0.0992
c6288,_2347_,XNOR2,0,1,2,3,8,40,213,-0.0001206249999998743,2.66,1.0639999999998508,0.0992
c6288,_2348_,XNOR2,0,1,2,2,9,39,207,-0.00012531249999980787,2.66,1.0639999999998508,0.0993
c6288,_2349_,AOI21,0,0,3,1,10,38,181,-0.0001662499999999234,1.862,0.7980000000000018,0.0992
c6288,_2350_,NOR2,0,0,2,2,9,39,196,-0.0003156249999998195,1.33,0.5319999999999254,0.0992
c6288,_2351_,OAI21,0,0,3,1,11,37,180,-0.0001662499999999234,1.862,0.7980000000000018,0.0993
c6288,_2352_,NAND2,0,0,2,2,2,38,194,0.0,1.33,0.5319999999999254,0.0992
c6288,_2353_,INV,0,0,1,1,3,37,180,0.0,0.798,0.2660000000000764,0.0992
c6288,_2354_,NAND2,0,0,2,2,3,39,208,0.0,1.33,0.5319999999999254,0.0992
c6288,_2355_,NAND2,0,0,2,1,9,39,195,-0.00033218749999996966,1.33,0.5319999999999254,0.0992
c6288,_2356_,AOI21,0,0,3,1,10,38,194,0.0,1.862,0.7980000000000018,0.0992
c6288,_2357_,XOR2,0,1,2,2,11,37,193,0.00013281249999996803,2.394,0.7980000000000018,0.0993
c6288,_2358_,OAI21,0,0,3,2,12,36,179,-0.0003368749999999032,1.862,0.7980000000000018,0.0993
c6288,_2359_,XNOR2,0,1,2,2,12,36,179,-0.0007449999999999957,2.66,1.0639999999998508,0.0993
c6288,_2360_,NAND2,0,0,2,1,13,35,164,-0.0002453124999999279,1.33,0.5319999999999254,0.0993
c6288,_2361_,NAND2,0,0,2,2,2,36,178,0.0,1.33,0.5319999999999254,0.0992
c6288,_2362_,INV,0,0,1,1,3,35,164,-3.1249999987714716e-07,0.798,0.2660000000000764,0.0992
c6288,_2363_,XNOR2,0,1,2,2,13,35,177,3.8750000000087326e-05,2.66,1.0639999999998508,0.0993
c6288,_2364_,OAI21,0,0,3,2,14,34,163,-0.00023781249999998977,1.862,0.7980000000000018,0.0993
c6288,_2365_,XNOR2,0,1,2,2,14,34,163,-0.0011462499999999043,2.66,1.0639999999998508,0.0993
c6288,_2366_,NAND2,0,0,2,1,15,33,148,-0.000956562499999869,1.33,0.5319999999999254,0.0993
c6288,_2367_,BUF,0,0,1,10,1,35,177,0.0,1.064,0.2660000000000764,0.0992
c6288,_2368_,NAND2,0,0,2,2,2,34,162,0.0,1.33,0.5319999999999254,0.0992
c6288,_2369_,INV,0,0,1,1,3,33,148,-6.249999999763389e-07,0.798,0.2660000000000764,0.0992
c6288,_2370_,XNOR2,0,1,2,2,15,33,161,-5.031249999998266e-05,2.66,1.0639999999998508,0.0993
c6288,_2371_,OAI21,0,0,3,2,16,32,147,-0.0008484374999997435,1.862,0.7980000000000018,0.0993
c6288,_2372_,XNOR2,0,1,2,2,16,32,147,-0.0006149999999998101,2.66,1.0639999999998508,0.0993
c6288,_2373_,NAND2,0,0,2,1,17,31,132,-0.0007853124999999128,1.33,0.5319999999999254,0.0993
c6288,_2374_,NAND2,0,0,2,2,2,32,146,0.0,1.33,0.5319999999999254,0.0992
c6288,_2375_,INV,0,0,1,1,3,31,132,0.0,0.798,0.2660000000000764,0.0992
c6288,_2376_,XNOR2,0,1,2,2,17,31,145,-7.249999999991985e-05,2.66,1.0639999999998508,0.0993
c6288,_2377_,OAI21,0,0,3,2,18,30,131,-0.00034093749999986045,1.862,0.7980000000000018,0.0993
c6288,_2378_,XNOR2,0,1,2,2,18,30,131,-0.0006434374999999548,2.66,1.0639999999998508,0.0993
c6288,_2379_,NAND2,0,0,2,1,19,29,116,-0.000880312499999869,1.33,0.5319999999999254,0.0993
c6288,_2380_,NAND2,0,0,2,2,2,30,130,0.0,1.33,0.5319999999999254,0.0992
c6288,_2381_,INV,0,0,1,1,3,29,116,0.0,0.798,0.2660000000000764,0.0992
c6288,_2382_,XNOR2,0,1,2,2,19,29,129,-0.00012468750000005357,2.66,1.0639999999998508,0.0993
c6288,_2383_,OAI21,0,0,3,2,20,28,115,-0.000534687499999853,1.862,0.7980000000000018,0.0993
c6288,_2384_,XNOR2,0,1,2,2,20,28,115,-0.0001396874999999298,2.66,1.0639999999998508,0.0994
c6288,_2385_,NAND2,0,0,2,1,21,27,100,-0.00038281249999982947,1.33,0.5319999999999254,0.0993
c6288,_2386_,NAND2,0,0,2,2,2,28,114,0.0,1.33,0.5319999999999254,0.0992
c6288,_2387_,INV,0,0,1,1,3,27,100,0.0,0.798,0.2660000000000764,0.0992
c6288,_2388_,XNOR2,0,1,2,2,21,27,113,1.2499999999526779e-06,2.66,1.0639999999998508,0.0994
c6288,_2389_,OAI21,0,0,3,2,22,26,99,-0.0001931250000000162,1.862,0.7980000000000018,0.0994
c6288,_2390_,XNOR2,0,1,2,2,22,26,99,-9.374999998534861e-07,2.66,1.0639999999998508,0.0994
c6288,_2391_,NAND2,0,0,2,1,23,25,83,-0.00045874999999995225,1.33,0.5319999999999254,0.0994
c6288,_2392_,NAND2,0,0,2,2,2,26,98,0.0,1.33,0.5319999999999254,0.0992
c6288,_2393_,INV,0,0,1,1,3,25,83,0.0,0.798,0.2660000000000764,0.0992
c6288,_2394_,XNOR2,0,1,2,2,23,25,97,-7.249999999991985e-05,2.66,1.0639999999998508,0.0998
c6288,_2395_,OAI21,0,0,3,2,24,24,82,-0.00022187499999981597,1.862,0.7980000000000018,0.0992
c6288,_2396_,XNOR2,0,2,2,2,24,24,82,8.750000000001812e-05,2.66,1.0639999999998508,0.0992
c6288,_2397_,NAND2,0,0,2,1,25,23,64,-0.0003924999999997958,1.33,0.5319999999999254,0.0994
c6288,_2398_,NAND2,0,0,2,2,2,24,81,0.0,1.33,0.5319999999999254,0.0992
c6288,_2399_,INV,0,0,1,1,3,23,64,0.0,0.798,0.2660000000000764,0.0992
c6288,_2400_,XNOR2,0,2,2,2,25,23,80,7.875000000012733e-05,2.66,1.0639999999998508,0.0997
c6288,_2401_,OAI21,0,0,3,2,26,22,63,-0.0003862500000000324,1.862,0.7980000000000018,0.0993
c6288,_2402_,XNOR2,0,0,2,2,26,22,63,0.0,2.66,1.0639999999998508,0.0992
c6288,_2403_,NAND2,0,0,2,1,27,21,49,0.0,1.33,0.5319999999999254,0.0993
c6288,_2404_,NAND2,0,0,2,2,2,22,62,0.0,1.33,0.5319999999999254,0.0992
c6288,_2405_,INV,0,0,1,1,3,21,49,0.0,0.798,0.2660000000000764,0.0992
c6288,_2406_,XNOR2,0,0,2,2,27,21,61,0.0,2.66,1.0639999999998508,0.0996
c6288,_2407_,OAI21,0,0,3,2,28,20,48,0.0,1.862,0.7980000000000018,0.0993
c6288,_2408_,XNOR2,1,15,2,2,28,20,49,-0.002237187500000015,2.66,1.0639999999998508,0.0991
c6288,_2409_,INV,0,0,1,1,29,19,37,-0.002565624999999905,0.798,0.2660000000000764,0.0994
c6288,_2410_,NAND2,0,0,2,2,30,18,36,0.0,1.33,0.5319999999999254,0.0993
c6288,_2411_,AND2,0,0,2,2,2,19,46,0.0,1.33,0.265999999999849,0.0992
c6288,_2412_,XOR2,1,15,2,2,29,19,46,0.0007996875000000347,2.394,0.7980000000000018,0.0997
c6288,_2413_,OR2,0,0,2,2,30,18,36,-0.002171249999999958,1.33,0.265999999999849,0.0993
c6288,_2414_,NAND2,0,0,2,1,31,17,34,0.0,1.33,0.5319999999999254,0.0995
c6288,_2415_,NAND2,0,0,2,1,2,18,36,0.0,1.33,0.5319999999999254,0.0992
c6288,_2416_,XOR2,0,0,2,2,31,17,35,0.0,2.394,0.7980000000000018,0.0992
c6288,_2417_,XOR2,0,0,2,2,32,16,33,0.0,2.394,0.7980000000000018,0.0998
c6288,_2418_,AOI21,0,0,3,2,33,15,27,0.0,1.862,0.7980000000000018,0.0992
c6288,_2419_,AOI21,0,0,3,2,32,15,27,0.0,1.862,0.7980000000000018,0.0994
c6288,_2420_,OAI21,0,0,3,1,35,13,23,-1.8750000001510614e-06,1.862,0.7980000000000018,0.0994
c6288,_2421_,XNOR2,0,1,2,2,10,38,159,3.312500000007823e-05,2.66,1.0639999999998508,0.0993
c6288,_2422_,NAND2,0,0,2,3,3,45,212,-0.00013781250000000078,1.33,0.5319999999999254,0.0992
c6288,_2423_,NAND2,0,2,2,3,3,45,212,-0.0013125000000000497,1.33,0.5319999999999254,0.0992
c6288,_2424_,OR2,0,2,2,3,4,44,203,0.00038343750000002785,1.33,0.265999999999849,0.0992
c6288,_2425_,XNOR2,0,0,2,2,4,44,201,-0.0002062499999999634,2.66,1.0639999999998508,0.0992
c6288,_2426_,AND2,0,0,2,1,5,43,188,-0.00010250000000011639,1.33,0.265999999999849,0.0992
c6288,_2427_,NAND2,0,0,2,2,2,43,199,0.0,1.33,0.5319999999999254,0.0992
c6288,_2428_,XOR2,0,2,2,2,5,43,199,-7.312500000011823e-05,2.394,0.7980000000000018,0.0992
c6288,_2429_,AOI21,0,1,3,2,6,42,187,-0.00022781249999992426,1.862,0.7980000000000018,0.0992
c6288,_2430_,XNOR2,0,0,2,2,6,42,187,-0.0001178125000000918,2.66,1.0639999999998508,0.0992
c6288,_2431_,NOR2,0,0,2,1,7,41,174,-0.00039531249999980034,1.33,0.5319999999999254,0.0992
c6288,_2432_,NAND2,0,0,2,2,2,41,185,0.0,1.33,0.5319999999999254,0.0992
c6288,_2433_,XOR2,0,1,2,2,7,41,185,-6.343749999992987e-05,2.394,0.7980000000000018,0.0992
c6288,_2434_,AOI21,0,0,3,3,8,40,173,-0.0003431250000001107,1.862,0.7980000000000018,0.0992
c6288,_2435_,XNOR2,0,1,2,3,8,40,173,-0.00012031249999999716,2.66,1.0639999999998508,0.0992
c6288,_2436_,XNOR2,0,1,2,2,9,39,167,-0.00012531249999980787,2.66,1.0639999999998508,0.0993
c6288,_2437_,AOI21,0,0,3,1,10,38,149,-0.0001662499999999234,1.862,0.7980000000000018,0.0992
c6288,_2438_,NOR2,0,0,2,2,9,39,160,-0.0003153124999999424,1.33,0.5319999999999254,0.0992
c6288,_2439_,OAI21,0,0,3,1,11,37,148,-0.0001665625000000226,1.862,0.7980000000000018,0.0993
c6288,_2440_,NAND2,0,0,2,2,2,38,158,0.0,1.33,0.5319999999999254,0.0992
c6288,_2441_,INV,0,0,1,1,3,37,148,-3.1250000009919177e-07,0.798,0.2660000000000764,0.0992
c6288,_2442_,NAND2,0,0,2,2,4,39,168,0.0,1.33,0.5319999999999254,0.0992
c6288,_2443_,NAND2,0,0,2,1,9,39,159,-0.0003318750000000925,1.33,0.5319999999999254,0.0992
c6288,_2444_,AOI21,0,0,3,1,10,38,158,0.0,1.862,0.7980000000000018,0.0992
c6288,_2445_,XOR2,0,1,2,2,11,37,157,0.00013281249999996803,2.394,0.7980000000000018,0.0993
c6288,_2446_,OAI21,0,0,3,2,12,36,147,-0.0003368749999999032,1.862,0.7980000000000018,0.0993
c6288,_2447_,XNOR2,0,1,2,2,12,36,147,-0.00013468749999989704,2.66,1.0639999999998508,0.0993
c6288,_2448_,NAND2,0,0,2,1,13,35,136,-0.0001965624999999971,1.33,0.5319999999999254,0.0993
c6288,_2449_,BUF,0,0,1,10,1,37,163,0.0,1.064,0.2660000000000764,0.0992
c6288,_2450_,NAND2,0,0,2,2,2,36,146,0.0,1.33,0.5319999999999254,0.0992
c6288,_2451_,INV,0,0,1,1,3,35,136,-3.1249999987714716e-07,0.798,0.2660000000000764,0.0992
c6288,_2452_,XNOR2,0,1,2,2,13,35,145,3.8750000000087326e-05,2.66,1.0639999999998508,0.0993
c6288,_2453_,OAI21,0,0,3,2,14,34,135,-0.0001931250000000162,1.862,0.7980000000000018,0.0993
c6288,_2454_,XNOR2,0,1,2,2,14,34,135,-0.00018687500000003077,2.66,1.0639999999998508,0.0993
c6288,_2455_,NAND2,0,0,2,1,15,33,124,-0.0002440624999999752,1.33,0.5319999999999254,0.0993
c6288,_2456_,NAND2,0,0,2,2,2,34,134,0.0,1.33,0.5319999999999254,0.0992
c6288,_2457_,INV,0,0,1,1,3,33,124,0.0,0.798,0.2660000000000764,0.0992
c6288,_2458_,XNOR2,0,1,2,2,15,33,133,3.9375000000063665e-05,2.66,1.0639999999998508,0.0993
c6288,_2459_,OAI21,0,0,3,2,16,32,123,-0.00023781249999998977,1.862,0.7980000000000018,0.0993
c6288,_2460_,XNOR2,0,1,2,2,16,32,123,-0.0011462499999999043,2.66,1.0639999999998508,0.0993
c6288,_2461_,NAND2,0,0,2,1,17,31,112,-0.000956562499999869,1.33,0.5319999999999254,0.0993
c6288,_2462_,NAND2,0,0,2,2,2,32,122,0.0,1.33,0.5319999999999254,0.0992
c6288,_2463_,INV,0,0,1,1,3,31,112,-6.249999999763389e-07,0.798,0.2660000000000764,0.0992
c6288,_2464_,XNOR2,0,1,2,2,17,31,121,-5.031249999998266e-05,2.66,1.0639999999998508,0.0993
c6288,_2465_,OAI21,0,0,3,2,18,30,111,-0.0008374999999998245,1.862,0.7980000000000018,0.0993
c6288,_2466_,XNOR2,0,1,2,2,18,30,111,-0.0006149999999998101,2.66,1.0639999999998508,0.0993
c6288,_2467_,NAND2,0,0,2,1,19,29,100,-0.0007853124999999128,1.33,0.5319999999999254,0.0993
c6288,_2468_,NAND2,0,0,2,2,2,30,110,0.0,1.33,0.5319999999999254,0.0992
c6288,_2469_,INV,0,0,1,1,3,29,100,0.0,0.798,0.2660000000000764,0.0992
c6288,_2470_,XNOR2,0,1,2,2,19,29,109,-7.249999999991985e-05,2.66,1.0639999999998508,0.0993
c6288,_2471_,OAI21,0,0,3,2,20,28,99,-0.00034093749999986045,1.862,0.7980000000000018,0.0993
c6288,_2472_,XNOR2,0,1,2,2,20,28,99,-0.0006434374999999548,2.66,1.0639999999998508,0.0994
c6288,_2473_,NAND2,0,0,2,1,21,27,88,-0.000880312499999869,1.33,0.5319999999999254,0.0993
c6288,_2474_,NAND2,0,0,2,2,2,28,98,0.0,1.33,0.5319999999999254,0.0992
c6288,_2475_,INV,0,0,1,1,3,27,88,0.0,0.798,0.2660000000000764,0.0992
c6288,_2476_,XNOR2,0,1,2,2,21,27,97,-0.00012468750000005357,2.66,1.0639999999998508,0.0994
c6288,_2477_,OAI21,0,0,3,2,22,26,87,-0.000505624999999732,1.862,0.7980000000000018,0.0994
c6288,_2478_,XNOR2,0,1,2,2,22,26,87,-0.0001396874999999298,2.66,1.0639999999998508,0.0994
c6288,_2479_,NAND2,0,0,2,1,23,25,76,-0.00038281249999982947,1.33,0.5319999999999254,0.0994
c6288,_2480_,NAND2,0,0,2,2,2,26,86,0.0,1.33,0.5319999999999254,0.0992
c6288,_2481_,INV,0,0,1,1,3,25,76,0.0,0.798,0.2660000000000764,0.0992
c6288,_2482_,XNOR2,0,1,2,2,23,25,85,1.2499999999526779e-06,2.66,1.0639999999998508,0.0998
c6288,_2483_,OAI21,0,0,3,2,24,24,75,-0.0001931250000000162,1.862,0.7980000000000018,0.0992
c6288,_2484_,XNOR2,0,1,2,2,24,24,75,-9.374999998534861e-07,2.66,1.0639999999998508,0.0992
c6288,_2485_,NAND2,0,0,2,1,25,23,63,-0.00045874999999995225,1.33,0.5319999999999254,0.0994
c6288,_2486_,NAND2,0,0,2,2,2,24,74,0.0,1.33,0.5319999999999254,0.0992
c6288,_2487_,INV,0,0,1,1,3,23,63,0.0,0.798,0.2660000000000764,0.0992
c6288,_2488_,XNOR2,0,1,2,2,25,23,73,-7.249999999991985e-05,2.66,1.0639999999998508,0.0997
c6288,_2489_,OAI21,0,0,3,2,26,22,62,-0.000192812499999917,1.862,0.7980000000000018,0.0993
c6288,_2490_,XNOR2,0,2,2,2,26,22,62,8.750000000001812e-05,2.66,1.0639999999998508,0.0992
c6288,_2491_,NAND2,0,0,2,1,27,21,48,-0.00039218749999991864,1.33,0.5319999999999254,0.0993
c6288,_2492_,AND2,0,0,2,2,2,21,60,0.0,1.33,0.265999999999849,0.0992
c6288,_2493_,XNOR2,0,2,2,2,27,21,60,5.8437499999897113e-05,2.66,1.0639999999998508,0.0996
c6288,_2494_,OAI21,0,0,3,2,28,20,47,-0.0003874999999999851,1.862,0.7980000000000018,0.0994
c6288,_2495_,XNOR2,0,0,2,2,28,20,47,0.0,2.66,1.0639999999998508,0.0992
c6288,_2496_,NAND2,0,0,2,1,29,19,37,0.0,1.33,0.5319999999999254,0.0993
c6288,_2497_,NAND2,0,0,2,1,2,20,46,0.0,1.33,0.5319999999999254,0.0992
c6288,_2498_,INV,0,0,1,2,3,19,45,0.0,0.798,0.2660000000000764,0.0992
c6288,_2499_,XNOR2,0,0,2,2,29,19,45,0.0,2.66,1.0639999999998508,0.0996
c6288,_2500_,OAI21,0,0,3,2,30,18,36,0.0,1.862,0.7980000000000018,0.0994
c6288,_2501_,XOR2,1,15,2,2,30,18,36,-0.00037437500000003787,2.394,0.7980000000000018,0.0992
c6288,_2502_,NAND2,0,0,2,1,31,16,29,-0.005118749999999839,1.33,0.5319999999999254,0.0992
c6288,_2503_,AND2,0,0,2,2,2,17,34,0.0,1.33,0.265999999999849,0.0992
c6288,_2504_,XNOR2,1,15,2,2,31,17,34,-0.002226249999999874,2.66,1.0639999999998508,0.0996
c6288,_2505_,OAI21,0,0,3,2,32,15,28,-0.0029146875000001238,1.862,0.7980000000000018,0.0994
c6288,_2506_,NAND2,0,0,2,1,2,16,29,0.0,1.33,0.5319999999999254,0.0992
c6288,_2507_,XNOR2,0,0,2,2,33,15,28,0.0,2.66,1.0639999999998508,0.0992
c6288,_2508_,AND2,0,0,2,1,34,14,25,0.0,1.33,0.265999999999849,0.0995
c6288,_2509_,XOR2,1,15,2,2,32,16,30,0.0014696874999999832,2.394,0.7980000000000018,0.0994
c6288,_2510_,BUF,0,0,1,10,1,35,121,0.0,1.064,0.2660000000000764,0.0992
c6288,_2511_,NAND2,0,0,2,3,2,17,35,0.0,1.33,0.5319999999999254,0.0992
c6288,_2512_,XNOR2,0,1,2,2,10,38,121,3.312500000007823e-05,2.66,1.0639999999998508,0.0993
c6288,_2513_,AND4,0,1,4,4,3,45,155,-0.0006734374999999293,1.862,0.2660000000000764,0.0992
c6288,_2514_,NAND2,0,0,2,1,4,44,143,-0.0003434374999997658,1.33,0.5319999999999254,0.0992
c6288,_2515_,AOI21,0,0,3,1,5,43,142,-0.00046125000000007965,1.862,0.7980000000000018,0.0992
c6288,_2516_,NAND2,0,0,2,2,2,43,147,0.0,1.33,0.5319999999999254,0.0992
c6288,_2517_,XNOR2,0,0,2,1,4,44,148,-0.0004293749999999541,2.66,1.0639999999998508,0.0992
c6288,_2518_,XNOR2,0,1,2,2,5,43,147,-4.999999999810711e-06,2.66,1.0639999999998508,0.0992
c6288,_2519_,AOI21,0,0,3,2,6,42,141,-0.0001715624999998333,1.862,0.7980000000000018,0.0992
c6288,_2520_,XNOR2,0,1,2,2,6,42,141,-8.406250000003723e-05,2.66,1.0639999999998508,0.0992
c6288,_2521_,NOR2,0,0,2,1,7,41,132,-0.00037749999999991957,1.33,0.5319999999999254,0.0992
c6288,_2522_,NAND2,0,0,2,2,2,41,139,0.0,1.33,0.5319999999999254,0.0992
c6288,_2523_,XOR2,0,1,2,2,7,41,139,-0.00013281249999996803,2.394,0.7980000000000018,0.0992
c6288,_2524_,AOI21,0,0,3,3,8,40,131,-0.00026906249999991694,1.862,0.7980000000000018,0.0992
c6288,_2525_,XNOR2,0,1,2,3,8,40,131,-0.00013656249999982606,2.66,1.0639999999998508,0.0992
c6288,_2526_,XNOR2,0,1,2,2,9,39,125,-4.062499999957225e-06,2.66,1.0639999999998508,0.0993
c6288,_2527_,AOI21,0,0,3,1,10,38,115,-0.0001662499999999234,1.862,0.7980000000000018,0.0992
c6288,_2528_,NOR2,0,0,2,2,9,39,122,-0.00026124999999987963,1.33,0.5319999999999254,0.0992
c6288,_2529_,OAI21,0,0,3,1,11,37,114,-0.0001662499999999234,1.862,0.7980000000000018,0.0993
c6288,_2530_,NAND2,0,0,2,2,2,38,120,0.0,1.33,0.5319999999999254,0.0992
c6288,_2531_,INV,0,0,1,1,3,37,114,0.0,0.798,0.2660000000000764,0.0992
c6288,_2532_,NAND2,0,0,2,2,4,39,126,0.0,1.33,0.5319999999999254,0.0992
c6288,_2533_,NAND2,0,0,2,1,9,39,121,-0.00023812500000008896,1.33,0.5319999999999254,0.0992
c6288,_2534_,AOI21,0,0,3,1,10,38,120,-3.1250000009919177e-07,1.862,0.7980000000000018,0.0992
c6288,_2535_,XOR2,0,1,2,2,11,37,119,0.00013281249999996803,2.394,0.7980000000000018,0.0993
c6288,_2536_,OAI21,0,0,3,2,12,36,113,-0.00033656249999980403,1.862,0.7980000000000018,0.0993
c6288,_2537_,XNOR2,0,1,2,2,12,36,113,-0.00013499999999999623,2.66,1.0639999999998508,0.0993
c6288,_2538_,NAND2,0,0,2,1,13,35,106,-0.00019687499999987423,1.33,0.5319999999999254,0.0993
c6288,_2539_,NAND2,0,0,2,2,2,36,112,0.0,1.33,0.5319999999999254,0.0992
c6288,_2540_,INV,0,0,1,1,3,35,106,-3.1250000009919177e-07,0.798,0.2660000000000764,0.0992
c6288,_2541_,XNOR2,0,1,2,2,13,35,111,3.843750000021018e-05,2.66,1.0639999999998508,0.0993
c6288,_2542_,OAI21,0,0,3,2,14,34,105,-0.0001931250000000162,1.862,0.7980000000000018,0.0993
c6288,_2543_,XNOR2,0,1,2,2,14,34,105,4.343750000002089e-05,2.66,1.0639999999998508,0.0993
c6288,_2544_,NAND2,0,0,2,1,15,33,98,-0.0001962499999998979,1.33,0.5319999999999254,0.0993
c6288,_2545_,NAND2,0,0,2,2,2,34,104,0.0,1.33,0.5319999999999254,0.0992
c6288,_2546_,INV,0,0,1,1,3,33,98,0.0,0.798,0.2660000000000764,0.0992
c6288,_2547_,XNOR2,0,1,2,2,15,33,103,3.9375000000063665e-05,2.66,1.0639999999998508,0.0993
c6288,_2548_,OAI21,0,0,3,2,16,32,97,-0.0001931250000000162,1.862,0.7980000000000018,0.0993
c6288,_2549_,XNOR2,0,1,2,2,16,32,97,-0.00018687500000003077,2.66,1.0639999999998508,0.0993
c6288,_2550_,NAND2,0,0,2,1,17,31,90,-0.0002440624999999752,1.33,0.5319999999999254,0.0993
c6288,_2551_,NAND2,0,0,2,2,2,32,96,0.0,1.33,0.5319999999999254,0.0992
c6288,_2552_,INV,0,0,1,1,3,31,90,0.0,0.798,0.2660000000000764,0.0992
c6288,_2553_,XNOR2,0,1,2,2,17,31,95,3.9375000000063665e-05,2.66,1.0639999999998508,0.0993
c6288,_2554_,OAI21,0,0,3,2,18,30,89,-0.00023781249999998977,1.862,0.7980000000000018,0.0993
c6288,_2555_,XNOR2,0,1,2,2,18,30,89,-0.0011462499999999043,2.66,1.0639999999998508,0.0993
c6288,_2556_,NAND2,0,0,2,1,19,29,82,-0.0009424999999998462,1.33,0.5319999999999254,0.0993
c6288,_2557_,NAND2,0,0,2,2,2,30,88,0.0,1.33,0.5319999999999254,0.0992
c6288,_2558_,INV,0,0,1,1,3,29,82,0.0,0.798,0.2660000000000764,0.0992
c6288,_2559_,XNOR2,0,1,2,2,19,29,87,-5.031249999998266e-05,2.66,1.0639999999998508,0.0993
c6288,_2560_,OAI21,0,0,3,2,20,28,81,-0.0008368750000000702,1.862,0.7980000000000018,0.0993
c6288,_2561_,XNOR2,0,1,2,2,20,28,81,-0.0006149999999998101,2.66,1.0639999999998508,0.0994
c6288,_2562_,NAND2,0,0,2,1,21,27,74,-0.0007853124999999128,1.33,0.5319999999999254,0.0993
c6288,_2563_,NAND2,0,0,2,2,2,28,80,0.0,1.33,0.5319999999999254,0.0992
c6288,_2564_,INV,0,0,1,1,3,27,74,0.0,0.798,0.2660000000000764,0.0992
c6288,_2565_,XNOR2,0,1,2,2,21,27,79,-7.249999999991985e-05,2.66,1.0639999999998508,0.0994
c6288,_2566_,OAI21,0,0,3,2,22,26,73,-0.00034062499999976126,1.862,0.7980000000000018,0.0994
c6288,_2567_,XNOR2,0,1,2,2,22,26,73,-0.0006434374999999548,2.66,1.0639999999998508,0.0994
c6288,_2568_,NAND2,0,0,2,1,23,25,66,-0.0007506249999997827,1.33,0.5319999999999254,0.0994
c6288,_2569_,NAND2,0,0,2,2,2,26,72,0.0,1.33,0.5319999999999254,0.0992
c6288,_2570_,INV,0,0,1,1,3,25,66,0.0,0.798,0.2660000000000764,0.0992
c6288,_2571_,XNOR2,0,1,2,2,23,25,71,-0.0001240624999998552,2.66,1.0639999999998508,0.0998
c6288,_2572_,OAI21,0,0,3,2,24,24,65,-0.0005053124999998548,1.862,0.7980000000000018,0.0992
c6288,_2573_,XNOR2,0,1,2,2,24,24,65,-0.000140000000000029,2.66,1.0639999999998508,0.0992
c6288,_2574_,NAND2,0,0,2,1,25,23,58,-0.00038281249999982947,1.33,0.5319999999999254,0.0994
c6288,_2575_,NAND2,0,0,2,2,2,24,64,0.0,1.33,0.5319999999999254,0.0992
c6288,_2576_,INV,0,0,1,1,3,23,58,0.0,0.798,0.2660000000000764,0.0992
c6288,_2577_,XNOR2,0,1,2,2,25,23,63,1.2499999999526779e-06,2.66,1.0639999999998508,0.0997
c6288,_2578_,OAI21,0,0,3,2,26,22,57,-0.0001931250000000162,1.862,0.7980000000000018,0.0993
c6288,_2579_,XNOR2,0,1,2,2,26,22,57,-0.0001990625000001245,2.66,1.0639999999998508,0.0992
c6288,_2580_,NAND2,0,0,2,1,27,21,49,-0.000292812499999906,1.33,0.5319999999999254,0.0993
c6288,_2581_,NAND2,0,0,2,2,2,22,56,0.0,1.33,0.5319999999999254,0.0992
c6288,_2582_,INV,0,0,1,1,3,21,49,0.0,0.798,0.2660000000000764,0.0992
c6288,_2583_,XNOR2,0,1,2,2,27,21,55,-7.249999999991985e-05,2.66,1.0639999999998508,0.0996
c6288,_2584_,OAI21,0,0,3,2,28,20,48,-0.000192812499999917,1.862,0.7980000000000018,0.0993
c6288,_2585_,XOR2,0,2,2,2,28,20,48,0.0002678125000001863,2.394,0.7980000000000018,0.0994
c6288,_2586_,NAND2,0,0,2,2,29,19,38,-0.0006834374999997728,1.33,0.5319999999999254,0.0992
c6288,_2587_,AND2,0,0,2,3,2,19,46,0.0,1.33,0.2660000000000764,0.0992
c6288,_2588_,XNOR2,0,2,2,3,29,19,46,-0.00017531250000013543,2.66,1.0639999999998508,0.0997
c6288,_2589_,OAI21,0,0,3,1,30,18,36,-0.0004028124999999605,1.862,0.7980000000000018,0.0993
c6288,_2590_,XNOR2,0,0,2,2,30,18,37,-8.12499999991445e-06,2.66,1.0639999999998508,0.0993
c6288,_2591_,XNOR2,0,0,2,3,31,17,35,0.0,2.66,1.0639999999998508,0.0998
c6288,_2592_,AND2,0,0,2,1,32,16,28,0.0,1.33,0.2660000000000764,0.0993
c6288,_2593_,OR2,0,0,2,1,30,18,32,-0.00016906249999992795,1.33,0.2660000000000764,0.0993
c6288,_2594_,AOI21,0,0,3,2,31,17,31,0.0,1.862,0.7980000000000018,0.0995
c6288,_2595_,OAI21,0,0,3,1,33,15,27,-0.004355937499999962,1.862,0.7980000000000018,0.0993
c6288,_2596_,XOR2,0,0,2,2,32,16,30,0.0,2.394,0.7980000000000018,0.0993
c6288,_2597_,XNOR2,0,2,2,2,30,18,36,-9.374999998534861e-07,2.66,1.0639999999998508,0.0993
c6288,_2598_,AND2,0,0,2,3,2,19,39,-5.937499999886242e-06,1.33,0.2660000000000764,0.0992
c6288,_2599_,XNOR2,0,1,2,2,10,38,77,3.312500000007823e-05,2.66,1.0639999999998508,0.0993
c6288,_2600_,NAND4,0,1,4,2,3,45,93,-0.0024228124999998712,2.394,1.0639999999998508,0.0992
c6288,_2601_,AOI22,0,0,4,2,3,45,93,-0.002042187499999848,2.394,1.0639999999998508,0.0992
c6288,_2602_,OAI21,0,0,3,2,4,44,91,-0.000412812500000026,1.862,0.7980000000000018,0.0992
c6288,_2603_,INV,0,0,1,1,5,43,88,0.0,0.798,0.2660000000000764,0.0992
c6288,_2604_,NAND2,0,0,2,2,2,43,89,0.0,1.33,0.5319999999999254,0.0992
c6288,_2605_,OR3,0,1,3,2,4,43,90,0.00010937500000007816,1.596,0.2660000000000764,0.0992
c6288,_2606_,AOI21,0,0,3,2,6,42,87,-0.00015749999999981057,1.862,0.7980000000000018,0.0992
c6288,_2607_,XNOR2,0,1,2,2,6,42,87,3.562500000020563e-05,2.66,1.0639999999998508,0.0992
c6288,_2608_,NOR2,0,0,2,1,7,41,84,-0.00018687499999980872,1.33,0.5319999999999254,0.0992
c6288,_2609_,NAND2,0,0,2,2,2,41,85,0.0,1.33,0.5319999999999254,0.0992
c6288,_2610_,XOR2,0,1,2,2,7,41,85,0.00014093750000010452,2.394,0.7980000000000018,0.0992
c6288,_2611_,AOI21,0,0,3,3,8,40,83,-0.0003424999999999123,1.862,0.7980000000000018,0.0992
c6288,_2612_,XNOR2,0,1,2,3,8,40,83,-8.281250000008455e-05,2.66,1.0639999999998508,0.0992
c6288,_2613_,XNOR2,0,1,2,2,9,39,77,-7.749999999973056e-05,2.66,1.0639999999998508,0.0993
c6288,_2614_,AOI21,0,0,3,1,10,38,75,-0.00011937499999969958,1.862,0.7980000000000018,0.0992
c6288,_2615_,NOR2,0,0,2,2,9,39,78,-0.0002575000000000216,1.33,0.5319999999999254,0.0992
c6288,_2616_,OAI21,0,0,3,1,11,37,74,-0.0001662499999999234,1.862,0.7980000000000018,0.0993
c6288,_2617_,AND2,0,0,2,2,2,37,75,0.0,1.33,0.2660000000000764,0.0992
c6288,_2618_,NAND2,0,0,2,2,4,39,78,0.0,1.33,0.5319999999999254,0.0992
c6288,_2619_,NAND2,0,0,2,1,9,39,77,-0.0002740624999999497,1.33,0.5319999999999254,0.0992
c6288,_2620_,AOI21,0,0,3,1,10,38,76,0.0,1.862,0.7980000000000018,0.0992
c6288,_2621_,XOR2,0,1,2,2,11,37,75,0.00013124999999991616,2.394,0.7980000000000018,0.0993
c6288,_2622_,OAI21,0,0,3,2,12,36,73,-0.00033499999999975216,1.862,0.7980000000000018,0.0993
c6288,_2623_,XNOR2,0,1,2,2,12,36,73,-0.0001349999999997742,2.66,1.0639999999998508,0.0993
c6288,_2624_,NAND2,0,0,2,1,13,35,70,-0.0001962499999998979,1.33,0.5319999999999254,0.0993
c6288,_2625_,AND2,0,0,2,2,2,35,71,0.0,1.33,0.2660000000000764,0.0992
c6288,_2626_,XNOR2,0,1,2,2,13,35,71,3.687500000015831e-05,2.66,1.0639999999998508,0.0993
c6288,_2627_,OAI21,0,0,3,2,14,34,69,-0.00019062500000011084,1.862,0.7980000000000018,0.0993
c6288,_2628_,XNOR2,0,1,2,2,14,34,69,4.343750000002089e-05,2.66,1.0639999999998508,0.0993
c6288,_2629_,NAND2,0,0,2,1,15,33,66,-0.00019593750000002075,1.33,0.5319999999999254,0.0993
c6288,_2630_,AND2,0,0,2,2,2,33,67,0.0,1.33,0.2660000000000764,0.0992
c6288,_2631_,XNOR2,0,1,2,2,15,33,67,3.74999999999126e-05,2.66,1.0639999999998508,0.0993
c6288,_2632_,OAI21,0,0,3,2,16,32,65,-0.000190937499999988,1.862,0.7980000000000018,0.0993
c6288,_2633_,XNOR2,0,1,2,2,16,32,65,4.343750000002089e-05,2.66,1.0639999999998508,0.0993
c6288,_2634_,NAND2,0,0,2,1,17,31,62,-0.00019593750000002075,1.33,0.5319999999999254,0.0993
c6288,_2635_,AND2,0,0,2,2,2,31,63,0.0,1.33,0.2660000000000764,0.0992
c6288,_2636_,XNOR2,0,1,2,2,17,31,63,3.750000000013465e-05,2.66,1.0639999999998508,0.0993
c6288,_2637_,OAI21,0,0,3,2,18,30,61,-0.000190937499999988,1.862,0.7980000000000018,0.0993
c6288,_2638_,XNOR2,0,1,2,2,18,30,61,-0.00018687500000003077,2.66,1.0639999999998508,0.0993
c6288,_2639_,NAND2,0,0,2,1,19,29,58,-0.0002440624999999752,1.33,0.5319999999999254,0.0993
c6288,_2640_,AND2,0,0,2,2,2,29,59,-5.937499999886242e-06,1.33,0.2660000000000764,0.0992
c6288,_2641_,XNOR2,0,1,2,2,19,29,59,3.7812500000011795e-05,2.66,1.0639999999998508,0.0993
c6288,_2642_,OAI21,0,0,3,2,20,28,57,-0.0001906249999998888,1.862,0.7980000000000018,0.0993
c6288,_2643_,XNOR2,0,1,2,2,20,28,57,-0.0009834374999999618,2.66,1.0639999999998508,0.0994
c6288,_2644_,NAND2,0,0,2,1,21,27,54,-0.0009415624999999928,1.33,0.5319999999999254,0.0993
c6288,_2645_,AND2,0,0,2,2,2,27,55,-5.937499999886242e-06,1.33,0.2660000000000764,0.0992
c6288,_2646_,XNOR2,0,1,2,2,21,27,55,-5.218749999991168e-05,2.66,1.0639999999998508,0.0994
c6288,_2647_,OAI21,0,0,3,2,22,26,53,-0.00020218750000000618,1.862,0.7980000000000018,0.0994
c6288,_2648_,XNOR2,0,1,2,2,22,26,53,-0.0006149999999998101,2.66,1.0639999999998508,0.0994
c6288,_2649_,NAND2,0,0,2,1,23,25,50,-0.0007846874999999365,1.33,0.5319999999999254,0.0994
c6288,_2650_,AND2,0,0,2,2,2,25,51,-5.937499999886242e-06,1.33,0.2660000000000764,0.0992
c6288,_2651_,XNOR2,0,1,2,2,23,25,51,-7.406249999997172e-05,2.66,1.0639999999998508,0.0999
c6288,_2652_,OAI21,0,0,3,2,24,24,49,-0.0002140625000000007,1.862,0.7980000000000018,0.0993
c6288,_2653_,XNOR2,0,1,2,2,24,24,49,-0.0004443749999998303,2.66,1.0639999999998508,0.0992
c6288,_2654_,NAND2,0,0,2,1,25,23,46,-0.0007156249999997755,1.33,0.5319999999999254,0.0994
c6288,_2655_,AND2,0,0,2,2,2,23,47,-5.937499999886242e-06,1.33,0.2660000000000764,0.0992
c6288,_2656_,XNOR2,0,1,2,2,25,23,47,-7.218749999982066e-05,2.66,1.0639999999998508,0.0998
c6288,_2657_,OAI21,0,0,3,2,26,22,45,-0.0002143750000000999,1.862,0.7980000000000018,0.0994
c6288,_2658_,XNOR2,0,1,2,2,26,22,45,-0.00012999999999996348,2.66,1.0639999999998508,0.0992
c6288,_2659_,NAND2,0,0,2,1,27,21,42,-0.00038218749999985313,1.33,0.5319999999999254,0.0993
c6288,_2660_,AND2,0,0,2,2,2,21,43,-5.937499999886242e-06,1.33,0.2660000000000764,0.0992
c6288,_2661_,XNOR2,0,1,2,2,27,21,43,-6.249999997542943e-07,2.66,1.0639999999998508,0.0997
c6288,_2662_,OAI21,0,0,3,2,28,20,41,-0.00019093749999976595,1.862,0.7980000000000018,0.0994
c6288,_2663_,XNOR2,0,1,2,2,28,20,41,0.0,2.66,1.0639999999998508,0.0992
c6288,_2664_,XNOR2,0,1,2,3,29,19,39,-2.3749999999989058e-05,2.66,1.0639999999998508,0.0997
c6288,_2665_,OR2,0,0,2,1,30,17,32,-8.156249999990983e-05,1.33,0.2660000000000764,0.0993
c6288,_2666_,NAND2,0,0,2,2,29,19,37,-0.00029218749999992966,1.33,0.5319999999999254,0.0993
c6288,_2667_,AOI21,0,0,3,2,31,16,31,-0.00033531249999985135,1.862,0.7980000000000018,0.0996
c6288,_2668_,OAI21,0,0,3,1,30,18,35,-0.0001878125000001063,1.862,0.7980000000000018,0.0994
c6288,_2669_,XOR2,0,2,2,2,31,17,34,-0.00018531249999975685,2.394,0.7980000000000018,0.0998
c6288,_2670_,AOI21,0,1,3,3,32,16,32,-0.0004628124999999095,1.862,0.7980000000000018,0.0992
c6288,_2671_,NOR3,0,0,3,2,33,15,28,-0.00040781249999999325,1.862,0.7980000000000018,0.0995
c6288,_2672_,AOI21,0,0,3,1,32,16,29,0.0,1.862,0.7980000000000018,0.0993
c6288,_2673_,XOR2,1,15,2,2,33,15,28,-0.0001478125000000663,2.394,0.7980000000000018,0.0996
c6288,_2674_,OAI21,1,14,3,2,34,14,26,-0.0026615625000001586,1.862,0.7980000000000018,0.0993
c6288,_2675_,XOR2,0,0,2,2,34,14,26,0.0,2.394,0.7980000000000018,0.0997
c6288,_2676_,AOI21,1,13,3,2,35,13,24,0.0021337500000000453,1.862,0.7980000000000018,0.0996
c6288,_2677_,NOR2,0,0,2,1,34,14,25,-9.375000000755307e-07,1.33,0.5319999999999254,0.0993
c6288,_2678_,XOR2,0,0,2,2,35,13,24,0.00022156250000016087,2.394,0.7980000000000018,0.0996
c6288,_2679_,OAI21,1,12,3,2,36,12,22,-0.0013224999999998932,1.862,0.7980000000000018,0.0994
c6288,_2680_,XOR2,0,0,2,2,36,12,22,0.0,2.394,0.7980000000000018,0.0997
c6288,_2681_,AOI21,1,11,3,2,37,11,20,0.0018846875000000374,1.862,0.7980000000000018,0.0996
c6288,_2682_,NOR2,0,0,2,1,36,12,21,-9.375000000755307e-07,1.33,0.5319999999999254,0.0993
c6288,_2683_,XOR2,0,0,2,2,37,11,20,0.00018531250000020094,2.394,0.7980000000000018,0.0995
c6288,_2684_,OAI21,1,10,3,2,38,10,18,-0.001151250000000159,1.862,0.7980000000000018,0.0994
c6288,_2685_,XOR2,0,0,2,2,38,10,18,0.0,2.394,0.7980000000000018,0.0996
c6288,_2686_,AOI21,1,9,3,2,39,9,16,0.0016121875000001396,1.862,0.7980000000000018,0.0996
c6288,_2687_,NOR2,0,0,2,1,38,10,17,-9.375000000755307e-07,1.33,0.5319999999999254,0.0993
c6288,_2688_,XOR2,0,0,2,2,39,9,16,0.00014937499999989612,2.394,0.7980000000000018,0.0996
c6288,_2689_,OAI21,1,8,3,2,40,8,14,-0.0009778125000001747,1.862,0.7980000000000018,0.0994
c6288,_2690_,XOR2,0,0,2,2,39,8,14,0.0,2.394,0.7980000000000018,0.0997
c6288,_2691_,AOI21,1,7,3,2,41,7,12,0.0012909375000000889,1.862,0.7980000000000018,0.0996
c6288,_2692_,NOR2,0,0,2,1,39,8,13,-6.249999999763389e-07,1.33,0.5319999999999254,0.0993
c6288,_2693_,XOR2,0,0,2,2,40,7,12,0.00011343750000003539,2.394,0.7980000000000018,0.0996
c6288,_2694_,OAI21,1,6,3,2,42,6,10,-0.0008043749999999683,1.862,0.7980000000000018,0.0994
c6288,_2695_,XOR2,0,0,2,2,41,6,10,0.0,2.394,0.7980000000000018,0.0997
c6288,_2696_,AOI21,1,5,3,2,43,5,8,0.0009721875000001656,1.862,0.7980000000000018,0.0995
c6288,_2697_,OR3,0,0,3,1,40,6,9,0.0,1.596,0.2660000000000764,0.0993
c6288,_2698_,NAND2,0,0,2,2,41,5,8,0.0,1.33,0.5319999999999254,0.0993
c6288,_2699_,OAI21,1,4,3,2,44,4,6,-0.0006212500000000176,1.862,0.7980000000000018,0.0993
c6288,_2700_,NAND2,0,0,2,2,3,7,14,-9.374999998534861e-07,1.33,0.5319999999999254,0.0992
c6288,_2701_,NOR2,0,0,2,1,36,9,17,0.0,1.33,0.5319999999999254,0.0993
c6288,_2702_,AOI21,0,0,3,2,37,8,16,0.0,1.862,0.7980000000000018,0.0993
c6288,_2703_,NAND2,0,0,2,2,3,9,26,0.0,1.33,0.5319999999999254,0.0992
c6288,_2704_,NAND2,0,0,2,2,33,11,29,0.0,1.33,0.5319999999999254,0.0992
c6288,_2705_,NAND2,0,0,2,2,34,11,29,0.0,1.33,0.5319999999999254,0.0992
c6288,_2706_,AOI22,0,0,4,3,35,10,27,0.0,2.394,1.0639999999998508,0.0992
c6288,_2707_,AND4,0,0,4,1,35,10,27,0.0,1.862,0.2660000000000764,0.0992
c6288,_2708_,NOR2,0,0,2,2,36,9,26,0.0,1.33,0.5319999999999254,0.0992
c6288,_2709_,XNOR2,0,0,2,2,37,8,16,0.0,2.66,1.0639999999998508,0.0992
c6288,_2710_,XOR2,0,0,2,2,38,7,14,0.0,2.394,0.7980000000000018,0.0993
c6288,_2711_,XNOR2,0,0,2,2,39,6,9,0.0,2.66,1.0639999999998508,0.0993
c6288,_2712_,NAND2,0,0,2,2,39,6,9,0.0,1.33,0.5319999999999254,0.0993
c6288,_2713_,OR2,0,0,2,2,38,6,9,0.0,1.33,0.2660000000000764,0.0993
c6288,_2714_,AOI21,0,0,3,2,40,5,7,0.0,1.862,0.7980000000000018,0.0993
c6288,_2715_,AND3,0,0,3,1,40,5,7,0.0,1.596,0.2660000000000764,0.0993
c6288,_2716_,NOR2,0,0,2,2,41,4,6,0.0,1.33,0.5319999999999254,0.0993
c6288,_2717_,XNOR2,0,1,2,0,45,1,0,-0.0005903124999999676,2.66,1.0639999999998508,0.0995
c6288,_2718_,AOI21,1,3,3,2,45,3,4,0.00045312499999994316,1.862,0.7980000000000018,0.0994
c6288,_2719_,NAND2,0,0,2,2,3,6,12,-6.249999997542943e-07,1.33,0.5319999999999254,0.0992
c6288,_2720_,NAND2,0,0,2,2,3,8,15,0.0,1.33,0.5319999999999254,0.0992
c6288,_2721_,AND2,0,0,2,2,37,8,15,0.0,1.33,0.2660000000000764,0.0992
c6288,_2722_,OAI21,0,0,3,2,38,7,13,0.0,1.862,0.7980000000000018,0.0992
c6288,_2723_,OR3,0,0,3,1,38,7,13,0.0,1.596,0.2660000000000764,0.0992
c6288,_2724_,AND2,0,0,2,2,39,6,12,0.0,1.33,0.2660000000000764,0.0992
c6288,_2725_,XOR2,0,0,2,2,40,5,7,0.0,2.394,0.7980000000000018,0.0992
c6288,_2726_,AND2,0,0,2,2,39,5,7,0.0,1.33,0.2660000000000764,0.0993
c6288,_2727_,NOR2,0,0,2,2,38,5,7,0.0,1.33,0.5319999999999254,0.0993
c6288,_2728_,OAI21,0,0,3,2,41,4,5,0.0,1.862,0.7980000000000018,0.0993
c6288,_2729_,OR3,0,0,3,1,41,4,5,0.0,1.596,0.2660000000000764,0.0993
c6288,_2730_,NAND2,0,0,2,2,42,3,4,0.0,1.33,0.5319999999999254,0.0993
c6288,_2731_,XNOR2,0,1,2,0,46,1,0,-0.0010196874999999217,2.66,1.0639999999998508,0.0994
c6288,_2732_,NAND2,0,0,2,1,40,4,5,0.0,1.33,0.5319999999999254,0.0992
c6288,_2733_,NAND2,0,0,2,2,41,3,4,0.0,1.33,0.5319999999999254,0.0992
c6288,_2734_,NAND2,0,0,2,2,3,3,4,-6.249999997542943e-07,1.33,0.5319999999999254,0.0992
c6288,_2735_,AND2,0,0,2,1,42,2,1,0.0,1.33,0.2660000000000764,0.0992
c6288,_2736_,OAI21,1,2,3,2,46,2,2,-0.0006896874999999802,1.862,0.7980000000000018,0.0993
c6288,_2737_,XOR2,0,0,2,2,42,2,2,0.0,2.394,0.7980000000000018,0.0992
c6288,_2738_,AOI21,0,1,3,0,47,1,0,-0.00017124999999995616,1.862,0.7980000000000018,0.0993
c6288,_2739_,XNOR2,1,1,2,0,47,1,0,-0.00024312499999989967,2.66,1.0639999999998508,0.0993
c6288,_2740_,XNOR2,0,1,2,0,43,1,0,-0.0009428124999999454,2.66,1.0639999999998508,0.0995
c6288,_2741_,XNOR2,0,1,2,0,41,1,0,-0.0012868749999999096,2.66,1.0639999999998508,0.0995
c6288,_2742_,XNOR2,0,1,2,0,40,1,0,-0.0032646875000001963,2.66,1.0639999999998508,0.0994
c6288,_2743_,XNOR2,0,1,2,0,42,1,0,-0.0025109374999998657,2.66,1.0639999999998508,0.0994
c6288,_2744_,NAND2,0,0,2,1,3,2,1,-0.00013812500000009997,1.33,0.5319999999999254,0.0992
c6288,_2745_,NAND2,0,1,2,1,3,2,1,-0.0021362499999999507,1.33,0.5319999999999254,0.0992
c6288,_2746_,XOR2,0,1,2,0,4,1,0,-0.0002206249999998633,2.394,0.7980000000000018,0.0992
c6288,_2747_,NAND2,0,1,2,1,5,2,1,-4.9062500000029985e-05,1.33,0.5319999999999254,0.0992
c6288,_2748_,XOR2,0,1,2,0,6,1,0,-0.0001449999999998397,2.394,0.7980000000000018,0.0992
c6288,_2749_,XNOR2,0,1,2,0,8,1,0,-0.00031874999999992326,2.66,1.0639999999998508,0.0992
c6288,_2750_,XOR2,0,1,2,0,10,1,0,-0.00017624999999998892,2.394,0.7980000000000018,0.0993
c6288,_2751_,XNOR2,0,1,2,0,12,1,0,-0.00032093749999995147,2.66,1.0639999999998508,0.0993
c6288,_2752_,XNOR2,0,1,2,0,14,1,0,-0.00014156250000008086,2.66,1.0639999999998508,0.0993
c6288,_2753_,XNOR2,0,1,2,0,16,1,0,-0.00014156250000008086,2.66,1.0639999999998508,0.0993
c6288,_2754_,XNOR2,0,1,2,0,18,1,0,-0.00014156249999985882,2.66,1.0639999999998508,0.0993
c6288,_2755_,XNOR2,0,1,2,0,20,1,0,-0.00037187499999991047,2.66,1.0639999999998508,0.0994
c6288,_2756_,XNOR2,0,1,2,0,22,1,0,-0.0011259374999998961,2.66,1.0639999999998508,0.0994
c6288,_2757_,XNOR2,0,1,2,0,24,1,0,-0.0007996874999998127,2.66,1.0639999999998508,0.0993
c6288,_2758_,XNOR2,0,1,2,0,26,1,0,-0.000623749999999923,2.66,1.0639999999998508,0.0993
c6288,_2759_,XNOR2,0,1,2,0,28,1,0,-0.00031437499999986684,2.66,1.0639999999998508,0.0993
c6288,_2760_,XNOR2,0,1,2,0,30,1,0,-0.00012906250000011,2.66,1.0639999999998508,0.0993
c6288,_2761_,AND3,0,1,3,1,32,2,1,-0.000283749999999916,1.596,0.2660000000000764,0.0992
c6288,_2762_,OR2,0,1,2,0,33,1,0,-0.00010156249999981881,1.33,0.2660000000000764,0.0994
c6288,_2763_,XNOR2,0,1,2,0,44,1,0,-0.001729375000000033,2.66,1.0639999999998508,0.0994
c6288,_2764_,NOR2,0,1,2,1,33,2,1,-0.00039687500000007425,1.33,0.5319999999999254,0.0994
c6288,_2765_,XNOR2,0,1,2,0,34,1,0,-0.0003324999999998468,2.66,1.0639999999998508,0.0994
c6288,_2766_,XNOR2,0,1,2,0,34,1,0,-0.007090625000000017,2.66,1.0639999999998508,0.0993
c6288,_2767_,XNOR2,0,1,2,0,35,1,0,-0.002495312500000013,2.66,1.0639999999998508,0.0995
c6288,_2768_,XNOR2,0,1,2,0,36,1,0,-0.0047671875000001585,2.66,1.0639999999998508,0.0994
c6288,_2769_,XNOR2,0,1,2,0,37,1,0,-0.002071562499999846,2.66,1.0639999999998508,0.0995
c6288,_2770_,XNOR2,0,1,2,0,38,1,0,-0.004017812499999884,2.66,1.0639999999998508,0.0994
c6288,_2771_,XNOR2,0,1,2,0,39,1,0,-0.0016574999999998674,2.66,1.0639999999998508,0.0995
